[
  {
    "exam_name_actual": "CBSE Board - Class 12 - Science",
    "main_exam_id_name_ref": "CBSE Board - Class 12 - Science",
    "years": [
      {
        "year": "2023",
        "papers_or_subjects": [
          {
            "paper_name": "CBSE Class 12 Science (Mathematics) Paper 2023 (QP Code: 65/3/1)",
            "subject_name": "Mathematics",
            "chapters": [
              {
                "chapter_name": "Matrices",
                "questions": [
                  {
                    "question_no": 1,
                    "question_html": "<p>If A = \\(\\begin{bmatrix} 1 & 4 & x \\\\ z & 2 & y \\\\ -3 & -1 & 3 \\end{bmatrix}\\) is a symmetric matrix, then the value of x + y + z is :</p>",
                    "options": [
                      {
                        "id": "a",
                        "text": "10"
                      },
                      {
                        "id": "b",
                        "text": "6"
                      },
                      {
                        "id": "c",
                        "text": "8"
                      },
                      {
                        "id": "d",
                        "text": "0"
                      }
                    ],
                    "correct_answer": {
                      "ids": [
                        "d"
                      ]
                    },
                    "question_type": "mcq_single",
                    "difficulty_level": "easy",
                    "explanation_html": "<p>A matrix A is symmetric if A = A', which means the element at the i-th row and j-th column is equal to the element at the j-th row and i-th column (a_ij = a_ji).</p><p>Given matrix A = \\(\\begin{bmatrix} 1 & 4 & x \\\\ z & 2 & y \\\\ -3 & -1 & 3 \\end{bmatrix}\\).</p><p>For A to be symmetric:</p><ul><li>a₁₂ = a₂₁  =>  z = 4</li><li>a₁₃ = a₃₁  =>  x = -3</li><li>a₂₃ = a₃₂  =>  y = -1</li></ul><p>The value of x + y + z = (-3) + (-1) + 4 = 0.</p>"
                  }
                ]
              },
              {
                "chapter_name": "Determinants",
                "questions": [
                  {
                    "question_no": 2,
                    "question_html": "<p>If A . (adj A) = \\(\\begin{bmatrix} 3 & 0 & 0 \\\\ 0 & 3 & 0 \\\\ 0 & 0 & 3 \\end{bmatrix}\\), then the value of |A| + |adj A| is equal to :</p>",
                    "options": [
                      {
                        "id": "a",
                        "text": "12"
                      },
                      {
                        "id": "b",
                        "text": "9"
                      },
                      {
                        "id": "c",
                        "text": "3"
                      },
                      {
                        "id": "d",
                        "text": "27"
                      }
                    ],
                    "correct_answer": {
                      "ids": [
                        "a"
                      ]
                    },
                    "question_type": "mcq_single",
                    "difficulty_level": "medium",
                    "explanation_html": "<p>We use the property A . (adj A) = |A| * I, where I is the identity matrix of the same order as A.</p><p>Given, A . (adj A) = \\(\\begin{bmatrix} 3 & 0 & 0 \\\\ 0 & 3 & 0 \\\\ 0 & 0 & 3 \\end{bmatrix}\\) = 3 * \\(\\begin{bmatrix} 1 & 0 & 0 \\\\ 0 & 1 & 0 \\\\ 0 & 0 & 1 \\end{bmatrix}\\) = 3 * I.</p><p>Comparing this with the property, we find that the determinant of A, |A| = 3.</p><p>Another property of determinants is |adj A| = |A|^(n-1), where n is the order of the matrix. Here, the matrix is of order 3x3, so n=3.</p><p>|adj A| = 3^(3-1) = 3² = 9.</p><p>The value of |A| + |adj A| = 3 + 9 = 12.</p>"
                  }
                ]
              },
              {
                "chapter_name": "Matrices",
                "questions": [
                  {
                    "question_no": 3,
                    "question_html": "<p>A and B are skew-symmetric matrices of same order. AB is symmetric, if :</p>",
                    "options": [
                      {
                        "id": "a",
                        "text": "AB = O"
                      },
                      {
                        "id": "b",
                        "text": "AB = -BA"
                      },
                      {
                        "id": "c",
                        "text": "AB = BA"
                      },
                      {
                        "id": "d",
                        "text": "BA = O"
                      }
                    ],
                    "correct_answer": {
                      "ids": [
                        "c"
                      ]
                    },
                    "question_type": "mcq_single",
                    "difficulty_level": "medium",
                    "explanation_html": "<p>Given that A and B are skew-symmetric matrices, we have A' = -A and B' = -B.</p><p>For the product AB to be symmetric, its transpose must be equal to itself, i.e., (AB)' = AB.</p><p>Using the property of transpose of a product, (AB)' = B'A'.</p><p>Substituting the given skew-symmetric properties: (AB)' = (-B)(-A) = BA.</p><p>So, for AB to be symmetric, we must have AB = BA. This means the matrices A and B must commute.</p>"
                  }
                ]
              },
              {
                "chapter_name": "Matrices",
                "questions": [
                  {
                    "question_no": 4,
                    "question_html": "<p>For what value of x ∈ [0, π/2], is A + A' = √3 I, where A = \\(\\begin{bmatrix} cos x & sin x \\\\ -sin x & cos x \\end{bmatrix}\\)?</p>",
                    "options": [
                      {
                        "id": "a",
                        "text": "π/3"
                      },
                      {
                        "id": "b",
                        "text": "π/6"
                      },
                      {
                        "id": "c",
                        "text": "0"
                      },
                      {
                        "id": "d",
                        "text": "π/2"
                      }
                    ],
                    "correct_answer": {
                      "ids": [
                        "b"
                      ]
                    },
                    "question_type": "mcq_single",
                    "difficulty_level": "medium",
                    "explanation_html": "<p>First, we find the transpose of matrix A.</p><p>A = \\(\\begin{bmatrix} cos x & sin x \\\\ -sin x & cos x \\end{bmatrix}\\)</p><p>A' = \\(\\begin{bmatrix} cos x & -sin x \\\\ sin x & cos x \\end{bmatrix}\\)</p><p>Next, we compute A + A':</p><p>A + A' = \\(\\begin{bmatrix} cos x + cos x & sin x - sin x \\\\ -sin x + sin x & cos x + cos x \\end{bmatrix}\\) = \\(\\begin{bmatrix} 2cos x & 0 \\\\ 0 & 2cos x \\end{bmatrix}\\)</p><p>We are given that A + A' = √3 * I, where I is the 2x2 identity matrix.</p><p>√3 * I = \\(\\begin{bmatrix} √3 & 0 \\\\ 0 & √3 \\end{bmatrix}\\)</p><p>Equating the two matrices:</p><p>\\(\\begin{bmatrix} 2cos x & 0 \\\\ 0 & 2cos x \\end{bmatrix}\\) = \\(\\begin{bmatrix} √3 & 0 \\\\ 0 & √3 \\end{bmatrix}\\)</p><p>Comparing the corresponding elements, we get 2cos x = √3.</p><p>cos x = √3 / 2.</p><p>For the given interval x in [0, π/2], the value of x that satisfies this equation is x = π/6.</p>"
                  }
                ]
              },
              {
                "chapter_name": "Determinants",
                "questions": [
                  {
                    "question_no": 5,
                    "question_html": "<p>Let A be the area of a triangle having vertices (x₁, y₁), (x₂, y₂) and (x₃, y₃). Which of the following is correct ?</p>",
                    "options": [
                      {
                        "id": "a",
                        "text": "\\(\\begin{vmatrix} x₁ & y₁ & 1 \\\\ x₂ & y₂ & 1 \\\\ x₃ & y₃ & 1 \\end{vmatrix}\\) = ±A"
                      },
                      {
                        "id": "b",
                        "text": "\\(\\begin{vmatrix} x₁ & y₁ & 1 \\\\ x₂ & y₂ & 1 \\\\ x₃ & y₃ & 1 \\end{vmatrix}\\) = ±2A"
                      },
                      {
                        "id": "c",
                        "text": "\\(\\begin{vmatrix} x₁ & y₁ & 1 \\\\ x₂ & y₂ & 1 \\\\ x₃ & y₃ & 1 \\end{vmatrix}\\) = ±A/2"
                      },
                      {
                        "id": "d",
                        "text": "(\\(\\begin{vmatrix} x₁ & y₁ & 1 \\\\ x₂ & y₂ & 1 \\\\ x₃ & y₃ & 1 \\end{vmatrix}\\))² = A²"
                      }
                    ],
                    "correct_answer": {
                      "ids": [
                        "b"
                      ]
                    },
                    "question_type": "mcq_single",
                    "difficulty_level": "easy",
                    "explanation_html": "<p>The formula for the area (A) of a triangle with vertices (x₁, y₁), (x₂, y₂), and (x₃, y₃) using determinants is:</p><p>A = (1/2) |\\(\\begin{vmatrix} x₁ & y₁ & 1 \\\\ x₂ & y₂ & 1 \\\\ x₃ & y₃ & 1 \\end{vmatrix}\\)|</p><p>The absolute value is taken because the area must be a positive quantity.</p><p>Let D be the determinant: D = \\(\\begin{vmatrix} x₁ & y₁ & 1 \\\\ x₂ & y₂ & 1 \\\\ x₃ & y₃ & 1 \\end{vmatrix}\\).</p><p>Then, A = (1/2) |D|.</p><p>This implies |D| = 2A.</p><p>Therefore, the value of the determinant D can be either positive or negative, so D = ±2A.</p>"
                  }
                ]
              },
              {
                "chapter_name": "Integrals",
                "questions": [
                  {
                    "question_no": 6,
                    "question_html": "<p>∫2^(x+2)dx is equal to :</p>",
                    "options": [
                      {
                        "id": "a",
                        "text": "2^(x+2) + C"
                      },
                      {
                        "id": "b",
                        "text": "2^(x+2) log 2 + C"
                      },
                      {
                        "id": "c",
                        "text": "2^(x+2)/log 2 + C"
                      },
                      {
                        "id": "d",
                        "text": "2 * (2^x / log 2) + C"
                      }
                    ],
                    "correct_answer": {
                      "ids": [
                        "c"
                      ]
                    },
                    "question_type": "mcq_single",
                    "difficulty_level": "easy",
                    "explanation_html": "<p>We use the standard integration formula for exponential functions: ∫ a^u du = (a^u / ln a) + C.</p><p>The given integral is ∫ 2^(x+2) dx.</p><p>We can rewrite the integrand as 2^x * 2² = 4 * 2^x.</p><p>So, ∫ 2^(x+2) dx = ∫ 4 * 2^x dx</p><p>= 4 * ∫ 2^x dx</p><p>Applying the formula with a=2 and u=x:</p><p>= 4 * (2^x / log 2) + C</p><p>= (2² * 2^x) / log 2 + C</p><p>= 2^(x+2) / log 2 + C.</p>"
                  }
                ]
              },
              {
                "chapter_name": "Integrals",
                "questions": [
                  {
                    "question_no": 7,
                    "question_html": "<p>∫(2 cos 2x - 1)/(1 + 2 sin x) dx is equal to :</p>",
                    "options": [
                      {
                        "id": "a",
                        "text": "x - 2 cos x + C"
                      },
                      {
                        "id": "b",
                        "text": "x + 2 cos x + C"
                      },
                      {
                        "id": "c",
                        "text": "- x - 2 cos x + C"
                      },
                      {
                        "id": "d",
                        "text": "- x + 2 cos x + C"
                      }
                    ],
                    "correct_answer": {
                      "ids": [
                        "b"
                      ]
                    },
                    "question_type": "mcq_single",
                    "difficulty_level": "medium",
                    "explanation_html": "<p>We simplify the integrand first.</p><p>Use the double angle identity for cosine: cos(2x) = 1 - 2sin²(x).</p><p>The numerator becomes:</p><p>2cos(2x) - 1 = 2(1 - 2sin²(x)) - 1 = 2 - 4sin²(x) - 1 = 1 - 4sin²(x).</p><p>This is a difference of squares: (1)² - (2sin(x))².</p><p>So, 1 - 4sin²(x) = (1 - 2sin(x))(1 + 2sin(x)).</p><p>The integral can now be written as:</p><p>∫ [(1 - 2sin(x))(1 + 2sin(x))] / (1 + 2sin(x)) dx</p><p>Assuming 1 + 2sin(x) ≠ 0, we can cancel the term:</p><p>∫ (1 - 2sin(x)) dx</p><p>Integrating term by term:</p><p>∫ 1 dx - 2 ∫ sin(x) dx = x - 2(-cos(x)) + C = x + 2cos(x) + C.</p>"
                  }
                ]
              },
              {
                "chapter_name": "Differential Equations",
                "questions": [
                  {
                    "question_no": 8,
                    "question_html": "<p>The solution of the differential equation dx/x + dy/y = 0 is :</p>",
                    "options": [
                      {
                        "id": "a",
                        "text": "1/x + 1/y = C"
                      },
                      {
                        "id": "b",
                        "text": "log x - log y = C"
                      },
                      {
                        "id": "c",
                        "text": "xy = C"
                      },
                      {
                        "id": "d",
                        "text": "x + y = C"
                      }
                    ],
                    "correct_answer": {
                      "ids": [
                        "c"
                      ]
                    },
                    "question_type": "mcq_single",
                    "difficulty_level": "easy",
                    "explanation_html": "<p>The given differential equation is a variables separable equation.</p><p>dx/x + dy/y = 0</p><p>To solve it, we can integrate each term with respect to its variable:</p><p>∫ (1/x) dx + ∫ (1/y) dy = C₁ (where C₁ is the constant of integration)</p><p>log|x| + log|y| = C₁</p><p>Using the property of logarithms (log a + log b = log ab):</p><p>log|xy| = C₁</p><p>To express the solution without the logarithm, we can exponentiate both sides:</p><p>|xy| = e^(C₁)</p><p>Since e^(C₁) is just another constant, let's call it C.</p><p>|xy| = C, which implies xy = C (as C can be positive or negative).</p>"
                  }
                ]
              },
              {
                "chapter_name": "Differential Equations",
                "questions": [
                  {
                    "question_no": 9,
                    "question_html": "<p>What is the product of the order and degree of the differential equation (d²y/dx²) sin y + (dy/dx)³ cos y = √y ?</p>",
                    "options": [
                      {
                        "id": "a",
                        "text": "3"
                      },
                      {
                        "id": "b",
                        "text": "2"
                      },
                      {
                        "id": "c",
                        "text": "6"
                      },
                      {
                        "id": "d",
                        "text": "not defined"
                      }
                    ],
                    "correct_answer": {
                      "ids": [
                        "b"
                      ]
                    },
                    "question_type": "mcq_single",
                    "difficulty_level": "medium",
                    "explanation_html": "<p><b>Order:</b> The order of a differential equation is determined by the highest order derivative appearing in it. In the given equation, the highest order derivative is d²y/dx². Therefore, the order is 2.</p><p><b>Degree:</b> The degree of a differential equation is the highest power of the highest order derivative, provided the equation is a polynomial in its derivatives. The given equation is a polynomial in d²y/dx² and dy/dx. The highest order derivative is d²y/dx², and its power is 1. Therefore, the degree is 1.</p><p>The product of the order and degree is 2 * 1 = 2.</p>"
                  }
                ]
              },
              {
                "chapter_name": "Vector Algebra",
                "questions": [
                  {
                    "question_no": 10,
                    "question_html": "<p>If a vector makes an angle of π/4 with the positive directions of both x-axis and y-axis, then the angle which it makes with positive z-axis is :</p>",
                    "options": [
                      {
                        "id": "a",
                        "text": "π/4"
                      },
                      {
                        "id": "b",
                        "text": "3π/4"
                      },
                      {
                        "id": "c",
                        "text": "π/2"
                      },
                      {
                        "id": "d",
                        "text": "0"
                      }
                    ],
                    "correct_answer": {
                      "ids": [
                        "c"
                      ]
                    },
                    "question_type": "mcq_single",
                    "difficulty_level": "easy",
                    "explanation_html": "<p>Let the direction cosines of the vector be l, m, and n. The angles the vector makes with the positive x, y, and z axes are α, β, and γ respectively.</p><p>We know that l = cos(α), m = cos(β), and n = cos(γ).</p><p>The fundamental relation between direction cosines is l² + m² + n² = 1, which translates to cos²(α) + cos²(β) + cos²(γ) = 1.</p><p>Given α = π/4 and β = π/4.</p><p>Substituting these values into the relation:</p><p>cos²(π/4) + cos²(π/4) + cos²(γ) = 1</p><p>(1/√2)² + (1/√2)² + cos²(γ) = 1</p><p>1/2 + 1/2 + cos²(γ) = 1</p><p>1 + cos²(γ) = 1</p><p>cos²(γ) = 0</p><p>cos(γ) = 0</p><p>Therefore, the angle with the z-axis, γ = π/2.</p>"
                  }
                ]
              },
              {
                "chapter_name": "Vector Algebra",
                "questions": [
                  {
                    "question_no": 11,
                    "question_html": "<p>a and b are two non-zero vectors such that the projection of a on b is 0. The angle between a and b is :</p>",
                    "options": [
                      {
                        "id": "a",
                        "text": "π/2"
                      },
                      {
                        "id": "b",
                        "text": "π"
                      },
                      {
                        "id": "c",
                        "text": "π/4"
                      },
                      {
                        "id": "d",
                        "text": "0"
                      }
                    ],
                    "correct_answer": {
                      "ids": [
                        "a"
                      ]
                    },
                    "question_type": "mcq_single",
                    "difficulty_level": "easy",
                    "explanation_html": "<p>The projection of a vector <strong>a</strong> onto a non-zero vector <strong>b</strong> is given by the formula: Proj_b(a) = (<strong>a</strong> · <strong>b</strong>) / |<strong>b</strong>|.</p><p>We are given that the projection is 0.</p><p>(<strong>a</strong> · <strong>b</strong>) / |<strong>b</strong>| = 0</p><p>Since <strong>b</strong> is a non-zero vector, its magnitude |<strong>b</strong>| is not zero. This means the dot product <strong>a</strong> · <strong>b</strong> must be zero.</p><p>The dot product is also defined as <strong>a</strong> · <strong>b</strong> = |<strong>a</strong>| |<strong>b</strong>| cos(θ), where θ is the angle between the vectors.</p><p>Since <strong>a</strong> and <strong>b</strong> are non-zero vectors, their magnitudes |<strong>a</strong>| and |<strong>b</strong>| are non-zero.</p><p>For the product |<strong>a</strong>| |<strong>b</strong>| cos(θ) to be zero, we must have cos(θ) = 0.</p><p>The angle θ for which cos(θ) = 0 (in the range [0, π]) is θ = π/2. This means the vectors are perpendicular.</p>"
                  }
                ]
              },
              {
                "chapter_name": "Vector Algebra",
                "questions": [
                  {
                    "question_no": 12,
                    "question_html": "<p>In Δ ABC, AB = î + ĵ + 2k̂ and AC = 3î - ĵ + 4k̂. If D is mid-point of BC, then vector AD is equal to :</p>",
                    "options": [
                      {
                        "id": "a",
                        "text": "4î + 6k̂"
                      },
                      {
                        "id": "b",
                        "text": "2î - 2ĵ + 2k̂"
                      },
                      {
                        "id": "c",
                        "text": "î - ĵ + k̂"
                      },
                      {
                        "id": "d",
                        "text": "2î + 3k̂"
                      }
                    ],
                    "correct_answer": {
                      "ids": [
                        "d"
                      ]
                    },
                    "question_type": "mcq_single",
                    "difficulty_level": "medium",
                    "explanation_html": "<p>We can find the vector AD using the property that the vector to the midpoint of a side of a triangle is the average of the vectors to the other two vertices, originating from the same point.</p><p>If D is the midpoint of BC, then the vector AD is given by:</p><p>AD = (AB + AC) / 2</p><p>Given:</p><p>AB = î + ĵ + 2k̂</p><p>AC = 3î - ĵ + 4k̂</p><p>AD = ( (î + ĵ + 2k̂) + (3î - ĵ + 4k̂) ) / 2</p><p>AD = ( (1+3)î + (1-1)ĵ + (2+4)k̂ ) / 2</p><p>AD = ( 4î + 0ĵ + 6k̂ ) / 2</p><p>AD = 2î + 3k̂</p>"
                  }
                ]
              },
              {
                "chapter_name": "Three Dimensional Geometry",
                "questions": [
                  {
                    "question_no": 13,
                    "question_html": "<p>The value of λ for which the angle between the lines r = (î + ĵ + k̂) + p(2î + ĵ + 2k̂) and r = (1 + q)î + (1 + qλ)ĵ + (1 + q)k̂ is π/2, is :</p>",
                    "options": [
                      {
                        "id": "a",
                        "text": "-4"
                      },
                      {
                        "id": "b",
                        "text": "4"
                      },
                      {
                        "id": "c",
                        "text": "2"
                      },
                      {
                        "id": "d",
                        "text": "-2"
                      }
                    ],
                    "correct_answer": {
                      "ids": [
                        "a"
                      ]
                    },
                    "question_type": "mcq_single",
                    "difficulty_level": "medium",
                    "explanation_html": "<p>The angle between two lines is the angle between their direction vectors.</p><p>The first line is r = (î + ĵ + k̂) + p(2î + ĵ + 2k̂). Its direction vector is <strong>b₁</strong> = 2î + ĵ + 2k̂.</p><p>The second line is r = (1 + q)î + (1 + qλ)ĵ + (1 + q)k̂. We can rewrite this as r = (î + ĵ + k̂) + q(î + λĵ + k̂). Its direction vector is <strong>b₂</strong> = î + λĵ + k̂.</p><p>The angle between the lines is given as π/2, which means they are perpendicular. For two lines to be perpendicular, the dot product of their direction vectors must be zero.</p><p><strong>b₁</strong> · <strong>b₂</strong> = 0</p><p>(2î + ĵ + 2k̂) · (î + λĵ + k̂) = 0</p><p>(2)(1) + (1)(λ) + (2)(1) = 0</p><p>2 + λ + 2 = 0</p><p>λ + 4 = 0</p><p>λ = -4.</p>"
                  }
                ]
              },
              {
                "chapter_name": "Probability",
                "questions": [
                  {
                    "question_no": 14,
                    "question_html": "<p>If P(A ∩ B) = 1/8 and P(Ā) = 3/4, then P(B|A) is equal to :</p>",
                    "options": [
                      {
                        "id": "a",
                        "text": "1/2"
                      },
                      {
                        "id": "b",
                        "text": "1/3"
                      },
                      {
                        "id": "c",
                        "text": "1/6"
                      },
                      {
                        "id": "d",
                        "text": "2/3"
                      }
                    ],
                    "correct_answer": {
                      "ids": [
                        "a"
                      ]
                    },
                    "question_type": "mcq_single",
                    "difficulty_level": "medium",
                    "explanation_html": "<p>The formula for the conditional probability of event B given event A is:</p><p>P(B|A) = P(A ∩ B) / P(A)</p><p>We are given P(A ∩ B) = 1/8.</p><p>We need to find P(A). We are given the probability of the complement of A, P(Ā) = 3/4.</p><p>The relationship between the probability of an event and its complement is P(A) + P(Ā) = 1.</p><p>Therefore, P(A) = 1 - P(Ā) = 1 - 3/4 = 1/4.</p><p>Now we can calculate P(B|A):</p><p>P(B|A) = (1/8) / (1/4) = (1/8) * 4 = 4/8 = 1/2.</p>"
                  }
                ]
              },
              {
                "chapter_name": "Continuity and Differentiability",
                "questions": [
                  {
                    "question_no": 15,
                    "question_html": "<p>The value of k for which function f(x) = {x², x ≥ 0; kx, x < 0} is differentiable at x = 0 is :</p>",
                    "options": [
                      {
                        "id": "a",
                        "text": "1"
                      },
                      {
                        "id": "b",
                        "text": "2"
                      },
                      {
                        "id": "c",
                        "text": "any real number"
                      },
                      {
                        "id": "d",
                        "text": "0"
                      }
                    ],
                    "correct_answer": {
                      "ids": [
                        "d"
                      ]
                    },
                    "question_type": "mcq_single",
                    "difficulty_level": "medium",
                    "explanation_html": "<p>For a function to be differentiable at a point, it must be continuous at that point, and its left-hand derivative (LHD) must equal its right-hand derivative (RHD) at that point.</p><p><b>1. Continuity at x = 0:</b></p><p>Left-Hand Limit (LHL): lim (x→0⁻) f(x) = lim (x→0⁻) kx = 0.</p><p>Right-Hand Limit (RHL): lim (x→0⁺) f(x) = lim (x→0⁺) x² = 0.</p><p>Value of the function: f(0) = 0² = 0.</p><p>Since LHL = RHL = f(0), the function is continuous at x=0 for any value of k.</p><p><b>2. Differentiability at x = 0:</b></p><p>Left-Hand Derivative (LHD): f'⁻(0) = lim (h→0⁺) [f(0-h) - f(0)] / -h = lim (h→0⁺) [k(-h) - 0] / -h = lim (h→0⁺) k = k.</p><p>Right-Hand Derivative (RHD): f'⁺(0) = lim (h→0⁺) [f(0+h) - f(0)] / h = lim (h→0⁺) [h² - 0] / h = lim (h→0⁺) h = 0.</p><p>For the function to be differentiable, LHD = RHD.</p><p>Therefore, k = 0.</p>"
                  }
                ]
              },
              {
                "chapter_name": "Continuity and Differentiability",
                "questions": [
                  {
                    "question_no": 16,
                    "question_html": "<p>If y = (cos x - sin x) / (cos x + sin x), then dy/dx is :</p>",
                    "options": [
                      {
                        "id": "a",
                        "text": "-sec²(π/4 - x)"
                      },
                      {
                        "id": "b",
                        "text": "sec²(π/4 - x)"
                      },
                      {
                        "id": "c",
                        "text": "log|sec(π/4 - x)|"
                      },
                      {
                        "id": "d",
                        "text": "-log|sec(π/4 - x)|"
                      }
                    ],
                    "correct_answer": {
                      "ids": [
                        "a"
                      ]
                    },
                    "question_type": "mcq_single",
                    "difficulty_level": "medium",
                    "explanation_html": "<p>We can simplify the expression for y before differentiating. Divide both the numerator and the denominator by cos(x):</p><p>y = [(cos x / cos x) - (sin x / cos x)] / [(cos x / cos x) + (sin x / cos x)]</p><p>y = (1 - tan x) / (1 + tan x)</p><p>Now, use the tangent subtraction formula: tan(A - B) = (tan A - tan B) / (1 + tan A tan B).</p><p>We can write y = (tan(π/4) - tan x) / (1 + tan(π/4)tan x), since tan(π/4) = 1.</p><p>This simplifies to y = tan(π/4 - x).</p><p>Now, we differentiate y with respect to x using the chain rule:</p><p>dy/dx = d/dx [tan(π/4 - x)]</p><p>dy/dx = sec²(π/4 - x) * d/dx(π/4 - x)</p><p>dy/dx = sec²(π/4 - x) * (-1)</p><p>dy/dx = -sec²(π/4 - x).</p>"
                  }
                ]
              },
              {
                "chapter_name": "Linear Programming",
                "questions": [
                  {
                    "question_no": 17,
                    "question_html": "<p>The number of feasible solutions of the linear programming problem given as</p><p>Maximize z = 15x + 30y subject to constraints :</p><p>3x + y ≤ 12, x + 2y ≤ 10, x ≥ 0, y ≥ 0 is</p>",
                    "options": [
                      {
                        "id": "a",
                        "text": "1"
                      },
                      {
                        "id": "b",
                        "text": "2"
                      },
                      {
                        "id": "c",
                        "text": "3"
                      },
                      {
                        "id": "d",
                        "text": "infinite"
                      }
                    ],
                    "correct_answer": {
                      "ids": [
                        "d"
                      ]
                    },
                    "question_type": "mcq_single",
                    "difficulty_level": "easy",
                    "explanation_html": "<p>A feasible solution is any point (x, y) that satisfies all the given constraints. The set of all feasible solutions forms the feasible region. In this linear programming problem, the constraints are:</p><p>1. 3x + y ≤ 12</p><p>2. x + 2y ≤ 10</p><p>3. x ≥ 0</p><p>4. y ≥ 0</p><p>These inequalities define a closed polygonal region in the first quadrant of the Cartesian plane. Every point inside this region and on its boundary is a feasible solution. Since a region in a plane contains an infinite number of points, there are an infinite number of feasible solutions.</p>"
                  }
                ]
              },
              {
                "chapter_name": "Linear Programming",
                "questions": [
                  {
                    "question_no": 18,
                    "question_html": "<p>The feasible region of a linear programming problem is shown in the figure below. Which of the following are the possible constraints ?</p>",
                    "images": [
                      {
                        "url": "https://img.testbuddyai.com/Maths-65-3-23-Q18.png"
                      }
                    ],
                    "options": [
                      {
                        "id": "a",
                        "text": "x + 2y ≥ 4, x + y ≤ 3, x ≥ 0, y ≥ 0"
                      },
                      {
                        "id": "b",
                        "text": "x + 2y ≤ 4, x + y ≤ 3, x ≥ 0, y ≥ 0"
                      },
                      {
                        "id": "c",
                        "text": "x + 2y ≥ 4, x + y ≥ 3, x ≥ 0, y ≥ 0"
                      },
                      {
                        "id": "d",
                        "text": "x + 2y ≥ 4, x + y ≥ 3, x ≤ 0, y ≤ 0"
                      }
                    ],
                    "correct_answer": {
                      "ids": [
                        "c"
                      ]
                    },
                    "question_type": "mcq_single",
                    "difficulty_level": "medium",
                    "explanation_html": "<p>We analyze the constraints based on the shaded feasible region.</p><p>1. The region lies entirely in the first quadrant, which means the constraints <strong>x ≥ 0</strong> and <strong>y ≥ 0</strong> must be included.</p><p>2. Consider the line L₁: x + y = 3. The shaded region is on the side of the line away from the origin. To check, we can test the origin (0, 0): 0 + 0 = 0, which is less than 3. Since the origin is not in the shaded region, the inequality is <strong>x + y ≥ 3</strong>.</p><p>3. Consider the line L₂: x + 2y = 4. The shaded region is on the side of this line away from the origin as well. Testing the origin (0, 0): 0 + 2(0) = 0, which is less than 4. Since the origin is not in the shaded region, the inequality is <strong>x + 2y ≥ 4</strong>.</p><p>Combining these, the set of possible constraints is x + 2y ≥ 4, x + y ≥ 3, x ≥ 0, y ≥ 0.</p>"
                  }
                ]
              },
              {
                "chapter_name": "Inverse Trigonometric Functions",
                "questions": [
                  {
                    "question_no": 19,
                    "question_html": "<p><b>Assertion (A) :</b> Range of [sin⁻¹ x + 2 cos⁻¹ x] is [0, π].</p><p><b>Reason (R) :</b> Principal value branch of sin⁻¹ x has range [–π/2, π/2].</p>",
                    "options": [
                      {
                        "id": "a",
                        "text": "Both Assertion (A) and Reason (R) are true and Reason (R) is the correct explanation of the Assertion (A)."
                      },
                      {
                        "id": "b",
                        "text": "Both Assertion (A) and Reason (R) are true, but Reason (R) is not the correct explanation of the Assertion (A)."
                      },
                      {
                        "id": "c",
                        "text": "Assertion (A) is true and Reason (R) is false."
                      },
                      {
                        "id": "d",
                        "text": "Assertion (A) is false and Reason (R) is true."
                      }
                    ],
                    "correct_answer": {
                      "ids": [
                        "d"
                      ],
                      "text": "Assertion (A) is false and Reason (R) is true."
                    },
                    "question_type": "mcq_single",
                    "difficulty_level": "medium",
                    "explanation_html": "<p><b>Reason (R)</b> is true by definition. The principal value branch of sin⁻¹ x is indeed [–π/2, π/2].</p><p><b>Assertion (A):</b> Let's analyze the function f(x) = sin⁻¹ x + 2 cos⁻¹ x.</p><p>We can rewrite it using the identity sin⁻¹ x + cos⁻¹ x = π/2.</p><p>f(x) = (sin⁻¹ x + cos⁻¹ x) + cos⁻¹ x = π/2 + cos⁻¹ x.</p><p>The domain of this function is x ∈ [-1, 1].</p><p>The range of cos⁻¹ x is [0, π].</p><p>Therefore, the range of f(x) is [π/2 + 0, π/2 + π], which is [π/2, 3π/2].</p><p>The given range [0, π] is incorrect. So, Assertion (A) is false.</p><p>Since Assertion (A) is false and Reason (R) is true, the correct option is (d).</p>"
                  }
                ]
              },
              {
                "chapter_name": "Three Dimensional Geometry",
                "questions": [
                  {
                    "question_no": 20,
                    "question_html": "<p><b>Assertion (A) :</b> A line through the points (4, 7, 8) and (2, 3, 4) is parallel to a line through the points (– 1, – 2, 1) and (1, 2, 5).</p><p><b>Reason (R) :</b> Lines r = a₁ + λb₁ and r = a₂ + μb₂ are parallel if b₁ . b₂ = 0.</p>",
                    "options": [
                      {
                        "id": "a",
                        "text": "Both Assertion (A) and Reason (R) are true and Reason (R) is the correct explanation of the Assertion (A)."
                      },
                      {
                        "id": "b",
                        "text": "Both Assertion (A) and Reason (R) are true, but Reason (R) is not the correct explanation of the Assertion (A)."
                      },
                      {
                        "id": "c",
                        "text": "Assertion (A) is true and Reason (R) is false."
                      },
                      {
                        "id": "d",
                        "text": "Assertion (A) is false and Reason (R) is true."
                      }
                    ],
                    "correct_answer": {
                      "ids": [
                        "c"
                      ],
                      "text": "Assertion (A) is true and Reason (R) is false."
                    },
                    "question_type": "mcq_single",
                    "difficulty_level": "medium",
                    "explanation_html": "<p><b>Reason (R)</b> is false. Two lines are parallel if their direction vectors are proportional (b₁ = k * b₂ for some scalar k). The condition b₁ · b₂ = 0 is the condition for the lines to be perpendicular, not parallel.</p><p><b>Assertion (A):</b> Let's find the direction vectors (or direction ratios) for both lines.</p><p>For the first line passing through (4, 7, 8) and (2, 3, 4), the direction ratios are (2-4, 3-7, 4-8) = (-2, -4, -4).</p><p>For the second line passing through (-1, -2, 1) and (1, 2, 5), the direction ratios are (1 - (-1), 2 - (-2), 5 - 1) = (2, 4, 4).</p><p>We check if these direction vectors are proportional. We can see that (-2, -4, -4) = -1 * (2, 4, 4). Since one direction vector is a scalar multiple of the other, the lines are parallel. Therefore, Assertion (A) is true.</p><p>Since Assertion (A) is true and Reason (R) is false, the correct option is (c).</p>"
                  }
                ]
              },
              {
                "chapter_name": "Vector Algebra",
                "questions": [
                  {
                    "question_no": 21,
                    "question_html": "<p>If r = 3î - 2ĵ + 6k̂, find the value of (r x ĵ) . (r x k̂) – 12.</p>",
                    "options": [],
                    "correct_answer": {
                      "text": "<p>First, we compute the cross products:</p><p>1. <b>r x ĵ</b> = (3î - 2ĵ + 6k̂) x ĵ</p><p>= 3(î x ĵ) - 2(ĵ x ĵ) + 6(k̂ x ĵ)</p><p>Using the properties î x ĵ = k̂, ĵ x ĵ = 0, k̂ x ĵ = -î:</p><p>= 3(k̂) - 2(0) + 6(-î) = -6î + 3k̂</p><p>2. <b>r x k̂</b> = (3î - 2ĵ + 6k̂) x k̂</p><p>= 3(î x k̂) - 2(ĵ x k̂) + 6(k̂ x k̂)</p><p>Using the properties î x k̂ = -ĵ, ĵ x k̂ = î, k̂ x k̂ = 0:</p><p>= 3(-ĵ) - 2(î) + 6(0) = -2î - 3ĵ</p><p>Next, we compute the dot product:</p><p>(r x ĵ) . (r x k̂) = (-6î + 0ĵ + 3k̂) . (-2î - 3ĵ + 0k̂)</p><p>= (-6)(-2) + (0)(-3) + (3)(0)</p><p>= 12 + 0 + 0 = 12</p><p>Finally, we calculate the required value:</p><p>(r x ĵ) . (r x k̂) – 12 = 12 - 12 = <b>0</b>.</p>"
                    },
                    "question_type": "Very Short Answer (2 marks)",
                    "difficulty_level": "medium",
                    "explanation_html": null
                  }
                ]
              },
              {
                "chapter_name": "Three Dimensional Geometry",
                "questions": [
                  {
                    "question_no": 22,
                    "question_html": "<p>If the angle between the lines (x-5)/α = (y+2)/(-5) = (z+24)/β and x/1 = y/0 = z/1 is π/4, find the relation between α and β.</p>",
                    "options": [],
                    "correct_answer": {
                      "text": "<p>The direction vectors of the two lines are:</p><p><b>b₁</b> = αî - 5ĵ + βk̂</p><p><b>b₂</b> = 1î + 0ĵ + 1k̂</p><p>The angle θ between two lines is given by the formula:</p><p>cos(θ) = |<b>b₁</b> . <b>b₂</b>| / (|<b>b₁</b>| |<b>b₂</b>|)</p><p>We are given θ = π/4, so cos(π/4) = 1/√2.</p><p>Calculate the dot product:</p><p><b>b₁</b> . <b>b₂</b> = (α)(1) + (-5)(0) + (β)(1) = α + β</p><p>Calculate the magnitudes:</p><p>|<b>b₁</b>| = √(α² + (-5)² + β²) = √(α² + β² + 25)</p><p>|<b>b₂</b>| = √(1² + 0² + 1²) = √2</p><p>Substitute these into the formula:</p><p>1/√2 = |α + β| / (√(α² + β² + 25) * √2)</p><p>1 = |α + β| / √(α² + β² + 25)</p><p>√(α² + β² + 25) = |α + β|</p><p>Squaring both sides:</p><p>α² + β² + 25 = (α + β)²</p><p>α² + β² + 25 = α² + β² + 2αβ</p><p>25 = 2αβ</p><p>The relation between α and β is <b>αβ = 25/2</b>.</p>"
                    },
                    "question_type": "Very Short Answer (2 marks)",
                    "difficulty_level": "medium",
                    "explanation_html": null
                  }
                ]
              },
              {
                "chapter_name": "Application of Derivatives",
                "questions": [
                  {
                    "question_no": 23,
                    "question_html": "<p>If f(x) = a(tan x – cot x), where a > 0, then find whether f(x) is increasing or decreasing function in its domain.</p>",
                    "options": [],
                    "correct_answer": {
                      "text": "<p>To determine if the function is increasing or decreasing, we need to find its first derivative, f'(x).</p><p>f(x) = a(tan x – cot x)</p><p>f'(x) = a * d/dx(tan x – cot x)</p><p>f'(x) = a * (sec²x - (-csc²x))</p><p>f'(x) = a(sec²x + csc²x)</p><p>We are given that a > 0.</p><p>For any value of x in the domain of the function, sec²x is always positive (since it's a square), and csc²x is also always positive (for the same reason).</p><p>Therefore, the term (sec²x + csc²x) is always positive.</p><p>Since f'(x) is the product of a positive constant (a) and a positive term, f'(x) > 0 for all x in its domain.</p><p>A function is increasing where its first derivative is positive. Thus, <b>f(x) is an increasing function</b> in its domain.</p>"
                    },
                    "question_type": "Very Short Answer (2 marks)",
                    "difficulty_level": "easy",
                    "explanation_html": null
                  }
                ]
              },
              {
                "chapter_name": "Inverse Trigonometric Functions",
                "questions": [
                  {
                    "question_no": 24,
                    "question_html": "<p>(a) Evaluate : 3 sin⁻¹(1/√2) + 2 cos⁻¹(√3/2) + cos⁻¹(0)</p><p>OR</p><p>(b) Draw the graph of f(x) = sin⁻¹ x, x ∈ [–1/√2, 1/√2]. Also, write range of f(x).</p>",
                    "options": [],
                    "correct_answer": {
                      "text": "<p><b>(a) Evaluation:</b></p><p>We evaluate each term based on the principal values:</p><ul><li>sin⁻¹(1/√2) = π/4</li><li>cos⁻¹(√3/2) = π/6</li><li>cos⁻¹(0) = π/2</li></ul><p>Now, substitute these values into the expression:</p><p>3(π/4) + 2(π/6) + π/2</p><p>= 3π/4 + π/3 + π/2</p><p>Find a common denominator, which is 12:</p><p>= (9π + 4π + 6π) / 12</p><p>= <b>19π/12</b></p><p><b>OR</b></p><p><b>(b) Graph and Range:</b></p><p>The graph of f(x) = sin⁻¹ x for x ∈ [–1/√2, 1/√2] is a segment of the standard sine inverse curve.</p><p>The range of f(x) is determined by the values of the function at the endpoints of the domain.</p><p>Lower bound: f(-1/√2) = sin⁻¹(-1/√2) = -π/4.</p><p>Upper bound: f(1/√2) = sin⁻¹(1/√2) = π/4.</p><p>Since sin⁻¹ x is an increasing function, the range is [f(-1/√2), f(1/√2)].</p><p>Therefore, the range of f(x) is <b>[–π/4, π/4]</b>.</p>"
                    },
                    "question_type": "Very Short Answer (2 marks)",
                    "difficulty_level": "medium",
                    "explanation_html": null
                  }
                ]
              },
              {
                "chapter_name": "Continuity and Differentiability",
                "questions": [
                  {
                    "question_no": 25,
                    "question_html": "<p>(a) If y = x^(1/x), then find dy/dx at x = 1.</p><p>OR</p><p>(b) If x = a sin 2t, y = a(cos 2t + log tan t), then find dy/dx.</p>",
                    "options": [],
                    "correct_answer": {
                      "text": "<p><b>(a) Logarithmic Differentiation:</b></p><p>Given y = x^(1/x). Take the natural logarithm of both sides:</p><p>log y = log(x^(1/x))</p><p>log y = (1/x) log x</p><p>Differentiate both sides with respect to x using the product rule on the right side:</p><p>(1/y) * dy/dx = (1 * (1/x)) + (log x * (-1/x²))</p><p>(1/y) * dy/dx = (1 - log x) / x²</p><p>dy/dx = y * (1 - log x) / x² = x^(1/x) * (1 - log x) / x²</p><p>At x = 1:</p><p>dy/dx = 1^(1/1) * (1 - log 1) / 1² = 1 * (1 - 0) / 1 = <b>1</b>.</p><p><b>OR</b></p><p><b>(b) Parametric Differentiation:</b></p><p>First, find dx/dt and dy/dt.</p><p>x = a sin 2t  =>  dx/dt = 2a cos 2t</p><p>y = a(cos 2t + log tan t)</p><p>dy/dt = a[-2sin 2t + (1/tan t) * sec²t]</p><p>dy/dt = a[-2sin 2t + (cos t/sin t) * (1/cos²t)]</p><p>dy/dt = a[-2sin 2t + 1/(sin t cos t)]</p><p>dy/dt = a[-2sin 2t + 2/(2sin t cos t)] = a[-2sin 2t + 2/sin 2t]</p><p>dy/dt = 2a * [-sin²(2t) + 1] / sin(2t) = 2a * cos²(2t) / sin(2t)</p><p>Now find dy/dx = (dy/dt) / (dx/dt):</p><p>dy/dx = [2a cos²(2t) / sin(2t)] / [2a cos 2t]</p><p>dy/dx = cos(2t) / sin(2t) = <b>cot(2t)</b>.</p>"
                    },
                    "question_type": "Very Short Answer (2 marks)",
                    "difficulty_level": "hard",
                    "explanation_html": null
                  }
                ]
              },
              {
                "chapter_name": "Differential Equations",
                "questions": [
                  {
                    "question_no": 26,
                    "question_html": "<p>(a) Find the general solution of the differential equation : d/dx(xy²) = 2y(1 + x²)</p><p>OR</p><p>(b) Solve the following differential equation : xe^(y/x) - y + x dy/dx = 0</p>",
                    "options": [],
                    "correct_answer": {
                      "text": "<p><b>(a) General Solution:</b></p><p>The given equation is d/dx(xy²) = 2y(1+x²). Let's expand the left side using the product rule:</p><p>x * (2y dy/dx) + y² * 1 = 2y + 2yx²</p><p>2xy dy/dx + y² = 2y + 2yx²</p><p>Assuming y ≠ 0, divide by y: 2x dy/dx + y = 2 + 2x²</p><p>Rearrange into the linear form dy/dx + P(x)y = Q(x):</p><p>dy/dx + (1/2x)y = (1+x²)/x</p><p>The integrating factor (IF) is e^(∫P(x)dx) = e^(∫(1/2x)dx) = e^((1/2)ln x) = √x.</p><p>The solution is y * (IF) = ∫ Q(x) * (IF) dx.</p><p>y√x = ∫ ((1+x²)/x) * √x dx = ∫(x⁻¹/² + x³/²) dx</p><p>y√x = 2x¹/² + (2/5)x⁵/² + C</p><p>Dividing by √x: y = 2 + (2/5)x² + C/√x. So, <b>y = 2 + (2/5)x² + Cx⁻¹/²</b>.</p><p><b>OR</b></p><p><b>(b) Homogeneous Differential Equation:</b></p><p>Rearrange the equation: x dy/dx = y - xe^(y/x)  =>  dy/dx = y/x - e^(y/x).</p><p>This is a homogeneous equation. Let y = vx, then dy/dx = v + x(dv/dx).</p><p>v + x(dv/dx) = v - e^v</p><p>x(dv/dx) = -e^v</p><p>Separate the variables: e^(-v) dv = -dx/x.</p><p>Integrate both sides: ∫ e^(-v) dv = -∫ (1/x) dx</p><p>-e^(-v) = -ln|x| + C'</p><p>e^(-v) = ln|x| - C'</p><p>Substitute back v = y/x:</p><p>e^(-y/x) = ln|x| + C (where C = -C').</p>"
                    },
                    "question_type": "Short Answer (3 marks)",
                    "difficulty_level": "hard",
                    "explanation_html": null
                  }
                ]
              },
              {
                "chapter_name": "Integrals",
                "questions": [
                  {
                    "question_no": 27,
                    "question_html": "<p>Evaluate : ∫ from 1 to 3 [√(4-x) / (√x + √(4-x))] dx</p>",
                    "options": [],
                    "correct_answer": {
                      "text": "<p>Let I = ∫ from 1 to 3 [√(4-x) / (√x + √(4-x))] dx  ---(1)</p><p>We use the property of definite integrals: ∫ₐᵇ f(x) dx = ∫ₐᵇ f(a+b-x) dx.</p><p>Here, a = 1, b = 3, so a+b-x = 4-x.</p><p>Applying this property to I:</p><p>I = ∫ from 1 to 3 [√(4-(4-x)) / (√(4-x) + √(4-(4-x)))] dx</p><p>I = ∫ from 1 to 3 [√x / (√(4-x) + √x)] dx  ---(2)</p><p>Now, add equations (1) and (2):</p><p>I + I = ∫ from 1 to 3 [√(4-x) / (√x + √(4-x))] dx + ∫ from 1 to 3 [√x / (√(4-x) + √x)] dx</p><p>2I = ∫ from 1 to 3 [(√(4-x) + √x) / (√x + √(4-x))] dx</p><p>2I = ∫ from 1 to 3 [1] dx</p><p>2I = [x] from 1 to 3</p><p>2I = 3 - 1 = 2</p><p>I = 1.</p>"
                    },
                    "question_type": "Short Answer (3 marks)",
                    "difficulty_level": "medium",
                    "explanation_html": null
                  }
                ]
              },
              {
                "chapter_name": "Integrals",
                "questions": [
                  {
                    "question_no": 28,
                    "question_html": "<p>Evaluate : ∫ from 1 to e [1 / √(4x² - (x log x)²)] dx</p>",
                    "options": [],
                    "correct_answer": {
                      "text": "<p>First, simplify the expression inside the integral:</p><p>I = ∫ from 1 to e [1 / √(x²(4 - (log x)²))] dx</p><p>I = ∫ from 1 to e [1 / (x√(4 - (log x)²))] dx</p><p>Now, we use substitution. Let t = log x. Then dt = (1/x) dx.</p><p>We also need to change the limits of integration:</p><ul><li>When x = 1, t = log(1) = 0.</li><li>When x = e, t = log(e) = 1.</li></ul><p>The integral becomes:</p><p>I = ∫ from 0 to 1 [1 / √(4 - t²)] dt</p><p>This is a standard integral of the form ∫ 1/√(a²-x²) dx = sin⁻¹(x/a). Here, a² = 4, so a = 2.</p><p>I = [sin⁻¹(t/2)] from 0 to 1</p><p>I = sin⁻¹(1/2) - sin⁻¹(0)</p><p>I = π/6 - 0 = <b>π/6</b>.</p>"
                    },
                    "question_type": "Short Answer (3 marks)",
                    "difficulty_level": "hard",
                    "explanation_html": null
                  }
                ]
              },
              {
                "chapter_name": "Integrals",
                "questions": [
                  {
                    "question_no": 29,
                    "question_html": "<p>(a) Find : ∫ cos x / sin 3x dx</p><p>OR</p><p>(b) Find : ∫ x² log(x² + 1) dx</p>",
                    "options": [],
                    "correct_answer": {
                      "text": "<p><b>(a) Integral of cos x / sin 3x:</b></p><p>Use the triple angle formula for sine: sin(3x) = 3sin(x) - 4sin³(x).</p><p>I = ∫ cos x / (3sin x - 4sin³x) dx</p><p>Let t = sin x. Then dt = cos x dx.</p><p>I = ∫ dt / (3t - 4t³) = ∫ dt / [t(3 - 4t²)]</p><p>This can be solved using partial fractions, but a simpler method is to multiply the numerator and denominator by t:</p><p>I = ∫ t dt / [t²(3 - 4t²)]</p><p>Let u = t². Then du = 2t dt.</p><p>I = (1/2) ∫ du / [u(3 - 4u)]. Now use partial fractions for 1/[u(3-4u)] = A/u + B/(3-4u).</p><p>1 = A(3-4u) + Bu. If u=0, A=1/3. If u=3/4, B=4/3.</p><p>I = (1/2) ∫ [ (1/3)/u + (4/3)/(3-4u) ] du = (1/6) ∫ (1/u) du + (2/3) ∫ 1/(3-4u) du</p><p>I = (1/6)ln|u| + (2/3) * (ln|3-4u| / -4) + C = (1/6)ln|t²| - (1/6)ln|3-4t²| + C</p><p>I = (1/3)ln|sin x| - (1/6)ln|3 - 4sin²x| + C.</p><p><b>OR</b></p><p><b>(b) Integral of x² log(x² + 1):</b></p><p>We use integration by parts: ∫ u dv = uv - ∫ v du.</p><p>Let u = log(x² + 1) and dv = x² dx.</p><p>Then du = (2x / (x²+1)) dx and v = x³/3.</p><p>I = [log(x² + 1) * (x³/3)] - ∫ (x³/3) * (2x / (x²+1)) dx</p><p>I = (x³/3)log(x² + 1) - (2/3) ∫ x⁴/(x²+1) dx</p><p>To solve the remaining integral, use polynomial division or algebraic manipulation:</p><p>x⁴ / (x²+1) = (x⁴ - 1 + 1) / (x²+1) = [(x²-1)(x²+1) + 1] / (x²+1) = x² - 1 + 1/(x²+1).</p><p>So, ∫ x⁴/(x²+1) dx = ∫ (x² - 1 + 1/(x²+1)) dx = x³/3 - x + tan⁻¹(x).</p><p>Substituting back:</p><p>I = (x³/3)log(x² + 1) - (2/3)[x³/3 - x + tan⁻¹(x)] + C.</p>"
                    },
                    "question_type": "Short Answer (3 marks)",
                    "difficulty_level": "hard",
                    "explanation_html": null
                  }
                ]
              },
              {
                "chapter_name": "Linear Programming",
                "questions": [
                  {
                    "question_no": 30,
                    "question_html": "<p>Determine graphically the minimum value of the following objective function :</p><p>z = 500x + 400y</p><p>subject to constraints</p><p>x + y ≤ 200,</p><p>x ≥ 20,</p><p>y ≥ 4x,</p><p>y ≥ 0.</p>",
                    "options": [],
                    "correct_answer": {
                      "text": "<p><b>Step 1: Graph the constraints to find the feasible region.</b></p><ul><li>x ≥ 20: A vertical line at x=20, shaded to the right.</li><li>y ≥ 0: The x-axis, shaded above.</li><li>y ≥ 4x: A line through the origin with slope 4, shaded above the line.</li><li>x + y ≤ 200: A line with intercepts at (200, 0) and (0, 200), shaded below the line.</li></ul><p>The feasible region is the polygon formed by the intersection of these shaded areas.</p><p><b>Step 2: Identify the corner points of the feasible region.</b></p><ul><li><b>Point A:</b> Intersection of x = 20 and y = 4x. Substituting x=20 into y=4x gives y=80. So, A = (20, 80).</li><li><b>Point B:</b> Intersection of y = 4x and x + y = 200. Substituting y=4x gives x + 4x = 200 => 5x = 200 => x=40. Then y=4(40)=160. So, B = (40, 160).</li><li><b>Point C:</b> Intersection of x = 20 and x + y = 200. Substituting x=20 gives 20 + y = 200 => y=180. So, C = (20, 180).</li></ul><p><b>Step 3: Evaluate the objective function z = 500x + 400y at each corner point.</b></p><ul><li>At A(20, 80): z = 500(20) + 400(80) = 10000 + 32000 = 42000.</li><li>At B(40, 160): z = 500(40) + 400(160) = 20000 + 64000 = 84000.</li><li>At C(20, 180): z = 500(20) + 400(180) = 10000 + 72000 = 82000.</li></ul><p><b>Step 4: Determine the minimum value.</b></p><p>Comparing the values, the minimum value of z is <b>42000</b>, which occurs at the point (20, 80).</p>"
                    },
                    "question_type": "Long Answer (5 marks)",
                    "difficulty_level": "medium",
                    "explanation_html": null
                  }
                ]
              },
              {
                "chapter_name": "Probability",
                "questions": [
                  {
                    "question_no": 31,
                    "question_html": "<p>(a) A pair of dice is thrown simultaneously. If X denotes the absolute difference of numbers obtained on the pair of dice, then find the probability distribution of X.</p><p>OR</p><p>(b) There are two coins. One of them is a biased coin such that P(head) : P(tail) is 1 : 3 and the other coin is a fair coin. A coin is selected at random and tossed once. If the coin showed head, then find the probability that it is a biased coin.</p>",
                    "options": [],
                    "correct_answer": {
                      "text": "<p><b>(a) Probability Distribution of X:</b></p><p>The total number of outcomes when two dice are thrown is 6 x 6 = 36. X can take values {0, 1, 2, 3, 4, 5}.</p><ul><li><b>X = 0:</b> (Difference is 0) - {(1,1), (2,2), (3,3), (4,4), (5,5), (6,6)}. No. of outcomes = 6. P(X=0) = 6/36.</li><li><b>X = 1:</b> (Difference is 1) - {(1,2), (2,1), (2,3), (3,2), (3,4), (4,3), (4,5), (5,4), (5,6), (6,5)}. No. of outcomes = 10. P(X=1) = 10/36.</li><li><b>X = 2:</b> (Difference is 2) - {(1,3), (3,1), (2,4), (4,2), (3,5), (5,3), (4,6), (6,4)}. No. of outcomes = 8. P(X=2) = 8/36.</li><li><b>X = 3:</b> (Difference is 3) - {(1,4), (4,1), (2,5), (5,2), (3,6), (6,3)}. No. of outcomes = 6. P(X=3) = 6/36.</li><li><b>X = 4:</b> (Difference is 4) - {(1,5), (5,1), (2,6), (6,2)}. No. of outcomes = 4. P(X=4) = 4/36.</li><li><b>X = 5:</b> (Difference is 5) - {(1,6), (6,1)}. No. of outcomes = 2. P(X=5) = 2/36.</li></ul><p>The probability distribution is:</p><p>| X    | 0    | 1     | 2    | 3    | 4    | 5    |</p><p>| P(X) | 6/36 | 10/36 | 8/36 | 6/36 | 4/36 | 2/36 |</p><p><b>OR</b></p><p><b>(b) Bayes' Theorem:</b></p><p>Let E₁ be the event that the biased coin is selected, and E₂ be the event that the fair coin is selected. Let A be the event that the coin shows a head.</p><p>P(E₁) = 1/2, P(E₂) = 1/2.</p><p>For the biased coin, P(H) : P(T) = 1 : 3. So, P(H) = 1/4 and P(T) = 3/4. This is P(A|E₁) = 1/4.</p><p>For the fair coin, P(H) = 1/2. This is P(A|E₂) = 1/2.</p><p>We need to find P(E₁|A), the probability that it was the biased coin given that it showed a head.</p><p>Using Bayes' theorem: P(E₁|A) = [P(E₁) * P(A|E₁)] / [P(E₁) * P(A|E₁) + P(E₂) * P(A|E₂)]</p><p>P(E₁|A) = [(1/2) * (1/4)] / [(1/2) * (1/4) + (1/2) * (1/2)]</p><p>P(E₁|A) = (1/8) / (1/8 + 1/4)</p><p>P(E₁|A) = (1/8) / (3/8) = <b>1/3</b>.</p>"
                    },
                    "question_type": "Long Answer (5 marks)",
                    "difficulty_level": "hard",
                    "explanation_html": null
                  }
                ]
              },
              {
                "chapter_name": "Relations and Functions",
                "questions": [
                  {
                    "question_no": 32,
                    "question_html": "<p>Show that a function f: ℝ → ℝ defined as f(x) = (5x-3)/4 is both one-one and onto.</p>",
                    "options": [],
                    "correct_answer": {
                      "text": "<p><b>To prove f(x) is one-one (injective):</b></p><p>We need to show that if f(x₁) = f(x₂), then x₁ = x₂.</p><p>Let f(x₁) = f(x₂)</p><p>(5x₁ - 3) / 4 = (5x₂ - 3) / 4</p><p>Multiply both sides by 4:</p><p>5x₁ - 3 = 5x₂ - 3</p><p>Add 3 to both sides:</p><p>5x₁ = 5x₂</p><p>Divide both sides by 5:</p><p>x₁ = x₂</p><p>Since f(x₁) = f(x₂) implies x₁ = x₂, the function f(x) is one-one.</p><p><b>To prove f(x) is onto (surjective):</b></p><p>We need to show that for any y in the codomain (ℝ), there exists an x in the domain (ℝ) such that f(x) = y.</p><p>Let y = f(x)</p><p>y = (5x - 3) / 4</p><p>Now, we solve for x in terms of y:</p><p>4y = 5x - 3</p><p>4y + 3 = 5x</p><p>x = (4y + 3) / 5</p><p>For any real number y, the expression (4y + 3) / 5 will also be a real number. This means that for every y in the codomain, we can find a corresponding x in the domain. Therefore, the function f(x) is onto.</p><p>Since f(x) is both one-one and onto, it is a bijective function.</p>"
                    },
                    "question_type": "Long Answer (5 marks)",
                    "difficulty_level": "medium",
                    "explanation_html": null
                  }
                ]
              },
              {
                "chapter_name": "Application of Integrals",
                "questions": [
                  {
                    "question_no": 33,
                    "question_html": "<p>The area of the region bounded by the line y = mx (m > 0), the curve x² + y² = 4 and the x-axis in the first quadrant is π/2 units. Using integration, find the value of m.</p>",
                    "options": [],
                    "correct_answer": {
                      "text": "<p>The curve x² + y² = 4 is a circle with center at the origin and radius r=2. The area is in the first quadrant.</p><p>The total area of the circle in the first quadrant is (1/4)πr² = (1/4)π(2)² = π.</p><p>The line y = mx divides this quadrant into two regions. The area bounded by y=mx, the circle, and the x-axis is given as π/2.</p><p>This means the area of the circular sector formed by the line y=mx and the x-axis is π/2. The formula for the area of a circular sector is (1/2)r²θ, where θ is the angle of the sector.</p><p>Area = (1/2)(2)²θ = 2θ</p><p>We are given that this area is π/2.</p><p>2θ = π/2</p><p>θ = π/4</p><p>The slope 'm' of the line y=mx is related to the angle θ it makes with the positive x-axis by m = tan(θ).</p><p>m = tan(π/4) = <b>1</b>.</p><p><b>Using Integration:</b></p><p>The point of intersection of y=mx and x²+y²=4 is x² + (mx)² = 4 => x²(1+m²) = 4 => x = 2/√(1+m²).</p><p>The area is given by the sum of two integrals:</p><p>Area = ∫ from 0 to 2/√(1+m²) [mx] dx + ∫ from 2/√(1+m²) to 2 [√(4-x²)] dx = π/2.</p><p>Evaluating the first integral: [mx²/2] from 0 to 2/√(1+m²) = m/2 * [4/(1+m²)] = 2m/(1+m²).</p><p>Evaluating the second integral: [x/2 * √(4-x²) + (4/2)sin⁻¹(x/2)] from 2/√(1+m²) to 2.</p><p>= [0 + 2sin⁻¹(1)] - [1/√(1+m²) * √(4 - 4/(1+m²)) + 2sin⁻¹(1/√(1+m²))]</p><p>= π - [1/√(1+m²) * 2m/√(1+m²) + 2sin⁻¹(1/√(1+m²))] = π - 2m/(1+m²) - 2sin⁻¹(1/√(1+m²)).</p><p>Total Area = 2m/(1+m²) + π - 2m/(1+m²) - 2sin⁻¹(1/√(1+m²)) = π - 2sin⁻¹(1/√(1+m²)).</p><p>Given Area = π/2.  => π/2 = π - 2sin⁻¹(1/√(1+m²)) => 2sin⁻¹(1/√(1+m²)) = π/2 => sin⁻¹(1/√(1+m²)) = π/4.</p><p>1/√(1+m²) = sin(π/4) = 1/√2. => 1+m² = 2 => m² = 1. Since m>0, <b>m=1</b>.</p>"
                    },
                    "question_type": "Long Answer (5 marks)",
                    "difficulty_level": "hard",
                    "explanation_html": null
                  }
                ]
              },
              {
                "chapter_name": "Matrices",
                "questions": [
                  {
                    "question_no": 34,
                    "question_html": "<p>(a) If A = \\(\\begin{bmatrix} 1 & 0 & 2 \\\\ 0 & 2 & 1 \\\\ 2 & 0 & 3 \\end{bmatrix}\\), then show that A³ – 6A² + 7A + 2I = O.</p><p>OR</p><p>(b) If A = \\(\\begin{bmatrix} 3 & 2 \\\\ 5 & -7 \\end{bmatrix}\\), then find A⁻¹ and use it to solve the following system of equations : 3x + 5y = 11, 2x – 7y = – 3.</p>",
                    "options": [],
                    "correct_answer": {
                      "text": "<p><b>(a) Verification of Matrix Polynomial:</b></p><p>A² = A . A = \\(\\begin{bmatrix} 1 & 0 & 2 \\\\ 0 & 2 & 1 \\\\ 2 & 0 & 3 \\end{bmatrix}\\) \\(\\begin{bmatrix} 1 & 0 & 2 \\\\ 0 & 2 & 1 \\\\ 2 & 0 & 3 \\end{bmatrix}\\) = \\(\\begin{bmatrix} 5 & 0 & 8 \\\\ 2 & 4 & 5 \\\\ 8 & 0 & 13 \\end{bmatrix}\\).</p><p>A³ = A² . A = \\(\\begin{bmatrix} 5 & 0 & 8 \\\\ 2 & 4 & 5 \\\\ 8 & 0 & 13 \\end{bmatrix}\\) \\(\\begin{bmatrix} 1 & 0 & 2 \\\\ 0 & 2 & 1 \\\\ 2 & 0 & 3 \\end{bmatrix}\\) = \\(\\begin{bmatrix} 21 & 0 & 34 \\\\ 12 & 8 & 23 \\\\ 34 & 0 & 55 \\end{bmatrix}\\).</p><p>Now substitute into the expression A³ – 6A² + 7A + 2I:</p><p>\\(\\begin{bmatrix} 21 & 0 & 34 \\\\ 12 & 8 & 23 \\\\ 34 & 0 & 55 \\end{bmatrix}\\) - 6\\(\\begin{bmatrix} 5 & 0 & 8 \\\\ 2 & 4 & 5 \\\\ 8 & 0 & 13 \\end{bmatrix}\\) + 7\\(\\begin{bmatrix} 1 & 0 & 2 \\\\ 0 & 2 & 1 \\\\ 2 & 0 & 3 \\end{bmatrix}\\) + 2\\(\\begin{bmatrix} 1 & 0 & 0 \\\\ 0 & 1 & 0 \\\\ 0 & 0 & 1 \\end{bmatrix}\\)</p><p>= \\(\\begin{bmatrix} 21 & 0 & 34 \\\\ 12 & 8 & 23 \\\\ 34 & 0 & 55 \\end{bmatrix}\\) - \\(\\begin{bmatrix} 30 & 0 & 48 \\\\ 12 & 24 & 30 \\\\ 48 & 0 & 78 \\end{bmatrix}\\) + \\(\\begin{bmatrix} 7 & 0 & 14 \\\\ 0 & 14 & 7 \\\\ 14 & 0 & 21 \\end{bmatrix}\\) + \\(\\begin{bmatrix} 2 & 0 & 0 \\\\ 0 & 2 & 0 \\\\ 0 & 0 & 2 \\end{bmatrix}\\)</p><p>= \\(\\begin{bmatrix} 21-30+7+2 & 0-0+0+0 & 34-48+14+0 \\\\ 12-12+0+0 & 8-24+14+2 & 23-30+7+0 \\\\ 34-48+14+0 & 0-0+0+0 & 55-78+21+2 \\end{bmatrix}\\) = \\(\\begin{bmatrix} 0 & 0 & 0 \\\\ 0 & 0 & 0 \\\\ 0 & 0 & 0 \\end{bmatrix}\\) = O. Hence, shown.</p><p><b>OR</b></p><p><b>(b) Inverse and System of Equations:</b></p><p>The system of equations is 3x + 5y = 11, 2x – 7y = – 3. The coefficient matrix for this system is C = \\(\\begin{bmatrix} 3 & 5 \\\\ 2 & -7 \\end{bmatrix}\\). Notice that this is the transpose of the given matrix A, i.e., C = A'.</p><p>First, find A⁻¹ for A = \\(\\begin{bmatrix} 3 & 2 \\\\ 5 & -7 \\end{bmatrix}\\).</p><p>|A| = (3)(-7) - (2)(5) = -21 - 10 = -31.</p><p>adj(A) = \\(\\begin{bmatrix} -7 & -2 \\\\ -5 & 3 \\end{bmatrix}\\).</p><p>A⁻¹ = (1/|A|) * adj(A) = (-1/31) \\(\\begin{bmatrix} -7 & -2 \\\\ -5 & 3 \\end{bmatrix}\\).</p><p>The system can be written as A'X = B, where X = \\(\\begin{bmatrix} x \\\\ y \\end{bmatrix}\\) and B = \\(\\begin{bmatrix} 11 \\\\ -3 \\end{bmatrix}\\).</p><p>The solution is X = (A')⁻¹B. Using the property (A')⁻¹ = (A⁻¹)', we get:</p><p>X = (A⁻¹)'B = [(-1/31) \\(\\begin{bmatrix} -7 & -2 \\\\ -5 & 3 \\end{bmatrix}\\)]' \\(\\begin{bmatrix} 11 \\\\ -3 \\end{bmatrix}\\) = (-1/31) \\(\\begin{bmatrix} -7 & -5 \\\\ -2 & 3 \\end{bmatrix}\\) \\(\\begin{bmatrix} 11 \\\\ -3 \\end{bmatrix}\\)</p><p>X = (-1/31) \\(\\begin{bmatrix} (-7)(11) + (-5)(-3) \\\\ (-2)(11) + (3)(-3) \\end{bmatrix}\\) = (-1/31) \\(\\begin{bmatrix} -77 + 15 \\\\ -22 - 9 \\end{bmatrix}\\) = (-1/31) \\(\\begin{bmatrix} -62 \\\\ -31 \\end{bmatrix}\\) = \\(\\begin{bmatrix} 2 \\\\ 1 \\end{bmatrix}\\).</p><p>So, <b>x = 2, y = 1</b>.</p>"
                    },
                    "question_type": "Long Answer (5 marks)",
                    "difficulty_level": "hard",
                    "explanation_html": null
                  }
                ]
              },
              {
                "chapter_name": "Three Dimensional Geometry",
                "questions": [
                  {
                    "question_no": 35,
                    "question_html": "<p>(a) Find the value of b so that the lines (x-1)/2 = (y-b)/3 = (z-3)/4 and (x-4)/5 = (y-1)/2 = z are intersecting lines. Also, find the point of intersection of these given lines.</p><p>OR</p><p>(b) Find the equations of all the sides of the parallelogram ABCD whose vertices are A(4, 7, 8), B(2, 3, 4), C(– 1, – 2, 1) and D(1, 2, 5). Also, find the coordinates of the foot of the perpendicular from A to CD.</p>",
                    "options": [],
                    "correct_answer": {
                      "text": "<p><b>(a) Intersecting Lines:</b></p><p>A general point on the first line (L₁) is (2λ+1, 3λ+b, 4λ+3).</p><p>A general point on the second line (L₂) is (5μ+4, 2μ+1, μ).</p><p>If the lines intersect, these points must be the same for some values of λ and μ.</p><p>1) 2λ + 1 = 5μ + 4</p><p>2) 3λ + b = 2μ + 1</p><p>3) 4λ + 3 = μ</p><p>Substitute (3) into (1):</p><p>2λ + 1 = 5(4λ + 3) + 4</p><p>2λ + 1 = 20λ + 15 + 4</p><p>2λ + 1 = 20λ + 19  =>  -18 = 18λ  =>  λ = -1.</p><p>Now find μ using (3):</p><p>μ = 4(-1) + 3 = -1.</p><p>Substitute λ and μ into (2) to find b:</p><p>3(-1) + b = 2(-1) + 1</p><p>-3 + b = -2 + 1 = -1</p><p><b>b = 2</b>.</p><p>To find the point of intersection, substitute λ = -1 into the general point of L₁:</p><p>Point = (2(-1)+1, 3(-1)+2, 4(-1)+3) = <b>(-1, -1, -1)</b>.</p><p><b>OR</b></p><p><b>(b) Parallelogram and Foot of Perpendicular:</b></p><p>The equation of a line passing through (x₁, y₁, z₁) with direction ratios (a, b, c) is (x-x₁)/a = (y-y₁)/b = (z-z₁)/c.</p><ul><li><b>Line CD:</b> Passing through C(-1,-2,1) and D(1,2,5). Direction ratios are (1-(-1), 2-(-2), 5-1) = (2, 4, 4) or (1, 2, 2). Equation: <b>(x+1)/1 = (y+2)/2 = (z-1)/2</b>.</li></ul><p>Let P be the foot of the perpendicular from A(4,7,8) to the line CD. A general point on CD can be written as P(λ-1, 2λ-2, 2λ+1).</p><p>The direction ratios of AP are (λ-1-4, 2λ-2-7, 2λ+1-8) = (λ-5, 2λ-9, 2λ-7).</p><p>Since AP is perpendicular to CD, the dot product of their direction vectors is zero.</p><p>1(λ-5) + 2(2λ-9) + 2(2λ-7) = 0</p><p>λ - 5 + 4λ - 18 + 4λ - 14 = 0</p><p>9λ - 37 = 0  =>  λ = 37/9.</p><p>The coordinates of the foot of the perpendicular P are:</p><p>x = (37/9) - 1 = 28/9</p><p>y = 2(37/9) - 2 = 74/9 - 18/9 = 56/9</p><p>z = 2(37/9) + 1 = 74/9 + 9/9 = 83/9</p><p>P = <b>(28/9, 56/9, 83/9)</b>.</p>"
                    },
                    "question_type": "Long Answer (5 marks)",
                    "difficulty_level": "hard",
                    "explanation_html": null
                  }
                ]
              },
              {
                "chapter_name": "Probability",
                "questions": [
                  {
                    "question_no": 36,
                    "question_html": "<p>An octagonal prism is a three-dimensional polyhedron bounded by two octagonal bases and eight rectangular side faces. It has 24 edges and 16 vertices. The prism is rolled along the rectangular faces and number on the bottom face (touching the ground) is noted. Let X denote the number obtained on the bottom face and the following table give the probability distribution of X.</p><p>| X | 1 | 2 | 3 | 4 | 5 | 6 | 7 | 8 |</p><p>| P(X) | p | 2p | 2p | p | 2p | p² | 2p² | 7p²+p |</p><p>Based on the above information, answer the following questions :</p><p>(i) Find the value of p.</p><p>(ii) Find P(X > 6).</p><p>(iii) (a) Find P(X = 3m), where m is a natural number.</p><p>OR</p><p>(iii) (b) Find the mean E(X).</p>",
                    "images": [
                      {
                        "url": "https://img.testbuddyai.com/Maths-65-3-23-Q36.png"
                      }
                    ],
                    "options": [],
                    "correct_answer": {
                      "text": "<p><b>(i) Find the value of p:</b></p><p>The sum of all probabilities in a probability distribution must be equal to 1.</p><p>Σ P(X) = p + 2p + 2p + p + 2p + p² + 2p² + (7p²+p) = 1</p><p>(p+2p+2p+p+2p+p) + (p²+2p²+7p²) = 1</p><p>9p + 10p² = 1</p><p>10p² + 9p - 1 = 0</p><p>10p² + 10p - p - 1 = 0</p><p>10p(p+1) - 1(p+1) = 0</p><p>(10p - 1)(p + 1) = 0</p><p>This gives p = 1/10 or p = -1. Since probability cannot be negative, <b>p = 1/10</b>.</p><p><b>(ii) Find P(X > 6):</b></p><p>P(X > 6) = P(X=7) + P(X=8)</p><p>= 2p² + (7p²+p) = 9p² + p</p><p>Substitute p = 1/10:</p><p>= 9(1/10)² + 1/10 = 9/100 + 10/100 = <b>19/100</b>.</p><p><b>(iii) (a) Find P(X = 3m):</b></p><p>Since m is a natural number (m=1, 2, 3,...), we look at the possible values of 3m.</p><ul><li>If m=1, X=3. P(X=3) = 2p = 2(1/10) = <b>1/5</b>.</li><li>If m=2, X=6. P(X=6) = p² = (1/10)² = <b>1/100</b>.</li><li>If m ≥ 3, 3m ≥ 9. Since X cannot be 9 or greater, the probability is <b>0</b>.</li></ul><p><b>OR</b></p><p><b>(iii) (b) Find the mean E(X):</b></p><p>E(X) = Σ [X * P(X)]</p><p>= 1(p) + 2(2p) + 3(2p) + 4(p) + 5(2p) + 6(p²) + 7(2p²) + 8(7p²+p)</p><p>= p + 4p + 6p + 4p + 10p + 6p² + 14p² + 56p² + 8p</p><p>= (1+4+6+4+10+8)p + (6+14+56)p²</p><p>= 33p + 76p²</p><p>Substitute p = 1/10:</p><p>= 33(1/10) + 76(1/10)² = 3.3 + 76/100 = 3.3 + 0.76 = <b>4.06</b>.</p>"
                    },
                    "question_type": "Case-based Subjective",
                    "difficulty_level": "hard",
                    "explanation_html": null
                  }
                ]
              },
              {
                "chapter_name": "Application of Derivatives",
                "questions": [
                  {
                    "question_no": 37,
                    "question_html": "<p>In order to set up a rain water harvesting system, a tank to collect rain water is to be dug. The tank should have a square base and a capacity of 250 m³. The cost of land is ₹ 5,000 per square metre and cost of digging increases with depth and for the whole tank, it is ₹ 40,000 h², where h is the depth of the tank in metres. x is the side of the square base of the tank in metres.</p><p>(i) Find the total cost C of digging the tank in terms of x.</p><p>(ii) Find dC/dx.</p><p>(iii) (a) Find the value of x for which cost C is minimum.</p><p>OR</p><p>(iii) (b) Check whether the cost function C(x) expressed in terms of x is increasing or not, where x > 0.</p>",
                    "images": [
                      {
                        "url": "https://img.testbuddyai.com/Maths-65-3-23-Q37.png"
                      }
                    ],
                    "options": [],
                    "correct_answer": {
                      "text": "<p>The volume of the tank V = (area of base) * depth = x²h. We are given V = 250 m³, so x²h = 250, which means h = 250/x².</p><p>The total cost C = Cost of land + Cost of digging.</p><p>Cost of land = (area of base) * (cost per m²) = x² * 5000.</p><p>Cost of digging = 40000h².</p><p><b>(i) Total cost C in terms of x:</b></p><p>C(x) = 5000x² + 40000h²</p><p>Substitute h = 250/x²:</p><p>C(x) = 5000x² + 40000(250/x²)² = 5000x² + 40000(62500)/x⁴</p><p>C(x) = <b>5000x² + 2.5 × 10⁹ / x⁴</b>.</p><p><b>(ii) Find dC/dx:</b></p><p>dC/dx = d/dx (5000x² + 2.5 × 10⁹ x⁻⁴)</p><p>dC/dx = <b>10000x - 10¹⁰ x⁻⁵</b> or <b>10000x - 10¹⁰ / x⁵</b>.</p><p><b>(iii) (a) Value of x for minimum cost:</b></p><p>Set dC/dx = 0 to find critical points.</p><p>10000x - 10¹⁰ / x⁵ = 0</p><p>10000x = 10¹⁰ / x⁵</p><p>x⁶ = 10¹⁰ / 10000 = 10⁶</p><p>x = 10 (since x > 0).</p><p>To confirm it's a minimum, we use the second derivative test:</p><p>d²C/dx² = 10000 + 5 × 10¹⁰ x⁻⁶. For x=10, this is clearly positive, confirming a minimum.</p><p>The cost is minimum when <b>x = 10 m</b>.</p><p><b>OR</b></p><p><b>(iii) (b) Check if C(x) is increasing:</b></p><p>A function is increasing when its derivative is positive. We check the sign of dC/dx = 10000x - 10¹⁰ / x⁵ = (10000/x⁵)(x⁶ - 10⁶).</p><ul><li>If x > 10, then x⁶ > 10⁶, so x⁶-10⁶ > 0, and dC/dx > 0 (increasing).</li><li>If 0 < x < 10, then x⁶ < 10⁶, so x⁶-10⁶ < 0, and dC/dx < 0 (decreasing).</li></ul><p>Since the function is decreasing for x < 10 and increasing for x > 10, the cost function C(x) is <b>not always increasing</b>.</p>"
                    },
                    "question_type": "Case-based Subjective",
                    "difficulty_level": "hard",
                    "explanation_html": null
                  }
                ]
              },
              {
                "chapter_name": "Application of Derivatives",
                "questions": [
                  {
                    "question_no": 38,
                    "question_html": "<p>A volleyball player serves the ball which takes a parabolic path given by the equation h(t) = –(7/2)t² + (13/2)t + 1, where h(t) is the height of ball at any time t (in seconds), (t ≥ 0).</p><p>Based on the above information, answer the following questions :</p><p>(i) Is h(t) a continuous function ? Justify.</p><p>(ii) Find the time at which the height of the ball is maximum.</p>",
                    "images": [
                      {
                        "url": "https://img.testbuddyai.com/Maths-65-3-23-Q38.png"
                      }
                    ],
                    "options": [],
                    "correct_answer": {
                      "text": "<p><b>(i) Continuity of h(t):</b></p><p>The function h(t) = –(7/2)t² + (13/2)t + 1 is a polynomial function of the variable t.</p><p><b>Justification:</b> All polynomial functions are continuous for all real numbers. Since the domain of interest is t ≥ 0, which is a subset of the real numbers, the function h(t) is continuous on its domain.</p><p>Therefore, <b>yes, h(t) is a continuous function</b>.</p><p><b>(ii) Time for Maximum Height:</b></p><p>To find the time at which the height is maximum, we need to find the derivative of h(t) with respect to t and set it to zero to find the critical points.</p><p>h'(t) = d/dt [–(7/2)t² + (13/2)t + 1]</p><p>h'(t) = –(7/2)(2t) + 13/2</p><p>h'(t) = –7t + 13/2</p><p>Set h'(t) = 0:</p><p>–7t + 13/2 = 0</p><p>7t = 13/2</p><p>t = 13 / 14</p><p>To confirm this is a maximum, we can check the second derivative:</p><p>h''(t) = d/dt [–7t + 13/2] = -7.</p><p>Since h''(t) is negative, the critical point corresponds to a maximum.</p><p>The height of the ball is maximum at <b>t = 13/14 seconds</b>.</p>"
                    },
                    "question_type": "Case-based Subjective",
                    "difficulty_level": "medium",
                    "explanation_html": null
                  }
                ]
              }
            ]
          }
        ]
      }
    ]
  }
]