[
  {
    "exam_name_actual": "CBSE Board - Class 12 - Science",
    "main_exam_id_name_ref": "CBSE Board - Class 12 - Science",
    "years": [
      {
        "year": "2023",
        "papers_or_subjects": [
          {
            "paper_name": "CBSE Class 12 Science (Mathematics) Paper 2023 (QP Code: 65/4/1)",
            "subject_name": "Mathematics",
            "chapters": [
              {
                "chapter_name": "Matrices",
                "questions": [
                  {
                    "question_no": 1,
                    "question_html": "<p>If x [1, 2] + y [2, 5] = [4, 9] , then :</p>",
                    "options": [
                      {
                        "id": "a",
                        "text": "x = 1, y = 2"
                      },
                      {
                        "id": "b",
                        "text": "x = 2, y = 1"
                      },
                      {
                        "id": "c",
                        "text": "x = 1, y = –1"
                      },
                      {
                        "id": "d",
                        "text": "x = 3, y = 2"
                      }
                    ],
                    "correct_answer": {
                      "ids": [
                        "b"
                      ]
                    },
                    "question_type": "mcq_single",
                    "difficulty_level": "easy",
                    "explanation_html": "<p>The given equation is x[1, 2] + y[2, 5] = [4, 9].</p><p>By scalar multiplication of matrices, we get [x, 2x] + [2y, 5y] = [4, 9].</p><p>Adding the matrices on the left side gives [x + 2y, 2x + 5y] = [4, 9].</p><p>By equality of matrices, we can equate the corresponding elements:</p><p>x + 2y = 4  ---(1)</p><p>2x + 5y = 9  ---(2)</p><p>Multiplying equation (1) by 2, we get 2x + 4y = 8.</p><p>Subtracting this new equation from equation (2):</p><p>(2x + 5y) - (2x + 4y) = 9 - 8</p><p>y = 1</p><p>Substituting y = 1 into equation (1):</p><p>x + 2(1) = 4</p><p>x = 2</p><p>Thus, x = 2 and y = 1.</p>"
                  }
                ]
              },
              {
                "chapter_name": "Matrices",
                "questions": [
                  {
                    "question_no": 2,
                    "question_html": "<p>The product [a, b; -b, a] [a, -b; b, a] is equal to :</p>",
                    "options": [
                      {
                        "id": "a",
                        "text": "[a²+b², 0; 0, a²+b²]"
                      },
                      {
                        "id": "b",
                        "text": "[(a+b)², 0; 0, (a+b)²]"
                      },
                      {
                        "id": "c",
                        "text": "[a²+b², 0; a²+b², 0]"
                      },
                      {
                        "id": "d",
                        "text": "[a, 0; 0, b]"
                      }
                    ],
                    "correct_answer": {
                      "ids": [
                        "a"
                      ]
                    },
                    "question_type": "mcq_single",
                    "difficulty_level": "easy",
                    "explanation_html": "<p>To find the product of the two matrices, we perform matrix multiplication:</p><p>[a, b; -b, a] * [a, -b; b, a]</p><p>Element (1,1): (a)(a) + (b)(b) = a² + b²</p><p>Element (1,2): (a)(-b) + (b)(a) = -ab + ab = 0</p><p>Element (2,1): (-b)(a) + (a)(b) = -ba + ab = 0</p><p>Element (2,2): (-b)(-b) + (a)(a) = b² + a²</p><p>The resulting matrix is [a²+b², 0; 0, a²+b²].</p>"
                  }
                ]
              },
              {
                "chapter_name": "Matrices",
                "questions": [
                  {
                    "question_no": 3,
                    "question_html": "<p>If A is a square matrix and A² = A, then (I + A)² – 3A is equal to :</p>",
                    "options": [
                      {
                        "id": "a",
                        "text": "I"
                      },
                      {
                        "id": "b",
                        "text": "A"
                      },
                      {
                        "id": "c",
                        "text": "2A"
                      },
                      {
                        "id": "d",
                        "text": "3I"
                      }
                    ],
                    "correct_answer": {
                      "ids": [
                        "a"
                      ]
                    },
                    "question_type": "mcq_single",
                    "difficulty_level": "medium",
                    "explanation_html": "<p>We need to simplify the expression (I + A)² – 3A.</p><p>First, expand (I + A)²:</p><p>(I + A)² = (I + A)(I + A) = I(I + A) + A(I + A) = I² + IA + AI + A²</p><p>Using the properties of the identity matrix (I² = I and IA = AI = A) and the given condition (A² = A):</p><p>(I + A)² = I + A + A + A = I + 3A</p><p>Now substitute this back into the original expression:</p><p>(I + A)² – 3A = (I + 3A) – 3A = I</p>"
                  }
                ]
              },
              {
                "chapter_name": "Matrices",
                "questions": [
                  {
                    "question_no": 4,
                    "question_html": "<p>If a matrix A = [1 2 3], then the matrix AA' (where A' is the transpose of A) is :</p>",
                    "options": [
                      {
                        "id": "a",
                        "text": "14"
                      },
                      {
                        "id": "b",
                        "text": "[1, 0, 0; 0, 2, 0; 0, 0, 3]"
                      },
                      {
                        "id": "c",
                        "text": "[1, 2, 3; 2, 3, 1; 3, 1, 2]"
                      },
                      {
                        "id": "d",
                        "text": "[14]"
                      }
                    ],
                    "correct_answer": {
                      "ids": [
                        "d"
                      ]
                    },
                    "question_type": "mcq_single",
                    "difficulty_level": "easy",
                    "explanation_html": "<p>The given matrix A is a 1x3 row matrix: A = [1 2 3].</p><p>The transpose of A, denoted by A', is a 3x1 column matrix: A' = [1; 2; 3].</p><p>We need to find the product AA'. The product of a 1x3 matrix and a 3x1 matrix results in a 1x1 matrix.</p><p>AA' = [1 2 3] * [1; 2; 3] = [(1)(1) + (2)(2) + (3)(3)] = [1 + 4 + 9] = [14].</p>"
                  }
                ]
              },
              {
                "chapter_name": "Determinants",
                "questions": [
                  {
                    "question_no": 5,
                    "question_html": "<p>The value of the determinant |x+y, y+z, z+x; z, x, y; 1, 1, 1| is</p>",
                    "options": [
                      {
                        "id": "a",
                        "text": "0"
                      },
                      {
                        "id": "b",
                        "text": "1"
                      },
                      {
                        "id": "c",
                        "text": "x+y+z"
                      },
                      {
                        "id": "d",
                        "text": "2(x+y+z)"
                      }
                    ],
                    "correct_answer": {
                      "ids": [
                        "a"
                      ]
                    },
                    "question_type": "mcq_single",
                    "difficulty_level": "easy",
                    "explanation_html": "<p>Let Δ be the given determinant.</p><p>Δ = |x+y, y+z, z+x; z, x, y; 1, 1, 1|</p><p>Apply the row operation R₁ → R₁ + R₂.</p><p>Δ = |x+y+z, y+z+x, z+x+y; z, x, y; 1, 1, 1|</p><p>Δ = |x+y+z, x+y+z, x+y+z; z, x, y; 1, 1, 1|</p><p>Take (x+y+z) common from the first row.</p><p>Δ = (x+y+z) * |1, 1, 1; z, x, y; 1, 1, 1|</p><p>Since the first row (R₁) and the third row (R₃) are identical, the value of the determinant is zero.</p><p>Δ = (x+y+z) * 0 = 0.</p>"
                  }
                ]
              },
              {
                "chapter_name": "Continuity and Differentiability",
                "questions": [
                  {
                    "question_no": 6,
                    "question_html": "<p>The function f(x) = |x| is</p>",
                    "options": [
                      {
                        "id": "a",
                        "text": "continuous and differentiable everywhere."
                      },
                      {
                        "id": "b",
                        "text": "continuous and differentiable nowhere."
                      },
                      {
                        "id": "c",
                        "text": "continuous everywhere, but differentiable everywhere except at x = 0."
                      },
                      {
                        "id": "d",
                        "text": "continuous everywhere, but differentiable nowhere."
                      }
                    ],
                    "correct_answer": {
                      "ids": [
                        "c"
                      ]
                    },
                    "question_type": "mcq_single",
                    "difficulty_level": "easy",
                    "explanation_html": "<p><b>Continuity:</b> The function f(x) = |x| is defined for all real numbers. The graph of the absolute value function is a 'V' shape with its vertex at the origin. There are no breaks, jumps, or holes in the graph, so the function is continuous for all x ∈ R (everywhere).</p><p><b>Differentiability:</b> A function is differentiable at a point where its graph has a unique, non-vertical tangent. At x = 0, the graph of f(x) = |x| has a sharp corner. The slope of the graph for x < 0 is -1, and the slope for x > 0 is 1. The left-hand derivative at x=0 is -1, and the right-hand derivative is +1. Since the left-hand and right-hand derivatives are not equal, the function is not differentiable at x = 0. For all other points (x ≠ 0), the function is differentiable. Therefore, it is differentiable everywhere except at x = 0.</p>"
                  }
                ]
              },
              {
                "chapter_name": "Continuity and Differentiability",
                "questions": [
                  {
                    "question_no": 7,
                    "question_html": "<p>If y = sin²(x³), then dy/dx is equal to :</p>",
                    "options": [
                      {
                        "id": "a",
                        "text": "2 sin x³ cos x³"
                      },
                      {
                        "id": "b",
                        "text": "3x³ sin x³ cos x³"
                      },
                      {
                        "id": "c",
                        "text": "6x² sin x³ cos x³"
                      },
                      {
                        "id": "d",
                        "text": "2x² sin²(x³)"
                      }
                    ],
                    "correct_answer": {
                      "ids": [
                        "c"
                      ]
                    },
                    "question_type": "mcq_single",
                    "difficulty_level": "medium",
                    "explanation_html": "<p>We use the chain rule to differentiate y = sin²(x³), which can be written as y = (sin(x³))².</p><p>Let u = sin(x³) and v = x³. Then y = u².</p><p>dy/dx = (dy/du) * (du/dv) * (dv/dx)</p><p>1. Differentiate y with respect to u: dy/du = 2u = 2sin(x³)</p><p>2. Differentiate u with respect to v: du/dv = cos(v) = cos(x³)</p><p>3. Differentiate v with respect to x: dv/dx = 3x²</p><p>Multiply the results:</p><p>dy/dx = (2sin(x³)) * (cos(x³)) * (3x²) = 6x² sin(x³) cos(x³)</p>"
                  }
                ]
              },
              {
                "chapter_name": "Integrals",
                "questions": [
                  {
                    "question_no": 8,
                    "question_html": "<p>∫ e^(5logx) dx is equal to :</p>",
                    "options": [
                      {
                        "id": "a",
                        "text": "x⁵/5 + C"
                      },
                      {
                        "id": "b",
                        "text": "x⁶/6 + C"
                      },
                      {
                        "id": "c",
                        "text": "5x⁴ + C"
                      },
                      {
                        "id": "d",
                        "text": "6x⁵ + C"
                      }
                    ],
                    "correct_answer": {
                      "ids": [
                        "b"
                      ]
                    },
                    "question_type": "mcq_single",
                    "difficulty_level": "easy",
                    "explanation_html": "<p>First, simplify the integrand using the properties of logarithms and exponential functions.</p><p>Using the logarithm property a log(b) = log(bᵃ), we have 5 log(x) = log(x⁵).</p><p>The expression becomes e^(log(x⁵)).</p><p>Using the property that the exponential and natural logarithm functions are inverses, e^(log(a)) = a.</p><p>So, e^(log(x⁵)) = x⁵.</p><p>Now we need to integrate x⁵ with respect to x:</p><p>∫ x⁵ dx</p><p>Using the power rule for integration, ∫ xⁿ dx = xⁿ⁺¹ / (n+1) + C:</p><p>∫ x⁵ dx = x⁵⁺¹ / (5+1) + C = x⁶/6 + C.</p>"
                  }
                ]
              },
              {
                "chapter_name": "Integrals",
                "questions": [
                  {
                    "question_no": 9,
                    "question_html": "<p>If ∫₀ᵃ 3x² dx = 8, then the value of 'a' is :</p>",
                    "options": [
                      {
                        "id": "a",
                        "text": "2"
                      },
                      {
                        "id": "b",
                        "text": "4"
                      },
                      {
                        "id": "c",
                        "text": "8"
                      },
                      {
                        "id": "d",
                        "text": "10"
                      }
                    ],
                    "correct_answer": {
                      "ids": [
                        "a"
                      ]
                    },
                    "question_type": "mcq_single",
                    "difficulty_level": "easy",
                    "explanation_html": "<p>First, evaluate the definite integral ∫₀ᵃ 3x² dx.</p><p>The antiderivative of 3x² is 3(x³/3) = x³.</p><p>Now, apply the limits of integration:</p><p>[x³] from 0 to a = a³ - 0³ = a³.</p><p>We are given that the value of the integral is 8.</p><p>So, a³ = 8.</p><p>Taking the cube root of both sides, we find a = 2.</p>"
                  }
                ]
              },
              {
                "chapter_name": "Differential Equations",
                "questions": [
                  {
                    "question_no": 10,
                    "question_html": "<p>The integrating factor for solving the differential equation x dy/dx - y = 2x² is :</p>",
                    "options": [
                      {
                        "id": "a",
                        "text": "e⁻ʸ"
                      },
                      {
                        "id": "b",
                        "text": "e⁻ˣ"
                      },
                      {
                        "id": "c",
                        "text": "x"
                      },
                      {
                        "id": "d",
                        "text": "1/x"
                      }
                    ],
                    "correct_answer": {
                      "ids": [
                        "d"
                      ]
                    },
                    "question_type": "mcq_single",
                    "difficulty_level": "medium",
                    "explanation_html": "<p>To find the integrating factor, we first need to write the differential equation in the standard linear form: dy/dx + P(x)y = Q(x).</p><p>The given equation is x dy/dx - y = 2x².</p><p>Divide the entire equation by x:</p><p>dy/dx - (1/x)y = 2x</p><p>Now, it is in the standard form with P(x) = -1/x.</p><p>The integrating factor (I.F.) is given by the formula I.F. = e^(∫P(x)dx).</p><p>I.F. = e^(∫(-1/x)dx) = e^(-∫(1/x)dx) = e^(-ln|x|)</p><p>Using the logarithm property -ln(a) = ln(a⁻¹):</p><p>I.F. = e^(ln|x|⁻¹) = e^(ln(1/|x|))</p><p>Since e and ln are inverse functions, e^(ln(a)) = a.</p><p>I.F. = 1/|x|. Assuming x > 0, the integrating factor is 1/x.</p>"
                  }
                ]
              },
              {
                "chapter_name": "Differential Equations",
                "questions": [
                  {
                    "question_no": 11,
                    "question_html": "<p>The order and degree (if defined) of the differential equation (d²y/dx²)² + (dy/dx)³ = x sin(dy/dx) respectively are :</p>",
                    "options": [
                      {
                        "id": "a",
                        "text": "2, 2"
                      },
                      {
                        "id": "b",
                        "text": "1, 3"
                      },
                      {
                        "id": "c",
                        "text": "2, 3"
                      },
                      {
                        "id": "d",
                        "text": "2, degree not defined"
                      }
                    ],
                    "correct_answer": {
                      "ids": [
                        "d"
                      ]
                    },
                    "question_type": "mcq_single",
                    "difficulty_level": "medium",
                    "explanation_html": "<p><b>Order:</b> The order of a differential equation is the order of the highest derivative appearing in the equation. In this equation, the highest derivative is d²y/dx², so the order is 2.</p><p><b>Degree:</b> The degree of a differential equation is the power of the highest order derivative, provided the equation can be expressed as a polynomial in its derivatives. The given equation contains the term sin(dy/dx). Since the derivative dy/dx is an argument of the trigonometric function 'sin', the equation cannot be written as a polynomial in dy/dx and its higher derivatives. Therefore, the degree is not defined.</p>"
                  }
                ]
              },
              {
                "chapter_name": "Vector Algebra",
                "questions": [
                  {
                    "question_no": 12,
                    "question_html": "<p>A unit vector along the vector 4î - 3k̂ is:</p>",
                    "options": [
                      {
                        "id": "a",
                        "text": "(1/7)(4î - 3k̂)"
                      },
                      {
                        "id": "b",
                        "text": "(1/5)(4î - 3k̂)"
                      },
                      {
                        "id": "c",
                        "text": "(1/√7)(4î - 3k̂)"
                      },
                      {
                        "id": "d",
                        "text": "(1/√5)(4î - 3k̂)"
                      }
                    ],
                    "correct_answer": {
                      "ids": [
                        "b"
                      ]
                    },
                    "question_type": "mcq_single",
                    "difficulty_level": "easy",
                    "explanation_html": "<p>A unit vector in the direction of a given vector 'a' is found by dividing the vector by its magnitude, i.e., â = a / |a|.</p><p>Let the given vector be a = 4î - 3k̂.</p><p>First, find the magnitude of a:</p><p>|a| = √(4² + 0² + (-3)²) = √(16 + 0 + 9) = √25 = 5.</p><p>Now, divide the vector a by its magnitude:</p><p>â = (4î - 3k̂) / 5 = (1/5)(4î - 3k̂).</p>"
                  }
                ]
              },
              {
                "chapter_name": "Vector Algebra",
                "questions": [
                  {
                    "question_no": 13,
                    "question_html": "<p>If θ is the angle between two vectors a and b, then a · b ≥ 0 only when:</p>",
                    "options": [
                      {
                        "id": "a",
                        "text": "0 < θ < π/2"
                      },
                      {
                        "id": "b",
                        "text": "0 ≤ θ ≤ π/2"
                      },
                      {
                        "id": "c",
                        "text": "0 < θ < π"
                      },
                      {
                        "id": "d",
                        "text": "0 ≤ θ ≤ π"
                      }
                    ],
                    "correct_answer": {
                      "ids": [
                        "b"
                      ]
                    },
                    "question_type": "mcq_single",
                    "difficulty_level": "easy",
                    "explanation_html": "<p>The dot product of two vectors a and b is defined as a · b = |a| |b| cosθ, where θ is the angle between the vectors.</p><p>The magnitudes |a| and |b| are always non-negative.</p><p>For the dot product a · b to be greater than or equal to zero (a · b ≥ 0), the term cosθ must be non-negative (cosθ ≥ 0).</p><p>The angle θ between two vectors lies in the range 0 ≤ θ ≤ π. In this range, cosθ is non-negative (i.e., positive or zero) when 0 ≤ θ ≤ π/2.</p><p>Therefore, a · b ≥ 0 only when 0 ≤ θ ≤ π/2.</p>"
                  }
                ]
              },
              {
                "chapter_name": "Three Dimensional Geometry",
                "questions": [
                  {
                    "question_no": 14,
                    "question_html": "<p>Distance of the point (p, q, r) from y-axis is :</p>",
                    "options": [
                      {
                        "id": "a",
                        "text": "q"
                      },
                      {
                        "id": "b",
                        "text": "|q|"
                      },
                      {
                        "id": "c",
                        "text": "|q| + |r|"
                      },
                      {
                        "id": "d",
                        "text": "√(p² + r²)"
                      }
                    ],
                    "correct_answer": {
                      "ids": [
                        "d"
                      ]
                    },
                    "question_type": "mcq_single",
                    "difficulty_level": "easy",
                    "explanation_html": "<p>The distance of a point P(p, q, r) from an axis is the length of the perpendicular from the point to the axis.</p><p>Any point on the y-axis has coordinates (0, y, 0). The foot of the perpendicular from the point P(p, q, r) to the y-axis is the point Q(0, q, 0).</p><p>Using the distance formula, the distance between P and Q is:</p><p>Distance = √[(p - 0)² + (q - q)² + (r - 0)²]</p><p>Distance = √[p² + 0² + r²] = √(p² + r²).</p>"
                  }
                ]
              },
              {
                "chapter_name": "Linear Programming",
                "questions": [
                  {
                    "question_no": 15,
                    "question_html": "<p>The solution set of the inequation 3x + 5y < 7 is :</p>",
                    "options": [
                      {
                        "id": "a",
                        "text": "whole xy-plane except the points lying on the line 3x + 5y = 7."
                      },
                      {
                        "id": "b",
                        "text": "whole xy-plane along with the points lying on the line 3x + 5y = 7."
                      },
                      {
                        "id": "c",
                        "text": "open half plane containing the origin except the points of line 3x + 5y = 7."
                      },
                      {
                        "id": "d",
                        "text": "open half plane not containing the origin."
                      }
                    ],
                    "correct_answer": {
                      "ids": [
                        "c"
                      ]
                    },
                    "question_type": "mcq_single",
                    "difficulty_level": "medium",
                    "explanation_html": "<p>The inequation is 3x + 5y < 7.</p><p>The corresponding equation is 3x + 5y = 7, which represents a straight line. This line divides the xy-plane into two half-planes.</p><p>The '<' symbol indicates that the points on the line itself are not included in the solution set. This means the solution is an 'open' half-plane.</p><p>To determine which half-plane is the solution, we can test a convenient point, such as the origin (0, 0).</p><p>Substitute x=0 and y=0 into the inequation: 3(0) + 5(0) < 7, which simplifies to 0 < 7. This is a true statement.</p><p>Since the origin satisfies the inequation, the solution set is the open half-plane that contains the origin. Option (a) describes the same region but less precisely than (c).</p>"
                  }
                ]
              },
              {
                "chapter_name": "Linear Programming",
                "questions": [
                  {
                    "question_no": 16,
                    "question_html": "<p>Which of the following points satisfies both the inequations 2x + y ≤ 10 and x + 2y ≥ 8?</p>",
                    "options": [
                      {
                        "id": "a",
                        "text": "(-2, 4)"
                      },
                      {
                        "id": "b",
                        "text": "(3, 2)"
                      },
                      {
                        "id": "c",
                        "text": "(-5, 6)"
                      },
                      {
                        "id": "d",
                        "text": "(4, 2)"
                      }
                    ],
                    "correct_answer": {
                      "ids": [
                        "d"
                      ]
                    },
                    "question_type": "mcq_single",
                    "difficulty_level": "easy",
                    "explanation_html": "<p>We need to test each point in both inequations.</p><p><b>(a) (-2, 4):</b><br>Inequation 1: 2(-2) + 4 = -4 + 4 = 0.  0 ≤ 10 (True).<br>Inequation 2: (-2) + 2(4) = -2 + 8 = 6.  6 ≥ 8 (False).</p><p><b>(b) (3, 2):</b><br>Inequation 1: 2(3) + 2 = 6 + 2 = 8.  8 ≤ 10 (True).<br>Inequation 2: (3) + 2(2) = 3 + 4 = 7.  7 ≥ 8 (False).</p><p><b>(c) (-5, 6):</b><br>Inequation 1: 2(-5) + 6 = -10 + 6 = -4.  -4 ≤ 10 (True).<br>Inequation 2: (-5) + 2(6) = -5 + 12 = 7.  7 ≥ 8 (False).</p><p><b>(d) (4, 2):</b><br>Inequation 1: 2(4) + 2 = 8 + 2 = 10.  10 ≤ 10 (True).<br>Inequation 2: (4) + 2(2) = 4 + 4 = 8.  8 ≥ 8 (True).</p><p>Only the point (4, 2) satisfies both inequations.</p>"
                  }
                ]
              },
              {
                "chapter_name": "Three Dimensional Geometry",
                "questions": [
                  {
                    "question_no": 17,
                    "question_html": "<p>If the direction cosines of a line are (1/a, 1/a, 1/a), then :</p>",
                    "options": [
                      {
                        "id": "a",
                        "text": "0 < a < 1"
                      },
                      {
                        "id": "b",
                        "text": "a > 2"
                      },
                      {
                        "id": "c",
                        "text": "a > 0"
                      },
                      {
                        "id": "d",
                        "text": "a = ±√3"
                      }
                    ],
                    "correct_answer": {
                      "ids": [
                        "d"
                      ]
                    },
                    "question_type": "mcq_single",
                    "difficulty_level": "easy",
                    "explanation_html": "<p>If l, m, and n are the direction cosines of a line, they must satisfy the relation l² + m² + n² = 1.</p><p>In this case, l = 1/a, m = 1/a, and n = 1/a.</p><p>Substituting these into the relation:</p><p>(1/a)² + (1/a)² + (1/a)² = 1</p><p>1/a² + 1/a² + 1/a² = 1</p><p>3/a² = 1</p><p>a² = 3</p><p>a = ±√3</p>"
                  }
                ]
              },
              {
                "chapter_name": "Probability",
                "questions": [
                  {
                    "question_no": 18,
                    "question_html": "<p>The probability that A speaks the truth is 4/5 and that of B speaking the truth is 3/4. The probability that they contradict each other in stating the same fact is :</p>",
                    "options": [
                      {
                        "id": "a",
                        "text": "7/20"
                      },
                      {
                        "id": "b",
                        "text": "1/5"
                      },
                      {
                        "id": "c",
                        "text": "3/20"
                      },
                      {
                        "id": "d",
                        "text": "4/5"
                      }
                    ],
                    "correct_answer": {
                      "ids": [
                        "a"
                      ]
                    },
                    "question_type": "mcq_single",
                    "difficulty_level": "medium",
                    "explanation_html": "<p>Let Tₐ be the event that A speaks the truth, and Tᵦ be the event that B speaks the truth.</p><p>P(Tₐ) = 4/5, so the probability that A lies is P(Tₐ') = 1 - 4/5 = 1/5.</p><p>P(Tᵦ) = 3/4, so the probability that B lies is P(Tᵦ') = 1 - 3/4 = 1/4.</p><p>They contradict each other if one speaks the truth and the other lies. There are two mutually exclusive cases:</p><p>Case 1: A speaks the truth and B lies. The probability is P(Tₐ and Tᵦ') = P(Tₐ) * P(Tᵦ') = (4/5) * (1/4) = 4/20.</p><p>Case 2: A lies and B speaks the truth. The probability is P(Tₐ' and Tᵦ) = P(Tₐ') * P(Tᵦ) = (1/5) * (3/4) = 3/20.</p><p>The total probability of contradiction is the sum of the probabilities of these two cases:</p><p>P(contradict) = 4/20 + 3/20 = 7/20.</p>"
                  }
                ]
              },
              {
                "chapter_name": "Inverse Trigonometric Functions",
                "questions": [
                  {
                    "question_no": 19,
                    "question_html": "<p><b>Assertion (A) :</b> All trigonometric functions have their inverses over their respective domains.</p><p><b>Reason (R) :</b> The inverse of tan⁻¹ x exists for some x ∈ R.</p>",
                    "options": [
                      {
                        "id": "a",
                        "text": "Both Assertion (A) and Reason (R) are true and Reason (R) is the correct explanation of the Assertion (A)."
                      },
                      {
                        "id": "b",
                        "text": "Both Assertion (A) and Reason (R) are true, but Reason (R) is not the correct explanation of the Assertion (A)."
                      },
                      {
                        "id": "c",
                        "text": "Assertion (A) is true and Reason (R) is false."
                      },
                      {
                        "id": "d",
                        "text": "Assertion (A) is false and Reason (R) is true."
                      }
                    ],
                    "correct_answer": {
                      "ids": [
                        "d"
                      ]
                    },
                    "question_type": "mcq_single",
                    "difficulty_level": "medium",
                    "explanation_html": "<p><b>Assertion (A) is false.</b> For a function to have an inverse, it must be bijective (both one-one and onto). Trigonometric functions are periodic and hence many-one over their natural domains (e.g., sin(0) = sin(π) = 0). Therefore, they do not have inverses over their entire domains. Inverses exist only when their domains are restricted to make them one-one, such as restricting sin(x) to [-π/2, π/2].</p><p><b>Reason (R) is true.</b> The statement 'The inverse of tan⁻¹ x exists for some x ∈ R' is interpreted as the function tan⁻¹(x) itself exists. The domain of the inverse tangent function, tan⁻¹(x), is all real numbers (x ∈ R), so it exists for all x ∈ R.</p><p>Since the Assertion is false and the Reason is true, the correct option is (d).</p>"
                  }
                ]
              },
              {
                "chapter_name": "Three Dimensional Geometry",
                "questions": [
                  {
                    "question_no": 20,
                    "question_html": "<p><b>Assertion (A) :</b> The lines r = a₁ + λb₁ and r = a₂ + μb₂ are perpendicular, when b₁ · b₂ = 0.</p><p><b>Reason (R) :</b> The angle θ between the lines r = a₁ + λb₁ and r = a₂ + μb₂ is given by cos θ = |b₁ · b₂| / (|b₁| |b₂|).</p>",
                    "options": [
                      {
                        "id": "a",
                        "text": "Both Assertion (A) and Reason (R) are true and Reason (R) is the correct explanation of the Assertion (A)."
                      },
                      {
                        "id": "b",
                        "text": "Both Assertion (A) and Reason (R) are true, but Reason (R) is not the correct explanation of the Assertion (A)."
                      },
                      {
                        "id": "c",
                        "text": "Assertion (A) is true and Reason (R) is false."
                      },
                      {
                        "id": "d",
                        "text": "Assertion (A) is false and Reason (R) is true."
                      }
                    ],
                    "correct_answer": {
                      "ids": [
                        "d"
                      ]
                    },
                    "question_type": "mcq_single",
                    "difficulty_level": "easy",
                    "explanation_html": "<p><b>Assertion (A) is true.</b> The direction of a line given in the vector form r = a + λb is determined by its direction vector b. Two lines are perpendicular if and only if their direction vectors are perpendicular. The condition for two vectors b₁ and b₂ to be perpendicular is that their dot product is zero, i.e., b₁ · b₂ = 0.</p><p><b>Reason (R) is true.</b> The formula given for the angle θ between two lines with direction vectors b₁ and b₂ is correct.</p><p><b>Conclusion:</b> The reason provides the formula for the angle between the lines. If the lines are perpendicular, then θ = 90° and cos(90°) = 0. According to the formula in Reason (R), this implies |b₁ · b₂| / (|b₁| |b₂|) = 0, which means b₁ · b₂ = 0. Thus, the Reason correctly explains the Assertion.</p>"
                  }
                ]
              },
              {
                "chapter_name": "Inverse Trigonometric Functions",
                "questions": [
                  {
                    "question_no": 21,
                    "question_html": "<p>(a) Find the domain of y = sin⁻¹(x² - 4).</p><p>OR</p><p>(b) Evaluate : cos⁻¹[cos(-7π/3)]</p>",
                    "options": [],
                    "correct_answer": {
                      "text": "<p><b>(a) Domain of y = sin⁻¹(x² - 4):</b></p><p>The domain of the function sin⁻¹(u) is -1 ≤ u ≤ 1.</p><p>Therefore, for the given function, we must have:</p><p>-1 ≤ x² - 4 ≤ 1</p><p>This gives two inequalities:</p><p>1. x² - 4 ≥ -1  =>  x² ≥ 3  =>  |x| ≥ √3  =>  x ≤ -√3 or x ≥ √3</p><p>2. x² - 4 ≤ 1   =>  x² ≤ 5  =>  |x| ≤ √5  =>  -√5 ≤ x ≤ √5</p><p>Combining both conditions, the domain is x such that x ∈ [-√5, -√3] ∪ [√3, √5].</p><p><b>OR</p></b><p><b>(b) Evaluate cos⁻¹[cos(-7π/3)]:</b></p><p>We know that cos(-θ) = cos(θ). So, cos(-7π/3) = cos(7π/3).</p><p>We can write 7π/3 as 2π + π/3.</p><p>Since cos(2π + θ) = cos(θ), we have cos(7π/3) = cos(2π + π/3) = cos(π/3).</p><p>The expression becomes cos⁻¹[cos(π/3)].</p><p>The principal value range for cos⁻¹(x) is [0, π]. Since π/3 lies within this range, cos⁻¹[cos(π/3)] = π/3.</p>"
                    },
                    "question_type": "Very Short Answer (2 marks)",
                    "difficulty_level": "medium",
                    "explanation_html": null
                  }
                ]
              },
              {
                "chapter_name": "Continuity and Differentiability",
                "questions": [
                  {
                    "question_no": 22,
                    "question_html": "<p>If (x² + y²)² = xy, then find dy/dx.</p>",
                    "options": [],
                    "correct_answer": {
                      "text": "<p>We use implicit differentiation with respect to x on both sides of the equation (x² + y²)² = xy.</p><p>Differentiating the left side using the chain rule:</p><p>2(x² + y²)^(2-1) * d/dx(x² + y²) = 2(x² + y²)(2x + 2y(dy/dx))</p><p>Differentiating the right side using the product rule:</p><p>d/dx(xy) = (1)(y) + (x)(dy/dx) = y + x(dy/dx)</p><p>Now, equate the derivatives:</p><p>2(x² + y²)(2x + 2y(dy/dx)) = y + x(dy/dx)</p><p>4x(x² + y²) + 4y(x² + y²)(dy/dx) = y + x(dy/dx)</p><p>Group the terms with dy/dx on one side:</p><p>4y(x² + y²)(dy/dx) - x(dy/dx) = y - 4x(x² + y²)</p><p>[4y(x² + y²) - x](dy/dx) = y - 4x(x² + y²)</p><p>Solve for dy/dx:</p><p>dy/dx = [y - 4x(x² + y²)] / [4y(x² + y²) - x]</p>"
                    },
                    "question_type": "Very Short Answer (2 marks)",
                    "difficulty_level": "medium",
                    "explanation_html": null
                  }
                ]
              },
              {
                "chapter_name": "Application of Derivatives",
                "questions": [
                  {
                    "question_no": 23,
                    "question_html": "<p>Find the maximum and minimum values of the function given by f(x) = 5 + sin 2x.</p>",
                    "options": [],
                    "correct_answer": {
                      "text": "<p>The range of the sine function, sin(θ), is [-1, 1].</p><p>Therefore, for any value of x, we have:</p><p>-1 ≤ sin(2x) ≤ 1</p><p>To find the range of f(x) = 5 + sin(2x), we add 5 to all parts of the inequality:</p><p>5 - 1 ≤ 5 + sin(2x) ≤ 5 + 1</p><p>4 ≤ f(x) ≤ 6</p><p>From this, we can see that:</p><p>The minimum value of the function is 4.</p><p>The maximum value of the function is 6.</p>"
                    },
                    "question_type": "Very Short Answer (2 marks)",
                    "difficulty_level": "easy",
                    "explanation_html": null
                  }
                ]
              },
              {
                "chapter_name": "Vector Algebra",
                "questions": [
                  {
                    "question_no": 24,
                    "question_html": "<p>If the projection of the vector î + ĵ + k̂ on the vector pî + ĵ - 2k̂ is 1/3, then find the value(s) of p.</p>",
                    "options": [],
                    "correct_answer": {
                      "text": "<p>Let vector a = î + ĵ + k̂ and vector b = pî + ĵ - 2k̂.</p><p>The projection of vector a on vector b is given by the formula (a · b) / |b|.</p><p>First, calculate the dot product a · b:</p><p>a · b = (1)(p) + (1)(1) + (1)(-2) = p - 1</p><p>Next, calculate the magnitude of vector b:</p><p>|b| = √[p² + 1² + (-2)²] = √[p² + 1 + 4] = √(p² + 5)</p><p>We are given that the projection is 1/3:</p><p>(p - 1) / √(p² + 5) = 1/3</p><p>Cross-multiply: 3(p - 1) = √(p² + 5)</p><p>Square both sides: [3(p - 1)]² = [√(p² + 5)]²</p><p>9(p² - 2p + 1) = p² + 5</p><p>9p² - 18p + 9 = p² + 5</p><p>8p² - 18p + 4 = 0</p><p>Divide by 2: 4p² - 9p + 2 = 0</p><p>Factor the quadratic equation: 4p² - 8p - p + 2 = 0</p><p>4p(p - 2) - 1(p - 2) = 0</p><p>(4p - 1)(p - 2) = 0</p><p>Thus, the possible values for p are p = 2 or p = 1/4.</p>"
                    },
                    "question_type": "Very Short Answer (2 marks)",
                    "difficulty_level": "medium",
                    "explanation_html": null
                  }
                ]
              },
              {
                "chapter_name": "Three Dimensional Geometry",
                "questions": [
                  {
                    "question_no": 25,
                    "question_html": "<p>(a) Find the vector equation of the line passing through the point (2, 1, 3) and perpendicular to both the lines (x-1)/1 = (y-2)/2 = (z-3)/3 ; x/(-3) = y/2 = z/5.</p><p>OR</p><p>(b) The equations of a line are 5x – 3 = 15y + 7 = 3 – 10z. Write the direction cosines of the line and find the coordinates of a point through which it passes.</p>",
                    "options": [],
                    "correct_answer": {
                      "text": "<p><b>(a) Vector Equation of the Line:</b></p><p>The required line passes through the point with position vector a = 2î + ĵ + 3k̂.</p><p>The direction vector of the first given line is b₁ = î + 2ĵ + 3k̂.</p><p>The direction vector of the second given line is b₂ = -3î + 2ĵ + 5k̂.</p><p>The required line is perpendicular to both given lines, so its direction vector b is parallel to the cross product b₁ × b₂.</p><p>b = b₁ × b₂ = |î, ĵ, k̂; 1, 2, 3; -3, 2, 5| = î(10-6) - ĵ(5-(-9)) + k̂(2-(-6)) = 4î - 14ĵ + 8k̂.</p><p>We can use any scalar multiple of this vector, so let's use b' = 2î - 7ĵ + 4k̂.</p><p>The vector equation of the required line is r = a + λb' = (2î + ĵ + 3k̂) + λ(2î - 7ĵ + 4k̂).</p><p><b>OR</p></b><p><b>(b) Direction Cosines and Point on Line:</b></p><p>First, convert the given Cartesian equation to the standard form (x-x₁)/a = (y-y₁)/b = (z-z₁)/c.</p><p>5x - 3 = 15y + 7 = 3 - 10z</p><p>5(x - 3/5) = 15(y + 7/15) = -10(z - 3/10)</p><p>To make the coefficients of the terms in parentheses equal to 1, we divide by the LCM of 5, 15, and 10, which is 30.</p><p>(x - 3/5)/6 = (y + 7/15)/2 = (z - 3/10)/(-3)</p><p>From this standard form, we can identify:</p><p>A point on the line: (3/5, -7/15, 3/10).</p><p>Direction ratios: (a, b, c) = (6, 2, -3).</p><p>To find the direction cosines (l, m, n), we divide the direction ratios by the magnitude of the direction vector: √(6² + 2² + (-3)²) = √(36 + 4 + 9) = √49 = 7.</p><p>Direction cosines are: (6/7, 2/7, -3/7).</p>"
                    },
                    "question_type": "Very Short Answer (2 marks)",
                    "difficulty_level": "medium",
                    "explanation_html": null
                  }
                ]
              },
              {
                "chapter_name": "Integrals",
                "questions": [
                  {
                    "question_no": 26,
                    "question_html": "<p>Find : ∫ (x² + x + 1) / [(x+1)²(x+2)] dx</p>",
                    "options": [],
                    "correct_answer": {
                      "text": "<p>We use the method of partial fractions. Let the integrand be:</p><p>(x² + x + 1) / [(x+1)²(x+2)] = A/(x+1) + B/(x+1)² + C/(x+2)</p><p>Multiplying both sides by (x+1)²(x+2), we get:</p><p>x² + x + 1 = A(x+1)(x+2) + B(x+2) + C(x+1)²</p><p>To find the constants:</p><p>- Substitute x = -1: (-1)² + (-1) + 1 = B(-1+2) => 1 = B.</p><p>- Substitute x = -2: (-2)² + (-2) + 1 = C(-2+1)² => 3 = C.</p><p>- Substitute x = 0: 1 = A(1)(2) + B(2) + C(1) => 1 = 2A + 2B + C.</p><p>  1 = 2A + 2(1) + 3 => 1 = 2A + 5 => 2A = -4 => A = -2.</p><p>So the integral becomes:</p><p>∫ [-2/(x+1) + 1/(x+1)² + 3/(x+2)] dx</p><p>= -2∫ dx/(x+1) + ∫ (x+1)⁻² dx + 3∫ dx/(x+2)</p><p>= -2 ln|x+1| + [(x+1)⁻¹ / -1] + 3 ln|x+2| + C</p><p>= -2 ln|x+1| - 1/(x+1) + 3 ln|x+2| + C</p>"
                    },
                    "question_type": "Short Answer (3 marks)",
                    "difficulty_level": "medium",
                    "explanation_html": null
                  }
                ]
              },
              {
                "chapter_name": "Integrals",
                "questions": [
                  {
                    "question_no": 27,
                    "question_html": "<p>(a) Evaluate : ∫[π/4, π/2] e²ˣ((1-sin2x)/(1-cos2x)) dx</p><p>OR</p><p>(b) Evaluate : ∫[-2, 2] x² / (1+5ˣ) dx</p>",
                    "options": [],
                    "correct_answer": {
                      "text": "<p><b>(a) Evaluation:</b></p><p>First, simplify the trigonometric part: (1-sin2x)/(1-cos2x) = (1-2sinxcosx)/(2sin²x) = (1/2)cosec²x - cotx.</p><p>The integral becomes ∫ e²ˣ( (1/2)cosec²x - cotx ) dx. This doesn't seem to fit the standard ∫eˣ(f(x)+f'(x)) form directly.</p><p>Let's try substitution. Let t = 2x, so dt = 2dx. When x=π/4, t=π/2. When x=π/2, t=π.</p><p>I = (1/2) ∫[π/2, π] eᵗ((1-sint)/(1-cost)) dt. Simplify the integrand: (1-sint)/(1-cost) = (1-2sin(t/2)cos(t/2))/(2sin²(t/2)) = (1/2)cosec²(t/2) - cot(t/2).</p><p>The integral is I = (1/2) ∫[π/2, π] eᵗ( (1/2)cosec²(t/2) - cot(t/2) ) dt. This is still not in a simple form. Let's reconsider the initial simplification. An alternative approach is needed. Let's use the property ∫ eᵃˣ(f(x) + f'(x)/a). This is not a standard property.</p><p>Let's use the provided solution as a guide: The integral is simplified to ∫ eᵗ( (1/2)cosec²(t/2) - cot(t/2) ) dt. It seems there is a relation with f(t)=-cot(t/2). Then f'(t) = -(-cosec²(t/2)*(1/2)) = (1/2)cosec²(t/2). So the integral is of the form ∫eᵗ(f(t)+f'(t))dt. The solution is eᵗf(t) = -eᵗcot(t/2).</p><p>Evaluating [-eᵗcot(t/2)] from π/2 to π: [-e^π cot(π/2)] - [-e^(π/2) cot(π/4)] = [-e^π * 0] - [-e^(π/2) * 1] = e^(π/2).</p><p>The factor of (1/2) from the substitution dt=2dx was missed. So the answer is (1/2)e^(π/2).</p><p><b>OR</p></b><p><b>(b) Evaluation using properties of definite integrals:</b></p><p>Let I = ∫[-2, 2] x² / (1+5ˣ) dx.  ---(1)</p><p>Using the property ∫[a,b] f(x) dx = ∫[a,b] f(a+b-x) dx. Here a=-2, b=2, so a+b=0.</p><p>I = ∫[-2, 2] (-x)² / (1+5⁻ˣ) dx = ∫[-2, 2] x² / (1 + 1/5ˣ) dx</p><p>I = ∫[-2, 2] x² / ((5ˣ+1)/5ˣ) dx = ∫[-2, 2] (x² * 5ˣ) / (1+5ˣ) dx.  ---(2)</p><p>Adding equations (1) and (2):</p><p>2I = ∫[-2, 2] [x²/(1+5ˣ) + (x²*5ˣ)/(1+5ˣ)] dx</p><p>2I = ∫[-2, 2] [x²(1+5ˣ)] / (1+5ˣ) dx = ∫[-2, 2] x² dx.</p><p>Since x² is an even function, 2I = 2 ∫[0, 2] x² dx.</p><p>I = ∫[0, 2] x² dx = [x³/3] from 0 to 2 = (2³/3) - 0 = 8/3.</p>"
                    },
                    "question_type": "Short Answer (3 marks)",
                    "difficulty_level": "hard",
                    "explanation_html": null
                  }
                ]
              },
              {
                "chapter_name": "Integrals",
                "questions": [
                  {
                    "question_no": 28,
                    "question_html": "<p>(a) Find : ∫ eˣ / √(5 - 4eˣ - e²ˣ) dx</p><p>OR</p><p>(b) Evaluate : ∫[0, π/2] √sin(x) cos⁵(x) dx</p>",
                    "options": [],
                    "correct_answer": {
                      "text": "<p><b>(a) Integration:</b></p><p>Let t = eˣ, then dt = eˣ dx.</p><p>The integral becomes ∫ dt / √(5 - 4t - t²).</p><p>Now, complete the square for the expression under the square root:</p><p>5 - 4t - t² = -(t² + 4t - 5) = -[(t² + 4t + 4) - 4 - 5] = -[(t+2)² - 9] = 9 - (t+2)² = 3² - (t+2)².</p><p>The integral is ∫ dt / √(3² - (t+2)²).</p><p>This is in the standard form ∫ dx / √(a² - x²), which equals sin⁻¹(x/a) + C.</p><p>So, the integral is sin⁻¹((t+2)/3) + C.</p><p>Substituting back t = eˣ, the final answer is sin⁻¹((eˣ+2)/3) + C.</p><p><b>OR</p></b><p><b>(b) Evaluation:</b></p><p>Let I = ∫[0, π/2] √sin(x) cos⁵(x) dx = ∫[0, π/2] √sin(x) cos⁴(x) cos(x) dx.</p><p>I = ∫[0, π/2] √sin(x) (1 - sin²(x))² cos(x) dx.</p><p>Let t = sin(x), then dt = cos(x) dx. The limits of integration change: when x=0, t=0; when x=π/2, t=1.</p><p>I = ∫[0, 1] √t (1 - t²)² dt = ∫[0, 1] t¹/² (1 - 2t² + t⁴) dt</p><p>I = ∫[0, 1] (t¹/² - 2t⁵/² + t⁹/²) dt</p><p>Integrating term by term:</p><p>I = [t³/² / (3/2) - 2t⁷/² / (7/2) + t¹¹/² / (11/2)] from 0 to 1.</p><p>I = [(2/3)t³/² - (4/7)t⁷/² + (2/11)t¹¹/²] from 0 to 1.</p><p>I = (2/3 - 4/7 + 2/11) - 0</p><p>I = (154 - 132 + 42) / 231 = 64/231.</p>"
                    },
                    "question_type": "Short Answer (3 marks)",
                    "difficulty_level": "medium",
                    "explanation_html": null
                  }
                ]
              },
              {
                "chapter_name": "Differential Equations",
                "questions": [
                  {
                    "question_no": 29,
                    "question_html": "<p>(a) Find the particular solution of the differential equation dy/dx = (x+y)/x , y(1) = 0.</p><p>OR</p><p>(b) Find the general solution of the differential equation eˣ tan(y) dx + (1 - eˣ) sec²(y) dy = 0.</p>",
                    "options": [],
                    "correct_answer": {
                      "text": "<p><b>(a) Particular Solution:</b></p><p>The equation dy/dx = (x+y)/x can be written as dy/dx = 1 + y/x. This is a homogeneous differential equation.</p><p>Let y = vx, then dy/dx = v + x(dv/dx).</p><p>Substituting into the equation: v + x(dv/dx) = 1 + v</p><p>x(dv/dx) = 1 => dv = dx/x</p><p>Integrating both sides: ∫dv = ∫dx/x</p><p>v = ln|x| + C</p><p>Substitute back v = y/x: y/x = ln|x| + C => y = x ln|x| + Cx.</p><p>Given the initial condition y(1) = 0 (when x=1, y=0):</p><p>0 = 1 * ln|1| + C(1) => 0 = 0 + C => C = 0.</p><p>The particular solution is y = x ln|x|.</p><p><b>OR</p></b><p><b>(b) General Solution:</b></p><p>The equation is eˣ tan(y) dx + (1 - eˣ) sec²(y) dy = 0. This is a variable separable equation.</p><p>Rearrange the terms: (1 - eˣ) sec²(y) dy = -eˣ tan(y) dx</p><p>Separate the variables: sec²(y)/tan(y) dy = -eˣ/(1 - eˣ) dx</p><p>Integrate both sides: ∫ sec²(y)/tan(y) dy = ∫ -eˣ/(1 - eˣ) dx</p><p>For the left integral, let u = tan(y), du = sec²(y)dy. ∫du/u = ln|u| = ln|tan(y)|.</p><p>For the right integral, let v = 1 - eˣ, dv = -eˣdx. ∫dv/v = ln|v| = ln|1 - eˣ|.</p><p>So, ln|tan(y)| = ln|1 - eˣ| + C.</p><p>Let C = ln|C₁|.</p><p>ln|tan(y)| = ln|C₁(1 - eˣ)|</p><p>tan(y) = C₁(1 - eˣ).</p>"
                    },
                    "question_type": "Short Answer (3 marks)",
                    "difficulty_level": "medium",
                    "explanation_html": null
                  }
                ]
              },
              {
                "chapter_name": "Linear Programming",
                "questions": [
                  {
                    "question_no": 30,
                    "question_html": "<p>Solve the following linear programming problem graphically :</p><p>Minimise : z = –3x + 4y</p><p>subject to the constraints</p><p>x + 2y ≤ 8,</p><p>3x + 2y ≤ 12,</p><p>x, y ≥ 0.</p>",
                    "options": [],
                    "correct_answer": {
                      "text": "<p>1.  **Graph the constraints:**</p><ul><li>x + 2y = 8: Passes through (8, 0) and (0, 4). The region is towards the origin (0+0 ≤ 8).</li><li>3x + 2y = 12: Passes through (4, 0) and (0, 6). The region is towards the origin (0+0 ≤ 12).</li><li>x ≥ 0, y ≥ 0: This restricts the solution to the first quadrant.</li></ul><p>2.  **Identify the Feasible Region:** The feasible region is the area bounded by the vertices O(0,0), A(4,0), E, and B(0,4).</p><p>3.  **Find the Corner Points:**</p><ul><li>O = (0, 0)</li><li>A = (4, 0)</li><li>B = (0, 4)</li><li>To find E, solve the system of equations:</li><ul><li>x + 2y = 8</li><li>3x + 2y = 12</li><li>Subtracting the first from the second: 2x = 4 => x = 2.</li><li>Substituting x=2 into the first equation: 2 + 2y = 8 => 2y = 6 => y = 3.</li><li>So, E = (2, 3).</li></ul></ul><p>4.  **Evaluate the Objective Function z = –3x + 4y at each corner point:**</p><ul><li>At O(0, 0): z = -3(0) + 4(0) = 0</li><li>At A(4, 0): z = -3(4) + 4(0) = -12</li><li>At E(2, 3): z = -3(2) + 4(3) = -6 + 12 = 6</li><li>At B(0, 4): z = -3(0) + 4(4) = 16</li></ul><p>5.  **Determine the Minimum Value:** The minimum value of z is -12, which occurs at the point (4, 0).</p>"
                    },
                    "question_type": "Long Answer (5 marks)",
                    "difficulty_level": "medium",
                    "explanation_html": null
                  }
                ]
              },
              {
                "chapter_name": "Probability",
                "questions": [
                  {
                    "question_no": 31,
                    "question_html": "<p>From a lot of 30 bulbs which include 6 defective bulbs, a sample of 2 bulbs is drawn at random one by one with replacement. Find the probability distribution of the number of defective bulbs and hence find the mean number of defective bulbs.</p>",
                    "options": [],
                    "correct_answer": {
                      "text": "<p>This is a binomial distribution problem as the draws are independent (with replacement).</p><p>Total bulbs = 30, Defective bulbs = 6, Non-defective bulbs = 24.</p><p>Probability of drawing a defective bulb (success), p = 6/30 = 1/5.</p><p>Probability of drawing a non-defective bulb (failure), q = 1 - p = 1 - 1/5 = 4/5.</p><p>Number of trials, n = 2.</p><p>Let X be the random variable representing the number of defective bulbs. X can take values 0, 1, 2.</p><p><b>Probability Distribution:</b></p><ul><li>P(X=0) = P(no defective) = q * q = (4/5) * (4/5) = 16/25.</li><li>P(X=1) = P(one defective) = C(2,1) * p¹ * q¹ = 2 * (1/5) * (4/5) = 8/25.</li><li>P(X=2) = P(two defective) = p * p = (1/5) * (1/5) = 1/25.</li></ul><p>The probability distribution is:</p><p>X | 0 | 1 | 2</p><p>---|---|---|---</p><p>P(X)| 16/25 | 8/25 | 1/25</p><p><b>Mean Number of Defective Bulbs:</b></p><p>The mean (μ or E(X)) is given by the formula for a binomial distribution: μ = np.</p><p>μ = 2 * (1/5) = 2/5 = 0.4.</p><p>Alternatively, using the distribution table:</p><p>μ = Σ[X * P(X)] = (0 * 16/25) + (1 * 8/25) + (2 * 1/25) = 0 + 8/25 + 2/25 = 10/25 = 2/5 = 0.4.</p>"
                    },
                    "question_type": "Long Answer (5 marks)",
                    "difficulty_level": "medium",
                    "explanation_html": null
                  }
                ]
              },
              {
                "chapter_name": "Matrices",
                "questions": [
                  {
                    "question_no": 32,
                    "question_html": "<p>Find the inverse of the matrix A = [1, -1, 2; 0, 2, -3; 3, -2, 4]. Using the inverse, A⁻¹, solve the system of linear equations</p><p>x – y + 2z = 1; 2y – 3z = 1; 3x – 2y + 4z = 3.</p>",
                    "options": [],
                    "correct_answer": {
                      "text": "<p><b>1. Find the inverse of A:</b></p><p>First, calculate the determinant of A:</p><p>|A| = 1(2*4 - (-3)*(-2)) - (-1)(0*4 - (-3)*3) + 2(0*(-2) - 2*3)</p><p>|A| = 1(8 - 6) + 1(0 + 9) + 2(0 - 6) = 2 + 9 - 12 = -1.</p><p>Since |A| ≠ 0, the inverse exists.</p><p>Next, find the adjugate of A (transpose of the cofactor matrix):</p><ul><li>C₁₁ = +(8-6)=2, C₁₂ = -(0+9)=-9, C₁₃ = +(0-6)=-6</li><li>C₂₁ = -(-4+4)=0, C₂₂ = +(4-6)=-2, C₂₃ = -(-2+3)=-1</li><li>C₃₁ = +(3-4)=-1, C₃₂ = -(-3-0)=3, C₃₃ = +(2-0)=2</li></ul><p>Cofactor Matrix = [2, -9, -6; 0, -2, -1; -1, 3, 2]</p><p>Adjugate Matrix (adj A) = Transpose of Cofactor Matrix = [2, 0, -1; -9, -2, 3; -6, -1, 2]</p><p>A⁻¹ = (1/|A|) * adj A = (1/-1) * [2, 0, -1; -9, -2, 3; -6, -1, 2] = [-2, 0, 1; 9, 2, -3; 6, 1, -2].</p><p><b>2. Solve the system of equations:</b></p><p>The system can be written in matrix form AX = B, where:</p><p>A = [1, -1, 2; 0, 2, -3; 3, -2, 4]</p><p>X = [x; y; z]</p><p>B = [1; 1; 3]</p><p>The solution is X = A⁻¹B.</p><p>X = [-2, 0, 1; 9, 2, -3; 6, 1, -2] * [1; 1; 3]</p><p>[x; y; z] = [(-2*1 + 0*1 + 1*3); (9*1 + 2*1 - 3*3); (6*1 + 1*1 - 2*3)]</p><p>[x; y; z] = [(-2 + 0 + 3); (9 + 2 - 9); (6 + 1 - 6)]</p><p>[x; y; z] = [1; 2; 1]</p><p>Therefore, the solution is x = 1, y = 2, z = 1.</p>"
                    },
                    "question_type": "Long Answer (5 marks)",
                    "difficulty_level": "hard",
                    "explanation_html": null
                  }
                ]
              },
              {
                "chapter_name": "Application of Integrals",
                "questions": [
                  {
                    "question_no": 33,
                    "question_html": "<p>Using integration, find the area of the region bounded by the parabola y² = 4ax and its latus rectum.</p>",
                    "options": [],
                    "correct_answer": {
                      "text": "<p>The parabola is y² = 4ax. This is a right-opening parabola with its vertex at the origin (0,0).</p><p>The latus rectum of this parabola is a line perpendicular to the axis of symmetry (x-axis) and passing through the focus. The focus is at the point (a, 0). Therefore, the equation of the latus rectum is x = a.</p><p>We need to find the area of the region bounded by y² = 4ax and x = a.</p><p>From y² = 4ax, we have y = ±√(4ax) = ±2√a√x.</p><p>The required area is symmetric about the x-axis. We can calculate the area in the first quadrant and multiply it by 2.</p><p>Area = 2 * ∫[from 0 to a] y dx</p><p>Area = 2 * ∫[0, a] 2√a√x dx = 4√a ∫[0, a] x^(1/2) dx</p><p>Using the power rule for integration:</p><p>Area = 4√a * [x^(3/2) / (3/2)] from 0 to a</p><p>Area = 4√a * (2/3) * [x^(3/2)] from 0 to a</p><p>Area = (8√a / 3) * [a^(3/2) - 0^(3/2)]</p><p>Area = (8√a / 3) * a√a = (8/3) * (√a * a√a) = (8/3)a² square units.</p>"
                    },
                    "question_type": "Long Answer (5 marks)",
                    "difficulty_level": "medium",
                    "explanation_html": null
                  }
                ]
              },
              {
                "chapter_name": "Relations and Functions",
                "questions": [
                  {
                    "question_no": 34,
                    "question_html": "<p>(a) If N denotes the set of all natural numbers and R is the relation on N × N defined by (a, b) R (c, d), if ad(b + c) = bc(a + d). Show that R is an equivalence relation.</p><p>OR</p><p>(b) Let f : R – {–4/3} → R be a function defined as f(x) = (4x)/(3x + 4). Show that f is a one-one function. Also, check whether f is an onto function or not.</p>",
                    "options": [],
                    "correct_answer": {
                      "text": "<p><b>(a) Equivalence Relation:</b></p><p>The relation is (a, b) R (c, d) if ad(b + c) = bc(a + d). This can be rewritten as (b+c)/bc = (a+d)/ad, which simplifies to 1/c + 1/b = 1/d + 1/a.</p><p><b>1. Reflexive:</b> We need to show (a,b) R (a,b). This means a*b(b+a) = b*a(a+b), which is always true. So R is reflexive.</p><p><b>2. Symmetric:</b> Assume (a,b) R (c,d). This means ad(b+c) = bc(a+d). We need to show (c,d) R (a,b), which means cb(d+a) = da(c+b). Since multiplication and addition are commutative, ad(b+c) = da(c+b) and bc(a+d) = cb(d+a). Therefore, the condition holds. So R is symmetric.</p><p><b>3. Transitive:</b> Assume (a,b) R (c,d) and (c,d) R (e,f). This means 1/d+1/c = 1/b+1/a and 1/f+1/e = 1/d+1/c. From these two equations, we can conclude that 1/f+1/e = 1/b+1/a. This is the condition for (a,b) R (e,f). So R is transitive.</p><p>Since R is reflexive, symmetric, and transitive, it is an equivalence relation.</p><p><b>OR</p></b><p><b>(b) One-one and Onto Function:</b></p><p><b>1. One-one:</b> Let f(x₁) = f(x₂).</p><p>4x₁ / (3x₁ + 4) = 4x₂ / (3x₂ + 4)</p><p>4x₁(3x₂ + 4) = 4x₂(3x₁ + 4)</p><p>12x₁x₂ + 16x₁ = 12x₁x₂ + 16x₂</p><p>16x₁ = 16x₂ => x₁ = x₂.</p><p>Since f(x₁) = f(x₂) implies x₁ = x₂, the function f is one-one.</p><p><b>2. Onto:</b> Let y be an arbitrary element in the codomain R. We check if there exists an x in the domain such that f(x) = y.</p><p>y = 4x / (3x + 4)</p><p>y(3x + 4) = 4x</p><p>3xy + 4y = 4x</p><p>4y = 4x - 3xy = x(4 - 3y)</p><p>x = 4y / (4 - 3y)</p><p>For x to be defined, the denominator cannot be zero, so 4 - 3y ≠ 0, which means y ≠ 4/3.</p><p>This shows that for y = 4/3 (which is in the codomain R), there is no corresponding x in the domain. Therefore, the range of f is R - {4/3}, which is not equal to the codomain R. Hence, f is not an onto function.</p>"
                    },
                    "question_type": "Long Answer (5 marks)",
                    "difficulty_level": "hard",
                    "explanation_html": null
                  }
                ]
              },
              {
                "chapter_name": "Three Dimensional Geometry",
                "questions": [
                  {
                    "question_no": 35,
                    "question_html": "<p>(a) Show that the following lines do not intersect each other :</p><p>(x-1)/3 = (y+1)/2 = (z-1)/5 ; (x+2)/4 = (y-1)/3 = (z+1)/(-2)</p><p>OR</p><p>(b) Find the angle between the lines 2x = 3y = –z and 6x = –y = –4z.</p>",
                    "options": [],
                    "correct_answer": {
                      "text": "<p><b>(a) Intersection of Lines:</b></p><p>Line 1: (x-1)/3 = (y+1)/2 = (z-1)/5 = λ. A general point is (3λ+1, 2λ-1, 5λ+1).</p><p>Line 2: (x+2)/4 = (y-1)/3 = (z+1)/(-2) = μ. A general point is (4μ-2, 3μ+1, -2μ-1).</p><p>If they intersect, there exist λ and μ such that the coordinates are equal:</p><p>1. 3λ + 1 = 4μ - 2 => 3λ - 4μ = -3</p><p>2. 2λ - 1 = 3μ + 1 => 2λ - 3μ = 2</p><p>3. 5λ + 1 = -2μ - 1 => 5λ + 2μ = -2</p><p>Solving (1) and (2): Multiply (1) by 2 and (2) by 3.</p><p>6λ - 8μ = -6</p><p>6λ - 9μ = 6</p><p>Subtracting them gives μ = -12. Substituting back into (2): 2λ - 3(-12) = 2 => 2λ + 36 = 2 => 2λ = -34 => λ = -17.</p><p>Now, check if these values satisfy equation (3):</p><p>5(-17) + 2(-12) = -85 - 24 = -109. This is not equal to -2.</p><p>Since the values of λ and μ do not satisfy the third equation, the lines do not intersect.</p><p><b>OR</p></b><p><b>(b) Angle between Lines:</b></p><p>First, write the lines in standard form to find their direction ratios.</p><p>Line 1: 2x = 3y = -z => x/(1/2) = y/(1/3) = z/(-1). To get integer ratios, multiply by 6: x/3 = y/2 = z/(-6). So, direction ratios are a₁=3, b₁=2, c₁=-6.</p><p>Line 2: 6x = -y = -4z => x/(1/6) = y/(-1) = z/(-1/4). To get integer ratios, multiply by 12: x/2 = y/(-12) = z/(-3). So, direction ratios are a₂=2, b₂=-12, c₂=-3.</p><p>The angle θ between the lines is given by:</p><p>cos θ = |a₁a₂ + b₁b₂ + c₁c₂| / [√(a₁²+b₁²+c₁²) * √(a₂²+b₂²+c₂²)]</p><p>cos θ = |(3)(2) + (2)(-12) + (-6)(-3)| / [√(9+4+36) * √(4+144+9)]</p><p>cos θ = |6 - 24 + 18| / [√49 * √157] = |0| / (7√157) = 0.</p><p>Since cos θ = 0, the angle between the lines is θ = 90°.</p>"
                    },
                    "question_type": "Long Answer (5 marks)",
                    "difficulty_level": "hard",
                    "explanation_html": null
                  }
                ]
              },
              {
                "chapter_name": "Continuity and Differentiability",
                "questions": [
                  {
                    "question_no": 36,
                    "question_html": "<p><b>Case Study – 1</b></p><p>Let f(x) be a real valued function. Then its</p><ul><li>Left Hand Derivative (L.H.D.) : Lf'(a) = lim(h→0) [f(a-h) - f(a)] / (-h)</li><li>Right Hand Derivative (R.H.D.) : Rf'(a) = lim(h→0) [f(a+h) - f(a)] / h</li></ul><p>Also, a function f(x) is said to be differentiable at x = a if its L.H.D. and R.H.D. at x = a exist and both are equal.</p><p>For the function f(x) = { |x-3|, if x ≥ 1; x²/4 - 3x/2 + 13/4, if x < 1 }, answer the following questions :</p><p>(i) What is R.H.D. of f(x) at x = 1 ?</p><p>(ii) What is L.H.D. of f(x) at x = 1 ?</p><p>(iii) (a) Check if the function f(x) is differentiable at x = 1. OR (b) Find f'(2) and f'(–1).</p>",
                    "options": [],
                    "correct_answer": {
                      "text": "<p>First, let's find f(1) using the first part of the definition (since x ≥ 1): f(1) = |1-3| = |-2| = 2.</p><p><b>(i) R.H.D. at x = 1:</b></p><p>We use the definition f(x) = |x-3| for x > 1.</p><p>Rf'(1) = lim(h→0) [f(1+h) - f(1)] / h = lim(h→0) [|1+h-3| - 2] / h</p><p>= lim(h→0) [|-2+h| - 2] / h. Since h is a small positive number, -2+h is negative, so |-2+h| = -(-2+h) = 2-h.</p><p>= lim(h→0) [2-h - 2] / h = lim(h→0) [-h/h] = -1.</p><p><b>(ii) L.H.D. at x = 1:</b></p><p>We use the definition f(x) = x²/4 - 3x/2 + 13/4 for x < 1.</p><p>Lf'(1) = lim(h→0) [f(1-h) - f(1)] / (-h) = lim(h→0) [((1-h)²/4 - 3(1-h)/2 + 13/4) - 2] / (-h)</p><p>= lim(h→0) [(1-2h+h²)/4 - (6-6h)/4 + 13/4 - 8/4] / (-h)</p><p>= lim(h→0) [1-2h+h² - 6+6h + 13 - 8] / (-4h)</p><p>= lim(h→0) [h² + 4h] / (-4h) = lim(h→0) [h(h+4)] / (-4h) = (0+4)/(-4) = -1.</p><p><b>(iii) (a) Differentiability at x = 1:</b></p><p>Since the R.H.D. at x=1 is -1 and the L.H.D. at x=1 is also -1, the left and right hand derivatives are equal. Therefore, the function f(x) is differentiable at x = 1.</p><p><b>OR (b) Finding f'(2) and f'(-1):</b></p><p>For f'(2), we use f(x) = |x-3| since 2 > 1. For x < 3, |x-3| = -(x-3) = 3-x. So f(x) = 3-x. Then f'(x) = -1. Thus, f'(2) = -1.</p><p>For f'(-1), we use f(x) = x²/4 - 3x/2 + 13/4 since -1 < 1. Then f'(x) = (2x)/4 - 3/2 = x/2 - 3/2. Thus, f'(-1) = (-1)/2 - 3/2 = -4/2 = -2.</p>"
                    },
                    "question_type": "Case-based Subjective",
                    "difficulty_level": "hard",
                    "explanation_html": null
                  }
                ]
              },
              {
                "chapter_name": "Probability",
                "questions": [
                  {
                    "question_no": 37,
                    "question_html": "<p><b>Case Study – 2</b></p><p>A building contractor undertakes a job to construct 4 flats on a plot along with parking area. Due to strike the probability of many construction workers not being present for the job is 0.65. The probability that many are not present and still the work gets completed on time is 0.35. The probability that work will be completed on time when all workers are present is 0.80.</p><p>Let : E₁ : represent the event when many workers were not present for the job; E₂ : represent the event when all workers were present; and E : represent completing the construction work on time.</p><p>Based on the above information, answer the following questions :</p><p>(i) What is the probability that all the workers are present for the job ?</p><p>(ii) What is the probability that construction will be completed on time ?</p><p>(iii) (a) What is the probability that many workers are not present given that the construction work is completed on time ? OR (b) What is the probability that all workers were present given that the construction job was completed on time ?</p>",
                    "options": [],
                    "correct_answer": {
                      "text": "<p>From the problem statement:</p><ul><li>P(E₁) = 0.65 (many workers not present)</li><li>P(E and E₁) = 0.35 (not present AND work completed)</li><li>P(E | E₂) = 0.80 (work completed GIVEN all workers present)</li></ul><p>We can find P(E | E₁) = P(E and E₁) / P(E₁) = 0.35 / 0.65 = 35/65 = 7/13.</p><p><b>(i) Probability that all workers are present:</b></p><p>The events E₁ (many not present) and E₂ (all present) are mutually exclusive and exhaustive. Therefore, P(E₂) = 1 - P(E₁) = 1 - 0.65 = 0.35.</p><p><b>(ii) Probability that construction will be completed on time:</b></p><p>Using the Law of Total Probability: P(E) = P(E₁) * P(E | E₁) + P(E₂) * P(E | E₂)</p><p>P(E) = (0.65 * (7/13)) + (0.35 * 0.80) = 0.35 + 0.28 = 0.63.</p><p>Alternatively, using the given P(E and E₁) = 0.35 directly:</p><p>P(E) = P(E and E₁) + P(E and E₂) = P(E and E₁) + P(E₂) * P(E | E₂) = 0.35 + (0.35 * 0.80) = 0.35 + 0.28 = 0.63.</p><p><b>(iii) (a) P(E₁ | E) using Bayes' Theorem:</b></p><p>P(E₁ | E) = [P(E₁) * P(E | E₁)] / P(E) = [0.65 * (7/13)] / 0.63 = 0.35 / 0.63 = 35/63 = 5/9.</p><p><b>OR (b) P(E₂ | E) using Bayes' Theorem:</b></p><p>P(E₂ | E) = [P(E₂) * P(E | E₂)] / P(E) = [0.35 * 0.80] / 0.63 = 0.28 / 0.63 = 28/63 = 4/9.</p><p>(Note: The sum of (a) and (b) is 5/9 + 4/9 = 1, as expected).</p>"
                    },
                    "question_type": "Case-based Subjective",
                    "difficulty_level": "hard",
                    "explanation_html": null
                  }
                ]
              },
              {
                "chapter_name": "Application of Derivatives",
                "questions": [
                  {
                    "question_no": 38,
                    "question_html": "<p><b>Case Study – 3</b></p><p>Sooraj's father wants to construct a rectangular garden using a brick wall on one side of the garden and wire fencing for the other three sides as shown in the figure. He has 200 metres of fencing wire.</p><p>Based on the above information, answer the following questions :</p><p>(i) Let 'x' metres denote the length of the side of the garden perpendicular to the brick wall and 'y' metres denote the length of the side parallel to the brick wall. Determine the relation representing the total length of fencing wire and also write A(x), the area of the garden.</p><p>(ii) Determine the maximum value of A(x).</p>",
                    "images": [
                      {
                        "url": "https://img.testbuddyai.com/Maths-65-4-23-Q38.png"
                      }
                    ],
                    "options": [],
                    "correct_answer": {
                      "text": "<p><b>(i) Relation and Area Function:</b></p><p>The three sides to be fenced have lengths x, y, and x. The total length of the fencing wire is 200 metres.</p><p>So, the relation is: 2x + y = 200.</p><p>From this, we can express y in terms of x: y = 200 - 2x.</p><p>The area of the rectangular garden is A = length × width = y × x.</p><p>Substituting the expression for y, we get the area as a function of x:</p><p>A(x) = (200 - 2x) * x = 200x - 2x².</p><p><b>(ii) Maximum Value of A(x):</b></p><p>To find the maximum area, we need to find the value of x that maximizes A(x). We do this by finding the derivative of A(x) and setting it to zero.</p><p>A'(x) = d/dx (200x - 2x²) = 200 - 4x.</p><p>Set A'(x) = 0: 200 - 4x = 0 => 4x = 200 => x = 50 metres.</p><p>To confirm this is a maximum, we check the second derivative:</p><p>A''(x) = d/dx (200 - 4x) = -4.</p><p>Since A''(x) is negative, the area is maximized at x = 50.</p><p>Now, find the maximum area by substituting x = 50 back into the area function A(x):</p><p>A_max = 200(50) - 2(50)² = 10000 - 2(2500) = 10000 - 5000 = 5000 square metres.</p>"
                    },
                    "question_type": "Case-based Subjective",
                    "difficulty_level": "medium",
                    "explanation_html": null
                  }
                ]
              }
            ]
          }
        ]
      }
    ]
  }
]