[
  {
    "exam_name_actual": "CBSE Board - Class 10",
    "main_exam_id_name_ref": "CBSE Board - Class 10",
    "years": [
      {
        "year": "2025",
        "papers_or_subjects": [
          {
            "paper_name": "CBSE Class 10 Social Studies Paper 2025 (QP Code: 32/3/1)",
            "subject_name": "Social Studies",
            "chapters": [
              {
                "chapter_name": "Federalism",
                "questions": [
                  {
                    "question_no": 1,
                    "question_html": "<p>Which one of the following languages is included in the Eighth Schedule of the Indian Constitution ?</p>",
                    "options": [
                      {
                        "id": "A",
                        "text": "Bhojpuri"
                      },
                      {
                        "id": "B",
                        "text": "Magadhi"
                      },
                      {
                        "id": "C",
                        "text": "Rajasthani"
                      },
                      {
                        "id": "D",
                        "text": "Tamil"
                      }
                    ],
                    "correct_answer": {
                      "ids": [
                        "D"
                      ]
                    },
                    "question_type": "mcq_single",
                    "difficulty_level": "easy",
                    "explanation_html": "<p>The Eighth Schedule of the Indian Constitution lists the officially recognized languages of the Republic of India. Currently, there are 22 languages in this schedule. Tamil is a classical language of India and is included in the Eighth Schedule. Bhojpuri, Magadhi, and Rajasthani are not currently listed in the schedule, though there have been demands for their inclusion.</p>"
                  }
                ]
              },
              {
                "chapter_name": "Gender, Religion and Caste",
                "questions": [
                  {
                    "question_no": 2,
                    "question_html": "<p>In which one of the following organs of India are women taking advantage of reservation ?</p>",
                    "options": [
                      {
                        "id": "A",
                        "text": "Municipality"
                      },
                      {
                        "id": "B",
                        "text": "Legislative Council"
                      },
                      {
                        "id": "C",
                        "text": "Rajya Sabha"
                      },
                      {
                        "id": "D",
                        "text": "Judiciary"
                      }
                    ],
                    "correct_answer": {
                      "ids": [
                        "A"
                      ]
                    },
                    "question_type": "mcq_single",
                    "difficulty_level": "easy",
                    "explanation_html": "<p>The 73rd and 74th Constitutional Amendment Acts of 1992 mandated the reservation of not less than one-third of the total number of seats for women in local self-governing bodies, which include Panchayats in rural areas and Municipalities in urban areas. There is no such reservation for women in the Legislative Council, Rajya Sabha, or the Judiciary, though discussions and bills for such provisions in other bodies have been proposed over the years.</p>"
                  }
                ]
              },
              {
                "chapter_name": "Federalism",
                "questions": [
                  {
                    "question_no": 3,
                    "question_html": "<p>Choose the correctly matched pair from the following :</p>",
                    "options": [
                      {
                        "id": "A",
                        "text": "Concurrent List — Education"
                      },
                      {
                        "id": "B",
                        "text": "Concurrent List — Defence"
                      },
                      {
                        "id": "C",
                        "text": "Concurrent List — Police"
                      },
                      {
                        "id": "D",
                        "text": "Concurrent List — Trade"
                      }
                    ],
                    "correct_answer": {
                      "ids": [
                        "A"
                      ]
                    },
                    "question_type": "mcq_single",
                    "difficulty_level": "medium",
                    "explanation_html": "<p>The Constitution of India provides a three-fold distribution of legislative subjects between the Union and State governments. 'Education' is a subject on the Concurrent List, which means both the Central and State governments can make laws on it. 'Defence' is on the Union List. 'Police' is on the State List. 'Trade' is also primarily a State subject, though interstate trade falls under the Union List.</p>"
                  }
                ]
              },
              {
                "chapter_name": "Gender, Religion and Caste",
                "questions": [
                  {
                    "question_no": 4,
                    "question_html": "<p>Which of the following statements represent gender equality?</p>",
                    "options": [
                      {
                        "id": "A",
                        "text": "The value of women's vote is more than that of men."
                      },
                      {
                        "id": "B",
                        "text": "Restricting women to household chores."
                      },
                      {
                        "id": "C",
                        "text": "Providing more rights to men."
                      },
                      {
                        "id": "D",
                        "text": "Providing voting rights equally to men and women."
                      }
                    ],
                    "correct_answer": {
                      "ids": [
                        "D"
                      ]
                    },
                    "question_type": "mcq_single",
                    "difficulty_level": "easy",
                    "explanation_html": "<p>Gender equality implies that people of all genders have equal rights, responsibilities, and opportunities. Providing equal voting rights (Universal Adult Franchise) is a fundamental aspect of political equality between men and women. The other options describe situations of gender inequality.</p>"
                  }
                ]
              },
              {
                "chapter_name": "Political Parties",
                "questions": [
                  {
                    "question_no": 5,
                    "question_html": "<p>To reform the party system, which of the following tasks have been made compulsory for the political parties ? Choose the most appropriate option.<br>I. It is now compulsory for all the political parties to file income tax returns.<br>II. It is now compulsory for all parties to have one-third women candidates.<br>III. It is now compulsory for all the political parties to hold their organisational election.<br>IV. It is now compulsory for all candidates to disclose information about pending criminal cases against them through affidavit.</p>",
                    "options": [
                      {
                        "id": "A",
                        "text": "Only I, II and III are correct."
                      },
                      {
                        "id": "B",
                        "text": "Only I, II and IV are correct."
                      },
                      {
                        "id": "C",
                        "text": "Only I, III and IV are correct."
                      },
                      {
                        "id": "D",
                        "text": "Only II, III and IV are correct."
                      }
                    ],
                    "correct_answer": {
                      "ids": [
                        "C"
                      ]
                    },
                    "question_type": "mcq_single",
                    "difficulty_level": "medium",
                    "explanation_html": "<p>Several measures have been taken to reform political parties in India. It is now mandatory for parties to (I) file their income tax returns and (III) hold regular organisational elections. Additionally, the Supreme Court has made it mandatory for all candidates to (IV) file an affidavit giving details of their property and pending criminal cases. However, there is no law making it compulsory for parties to give one-third of their tickets to women candidates (II), although this has been a long-standing proposal.</p>"
                  }
                ]
              },
              {
                "chapter_name": "Power Sharing",
                "questions": [
                  {
                    "question_no": 6,
                    "question_html": "<p>Which of the following group is in majority in Sri Lanka ?</p>",
                    "options": [
                      {
                        "id": "A",
                        "text": "Tamil-speakers"
                      },
                      {
                        "id": "B",
                        "text": "Sinhala-speakers"
                      },
                      {
                        "id": "C",
                        "text": "Telugu-speakers"
                      },
                      {
                        "id": "D",
                        "text": "English-speakers"
                      }
                    ],
                    "correct_answer": {
                      "ids": [
                        "B"
                      ]
                    },
                    "question_type": "mcq_single",
                    "difficulty_level": "easy",
                    "explanation_html": "<p>Sri Lanka's population is diverse. The major social group is the Sinhala-speakers, who constitute about 74 percent of the population. The Tamils are the largest minority group, making up about 18 percent of the population. This demographic composition has been a central factor in the country's political history.</p>"
                  }
                ]
              },
              {
                "chapter_name": "Political Parties",
                "questions": [
                  {
                    "question_no": 7,
                    "question_html": "<p><b>Assertion (A):</b> Every party in India has to register with the Election Commission.<br><b>Reason (R):</b> The Government provides election symbols to all political parties in India.</p>",
                    "options": [
                      {
                        "id": "A",
                        "text": "Both (A) and (R) are true and (R) is the correct explanation of (A)."
                      },
                      {
                        "id": "B",
                        "text": "Both (A) and (R) are true, but (R) is not the correct explanation of (A)."
                      },
                      {
                        "id": "C",
                        "text": "(A) is true, but (R) is false."
                      },
                      {
                        "id": "D",
                        "text": "(A) is false, but (R) is true."
                      }
                    ],
                    "correct_answer": {
                      "ids": [
                        "C"
                      ]
                    },
                    "question_type": "mcq_single",
                    "difficulty_level": "medium",
                    "explanation_html": "<p><b>Assertion (A)</b> is true. For a political party to be officially recognized and contest elections in India, it is mandatory to register with the Election Commission of India.<br><b>Reason (R)</b> is false. Election symbols are provided and allotted by the Election Commission of India, which is an independent constitutional body, not by the government in power. This ensures neutrality and a level playing field.</p>"
                  }
                ]
              },
              {
                "chapter_name": "Development",
                "questions": [
                  {
                    "question_no": 8,
                    "question_html": "<p>Data related to an imaginary country is given below. Study these data and answer the question that follows :<br><table border=\"1\"><tbody><tr><td><b>Age</b></td><td><b>Total Population</b></td><td><b>Net Attendance</b></td></tr><tr><td>7 and 8 years of age</td><td>1200</td><td>1000</td></tr><tr><td>14 and 15 years of age</td><td>1000</td><td>800</td></tr><tr><td>Total</td><td>2200</td><td>1800</td></tr></tbody></table><br>The attendance percentage of this country of the age group of 14 and 15 years is ______________.</p>",
                    "options": [
                      {
                        "id": "A",
                        "text": "90 percent"
                      },
                      {
                        "id": "B",
                        "text": "80 percent"
                      },
                      {
                        "id": "C",
                        "text": "70 percent"
                      },
                      {
                        "id": "D",
                        "text": "60 percent"
                      }
                    ],
                    "correct_answer": {
                      "ids": [
                        "B"
                      ]
                    },
                    "question_type": "mcq_single",
                    "difficulty_level": "easy",
                    "explanation_html": "<p>The attendance percentage, also known as the Net Attendance Ratio, is calculated by dividing the number of children attending school by the total number of children in that age group, and then multiplying by 100.<br>For the age group of 14 and 15 years:<br>Total Population = 1000<br>Net Attendance = 800<br>Percentage = (Net Attendance / Total Population) × 100 = (800 / 1000) × 100 = 0.8 × 100 = 80 percent.</p>"
                  }
                ]
              },
              {
                "chapter_name": "Sectors of the Indian Economy",
                "questions": [
                  {
                    "question_no": 9,
                    "question_html": "<p>Identify the sector on basis of the following characteristics and choose the correct option :<br>• The objective of this sector is to earn profit.<br>• This sector is owned by a person or company.<br>• Tata Iron and Steel is a example of this sector.</p>",
                    "options": [
                      {
                        "id": "A",
                        "text": "Cooperative Sector"
                      },
                      {
                        "id": "B",
                        "text": "Unorganised Sector"
                      },
                      {
                        "id": "C",
                        "text": "Public Sector"
                      },
                      {
                        "id": "D",
                        "text": "Private Sector"
                      }
                    ],
                    "correct_answer": {
                      "ids": [
                        "D"
                      ]
                    },
                    "question_type": "mcq_single",
                    "difficulty_level": "easy",
                    "explanation_html": "<p>The characteristics listed describe the Private Sector. In the private sector, ownership of assets and delivery of services is in the hands of private individuals or companies. The primary objective is to earn a profit. Tata Iron and Steel Company (TISCO) is a well-known example of a large-scale private sector enterprise.</p>"
                  }
                ]
              },
              {
                "chapter_name": "Money and Credit",
                "questions": [
                  {
                    "question_no": 10,
                    "question_html": "<p>Why is it not easy to get loans from the formal sector ? Read the following reasons and choose the most appropriate option :<br>I. Availability of Banks<br>II. Availability of Collateral<br>III. Long and Complicated Loan Process<br>IV. Awareness of Borrower</p>",
                    "options": [
                      {
                        "id": "A",
                        "text": "Only I, II and III are correct."
                      },
                      {
                        "id": "B",
                        "text": "Only II, III and IV are correct."
                      },
                      {
                        "id": "C",
                        "text": "Only I, II and IV are correct."
                      },
                      {
                        "id": "D",
                        "text": "Only I, III and IV are correct."
                      }
                    ],
                    "correct_answer": {
                      "ids": [
                        "B"
                      ]
                    },
                    "question_type": "mcq_single",
                    "difficulty_level": "medium",
                    "explanation_html": "<p>Getting loans from formal sources like banks is often difficult for poor households due to several reasons. The most significant barriers are (II) the requirement of collateral (an asset that the borrower owns and uses as a guarantee), which many poor people lack, and (III) the long and complicated documentation and verification process. Additionally, (IV) a lack of awareness about formal banking procedures can also be a hurdle. The 'Availability of Banks' (I) is not a reason why it is difficult; rather, the absence of banks in rural areas could be a problem, but the question asks about the process itself.</p>"
                  }
                ]
              },
              {
                "chapter_name": "Development",
                "questions": [
                  {
                    "question_no": 11,
                    "question_html": "<p>By which organization is the Human Development Report published ?</p>",
                    "options": [
                      {
                        "id": "A",
                        "text": "World Trade Organisation"
                      },
                      {
                        "id": "B",
                        "text": "Amnesty International"
                      },
                      {
                        "id": "C",
                        "text": "United Nations Development Programme"
                      },
                      {
                        "id": "D",
                        "text": "World Health Organisation"
                      }
                    ],
                    "correct_answer": {
                      "ids": [
                        "C"
                      ]
                    },
                    "question_type": "mcq_single",
                    "difficulty_level": "easy",
                    "explanation_html": "<p>The Human Development Report (HDR) is an annual report published by the Human Development Report Office of the United Nations Development Programme (UNDP). It compares countries based on the Human Development Index (HDI), which is a composite index of life expectancy, education, and per capita income indicators.</p>"
                  }
                ]
              },
              {
                "chapter_name": "Sectors of the Indian Economy",
                "questions": [
                  {
                    "question_no": 12,
                    "question_html": "<p>Identify the odd one out.</p>",
                    "options": [
                      {
                        "id": "A",
                        "text": "Hindustan Computers Limited"
                      },
                      {
                        "id": "B",
                        "text": "Bharti Airtel Limited"
                      },
                      {
                        "id": "C",
                        "text": "Hindustan Unilever Limited"
                      },
                      {
                        "id": "D",
                        "text": "Bharat Heavy Electricals Limited"
                      }
                    ],
                    "correct_answer": {
                      "ids": [
                        "D"
                      ]
                    },
                    "question_type": "mcq_single",
                    "difficulty_level": "medium",
                    "explanation_html": "<p>Hindustan Computers Limited (HCL), Bharti Airtel Limited, and Hindustan Unilever Limited are all private sector companies. In contrast, Bharat Heavy Electricals Limited (BHEL) is a Public Sector Undertaking (PSU), which is owned by the Government of India. Therefore, BHEL is the odd one out as it belongs to the public sector while the others are from the private sector.</p>"
                  }
                ]
              },
              {
                "chapter_name": "Globalization and the Indian Economy",
                "questions": [
                  {
                    "question_no": 13,
                    "question_html": "<p>Choose the correct option to fill in the blank :<br>The process of removing barriers on foreign trade and investment by the government is known as __________.</p>",
                    "options": [
                      {
                        "id": "A",
                        "text": "Import Tax"
                      },
                      {
                        "id": "B",
                        "text": "Export Tax"
                      },
                      {
                        "id": "C",
                        "text": "Liberalisation"
                      },
                      {
                        "id": "D",
                        "text": "Industrialisation"
                      }
                    ],
                    "correct_answer": {
                      "ids": [
                        "C"
                      ]
                    },
                    "question_type": "mcq_single",
                    "difficulty_level": "easy",
                    "explanation_html": "<p>Liberalisation refers to the economic policy of removing government-imposed restrictions and barriers on trade and investment, such as tariffs, quotas, and license requirements. This policy is a key driver of globalization, allowing for greater flow of goods, services, and capital across borders.</p>"
                  }
                ]
              },
              {
                "chapter_name": "Manufacturing Industries",
                "questions": [
                  {
                    "question_no": 14,
                    "question_html": "<p><b>Assertion (A) :</b> Most of the jute industry in India is located in a narrow belt along the banks of Hugli river.<br><b>Reason (R) :</b> India is the second largest exporter of jute.</p>",
                    "options": [
                      {
                        "id": "A",
                        "text": "Both (A) and (R) are true and (R) is the correct explanation of (A)."
                      },
                      {
                        "id": "B",
                        "text": "Both (A) and (R) are true, but (R) is not the correct explanation of (A)."
                      },
                      {
                        "id": "C",
                        "text": "(A) is true, but (R) is false."
                      },
                      {
                        "id": "D",
                        "text": "(A) is false, but (R) is true."
                      }
                    ],
                    "correct_answer": {
                      "ids": [
                        "B"
                      ]
                    },
                    "question_type": "mcq_single",
                    "difficulty_level": "medium",
                    "explanation_html": "<p><b>Assertion (A)</b> is true. The jute mills in India are largely concentrated in a narrow belt along the Hugli river in West Bengal. This is due to several favourable factors like proximity to jute-producing areas, availability of inexpensive water transport, and abundant water for processing raw jute.<br><b>Reason (R)</b> is also true. India is a major producer and exporter of jute and jute goods, often ranking as the largest producer and second largest exporter.<br>However, the Reason does not explain the Assertion. The geographical concentration of the industry is due to locational advantages, not India's rank as an exporter. Therefore, both statements are true, but (R) is not the correct explanation of (A).</p>"
                  }
                ]
              },
              {
                "chapter_name": "Forest and Wildlife Resources",
                "questions": [
                  {
                    "question_no": 15,
                    "question_html": "<p>Match Column I with Column II and choose the correct option :<br><table border=\"1\"><tbody><tr><td><b>Column I</b></td><td><b>Column II</b></td></tr><tr><td>a. Sariska Wildlife Sanctuary</td><td>i. Uttarakhand</td></tr><tr><td>b. Manas Tiger Reserve</td><td>ii. Rajasthan</td></tr><tr><td>c. Periyar Tiger Reserve</td><td>iii. Assam</td></tr><tr><td>d. Corbett National Park</td><td>iv. Kerala</td></tr></tbody></table></p>",
                    "options": [
                      {
                        "id": "A",
                        "text": "a-i, b-ii, c-iii, d-iv"
                      },
                      {
                        "id": "B",
                        "text": "a-ii, b-iii, c-iv, d-i"
                      },
                      {
                        "id": "C",
                        "text": "a-iv, b-i, c-iii, d-ii"
                      },
                      {
                        "id": "D",
                        "text": "a-ii, b-i, c-iv, d-iii"
                      }
                    ],
                    "correct_answer": {
                      "ids": [
                        "B"
                      ]
                    },
                    "question_type": "mcq_single",
                    "difficulty_level": "easy",
                    "explanation_html": "<p>The correct matching of the reserves/parks with their states is as follows:<br>• Sariska Wildlife Sanctuary is located in **Rajasthan** (ii).<br>• Manas Tiger Reserve is located in **Assam** (iii).<br>• Periyar Tiger Reserve is located in **Kerala** (iv).<br>• Corbett National Park is located in **Uttarakhand** (i).<br>Thus, the correct option is (B) which matches a-ii, b-iii, c-iv, and d-i.</p>"
                  }
                ]
              },
              {
                "chapter_name": "Agriculture",
                "questions": [
                  {
                    "question_no": 16,
                    "question_html": "<p>Mrs. Monica, along with her family, clears a piece of land and grows grain and other food crops to feed her family. When the soil's fertility decreases, she prepares another piece of land for agriculture. Which of the following methods of agriculture does she use ?</p>",
                    "options": [
                      {
                        "id": "A",
                        "text": "Plantation farming"
                      },
                      {
                        "id": "B",
                        "text": "Slash and burn farming"
                      },
                      {
                        "id": "C",
                        "text": "Intensive subsistence farming"
                      },
                      {
                        "id": "D",
                        "text": "Commercial farming"
                      }
                    ],
                    "correct_answer": {
                      "ids": [
                        "B"
                      ]
                    },
                    "question_type": "mcq_single",
                    "difficulty_level": "easy",
                    "explanation_html": "<p>The described practice is a form of primitive subsistence agriculture known as 'slash and burn' farming or shifting cultivation. In this method, a patch of land is cleared (often by cutting and burning vegetation), cultivated for a few seasons until the soil loses its fertility, and then abandoned to allow natural regeneration while the farmer moves to a new plot.</p>"
                  }
                ]
              },
              {
                "chapter_name": "The Making of a Global World",
                "questions": [
                  {
                    "question_no": 17,
                    "question_html": "<p>The germs of which disease paved the way for Europe's conquest of America in the later half of the sixteenth century ?</p>",
                    "options": [
                      {
                        "id": "A",
                        "text": "Cholera"
                      },
                      {
                        "id": "B",
                        "text": "Smallpox"
                      },
                      {
                        "id": "C",
                        "text": "Jaundice"
                      },
                      {
                        "id": "D",
                        "text": "Malaria"
                      }
                    ],
                    "correct_answer": {
                      "ids": [
                        "B"
                      ]
                    },
                    "question_type": "mcq_single",
                    "difficulty_level": "easy",
                    "explanation_html": "<p>The conquest of America by Europeans was not just a result of superior firepower. A significant factor was the introduction of diseases from Europe to which the native American population had no immunity. Smallpox, in particular, proved to be a deadly killer. It spread deep into the continent, devastating entire communities and weakening the resistance of large empires, thus making it easier for the Europeans to establish control.</p>"
                  }
                ]
              },
              {
                "chapter_name": "The Rise of Nationalism in Europe",
                "questions": [
                  {
                    "question_no": 18,
                    "question_html": "<p>In reference to the Germania allegory the \"olive branch around the sword\" symbolizes which one of the following ?</p>",
                    "options": [
                      {
                        "id": "A",
                        "text": "Being freed"
                      },
                      {
                        "id": "B",
                        "text": "Heroism and strength"
                      },
                      {
                        "id": "C",
                        "text": "Willingness to make peace"
                      },
                      {
                        "id": "D",
                        "text": "Beginning of a new era"
                      }
                    ],
                    "correct_answer": {
                      "ids": [
                        "C"
                      ]
                    },
                    "question_type": "mcq_single",
                    "difficulty_level": "medium",
                    "explanation_html": "<p>In the allegory of Germania, a female figure personifying the German nation, the different attributes have symbolic meanings. The sword symbolizes readiness to fight and defend. The olive branch is a universal symbol of peace. The combination of an olive branch wrapped around the sword signifies a 'willingness to make peace', while still possessing the strength (the sword) to fight if necessary.</p>"
                  }
                ]
              },
              {
                "chapter_name": "Print Culture and the Modern World",
                "questions": [
                  {
                    "question_no": 19,
                    "question_html": "<p>Which among the following newspapers is related to Bal Gangadhar Tilak ?</p>",
                    "options": [
                      {
                        "id": "A",
                        "text": "Hindustan"
                      },
                      {
                        "id": "B",
                        "text": "Bangla Patrika"
                      },
                      {
                        "id": "C",
                        "text": "Veer Bhoomi"
                      },
                      {
                        "id": "D",
                        "text": "Kesari"
                      }
                    ],
                    "correct_answer": {
                      "ids": [
                        "D"
                      ]
                    },
                    "question_type": "mcq_single",
                    "difficulty_level": "easy",
                    "explanation_html": "<p>Bal Gangadhar Tilak, a prominent leader in the Indian independence movement, started and edited two influential newspapers: 'Kesari', which was published in Marathi, and 'Mahratta', which was published in English. 'Kesari' was known for its fiery articles that openly criticized British rule and helped to mobilize nationalist sentiments.</p>"
                  }
                ]
              },
              {
                "chapter_name": "Nationalism in India",
                "questions": [
                  {
                    "question_no": 20,
                    "question_html": "<p>Arrange the following historical events in chronological order and choose the correct option :<br>I. Bardoli Satyagraha<br>II. Rowlatt Satyagraha<br>III. Champaran Satyagraha<br>IV. Kheda Satyagraha</p>",
                    "options": [
                      {
                        "id": "A",
                        "text": "I, II, III, IV"
                      },
                      {
                        "id": "B",
                        "text": "III, II, I, IV"
                      },
                      {
                        "id": "C",
                        "text": "II, I, IV, III"
                      },
                      {
                        "id": "D",
                        "text": "III, IV, II, I"
                      }
                    ],
                    "correct_answer": {
                      "ids": [
                        "D"
                      ]
                    },
                    "question_type": "mcq_single",
                    "difficulty_level": "medium",
                    "explanation_html": "<p>The chronological order of these important events in the Indian freedom struggle is as follows:<br>• <b>III. Champaran Satyagraha:</b> 1917. Gandhiji's first satyagraha in India, concerning indigo planters.<br>• <b>IV. Kheda Satyagraha:</b> 1918. A satyagraha for peasants in Gujarat who were unable to pay revenue due to crop failure.<br>• <b>II. Rowlatt Satyagraha:</b> 1919. A nationwide protest against the repressive Rowlatt Act.<br>• <b>I. Bardoli Satyagraha:</b> 1928. A major peasant movement in Gujarat against enhanced land revenue, led by Sardar Vallabhbhai Patel.<br>Therefore, the correct sequence is III, IV, II, I.</p>"
                  }
                ]
              },
              {
                "chapter_name": "Nationalism in India",
                "questions": [
                  {
                    "question_no": 21,
                    "question_html": "<p>Mention any two economic impacts of the First World War on India.</p>",
                    "options": [],
                    "correct_answer": {
                      "text": "<p>Any two of the following points:</p><ul><li>Huge increase in defence expenditure.</li><li>Taxes were increased.</li><li>Customs duties were raised and income tax introduced.</li><li>Forced recruitment in rural areas caused widespread anger.</li><li>Any other relevant point.</li></ul>"
                    },
                    "question_type": "Very Short Answer (2 marks)",
                    "difficulty_level": "easy",
                    "explanation_html": null
                  }
                ]
              },
              {
                "chapter_name": "Power Sharing",
                "questions": [
                  {
                    "question_no": 22,
                    "question_html": "<p>Explain the effectiveness of vertical distribution of ‘power sharing' in the context of India.</p>",
                    "options": [],
                    "correct_answer": {
                      "text": "<p>Any two of the following points:</p><ul><li>The Indian Constitution clearly lays down the division of power between different levels of government.</li><li>Power is distributed among three levels: Union Government, State Government, and Local Government (Urban and Rural).</li><li>It has increased the participation of people at the grassroot level in decision-making.</li><li>It has improved the efficiency of governance by solving problems at the local level.</li><li>Any other relevant point.</li></ul>"
                    },
                    "question_type": "Very Short Answer (2 marks)",
                    "difficulty_level": "medium",
                    "explanation_html": null
                  }
                ]
              },
              {
                "chapter_name": "Resources and Development",
                "questions": [
                  {
                    "question_no": 23,
                    "question_html": "<p><b>(a)</b> Describe any two features of ‘arid soils'.</p><p><b>OR</b></p><p><b>(b)</b> Describe any two features of ‘forest soils'.</p>",
                    "options": [],
                    "correct_answer": {
                      "text": "<p><b>(a) Features of Arid Soils (Any two):</b></p><ul><li>They range from red to brown in colour.</li><li>They are generally sandy in texture and saline in nature.</li><li>Due to the dry climate and high temperature, evaporation is faster and the soil lacks humus and moisture.</li><li>The lower horizons are occupied by Kankar due to increasing calcium content downwards.</li></ul><p><b>OR</b></p><p><b>(b) Features of Forest Soils (Any two):</b></p><ul><li>They are found in hilly and mountainous areas.</li><li>Soil texture varies; they are loamy and silty in valley sides and coarse-grained in the upper slopes.</li><li>In snow-covered areas, they experience denudation and are acidic with low humus content.</li><li>Soils in the lower parts of valleys, particularly on river terraces, are fertile.</li></ul>"
                    },
                    "question_type": "Very Short Answer (2 marks)",
                    "difficulty_level": "easy",
                    "explanation_html": null
                  }
                ]
              },
              {
                "chapter_name": "Globalization and the Indian Economy",
                "questions": [
                  {
                    "question_no": 24,
                    "question_html": "<p>Why did the Indian Government restrict foreign trade and foreign investment between 1947 – 1991 ? Explain.</p>",
                    "options": [],
                    "correct_answer": {
                      "text": "<p>Any two of the following points:</p><ul><li>To protect domestic producers and indigenous industries from foreign competition.</li><li>To allow Indian industries to grow and develop in a protected environment after independence.</li><li>To promote the Indian economy and reduce dependence on foreign goods.</li><li>Any other relevant point.</li></ul>"
                    },
                    "question_type": "Very Short Answer (2 marks)",
                    "difficulty_level": "medium",
                    "explanation_html": null
                  }
                ]
              },
              {
                "chapter_name": "Nationalism in India",
                "questions": [
                  {
                    "question_no": 25,
                    "question_html": "<p><b>(a)</b> Analyse the impacts of Gandhi-Irwin pact on the Indian freedom struggle.</p><p><b>OR</b></p><p><b>(b)</b> Analyse the role of Alluri Sitaram Raju in the Indian National Movement.</p>",
                    "options": [],
                    "correct_answer": {
                      "text": "<p><b>(a) Impacts of Gandhi-Irwin Pact (Any three):</b></p><ul><li>The Civil Disobedience Movement was called off.</li><li>Gandhiji consented to participate in the Second Round Table Conference in London.</li><li>The government agreed to release political prisoners who were not convicted of violence.</li></ul><p><b>OR</b></p><p><b>(b) Role of Alluri Sitaram Raju (Any three):</b></p><ul><li>He led the militant guerrilla movement in the Gudem Hills of Andhra Pradesh.</li><li>He claimed to have special powers, such as making correct astrological predictions and surviving bullet shots. Captivated by him, the rebels proclaimed he was an incarnation of God.</li><li>He supported Gandhiji's ideas of non-cooperation, persuading people to wear khadi and give up drinking.</li><li>However, he believed that India could be liberated only by the use of force, not non-violence.</li></ul>"
                    },
                    "question_type": "Short Answer (3 marks)",
                    "difficulty_level": "medium",
                    "explanation_html": null
                  }
                ]
              },
              {
                "chapter_name": "Water Resources",
                "questions": [
                  {
                    "question_no": 26,
                    "question_html": "<p>How have industrialisation and urbanisation impacted water supply ? Explain.</p>",
                    "options": [],
                    "correct_answer": {
                      "text": "<p>Any three of the following points:</p><ul><li>They have created huge pressure on existing fresh water resources.</li><li>Fresh water resources are being over-exploited, leading to their depletion, especially groundwater.</li><li>Industries require large amounts of water for their processes and also as a coolant.</li><li>Untreated or poorly treated industrial effluents and domestic sewage are discharged into water bodies, increasing their toxicity and polluting the water supply.</li></ul>"
                    },
                    "question_type": "Short Answer (3 marks)",
                    "difficulty_level": "medium",
                    "explanation_html": null
                  }
                ]
              },
              {
                "chapter_name": "Outcomes of Democracy",
                "questions": [
                  {
                    "question_no": 27,
                    "question_html": "<p>How does democracy establish an accountable, responsible and legitimate governance ? Explain.</p>",
                    "options": [],
                    "correct_answer": {
                      "text": "<p>Any three of the following points:</p><ul><li><b>Accountable:</b> People have the right to choose their rulers and have control over them. Citizens can participate in decision-making, which makes the government accountable to them.</li><li><b>Responsible:</b> A democratic government is responsive to the needs and expectations of the people. It is responsible for making decisions based on norms and procedures.</li><li><b>Legitimate:</b> A democratic government is a legitimate government as it is the people's own government. People elect their representatives to form the government.</li></ul>"
                    },
                    "question_type": "Short Answer (3 marks)",
                    "difficulty_level": "medium",
                    "explanation_html": null
                  }
                ]
              },
              {
                "chapter_name": "Money and Credit",
                "questions": [
                  {
                    "question_no": 28,
                    "question_html": "<p>\"Reserve Bank of India plays a crucial role in regulating the Indian banks.\" Justify the statement.</p>",
                    "options": [],
                    "correct_answer": {
                      "text": "<p>Any three of the following points:</p><ul><li>The RBI issues currency notes on behalf of the Central Government.</li><li>It supervises the functioning of formal sources of loans (banks and cooperatives).</li><li>It monitors the banks to ensure they maintain a minimum cash balance (cash reserve ratio).</li><li>It ensures that banks give loans not just to profit-making businesses and traders but also to small cultivators, small-scale industries, and small borrowers.</li></ul>"
                    },
                    "question_type": "Short Answer (3 marks)",
                    "difficulty_level": "medium",
                    "explanation_html": null
                  }
                ]
              },
              {
                "chapter_name": "Federalism",
                "questions": [
                  {
                    "question_no": 29,
                    "question_html": "<p>\"Sharing of power between the Union Government and the State Governments is basic to the structure of the Indian Constitution.\" Analyse the statement with suitable arguments.</p>",
                    "options": [],
                    "correct_answer": {
                      "text": "<p>Any three of the following points:</p><ul><li>The Indian Constitution has adopted federalism, where powers are clearly divided between the Centre and the States through lists (Union, State, and Concurrent).</li><li>It is not easy to make changes to this power-sharing arrangement. The Parliament cannot change it on its own.</li><li>Any change has to be first passed by both Houses of Parliament with at least a two-thirds majority. Then it has to be ratified by the legislatures of at least half of the total states.</li><li>The Judiciary plays a crucial role in overseeing the implementation of Constitutional provisions and procedures, acting as an umpire in case of disputes.</li></ul>"
                    },
                    "question_type": "Short Answer (3 marks)",
                    "difficulty_level": "hard",
                    "explanation_html": null
                  }
                ]
              },
              {
                "chapter_name": "Print Culture and the Modern World",
                "questions": [
                  {
                    "question_no": 30,
                    "question_html": "<p><b>(a)</b> “Not everyone welcomed the printed book.\" Explain the statement with examples from sixteenth century Europe.</p><p><b>OR</b></p><p><b>(b)</b> \"By the seventeenth century, the flourishing of urban culture in China also led to diversity in the use of printing.\" Explain the statement with examples.</p>",
                    "options": [],
                    "correct_answer": {
                      "text": "<p><b>(a) Apprehensions about the Printed Book (Any five points):</b></p><ul><li>Not everyone welcomed the printed book; even those who did had fears about it.</li><li>Many were apprehensive that easy access to the printed word and wider circulation of books could pollute the minds of the people.</li><li>It was feared that if there was no control over what was printed and read, then rebellious and irreligious thoughts might spread.</li><li>If that happened, the authority of ‘valuable’ literature would be destroyed.</li><li>This anxiety was the basis of widespread criticism from religious authorities, monarchs, and some writers and artists. For example, Martin Luther's writings that criticized the Catholic Church spread rapidly, leading to the Protestant Reformation and causing deep divisions.</li></ul><p><b>OR</b></p><p><b>(b) Diversity in the use of Printing in China (Any five points):</b></p><ul><li>By the seventeenth century, as urban culture bloomed in China, the uses of print diversified.</li><li>Print was no longer used just by scholar-officials. Merchants used print in their everyday life, as they collected trade information.</li><li>Reading increasingly became a leisure activity.</li><li>The new readership preferred fictional narratives, poetry, autobiographies, and romantic plays.</li><li>Rich women began to read, and many women began publishing their poetry and plays.</li><li>Wives of scholar-officials published their works and courtesans wrote about their lives.</li></ul>"
                    },
                    "question_type": "Long Answer (5 marks)",
                    "difficulty_level": "hard",
                    "explanation_html": null
                  }
                ]
              },
              {
                "chapter_name": "Agriculture",
                "questions": [
                  {
                    "question_no": 31,
                    "question_html": "<p><b>(a)</b> The Government of India has invited some suggestions for institutional reforms in agriculture. Propose any five institutional reforms to the Government for the betterment of agriculture.</p><p><b>OR</b></p><p><b>(b)</b> Suppose you are a farmer. You want to cultivate rice in India. Describe any three geographical conditions which will be suitable for rice cultivation in India and write the names of two leading rice producing states of India.</p>",
                    "options": [],
                    "correct_answer": {
                      "text": "<p><b>(a) Institutional Reforms in Agriculture (Any five):</b></p><ul><li>Effective implementation of the Crop Insurance Scheme against drought, flood, cyclone, fire, and disease.</li><li>Encouraging farmers to borrow loans from Grameen Banks, Co-operative societies, and Banks to avoid moneylenders.</li><li>Promoting the use of the Kisan Credit Cards (KCC) scheme among peasants.</li><li>Establishing a Personal Accident Insurance Scheme (PAIS) for farmers.</li><li>Co-ordination over Minimum Support Price (MSP) to avoid exploitation of farmers by speculators.</li><li>Spreading awareness among farmers about special weather bulletins and agricultural programmes.</li></ul><p><b>OR</b></p><p><b>(b) Rice Cultivation:</b></p><ul><li><b>Geographical Conditions (Any three):</b><br>1. It is a kharif crop.<br>2. It requires high temperatures (above 25°C).<br>3. It requires high humidity.<br>4. It requires annual rainfall above 100 cm. In areas with less rainfall, it can be cultivated through proper irrigation.</li><li><b>Two Leading Rice-Producing States:</b> West Bengal, Bihar, Assam, Eastern Uttar Pradesh, Odisha (Any two).</li></ul>"
                    },
                    "question_type": "Long Answer (5 marks)",
                    "difficulty_level": "medium",
                    "explanation_html": null
                  }
                ]
              },
              {
                "chapter_name": "Federalism",
                "questions": [
                  {
                    "question_no": 32,
                    "question_html": "<p><b>(a)</b> \"Secularism is the very idea of Indian Constitution.\" Justify the statement.</p><p><b>OR</b></p><p><b>(b)</b> Suggest any five measures to establish the gender equality of labour.</p>",
                    "options": [],
                    "correct_answer": {
                      "text": "<p><b>(a) Secularism in the Indian Constitution (Any five):</b></p><ul><li>There is no official religion for the Indian State.</li><li>The Constitution treats all religions equally.</li><li>The Constitution prohibits discrimination on the grounds of religion.</li><li>The Constitution allows the state to intervene in religious matters to ensure equality within religious communities (e.g., banning untouchability).</li><li>The Constitution provides all individuals and communities the freedom to profess, practice, and propagate any religion, or not to follow any.</li></ul><p><b>OR</b></p><p><b>(b) Measures for Gender Equality of Labour (Any five):</b></p><ul><li>Promoting education among women.</li><li>Providing equal employment opportunities.</li><li>Following the Equal Remuneration Act 1976, which provides that equal wages should be paid for equal work.</li><li>Enhancing the political and legal status of women.</li><li>Encouraging the participation of women in highly paid and valued jobs.</li></ul>"
                    },
                    "question_type": "Long Answer (5 marks)",
                    "difficulty_level": "medium",
                    "explanation_html": null
                  }
                ]
              },
              {
                "chapter_name": "Sectors of the Indian Economy",
                "questions": [
                  {
                    "question_no": 33,
                    "question_html": "<p><b>(a)</b> Distinguish between public and private sector of economy with examples.</p><p><b>OR</b></p><p><b>(b)</b> Suppose you are the Sarpanch of your village. What suggestions will you give for creating additional employment in the village, so that the problem of unemployment of the residents of rural areas can be reduced ?</p>",
                    "options": [],
                    "correct_answer": {
                      "text": "<p><b>(a) Distinction between Public and Private Sector (Any five points):</b></p><ul><li><b>Ownership:</b> In the public sector, the government owns most assets (e.g., Indian Railways, BHEL). In the private sector, ownership is in the hands of private individuals or companies (e.g., TISCO, RIL).</li><li><b>Motive:</b> The purpose of the public sector is public welfare, not just to earn profit. The private sector is guided by the motive to earn profits.</li><li><b>Funding:</b> The government raises money through taxes to meet expenses in the public sector. Private sector activities are funded by their owners.</li><li><b>Services:</b> The government spends on essential services for all members of society. The private sector does not always provide such services at a reasonable price.</li><li><b>Scale:</b> The public sector undertakes large-scale projects like building roads and dams, which are beyond the capacity of the private sector.</li></ul><p><b>OR</b></p><p><b>(b) Suggestions for Creating Rural Employment (Any five):</b></p><ul><li>Increase the working days of MGNREGA-2005.</li><li>Develop and improve irrigation arrangements.</li><li>Encourage villagers to borrow loans from formal sources to start small businesses.</li><li>Promote local and cottage industries.</li><li>Spread awareness about self-employment opportunities.</li><li>Promote Self-Help Groups (SHGs).</li><li>Organise local markets and fairs.</li></ul>"
                    },
                    "question_type": "Long Answer (5 marks)",
                    "difficulty_level": "medium",
                    "explanation_html": null
                  }
                ]
              },
              {
                "chapter_name": "The Rise of Nationalism in Europe",
                "questions": [
                  {
                    "question_no": 34,
                    "question_html": "<p>Read the given source and answer the questions that follow :<br><b>The Revolutionaries</b><br>During the years following 1815, the fear of repression drove many liberal-nationalists underground... To be revolutionary at this time meant a commitment to oppose monarchical forms... and to fight for liberty and freedom...<br><b>(34.1)</b> Mention any one political demand of the liberals.<br><b>(34.2)</b> Mention the main cause for the rise of secret societies in European States.<br><b>(34.3)</b> Analyse the reasons for many liberal-nationalists going underground after 1815.</p>",
                    "options": [],
                    "correct_answer": {
                      "text": "<p><b>(34.1)</b> A key political demand was the creation of nation-states.<br><b>(34.2)</b> The main cause was to train revolutionaries and spread their ideas of nationalism and liberty secretly.<br><b>(34.3)</b> The reasons were the fear of repression from the conservative monarchical regimes established after 1815, and their opposition to these monarchies.</p>"
                    },
                    "question_type": "Case-based Subjective",
                    "difficulty_level": "easy",
                    "explanation_html": null
                  }
                ]
              },
              {
                "chapter_name": "Minerals and Energy Resources",
                "questions": [
                  {
                    "question_no": 35,
                    "question_html": "<p>Read the given source and answer the questions that follow :<br><b>Iron Ore</b><br>Iron ore is the basic mineral and the backbone of industrial development... Magnetite is the finest iron ore with a very high content of iron up to 70 per cent... Hematite ore is the most important industrial iron ore...<br><b>(35.1)</b> In which iron ore is the maximum iron content found ?<br><b>(35.2)</b> Which is the most important industrial iron ore ?<br><b>(35.3)</b> “Iron ore is a basic mineral.\" Support the statement.</p>",
                    "options": [],
                    "correct_answer": {
                      "text": "<p><b>(35.1)</b> Magnetite.<br><b>(35.2)</b> Hematite.<br><b>(35.3)</b> Iron ore is a basic mineral because it provides the raw material for the iron and steel industry, which is the backbone of all other industries. It is abundantly available and crucial for industrial development.</p>"
                    },
                    "question_type": "Case-based Subjective",
                    "difficulty_level": "easy",
                    "explanation_html": null
                  }
                ]
              },
              {
                "chapter_name": "Sectors of the Indian Economy",
                "questions": [
                  {
                    "question_no": 36,
                    "question_html": "<p>Read the given source and answer the questions that follow :<br><b>Organised Sector</b><br>Kanta works in the organised sector. Organised sector covers those enterprises or places of work where the terms of employment are regular and therefore, people have assured work...<br><b>(36.1)</b> Mention any one feature of the working conditions of organised sector.<br><b>(36.2)</b> Explain any one benefit provided by the employers to the organised sector employees.<br><b>(36.3)</b> Why is it necessary for all self-employed people to register with the government ?</p>",
                    "options": [],
                    "correct_answer": {
                      "text": "<p><b>(36.1)</b> One feature is a regular term of employment / fixed working hours / assured work.<br><b>(36.2)</b> One benefit is that employees get paid leaves, provident fund, medical benefits, etc. / They are ensured minimum wages.<br><b>(36.3)</b> It is necessary for them to comply with the rules and regulations set by the government, and it helps the government create a database for planning and welfare schemes.</p>"
                    },
                    "question_type": "Case-based Subjective",
                    "difficulty_level": "easy",
                    "explanation_html": null
                  }
                ]
              },
              {
                "chapter_name": "Nationalism in India",
                "questions": [
                  {
                    "question_no": 37,
                    "question_html": "<p><b>(a)</b> Two places 'A' and 'B' have been marked on the given political outline map of India (on page 23). Identify them with the help of the following information and write their correct names on the lines drawn near them :<br><b>A.</b> The place where the session of Indian National Congress was held place in 1927.<br><b>B.</b> The place where Mahatma Gandhi broke the Salt Law.<br><b>(b)</b> On the same political outline map of India, locate and label any three of the following with suitable symbols :<br><b>(i)</b> An international airport of West Bengal<br><b>(ii)</b> A software technology park of Karnataka<br><b>(iii)</b> A nuclear power plant located in Maharashtra<br><b>(iv)</b> A major sea port of Odisha</p>",
                    "images": [
                      {
                        "url": "https://img.testbuddyai.com/SocialScience-32-3-25-Q37.png"
                      }
                    ],
                    "options": [],
                    "correct_answer": {
                      "text": "<p><b>(a)</b><br><b>A.</b> Madras (Chennai)<br><b>B.</b> Dandi<br><br><b>(b)</b><br><b>(i)</b> Netaji Subhash Chandra Bose International Airport, Kolkata (Calcutta)<br><b>(ii)</b> Bengaluru (Software Technology Park)<br><b>(iii)</b> Tarapur (Nuclear Power Plant)<br><b>(iv)</b> Paradwip (Major Sea Port)<br><br><i>(For Visually Impaired Candidates)</i><br><b>(a)(i)</b> Madras (Chennai)<br><b>(a)(ii)</b> Dandi<br><b>(b)(i)</b> Kolkata (Calcutta)<br><b>(b)(ii)</b> Bengaluru<br><b>(b)(iii)</b> Tarapur<br><b>(b)(iv)</b> Paradwip</p>"
                    },
                    "question_type": "Case-based Subjective",
                    "difficulty_level": "medium",
                    "explanation_html": null
                  }
                ]
              }
            ]
          }
        ]
      }
    ]
  }
]