[
    {
        "exam_name_actual": "CBSE Board - Class 10",
        "main_exam_id_name_ref": "CBSE Board - Class 10",
        "years": [
            {
                "year": "2025",
                "papers_or_subjects": [
                    {
                        "paper_name": "CBSE Class 10 Social Studies Paper 2025 (QP Code: 32/1/1)",
                        "subject_name": "Social Studies",
                        "chapters": [
                            {
                                "chapter_name": "The Rise of Nationalism in Europe",
                                "questions": [
                                    {
                                        "question_no": 1,
                                        "question_html": "<p>Which one of the following regions became a part of unified Italy in 1866?</p>",
                                        "options": [
                                            {
                                                "id": "a",
                                                "text": "Sardinia-Piedmont"
                                            },
                                            {
                                                "id": "b",
                                                "text": "Venetia"
                                            },
                                            {
                                                "id": "c",
                                                "text": "Sicily"
                                            },
                                            {
                                                "id": "d",
                                                "text": "Papal State"
                                            }
                                        ],
                                        "correct_answer": {
                                            "ids": [
                                                "b"
                                            ]
                                        },
                                        "question_type": "mcq_single",
                                        "difficulty_level": "medium",
                                        "explanation_html": "<p>The unification of Italy was a multi-stage process. In 1866, during the Austro-Prussian War, Italy allied with Prussia. Following Prussia's victory over Austria, the region of Venetia was ceded to Italy as a reward for its alliance.</p>"
                                    }
                                ]
                            },
                            {
                                "chapter_name": "The Making of a Global World",
                                "questions": [
                                    {
                                        "question_no": 2,
                                        "question_html": "<p>Read the following reasons of migration of people from Europe to America till the 19th century and choose the correct option :<br>I.   Poverty and hunger<br>II.  Slaves for sale<br>III. Wide spread of diseases<br>IV.  Religious conflicts and persecution</p>",
                                        "options": [
                                            {
                                                "id": "a",
                                                "text": "Only I, II and III are correct."
                                            },
                                            {
                                                "id": "b",
                                                "text": "Only II, III and IV are correct."
                                            },
                                            {
                                                "id": "c",
                                                "text": "Only I, III and IV are correct."
                                            },
                                            {
                                                "id": "d",
                                                "text": "Only I, II and IV are correct."
                                            }
                                        ],
                                        "correct_answer": {
                                            "ids": [
                                                "c"
                                            ]
                                        },
                                        "question_type": "mcq_single",
                                        "difficulty_level": "medium",
                                        "explanation_html": "<p>The primary reasons for migration from Europe to America were push factors from their home countries. These included widespread poverty and hunger (I), the spread of deadly diseases (III), and religious conflicts and persecution (IV). The option 'Slaves for sale' (II) refers to the forced migration of Africans to America, not the reasons for Europeans to migrate.</p>"
                                    }
                                ]
                            },
                            {
                                "chapter_name": "Print Culture and the Modern World",
                                "questions": [
                                    {
                                        "question_no": 3,
                                        "question_html": "<p>The author of ‘Book of Marvels’ is :</p>",
                                        "options": [
                                            {
                                                "id": "a",
                                                "text": "Marco Polo"
                                            },
                                            {
                                                "id": "b",
                                                "text": "Columbus"
                                            },
                                            {
                                                "id": "c",
                                                "text": "Vasco da Gama"
                                            },
                                            {
                                                "id": "d",
                                                "text": "Alfred Crosby"
                                            }
                                        ],
                                        "correct_answer": {
                                            "ids": [
                                                "a"
                                            ]
                                        },
                                        "question_type": "mcq_single",
                                        "difficulty_level": "easy",
                                        "explanation_html": "<p>The 'Book of the Marvels of the World', commonly known as 'The Travels of Marco Polo', is a 13th-century travelogue attributed to Marco Polo. It documents his travels through Asia between 1271 and 1295.</p>"
                                    }
                                ]
                            },
                            {
                                "chapter_name": "Print Culture and the Modern World",
                                "questions": [
                                    {
                                        "question_no": 4,
                                        "question_html": "<p>Assume you are doing research on 15th century print culture. Which of the following would be the most significant advantage for your research ?</p>",
                                        "options": [
                                            {
                                                "id": "a",
                                                "text": "Easier access to rare manuscripts"
                                            },
                                            {
                                                "id": "b",
                                                "text": "Reduced need for libraries"
                                            },
                                            {
                                                "id": "c",
                                                "text": "Increase in the ability to copy text by hand"
                                            },
                                            {
                                                "id": "d",
                                                "text": "Increased speed and accuracy of print"
                                            }
                                        ],
                                        "correct_answer": {
                                            "ids": [
                                                "d"
                                            ]
                                        },
                                        "question_type": "mcq_single",
                                        "difficulty_level": "easy",
                                        "explanation_html": "<p>The most significant impact of the invention of the printing press in the 15th century was the ability to produce multiple copies of texts quickly and with much greater accuracy than manual transcription. This revolutionized the dissemination of information and would be the greatest advantage for research on the culture of that period.</p>"
                                    }
                                ]
                            },
                            {
                                "chapter_name": "Forest and Wildlife Resources",
                                "questions": [
                                    {
                                        "question_no": 5,
                                        "question_html": "<p>Arrange the following categories of forests in India from the largest to the smallest in terms of area and choose the correct option :<br>I.   Reserved<br>II.  Protected<br>III. Unclassed</p>",
                                        "options": [
                                            {
                                                "id": "a",
                                                "text": "III, II, I"
                                            },
                                            {
                                                "id": "b",
                                                "text": "I, II, III"
                                            },
                                            {
                                                "id": "c",
                                                "text": "II, III, I"
                                            },
                                            {
                                                "id": "d",
                                                "text": "III, I, II"
                                            }
                                        ],
                                        "correct_answer": {
                                            "ids": [
                                                "b"
                                            ]
                                        },
                                        "question_type": "mcq_single",
                                        "difficulty_level": "medium",
                                        "explanation_html": "<p>According to the classification of forests in India, Reserved forests constitute more than half of the total forest land and are considered the most valuable. They are followed by Protected forests, which cover almost one-third of the total forest area. Unclassed forests make up the smallest category. Thus, the correct order from largest to smallest area is Reserved, Protected, and then Unclassed.</p>"
                                    }
                                ]
                            },
                            {
                                "chapter_name": "Forest and Wildlife Resources",
                                "questions": [
                                    {
                                        "question_no": 6,
                                        "question_html": "<p>'Sariska Tiger Reserve' is located in which one of the following states ?</p>",
                                        "options": [
                                            {
                                                "id": "a",
                                                "text": "Madhya Pradesh"
                                            },
                                            {
                                                "id": "b",
                                                "text": "Rajasthan"
                                            },
                                            {
                                                "id": "c",
                                                "text": "Uttar Pradesh"
                                            },
                                            {
                                                "id": "d",
                                                "text": "Maharashtra"
                                            }
                                        ],
                                        "correct_answer": {
                                            "ids": [
                                                "b"
                                            ]
                                        },
                                        "question_type": "mcq_single",
                                        "difficulty_level": "easy",
                                        "explanation_html": "<p>Sariska Tiger Reserve is a national park and tiger reserve located in the Alwar district of the state of Rajasthan, India.</p>"
                                    }
                                ]
                            },
                            {
                                "chapter_name": "Water Resources",
                                "questions": [
                                    {
                                        "question_no": 7,
                                        "question_html": "<p>Match Column I with Column II and choose the correct option :<br><b>Column I (Dam)</b><br>a. Hirakud<br>b. Gandhi Sagar<br>c. Nagarjuna Sagar<br>d. Mettur<br><b>Column II (River)</b><br>i. Chambal<br>ii. Krishna<br>iii. Kaveri<br>iv. Mahanadi</p>",
                                        "options": [
                                            {
                                                "id": "a",
                                                "text": "a-iv, b-i, c-iii, d-ii"
                                            },
                                            {
                                                "id": "b",
                                                "text": "a-i, b-ii, c-iv, d-iii"
                                            },
                                            {
                                                "id": "c",
                                                "text": "a-iv, b-i, c-ii, d-iii"
                                            },
                                            {
                                                "id": "d",
                                                "text": "a-i, b-ii, c-iii, d-iv"
                                            }
                                        ],
                                        "correct_answer": {
                                            "ids": [
                                                "c"
                                            ]
                                        },
                                        "question_type": "mcq_single",
                                        "difficulty_level": "medium",
                                        "explanation_html": "<p>The correct matches are:<br>- Hirakud Dam is built across the Mahanadi River.<br>- Gandhi Sagar Dam is built on the Chambal River.<br>- Nagarjuna Sagar Dam is constructed on the Krishna River.<br>- Mettur Dam is located on the Kaveri River.<br>Therefore, the correct combination is a-iv, b-i, c-ii, d-iii.</p>"
                                    }
                                ]
                            },
                            {
                                "chapter_name": "Water Resources",
                                "questions": [
                                    {
                                        "question_no": 8,
                                        "question_html": "<p>Choose the correct option regarding major states involved in the Krishna - Godavari issue :</p>",
                                        "options": [
                                            {
                                                "id": "a",
                                                "text": "Karnataka, Kerala and Tamil Nadu"
                                            },
                                            {
                                                "id": "b",
                                                "text": "Maharashtra, Karnataka and Andhra Pradesh"
                                            },
                                            {
                                                "id": "c",
                                                "text": "Gujarat, Maharashtra and Madhya Pradesh"
                                            },
                                            {
                                                "id": "d",
                                                "text": "Jharkhand, Andhra Pradesh and Odisha"
                                            }
                                        ],
                                        "correct_answer": {
                                            "ids": [
                                                "b"
                                            ]
                                        },
                                        "question_type": "mcq_single",
                                        "difficulty_level": "medium",
                                        "explanation_html": "<p>The Krishna-Godavari water dispute is a long-standing issue over water sharing among the riparian states of these river basins. The primary states involved in the dispute over the Krishna River water are Maharashtra, Karnataka, and Andhra Pradesh (now also Telangana).</p>"
                                    }
                                ]
                            },
                            {
                                "chapter_name": "Agriculture",
                                "questions": [
                                    {
                                        "question_no": 9,
                                        "question_html": "<p>Imagine you are travelling from Delhi to Chandigarh to attend a wedding, by road in January. Which of the following crops will you notice prominently in the fields during the journey ?</p>",
                                        "options": [
                                            {
                                                "id": "a",
                                                "text": "Paddy"
                                            },
                                            {
                                                "id": "b",
                                                "text": "Maize"
                                            },
                                            {
                                                "id": "c",
                                                "text": "Wheat"
                                            },
                                            {
                                                "id": "d",
                                                "text": "Jowar"
                                            }
                                        ],
                                        "correct_answer": {
                                            "ids": [
                                                "c"
                                            ]
                                        },
                                        "question_type": "mcq_single",
                                        "difficulty_level": "easy",
                                        "explanation_html": "<p>The journey from Delhi to Chandigarh passes through the states of Haryana and Punjab. In January, which is the winter season, the prominent crop grown in this region is a Rabi crop. Wheat is the main Rabi crop of North India. Paddy (rice), maize, and jowar are Kharif crops, which are grown during the monsoon season.</p>"
                                    }
                                ]
                            },
                            {
                                "chapter_name": "Minerals and Energy Resources",
                                "questions": [
                                    {
                                        "question_no": 10,
                                        "question_html": "<p>Two statements are given below. They are Assertion (A) and Reason (R). Read both the statements carefully and choose the correct option :<br><b>Assertion (A) :</b> Minerals are an indispensable part of our lives.<br><b>Reason (R) :</b> All living things need minerals.</p>",
                                        "options": [
                                            {
                                                "id": "a",
                                                "text": "Both (A) and (R) are true and (R) is the correct explanation of (A)."
                                            },
                                            {
                                                "id": "b",
                                                "text": "Both (A) and (R) are true, but (R) is not the correct explanation of (A)."
                                            },
                                            {
                                                "id": "c",
                                                "text": "(A) is true, but (R) is false."
                                            },
                                            {
                                                "id": "d",
                                                "text": "(A) is false, but (R) is true."
                                            }
                                        ],
                                        "correct_answer": {
                                            "ids": [
                                                "a"
                                            ]
                                        },
                                        "question_type": "mcq_single",
                                        "difficulty_level": "easy",
                                        "explanation_html": "<p>Assertion (A) is correct as almost everything we use, from a tiny pin to a towering building, is made from minerals. Our lives are heavily dependent on them for industry, energy, and daily use. Reason (R) is also correct as all living organisms require minerals (as nutrients) for various life processes, such as growth and repair. The fact that minerals are essential for life itself is a fundamental reason why they are indispensable to us, making (R) a correct explanation for (A).</p>"
                                    }
                                ]
                            },
                            {
                                "chapter_name": "Minerals and Energy Resources",
                                "questions": [
                                    {
                                        "question_no": 11,
                                        "question_html": "<p>Match Column I with Column II and choose the correct option :<br><b>Column I (Minerals)</b><br>a. Iron ore<br>b. Mica<br>c. Bauxite<br>d. Coal<br><b>Column II (Major Mines)</b><br>i. Gaya<br>ii. Singarauli<br>iii. Chandrapur<br>iv. Maikala</p>",
                                        "options": [
                                            {
                                                "id": "a",
                                                "text": "a-iii, b-i, c-iv, d-ii"
                                            },
                                            {
                                                "id": "b",
                                                "text": "a-iii, b-i, c-ii, d-iv"
                                            },
                                            {
                                                "id": "c",
                                                "text": "a-ii, b-iii, c-i, d-iv"
                                            },
                                            {
                                                "id": "d",
                                                "text": "a-ii, b-iii, c-iv, d-i"
                                            }
                                        ],
                                        "correct_answer": {
                                            "ids": [
                                                "a"
                                            ]
                                        },
                                        "question_type": "mcq_single",
                                        "difficulty_level": "hard",
                                        "explanation_html": "<p>The correct matches are:<br>- Iron ore: The Chandrapur belt in Maharashtra is a significant iron ore mining area.<br>- Mica: The Gaya-Hazaribagh belt of Bihar/Jharkhand is a leading producer of mica.<br>- Bauxite: The Maikala hills in Madhya Pradesh and Chhattisgarh have large deposits of bauxite.<br>- Coal: Singrauli in Madhya Pradesh is a major coalfield in India.<br>Therefore, the correct combination is a-iii, b-i, c-iv, d-ii.</p>"
                                    }
                                ]
                            },
                            {
                                "chapter_name": "Power Sharing",
                                "questions": [
                                    {
                                        "question_no": 12,
                                        "question_html": "<p>Belgium solved its problem of majoritarianism by strengthening which of the following types of government ?</p>",
                                        "options": [
                                            {
                                                "id": "a",
                                                "text": "Unitary"
                                            },
                                            {
                                                "id": "b",
                                                "text": "Presidential"
                                            },
                                            {
                                                "id": "c",
                                                "text": "Federal"
                                            },
                                            {
                                                "id": "d",
                                                "text": "Parliamentary"
                                            }
                                        ],
                                        "correct_answer": {
                                            "ids": [
                                                "c"
                                            ]
                                        },
                                        "question_type": "mcq_single",
                                        "difficulty_level": "easy",
                                        "explanation_html": "<p>To address the ethnic and linguistic conflicts between the Dutch-speaking and French-speaking communities, Belgium amended its constitution to move from a unitary system to a federal system of government. This involved sharing power between the central, state, and community governments, thus accommodating diversity and preventing majoritarian rule.</p>"
                                    }
                                ]
                            },
                            {
                                "chapter_name": "Federalism",
                                "questions": [
                                    {
                                        "question_no": 13,
                                        "question_html": "<p>Choose the correctly matched pair from the following :</p>",
                                        "options": [
                                            {
                                                "id": "a",
                                                "text": "(Country) Canada - (System) Unitary"
                                            },
                                            {
                                                "id": "b",
                                                "text": "(Country) Bolivia - (System) Federal"
                                            },
                                            {
                                                "id": "c",
                                                "text": "(Country) Australia - (System) Unitary"
                                            },
                                            {
                                                "id": "d",
                                                "text": "(Country) Spain - (System) Federal"
                                            }
                                        ],
                                        "correct_answer": {
                                            "ids": [
                                                "d"
                                            ]
                                        },
                                        "question_type": "mcq_single",
                                        "difficulty_level": "medium",
                                        "explanation_html": "<p>Canada and Australia are federations, not unitary states. Bolivia has a unitary system of government. Spain is a 'quasi-federal' country; although its constitution asserts the indivisibility of the Spanish nation, it grants a high degree of autonomy to its regions, functioning as a 'holding together' federation. Therefore, Spain-Federal is the correctly matched pair among the choices.</p>"
                                    }
                                ]
                            },
                            {
                                "chapter_name": "Political Parties",
                                "questions": [
                                    {
                                        "question_no": 14,
                                        "question_html": "<p>Which of the following are the main components of a political party ? Choose the correct option :<br>I.   Leaders<br>II.  Active members<br>III. Followers<br>IV.  Pressure groups</p>",
                                        "options": [
                                            {
                                                "id": "a",
                                                "text": "Only I, II and III are correct."
                                            },
                                            {
                                                "id": "b",
                                                "text": "Only II, III and IV are correct."
                                            },
                                            {
                                                "id": "c",
                                                "text": "Only I, III and IV are correct."
                                            },
                                            {
                                                "id": "d",
                                                "text": "Only I, II and IV are correct."
                                            }
                                        ],
                                        "correct_answer": {
                                            "ids": [
                                                "a"
                                            ]
                                        },
                                        "question_type": "mcq_single",
                                        "difficulty_level": "easy",
                                        "explanation_html": "<p>A political party consists of three primary components: the leaders, who contest elections and hold political office; the active members, who participate in party activities and work for the party; and the followers, who support the party and its ideology, typically by voting for it. Pressure groups are separate entities that may try to influence political parties but are not a component of them.</p>"
                                    }
                                ]
                            },
                            {
                                "chapter_name": "Development",
                                "questions": [
                                    {
                                        "question_no": 15,
                                        "question_html": "<p>Study the following table related to ‘World Human Development Index’ and answer the questions given below :<br>Amongst the given countries, which one of the following countries has the highest rank in ‘Human Development Index’ ?</p>",
                                        "options": [
                                            {
                                                "id": "a",
                                                "text": "Pakistan"
                                            },
                                            {
                                                "id": "b",
                                                "text": "India"
                                            },
                                            {
                                                "id": "c",
                                                "text": "Nepal"
                                            },
                                            {
                                                "id": "d",
                                                "text": "Myanmar"
                                            }
                                        ],
                                        "correct_answer": {
                                            "ids": [
                                                "b"
                                            ]
                                        },
                                        "question_type": "mcq_single",
                                        "difficulty_level": "easy",
                                        "explanation_html": "<p>In the Human Development Index (HDI) ranking, a lower numerical rank indicates a higher level of human development. According to the table, India has a rank of 130, which is the lowest number among the given options (Myanmar: 148, Nepal: 149, Pakistan: 150). Therefore, India has the highest rank.</p>"
                                    }
                                ]
                            },
                            {
                                "chapter_name": "Sectors of the Indian Economy",
                                "questions": [
                                    {
                                        "question_no": 16,
                                        "question_html": "<p>'X' lives in a town. He cultivates flowers along with animal husbandry. The work of 'X' will fall under which sector of the economy ?</p>",
                                        "options": [
                                            {
                                                "id": "a",
                                                "text": "Primary"
                                            },
                                            {
                                                "id": "b",
                                                "text": "Secondary"
                                            },
                                            {
                                                "id": "c",
                                                "text": "Tertiary"
                                            },
                                            {
                                                "id": "d",
                                                "text": "Quaternary"
                                            }
                                        ],
                                        "correct_answer": {
                                            "ids": [
                                                "a"
                                            ]
                                        },
                                        "question_type": "mcq_single",
                                        "difficulty_level": "easy",
                                        "explanation_html": "<p>The primary sector of the economy involves activities that are undertaken by directly using natural resources. This includes agriculture and related activities like fishing, forestry, and animal husbandry. Since 'X' is involved in cultivating flowers (agriculture) and animal husbandry, his work falls under the primary sector.</p>"
                                    }
                                ]
                            },
                            {
                                "chapter_name": "Sectors of the Indian Economy",
                                "questions": [
                                    {
                                        "question_no": 17,
                                        "question_html": "<p>Look at the given picture and answer the question that follow :<br>The work being done in the picture falls under which sector of the economy ?</p>",
                                        "images": [
                                            {
                                                "url": "https://img.testbuddyai.com/Social Science-32-1-25-Q17.png"
                                            }
                                        ],
                                        "options": [
                                            {
                                                "id": "a",
                                                "text": "Primary"
                                            },
                                            {
                                                "id": "b",
                                                "text": "Quaternary"
                                            },
                                            {
                                                "id": "c",
                                                "text": "Secondary"
                                            },
                                            {
                                                "id": "d",
                                                "text": "Tertiary"
                                            }
                                        ],
                                        "correct_answer": {
                                            "ids": [
                                                "c"
                                            ]
                                        },
                                        "question_type": "mcq_single",
                                        "difficulty_level": "easy",
                                        "explanation_html": "<p>The secondary sector covers activities in which natural products are changed into other forms through ways of manufacturing that we associate with industrial activity. The picture shows people working in what appears to be a garment or textile factory, which is a manufacturing activity. Therefore, this work falls under the secondary sector.</p>"
                                    }
                                ]
                            },
                            {
                                "chapter_name": "Money and Credit",
                                "questions": [
                                    {
                                        "question_no": 18,
                                        "question_html": "<p>Why does it become difficult for farmers in rural areas to take loans from government banks ? Read the following reasons and choose the most appropriate option :<br>I.   Lack of collateral<br>II.  Complicated procedure<br>III. Higher cost of borrowing<br>IV.  Lack of awareness</p>",
                                        "options": [
                                            {
                                                "id": "a",
                                                "text": "Only I, II and III are correct."
                                            },
                                            {
                                                "id": "b",
                                                "text": "Only II, III and IV are correct."
                                            },
                                            {
                                                "id": "c",
                                                "text": "Only I, II and IV are correct."
                                            },
                                            {
                                                "id": "d",
                                                "text": "Only I, III and IV are correct."
                                            }
                                        ],
                                        "correct_answer": {
                                            "ids": [
                                                "c"
                                            ]
                                        },
                                        "question_type": "mcq_single",
                                        "difficulty_level": "medium",
                                        "explanation_html": "<p>Farmers in rural areas often face difficulties in obtaining loans from formal sources like banks due to several reasons. These include a lack of collateral (I), as banks usually require assets as security against loans. The procedures can be complicated and require extensive documentation (II), which can be daunting. Additionally, there is often a lack of awareness about the benefits and procedures of formal loans (IV). The cost of borrowing from formal sources is generally lower than informal sources, so reason (III) is incorrect.</p>"
                                    }
                                ]
                            },
                            {
                                "chapter_name": "Money and Credit",
                                "questions": [
                                    {
                                        "question_no": 19,
                                        "question_html": "<p>Which of the following groups in urban India depend on informal sources to meet their credit needs?</p>",
                                        "options": [
                                            {
                                                "id": "a",
                                                "text": "Poor households"
                                            },
                                            {
                                                "id": "b",
                                                "text": "Households with few assets"
                                            },
                                            {
                                                "id": "c",
                                                "text": "Both poor households and households with few assets"
                                            },
                                            {
                                                "id": "d",
                                                "text": "Both well-off households and households with few assets"
                                            }
                                        ],
                                        "correct_answer": {
                                            "ids": [
                                                "c"
                                            ]
                                        },
                                        "question_type": "mcq_single",
                                        "difficulty_level": "easy",
                                        "explanation_html": "<p>Informal sources of credit, such as moneylenders, friends, and relatives, are the main resort for households that have limited access to the formal banking sector. This primarily includes poor households and households with few assets, as they often cannot meet the requirements for collateral and documentation demanded by formal lenders.</p>"
                                    }
                                ]
                            },
                            {
                                "chapter_name": "Globalization and the Indian Economy",
                                "questions": [
                                    {
                                        "question_no": 20,
                                        "question_html": "<p>Two statements I and II are given below. Read both the statements carefully and choose the correct option :<br><b>Statement I:</b> Rapid improvement in technology has been one major factor to stimulate the globalisation process.<br><b>Statement II :</b> This has made much faster delivery of goods across long distances possible at lower costs.</p>",
                                        "options": [
                                            {
                                                "id": "a",
                                                "text": "Both statements I and II are correct and statement II is the correct explanation of statement I."
                                            },
                                            {
                                                "id": "b",
                                                "text": "Both statements I and II are correct, but statement II is not the correct explanation of statement I."
                                            },
                                            {
                                                "id": "c",
                                                "text": "Statement I is correct, but statement II is incorrect."
                                            },
                                            {
                                                "id": "d",
                                                "text": "Statement I is incorrect, but statement II is correct."
                                            }
                                        ],
                                        "correct_answer": {
                                            "ids": [
                                                "a"
                                            ]
                                        },
                                        "question_type": "mcq_single",
                                        "difficulty_level": "easy",
                                        "explanation_html": "<p>Statement I correctly identifies technology as a key driver of globalization. Statement II provides a specific example of this, explaining how advancements in transportation technology have enabled faster and cheaper movement of goods globally, which is a core aspect of globalization. Therefore, both statements are correct, and Statement II is a direct explanation of Statement I.</p>"
                                    }
                                ]
                            },
                            {
                                "chapter_name": "Nationalism in India",
                                "questions": [
                                    {
                                        "question_no": 21,
                                        "question_html": "<p><b>(a)</b> Explain the role of anti-colonial movement in the rise of 'modern nationalism' in India.<br><b>OR</b><br><b>(b)</b> Why did Gandhiji say 'Satyagraha is pure soul-force' ? Explain by giving two arguments.</p>",
                                        "options": [],
                                        "correct_answer": {
                                            "text": "<p><b>(a) Role of anti-colonial movement:</b><br>(i) People began discovering their unity in the process of their struggle with colonialism.<br>(ii) The sense of being oppressed under colonialism provided a shared bond that tied many different groups together.<br>(iii) Anti-colonial movements like the Non-Cooperation Movement, Civil Disobedience Movement, Quit India Movement etc. played a big role in the rise of modern nationalism in India.<br>(Any two points to be explained).<br><br><b>OR</b><br><br><b>(b) Satyagraha as pure soul-force:</b><br>(i) Satyagraha is pure soul force because truth is the very substance of the soul. That is why this force is called Satyagraha.<br>(ii) The soul is informed with knowledge. In it burns the flame of love. Non-violence is the supreme dharma.<br>(iii) According to Mahatma Gandhi, Satyagraha is not a physical force. A satyagrahi does not inflict pain on the adversary; he does not seek his destruction.<br>(Any two points to be explained).</p>"
                                        },
                                        "question_type": "Very Short Answer (2 marks)",
                                        "difficulty_level": "medium",
                                        "explanation_html": null
                                    }
                                ]
                            },
                            {
                                "chapter_name": "Resources and Development",
                                "questions": [
                                    {
                                        "question_no": 22,
                                        "question_html": "<p>Explain any two problems of the 'global ecology' arising due to indiscriminate use of resources.</p>",
                                        "options": [],
                                        "correct_answer": {
                                            "text": "<p>Two problems of 'global ecology' from indiscriminate use of resources are:<br>1.  <b>Global Warming:</b> The overuse of fossil fuels has led to increased concentrations of greenhouse gases in the atmosphere, causing a rise in global temperatures.<br>2.  <b>Ozone Layer Depletion:</b> The use of certain chemicals, like chlorofluorocarbons, has led to the depletion of the ozone layer, which protects the Earth from harmful ultraviolet radiation.<br>(Other points: Increased environmental pollution, land degradation).</p>"
                                        },
                                        "question_type": "Very Short Answer (2 marks)",
                                        "difficulty_level": "easy",
                                        "explanation_html": null
                                    }
                                ]
                            },
                            {
                                "chapter_name": "Gender, Religion and Caste",
                                "questions": [
                                    {
                                        "question_no": 23,
                                        "question_html": "<p>Suggest any two measures to remove gender inequality.</p>",
                                        "options": [],
                                        "correct_answer": {
                                            "text": "<p>Two measures to remove gender inequality are:<br>1.  <b>Investing in Education for Girls:</b> Providing equal educational opportunities for girls is crucial as it empowers them, improves their economic prospects, and helps change societal attitudes.<br>2.  <b>Increasing Political Representation of Women:</b> Reserving seats for women in elected bodies ensures their participation in decision-making processes, which can lead to more gender-sensitive policies.<br>(Other points: Increasing literacy rate among women, legal protection in employment).</p>"
                                        },
                                        "question_type": "Very Short Answer (2 marks)",
                                        "difficulty_level": "easy",
                                        "explanation_html": null
                                    }
                                ]
                            },
                            {
                                "chapter_name": "Globalization and the Indian Economy",
                                "questions": [
                                    {
                                        "question_no": 24,
                                        "question_html": "<p>How did the process of liberalisation initiated in India in the 1990s, promote globalisation ? Explain.</p>",
                                        "options": [],
                                        "correct_answer": {
                                            "text": "<p>The process of liberalisation in the 1990s promoted globalisation in the following ways:<br>1.  <b>Removing Barriers:</b> Liberalisation involved removing barriers or restrictions set by the government on trade and foreign investment. This made it easier for foreign companies to invest and set up factories in India.<br>2.  <b>Increased Competition and Integration:</b> The government decided that the time had come for Indian producers to compete with producers around the globe. This led to the integration of the Indian economy with the world economy, which is the essence of globalisation.</p>"
                                        },
                                        "question_type": "Very Short Answer (2 marks)",
                                        "difficulty_level": "medium",
                                        "explanation_html": null
                                    }
                                ]
                            },
                            {
                                "chapter_name": "Nationalism in India",
                                "questions": [
                                    {
                                        "question_no": 25,
                                        "question_html": "<p>\"Tribal peasants interpreted the message of Mahatma Gandhi and the idea of 'Swaraj' in yet another way.\" Explain the statement in the context of Non-Cooperation Movement.</p>",
                                        "options": [],
                                        "correct_answer": {
                                            "text": "<p>In the context of the Non-Cooperation Movement, tribal peasants had their own understanding of Gandhi's message and Swaraj:<br>1.  <b>Different Meaning of Swaraj:</b> For tribal people, Swaraj meant not just freedom from British rule, but also freedom from the oppressive forest laws imposed by the colonial government. These laws restricted their access to forests, affecting their livelihoods and traditional rights.<br>2.  <b>Militant Methods:</b> In the Gudem Hills of Andhra Pradesh, for instance, a militant guerrilla movement emerged under Alluri Sitaram Raju. Inspired by the Non-Cooperation Movement, he persuaded people to wear khadi and give up drinking. However, he asserted that India could be liberated only by the use of force, not non-violence, which was contrary to Gandhian principles.<br>3.  <b>Violent Protests:</b> The Gudem rebels attacked police stations and attempted to kill British officials, carrying on guerrilla warfare for achieving their vision of Swaraj. This shows that their interpretation of the movement was different from the non-violent path advocated by Gandhi and the Congress.</p>"
                                        },
                                        "question_type": "Short Answer (3 marks)",
                                        "difficulty_level": "medium",
                                        "explanation_html": null
                                    }
                                ]
                            },
                            {
                                "chapter_name": "Agriculture",
                                "questions": [
                                    {
                                        "question_no": 26,
                                        "question_html": "<p>Read the story of Rinjha and answer the question that follows :<br><b>Story of Rinjha</b><br>Rinjha lived with her family in a small village at the outskirts of Diphu in Assam. She enjoys watching her family members clearing, slashing and burning a patch of land for cultivation. She often helps them in irrigating the fields with water running through a bamboo canal from the nearby spring. She loves the surroundings and wants to stay here as long as she can, but this little girl has no idea about the declining fertility of the soil and her family's search for a fresh patch of land in the next season.<br>What type of farming is Rinjha's family doing ? Describe any two of its characteristics.</p>",
                                        "options": [],
                                        "correct_answer": {
                                            "text": "<p><b>Type of farming:</b> Primitive subsistence farming (also known as 'slash-and-burn' or Jhum cultivation).<br><br><b>Two characteristics:</b><br>1.  Farming is practiced on small patches of land using primitive tools like hoe, dao, and digging sticks.<br>2.  This type of farming depends upon the monsoon for irrigation and the natural fertility of the soil. The family clears a patch of forest land, grows crops for a few years, and then moves to a new patch when the soil fertility declines.</p>"
                                        },
                                        "question_type": "Short Answer (3 marks)",
                                        "difficulty_level": "easy",
                                        "explanation_html": null
                                    }
                                ]
                            },
                            {
                                "chapter_name": "Outcomes of Democracy",
                                "questions": [
                                    {
                                        "question_no": 27,
                                        "question_html": "<p>\"That democratic system of government is considered good in which maximum number of citizens are made stakeholders in political power.\" Explain the statement with suitable arguments.</p>",
                                        "options": [],
                                        "correct_answer": {
                                            "text": "<p>This statement is true for the following reasons:<br>1.  <b>Source of Political Power:</b> A democratic system is considered good because the people are the ultimate source of all political power. They rule themselves through institutions of self-government.<br>2.  <b>Participation and Representation:</b> Democracy ensures active participation, representation, and decision-making opportunities for the people. This can be through voting, contesting elections, or participating in public debates.<br>3.  <b>Legitimacy and Accountability:</b> When more citizens are involved, the government is seen as legitimate. It also makes the government more accountable to the people, as it has to respond to their needs and expectations to stay in power.</p>"
                                        },
                                        "question_type": "Short Answer (3 marks)",
                                        "difficulty_level": "medium",
                                        "explanation_html": null
                                    }
                                ]
                            },
                            {
                                "chapter_name": "Political Parties",
                                "questions": [
                                    {
                                        "question_no": 28,
                                        "question_html": "<p><b>(a)</b> Explain the importance of political parties in democracy.<br><b>OR</b><br><b>(b)</b> Why did India adopt the multiparty system ? Explain with suitable arguments.</p>",
                                        "options": [],
                                        "correct_answer": {
                                            "text": "<p><b>(a) Importance of Political Parties:</b><br>1.  <b>Contesting Elections:</b> Parties select candidates and contest elections to form and run the government.<br>2.  <b>Policy Making:</b> Parties put forward different policies and programmes, and the ruling party plays a decisive role in making laws for the country.<br>3.  <b>Shaping Public Opinion:</b> They raise and highlight issues, shaping public opinion and providing people access to government machinery and welfare schemes.<br><br><b>OR</b><br><br><b>(b) Reasons for Adopting a Multiparty System:</b><br>1.  <b>Social and Geographical Diversity:</b> India is a large country with immense social, cultural, and geographical diversity. A two-party system would not be able to absorb and represent such a vast range of interests and opinions.<br>2.  <b>Representation of Interests:</b> A multiparty system allows a variety of interests and opinions to enjoy political representation. Different parties represent different regional and community interests, which is crucial in a diverse country like India.</p>"
                                        },
                                        "question_type": "Short Answer (3 marks)",
                                        "difficulty_level": "medium",
                                        "explanation_html": null
                                    }
                                ]
                            },
                            {
                                "chapter_name": "Sectors of the Indian Economy",
                                "questions": [
                                    {
                                        "question_no": 29,
                                        "question_html": "<p>Explain the difference between public and private sector of Indian economy with example.</p>",
                                        "options": [],
                                        "correct_answer": {
                                            "text": "<p>| Public Sector | Private Sector |<br>|---|---|<br>| **Ownership:** The government owns most of the assets and provides all the services. | **Ownership:** Ownership of assets and delivery of services is in the hands of private individuals or companies. |<br>| **Motive:** The motive is not just to earn profits but also to ensure public welfare. | **Motive:** Activities are guided mainly by the motive to earn profit. |<br>| **Example:** Indian Railways, Post Office. | **Example:** Tata Iron and Steel Company Limited (TISCO), Reliance Industries Limited. |</p>"
                                        },
                                        "question_type": "Short Answer (3 marks)",
                                        "difficulty_level": "easy",
                                        "explanation_html": null
                                    }
                                ]
                            },
                            {
                                "chapter_name": "The Rise of Nationalism in Europe",
                                "questions": [
                                    {
                                        "question_no": 30,
                                        "question_html": "<p><b>(a)</b> Analyse the significance of the 'Napoleonic Code' in making the administrative system rational and efficient.<br><b>OR</b><br><b>(b)</b> How was liberalism allied to national unity in Europe in the early decades of the 19th century? Analyse.</p>",
                                        "options": [],
                                        "correct_answer": {
                                            "text": "<p><b>(a) Significance of the Napoleonic Code (Civil Code of 1804):</b><br>1.  <b>Equality before the Law:</b> It did away with all privileges based on birth and established equality before the law.<br>2.  <b>Right to Property:</b> It secured the right to property, providing legal security to citizens.<br>3.  <b>Administrative Simplification:</b> It simplified administrative divisions, which made governance more rational and efficient.<br>4.  <b>Economic Reforms:</b> It abolished the feudal system, freed peasants from serfdom, and removed guild restrictions in towns. This, along with improvements in transport and communication, facilitated trade.<br>5.  <b>Uniformity:</b> It introduced uniform laws and standardized weights and measures, which helped in the movement and exchange of goods and capital.<br><br><b>OR</b><br><br><b>(b) Liberalism and National Unity:</b><br>1.  <b>Individual Freedom and Equality:</b> For the new middle classes, liberalism stood for freedom for the individual and equality of all before the law. This created a sense of common citizenship.<br>2.  <b>Government by Consent:</b> Politically, liberalism emphasized the concept of government by consent and the end of autocracy and clerical privileges, promoting the idea of a nation-state based on a constitution.<br>3.  <b>Economic Liberalism:</b> In the economic sphere, liberalism stood for the freedom of markets and the abolition of state-imposed restrictions on the movement of goods and capital. The creation of a unified economic territory with a common currency, weights, and measures (like the Zollverein) helped bind the nation together economically and fostered a sense of national unity.</p>"
                                        },
                                        "question_type": "Long Answer (5 marks)",
                                        "difficulty_level": "medium",
                                        "explanation_html": null
                                    }
                                ]
                            },
                            {
                                "chapter_name": "Manufacturing Industries",
                                "questions": [
                                    {
                                        "question_no": 31,
                                        "question_html": "<p><b>(a)</b> \"Manufacturing industries are considered the backbone of the economic development of a country.\" Justify the statement.<br><b>OR</b><br><b>(b)</b> \"Agriculture and industries complement each other.\" Justify the statement.</p>",
                                        "options": [],
                                        "correct_answer": {
                                            "text": "<p><b>(a) Manufacturing as the Backbone of Development:</b><br>1.  <b>Modernizing Agriculture:</b> Manufacturing industries provide machinery, fertilizers, and pesticides, which help in modernizing agriculture.<br>2.  <b>Employment Generation:</b> They provide a large number of jobs in the secondary and tertiary sectors, reducing heavy dependence on agricultural income.<br>3.  <b>Poverty Eradication:</b> Industrial development is a pre-condition for the eradication of unemployment and poverty.<br>4.  <b>Foreign Exchange:</b> Export of manufactured goods expands trade and commerce and brings in much-needed foreign exchange.<br>5.  <b>Value Addition:</b> They transform raw materials into a wide variety of finished goods of higher value, leading to national prosperity.<br><br><b>OR</b><br><br><b>(b) Agriculture and Industries Complement Each Other:</b><br>1.  <b>Interdependence for Raw Materials and Products:</b> Industries depend on agriculture for raw materials (like cotton for the textile industry). In turn, industries provide products like irrigation pumps, fertilizers, and tractors to the agricultural sector.<br>2.  <b>Boost to Productivity:</b> Agro-industries have given a major boost to agriculture by raising its productivity and making the production process more efficient.<br>3.  <b>Market for Products:</b> Agriculture provides a market for industrial products, while industries provide a market for agricultural produce.<br>4.  <b>Development Linkage:</b> The development and competitiveness of manufacturing have not only assisted agriculturists in increasing their production but have also created new jobs and raised incomes in both sectors.</p>"
                                        },
                                        "question_type": "Long Answer (5 marks)",
                                        "difficulty_level": "medium",
                                        "explanation_html": null
                                    }
                                ]
                            },
                            {
                                "chapter_name": "Outcomes of Democracy",
                                "questions": [
                                    {
                                        "question_no": 32,
                                        "question_html": "<p><b>(a)</b> Explain any five bases for assessing the outcomes of democracy.<br><b>OR</b><br><b>(b)</b> Explain any five values of democracy.</p>",
                                        "options": [],
                                        "correct_answer": {
                                            "text": "<p><b>(a) Five Bases for Assessing Outcomes of Democracy:</b><br>1.  <b>Equality:</b> It promotes equality among citizens.<br>2.  <b>Dignity:</b> It enhances the dignity of the individual.<br>3.  <b>Decision Making:</b> It improves the quality of decision-making through deliberation and negotiation.<br>4.  <b>Conflict Resolution:</b> It provides methods to resolve conflicts and accommodate social diversity.<br>5.  <b>Accountability:</b> It produces a government that is accountable to the citizens and responsive to their needs.<br><br><b>OR</b><br><br><b>(b) Five Values of Democracy:</b><br>1.  <b>Equality:</b> Promotes equal rights and opportunities for all citizens.<br>2.  <b>Freedom:</b> Ensures freedom of expression, belief, and the right to choose leaders.<br>3.  <b>Dignity:</b> Upholds the dignity and respect of every individual.<br>4.  <b>Participation:</b> Allows citizens to participate in the political process and decision-making.<br>5.  <b>Accountability:</b> Upholds the value of having a government that is accountable to the people and transparent in its functioning.</p>"
                                        },
                                        "question_type": "Long Answer (5 marks)",
                                        "difficulty_level": "medium",
                                        "explanation_html": null
                                    }
                                ]
                            },
                            {
                                "chapter_name": "Development",
                                "questions": [
                                    {
                                        "question_no": 33,
                                        "question_html": "<p><b>(a)</b> \"Recent evidence suggests that overuse of groundwater is becoming a serious threat in many parts of the country.\" Evaluate the statement in the context of sustainability of development.<br><b>OR</b><br><b>(b)</b> \"The development goals of different categories of people may differ.\" Evaluate the statement.</p>",
                                        "options": [],
                                        "correct_answer": {
                                            "text": "<p><b>(a) Overuse of Groundwater and Sustainability:</b><br>Sustainability of development means that development should take place without damaging the environment and should not compromise the needs of future generations. Groundwater is a renewable resource, but its overuse, especially for irrigation in agriculturally prosperous regions, is depleting this vital resource faster than it can be replenished by nature. This is unsustainable as it threatens future water security and agricultural production. For instance, about 300 districts have reported a water level decline of over 4 meters in the past 20 years. This poses a serious threat to development.<br><br><b>OR</b><br><br><b>(b) Differing Development Goals:</b><br>This statement is true because people from different social and economic backgrounds have different aspirations. What may be development for one may not be for another; it may even be destructive.<br>1.  <b>Individual Aspirations:</b> A landless rural laborer may desire more days of work and better wages, whereas a prosperous farmer may want a higher support price for their crops.<br>2.  <b>Conflicting Goals:</b> An industrialist may want more dams to get more electricity, but this may submerge the land and disrupt the lives of tribal people who are displaced. A girl expects as much freedom and opportunity as her brother, and that he also shares in the household work, which might not be liked by the brother. These examples show that development goals are subjective and can be conflicting.</p>"
                                        },
                                        "question_type": "Long Answer (5 marks)",
                                        "difficulty_level": "medium",
                                        "explanation_html": null
                                    }
                                ]
                            },
                            {
                                "chapter_name": "Print Culture and the Modern World",
                                "questions": [
                                    {
                                        "question_no": 34,
                                        "question_html": "<p>Read the given source and answer the questions that follow :<br><b>Print and Censorship</b><br>The power of the printed word is most often seen in the way governments seek to regulate and suppress print. The colonial government kept continuous track of all books and newspapers published in India and passed numerous laws to control the press...<br><b>(34.1)</b> Explain the meaning of 'censor'.<br><b>(34.2)</b> Why did the colonial administration keep an eye on books and newspapers ?<br><b>(34.3)</b> Why did Gandhiji start a nationwide Satyagraha against the Rowlatt Act? Explain any two reasons.</p>",
                                        "options": [],
                                        "correct_answer": {
                                            "text": "<p><b>(34.1) Meaning of 'censor':</b> Censorship means the control or suppression of the publication of books, newspapers, or any other media that is considered critical of government policies or harmful to its interests.<br><br><b>(34.2) Reason for colonial surveillance:</b> The colonial administration kept an eye on books and newspapers because many of them were critical of British misrule and encouraged nationalist activities. They wanted to suppress the spread of nationalist ideas and maintain control over the population.<br><br><b>(34.3) Reasons for Satyagraha against Rowlatt Act:</b><br>1.  The Act gave the government enormous powers to repress political activities.<br>2.  It allowed for the detention of political prisoners without trial for two years, which was a denial of basic civil liberties.</p>"
                                        },
                                        "question_type": "Case/Source-based Questions",
                                        "difficulty_level": "medium",
                                        "explanation_html": null
                                    }
                                ]
                            },
                            {
                                "chapter_name": "Power Sharing",
                                "questions": [
                                    {
                                        "question_no": 35,
                                        "question_html": "<p>Read the given source and answer the questions that follow :<br><b>An Experiment in Brazil</b><br>A city called Porto Alegre in Brazil has carried out an extraordinary experiment in combining decentralisation with participative democracy. The city has set up a parallel organisation operating alongside the municipal council, enabling local inhabitants to take real decisions for their city...<br><b>(35.1)</b> Explain the meaning of ‘participatory democracy'.<br><b>(35.2)</b> In the context of separation of powers, the given example defines which type of government ?<br><b>(35.3)</b> Describe the structure of the system in India which is almost similar to the above example of Brazil.</p>",
                                        "options": [],
                                        "correct_answer": {
                                            "text": "<p><b>(35.1) Participatory Democracy:</b> It means a system of governance where citizens have direct participation or involvement in the decision-making process, rather than just electing representatives.<br><br><b>(35.2) Type of Government:</b> This example defines a system of <b>Local Self-Government</b>, where power is decentralized to the local level, allowing for direct citizen participation.<br><br><b>(35.3) Similar System in India:</b> India has a similar system of local self-government through the Panchayati Raj system in rural areas and Municipalities/Municipal Corporations in urban areas. In these systems, bodies like the Gram Sabha in villages allow all adult members to participate directly in decision-making and budgeting for their local area.</p>"
                                        },
                                        "question_type": "Case/Source-based Questions",
                                        "difficulty_level": "medium",
                                        "explanation_html": null
                                    }
                                ]
                            },
                            {
                                "chapter_name": "Money and Credit",
                                "questions": [
                                    {
                                        "question_no": 36,
                                        "question_html": "<p>Read the given source and answer the questions that follow :<br><b>Loans From Cooperatives</b><br>Besides banks, the other major source of cheap credit in rural areas are the cooperative societies (or cooperatives). Members of a cooperative pool their resources for cooperation in certain areas...<br><b>(36.1)</b> Cooperative societies come under which source of credit ?<br><b>(36.2)</b> Mention any two sources of capital of cooperative societies.<br><b>(36.3)</b> Explain the role of cooperative societies in increasing the income of farmers.</p>",
                                        "options": [],
                                        "correct_answer": {
                                            "text": "<p><b>(36.1) Source of Credit:</b> Cooperative societies come under the <b>formal sources</b> of credit.<br><br><b>(36.2) Sources of Capital:</b><br>1. Deposits from the members of the cooperative.<br>2. Large loans obtained from banks, using the members' deposits as collateral.<br><br><b>(36.3) Role in Increasing Farmers' Income:</b><br>Cooperative societies provide loans to farmers at low interest rates for various purposes like buying agricultural implements, seeds, and fertilizers. This reduces their dependence on informal lenders with high interest rates, lowers their cost of cultivation, and thereby helps in increasing their net income and promoting their economic well-being.</p>"
                                        },
                                        "question_type": "Case/Source-based Questions",
                                        "difficulty_level": "medium",
                                        "explanation_html": null
                                    }
                                ]
                            },
                            {
                                "chapter_name": "Nationalism in India",
                                "questions": [
                                    {
                                        "question_no": 37,
                                        "question_html": "<p><b>(a)</b> Two places 'A' and 'B' have been marked on the given political outline map of India. Identify them with the help of the following information and write their correct names on the lines drawn near them :<br>A. The place where the session of Indian National Congress was held in 1920.<br>B. The place where Gandhiji started Dandi March.<br><b>(b)</b> On the same political outline map of India, locate and label any three of the following with suitable symbols :<br>(i) Leading state in production of Jute<br>(ii) Atomic Power Plant located in Gujarat<br>(iii) Iron and Steel Plant located in Jharkhand<br>(iv) Sri Guru Ram Das Jee International Airport</p>",
                                        "images": [
                                            {
                                                "url": "https://img.testbuddyai.com/SocialScience-32-1-25-Q37.png"
                                            }
                                        ],
                                        "options": [],
                                        "correct_answer": {
                                            "text": "<p><b>(a) Identification on the Map:</b><br><b>A. Nagpur:</b> The Indian National Congress session of September 1920, where the resolution on Non-Cooperation was adopted, was held in Calcutta (Kolkata), but the annual session in December 1920 was in Nagpur. The map points to Nagpur in Maharashtra.<br><b>B. Sabarmati:</b> Gandhiji started the Dandi March from his ashram in Sabarmati, Gujarat.<br><br><b>(b) Location and Labeling on the Map:</b><br><b>(i) Leading state in production of Jute:</b> West Bengal should be located and labeled.<br><b>(ii) Atomic Power Plant located in Gujarat:</b> Kakrapara should be located and labeled in Gujarat.<br><b>(iii) Iron and Steel Plant located in Jharkhand:</b> Bokaro or Jamshedpur should be located and labeled in Jharkhand.<br><b>(iv) Sri Guru Ram Das Jee International Airport:</b> Amritsar should be located and labeled in Punjab.</p>"
                                        },
                                        "question_type": "Map Skill-Based",
                                        "difficulty_level": "medium",
                                        "explanation_html": null
                                    }
                                ]
                            }
                        ]
                    }
                ]
            }
        ]
    }
]