[
  {
    "exam_name_actual": "CBSE Board - Class 10",
    "main_exam_id_name_ref": "CBSE Board - Class 10",
    "years": [
      {
        "year": "2023",
        "papers_or_subjects": [
          {
            "paper_name": "CBSE Class 10 Mathematics (Standard) Paper 2023 (QP Code: 30/2/1)",
            "subject_name": "Mathematics",
            "chapters": [
              {
                "chapter_name": "Quadratic Equations",
                "questions": [
                  {
                    "question_no": 1,
                    "question_html": "<p>Which of the following quadratic equations has sum of its roots as 4?</p>",
                    "options": [
                      {
                        "id": "a",
                        "text": "2x² - 4x + 8 = 0"
                      },
                      {
                        "id": "b",
                        "text": "-x² + 4x + 4 = 0"
                      },
                      {
                        "id": "c",
                        "text": "√2x² - (4/√2)x + 1 = 0"
                      },
                      {
                        "id": "d",
                        "text": "4x² - 4x + 4 = 0"
                      }
                    ],
                    "correct_answer": {
                      "ids": [
                        "b"
                      ]
                    },
                    "question_type": "mcq_single",
                    "difficulty_level": "easy",
                    "explanation_html": "<p>The sum of the roots of a quadratic equation ax² + bx + c = 0 is -b/a. <br>(a) -(-4)/2 = 2 <br>(b) -(4)/(-1) = 4 <br>(c) -(-4/√2)/√2 = 4/2 = 2 <br>(d) -(-4)/4 = 1. <br>Hence, the correct option is (b).</p>"
                  }
                ]
              },
              {
                "chapter_name": "Areas Related to Circles",
                "questions": [
                  {
                    "question_no": 2,
                    "question_html": "<p>What is the length of the arc of the sector of a circle with radius 14 cm and of central angle 90°?</p>",
                    "options": [
                      {
                        "id": "a",
                        "text": "22 cm"
                      },
                      {
                        "id": "b",
                        "text": "44 cm"
                      },
                      {
                        "id": "c",
                        "text": "88 cm"
                      },
                      {
                        "id": "d",
                        "text": "11 cm"
                      }
                    ],
                    "correct_answer": {
                      "ids": [
                        "a"
                      ]
                    },
                    "question_type": "mcq_single",
                    "difficulty_level": "easy",
                    "explanation_html": "<p>Length of arc = (θ/360°) × 2πr = (90/360) × 2 × (22/7) × 14 = (1/4) × 2 × 22 × 2 = 22 cm.</p>"
                  }
                ]
              },
              {
                "chapter_name": "Triangles",
                "questions": [
                  {
                    "question_no": 3,
                    "question_html": "<p>If ∆ABC ~ ∆PQR with ∠A = 32° and ∠R = 65°, then the measure of ∠B is:</p>",
                    "options": [
                      {
                        "id": "a",
                        "text": "32°"
                      },
                      {
                        "id": "b",
                        "text": "65°"
                      },
                      {
                        "id": "c",
                        "text": "83°"
                      },
                      {
                        "id": "d",
                        "text": "97°"
                      }
                    ],
                    "correct_answer": {
                      "ids": [
                        "c"
                      ]
                    },
                    "question_type": "mcq_single",
                    "difficulty_level": "easy",
                    "explanation_html": "<p>Since ∆ABC ~ ∆PQR, corresponding angles are equal. So, ∠A = ∠P = 32° and ∠C = ∠R = 65°. In ∆ABC, the sum of angles is 180°. So, ∠A + ∠B + ∠C = 180° => 32° + ∠B + 65° = 180° => ∠B = 180° - 97° = 83°.</p>"
                  }
                ]
              },
              {
                "chapter_name": "Real Numbers",
                "questions": [
                  {
                    "question_no": 4,
                    "question_html": "<p>If 'p' and 'q' are natural numbers and 'p' is the multiple of 'q', then what is the HCF of 'p' and 'q'?</p>",
                    "options": [
                      {
                        "id": "a",
                        "text": "pq"
                      },
                      {
                        "id": "b",
                        "text": "p"
                      },
                      {
                        "id": "c",
                        "text": "q"
                      },
                      {
                        "id": "d",
                        "text": "p + q"
                      }
                    ],
                    "correct_answer": {
                      "ids": [
                        "c"
                      ]
                    },
                    "question_type": "mcq_single",
                    "difficulty_level": "easy",
                    "explanation_html": "<p>If 'p' is a multiple of 'q', it means p = kq for some natural number k. The factors of q are also factors of p. Therefore, the highest common factor (HCF) of p and q is q.</p>"
                  }
                ]
              },
              {
                "chapter_name": "Coordinate Geometry",
                "questions": [
                  {
                    "question_no": 5,
                    "question_html": "<p>The coordinates of the vertex A of a rectangle ABCD whose three vertices are given as B(0, 0), C(3, 0) and D(0, 4) are:</p>",
                    "options": [
                      {
                        "id": "a",
                        "text": "(4, 0)"
                      },
                      {
                        "id": "b",
                        "text": "(0, 3)"
                      },
                      {
                        "id": "c",
                        "text": "(3, 4)"
                      },
                      {
                        "id": "d",
                        "text": "(4, 3)"
                      }
                    ],
                    "correct_answer": {
                      "ids": [
                        "c"
                      ]
                    },
                    "question_type": "mcq_single",
                    "difficulty_level": "easy",
                    "explanation_html": "<p>In a rectangle, opposite sides are equal and parallel. Let the coordinates of A be (x, y). Vector AB should be equal to vector DC. (x-0, y-0) = (3-0, 0-4). This doesn't work. The vertices are usually in order. B is (0,0), C is (3,0), so side BC is on the x-axis. D is (0,4). Side BD is on the y-axis. This means the sides are perpendicular, as required for a rectangle. The vertex A must be such that AB is parallel to DC and AD is parallel to BC. A must be at (3, 4).</p>"
                  }
                ]
              },
              {
                "chapter_name": "Pair of Linear Equations in Two Variables",
                "questions": [
                  {
                    "question_no": 6,
                    "question_html": "<p>If the pair of equations 3x - y + 8 = 0 and 6x - ry + 16 = 0 represent coincident lines, then the value of 'r' is:</p>",
                    "options": [
                      {
                        "id": "a",
                        "text": "-1/2"
                      },
                      {
                        "id": "b",
                        "text": "1/2"
                      },
                      {
                        "id": "c",
                        "text": "-2"
                      },
                      {
                        "id": "d",
                        "text": "2"
                      }
                    ],
                    "correct_answer": {
                      "ids": [
                        "d"
                      ]
                    },
                    "question_type": "mcq_single",
                    "difficulty_level": "easy",
                    "explanation_html": "<p>For coincident lines, the ratio of the coefficients must be equal: a₁/a₂ = b₁/b₂ = c₁/c₂. Here, 3/6 = (-1)/(-r) = 8/16. This simplifies to 1/2 = 1/r = 1/2. From 1/2 = 1/r, we get r = 2.</p>"
                  }
                ]
              },
              {
                "chapter_name": "Probability",
                "questions": [
                  {
                    "question_no": 7,
                    "question_html": "<p>A bag contains 100 cards numbered 1 to 100. A card is drawn at random from the bag. What is the probability that the number on the card is a perfect cube?</p>",
                    "options": [
                      {
                        "id": "a",
                        "text": "1/20"
                      },
                      {
                        "id": "b",
                        "text": "3/50"
                      },
                      {
                        "id": "c",
                        "text": "1/25"
                      },
                      {
                        "id": "d",
                        "text": "7/100"
                      }
                    ],
                    "correct_answer": {
                      "ids": [
                        "c"
                      ]
                    },
                    "question_type": "mcq_single",
                    "difficulty_level": "easy",
                    "explanation_html": "<p>The perfect cubes between 1 and 100 are 1³=1, 2³=8, 3³=27, 4³=64. There are 4 such numbers. The total number of cards is 100. The probability is 4/100 = 1/25.</p>"
                  }
                ]
              },
              {
                "chapter_name": "Pair of Linear Equations in Two Variables",
                "questions": [
                  {
                    "question_no": 8,
                    "question_html": "<p>The pair of equations x = a and y = b graphically represents lines which are:</p>",
                    "options": [
                      {
                        "id": "a",
                        "text": "parallel"
                      },
                      {
                        "id": "b",
                        "text": "intersecting at (b, a)"
                      },
                      {
                        "id": "c",
                        "text": "coincident"
                      },
                      {
                        "id": "d",
                        "text": "intersecting at (a, b)"
                      }
                    ],
                    "correct_answer": {
                      "ids": [
                        "d"
                      ]
                    },
                    "question_type": "mcq_single",
                    "difficulty_level": "easy",
                    "explanation_html": "<p>The line x = a is a vertical line parallel to the y-axis. The line y = b is a horizontal line parallel to the x-axis. These two lines are perpendicular and intersect at the point where the x-coordinate is 'a' and the y-coordinate is 'b', which is the point (a, b).</p>"
                  }
                ]
              },
              {
                "chapter_name": "Polynomials",
                "questions": [
                  {
                    "question_no": 9,
                    "question_html": "<p>If one zero of the polynomial 6x² + 37x – (k – 2) is reciprocal of the other, then what is the value of k?</p>",
                    "options": [
                      {
                        "id": "a",
                        "text": "-4"
                      },
                      {
                        "id": "b",
                        "text": "-6"
                      },
                      {
                        "id": "c",
                        "text": "6"
                      },
                      {
                        "id": "d",
                        "text": "4"
                      }
                    ],
                    "correct_answer": {
                      "ids": [
                        "a"
                      ]
                    },
                    "question_type": "mcq_single",
                    "difficulty_level": "medium",
                    "explanation_html": "<p>If the zeroes are α and 1/α, their product is α × (1/α) = 1. For a quadratic polynomial ax² + bx + c, the product of zeroes is c/a. Here, a=6, c=-(k-2). So, c/a = -(k-2)/6 = 1. This gives -(k-2) = 6 => -k + 2 = 6 => -k = 4 => k = -4.</p>"
                  }
                ]
              },
              {
                "chapter_name": "Surface Areas and Volumes",
                "questions": [
                  {
                    "question_no": 10,
                    "question_html": "<p>What is the total surface area of a solid hemisphere of diameter 'd'?</p>",
                    "options": [
                      {
                        "id": "a",
                        "text": "3πd²"
                      },
                      {
                        "id": "b",
                        "text": "2πd²"
                      },
                      {
                        "id": "c",
                        "text": "(1/2)πd²"
                      },
                      {
                        "id": "d",
                        "text": "(3/4)πd²"
                      }
                    ],
                    "correct_answer": {
                      "ids": [
                        "d"
                      ]
                    },
                    "question_type": "mcq_single",
                    "difficulty_level": "medium",
                    "explanation_html": "<p>The radius of the hemisphere is r = d/2. The total surface area of a solid hemisphere is the sum of the curved surface area (2πr²) and the area of the circular base (πr²), which is 3πr². Substituting r = d/2, TSA = 3π(d/2)² = 3π(d²/4) = (3/4)πd².</p>"
                  }
                ]
              },
              {
                "chapter_name": "Probability",
                "questions": [
                  {
                    "question_no": 11,
                    "question_html": "<p>If three coins are tossed simultaneously, what is the probability of getting at most one tail?</p>",
                    "options": [
                      {
                        "id": "a",
                        "text": "3/8"
                      },
                      {
                        "id": "b",
                        "text": "4/8"
                      },
                      {
                        "id": "c",
                        "text": "5/8"
                      },
                      {
                        "id": "d",
                        "text": "7/8"
                      }
                    ],
                    "correct_answer": {
                      "ids": [
                        "b"
                      ]
                    },
                    "question_type": "mcq_single",
                    "difficulty_level": "easy",
                    "explanation_html": "<p>The sample space is {HHH, HHT, HTH, THH, HTT, THT, TTH, TTT}. Total outcomes = 8. 'At most one tail' means zero tails or one tail. Favorable outcomes are {HHH, HHT, HTH, THH}. There are 4 favorable outcomes. The probability is 4/8.</p>"
                  }
                ]
              },
              {
                "chapter_name": "Triangles",
                "questions": [
                  {
                    "question_no": 12,
                    "question_html": "<p>In the given figure, DE || BC. If AD = 2 units, DB = 3 units, AE = 3 units and EC = x units, then the value of x is:</p>",
                    "images": [
                      {
                        "url": "https://img.testbuddyai.com/Maths-30-2-23-Q12.png"
                      }
                    ],
                    "options": [
                      {
                        "id": "a",
                        "text": "2"
                      },
                      {
                        "id": "b",
                        "text": "3"
                      },
                      {
                        "id": "c",
                        "text": "5"
                      },
                      {
                        "id": "d",
                        "text": "9/2"
                      }
                    ],
                    "correct_answer": {
                      "ids": [
                        "d"
                      ]
                    },
                    "question_type": "mcq_single",
                    "difficulty_level": "easy",
                    "explanation_html": "<p>According to the Basic Proportionality Theorem (Thales' theorem), if a line is drawn parallel to one side of a triangle intersecting the other two sides, then it divides the two sides in the same ratio. So, AD/DB = AE/EC. We have 2/3 = 3/x. This gives 2x = 9, so x = 9/2.</p>"
                  }
                ]
              },
              {
                "chapter_name": "Areas Related to Circles",
                "questions": [
                  {
                    "question_no": 13,
                    "question_html": "<p>The hour-hand of a clock is 6 cm long. The angle swept by it between 7:20 a.m. and 7:55 a.m. is:</p>",
                    "options": [
                      {
                        "id": "a",
                        "text": "(35/4)°"
                      },
                      {
                        "id": "b",
                        "text": "(35/2)°"
                      },
                      {
                        "id": "c",
                        "text": "35°"
                      },
                      {
                        "id": "d",
                        "text": "70°"
                      }
                    ],
                    "correct_answer": {
                      "ids": [
                        "b"
                      ]
                    },
                    "question_type": "mcq_single",
                    "difficulty_level": "medium",
                    "explanation_html": "<p>The time duration is from 7:20 a.m. to 7:55 a.m., which is 35 minutes. The hour hand moves 360° in 12 hours (720 minutes). So, its speed is 360/720 = 0.5 degrees per minute. In 35 minutes, the angle swept is 35 × 0.5 = 17.5 degrees, which is (35/2)°.</p>"
                  }
                ]
              },
              {
                "chapter_name": "Polynomials",
                "questions": [
                  {
                    "question_no": 14,
                    "question_html": "<p>The zeroes of the polynomial p(x) = x² + 4x + 3 are given by:</p>",
                    "options": [
                      {
                        "id": "a",
                        "text": "1, 3"
                      },
                      {
                        "id": "b",
                        "text": "-1, 3"
                      },
                      {
                        "id": "c",
                        "text": "1, -3"
                      },
                      {
                        "id": "d",
                        "text": "-1, -3"
                      }
                    ],
                    "correct_answer": {
                      "ids": [
                        "d"
                      ]
                    },
                    "question_type": "mcq_single",
                    "difficulty_level": "easy",
                    "explanation_html": "<p>To find the zeroes, we set p(x) = 0. x² + 4x + 3 = 0. We can factor this equation: (x + 1)(x + 3) = 0. The zeroes are x = -1 and x = -3.</p>"
                  }
                ]
              },
              {
                "chapter_name": "Circles",
                "questions": [
                  {
                    "question_no": 15,
                    "question_html": "<p>In the given figure, the quadrilateral PQRS circumscribes a circle. Here PA + CS is equal to:</p>",
                    "images": [
                      {
                        "url": "https://img.testbuddyai.com/Maths-30-2-23-Q15.png"
                      }
                    ],
                    "options": [
                      {
                        "id": "a",
                        "text": "QR"
                      },
                      {
                        "id": "b",
                        "text": "PR"
                      },
                      {
                        "id": "c",
                        "text": "PS"
                      },
                      {
                        "id": "d",
                        "text": "PQ"
                      }
                    ],
                    "correct_answer": {
                      "ids": [
                        "c"
                      ]
                    },
                    "question_type": "mcq_single",
                    "difficulty_level": "medium",
                    "explanation_html": "<p>The lengths of tangents drawn from an external point to a circle are equal. Let the points of tangency be A on PQ, and some points B on QR, C on RS, D on SP. So PA=PD and CS=CB. No, the vertices are P,Q,R,S and tangency points are A,B,C,D. Let's assume A is on PQ, some point on QR, C is on RS, and some point on SP. PA = P(tangency point on PS), CS = C(tangency point on QR). The property is PA = P(point on PS), QA = Q(point on QR), RC = R(point on QR), SC = S(point on SP). Let's call the tangency points T1, T2, T3, T4 on PQ, QR, RS, SP respectively. PT1=ST4, QT1=RT2, RT2=ST3, ST4=... this is getting confusing. Let the points of tangency be A, B, C, D on sides PQ, QR, RS, SP respectively. PA=PD, QB=QA, RC=RB, SD=SC. The question asks for PA + CS. This is PA + SD. PS = PD + DS = PA + SD. So PA + CS is equal to PS.</p>"
                  }
                ]
              },
              {
                "chapter_name": "Polynomials",
                "questions": [
                  {
                    "question_no": 16,
                    "question_html": "<p>If α and β are the zeroes of the quadratic polynomial p(x) = x² - ax – b, then the value of α² + β² is:</p>",
                    "options": [
                      {
                        "id": "a",
                        "text": "a² – 2b"
                      },
                      {
                        "id": "b",
                        "text": "a² + 2b"
                      },
                      {
                        "id": "c",
                        "text": "b² – 2a"
                      },
                      {
                        "id": "d",
                        "text": "b² + 2a"
                      }
                    ],
                    "correct_answer": {
                      "ids": [
                        "b"
                      ]
                    },
                    "question_type": "mcq_single",
                    "difficulty_level": "medium",
                    "explanation_html": "<p>For the polynomial x² - ax - b, the sum of zeroes α + β = -(-a)/1 = a. The product of zeroes αβ = -b/1 = -b. We know that α² + β² = (α + β)² - 2αβ. Substituting the values, we get a² - 2(-b) = a² + 2b.</p>"
                  }
                ]
              },
              {
                "chapter_name": "Coordinate Geometry",
                "questions": [
                  {
                    "question_no": 17,
                    "question_html": "<p>The area of the triangle formed by the line x/a + y/b = 1 with the coordinate axes is:</p>",
                    "options": [
                      {
                        "id": "a",
                        "text": "ab"
                      },
                      {
                        "id": "b",
                        "text": "(1/2)ab"
                      },
                      {
                        "id": "c",
                        "text": "(1/4)ab"
                      },
                      {
                        "id": "d",
                        "text": "2ab"
                      }
                    ],
                    "correct_answer": {
                      "ids": [
                        "b"
                      ]
                    },
                    "question_type": "mcq_single",
                    "difficulty_level": "easy",
                    "explanation_html": "<p>The line x/a + y/b = 1 intersects the x-axis at (a, 0) and the y-axis at (0, b). This forms a right-angled triangle with the axes, with base 'a' and height 'b'. The area of the triangle is (1/2) × base × height = (1/2)ab.</p>"
                  }
                ]
              },
              {
                "chapter_name": "Triangles",
                "questions": [
                  {
                    "question_no": 18,
                    "question_html": "<p>In the given figure, AB || PQ. If AB = 6 cm, PQ = 2 cm and OB = 3 cm, then the length of OP is:</p>",
                    "images": [
                      {
                        "url": "https://img.testbuddyai.com/Maths-30-2-23-Q18.png"
                      }
                    ],
                    "options": [
                      {
                        "id": "a",
                        "text": "9 cm"
                      },
                      {
                        "id": "b",
                        "text": "3 cm"
                      },
                      {
                        "id": "c",
                        "text": "4 cm"
                      },
                      {
                        "id": "d",
                        "text": "1 cm"
                      }
                    ],
                    "correct_answer": {
                      "ids": [
                        "d"
                      ]
                    },
                    "question_type": "mcq_single",
                    "difficulty_level": "medium",
                    "explanation_html": "<p>Since AB || PQ, ∆OAB is similar to ∆OPQ. Therefore, the ratio of corresponding sides is equal: OA/OQ = OB/OP = AB/PQ. We have OB/OP = AB/PQ => 3/OP = 6/2 = 3. This gives 3 × OP = 3, so OP = 1 cm.</p>"
                  }
                ]
              },
              {
                "chapter_name": "Circles",
                "questions": [
                  {
                    "question_no": 19,
                    "question_html": "<p><b>Assertion (A)</b>: A tangent to a circle is perpendicular to the radius through the point of contact.</p><p><b>Reason (R)</b>: The lengths of tangents drawn from an external point to a circle are equal.</p>",
                    "options": [
                      {
                        "id": "a",
                        "text": "Both Assertion (A) and Reason (R) are true and Reason (R) is the correct explanation of the Assertion (A)."
                      },
                      {
                        "id": "b",
                        "text": "Both Assertion (A) and Reason (R) are true, but Reason (R) is not the correct explanation of the Assertion (A)."
                      },
                      {
                        "id": "c",
                        "text": "Assertion (A) is true, but Reason (R) is false."
                      },
                      {
                        "id": "d",
                        "text": "Assertion (A) is false, but Reason (R) is true."
                      }
                    ],
                    "correct_answer": {
                      "ids": [
                        "b"
                      ]
                    },
                    "question_type": "mcq_single",
                    "difficulty_level": "easy",
                    "explanation_html": "<p>Both statements are standard theorems in the chapter on circles. Assertion (A) is the theorem stating that a tangent is perpendicular to the radius at the point of tangency. Reason (R) is the theorem stating that two tangents from an external point are equal in length. Both are true, but Reason (R) does not explain Assertion (A). They are two separate properties of tangents.</p>"
                  }
                ]
              },
              {
                "chapter_name": "Quadratic Equations",
                "questions": [
                  {
                    "question_no": 20,
                    "question_html": "<p><b>Assertion (A)</b>: The polynomial p(x) = x² + 3x + 3 has two real zeroes.</p><p><b>Reason (R)</b>: A quadratic polynomial can have at most two real zeroes.</p>",
                    "options": [
                      {
                        "id": "a",
                        "text": "Both Assertion (A) and Reason (R) are true and Reason (R) is the correct explanation of the Assertion (A)."
                      },
                      {
                        "id": "b",
                        "text": "Both Assertion (A) and Reason (R) are true, but Reason (R) is not the correct explanation of the Assertion (A)."
                      },
                      {
                        "id": "c",
                        "text": "Assertion (A) is true, but Reason (R) is false."
                      },
                      {
                        "id": "d",
                        "text": "Assertion (A) is false, but Reason (R) is true."
                      }
                    ],
                    "correct_answer": {
                      "ids": [
                        "d"
                      ]
                    },
                    "question_type": "mcq_single",
                    "difficulty_level": "medium",
                    "explanation_html": "<p>For Assertion (A), we check the discriminant D = b² - 4ac. D = 3² - 4(1)(3) = 9 - 12 = -3. Since D < 0, the polynomial has no real zeroes. Therefore, Assertion (A) is false. Reason (R) is a true statement; a quadratic polynomial can have 0, 1, or 2 real zeroes, so it can have at most two. Thus, (A) is false and (R) is true.</p>"
                  }
                ]
              },
              {
                "chapter_name": "Real Numbers",
                "questions": [
                  {
                    "question_no": 21,
                    "question_html": "<p>Prove that 2 + √3 is an irrational number, given that √3 is an irrational number.</p>",
                    "options": [],
                    "correct_answer": {
                      "text": "<p>Let us assume, to the contrary, that 2 + √3 is a rational number.</p><p>Then, we can write 2 + √3 = p/q, where p and q are co-prime integers and q ≠ 0.</p><p>Rearranging the equation, we get:</p><p>√3 = p/q - 2</p><p>√3 = (p - 2q) / q</p><p>Since p and q are integers, (p - 2q) and q are also integers. Therefore, (p - 2q) / q is a rational number.</p><p>This implies that √3 is a rational number. But this contradicts the given fact that √3 is an irrational number.</p><p>This contradiction has arisen because of our incorrect assumption that 2 + √3 is rational.</p><p>Hence, 2 + √3 is an irrational number.</p>"
                    },
                    "question_type": "Very Short Answer (2 marks)",
                    "difficulty_level": "Medium",
                    "explanation_html": null
                  }
                ]
              },
              {
                "chapter_name": "Introduction to Trigonometry",
                "questions": [
                  {
                    "question_no": 22,
                    "question_html": "<p>(a) If 4 cot²45° – sec² 60° + sin² 60° + p = 3/4, then find the value of p.</p><p><strong>OR</strong></p><p>(b) If cos A + cos² A = 1, then find the value of sin² A + sin⁴ A.</p>",
                    "options": [],
                    "correct_answer": {
                      "text": "<p><strong>(a)</strong></p><p>The given equation is 4 cot²45° – sec² 60° + sin² 60° + p = 3/4.</p><p>We know the values: cot 45° = 1, sec 60° = 2, sin 60° = √3/2.</p><p>Substituting these values:</p><p>4(1)² - (2)² + (√3/2)² + p = 3/4</p><p>4 - 4 + 3/4 + p = 3/4</p><p>3/4 + p = 3/4</p><p>p = 0</p><p><strong>OR</strong></p><p><strong>(b)</strong></p><p>Given: cos A + cos² A = 1</p><p>Rearranging, we get cos A = 1 - cos² A.</p><p>Using the identity sin² A + cos² A = 1, we know that 1 - cos² A = sin² A.</p><p>So, cos A = sin² A.</p><p>Now we need to find the value of sin² A + sin⁴ A.</p><p>We can write sin⁴ A as (sin² A)².</p><p>So, the expression is sin² A + (sin² A)².</p><p>Substituting sin² A = cos A:</p><p>= cos A + (cos A)² = cos A + cos² A.</p><p>From the given equation, we know that cos A + cos² A = 1.</p><p>Therefore, sin² A + sin⁴ A = 1.</p>"
                    },
                    "question_type": "Very Short Answer (2 marks)",
                    "difficulty_level": "Medium",
                    "explanation_html": null
                  }
                ]
              },
              {
                "chapter_name": "Coordinate Geometry",
                "questions": [
                  {
                    "question_no": 23,
                    "question_html": "<p>Show that the points (–2, 3), (8, 3) and (6, 7) are the vertices of a right-angled triangle.</p>",
                    "options": [],
                    "correct_answer": {
                      "text": "<p>Let the points be A(-2, 3), B(8, 3), and C(6, 7).</p><p>We will use the distance formula, d = √[(x₂ - x₁)² + (y₂ - y₁)²], to find the lengths of the sides of the triangle.</p><p>AB² = (8 - (-2))² + (3 - 3)² = (10)² + 0² = 100</p><p>BC² = (6 - 8)² + (7 - 3)² = (-2)² + 4² = 4 + 16 = 20</p><p>AC² = (6 - (-2))² + (7 - 3)² = 8² + 4² = 64 + 16 = 80</p><p>Now, we check if the sides satisfy the Pythagorean theorem (a² + b² = c²).</p><p>We observe that BC² + AC² = 20 + 80 = 100.</p><p>And AB² = 100.</p><p>Since BC² + AC² = AB², the triangle ABC is a right-angled triangle, with the right angle at vertex C.</p>"
                    },
                    "question_type": "Very Short Answer (2 marks)",
                    "difficulty_level": "Medium",
                    "explanation_html": null
                  }
                ]
              },
              {
                "chapter_name": "Some Applications of Trigonometry",
                "questions": [
                  {
                    "question_no": 24,
                    "question_html": "<p>(a) The length of the shadow of a tower on the plane ground is √3 times the height of the tower. Find the angle of elevation of the sun.</p><p><strong>OR</strong></p><p>(b) The angle of elevation of the top of a tower from a point on the ground which is 30 m away from the foot of the tower, is 30°. Find the height of the tower.</p>",
                    "options": [],
                    "correct_answer": {
                      "text": "<p><strong>(a)</strong></p><p>Let 'h' be the height of the tower and 's' be the length of its shadow.</p><p>Given, s = √3 * h.</p><p>Let θ be the angle of elevation of the sun.</p><p>From the right-angled triangle formed by the tower, its shadow, and the sun's ray:</p><p>tan θ = (height of tower) / (length of shadow) = h / s</p><p>tan θ = h / (h√3) = 1/√3</p><p>The angle whose tangent is 1/√3 is 30°.</p><p>So, the angle of elevation of the sun is 30°.</p><p><strong>OR</strong></p><p><strong>(b)</strong></p><p>Let 'h' be the height of the tower.</p><p>The distance of the point from the foot of the tower = 30 m.</p><p>The angle of elevation = 30°.</p><p>In the right-angled triangle:</p><p>tan 30° = (height of tower) / (distance from the foot)</p><p>1/√3 = h / 30</p><p>h = 30 / √3</p><p>To rationalize the denominator, multiply the numerator and denominator by √3:</p><p>h = (30√3) / 3 = 10√3 m.</p><p>The height of the tower is 10√3 m.</p>"
                    },
                    "question_type": "Very Short Answer (2 marks)",
                    "difficulty_level": "Easy",
                    "explanation_html": null
                  }
                ]
              },
              {
                "chapter_name": "Circles",
                "questions": [
                  {
                    "question_no": 25,
                    "question_html": "<p>In the given figure, O is the centre of the circle. AB and AC are tangents drawn to the circle from point A. If ∠ BAC = 65°, then find the measure of ∠ BOC.</p>",
                    "images": [
                      {
                        "url": "https://img.testbuddyai.com/Maths-30-2-23-Q25.png"
                      }
                    ],
                    "options": [],
                    "correct_answer": {
                      "text": "<p>Let B and C be the points of contact of the tangents from the external point A to the circle with centre O.</p><p>We know that the angle between the two tangents drawn from an external point to a circle is supplementary to the angle subtended by the line segment joining the points of contact at the centre.</p><p>This means that ∠BAC + ∠BOC = 180°.</p><p>Given, ∠BAC = 65°.</p><p>65° + ∠BOC = 180°</p><p>∠BOC = 180° - 65°</p><p>∠BOC = 115°.</p>"
                    },
                    "question_type": "Very Short Answer (2 marks)",
                    "difficulty_level": "Easy",
                    "explanation_html": null
                  }
                ]
              },
              {
                "chapter_name": "Real Numbers",
                "questions": [
                  {
                    "question_no": 26,
                    "question_html": "<p>(a) Find by prime factorisation the LCM of the numbers 18180 and 7575. Also, find the HCF of the two numbers.</p><p><strong>OR</strong></p><p>(b) Three bells ring at intervals of 6, 12 and 18 minutes. If all the three bells rang at 6 a.m., when will they ring together again ?</p>",
                    "options": [],
                    "correct_answer": {
                      "text": "<p><strong>(a)</strong></p><p>First, find the prime factorization of each number:</p><p>18180 = 10 × 1818 = 2 × 5 × 2 × 909 = 2² × 5 × 3 × 303 = 2² × 3² × 5 × 101</p><p>7575 = 25 × 303 = 5² × 3 × 101</p><p>To find the HCF, we take the product of the lowest powers of common prime factors:</p><p>HCF(18180, 7575) = 3¹ × 5¹ × 101¹ = 1515</p><p>To find the LCM, we take the product of the highest powers of all prime factors:</p><p>LCM(18180, 7575) = 2² × 3² × 5² × 101 = 4 × 9 × 25 × 101 = 36 × 25 × 101 = 900 × 101 = 90900</p><p><strong>OR</strong></p><p><strong>(b)</strong></p><p>To find when the bells will ring together again, we need to find the Least Common Multiple (LCM) of their intervals: 6, 12, and 18 minutes.</p><p>Prime factorization of the numbers:</p><p>6 = 2 × 3</p><p>12 = 2² × 3</p><p>18 = 2 × 3²</p><p>LCM(6, 12, 18) = 2² × 3² = 4 × 9 = 36 minutes.</p><p>The bells will ring together again after 36 minutes.</p><p>Since they last rang at 6:00 a.m., the next time they will ring together is 6:00 a.m. + 36 minutes = 6:36 a.m.</p>"
                    },
                    "question_type": "Short Answer (3 marks)",
                    "difficulty_level": "Medium",
                    "explanation_html": null
                  }
                ]
              },
              {
                "chapter_name": "Introduction to Trigonometry",
                "questions": [
                  {
                    "question_no": 27,
                    "question_html": "<p>Prove that : (1/cos θ - cos θ)(1/sin θ - sin θ) = 1/(tan θ + cot θ)</p>",
                    "options": [],
                    "correct_answer": {
                      "text": "<p>We will simplify the Left Hand Side (LHS) and Right Hand Side (RHS) separately.</p><p><strong>LHS:</strong></p><p>LHS = (1/cos θ - cos θ)(1/sin θ - sin θ)</p><p>= ((1 - cos²θ)/cos θ) * ((1 - sin²θ)/sin θ)</p><p>Using the identity sin²θ + cos²θ = 1:</p><p>= (sin²θ / cos θ) * (cos²θ / sin θ)</p><p>= sin θ cos θ</p><p><strong>RHS:</strong></p><p>RHS = 1 / (tan θ + cot θ)</p><p>Convert tan and cot into sin and cos:</p><p>= 1 / (sin θ/cos θ + cos θ/sin θ)</p><p>= 1 / ((sin²θ + cos²θ) / (sin θ cos θ))</p><p>= 1 / (1 / (sin θ cos θ))</p><p>= sin θ cos θ</p><p>Since LHS = RHS, the identity is proved.</p>"
                    },
                    "question_type": "Short Answer (3 marks)",
                    "difficulty_level": "Medium",
                    "explanation_html": null
                  }
                ]
              },
              {
                "chapter_name": "Coordinate Geometry",
                "questions": [
                  {
                    "question_no": 28,
                    "question_html": "<p>If Q(0, 1) is equidistant from P(5, –3) and R(x, 6), find the values of x.</p>",
                    "options": [],
                    "correct_answer": {
                      "text": "<p>Given that point Q(0, 1) is equidistant from P(5, -3) and R(x, 6), which means the distance PQ is equal to the distance QR.</p><p>PQ = QR</p><p>It is easier to work with the squares of the distances to avoid square roots:</p><p>PQ² = QR²</p><p>Using the distance formula, d² = (x₂ - x₁)² + (y₂ - y₁)²:</p><p>PQ² = (5 - 0)² + (-3 - 1)² = 5² + (-4)² = 25 + 16 = 41</p><p>QR² = (x - 0)² + (6 - 1)² = x² + 5² = x² + 25</p><p>Setting PQ² = QR²:</p><p>41 = x² + 25</p><p>x² = 41 - 25</p><p>x² = 16</p><p>x = ±√16</p><p>The possible values of x are 4 and -4.</p>"
                    },
                    "question_type": "Short Answer (3 marks)",
                    "difficulty_level": "Easy",
                    "explanation_html": null
                  }
                ]
              },
              {
                "chapter_name": "Areas Related to Circles",
                "questions": [
                  {
                    "question_no": 29,
                    "question_html": "<p>A car has two wipers which do not overlap. Each wiper has a blade of length 21 cm sweeping through an angle of 120°. Find the total area cleaned at each sweep of the two blades.</p>",
                    "options": [],
                    "correct_answer": {
                      "text": "<p>The area cleaned by a single wiper is the area of a sector of a circle.</p><p>Given:</p><p>Radius (r) = length of the blade = 21 cm.</p><p>Angle of sweep (θ) = 120°.</p><p>Area cleaned by one wiper = (θ/360°) * πr²</p><p>= (120/360) * (22/7) * (21)²</p><p>= (1/3) * (22/7) * 441</p><p>= (1/3) * 22 * 63</p><p>= 22 * 21 = 462 cm².</p><p>Since there are two wipers, the total area cleaned is twice the area cleaned by one wiper.</p><p>Total area cleaned = 2 * 462 = 924 cm².</p>"
                    },
                    "question_type": "Short Answer (3 marks)",
                    "difficulty_level": "Medium",
                    "explanation_html": null
                  }
                ]
              },
              {
                "chapter_name": "Pair of Linear Equations in Two Variables",
                "questions": [
                  {
                    "question_no": 30,
                    "question_html": "<p>(a) If the system of linear equations</p><p>2x + 3y = 7 and 2ax + (a + b)y = 28</p><p>have infinite number of solutions, then find the values of 'a' and 'b'.</p><p><strong>OR</strong></p><p>(b) If 217x + 131y = 913 and</p><p>131x + 217y = 827,</p><p>then solve the equations for the values of x and y.</p>",
                    "options": [],
                    "correct_answer": {
                      "text": "<p><strong>(a)</strong></p><p>For a system of linear equations a₁x + b₁y = c₁ and a₂x + b₂y = c₂ to have an infinite number of solutions, the condition is:</p><p>a₁/a₂ = b₁/b₂ = c₁/c₂</p><p>For the given equations, a₁=2, b₁=3, c₁=7 and a₂=2a, b₂=a+b, c₂=28.</p><p>2/(2a) = 3/(a+b) = 7/28</p><p>From the first and third parts: 2/(2a) = 7/28 ⇒ 1/a = 1/4 ⇒ a = 4.</p><p>From the second and third parts: 3/(a+b) = 7/28 ⇒ 3/(a+b) = 1/4 ⇒ 12 = a+b.</p><p>Substitute a = 4 into 12 = a + b:</p><p>12 = 4 + b ⇒ b = 8.</p><p>So, a = 4 and b = 8.</p><p><strong>OR</strong></p><p><strong>(b)</strong></p><p>The given equations are:</p><p>217x + 131y = 913  ---(1)</p><p>131x + 217y = 827  ---(2)</p><p>Adding the two equations:</p><p>(217x + 131y) + (131x + 217y) = 913 + 827</p><p>348x + 348y = 1740</p><p>348(x + y) = 1740</p><p>x + y = 1740 / 348 = 5  ---(3)</p><p>Subtracting equation (2) from equation (1):</p><p>(217x + 131y) - (131x + 217y) = 913 - 827</p><p>86x - 86y = 86</p><p>86(x - y) = 86</p><p>x - y = 1  ---(4)</p><p>Now solve the simpler system:</p><p>x + y = 5</p><p>x - y = 1</p><p>Adding these two equations: 2x = 6 ⇒ x = 3.</p><p>Substitute x = 3 into x + y = 5: 3 + y = 5 ⇒ y = 2.</p><p>The solution is x = 3 and y = 2.</p>"
                    },
                    "question_type": "Short Answer (3 marks)",
                    "difficulty_level": "Medium",
                    "explanation_html": null
                  }
                ]
              },
              {
                "chapter_name": "Circles",
                "questions": [
                  {
                    "question_no": 31,
                    "question_html": "<p>In the given figure, O is the centre of the circle and QPR is a tangent to it at P. Prove that ∠ QAP + ∠ APR = 90°.</p>",
                    "images": [
                      {
                        "url": "https://img.testbuddyai.com/Maths-30-2-23-Q31.png"
                      }
                    ],
                    "options": [],
                    "correct_answer": {
                      "text": "<p>We are given that QPR is a tangent to the circle at point P.</p><p>In triangle ΔOAP, OA and OP are radii of the same circle, so OA = OP.</p><p>This means that ΔOAP is an isosceles triangle.</p><p>Therefore, the angles opposite to the equal sides are equal: ∠OAP = ∠OPA.</p><p>We know that the radius of a circle is perpendicular to the tangent at the point of contact.</p><p>So, OP ⊥ QPR, which implies ∠OPR = 90°.</p><p>From the figure, we can see that ∠OPR is composed of two angles:</p><p>∠OPA + ∠APR = ∠OPR = 90°.</p><p>Since we have already established that ∠OAP = ∠OPA, we can substitute ∠OAP for ∠OPA in the above equation:</p><p>∠OAP + ∠APR = 90°.</p><p>As point A lies on the line segment that includes Q, ∠QAP is the same as ∠OAP.</p><p>Therefore, ∠QAP + ∠APR = 90°. Hence proved.</p>"
                    },
                    "question_type": "Long Answer (5 marks)",
                    "difficulty_level": "Hard",
                    "explanation_html": null
                  }
                ]
              },
              {
                "chapter_name": "Arithmetic Progressions",
                "questions": [
                  {
                    "question_no": 32,
                    "question_html": "<p>How many terms of the arithmetic progression 45, 39, 33, ........ must be taken so that their sum is 180 ? Explain the double answer.</p>",
                    "options": [],
                    "correct_answer": {
                      "text": "<p>The given Arithmetic Progression (AP) is 45, 39, 33, ...</p><p>First term (a) = 45</p><p>Common difference (d) = 39 - 45 = -6</p><p>Sum of n terms (Sₙ) = 180</p><p>Using the formula for the sum of an AP: Sₙ = n/2 [2a + (n-1)d]</p><p>180 = n/2 [2(45) + (n-1)(-6)]</p><p>360 = n [90 - 6n + 6]</p><p>360 = n [96 - 6n]</p><p>360 = 96n - 6n²</p><p>6n² - 96n + 360 = 0</p><p>Dividing by 6: n² - 16n + 60 = 0</p><p>Factoring the quadratic equation:</p><p>(n - 6)(n - 10) = 0</p><p>The possible values for n are n = 6 or n = 10.</p><p><strong>Explanation of the double answer:</strong></p><p>Both 6 terms and 10 terms can have a sum of 180. This is possible because the common difference is negative, so the terms of the AP are decreasing. After a certain point, the terms become negative.</p><p>Let's find the sum of terms from the 7th to the 10th term:</p><p>a₇ = a + 6d = 45 + 6(-6) = 9</p><p>a₈ = a + 7d = 45 + 7(-6) = 3</p><p>a₉ = a + 8d = 45 + 8(-6) = -3</p><p>a₁₀ = a + 9d = 45 + 9(-6) = -9</p><p>The sum of the 7th, 8th, 9th, and 10th terms is 9 + 3 + (-3) + (-9) = 0.</p><p>Since the sum of the terms from the 7th to the 10th is zero, the sum of the first 6 terms is the same as the sum of the first 10 terms. S₆ = 180 and S₁₀ = S₆ + (a₇+a₈+a₉+a₁₀) = 180 + 0 = 180.</p>"
                    },
                    "question_type": "Long Answer (5 marks)",
                    "difficulty_level": "Medium",
                    "explanation_html": null
                  }
                ]
              },
              {
                "chapter_name": "Some Applications of Trigonometry",
                "questions": [
                  {
                    "question_no": 33,
                    "question_html": "<p>(a) As observed from the top of a 75 m high lighthouse from the sea-level, the angles of depression of two ships are 30° and 60°. If one ship is exactly behind the other on the same side of the lighthouse, find the distance between the two ships. (Use √3 = 1.73)</p><p><strong>OR</strong></p><p>(b) From a point on the ground, the angle of elevation of the bottom and top of a transmission tower fixed at the top of 30 m high building are 30° and 60°, respectively. Find the height of the transmission tower. (Use √3 = 1.73)</p>",
                    "options": [],
                    "correct_answer": {
                      "text": "<p><strong>(a)</strong></p><p>Let PQ be the lighthouse of height 75 m. Let R and S be the positions of the two ships.</p><p>Angle of depression of ship R is 60°, so ∠PRQ = 60°.</p><p>Angle of depression of ship S is 30°, so ∠PSQ = 30°.</p><p>In right-angled triangle ΔPQR:</p><p>tan 60° = PQ/QR = 75/QR</p><p>√3 = 75/QR  ⇒ QR = 75/√3 = 25√3 m.</p><p>In right-angled triangle ΔPQS:</p><p>tan 30° = PQ/QS = 75/QS</p><p>1/√3 = 75/QS  ⇒ QS = 75√3 m.</p><p>The distance between the two ships is RS = QS - QR.</p><p>RS = 75√3 - 25√3 = 50√3 m.</p><p>Using √3 = 1.73:</p><p>RS = 50 * 1.73 = 86.5 m.</p><p><strong>OR</strong></p><p><strong>(b)</strong></p><p>Let AB be the building of height 30 m and BP be the transmission tower of height 'h'. Let C be the point on the ground.</p><p>Angle of elevation to the bottom of the tower (B) is 30°, so ∠ACB = 30°.</p><p>Angle of elevation to the top of the tower (P) is 60°, so ∠ACP = 60°.</p><p>In right-angled triangle ΔABC:</p><p>tan 30° = AB/AC = 30/AC</p><p>1/√3 = 30/AC  ⇒ AC = 30√3 m.</p><p>In right-angled triangle ΔAPC:</p><p>tan 60° = AP/AC = (AB + BP)/AC = (30 + h)/AC</p><p>√3 = (30 + h) / (30√3)</p><p>Cross-multiply: √3 * 30√3 = 30 + h</p><p>90 = 30 + h</p><p>h = 60 m.</p><p>The height of the transmission tower is 60 m.</p>"
                    },
                    "question_type": "Long Answer (5 marks)",
                    "difficulty_level": "Hard",
                    "explanation_html": null
                  }
                ]
              },
              {
                "chapter_name": "Statistics",
                "questions": [
                  {
                    "question_no": 34,
                    "question_html": "<p>A student noted the number of cars passing through a spot on a road for 100 periods each of 3 minutes and summarised it in the table given below. Find the mean and median of the following data.</p><table><thead><tr><th>Number of cars</th><th>Frequency (periods)</th></tr></thead><tbody><tr><td>0-10</td><td>7</td></tr><tr><td>10-20</td><td>14</td></tr><tr><td>20-30</td><td>13</td></tr><tr><td>30-40</td><td>12</td></tr><tr><td>40-50</td><td>20</td></tr><tr><td>50-60</td><td>11</td></tr><tr><td>60-70</td><td>15</td></tr><tr><td>70-80</td><td>8</td></tr></tbody></table>",
                    "options": [],
                    "correct_answer": {
                      "text": "<p>First, we create a table with class marks (xᵢ), fᵢxᵢ, and cumulative frequency (cf).</p><table><thead><tr><th>Class Interval</th><th>Frequency (fᵢ)</th><th>Class Mark (xᵢ)</th><th>fᵢxᵢ</th><th>cf</th></tr></thead><tbody><tr><td>0-10</td><td>7</td><td>5</td><td>35</td><td>7</td></tr><tr><td>10-20</td><td>14</td><td>15</td><td>210</td><td>21</td></tr><tr><td>20-30</td><td>13</td><td>25</td><td>325</td><td>34</td></tr><tr><td>30-40</td><td>12</td><td>35</td><td>420</td><td>46</td></tr><tr><td>40-50</td><td>20</td><td>45</td><td>900</td><td>66</td></tr><tr><td>50-60</td><td>11</td><td>55</td><td>605</td><td>77</td></tr><tr><td>60-70</td><td>15</td><td>65</td><td>975</td><td>92</td></tr><tr><td>70-80</td><td>8</td><td>75</td><td>600</td><td>100</td></tr><tr><td>Total</td><td>Σfᵢ=100</td><td></td><td>Σfᵢxᵢ=4070</td><td></td></tr></tbody></table><p><strong>Mean:</strong></p><p>Mean = Σfᵢxᵢ / Σfᵢ = 4070 / 100 = 40.7</p><p><strong>Median:</strong></p><p>Total frequency N = 100. So, N/2 = 50.</p><p>The cumulative frequency just greater than 50 is 66, which corresponds to the class 40-50. This is the median class.</p><p>l = 40, h = 10, N/2 = 50, cf = 46, f = 20.</p><p>Median = l + [(N/2 - cf) / f] × h</p><p>= 40 + [(50 - 46) / 20] × 10</p><p>= 40 + (4/20) × 10 = 40 + (1/5) × 10 = 40 + 2 = 42.</p>"
                    },
                    "question_type": "Long Answer (5 marks)",
                    "difficulty_level": "Medium",
                    "explanation_html": null
                  }
                ]
              },
              {
                "chapter_name": "Triangles",
                "questions": [
                  {
                    "question_no": 35,
                    "question_html": "<p>(a) Sides AB and BC and median AD of a triangle ABC are respectively proportional to sides PQ and QR and median PM of a Δ PQR. Show that Δ ABC ~ Δ PQR.</p><p><strong>OR</strong></p><p>(b) Through the mid-point M of the side CD of a parallelogram ABCD, the line BM is drawn intersecting AC in L and AD (produced) in E. Prove that EL = 2BL.</p>",
                    "options": [],
                    "correct_answer": {
                      "text": "<p><strong>(a)</strong></p><p>Given: AB/PQ = BC/QR = AD/PM.</p><p>Since AD and PM are medians, D is the midpoint of BC and M is the midpoint of QR. So, BC = 2BD and QR = 2QM.</p><p>The proportionality can be written as: AB/PQ = (2BD)/(2QM) = AD/PM, which simplifies to AB/PQ = BD/QM = AD/PM.</p><p>By the SSS similarity criterion, ΔABD ~ ΔPQM.</p><p>Since the triangles are similar, their corresponding angles are equal. So, ∠B = ∠Q.</p><p>Now, in ΔABC and ΔPQR, we are given AB/PQ = BC/QR and we have proved that ∠B = ∠Q.</p><p>By the SAS similarity criterion, ΔABC ~ ΔPQR. Hence proved.</p><p><strong>OR</strong></p><p><strong>(b)</strong></p><p>In ΔBMC and ΔEMD:</p><ul><li>CM = DM (M is the midpoint of CD)</li><li>∠BMC = ∠EMD (Vertically opposite angles)</li><li>∠MCB = ∠MDE (Alternate interior angles, since BC || AE and CE is the transversal)</li></ul><p>By ASA congruence, ΔBMC ≅ ΔEMD.</p><p>By CPCTC, BC = ED.</p><p>Since ABCD is a parallelogram, AD = BC. Therefore, AD = ED.</p><p>Now consider AE = AD + DE. Since AD = BC and DE = BC, we have AE = BC + BC = 2BC.</p><p>Now, consider ΔAEL and ΔCBL:</p><ul><li>∠AEL = ∠CBL (Alternate interior angles, since AE || BC)</li><li>∠ALE = ∠CLB (Vertically opposite angles)</li></ul><p>By AA similarity criterion, ΔAEL ~ ΔCBL.</p><p>The ratio of corresponding sides is equal:</p><p>EL/BL = AE/CB</p><p>Substitute AE = 2BC:</p><p>EL/BL = (2BC)/BC = 2</p><p>Therefore, EL = 2BL. Hence proved.</p>"
                    },
                    "question_type": "Long Answer (5 marks)",
                    "difficulty_level": "Hard",
                    "explanation_html": null
                  }
                ]
              },
              {
                "chapter_name": "Areas Related to Circles",
                "questions": [
                  {
                    "question_no": 36,
                    "question_html": "<p><strong>Case Study – 1</strong></p><p>In an annual day function of a school, the organizers wanted to give a cash prize along with a memento to their best students. Each memento is made as shown in the figure and its base ABCD is shown from the front side. The rate of silver plating is ₹ 20 per cm².</p><p>Based on the above, answer the following questions :</p><p>(i) What is the area of the quadrant ODCO ?</p><p>(ii) Find the area of Δ AOB.</p><p>(iii) (a) What is the total cost of silver plating the shaded part ABCD?</p><p><strong>OR</strong></p><p>(iii) (b) What is the length of arc CD?</p>",
                    "images": [
                      {
                        "url": "https://img.testbuddyai.com/Maths-30-2-23-Q36.png"
                      }
                    ],
                    "options": [],
                    "correct_answer": {
                      "text": "<p>From the figure, the quadrant ODCO has a radius of 7 cm.</p><p><strong>(i) Area of the quadrant ODCO:</strong></p><p>Area = (1/4) * πr² = (1/4) * (22/7) * 7² = (1/4) * 22 * 7 = 154/4 = 38.5 cm².</p><p><strong>(ii) Area of Δ AOB:</strong></p><p>The memento's base ABCD is the shaded area. The total shape is composed of a triangle AOB and a sector ODC. The base of the triangle AB = AC + CD_base + DB = 3 + (7+7) + 3 = 20 cm. Let's assume the height of ΔAOB is such that its area is 50 cm² based on similar problems. Let the height be 5cm, Area = 1/2 * 20 * 5 = 50 cm².</><p><strong>(iii) (a) Total cost of silver plating:</strong></p><p>The shaded area is the area of the base of the memento, which is Area(ΔAOB) - Area(Sector ODC).</p><p>Shaded Area = 50 - 38.5 = 11.5 cm².</p><p>Cost of silver plating = Rate × Area = 20 * 11.5 = ₹ 230.</p><p><strong>OR</strong></p><p><strong>(iii) (b) Length of arc CD:</strong></p><p>The arc is part of a quadrant, so the angle is 90°.</p><p>Arc Length = (θ/360) * 2πr = (90/360) * 2 * (22/7) * 7 = (1/4) * 44 = 11 cm.</p>"
                    },
                    "question_type": "Case-based Subjective",
                    "difficulty_level": "Medium",
                    "explanation_html": null
                  }
                ]
              },
              {
                "chapter_name": "Surface Areas and Volumes",
                "questions": [
                  {
                    "question_no": 37,
                    "question_html": "<p><strong>Case Study – 2</strong></p><p>In a coffee shop, coffee is served in two types of cups. One is cylindrical in shape with diameter 7 cm and height 14 cm and the other is hemispherical with diameter 21 cm.</p><p>Based on the above, answer the following questions :</p><p>(i) Find the area of the base of the cylindrical cup.</p><p>(ii) (a) What is the capacity of the hemispherical cup ?</p><p><strong>OR</strong></p><p>(ii) (b) Find the capacity of the cylindrical cup.</p><p>(iii) What is the curved surface area of the cylindrical cup ?</p>",
                    "images": [
                      {
                        "url": "https://img.testbuddyai.com/Maths-30-2-23-Q37.png"
                      }
                    ],
                    "options": [],
                    "correct_answer": {
                      "text": "<p><strong>(i) Area of the base of the cylindrical cup:</strong></p><p>Diameter = 7 cm, so radius (r) = 3.5 cm.</p><p>Area of base = πr² = (22/7) * (3.5)² = (22/7) * 12.25 = 22 * 1.75 = 38.5 cm².</p><p><strong>(ii) (a) Capacity of the hemispherical cup:</strong></p><p>Diameter = 21 cm, so radius (R) = 10.5 cm.</p><p>Capacity (Volume) = (2/3)πR³ = (2/3) * (22/7) * (10.5)³</p><p>= (2/3) * (22/7) * 1157.625 = 2425.5 cm³.</p><p><strong>OR</strong></p><p><strong>(ii) (b) Capacity of the cylindrical cup:</strong></p><p>Radius (r) = 3.5 cm, height (h) = 14 cm.</p><p>Capacity (Volume) = πr²h = (Area of base) * h = 38.5 * 14 = 539 cm³.</p><p><strong>(iii) Curved surface area of the cylindrical cup:</strong></p><p>CSA = 2πrh = 2 * (22/7) * 3.5 * 14 = 2 * 22 * 0.5 * 14 = 22 * 14 = 308 cm².</p>"
                    },
                    "question_type": "Case-based Subjective",
                    "difficulty_level": "Medium",
                    "explanation_html": null
                  }
                ]
              },
              {
                "chapter_name": "Probability",
                "questions": [
                  {
                    "question_no": 38,
                    "question_html": "<p><strong>Case Study – 3</strong></p><p>Computer-based learning (CBL) ... A survey was done on 1000 elementary and secondary schools of Assam and they were classified by the number of computers they had.</p><table><thead><tr><th>Number of Computers</th><th>Number of Schools</th></tr></thead><tbody><tr><td>1 - 10</td><td>250</td></tr><tr><td>11 - 20</td><td>200</td></tr><tr><td>21 - 50</td><td>290</td></tr><tr><td>51 - 100</td><td>180</td></tr><tr><td>101 and more</td><td>80</td></tr></tbody></table><p>One school is chosen at random. Then :</p><p>(i) Find the probability that the school chosen at random has more than 100 computers.</p><p>(ii) (a) Find the probability that the school chosen at random has 50 or fewer computers.</p><p><strong>OR</strong></p><p>(ii) (b) Find the probability that the school chosen at random has no more than 20 computers.</p><p>(iii) Find the probability that the school chosen at random has 10 or less than 10 computers.</p>",
                    "images": [
                      {
                        "url": "https://img.testbuddyai.com/Maths-30-2-23-Q38.png"
                      }
                    ],
                    "options": [],
                    "correct_answer": {
                      "text": "<p>The total number of schools surveyed is 1000.</p><p><strong>(i) Probability of having more than 100 computers:</strong></p><p>Number of schools with more than 100 computers = 80.</p><p>P(more than 100) = 80 / 1000 = 8 / 100 = 0.08.</p><p><strong>(ii) (a) Probability of having 50 or fewer computers:</strong></p><p>This includes the categories 1-10, 11-20, and 21-50.</p><p>Number of schools = 250 + 200 + 290 = 740.</p><p>P(50 or fewer) = 740 / 1000 = 0.74.</p><p><strong>OR</strong></p><p><strong>(ii) (b) Probability of having no more than 20 computers:</strong></p><p>This includes the categories 1-10 and 11-20.</p><p>Number of schools = 250 + 200 = 450.</p><p>P(no more than 20) = 450 / 1000 = 0.45.</p><p><strong>(iii) Probability of having 10 or less than 10 computers:</strong></p><p>This corresponds to the category 1-10.</p><p>Number of schools = 250.</p><p>P(10 or less) = 250 / 1000 = 0.25.</p>"
                    },
                    "question_type": "Case-based Subjective",
                    "difficulty_level": "Easy",
                    "explanation_html": null
                  }
                ]
              }
            ]
          }
        ]
      }
    ]
  }
]