[
  {
    "exam_name_actual": "CBSE Board - Class 10",
    "main_exam_id_name_ref": "CBSE Board - Class 10",
    "years": [
      {
        "year": "2023",
        "papers_or_subjects": [
          {
            "paper_name": "CBSE Class 10 Mathematics (Standard) Paper 2023 (QP Code: 30/5/1)",
            "subject_name": "Mathematics",
            "chapters": [
              {
                "chapter_name": "Polynomials",
                "questions": [
                  {
                    "question_no": 1,
                    "question_html": "<p>The number of polynomials having zeroes –3 and 5 is :</p>",
                    "options": [
                      {
                        "id": "a",
                        "text": "only one"
                      },
                      {
                        "id": "b",
                        "text": "infinite"
                      },
                      {
                        "id": "c",
                        "text": "exactly two"
                      },
                      {
                        "id": "d",
                        "text": "at most two"
                      }
                    ],
                    "correct_answer": {
                      "ids": [
                        "b"
                      ],
                      "text": "infinite"
                    },
                    "question_type": "mcq_single",
                    "difficulty_level": "easy",
                    "explanation_html": "<p>A polynomial with zeroes α and β can be represented as k(x² - (α+β)x + αβ), where k is any non-zero real number. Since k can take infinite values, there are an infinite number of polynomials with the given zeroes.</p>"
                  }
                ]
              },
              {
                "chapter_name": "Pair of Linear Equations in Two Variables",
                "questions": [
                  {
                    "question_no": 2,
                    "question_html": "<p>The pair of equations ax + 2y = 9 and 3x + by = 18 represent parallel lines, where a, b are integers, if :</p>",
                    "options": [
                      {
                        "id": "a",
                        "text": "a = b"
                      },
                      {
                        "id": "b",
                        "text": "3a = 2b"
                      },
                      {
                        "id": "c",
                        "text": "2a = 3b"
                      },
                      {
                        "id": "d",
                        "text": "ab = 6"
                      }
                    ],
                    "correct_answer": {
                      "ids": [
                        "d"
                      ],
                      "text": "ab = 6"
                    },
                    "question_type": "mcq_single",
                    "difficulty_level": "medium",
                    "explanation_html": "<p>For parallel lines, the condition is a₁/a₂ = b₁/b₂ ≠ c₁/c₂.<br>Here, a₁=a, b₁=2, c₁=9 and a₂=3, b₂=b, c₂=18.<br>So, a/3 = 2/b ≠ 9/18.<br>From a/3 = 2/b, we get ab = 6.</p>"
                  }
                ]
              },
              {
                "chapter_name": "Arithmetic Progressions",
                "questions": [
                  {
                    "question_no": 3,
                    "question_html": "<p>The common difference of the A.P. whose n<sup>th</sup> term is given by a<sub>n</sub> = 3n + 7, is :</p>",
                    "options": [
                      {
                        "id": "a",
                        "text": "7"
                      },
                      {
                        "id": "b",
                        "text": "3"
                      },
                      {
                        "id": "c",
                        "text": "3n"
                      },
                      {
                        "id": "d",
                        "text": "1"
                      }
                    ],
                    "correct_answer": {
                      "ids": [
                        "b"
                      ],
                      "text": "3"
                    },
                    "question_type": "mcq_single",
                    "difficulty_level": "easy",
                    "explanation_html": "<p>Given a<sub>n</sub> = 3n + 7.<br>To find the common difference, we can find the first two terms.<br>First term, a₁ = 3(1) + 7 = 10.<br>Second term, a₂ = 3(2) + 7 = 13.<br>Common difference d = a₂ - a₁ = 13 - 10 = 3.</p>"
                  }
                ]
              },
              {
                "chapter_name": "Triangles",
                "questions": [
                  {
                    "question_no": 4,
                    "question_html": "<p>In the given figure, DE || BC. The value of x is :</p>",
                    "images": [
                      {
                        "url": "https://img.testbuddyai.com/Maths-30-5-23-Q4.png"
                      }
                    ],
                    "options": [
                      {
                        "id": "a",
                        "text": "6"
                      },
                      {
                        "id": "b",
                        "text": "12.5"
                      },
                      {
                        "id": "c",
                        "text": "8"
                      },
                      {
                        "id": "d",
                        "text": "10"
                      }
                    ],
                    "correct_answer": {
                      "ids": [
                        "d"
                      ],
                      "text": "10"
                    },
                    "question_type": "mcq_single",
                    "difficulty_level": "medium",
                    "explanation_html": "<p>Since DE || BC, triangle ADE is similar to triangle ABC (ΔADE ~ ΔABC).<br>Therefore, the ratio of their corresponding sides is equal.<br>AD/AB = DE/BC<br>From the figure, AD = 2 cm, DB = 3 cm, and DE = 4 cm. The side BC is labeled as x cm.<br>The length of side AB is AD + DB = 2 + 3 = 5 cm.<br>Substituting the values into the proportion:<br>2 / 5 = 4 / x<br>Cross-multiplying gives 2x = 20.<br>Solving for x, we get x = 10.</p>"
                  }
                ]
              },
              {
                "chapter_name": "Quadratic Equations",
                "questions": [
                  {
                    "question_no": 5,
                    "question_html": "<p>A quadratic equation whose roots are (2 + √3) and (2 – √3) is :</p>",
                    "options": [
                      {
                        "id": "a",
                        "text": "x² - 4x + 1 = 0"
                      },
                      {
                        "id": "b",
                        "text": "x² + 4x + 1 = 0"
                      },
                      {
                        "id": "c",
                        "text": "4x² - 3 = 0"
                      },
                      {
                        "id": "d",
                        "text": "x² - 1 = 0"
                      }
                    ],
                    "correct_answer": {
                      "ids": [
                        "a"
                      ],
                      "text": "x² - 4x + 1 = 0"
                    },
                    "question_type": "mcq_single",
                    "difficulty_level": "easy",
                    "explanation_html": "<p>For a quadratic equation with roots α and β, the equation can be written as x² - (α + β)x + αβ = 0.<br>Let the roots be α = 2 + √3 and β = 2 - √3.<br>Sum of roots = α + β = (2 + √3) + (2 - √3) = 4.<br>Product of roots = αβ = (2 + √3)(2 - √3) = 2² - (√3)² = 4 - 3 = 1.<br>Substituting the sum and product into the formula:<br>x² - (4)x + (1) = 0<br>x² - 4x + 1 = 0.</p>"
                  }
                ]
              },
              {
                "chapter_name": "Introduction to Trigonometry",
                "questions": [
                  {
                    "question_no": 6,
                    "question_html": "<p>If tan θ = 5/12, then the value of (sin θ + cos θ) / (sin θ - cos θ) is :</p>",
                    "options": [
                      {
                        "id": "a",
                        "text": "-17/7"
                      },
                      {
                        "id": "b",
                        "text": "17/7"
                      },
                      {
                        "id": "c",
                        "text": "17/13"
                      },
                      {
                        "id": "d",
                        "text": "-7/13"
                      }
                    ],
                    "correct_answer": {
                      "ids": [
                        "a"
                      ],
                      "text": "-17/7"
                    },
                    "question_type": "mcq_single",
                    "difficulty_level": "medium",
                    "explanation_html": "<p>Given tan θ = 5/12.<br>To evaluate the expression, we can divide both the numerator and the denominator by cos θ.<br>(sin θ + cos θ) / (sin θ - cos θ) = [(sin θ/cos θ) + (cos θ/cos θ)] / [(sin θ/cos θ) - (cos θ/cos θ)]<br>Since sin θ/cos θ = tan θ, the expression becomes:<br>= (tan θ + 1) / (tan θ - 1)<br>Substitute the given value tan θ = 5/12:<br>= (5/12 + 1) / (5/12 - 1)<br>= [(5+12)/12] / [(5-12)/12]<br>= (17/12) / (-7/12)<br>= 17 / -7 = -17/7.</p>"
                  }
                ]
              },
              {
                "chapter_name": "Coordinate Geometry",
                "questions": [
                  {
                    "question_no": 7,
                    "question_html": "<p>The distance between the points P(-11/3, 5) and Q(-2/3, 5) is :</p>",
                    "options": [
                      {
                        "id": "a",
                        "text": "6 units"
                      },
                      {
                        "id": "b",
                        "text": "4 units"
                      },
                      {
                        "id": "c",
                        "text": "2 units"
                      },
                      {
                        "id": "d",
                        "text": "3 units"
                      }
                    ],
                    "correct_answer": {
                      "ids": [
                        "d"
                      ],
                      "text": "3 units"
                    },
                    "question_type": "mcq_single",
                    "difficulty_level": "easy",
                    "explanation_html": "<p>Using the distance formula, d = √[(x₂ - x₁)² + (y₂ - y₁)²].<br>Here, (x₁, y₁) = (-11/3, 5) and (x₂, y₂) = (-2/3, 5).<br>d = √[(-2/3 - (-11/3))² + (5 - 5)²]<br>d = √[(-2/3 + 11/3)² + 0²]<br>d = √[(9/3)²]<br>d = √[3²] = 3.<br>The distance is 3 units.</p>"
                  }
                ]
              },
              {
                "chapter_name": "Circles",
                "questions": [
                  {
                    "question_no": 8,
                    "question_html": "<p>In the given figure, AB = BC = 10 cm. If AC = 7 cm, then the length of BP is :</p>",
                    "images": [
                      {
                        "url": "https://img.testbuddyai.com/Maths-30-5-23-Q8.png"
                      }
                    ],
                    "options": [
                      {
                        "id": "a",
                        "text": "3.5 cm"
                      },
                      {
                        "id": "b",
                        "text": "7 cm"
                      },
                      {
                        "id": "c",
                        "text": "6.5 cm"
                      },
                      {
                        "id": "d",
                        "text": "5 cm"
                      }
                    ],
                    "correct_answer": {
                      "ids": [
                        "c"
                      ],
                      "text": "6.5 cm"
                    },
                    "question_type": "mcq_single",
                    "difficulty_level": "medium",
                    "explanation_html": "<p>Let the incircle touch sides AB, BC, and AC at points P, Q, and R respectively.<br>According to the property that tangents from an external point to a circle are equal in length:<br>AP = AR, BP = BQ, and CR = CQ.<br>Given: AB = 10 cm, BC = 10 cm, AC = 7 cm.<br>Let BP = x cm. Then BQ = x cm.<br>Since AB = 10, AP = AB - BP = 10 - x. So, AR = 10 - x.<br>Since BC = 10, CQ = BC - BQ = 10 - x. So, CR = 10 - x.<br>We know that AC = AR + CR.<br>7 = (10 - x) + (10 - x)<br>7 = 20 - 2x<br>2x = 20 - 7<br>2x = 13<br>x = 6.5 cm.<br>Therefore, the length of BP is 6.5 cm.</p>"
                  }
                ]
              },
              {
                "chapter_name": "Surface Areas and Volumes",
                "questions": [
                  {
                    "question_no": 9,
                    "question_html": "<p>Water in a river which is 3 m deep and 40 m wide is flowing at the rate of 2 km/h. How much water will fall into the sea in 2 minutes?</p>",
                    "options": [
                      {
                        "id": "a",
                        "text": "800 m³"
                      },
                      {
                        "id": "b",
                        "text": "4000 m³"
                      },
                      {
                        "id": "c",
                        "text": "8000 m³"
                      },
                      {
                        "id": "d",
                        "text": "2000 m³"
                      }
                    ],
                    "correct_answer": {
                      "ids": [
                        "b"
                      ],
                      "text": "4000 m³"
                    },
                    "question_type": "mcq_single",
                    "difficulty_level": "medium",
                    "explanation_html": "<p>The cross-sectional area of the river is:<br>Area = depth × width = 3 m × 40 m = 120 m².<br><br>Speed of water flow = 2 km/h = 2000 m/h.<br>Time = 2 minutes = 2/60 h = 1/30 h.<br><br>Distance travelled by water in this time = Speed × Time = 2000 × 1/30 = 2000/30 = 200/3 m.<br><br>Therefore, the volume of water discharged = Area × Distance = 120 × (200/3) = 8000 m³.<br><br>Thus, the correct answer is 8000 m³ (option c).</p>"
                  }
                ]
              },
              {
                "chapter_name": "Statistics",
                "questions": [
                  {
                    "question_no": 10,
                    "question_html": "<p>If the mean and the median of a data are 12 and 15 respectively, then its mode is :</p>",
                    "options": [
                      {
                        "id": "a",
                        "text": "13.5"
                      },
                      {
                        "id": "b",
                        "text": "21"
                      },
                      {
                        "id": "c",
                        "text": "6"
                      },
                      {
                        "id": "d",
                        "text": "14"
                      }
                    ],
                    "correct_answer": {
                      "ids": [
                        "b"
                      ],
                      "text": "21"
                    },
                    "question_type": "mcq_single",
                    "difficulty_level": "easy",
                    "explanation_html": "<p>The empirical relationship between mean, median, and mode is given by the formula: <br>Mode = 3 × Median - 2 × Mean.<br>Given, Mean = 12 and Median = 15.<br>Substituting the values:<br>Mode = 3 × 15 - 2 × 12<br>Mode = 45 - 24 = 21.</p>"
                  }
                ]
              },
              {
                "chapter_name": "Circles",
                "questions": [
                  {
                    "question_no": 11,
                    "question_html": "<p>In the given figure, AB is a tangent to the circle centered at O. If OA = 6 cm and ∠ OAB = 30°, then the radius of the circle is :</p>",
                    "images": [
                      {
                        "url": "https://img.testbuddyai.com/Maths-30-5-23-Q11.png"
                      }
                    ],
                    "options": [
                      {
                        "id": "a",
                        "text": "3 cm"
                      },
                      {
                        "id": "b",
                        "text": "3√3 cm"
                      },
                      {
                        "id": "c",
                        "text": "2 cm"
                      },
                      {
                        "id": "d",
                        "text": "√3 cm"
                      }
                    ],
                    "correct_answer": {
                      "ids": [
                        "a"
                      ],
                      "text": "3 cm"
                    },
                    "question_type": "mcq_single",
                    "difficulty_level": "medium",
                    "explanation_html": "<p>Let the point of tangency be B. The radius OB is perpendicular to the tangent AB at the point of contact. Therefore, ∠OBA = 90°, and ΔOAB is a right-angled triangle.<br>In this right-angled triangle, OA is the hypotenuse.<br>We are given OA = 6 cm and ∠OAB = 30°.<br>The radius of the circle is the length of the side OB, which is opposite to the 30° angle.<br>Using the sine trigonometric ratio:<br>sin(∠OAB) = Opposite/Hypotenuse = OB/OA<br>sin(30°) = OB/6<br>We know that sin(30°) = 1/2.<br>1/2 = OB/6<br>Solving for OB, we get OB = 6/2 = 3 cm.<br>Thus, the radius of the circle is 3 cm.</p>"
                  }
                ]
              },
              {
                "chapter_name": "Introduction to Trigonometry",
                "questions": [
                  {
                    "question_no": 12,
                    "question_html": "<p>(2 tan 30°) / (1 + tan² 30°) is equal to :</p>",
                    "options": [
                      {
                        "id": "a",
                        "text": "sin 60°"
                      },
                      {
                        "id": "b",
                        "text": "cos 60°"
                      },
                      {
                        "id": "c",
                        "text": "tan 60°"
                      },
                      {
                        "id": "d",
                        "text": "sin 30°"
                      }
                    ],
                    "correct_answer": {
                      "ids": [
                        "a"
                      ],
                      "text": "sin 60°"
                    },
                    "question_type": "mcq_single",
                    "difficulty_level": "easy",
                    "explanation_html": "<p>The given expression is in the form of the trigonometric identity for the sine of a double angle: sin(2θ) = 2tanθ / (1 + tan²θ).<br>In this case, θ = 30°.<br>Therefore, the expression is equal to sin(2 × 30°) = sin(60°).</p>"
                  }
                ]
              },
              {
                "chapter_name": "Triangles",
                "questions": [
                  {
                    "question_no": 13,
                    "question_html": "<p>In Δ ABC and Δ DEF, AB/DE = BC/FD. Which of the following makes the two triangles similar ?</p>",
                    "options": [
                      {
                        "id": "a",
                        "text": "∠A = ∠D"
                      },
                      {
                        "id": "b",
                        "text": "∠B = ∠D"
                      },
                      {
                        "id": "c",
                        "text": "∠B = ∠E"
                      },
                      {
                        "id": "d",
                        "text": "∠A = ∠F"
                      }
                    ],
                    "correct_answer": {
                      "ids": [
                        "b"
                      ],
                      "text": "∠B = ∠D"
                    },
                    "question_type": "mcq_single",
                    "difficulty_level": "medium",
                    "explanation_html": "<p>For two triangles to be similar by the SAS (Side-Angle-Side) similarity criterion, the angle included between the two pairs of proportional sides must be equal.<br>The given proportion is AB/DE = BC/FD.<br>In ΔABC, the angle included between sides AB and BC is ∠B.<br>In ΔDEF, the corresponding proportional sides are DE and FD. The angle included between sides DE and FD is ∠D.<br>Therefore, for the triangles to be similar, the included angles must be equal: ∠B = ∠D.</p>"
                  }
                ]
              },
              {
                "chapter_name": "Arithmetic Progressions",
                "questions": [
                  {
                    "question_no": 14,
                    "question_html": "<p>The 11<sup>th</sup> term from the end of the A.P. : 10, 7, 4, ....., – 62 is :</p>",
                    "options": [
                      {
                        "id": "a",
                        "text": "25"
                      },
                      {
                        "id": "b",
                        "text": "16"
                      },
                      {
                        "id": "c",
                        "text": "-32"
                      },
                      {
                        "id": "d",
                        "text": "0"
                      }
                    ],
                    "correct_answer": {
                      "ids": [
                        "c"
                      ],
                      "text": "-32"
                    },
                    "question_type": "mcq_single",
                    "difficulty_level": "medium",
                    "explanation_html": "<p>To find the n<sup>th</sup> term from the end of an A.P., we can reverse the A.P. and find the n<sup>th</sup> term from the beginning.<br>The given A.P. is 10, 7, 4, ..., -62.<br>The reversed A.P. is -62, ..., 4, 7, 10.<br>In the reversed A.P., the first term (a) is -62.<br>The common difference (d) is 7 - 4 = 3.<br>We need to find the 11<sup>th</sup> term (a₁₁) of this new A.P.<br>a₁₁ = a + (11 - 1)d<br>a₁₁ = -62 + 10(3) = -62 + 30 = -32.</p>"
                  }
                ]
              },
              {
                "chapter_name": "Probability",
                "questions": [
                  {
                    "question_no": 15,
                    "question_html": "<p>Two coins are tossed together. The probability of getting at least one tail is :</p>",
                    "options": [
                      {
                        "id": "a",
                        "text": "1/4"
                      },
                      {
                        "id": "b",
                        "text": "1/2"
                      },
                      {
                        "id": "c",
                        "text": "3/4"
                      },
                      {
                        "id": "d",
                        "text": "1"
                      }
                    ],
                    "correct_answer": {
                      "ids": [
                        "c"
                      ],
                      "text": "3/4"
                    },
                    "question_type": "mcq_single",
                    "difficulty_level": "easy",
                    "explanation_html": "<p>When two coins are tossed, the sample space of all possible outcomes is S = {HH, HT, TH, TT}.<br>The total number of outcomes is 4.<br>The event 'at least one tail' means getting one tail or two tails. The favorable outcomes are {HT, TH, TT}.<br>The number of favorable outcomes is 3.<br>The probability of getting at least one tail is (Number of favorable outcomes) / (Total number of outcomes) = 3/4.</p>"
                  }
                ]
              },
              {
                "chapter_name": "Circles",
                "questions": [
                  {
                    "question_no": 16,
                    "question_html": "<p>In the given figure, AC and AB are tangents to a circle centered at O. If ∠COD = 120°, then ∠BAO is equal to :</p>",
                    "images": [
                      {
                        "url": "https://img.testbuddyai.com/Maths-30-5-23-Q16.png"
                      }
                    ],
                    "options": [
                      {
                        "id": "a",
                        "text": "30°"
                      },
                      {
                        "id": "b",
                        "text": "60°"
                      },
                      {
                        "id": "c",
                        "text": "45°"
                      },
                      {
                        "id": "d",
                        "text": "90°"
                      }
                    ],
                    "correct_answer": {
                      "ids": [
                        "a"
                      ],
                      "text": "30°"
                    },
                    "question_type": "mcq_single",
                    "difficulty_level": "hard",
                    "explanation_html": "<p>In quadrilateral ABOC, the sum of angles is 360°. The radius is perpendicular to the tangent at the point of contact, so ∠ABO = ∠ACO = 90°. This implies that ∠BAC and ∠BOC are supplementary: ∠BAC + ∠BOC = 180°. Given that ∠BOC = 120°, we have ∠BAC = 180° - 120° = 60°. The line OA joins the external point A to the center O and bisects the angle between the tangents, so ∠BAO = ∠BAC / 2 = 60° / 2 = 30°.</p>"
                  }
                ]
              },
              {
                "chapter_name": "Probability",
                "questions": [
                  {
                    "question_no": 17,
                    "question_html": "<p>Which of the following numbers cannot be the probability of happening of an event ?</p>",
                    "options": [
                      {
                        "id": "a",
                        "text": "0"
                      },
                      {
                        "id": "b",
                        "text": "7/0.01"
                      },
                      {
                        "id": "c",
                        "text": "0.07"
                      },
                      {
                        "id": "d",
                        "text": "0.07/3"
                      }
                    ],
                    "correct_answer": {
                      "ids": [
                        "b"
                      ],
                      "text": "7/0.01"
                    },
                    "question_type": "mcq_single",
                    "difficulty_level": "easy",
                    "explanation_html": "<p>The probability of any event, P(E), must be in the range 0 ≤ P(E) ≤ 1.<br>(a) P(E) = 0 is a valid probability for an impossible event.<br>(b) P(E) = 7/0.01 = 700. Since 700 is greater than 1, it cannot be a probability.<br>(c) P(E) = 0.07 is a valid probability as it is between 0 and 1.<br>(d) P(E) = 0.07/3 ≈ 0.0233, which is a valid probability as it is between 0 and 1.</p>"
                  }
                ]
              },
              {
                "chapter_name": "Statistics",
                "questions": [
                  {
                    "question_no": 18,
                    "question_html": "<p>If every term of the statistical data consisting of n terms is decreased by 2, then the mean of the data :</p>",
                    "options": [
                      {
                        "id": "a",
                        "text": "decreases by 2"
                      },
                      {
                        "id": "b",
                        "text": "remains unchanged"
                      },
                      {
                        "id": "c",
                        "text": "decreases by 2n"
                      },
                      {
                        "id": "d",
                        "text": "decreases by 1"
                      }
                    ],
                    "correct_answer": {
                      "ids": [
                        "a"
                      ],
                      "text": "decreases by 2"
                    },
                    "question_type": "mcq_single",
                    "difficulty_level": "easy",
                    "explanation_html": "<p>Let the original data be x₁, x₂, ..., xₙ.<br>The original mean is M = (Σxᵢ) / n.<br>The new data points are (x₁-2), (x₂-2), ..., (xₙ-2).<br>The sum of the new data is Σ(xᵢ-2) = (x₁-2) + (x₂-2) + ... + (xₙ-2) = (x₁ + x₂ + ... + xₙ) - 2n = (Σxᵢ) - 2n.<br>The new mean M' = [Σ(xᵢ) - 2n] / n = (Σxᵢ)/n - 2n/n = M - 2.<br>Therefore, the mean of the data decreases by 2.</p>"
                  }
                ]
              },
              {
                "chapter_name": "Coordinate Geometry",
                "questions": [
                  {
                    "question_no": 19,
                    "question_html": "<p><strong>Assertion (A):</strong> If the points A(4, 3) and B(x, 5) lie on a circle with centre O(2, 3), then the value of x is 2.<br><strong>Reason (R):</strong> Centre of a circle is the mid-point of each chord of the circle.</p>",
                    "options": [
                      {
                        "id": "a",
                        "text": "Both Assertion (A) and Reason (R) are true and Reason (R) is the correct explanation of the Assertion (A)."
                      },
                      {
                        "id": "b",
                        "text": "Both Assertion (A) and Reason (R) are true, but Reason (R) is not the correct explanation of the Assertion (A)."
                      },
                      {
                        "id": "c",
                        "text": "Assertion (A) is true, but Reason (R) is false."
                      },
                      {
                        "id": "d",
                        "text": "Assertion (A) is false, but Reason (R) is true."
                      }
                    ],
                    "correct_answer": {
                      "ids": [
                        "c"
                      ],
                      "text": "Assertion (A) is true, but Reason (R) is false."
                    },
                    "question_type": "mcq_single",
                    "difficulty_level": "medium",
                    "explanation_html": "<p><strong>Analysis of Assertion (A):</strong> Since points A and B lie on the circle with center O, the distance from O to A (radius) must be equal to the distance from O to B (radius).<br>OA² = (4-2)² + (3-3)² = 2² + 0² = 4.<br>OB² = (x-2)² + (5-3)² = (x-2)² + 2² = (x-2)² + 4.<br>Equating the squared radii: OA² = OB² => 4 = (x-2)² + 4.<br>This simplifies to (x-2)² = 0, which gives x = 2. So, Assertion (A) is true.<br><strong>Analysis of Reason (R):</strong> The center of a circle is the midpoint of its diameters. However, it is not the midpoint of every chord. The perpendicular from the center bisects a chord, but the center itself is not the midpoint unless the chord is a diameter. So, Reason (R) is false.</p>"
                  }
                ]
              },
              {
                "chapter_name": "Real Numbers",
                "questions": [
                  {
                    "question_no": 20,
                    "question_html": "<p><strong>Assertion (A):</strong> The number 5<sup>n</sup> cannot end with the digit 0, where n is a natural number.<br><strong>Reason (R):</strong> Prime factorisation of 5 has only two factors, 1 and 5.</p>",
                    "options": [
                      {
                        "id": "a",
                        "text": "Both Assertion (A) and Reason (R) are true and Reason (R) is the correct explanation of the Assertion (A)."
                      },
                      {
                        "id": "b",
                        "text": "Both Assertion (A) and Reason (R) are true, but Reason (R) is not the correct explanation of the Assertion (A)."
                      },
                      {
                        "id": "c",
                        "text": "Assertion (A) is true, but Reason (R) is false."
                      },
                      {
                        "id": "d",
                        "text": "Assertion (A) is false, but Reason (R) is true."
                      }
                    ],
                    "correct_answer": {
                      "ids": [
                        "c"
                      ],
                      "text": "Assertion (A) is true, but Reason (R) is false."
                    },
                    "question_type": "mcq_single",
                    "difficulty_level": "medium",
                    "explanation_html": "<p><strong>Analysis of Assertion (A):</strong> For a number to end with the digit 0, its prime factorization must contain both 2 and 5. The prime factorization of 5<sup>n</sup> is simply 5 multiplied by itself n times. It only contains the prime factor 5. Since it lacks the prime factor 2, it cannot end with 0. Thus, Assertion (A) is true.<br><strong>Analysis of Reason (R):</strong> Prime factorization is the process of finding the prime numbers which multiply together to make the original number. The prime factorization of 5 is just 5 itself, as 5 is a prime number. The statement that its prime factorization has factors 1 and 5 is incorrect because 1 is not a prime number. Thus, Reason (R) is false.</p>"
                  }
                ]
              },
              {
                "chapter_name": "Coordinate Geometry",
                "questions": [
                  {
                    "question_no": 21,
                    "question_html": "<p>(a) The line segment joining the points A(4, – 5) and B(4, 5) is divided by the point P such that AP : AB = 2 : 5. Find the coordinates of P.</p><p>OR</p><p>(b) Point P(x, y) is equidistant from points A(5, 1) and B(1, 5). Prove that x = y.</p>",
                    "options": [],
                    "correct_answer": {
                      "text": "<p><strong>(a)</strong></p><p>Given AP : AB = 2 : 5.</p><p>This means AP : PB = 2 : (5-2) = 2 : 3.</p><p>Using the section formula, the coordinates of P(x, y) are:</p><p>x = (m₁x₂ + m₂x₁) / (m₁ + m₂) = (2*4 + 3*4) / (2 + 3) = (8 + 12) / 5 = 20/5 = 4.</p><p>y = (m₁y₂ + m₂y₁) / (m₁ + m₂) = (2*5 + 3*(-5)) / (2 + 3) = (10 - 15) / 5 = -5/5 = -1.</p><p>The coordinates of P are (4, -1).</p><p><strong>OR</strong></p><p><strong>(b)</strong></p><p>Since P(x, y) is equidistant from A(5, 1) and B(1, 5), PA = PB.</p><p>By the distance formula, PA² = PB².</p><p>(x - 5)² + (y - 1)² = (x - 1)² + (y - 5)²</p><p>x² - 10x + 25 + y² - 2y + 1 = x² - 2x + 1 + y² - 10y + 25</p><p>-10x - 2y + 26 = -2x - 10y + 26</p><p>-8x = -8y</p><p>x = y.</p>"
                    },
                    "question_type": "Very Short Answer (2 marks)",
                    "difficulty_level": "medium",
                    "explanation_html": null
                  }
                ]
              },
              {
                "chapter_name": "Circles",
                "questions": [
                  {
                    "question_no": 22,
                    "question_html": "<p>In the given figure, PT is a tangent to the circle centered at O. OC is perpendicular to chord AB. Prove that PA . PB = PC² – AC².</p>",
                    "images": [
                      {
                        "url": "https://img.testbuddyai.com/Maths-30-5-23-Q22.png"
                      }
                    ],
                    "options": [],
                    "correct_answer": {
                      "text": "<p>Given: PT is tangent to the circle at point P, OC ⊥ AB (OC is perpendicular to chord AB)</p><p>We need to prove: PA × PB = PC² - AC²</p><p><b>Proof:</b></p><p>Since OC is perpendicular bisector of chord AB, it divides AB into two equal parts: AC = CB</p><p>Using the tangent-secant theorem: PA × PB = PT²</p><p>By Pythagoras theorem in the right triangle POC: PT² = PC² - OC²</p><p>Since OC is perpendicular bisector, OC = AC</p><p>Substitute OC with AC, hence: PA × PB = PC² - AC²</p><p>Thus, the required relation is proved.</p>"
                    },
                    "question_type": "Very Short Answer (2 marks)",
                    "difficulty_level": "hard",
                    "explanation_html": null
                  }
                ]
              },
              {
                "chapter_name": "Real Numbers",
                "questions": [
                  {
                    "question_no": 23,
                    "question_html": "<p>Using prime factorisation, find HCF and LCM of 96 and 120.</p>",
                    "options": [],
                    "correct_answer": {
                      "text": "<p>First, find the prime factorization of 96 and 120.</p><p>96 = 2 × 48 = 2 × 2 × 24 = 2 × 2 × 2 × 12 = 2 × 2 × 2 × 2 × 6 = 2⁵ × 3.</p><p>120 = 10 × 12 = (2 × 5) × (2² × 3) = 2³ × 3 × 5.</p><p>HCF is the product of the lowest powers of common prime factors.</p><p>HCF(96, 120) = 2³ × 3¹ = 8 × 3 = 24.</p><p>LCM is the product of the highest powers of all prime factors.</p><p>LCM(96, 120) = 2⁵ × 3¹ × 5¹ = 32 × 3 × 5 = 480.</p>"
                    },
                    "question_type": "Very Short Answer (2 marks)",
                    "difficulty_level": "easy",
                    "explanation_html": null
                  }
                ]
              },
              {
                "chapter_name": "Coordinate Geometry",
                "questions": [
                  {
                    "question_no": 24,
                    "question_html": "<p>Find the ratio in which y-axis divides the line segment joining the points (5, – 6) and (– 1, – 4).</p>",
                    "options": [],
                    "correct_answer": {
                      "text": "<p>Any point on the y-axis has its x-coordinate as 0. Let the point of division be (0, y).</p><p>Let the ratio be k : 1.</p><p>Using the section formula for the x-coordinate:</p><p>x = (kx₂ + x₁) / (k + 1)</p><p>0 = (k(–1) + 1(5)) / (k + 1)</p><p>0 = –k + 5</p><p>k = 5</p><p>The required ratio is 5 : 1.</p>"
                    },
                    "question_type": "Very Short Answer (2 marks)",
                    "difficulty_level": "medium",
                    "explanation_html": null
                  }
                ]
              },
              {
                "chapter_name": "Introduction to Trigonometry",
                "questions": [
                  {
                    "question_no": 25,
                    "question_html": "<p>(a) If a cos θ + b sin θ = m and a sin θ – b cos θ = n, then prove that a² + b² = m² + n².</p><p>OR</p><p>(b) Prove that : √((sec A - 1)/(sec A + 1)) + √((sec A + 1)/(sec A - 1)) = 2 cosec A</p>",
                    "options": [],
                    "correct_answer": {
                      "text": "<p><strong>(a)</strong></p><p>Given: m = a cos θ + b sin θ and n = a sin θ – b cos θ.</p><p>Consider m² + n²:</p><p>m² + n² = (a cos θ + b sin θ)² + (a sin θ – b cos θ)²</p><p>= (a²cos²θ + b²sin²θ + 2ab cosθ sinθ) + (a²sin²θ + b²cos²θ – 2ab sinθ cosθ)</p><p>= a²cos²θ + b²sin²θ + a²sin²θ + b²cos²θ</p><p>= a²(cos²θ + sin²θ) + b²(sin²θ + cos²θ)</p><p>Using the identity sin²θ + cos²θ = 1:</p><p>= a²(1) + b²(1) = a² + b².</p><p>Hence, a² + b² = m² + n². Proved.</p><p><strong>OR</strong></p><p><strong>(b)</strong></p><p>LHS = √((sec A - 1)/(sec A + 1)) + √((sec A + 1)/(sec A - 1))</p><p>By taking a common denominator:</p><p>= [ (√(sec A - 1))² + (√(sec A + 1))² ] / [ √(sec A + 1) * √(sec A - 1) ]</p><p>= [ (sec A - 1) + (sec A + 1) ] / √((sec A + 1)(sec A - 1))</p><p>= (2 sec A) / √(sec²A - 1)</p><p>Using the identity tan²A = sec²A - 1:</p><p>= (2 sec A) / √(tan²A) = (2 sec A) / tan A</p><p>= (2 * (1/cos A)) / (sin A / cos A)</p><p>= 2 / sin A = 2 cosec A = RHS. Proved.</p>"
                    },
                    "question_type": "Very Short Answer (2 marks)",
                    "difficulty_level": "hard",
                    "explanation_html": null
                  }
                ]
              },
              {
                "chapter_name": "Real Numbers",
                "questions": [
                  {
                    "question_no": 26,
                    "question_html": "<p>(a) Prove that √3 is an irrational number.</p><p>OR</p><p>(b) The traffic lights at three different road crossings change after every 48 seconds, 72 seconds and 108 seconds respectively. If they change simultaneously at 7 a.m., at what time will they change together next?</p>",
                    "options": [],
                    "correct_answer": {
                      "text": "<p><strong>(a)</strong></p><p>Let us assume, to the contrary, that √3 is a rational number. So, it can be written as √3 = p/q where p and q are coprime integers and q ≠ 0.</p><p>3 = p²/q² => 3q² = p². This means p² is divisible by 3, so p is also divisible by 3.</p><p>Let p = 3a for some integer a. Then 3q² = (3a)² = 9a². So, q² = 3a².</p><p>This means q² is divisible by 3, so q is also divisible by 3.</p><p>Thus, p and q have a common factor 3, which contradicts our assumption that they are coprime.</p><p>Therefore, √3 is an irrational number.</p><p><strong>OR</strong></p><p><strong>(b)</strong></p><p>We need to find the LCM of 48, 72, and 108.</p><p>48 = 2⁴ × 3</p><p>72 = 2³ × 3²</p><p>108 = 2² × 3³</p><p>LCM = 2⁴ × 3³ = 16 × 27 = 432 seconds.</p><p>432 seconds = 432/60 minutes = 7 minutes and 12 seconds.</p><p>The lights will change together again at 7:07:12 a.m.</p>"
                    },
                    "question_type": "Short Answer (3 marks)",
                    "difficulty_level": "medium",
                    "explanation_html": null
                  }
                ]
              },
              {
                "chapter_name": "Arithmetic Progressions",
                "questions": [
                  {
                    "question_no": 27,
                    "question_html": "<p>If p<sup>th</sup> term of an A.P. is q and q<sup>th</sup> term is p, then prove that its n<sup>th</sup> term is (p + q – n).</p>",
                    "options": [],
                    "correct_answer": {
                      "text": "<p>Let the first term be 'a' and the common difference be 'd'.</p><p>The p<sup>th</sup> term is a + (p-1)d = q  ---(i)</p><p>The q<sup>th</sup> term is a + (q-1)d = p  ---(ii)</p><p>Subtracting (ii) from (i):</p><p>(p-1)d - (q-1)d = q - p</p><p>(p - q)d = -(p - q)</p><p>d = -1.</p><p>Substitute d = -1 into (i):</p><p>a + (p-1)(-1) = q => a - p + 1 = q => a = p + q - 1.</p><p>The n<sup>th</sup> term is a + (n-1)d.</p><p>aₙ = (p + q - 1) + (n-1)(-1) = p + q - 1 - n + 1 = p + q - n.</p><p>Hence proved.</p>"
                    },
                    "question_type": "Short Answer (3 marks)",
                    "difficulty_level": "hard",
                    "explanation_html": null
                  }
                ]
              },
              {
                "chapter_name": "Triangles",
                "questions": [
                  {
                    "question_no": 28,
                    "question_html": "<p>(a) In the given figure, CD is the perpendicular bisector of AB. EF is perpendicular to CD. AE intersects CD at G. Prove that CF/CD = FG/DG.</p><p>OR</p><p>(b) In the given figure, ABCD is a parallelogram. BE bisects CD at M and intersects AC at L. Prove that EL = 2BL.</p>",
                    "images": [
                      {
                        "url": "https://img.testbuddyai.com/Maths-30-5-23-Q28a.png"
                      },
                      {
                        "url": "https://img.testbuddyai.com/Maths-30-5-23-Q28b.png"
                      }
                    ],
                    "options": [],
                    "correct_answer": {
                      "text": "<p><b>a) Proof for DG × FG = CD × CF:</b></p><p>Given CD is perpendicular bisector of AB and EF is perpendicular to CD, AE intersects CD at G.</p><p>Triangles DGE and CFG are similar by AA similarity criterion (both have right angles and share angle at G).</p><p>From similarity, DG/CF = CD/FG, which implies DG × FG = CD × CF.</p><p><b>OR</b></p><p><b>b) Proof that EL = (1/2) BL in parallelogram ABCD:</b></p><p>Given BE bisects CD at M and intersects AC at L.</p><p>By properties of parallelogram and using coordinate geometry or vector approach, it can be shown that EL = (1/2) BL.</p><p>Thus, the required relation is proved.</p>"
                    },
                    "question_type": "Short Answer (3 marks)",
                    "difficulty_level": "hard",
                    "explanation_html": null
                  }
                ]
              },
              {
                "chapter_name": "Pair of Linear Equations in Two Variables",
                "questions": [
                  {
                    "question_no": 29,
                    "question_html": "<p>Two people are 16 km apart on a straight road. They start walking at the same time. If they walk towards each other with different speeds, they will meet in 2 hours. Had they walked in the same direction with same speeds as before, they would have met in 8 hours. Find their walking speeds.</p>",
                    "options": [],
                    "correct_answer": {
                      "text": "<p>Let the speeds of the two people be x km/hr and y km/hr, with x > y.</p><p>Case 1: Walking towards each other.</p><p>Relative speed = x + y.</p><p>Time = Distance / Relative speed => 2 = 16 / (x + y) => x + y = 8  ---(i)</p><p>Case 2: Walking in the same direction.</p><p>Relative speed = x - y.</p><p>Time = Distance / Relative speed => 8 = 16 / (x - y) => x - y = 2  ---(ii)</p><p>Adding (i) and (ii):</p><p>2x = 10 => x = 5 km/hr.</p><p>Substituting x = 5 in (i):</p><p>5 + y = 8 => y = 3 km/hr.</p><p>Their walking speeds are 5 km/hr and 3 km/hr.</p>"
                    },
                    "question_type": "Short Answer (3 marks)",
                    "difficulty_level": "medium",
                    "explanation_html": null
                  }
                ]
              },
              {
                "chapter_name": "Introduction to Trigonometry",
                "questions": [
                  {
                    "question_no": 30,
                    "question_html": "<p>Prove that : tan θ / (1 – cot θ) + cot θ / (1 – tan θ) = 1 + sec θ cosec θ</p>",
                    "options": [],
                    "correct_answer": {
                      "text": "<p>LHS = tan θ / (1 – cot θ) + cot θ / (1 – tan θ)</p><p>= (sinθ/cosθ) / (1 - cosθ/sinθ) + (cosθ/sinθ) / (1 - sinθ/cosθ)</p><p>= (sinθ/cosθ) / ((sinθ-cosθ)/sinθ) + (cosθ/sinθ) / ((cosθ-sinθ)/cosθ)</p><p>= sin²θ / (cosθ(sinθ-cosθ)) - cos²θ / (sinθ(sinθ-cosθ))</p><p>= (sin³θ - cos³θ) / (sinθcosθ(sinθ-cosθ))</p><p>Using a³-b³=(a-b)(a²+ab+b²):</p><p>= [(sinθ-cosθ)(sin²θ+sinθcosθ+cos²θ)] / [sinθcosθ(sinθ-cosθ)]</p><p>= (1 + sinθcosθ) / (sinθcosθ)</p><p>= 1/(sinθcosθ) + 1</p><p>= cosecθ secθ + 1 = RHS. Proved.</p>"
                    },
                    "question_type": "Short Answer (3 marks)",
                    "difficulty_level": "hard",
                    "explanation_html": null
                  }
                ]
              },
              {
                "chapter_name": "Statistics",
                "questions": [
                  {
                    "question_no": 31,
                    "question_html": "<p>Find the mean of the following frequency distribution :</p><table><tbody><tr><td>Classes</td><td>25 – 30</td><td>30 – 35</td><td>35 – 40</td><td>40 – 45</td><td>45 – 50</td><td>50 – 55</td><td>55 – 60</td></tr><tr><td>Frequency</td><td>14</td><td>22</td><td>16</td><td>6</td><td>5</td><td>3</td><td>4</td></tr></tbody></table>",
                    "options": [],
                    "correct_answer": {
                      "text": "<p>To find the mean, we use the formula: Mean = Σ(fᵢxᵢ) / Σfᵢ.</p><table><tbody><tr><td>Classes</td><td>Frequency (fᵢ)</td><td>Class Mark (xᵢ)</td><td>fᵢxᵢ</td></tr><tr><td>25 – 30</td><td>14</td><td>27.5</td><td>385</td></tr><tr><td>30 – 35</td><td>22</td><td>32.5</td><td>715</td></tr><tr><td>35 – 40</td><td>16</td><td>37.5</td><td>600</td></tr><tr><td>40 – 45</td><td>6</td><td>42.5</td><td>255</td></tr><tr><td>45 – 50</td><td>5</td><td>47.5</td><td>237.5</td></tr><tr><td>50 – 55</td><td>3</td><td>52.5</td><td>157.5</td></tr><tr><td>55 – 60</td><td>4</td><td>57.5</td><td>230</td></tr><tr><td>Total</td><td>Σfᵢ = 70</td><td></td><td>Σfᵢxᵢ = 2580</td></tr></tbody></table><p>Mean = 2580 / 70 ≈ 36.86.</p>"
                    },
                    "question_type": "Short Answer (3 marks)",
                    "difficulty_level": "medium",
                    "explanation_html": null
                  }
                ]
              },
              {
                "chapter_name": "Some Applications of Trigonometry",
                "questions": [
                  {
                    "question_no": 32,
                    "question_html": "<p>One observer estimates the angle of elevation to the basket of a hot air balloon to be 60°, while another observer 100 m away estimates the angle of elevation to be 30°. Find :</p><p>(a) The height of the basket from the ground.</p><p>(b) The distance of the basket from the first observer's eye.</p><p>(c) The horizontal distance of the second observer from the basket.</p>",
                    "options": [],
                    "correct_answer": {
                      "text": "<p><b>Given:</b> Angle of elevation from first observer = 60°, second observer is 100 m away and measures 30°.</p><p><b>Let:</b> h = height of basket, x = horizontal distance of first observer from basket, y = horizontal distance of second observer from basket.</p><p><b>Step 1: Using tan 60°:</b></p><p>tan 60° = h / x ⇒ √3 = h / x ⇒ h = x√3</p><p><b>Step 2: Using tan 30° for second observer:</b></p><p>tan 30° = h / y ⇒ 1/√3 = h / y ⇒ h = y / √3</p><p><b>Step 3: Distance between observers = 100 m:</b></p><p>x + y = 100</p><p>Using h expressions from steps 1 and 2:</p><p>x√3 = y / √3 ⇒ y = 3x</p><p>Substitute in x + y = 100 ⇒ x + 3x = 100 ⇒ 4x = 100 ⇒ x = 25 m</p><p>Therefore, h = x√3 = 25√3 ≈ 43.3 m</p><p>Distance of basket from first observer = x = 25 m</p><p>Horizontal distance of second observer from basket = y = 100 - 25 = 75 m</p>"
                    },
                    "question_type": "Long Answer (5 marks)",
                    "difficulty_level": "hard",
                    "explanation_html": null
                  }
                ]
              },
              {
                "chapter_name": "Circles",
                "questions": [
                  {
                    "question_no": 33,
                    "question_html": "<p>(a) A triangle ABC is drawn to circumscribe a circle of radius 4 cm such that the segments BD and DC are of lengths 10 cm and 8 cm respectively. Find the lengths of the sides AB and AC, if it is given that area Δ ABC = 90 cm².</p><p>OR</p><p>(b) Two circles with centres O and O' of radii 6 cm and 8 cm, respectively intersect at two points P and Q such that OP and O'P are tangents to the two circles. Find the length of the common chord PQ.</p>",
                    "images": [
                      {
                        "url": "https://img.testbuddyai.com/Maths-30-5-23-Q33a.png"
                      },
                      {
                        "url": "https://img.testbuddyai.com/Maths-30-5-23-Q33b.png"
                      }
                    ],
                    "options": [],
                    "correct_answer": {
                      "text": "<p><strong>(a)</strong></p><p>Let the circle touch the sides AB and AC at points F and E respectively. Let AF = AE = x.</p><p>The lengths of tangents from an external point to a circle are equal. So, BF = BD = 10 cm and CE = CD = 8 cm.</p><p>Sides of the triangle are: AB = x + 10, AC = x + 8, BC = 10 + 8 = 18 cm.</p><p>Area(ΔABC) = Area(ΔOBC) + Area(ΔOCA) + Area(ΔOAB)</p><p>90 = (1/2 * BC * r) + (1/2 * AC * r) + (1/2 * AB * r)</p><p>90 = 1/2 * r * (BC + AC + AB)</p><p>90 = 1/2 * 4 * (18 + x + 8 + x + 10) = 2 * (2x + 36)</p><p>45 = 2x + 36 => 2x = 9 => x = 4.5 cm.</p><p>AB = 10 + 4.5 = 14.5 cm. AC = 8 + 4.5 = 12.5 cm.</p><p><strong>OR</strong></p><p><strong>(b)</strong></p><p>Since OP is tangent to the circle with center O', ∠O'PO = 90°. In ΔOPO', by Pythagoras theorem, OO'² = OP² + O'P² = 6² + 8² = 36 + 64 = 100. So, OO' = 10 cm.</p><p>Let the chord PQ intersect OO' at A. The line joining the centers is the perpendicular bisector of the common chord. So, OA ⊥ PQ and A is the midpoint of PQ.</p><p>Let PA = h. Area(ΔOPO') = 1/2 * OP * O'P = 1/2 * 6 * 8 = 24 cm². Also, Area(ΔOPO') = 1/2 * OO' * PA = 1/2 * 10 * h. So, 10h/2 = 24 => h = 4.8 cm.</p><p>The length of the common chord PQ = 2 * PA = 2 * 4.8 = 9.6 cm.</p>"
                    },
                    "question_type": "Long Answer (5 marks)",
                    "difficulty_level": "hard",
                    "explanation_html": null
                  }
                ]
              },
              {
                "chapter_name": "Quadratic Equations",
                "questions": [
                  {
                    "question_no": 34,
                    "question_html": "<p>(a) A train travels at a certain average speed for a distance of 54 km and then travels a distance of 63 km at an average speed of 6 km/h more than the first speed. If it takes 3 hours to complete the journey, what was its first average speed ?</p><p>OR</p><p>(b) Two pipes together can fill a tank in 15/8 hours. The pipe with larger diameter takes 2 hours less than the pipe with smaller diameter to fill the tank separately. Find the time in which each pipe can fill the tank separately.</p>",
                    "options": [],
                    "correct_answer": {
                      "text": "<p><strong>(a)</strong></p><p>Let the first average speed be x km/h. Time taken = 54/x.</p><p>The new speed is (x+6) km/h. Time taken = 63/(x+6).</p><p>Total time is 3 hours: 54/x + 63/(x+6) = 3.</p><p>(54(x+6) + 63x) / (x(x+6)) = 3.</p><p>54x + 324 + 63x = 3x² + 18x.</p><p>117x + 324 = 3x² + 18x.</p><p>3x² - 99x - 324 = 0 => x² - 33x - 108 = 0.</p><p>(x-36)(x+3) = 0. Since speed cannot be negative, x = 36 km/h.</p><p><strong>OR</strong></p><p><strong>(b)</strong></p><p>Let the smaller pipe take x hours. The larger pipe takes (x-2) hours.</p><p>In one hour, they fill 1/x and 1/(x-2) of the tank respectively.</p><p>Together, 1/x + 1/(x-2) = 8/15.</p><p>((x-2)+x) / (x(x-2)) = 8/15.</p><p>15(2x-2) = 8(x²-2x) => 30x - 30 = 8x² - 16x.</p><p>8x² - 46x + 30 = 0 => 4x² - 23x + 15 = 0.</p><p>(4x-3)(x-5)=0. x=3/4 or x=5. If x=3/4, x-2 is negative, which is not possible.</p><p>So, x=5 hours for the smaller pipe, and x-2=3 hours for the larger pipe.</p>"
                    },
                    "question_type": "Long Answer (5 marks)",
                    "difficulty_level": "hard",
                    "explanation_html": null
                  }
                ]
              },
              {
                "chapter_name": "Areas Related to Circles",
                "questions": [
                  {
                    "question_no": 35,
                    "question_html": "<p>A horse is tied to a peg at one corner of a square shaped grass field of side 15 m by means of a 5 m long rope. Find the area of that part of the field in which the horse can graze. Also, find the increase in grazing area if length of rope is increased to 10 m. (Use π = 3.14)</p>",
                    "options": [],
                    "correct_answer": {
                      "text": "<p>The horse can graze a quadrant of a circle.</p><p>Initial grazing area (radius = 5m):</p><p>Area = (1/4) * π * r² = (1/4) * 3.14 * 5² = 0.25 * 3.14 * 25 = 19.625 m².</p><p>New grazing area (radius = 10m):</p><p>Area = (1/4) * π * r² = (1/4) * 3.14 * 10² = 0.25 * 314 = 78.5 m².</p><p>Increase in grazing area = New area - Initial area</p><p>= 78.5 - 19.625 = 58.875 m².</p>"
                    },
                    "question_type": "Long Answer (5 marks)",
                    "difficulty_level": "medium",
                    "explanation_html": null
                  }
                ]
              },
              {
                "chapter_name": "Surface Areas and Volumes",
                "questions": [
                  {
                    "question_no": 36,
                    "question_html": "<p>A golf ball has diameter 4.2 cm and the surface has 315 dimples (hemi-spherical) of radius 2 mm.</p><p>(i) Find the surface area of one such dimple.</p><p>(ii) Find the volume of the material dug out to make one dimple.</p><p>(iii) (a) Find the total surface area exposed to the surroundings.</p><p>OR</p><p>(iii) (b) Find the volume of the golf ball.</p>",
                    "images": [
                      {
                        "url": "https://img.testbuddyai.com/Maths-30-5-23-Q36.png"
                      }
                    ],
                    "options": [],
                    "correct_answer": {
                      "text": "<p>Dimple radius r = 2 mm = 0.2 cm. Ball radius R = 4.2/2 = 2.1 cm.</p><p><strong>(i) Surface area of one dimple (hemisphere):</strong></p><p>SA = 2πr² = 2 * (22/7) * (0.2)² ≈ 0.251 cm² or 25.1 mm².</p><p><strong>(ii) Volume of material for one dimple (hemisphere):</strong></p><p>V = (2/3)πr³ = (2/3) * (22/7) * (0.2)³ ≈ 0.01676 cm³ or 16.76 mm³.</p><p><strong>(iii) (a) Total surface area exposed:</strong></p><p>TSA = (Surface area of sphere) - (Area of 315 circles) + (Curved surface area of 315 hemispheres)</p><p>= 4πR² - 315(πr²) + 315(2πr²) = 4πR² + 315πr²</p><p>= 4 * (22/7) * 2.1² + 315 * (22/7) * 0.2² = 55.44 + 39.6 = 95.04 cm².</p><p><strong>OR</strong></p><p><strong>(iii) (b) Volume of the golf ball:</strong></p><p>Volume = (Volume of sphere) - (Volume of 315 hemispheres)</p><p>= (4/3)πR³ - 315 * (2/3)πr³</p><p>= (4/3) * (22/7) * 2.1³ - 315 * (2/3) * (22/7) * 0.2³ ≈ 38.808 - 5.275 = 33.533 cm³.</p>"
                    },
                    "question_type": "Case-based Subjective",
                    "difficulty_level": "hard",
                    "explanation_html": null
                  }
                ]
              },
              {
                "chapter_name": "Probability",
                "questions": [
                  {
                    "question_no": 37,
                    "question_html": "<p>A middle school decided to run the following spinner game... Spin each spinner once. Blue and red make purple. So, if one spinner shows Red (R) and another Blue (B), then you 'win'.</p><p>(i) List all possible outcomes of the game.</p><p>(ii) Find the probability of 'Making Purple'.</p><p>(iii) (a) For each win, a participant gets ₹ 10, but if he/she loses, he/she has to pay ₹ 5 to the school. If 99 participants played, calculate how much fund could the school have collected.</p><p>OR</p><p>(b) If the same amount of ₹ 5 has been decided for winning or losing the game, then how much fund had been collected by school? (Number of participants = 99)</p>",
                    "images": [
                      {
                        "url": "https://img.testbuddyai.com/Maths-30-5-23-Q37.png"
                      }
                    ],
                    "options": [],
                    "correct_answer": {
                      "text": "<p>Spinner I has outcomes {R, G, Y}. Spinner II has outcomes {R, B, G}. Total outcomes = 3 * 3 = 9.</p><p><strong>(i) List all possible outcomes:</strong></p><p>{(R,R), (R,B), (R,G), (G,R), (G,B), (G,G), (Y,R), (Y,B), (Y,G)}</p><p><strong>(ii) Find the probability of 'Making Purple':</strong></p><p>Making purple is the outcome (R,B). There is 1 favorable outcome.</p><p>P(Making Purple) = 1/9.</p><p><strong>(iii) (a)</strong></p><p>Number of winners = P(win) * Total participants = (1/9) * 99 = 11.</p><p>Number of losers = 99 - 11 = 88.</p><p>Fund collected = (Losers * 5) - (Winners * 10) = (88 * 5) - (11 * 10) = 440 - 110 = ₹ 330.</p><p><strong>OR</strong></p><p><strong>(b)</strong></p><p>Number of winners = 11. Number of losers = 88.</p><p>Fund collected = (Losers * 5) - (Winners * 5) = (88 * 5) - (11 * 5) = 440 - 55 = ₹ 385.</p>"
                    },
                    "question_type": "Case-based Subjective",
                    "difficulty_level": "medium",
                    "explanation_html": null
                  }
                ]
              },
              {
                "chapter_name": "Polynomials",
                "questions": [
                  {
                    "question_no": 38,
                    "question_html": "<p>In a pool at an aquarium, a dolphin jumps out of the water travelling at 20 cm per second. Its height above water level after t seconds is given by h = 20t – 16t².</p><p>(i) Find zeroes of polynomial p(t) = 20t – 16t².</p><p>(ii) Which of the following types of graph represents p(t)?</p><p>(iii) (a) What would be the value of h at t = 3/2? Interpret the result.</p><p>OR</p><p>(b) How much distance has the dolphin covered before hitting the water level again?</p>",
                    "images": [
                      {
                        "url": "https://img.testbuddyai.com/Maths-30-5-23-Q38ii(a).png"
                      },
                      {
                        "url": "https://img.testbuddyai.com/Maths-30-5-23-Q38ii(b).png"
                      },
                      {
                        "url": "https://img.testbuddyai.com/Maths-30-5-23-Q38ii(c).png"
                      },
                      {
                        "url": "https://img.testbuddyai.com/Maths-30-5-23-Q38ii(d).png"
                      }
                    ],
                    "options": [],
                    "correct_answer": {
                      "text": "<p><strong>(i) Find zeroes of polynomial p(t) = 20t – 16t²:</strong></p><p>20t - 16t² = 0 => 4t(5 - 4t) = 0. So, t=0 or t=5/4.</p><p><strong>(ii) Which graph represents p(t)?</strong></p><p>The polynomial is a quadratic with a negative leading coefficient (-16), so it is a downward-opening parabola. The zeroes are at t=0 and t=5/4. The vertex occurs at t = -b/(2a) = -20/(2*-16) = 20/32 = 5/8. The graph must pass through (0,0) and (5/4, 0) and open downwards. Option (a) correctly shows this.</p><p><strong>(iii) (a) Value of h at t = 3/2:</strong></p><p>h = 20(3/2) - 16(3/2)² = 30 - 16(9/4) = 30 - 36 = -6 cm. This means the dolphin is 6 cm below the water level, which is physically impossible if it jumped out of the water, suggesting it represents a point in its dive after re-entry.</p><p><strong>OR</strong></p><p><strong>(b) Distance covered before hitting the water level again:</strong></p><p>The dolphin hits the water again at t=5/4 seconds. It travels at a constant horizontal speed of 20 cm/s.</p><p>Distance = Speed × Time = 20 cm/s × (5/4) s = 25 cm.</p>"
                    },
                    "question_type": "Case-based Subjective",
                    "difficulty_level": "medium",
                    "explanation_html": null
                  }
                ]
              }
            ]
          }
        ]
      }
    ]
  }
]