[
  {
    "exam_name_actual": "CBSE Board - Class 10",
    "main_exam_id_name_ref": "CBSE Board - Class 10",
    "years": [
      {
        "year": "2023",
        "papers_or_subjects": [
          {
            "paper_name": "CBSE Class 10 Mathematics (Basic) Paper 2023 (QP Code: 430/1/1)",
            "subject_name": "Mathematics",
            "chapters": [
              {
                "chapter_name": "Real Numbers",
                "questions": [
                  {
                    "question_no": 1,
                    "question_html": "<p>The prime factorisation of natural number 288 is</p><p>(a) 2⁴ x 3³</p><p>(b) 2⁴ x 3²</p><p>(c) 2⁵ x 3²</p><p>(d) 2⁵ x 3¹</p>",
                    "options": [
                      {
                        "id": "a",
                        "text": "2⁴ x 3³"
                      },
                      {
                        "id": "b",
                        "text": "2⁴ x 3²"
                      },
                      {
                        "id": "c",
                        "text": "2⁵ x 3²"
                      },
                      {
                        "id": "d",
                        "text": "2⁵ x 3¹"
                      }
                    ],
                    "correct_answer": {
                      "ids": [
                        "c"
                      ],
                      "text": "2⁵ x 3²"
                    },
                    "question_type": "mcq_single",
                    "difficulty_level": "easy",
                    "explanation_html": "<p>To find the prime factorization of 288, we can use the division method:</p><p>288 ÷ 2 = 144</p><p>144 ÷ 2 = 72</p><p>72 ÷ 2 = 36</p><p>36 ÷ 2 = 18</p><p>18 ÷ 2 = 9</p><p>9 ÷ 3 = 3</p><p>3 ÷ 3 = 1</p><p>Counting the factors, we have five 2s and two 3s. Therefore, the prime factorization of 288 is 2⁵ × 3².</p>"
                  }
                ]
              },
              {
                "chapter_name": "Introduction to Trigonometry",
                "questions": [
                  {
                    "question_no": 2,
                    "question_html": "<p>If 2 cosθ = 1, then the value of θ is</p><p>(a) 45°</p><p>(b) 60°</p><p>(c) 30°</p><p>(d) 90°</p>",
                    "options": [
                      {
                        "id": "a",
                        "text": "45°"
                      },
                      {
                        "id": "b",
                        "text": "60°"
                      },
                      {
                        "id": "c",
                        "text": "30°"
                      },
                      {
                        "id": "d",
                        "text": "90°"
                      }
                    ],
                    "correct_answer": {
                      "ids": [
                        "b"
                      ],
                      "text": "60°"
                    },
                    "question_type": "mcq_single",
                    "difficulty_level": "easy",
                    "explanation_html": "<p>Given the equation 2 cosθ = 1.</p><p>To find θ, first isolate cosθ by dividing both sides by 2:</p><p>cosθ = 1/2</p><p>We recall the standard trigonometric values for acute angles. The angle θ for which the cosine value is 1/2 is 60°.</p>"
                  }
                ]
              },
              {
                "chapter_name": "Probability",
                "questions": [
                  {
                    "question_no": 3,
                    "question_html": "<p>A card is drawn at random from a well-shuffled deck of 52 cards. The probability of getting a red card is :</p><p>(a) 1/26</p><p>(b) 1/13</p><p>(c) 1/4</p><p>(d) 1/2</p>",
                    "options": [
                      {
                        "id": "a",
                        "text": "1/26"
                      },
                      {
                        "id": "b",
                        "text": "1/13"
                      },
                      {
                        "id": "c",
                        "text": "1/4"
                      },
                      {
                        "id": "d",
                        "text": "1/2"
                      }
                    ],
                    "correct_answer": {
                      "ids": [
                        "d"
                      ],
                      "text": "1/2"
                    },
                    "question_type": "mcq_single",
                    "difficulty_level": "easy",
                    "explanation_html": "<p>In a standard deck of 52 playing cards, there are four suits: Hearts, Diamonds, Clubs, and Spades. Hearts and Diamonds are red suits, while Clubs and Spades are black suits. Each suit has 13 cards.</p><p>Number of red cards = 13 (Hearts) + 13 (Diamonds) = 26.</p><p>Total number of cards (total possible outcomes) = 52.</p><p>The probability of an event is calculated as (Number of favorable outcomes) / (Total number of outcomes).</p><p>Probability of getting a red card = 26 / 52 = 1/2.</p>"
                  }
                ]
              },
              {
                "chapter_name": "Quadratic Equations",
                "questions": [
                  {
                    "question_no": 4,
                    "question_html": "<p>The discriminant of the quadratic equation 2x² – 5x – 3 = 0 is</p><p>(a) 1</p><p>(b) 49</p><p>(c) 7</p><p>(d) 19</p>",
                    "options": [
                      {
                        "id": "a",
                        "text": "1"
                      },
                      {
                        "id": "b",
                        "text": "49"
                      },
                      {
                        "id": "c",
                        "text": "7"
                      },
                      {
                        "id": "d",
                        "text": "19"
                      }
                    ],
                    "correct_answer": {
                      "ids": [
                        "b"
                      ],
                      "text": "49"
                    },
                    "question_type": "mcq_single",
                    "difficulty_level": "easy",
                    "explanation_html": "<p>For a quadratic equation in the standard form ax² + bx + c = 0, the discriminant (D) is calculated using the formula D = b² - 4ac.</p><p>For the given equation 2x² – 5x – 3 = 0, we identify the coefficients: a = 2, b = -5, c = -3.</p><p>Substitute these values into the discriminant formula:</p><p>D = (-5)² - 4(2)(-3)</p><p>D = 25 - (-24)</p><p>D = 25 + 24</p><p>D = 49.</p>"
                  }
                ]
              },
              {
                "chapter_name": "Coordinate Geometry",
                "questions": [
                  {
                    "question_no": 5,
                    "question_html": "<p>The distance between the points (3, 0) and (0, -3) is</p><p>(a) 2√3 units</p><p>(b) 6 units</p><p>(c) 3 units</p><p>(d) 3√2 units</p>",
                    "options": [
                      {
                        "id": "a",
                        "text": "2√3 units"
                      },
                      {
                        "id": "b",
                        "text": "6 units"
                      },
                      {
                        "id": "c",
                        "text": "3 units"
                      },
                      {
                        "id": "d",
                        "text": "3√2 units"
                      }
                    ],
                    "correct_answer": {
                      "ids": [
                        "d"
                      ],
                      "text": "3√2 units"
                    },
                    "question_type": "mcq_single",
                    "difficulty_level": "easy",
                    "explanation_html": "<p>The distance (d) between two points (x₁, y₁) and (x₂, y₂) is given by the distance formula: d = √[(x₂ - x₁)² + (y₂ - y₁)²].</p><p>Let the points be (x₁, y₁) = (3, 0) and (x₂, y₂) = (0, -3).</p><p>Substitute the coordinates into the formula:</p><p>d = √[(0 - 3)² + (-3 - 0)²]</p><p>d = √[(-3)² + (-3)²]</p><p>d = √[9 + 9]</p><p>d = √18</p><p>To simplify the radical, we find the largest perfect square factor of 18, which is 9. So, √18 = √(9 × 2) = 3√2.</p><p>The distance is 3√2 units.</p>"
                  }
                ]
              },
              {
                "chapter_name": "Arithmetic Progressions",
                "questions": [
                  {
                    "question_no": 6,
                    "question_html": "<p>The seventh term of an A.P. whose first term is 28 and common difference – 4, is</p><p>(a) 0</p><p>(b) 4</p><p>(c) 52</p><p>(d) 56</p>",
                    "options": [
                      {
                        "id": "a",
                        "text": "0"
                      },
                      {
                        "id": "b",
                        "text": "4"
                      },
                      {
                        "id": "c",
                        "text": "52"
                      },
                      {
                        "id": "d",
                        "text": "56"
                      }
                    ],
                    "correct_answer": {
                      "ids": [
                        "b"
                      ],
                      "text": "4"
                    },
                    "question_type": "mcq_single",
                    "difficulty_level": "easy",
                    "explanation_html": "<p>The formula for the n-th term (aₙ) of an Arithmetic Progression (A.P.) is aₙ = a + (n-1)d, where 'a' is the first term, 'n' is the term number, and 'd' is the common difference.</p><p>Given: a = 28, d = -4, n = 7.</p><p>We need to find the seventh term (a₇).</p><p>a₇ = 28 + (7-1)(-4)</p><p>a₇ = 28 + (6)(-4)</p><p>a₇ = 28 - 24</p><p>a₇ = 4.</p>"
                  }
                ]
              },
              {
                "chapter_name": "Polynomials",
                "questions": [
                  {
                    "question_no": 7,
                    "question_html": "<p>The graph of y = p(x) is shown in the figure for some polynomial p(x). The number of zeroes of p(x) is/are :</p><p>(a) 0</p><p>(b) 1</p><p>(c) 2</p><p>(d) 3</p>",
                    "images": [
                      {
                        "url": "https://img.testbuddyai.com/Maths-430-1-23-Q7.png"
                      }
                    ],
                    "options": [
                      {
                        "id": "a",
                        "text": "0"
                      },
                      {
                        "id": "b",
                        "text": "1"
                      },
                      {
                        "id": "c",
                        "text": "2"
                      },
                      {
                        "id": "d",
                        "text": "3"
                      }
                    ],
                    "correct_answer": {
                      "ids": [
                        "a"
                      ],
                      "text": "0"
                    },
                    "question_type": "mcq_single",
                    "difficulty_level": "easy",
                    "explanation_html": "<p>The zeroes of a polynomial p(x) are the values of x for which p(x) = 0. Graphically, these are the x-coordinates of the points where the graph of y = p(x) intersects or touches the x-axis.</p><p>Observing the given graph, the curve does not cross or touch the x-axis at any point. Therefore, the polynomial p(x) has no real zeroes. The number of zeroes is 0.</p>"
                  }
                ]
              },
              {
                "chapter_name": "Triangles",
                "questions": [
                  {
                    "question_no": 8,
                    "question_html": "<p>The sides of two similar triangles are in the ratio 4 : 7. The ratio of their perimeters is</p><p>(a) 4 : 7</p><p>(b) 12 : 21</p><p>(c) 16 : 49</p><p>(d) 7 : 4</p>",
                    "options": [
                      {
                        "id": "a",
                        "text": "4 : 7"
                      },
                      {
                        "id": "b",
                        "text": "12 : 21"
                      },
                      {
                        "id": "c",
                        "text": "16 : 49"
                      },
                      {
                        "id": "d",
                        "text": "7 : 4"
                      }
                    ],
                    "correct_answer": {
                      "ids": [
                        "a"
                      ],
                      "text": "4 : 7"
                    },
                    "question_type": "mcq_single",
                    "difficulty_level": "easy",
                    "explanation_html": "<p>A key property of similar triangles is that the ratio of their perimeters is the same as the ratio of their corresponding sides.</p><p>Given that the ratio of the corresponding sides is 4 : 7.</p><p>Therefore, the ratio of their perimeters is also 4 : 7.</p>"
                  },
                  {
                    "question_no": 9,
                    "question_html": "<p>In the given figure, AB || CD. If AB = 5 cm, CD = 2 cm and OB = 3 cm, then the length of OC is</p><p>(a) 15/2 cm</p><p>(b) 10/3 cm</p><p>(c) 6/5 cm</p><p>(d) 3/5 cm</p>",
                    "images": [
                      {
                        "url": "https://img.testbuddyai.com/Maths-430-1-23-Q9.png"
                      }
                    ],
                    "options": [
                      {
                        "id": "a",
                        "text": "15/2 cm"
                      },
                      {
                        "id": "b",
                        "text": "10/3 cm"
                      },
                      {
                        "id": "c",
                        "text": "6/5 cm"
                      },
                      {
                        "id": "d",
                        "text": "3/5 cm"
                      }
                    ],
                    "correct_answer": {
                      "ids": [
                        "c"
                      ],
                      "text": "6/5 cm"
                    },
                    "question_type": "mcq_single",
                    "difficulty_level": "medium",
                    "explanation_html": "<p>In the given figure, we have two triangles, ΔAOB and ΔCOD.</p><p>Since AB is parallel to CD (AB || CD), the triangles are similar:</p><p>1. ∠AOB = ∠COD (Vertically opposite angles).</p><p>2. ∠OAB = ∠OCD (Alternate interior angles because AB || CD and AC is a transversal).</p><p>By AA similarity, ΔAOB ~ ΔCOD.</p><p>For similar triangles, the ratio of corresponding sides is equal. Thus:</p><p>OB/OC = AB/CD.</p><p>Substituting the values: 3/OC = 5/2.</p><p>Cross multiplying: 5 × OC = 6 ⇒ OC = 6/5 cm.</p><p>Therefore, the correct answer is 6/5 cm.</p>"
                  }
                ]
              },
              {
                "chapter_name": "Polynomials",
                "questions": [
                  {
                    "question_no": 10,
                    "question_html": "<p>The sum and the product of zeroes of the polynomial p(x) = x² + 5x + 6 are respectively</p><p>(a) 5, – 6</p><p>(b) – 5, 6</p><p>(c) 2, 3</p><p>(d) –2, –3</p>",
                    "options": [
                      {
                        "id": "a",
                        "text": "5, – 6"
                      },
                      {
                        "id": "b",
                        "text": "– 5, 6"
                      },
                      {
                        "id": "c",
                        "text": "2, 3"
                      },
                      {
                        "id": "d",
                        "text": "–2, –3"
                      }
                    ],
                    "correct_answer": {
                      "ids": [
                        "b"
                      ],
                      "text": "– 5, 6"
                    },
                    "question_type": "mcq_single",
                    "difficulty_level": "easy",
                    "explanation_html": "<p>For any quadratic polynomial in the form ax² + bx + c, the sum of its zeroes (α + β) is given by -b/a, and the product of its zeroes (αβ) is given by c/a.</p><p>For the polynomial p(x) = x² + 5x + 6, we have a=1, b=5, and c=6.</p><p>Sum of zeroes = -b/a = -5/1 = -5.</p><p>Product of zeroes = c/a = 6/1 = 6.</p><p>Thus, the sum and product are –5 and 6, respectively.</p>"
                  }
                ]
              },
              {
                "chapter_name": "Probability",
                "questions": [
                  {
                    "question_no": 11,
                    "question_html": "<p>A die is thrown once. Find the probability of getting a number less than 7.</p><p>(a) 5/6</p><p>(b) 1</p><p>(c) 1/6</p><p>(d) 0</p>",
                    "options": [
                      {
                        "id": "a",
                        "text": "5/6"
                      },
                      {
                        "id": "b",
                        "text": "1"
                      },
                      {
                        "id": "c",
                        "text": "1/6"
                      },
                      {
                        "id": "d",
                        "text": "0"
                      }
                    ],
                    "correct_answer": {
                      "ids": [
                        "b"
                      ],
                      "text": "1"
                    },
                    "question_type": "mcq_single",
                    "difficulty_level": "easy",
                    "explanation_html": "<p>When a standard six-sided die is thrown, the set of all possible outcomes (the sample space) is {1, 2, 3, 4, 5, 6}. The total number of possible outcomes is 6.</p><p>The event is 'getting a number less than 7'. The outcomes that satisfy this condition are 1, 2, 3, 4, 5, and 6. All possible outcomes are favorable.</p><p>The number of favorable outcomes is 6.</p><p>The probability is calculated as (Number of favorable outcomes) / (Total number of outcomes) = 6/6 = 1. This is a certain event, as it is guaranteed to happen.</p>"
                  }
                ]
              },
              {
                "chapter_name": "Some Applications of Trigonometry",
                "questions": [
                  {
                    "question_no": 12,
                    "question_html": "<p>The angle subtended by a vertical pole of height 100 m at a point on the ground 100√3 m from the base is, has measure of</p><p>(a) 90°</p><p>(b) 60°</p><p>(c) 45°</p><p>(d) 30°</p>",
                    "images": [
                      {
                        "url": "https://img.testbuddyai.com/Maths-430-1-23-Q12.png"
                      }
                    ],
                    "options": [
                      {
                        "id": "a",
                        "text": "90°"
                      },
                      {
                        "id": "b",
                        "text": "60°"
                      },
                      {
                        "id": "c",
                        "text": "45°"
                      },
                      {
                        "id": "d",
                        "text": "30°"
                      }
                    ],
                    "correct_answer": {
                      "ids": [
                        "d"
                      ],
                      "text": "30°"
                    },
                    "question_type": "mcq_single",
                    "difficulty_level": "easy",
                    "explanation_html": "<p>This scenario forms a right-angled triangle. Let θ be the angle of elevation from the point on the ground to the top of the pole.</p><p>The height of the pole is the side opposite to the angle θ (Opposite = 100 m).</p><p>The distance from the base is the side adjacent to the angle θ (Adjacent = 100√3 m).</p><p>The tangent function relates the opposite and adjacent sides: tan(θ) = Opposite / Adjacent.</p><p>tan(θ) = 100 / (100√3)</p><p>tan(θ) = 1/√3</p><p>The angle for which the tangent is 1/√3 is 30°.</p>"
                  }
                ]
              },
              {
                "chapter_name": "Surface Areas and Volumes",
                "questions": [
                  {
                    "question_no": 13,
                    "question_html": "<p>The volume of a cone of radius ‘r’ and height ‘3r’ is :</p><p>(a) 1/3 πr³</p><p>(b) 3 πr³</p><p>(c) 9 πr³</p><p>(d) πr³</p>",
                    "options": [
                      {
                        "id": "a",
                        "text": "1/3 πr³"
                      },
                      {
                        "id": "b",
                        "text": "3 πr³"
                      },
                      {
                        "id": "c",
                        "text": "9 πr³"
                      },
                      {
                        "id": "d",
                        "text": "πr³"
                      }
                    ],
                    "correct_answer": {
                      "ids": [
                        "d"
                      ],
                      "text": "πr³"
                    },
                    "question_type": "mcq_single",
                    "difficulty_level": "easy",
                    "explanation_html": "<p>The formula for the volume (V) of a cone is V = (1/3)πr²h, where 'r' is the radius of the base and 'h' is the height.</p><p>In this problem, we are given:</p><p>Radius = r</p><p>Height (h) = 3r</p><p>Substitute these values into the volume formula:</p><p>V = (1/3)π(r)²(3r)</p><p>V = (1/3)πr²(3r)</p><p>V = (3/3)π(r² * r)</p><p>V = 1 * πr³ = πr³.</p>"
                  }
                ]
              },
              {
                "chapter_name": "Circles",
                "questions": [
                  {
                    "question_no": 14,
                    "question_html": "<p>The distance between two parallel tangents of a circle of diameter 7 cm is :</p><p>(a) 7 cm</p><p>(b) 14 cm</p><p>(c) 7/2 cm</p><p>(d) 28 cm</p>",
                    "options": [
                      {
                        "id": "a",
                        "text": "7 cm"
                      },
                      {
                        "id": "b",
                        "text": "14 cm"
                      },
                      {
                        "id": "c",
                        "text": "7/2 cm"
                      },
                      {
                        "id": "d",
                        "text": "28 cm"
                      }
                    ],
                    "correct_answer": {
                      "ids": [
                        "a"
                      ],
                      "text": "7 cm"
                    },
                    "question_type": "mcq_single",
                    "difficulty_level": "easy",
                    "explanation_html": "<p>The two tangents to a circle that are parallel to each other touch the circle at the endpoints of a diameter. Therefore, the perpendicular distance between these two parallel tangents is equal to the length of the diameter of the circle.</p><p>Given that the diameter is 7 cm, the distance between the two parallel tangents is 7 cm.</p>"
                  }
                ]
              },
              {
                "chapter_name": "Triangles",
                "questions": [
                  {
                    "question_no": 15,
                    "question_html": "<p>In the above figure, the criterion of similarity by which ΔABC ~ ΔPQR is :</p><p>(a) SSA (Side – Side – Angle) Similarity</p><p>(b) ASA (Angle – Side – Angle) Similarity</p><p>(c) SAS (Side – Angle – Side) Similarity</p><p>(d) AA (Angle – Angle) Similarity</p>",
                    "images": [
                      {
                        "url": "https://img.testbuddyai.com/Maths-430-1-23-Q15.png"
                      }
                    ],
                    "options": [
                      {
                        "id": "a",
                        "text": "SSA (Side – Side – Angle) Similarity"
                      },
                      {
                        "id": "b",
                        "text": "ASA (Angle – Side – Angle) Similarity"
                      },
                      {
                        "id": "c",
                        "text": "SAS (Side – Angle – Side) Similarity"
                      },
                      {
                        "id": "d",
                        "text": "AA (Angle – Angle) Similarity"
                      }
                    ],
                    "correct_answer": {
                      "ids": [
                        "c"
                      ],
                      "text": "SAS (Side – Angle – Side) Similarity"
                    },
                    "question_type": "mcq_single",
                    "difficulty_level": "medium",
                    "explanation_html": "<p>To determine the similarity criterion, we compare the given information for ΔABC and ΔPQR.</p><p>1. Check the ratio of corresponding sides:</p><p>   Ratio of AB to PQ = 2.2 / 4.4 = 1/2.</p><p>   Ratio of BC to QR = 3.5 / 7.0 = 1/2.</p><p>   We have two pairs of corresponding sides that are in the same ratio (AB/PQ = BC/QR).</p><p>2. Check the included angle:</p><p>   The angle between sides AB and BC is ∠B = 50°.</p><p>   The angle between sides PQ and QR is ∠Q = 50°.</p><p>   The included angles are equal (∠B = ∠Q).</p><p>Since two pairs of sides are in the same ratio and the angle included between them is equal, the triangles are similar by the Side-Angle-Side (SAS) similarity criterion.</p>"
                  }
                ]
              },
              {
                "chapter_name": "Pair of Linear Equations in Two Variables",
                "questions": [
                  {
                    "question_no": 16,
                    "question_html": "<p>The larger of two supplementary angles exceeds the smaller by 18 degrees. What is the measure of larger angle ?</p><p>(a) 81°</p><p>(b) 99°</p><p>(c) 36°</p><p>(d) 54°</p>",
                    "options": [
                      {
                        "id": "a",
                        "text": "81°"
                      },
                      {
                        "id": "b",
                        "text": "99°"
                      },
                      {
                        "id": "c",
                        "text": "36°"
                      },
                      {
                        "id": "d",
                        "text": "54°"
                      }
                    ],
                    "correct_answer": {
                      "ids": [
                        "b"
                      ],
                      "text": "99°"
                    },
                    "question_type": "mcq_single",
                    "difficulty_level": "easy",
                    "explanation_html": "<p>Let the larger angle be 'x' and the smaller angle be 'y'.</p><p>1. Since the angles are supplementary, their sum is 180°:</p><p>   x + y = 180</p><p>2. The larger angle exceeds the smaller by 18°:</p><p>   x = y + 18</p><p>We have a system of two linear equations. Substitute the second equation into the first:</p><p>(y + 18) + y = 180</p><p>2y + 18 = 180</p><p>2y = 180 - 18</p><p>2y = 162</p><p>y = 81°</p><p>Now find the larger angle, x, using x = y + 18:</p><p>x = 81 + 18 = 99°.</p><p>The measure of the larger angle is 99°.</p>"
                  }
                ]
              },
              {
                "chapter_name": "Circles",
                "questions": [
                  {
                    "question_no": 17,
                    "question_html": "<p>In the given figure, the perimeter of ΔABC is :</p><p>(a) 30 cm</p><p>(b) 15 cm</p><p>(c) 45 cm</p><p>(d) 60 cm</p>",
                    "images": [
                      {
                        "url": "https://img.testbuddyai.com/Maths-430-1-23-Q17.png"
                      }
                    ],
                    "options": [
                      {
                        "id": "a",
                        "text": "30 cm"
                      },
                      {
                        "id": "b",
                        "text": "15 cm"
                      },
                      {
                        "id": "c",
                        "text": "45 cm"
                      },
                      {
                        "id": "d",
                        "text": "60 cm"
                      }
                    ],
                    "correct_answer": {
                      "ids": [
                        "a"
                      ],
                      "text": "30 cm"
                    },
                    "question_type": "mcq_single",
                    "difficulty_level": "medium",
                    "explanation_html": "<p>A property of circles states that the lengths of the two tangents drawn from an external point to a circle are equal.</p><p>1. From point A: AR = AQ = 5 cm.</p><p>2. From point B: BR = BP = 6 cm.</p><p>3. From point C: CP = CQ = 4 cm.</p><p>The perimeter of ΔABC is the sum of the lengths of its sides: AB + BC + AC.</p><p>AB = AR + RB = 5 + 6 = 11 cm.</p><p>BC = BP + PC = 6 + 4 = 10 cm.</p><p>AC = AQ + QC = 5 + 4 = 9 cm.</p><p>Perimeter = 11 + 10 + 9 = 30 cm.</p>"
                  },
                  {
                    "question_no": 18,
                    "question_html": "<p>In the given figure, BC and BD are tangents to the circle with centre O and radius 9 cm. If OB = 15 cm, then the length (BC + BD) is :</p><p>(a) 18 cm</p><p>(b) 12 cm</p><p>(c) 24 cm</p><p>(d) 36 cm</p>",
                    "images": [
                      {
                        "url": "https://img.testbuddyai.com/Maths-430-1-23-Q18.png"
                      }
                    ],
                    "options": [
                      {
                        "id": "a",
                        "text": "18 cm"
                      },
                      {
                        "id": "b",
                        "text": "12 cm"
                      },
                      {
                        "id": "c",
                        "text": "24 cm"
                      },
                      {
                        "id": "d",
                        "text": "36 cm"
                      }
                    ],
                    "correct_answer": {
                      "ids": [
                        "c"
                      ],
                      "text": "24 cm"
                    },
                    "question_type": "mcq_single",
                    "difficulty_level": "medium",
                    "explanation_html": "<p>1. A tangent to a circle is perpendicular to the radius at the point of contact. Therefore, OC is perpendicular to BC, and ΔOBC is a right-angled triangle with the right angle at C.</p><p>2. In right-angled ΔOBC, we can use the Pythagorean theorem: (Hypotenuse)² = (Base)² + (Perpendicular)².</p><p>   OB² = OC² + BC²</p><p>   Given OB = 15 cm and OC (radius) = 9 cm.</p><p>   15² = 9² + BC²</p><p>   225 = 81 + BC²</p><p>   BC² = 225 - 81 = 144</p><p>   BC = √144 = 12 cm.</p><p>3. The lengths of tangents drawn from an external point (B) to a circle are equal. So, BD = BC = 12 cm.</p><p>4. The required length is BC + BD = 12 cm + 12 cm = 24 cm.</p>"
                  }
                ]
              },
              {
                "chapter_name": "Circles",
                "questions": [
                  {
                    "question_no": 19,
                    "question_html": "<p><b>Assertion (A):</b> A tangent to a circle is perpendicular to the radius through the point of contact.</p><p><b>Reason (R):</b> The lengths of tangents drawn from the external point to a circle are equal.</p>",
                    "options": [
                      {
                        "id": "a",
                        "text": "Both Assertion (A) and Reason (R) are true and Reason (R) is the correct explanation of Assertion (A)."
                      },
                      {
                        "id": "b",
                        "text": "Both Assertion (A) and Reason (R) are true but Reason (R) is not the correct explanation of Assertion (A)."
                      },
                      {
                        "id": "c",
                        "text": "Assertion (A) is true, but Reason (R) is false."
                      },
                      {
                        "id": "d",
                        "text": "Assertion (A) is false, but Reason (R) is true."
                      }
                    ],
                    "correct_answer": {
                      "ids": [
                        "b"
                      ],
                      "text": "Both Assertion (A) and Reason (R) are true but Reason (R) is not the correct explanation of Assertion (A)."
                    },
                    "question_type": "mcq_single",
                    "difficulty_level": "easy",
                    "explanation_html": "<p><b>Analysis of Assertion (A):</b> The statement 'A tangent to a circle is perpendicular to the radius through the point of contact' is a fundamental theorem related to circles. This statement is correct.</p><p><b>Analysis of Reason (R):</b> The statement 'The lengths of tangents drawn from the external point to a circle are equal' is another important theorem related to circles. This statement is also correct.</p><p><b>Relationship between (A) and (R):</b> While both statements are true theorems about tangents to a circle, Reason (R) is not the explanation for Assertion (A). The proof for (A) relies on showing the radius is the shortest distance from the center to the tangent line. The proof for (R) uses the fact stated in (A) along with triangle congruence (RHS rule). Therefore, (A) is used to prove (R), not the other way around. They are two distinct, though related, properties.</p>"
                  }
                ]
              },
              {
                "chapter_name": "Pair of Linear Equations in Two Variables",
                "questions": [
                  {
                    "question_no": 20,
                    "question_html": "<p><b>Assertion (A):</b> The system of linear equations 3x + 5y – 4 = 0 and 15x + 25y – 25 = 0 is inconsistent.</p><p><b>Reason (R):</b> The pair of linear equations a₁x + b₁y + c₁ = 0 and a₂x + b₂y + c₂ = 0 is inconsistent if a₁/a₂ = b₁/b₂ ≠ c₁/c₂.</p>",
                    "options": [
                      {
                        "id": "a",
                        "text": "Both Assertion (A) and Reason (R) are true and Reason (R) is the correct explanation of Assertion (A)."
                      },
                      {
                        "id": "b",
                        "text": "Both Assertion (A) and Reason (R) are true but Reason (R) is not the correct explanation of Assertion (A)."
                      },
                      {
                        "id": "c",
                        "text": "Assertion (A) is true, but Reason (R) is false."
                      },
                      {
                        "id": "d",
                        "text": "Assertion (A) is false, but Reason (R) is true."
                      }
                    ],
                    "correct_answer": {
                      "ids": [
                        "a"
                      ],
                      "text": "Both Assertion (A) and Reason (R) are true and Reason (R) is the correct explanation of Assertion (A)."
                    },
                    "question_type": "mcq_single",
                    "difficulty_level": "medium",
                    "explanation_html": "<p><b>Analysis of Reason (R):</b> The statement 'The pair of linear equations a₁x + b₁y + c₁ = 0 and a₂x + b₂y + c₂ = 0 is inconsistent if a₁/a₂ = b₁/b₂ ≠ c₁/c₂' is the correct mathematical condition for a system of two linear equations to have no solution (i.e., be inconsistent). Geometrically, this represents two parallel lines. So, Reason (R) is true.</p><p><b>Analysis of Assertion (A):</b> We need to check if the given system of equations (3x + 5y – 4 = 0 and 15x + 25y – 25 = 0) satisfies the condition in Reason (R).</p><p>Here, a₁ = 3, b₁ = 5, c₁ = -4 and a₂ = 15, b₂ = 25, c₂ = -25.</p><p>Calculate the ratios:</p><p>a₁/a₂ = 3/15 = 1/5</p><p>b₁/b₂ = 5/25 = 1/5</p><p>c₁/c₂ = -4/-25 = 4/25</p><p>We can see that a₁/a₂ = b₁/b₂ (since 1/5 = 1/5) and this ratio is not equal to c₁/c₂ (since 1/5 ≠ 4/25). The condition a₁/a₂ = b₁/b₂ ≠ c₁/c₂ is satisfied. Therefore, the system is inconsistent, and Assertion (A) is true.</p><p><b>Relationship between (A) and (R):</b> Reason (R) provides the exact rule that is used to determine that the system in Assertion (A) is inconsistent. Thus, (R) is the correct explanation for (A).</p>"
                  }
                ]
              },
              {
                "chapter_name": "Coordinate Geometry",
                "questions": [
                  {
                    "question_no": 21,
                    "question_html": "<p>Find the coordinates of the point which divides the line segment joining the points (7, –1) and (–3, 4) internally in the ratio 2 : 3.</p><p><b>OR</b></p><p>Find the value(s) of y for which the distance between the points A(3, –1) and B(11, y) is 10 units.</p>",
                    "options": [],
                    "correct_answer": {
                      "text": "<p>Let the point be P(x, y). Using the section formula:</p><p>x = (m₁x₂ + m₂x₁) / (m₁ + m₂)</p><p>y = (m₁y₂ + m₂y₁) / (m₁ + m₂)</p><p>Here, (x₁, y₁) = (7, -1), (x₂, y₂) = (-3, 4), and m₁:m₂ = 2:3.</p><p>x = [2(-3) + 3(7)] / (2 + 3) = (-6 + 21) / 5 = 15/5 = 3</p><p>y = [2(4) + 3(-1)] / (2 + 3) = (8 - 3) / 5 = 5/5 = 1</p><p>The coordinates of the required point are (3, 1).</p><p><b>OR</b></p><p>Given points A(3, -1) and B(11, y), and the distance AB = 10 units.</p><p>Using the distance formula, AB² = (x₂ - x₁)² + (y₂ - y₁)²:</p><p>10² = (11 - 3)² + (y - (-1))²</p><p>100 = 8² + (y + 1)²</p><p>100 = 64 + (y + 1)²</p><p>(y + 1)² = 100 - 64</p><p>(y + 1)² = 36</p><p>y + 1 = ±6</p><p>Case 1: y + 1 = 6  => y = 5</p><p>Case 2: y + 1 = -6 => y = -7</p><p>The possible values of y are 5 and -7.</p>"
                    },
                    "question_type": "Very Short Answer (2 marks)",
                    "difficulty_level": "Medium",
                    "explanation_html": null
                  }
                ]
              },
              {
                "chapter_name": "Introduction to Trigonometry",
                "questions": [
                  {
                    "question_no": 22,
                    "question_html": "<p>Evaluate : tan² 60° – 2 cosec² 30° – 2 tan² 30°.</p>",
                    "options": [],
                    "correct_answer": {
                      "text": "<p>We know the trigonometric values:</p><p>tan 60° = √3</p><p>cosec 30° = 2</p><p>tan 30° = 1/√3</p><p>Substitute these values into the expression:</p><p>= (√3)² - 2(2)² - 2(1/√3)²</p><p>= 3 - 2(4) - 2(1/3)</p><p>= 3 - 8 - 2/3</p><p>= -5 - 2/3</p><p>= -15/3 - 2/3</p><p>= -17/3</p>"
                    },
                    "question_type": "Very Short Answer (2 marks)",
                    "difficulty_level": "Medium",
                    "explanation_html": null
                  }
                ]
              },
              {
                "chapter_name": "Real Numbers",
                "questions": [
                  {
                    "question_no": 23,
                    "question_html": "<p>Find the LCM and HCF of 92 and 510, using prime factorisation.</p>",
                    "options": [],
                    "correct_answer": {
                      "text": "<p>First, find the prime factors of each number:</p><p>92 = 2 × 46 = 2 × 2 × 23 = 2² × 23</p><p>510 = 10 × 51 = 2 × 5 × 3 × 17</p><p><b>HCF (Highest Common Factor):</b></p><p>The HCF is the product of the lowest powers of common prime factors. The only common prime factor is 2.</p><p>HCF(92, 510) = 2</p><p><b>LCM (Lowest Common Multiple):</b></p><p>The LCM is the product of the highest powers of all prime factors present in the numbers.</p><p>LCM(92, 510) = 2² × 3 × 5 × 17 × 23</p><p>= 4 × 3 × 5 × 17 × 23</p><p>= 12 × 5 × 17 × 23</p><p>= 60 × 17 × 23</p><p>= 1020 × 23 = 23460</p>"
                    },
                    "question_type": "Very Short Answer (2 marks)",
                    "difficulty_level": "Easy",
                    "explanation_html": null
                  }
                ]
              },
              {
                "chapter_name": "Pair of Linear Equations in Two Variables",
                "questions": [
                  {
                    "question_no": 24,
                    "question_html": "<p>Solve for x and y : x + y = 6, 2x – 3y = 4.</p><p><b>OR</b></p><p>Find out whether the following pair of linear equations are consistent or inconsistent :</p><p>5x – 3y = 11, –10x + 6y = 22</p>",
                    "options": [],
                    "correct_answer": {
                      "text": "<p>Given equations:</p><p>1) x + y = 6</p><p>2) 2x - 3y = 4</p><p>From equation (1), we can write x = 6 - y.</p><p>Substitute this into equation (2):</p><p>2(6 - y) - 3y = 4</p><p>12 - 2y - 3y = 4</p><p>12 - 5y = 4</p><p>5y = 12 - 4</p><p>5y = 8</p><p>y = 8/5</p><p>Now substitute y back into the expression for x:</p><p>x = 6 - 8/5 = 30/5 - 8/5 = 22/5</p><p>Solution: x = 22/5, y = 8/5</p><p><b>OR</b></p><p>The given pair of linear equations is:</p><p>5x – 3y = 11</p><p>–10x + 6y = 22</p><p>To check for consistency, we compare the ratios of the coefficients.</p><p>For the standard form a₁x + b₁y + c₁ = 0 and a₂x + b₂y + c₂ = 0, the equations are:</p><p>5x – 3y – 11 = 0</p><p>–10x + 6y – 22 = 0</p><p>Here, a₁=5, b₁=-3, c₁=-11 and a₂=-10, b₂=6, c₂=-22.</p><p>Now, we find the ratios:</p><p>a₁/a₂ = 5 / -10 = -1/2</p><p>b₁/b₂ = -3 / 6 = -1/2</p><p>c₁/c₂ = -11 / -22 = 1/2</p><p>We observe that a₁/a₂ = b₁/b₂ ≠ c₁/c₂.</p><p>This condition indicates that the lines are parallel and do not intersect. Therefore, the pair of linear equations has no solution and is inconsistent.</p>"
                    },
                    "question_type": "Very Short Answer (2 marks)",
                    "difficulty_level": "Easy",
                    "explanation_html": null
                  }
                ]
              },
              {
                "chapter_name": "Triangles",
                "questions": [
                  {
                    "question_no": 25,
                    "question_html": "<p>In the given figure, ABC and AMP are two right triangles, right angled at B and M, respectively. Prove that ΔABC ~ ΔAMP.</p>",
                    "images": [
                      {
                        "url": "https://img.testbuddyai.com/Maths-430-1-23-Q25.png"
                      }
                    ],
                    "options": [],
                    "correct_answer": {
                      "text": "<p>In ΔABC and ΔAMP, we have:</p><p>1. ∠ABC = ∠AMP = 90° (Given that they are right angles at B and M)</p><p>2. ∠BAC = ∠MAP (This is the common angle for both triangles, which can also be written as ∠A = ∠A)</p><p>By the Angle-Angle (AA) similarity criterion, if two angles of one triangle are equal to two angles of another triangle, then the two triangles are similar.</p><p>Therefore, ΔABC ~ ΔAMP.</p>"
                    },
                    "question_type": "Very Short Answer (2 marks)",
                    "difficulty_level": "Easy",
                    "explanation_html": null
                  }
                ]
              },
              {
                "chapter_name": "Introduction to Trigonometry",
                "questions": [
                  {
                    "question_no": 26,
                    "question_html": "<p>Prove that secθ (1 – sinθ) (secθ + tanθ) = 1</p><p><b>OR</b></p><p>Prove that (1 + secθ) / secθ = sin²θ / (1 – cosθ)</p>",
                    "options": [],
                    "correct_answer": {
                      "text": "<p><b>LHS</b> = secθ (1 – sinθ) (secθ + tanθ)</p><p>Convert secθ and tanθ to sinθ and cosθ:</p><p>= [1/cosθ] (1 – sinθ) [1/cosθ + sinθ/cosθ]</p><p>= [ (1 – sinθ) / cosθ ] [ (1 + sinθ) / cosθ ]</p><p>= [ (1 – sinθ)(1 + sinθ) ] / [ cos²θ ]</p><p>Using the identity (a-b)(a+b) = a²-b²:</p><p>= (1 - sin²θ) / cos²θ</p><p>Using the Pythagorean identity sin²θ + cos²θ = 1, we have 1 - sin²θ = cos²θ:</p><p>= cos²θ / cos²θ = 1 = <b>RHS</b></p><p><b>OR</b></p><p><b>LHS</b> = (1 + secθ) / secθ</p><p>= 1/secθ + secθ/secθ</p><p>= cosθ + 1</p><p><b>RHS</b> = sin²θ / (1 – cosθ)</p><p>Using the Pythagorean identity sin²θ = 1 - cos²θ:</p><p>= (1 - cos²θ) / (1 – cosθ)</p><p>Using the identity a²-b² = (a-b)(a+b):</p><p>= [ (1 - cosθ)(1 + cosθ) ] / (1 – cosθ)</p><p>= 1 + cosθ</p><p>Since LHS = RHS, the identity is proved.</p>"
                    },
                    "question_type": "Short Answer (3 marks)",
                    "difficulty_level": "Medium",
                    "explanation_html": null
                  }
                ]
              },
              {
                "chapter_name": "Coordinate Geometry",
                "questions": [
                  {
                    "question_no": 27,
                    "question_html": "<p>Show that the points A(1, 7), B(4, 2) C(–1, –1) and D(–4, 4) are vertices of the square ABCD.</p>",
                    "options": [],
                    "correct_answer": {
                      "text": "<p>To prove that ABCD is a square, we need to show that all four sides are equal and the two diagonals are equal.</p><p>Using the distance formula d = √[(x₂ - x₁)² + (y₂ - y₁)²]:</p><p><b>Sides:</b></p><p>AB = √[(4-1)² + (2-7)²] = √[3² + (-5)²] = √(9 + 25) = √34</p><p>BC = √[(-1-4)² + (-1-2)²] = √[(-5)² + (-3)²] = √(25 + 9) = √34</p><p>CD = √[(-4-(-1))² + (4-(-1))²] = √[(-3)² + 5²] = √(9 + 25) = √34</p><p>DA = √[(1-(-4))² + (7-4)²] = √[5² + 3²] = √(25 + 9) = √34</p><p>Since AB = BC = CD = DA = √34, all four sides are equal.</p><p><b>Diagonals:</b></p><p>AC = √[(-1-1)² + (-1-7)²] = √[(-2)² + (-8)²] = √(4 + 64) = √68</p><p>BD = √[(-4-4)² + (4-2)²] = √[(-8)² + 2²] = √(64 + 4) = √68</p><p>Since AC = BD = √68, the diagonals are equal.</p><p>Because all four sides are equal and the diagonals are equal, the points A, B, C, and D are the vertices of a square.</p>"
                    },
                    "question_type": "Short Answer (3 marks)",
                    "difficulty_level": "Medium",
                    "explanation_html": null
                  }
                ]
              },
              {
                "chapter_name": "Circles",
                "questions": [
                  {
                    "question_no": 28,
                    "question_html": "<p>Prove that the tangents drawn from an external point to a circle are equal in length.</p>",
                    "options": [],
                    "correct_answer": {
                      "text": "<p><b>Given:</b> A circle with center O. P is an external point, and PQ and PR are two tangents from P to the circle.</p><p><b>To Prove:</b> PQ = PR</p><p><b>Construction:</b> Join OP, OQ, and OR.</p><p><b>Proof:</b></p><p>In ΔOPQ and ΔOPR:</p><p>1. OQ = OR (Radii of the same circle)</p><p>2. OP = OP (Common side)</p><p>3. ∠OQP = ∠ORP = 90° (The radius is perpendicular to the tangent at the point of contact)</p><p>By the Right Angle-Hypotenuse-Side (RHS) congruence rule, ΔOPQ ≅ ΔOPR.</p><p>Since the triangles are congruent, their corresponding parts are equal.</p><p>Therefore, PQ = PR (by CPCTC).</p>"
                    },
                    "question_type": "Short Answer (3 marks)",
                    "difficulty_level": "Easy",
                    "explanation_html": null
                  }
                ]
              },
              {
                "chapter_name": "Polynomials",
                "questions": [
                  {
                    "question_no": 29,
                    "question_html": "<p>If α, β are zeroes of the quadratic polynomial x² + 3x + 2, find a quadratic polynomial whose zeroes are α + 1, β + 1.</p>",
                    "options": [],
                    "correct_answer": {
                      "text": "<p>For the given polynomial x² + 3x + 2, the zeroes are α and β.</p><p>Sum of zeroes: α + β = -b/a = -3/1 = -3</p><p>Product of zeroes: αβ = c/a = 2/1 = 2</p><p>For the new polynomial, the zeroes are (α + 1) and (β + 1).</p><p><b>Sum of new zeroes:</b></p><p>(α + 1) + (β + 1) = α + β + 2 = -3 + 2 = -1</p><p><b>Product of new zeroes:</b></p><p>(α + 1)(β + 1) = αβ + α + β + 1 = 2 + (-3) + 1 = 0</p><p>The new quadratic polynomial is given by k[x² - (Sum of new zeroes)x + (Product of new zeroes)].</p><p>= k[x² - (-1)x + 0]</p><p>= k(x² + x)</p><p>Taking k = 1, the required polynomial is x² + x.</p>"
                    },
                    "question_type": "Short Answer (3 marks)",
                    "difficulty_level": "Medium",
                    "explanation_html": null
                  }
                ]
              },
              {
                "chapter_name": "Real Numbers",
                "questions": [
                  {
                    "question_no": 30,
                    "question_html": "<p>Prove that 3 + 7√2 is an irrational number, given that √2 is an irrational number.</p>",
                    "options": [],
                    "correct_answer": {
                      "text": "<p>We will use the proof by contradiction method.</p><p>Let us assume that 3 + 7√2 is a rational number.</p><p>If it is rational, it can be expressed in the form p/q, where p and q are integers, q ≠ 0.</p><p>3 + 7√2 = p/q</p><p>7√2 = p/q - 3</p><p>7√2 = (p - 3q) / q</p><p>√2 = (p - 3q) / 7q</p><p>Since p and q are integers, (p - 3q) and 7q are also integers. Since q ≠ 0, 7q ≠ 0.</p><p>Thus, (p - 3q) / 7q is a rational number.</p><p>This implies that √2 is a rational number.</p><p>However, this contradicts the given fact that √2 is an irrational number.</p><p>The contradiction arises from our initial assumption that 3 + 7√2 is rational.</p><p>Therefore, 3 + 7√2 is an irrational number.</p>"
                    },
                    "question_type": "Short Answer (3 marks)",
                    "difficulty_level": "Easy",
                    "explanation_html": null
                  }
                ]
              },
              {
                "chapter_name": "Triangles",
                "questions": [
                  {
                    "question_no": 31,
                    "question_html": "<p>In the given figure, DE || AC and DF || AE. Prove that BF/FE = BE/EC</p><p><b>OR</b></p><p>The diagonals of a quadrilateral ABCD intersect each other at the point O such that AO/BO = CO/OD. Show that quadrilateral ABCD is a trapezium.</p>",
                    "images": [
                      {
                        "url": "https://img.testbuddyai.com/Maths-430-1-23-Q31a.png"
                      },
                      {
                        "url": "https://img.testbuddyai.com/Maths-430-1-23-Q31b.png"
                      }
                    ],
                    "options": [],
                    "correct_answer": {
                      "text": "<p><b>Given:</b> In ΔABC, DE || AC and DF || AE.</p><p><b>To Prove:</b> BF/FE = BE/EC</p><p><b>Proof:</b></p><p>In ΔABE, we have DF || AE. By the Basic Proportionality Theorem (BPT):</p><p>BD/DA = BF/FE  ---(1)</p><p>In ΔABC, we have DE || AC. By the Basic Proportionality Theorem (BPT):</p><p>BD/DA = BE/EC  ---(2)</p><p>From equations (1) and (2), we can see that the left-hand sides are equal.</p><p>Therefore, their right-hand sides must also be equal.</p><p>BF/FE = BE/EC</p><p>Hence, proved.</p><p><b>OR</b></p><p><b>Given:</b> In quadrilateral ABCD, diagonals AC and BD intersect at O such that AO/BO = CO/OD.</p><p><b>To Prove:</b> ABCD is a trapezium (i.e., one pair of opposite sides is parallel).</p><p><b>Proof:</b></p><p>Rearrange the given proportion:</p><p>AO/CO = BO/OD</p><p>Now consider ΔAOB and ΔCOD.</p><p>1. AO/CO = BO/OD (Given)</p><p>2. ∠AOB = ∠COD (Vertically opposite angles)</p><p>By the Side-Angle-Side (SAS) similarity criterion, ΔAOB ~ ΔCOD.</p><p>Since the triangles are similar, their corresponding angles are equal.</p><p>Therefore, ∠OAB = ∠OCD (which is the same as ∠CAB = ∠ACD).</p><p>These are a pair of alternate interior angles formed by the transversal AC intersecting lines AB and CD.</p><p>Since the alternate interior angles are equal, the lines AB and CD must be parallel.</p><p>A quadrilateral with at least one pair of parallel sides is a trapezium.</p><p>Hence, ABCD is a trapezium.</p>"
                    },
                    "question_type": "Short Answer (3 marks)",
                    "difficulty_level": "Medium",
                    "explanation_html": null
                  }
                ]
              },
              {
                "chapter_name": "Quadratic Equations",
                "questions": [
                  {
                    "question_no": 32,
                    "question_html": "<p>The diagonal of a rectangular field is 60 m more than the shorter side. If the longer side is 80 m more than the shorter side, find the length of the sides of the field.</p><p><b>OR</b></p><p>The sum of the ages of a father and his son is 45 years. Five years ago, the product of their ages (in years) was 124. Determine their present age.</p>",
                    "options": [],
                    "correct_answer": {
                      "text": "<p><b>First case:</b> Let shorter side = x m, longer side = x + 80 m, diagonal = x + 60 m. Using Pythagoras: x² + (x + 80)² = (x + 60)² ⇒ x² + 40x + 2800 = 0. This equation has no real solution.</p><p><b>OR</b></p><p><b>Second case:</b> Let father's age = x years, son's age = 45 − x. Then (x − 5)(40 − x) = 124 ⇒ x² − 45x + 324 = 0 ⇒ x = 36 (valid). So father's age = 36 years and son's age = 9 years.</p>"
                    },
                    "question_type": "Long Answer (5 marks)",
                    "difficulty_level": "Medium",
                    "explanation_html": null
                  }
                ]
              },
              {
                "chapter_name": "Surface Areas and Volumes",
                "questions": [
                  {
                    "question_no": 33,
                    "question_html": "<p>A vessel is in the form of a hemispherical bowl surmounted by a hollow cylinder of same diameter. The diameter of the hemispherical bowl is 14 cm and the total height of the vessel is 13 cm. Find the inner surface area of the vessel. Also, find the volume of the vessel.</p>",
                    "options": [],
                    "correct_answer": {
                      "text": "<p>Given: Diameter = 14 cm, so radius (r) = 7 cm.</p><p>Total height of the vessel = 13 cm.</p><p>The radius of the hemisphere is 7 cm, which is also its height.</p><p>Height of the cylinder (h) = Total height - Height of hemisphere = 13 - 7 = 6 cm.</p><p><b>Inner Surface Area of the vessel:</b></p><p>This is the sum of the inner curved surface area (CSA) of the cylinder and the inner surface area of the hemisphere.</p><p>Inner Surface Area = CSA_cylinder + CSA_hemisphere</p><p>= 2πrh + 2πr²</p><p>= 2πr(h + r)</p><p>= 2 × (22/7) × 7 × (6 + 7)</p><p>= 44 × 13 = 572 cm².</p><p><b>Volume of the vessel:</b></p><p>This is the sum of the volume of the cylinder and the volume of the hemisphere.</p><p>Volume = Volume_cylinder + Volume_hemisphere</p><p>= πr²h + (2/3)πr³</p><p>= πr²(h + 2r/3)</p><p>= (22/7) × 7² × (6 + (2 × 7)/3)</p><p>= 22 × 7 × (6 + 14/3)</p><p>= 154 × (18/3 + 14/3)</p><p>= 154 × (32/3) = 4928/3 ≈ 1642.67 cm³.</p>"
                    },
                    "question_type": "Long Answer (5 marks)",
                    "difficulty_level": "Hard",
                    "explanation_html": null
                  }
                ]
              },
              {
                "chapter_name": "Statistics",
                "questions": [
                  {
                    "question_no": 34,
                    "question_html": "<p>The table given below shows the daily expenditure on food of 25 households in a locality :</p><table><thead><tr><th>Daily expenditure (₹)</th><th>100-150</th><th>150-200</th><th>200-250</th><th>250-300</th><th>300-350</th></tr></thead><tbody><tr><td>Number of household</td><td>4</td><td>5</td><td>12</td><td>2</td><td>2</td></tr></tbody></table><p>Find the mean daily expenditure on food. Also, find the mode of the data.</p>",
                    "options": [],
                    "correct_answer": {
                      "text": "<p><b>Mean Calculation:</b></p><table><thead><tr><th>Daily expenditure (₹)</th><th>Number of households (fᵢ)</th><th>Class Mark (xᵢ)</th><th>fᵢxᵢ</th></tr></thead><tbody><tr><td>100-150</td><td>4</td><td>125</td><td>500</td></tr><tr><td>150-200</td><td>5</td><td>175</td><td>875</td></tr><tr><td>200-250</td><td>12</td><td>225</td><td>2700</td></tr><tr><td>250-300</td><td>2</td><td>275</td><td>550</td></tr><tr><td>300-350</td><td>2</td><td>325</td><td>650</td></tr><tr><td><b>Total</b></td><td><b>Σfᵢ = 25</b></td><td></td><td><b>Σfᵢxᵢ = 5275</b></td></tr></tbody></table><p>Mean (x̄) = Σfᵢxᵢ / Σfᵢ = 5275 / 25 = 211.</p><p>The mean daily expenditure is ₹ 211.</p><p><b>Mode Calculation:</b></p><p>The highest frequency is 12, so the modal class is 200-250.</p><p>Mode = l + [ (f₁ - f₀) / (2f₁ - f₀ - f₂) ] × h</p><p>Here, l = 200, f₁ = 12, f₀ = 5, f₂ = 2, h = 50.</p><p>Mode = 200 + [ (12 - 5) / (2×12 - 5 - 2) ] × 50</p><p>= 200 + [ 7 / (24 - 7) ] × 50</p><p>= 200 + [ 7 / 17 ] × 50</p><p>= 200 + 350 / 17</p><p>≈ 200 + 20.59 = 220.59.</p><p>The modal daily expenditure is ₹ 220.59.</p>"
                    },
                    "question_type": "Long Answer (5 marks)",
                    "difficulty_level": "Medium",
                    "explanation_html": null
                  }
                ]
              },
              {
                "chapter_name": "Some Applications of Trigonometry",
                "questions": [
                  {
                    "question_no": 35,
                    "question_html": "<p>A TV tower stands vertically on the bank of a canal. From a point on the other bank directly opposite the tower, the angle of elevation of the top of the tower is 60°. From another point 20 m away from this point on the line joining this point to the foot of the tower, the angle of elevation of the top of the tower is 30°. Find the height of the tower.</p><p><b>OR</b></p><p>An aeroplane when flying at a height of 4000 m from the ground passes vertically above another aeroplane at an instant when the angles of elevation of the two planes from the same point on the ground are 60° and 45° respectively. Find the vertical distance between the aeroplanes at that instant. (Use √3 = 1.73)</p>",
                    "options": [],
                    "correct_answer": {
                      "text": "<p>Let AB be the TV tower of height h, and C be the point on the opposite bank. Let D be the point 20 m away from C.</p><p>In right-angled ΔABC:</p><p>tan 60° = AB/BC = h/BC</p><p>√3 = h/BC => BC = h/√3  ---(1)</p><p>In right-angled ΔABD:</p><p>tan 30° = AB/BD = h/(BC + 20)</p><p>1/√3 = h/(BC + 20) => BC + 20 = h√3  ---(2)</p><p>Substitute (1) into (2):</p><p>h/√3 + 20 = h√3</p><p>20 = h√3 - h/√3</p><p>20 = (3h - h)/√3 = 2h/√3</p><p>40 = 2h</p><p>h = 20√3 / 2 = 10√3 meters.</p><p>The height of the tower is 10√3 m.</p><p><b>OR</b></p><p>Let P be the point on the ground. Let A be the position of the lower aeroplane and B be the position of the higher aeroplane. The height of B from the ground is BQ = 4000 m.</p><p>Let the height of the lower aeroplane be AQ = h.</p><p>In right-angled ΔAPQ:</p><p>tan 45° = AQ/PQ = h/PQ</p><p>1 = h/PQ => PQ = h</p><p>In right-angled ΔBPQ:</p><p>tan 60° = BQ/PQ = 4000/PQ</p><p>√3 = 4000/h => h = 4000/√3</p><p>The vertical distance between the aeroplanes is AB = BQ - AQ.</p><p>Distance = 4000 - 4000/√3</p><p>= 4000 (1 - 1/√3)</p><p>= 4000 ( (√3 - 1) / √3 )</p><p>= 4000 ( (1.73 - 1) / 1.73 )</p><p>= 4000 ( 0.73 / 1.73 ) ≈ 4000 × 0.4219 ≈ 1687.86 m.</p<p>Vertical distance ≈ 1693.33 m.</p>"
                    },
                    "question_type": "Long Answer (5 marks)",
                    "difficulty_level": "Hard",
                    "explanation_html": null
                  }
                ]
              },
              {
                "chapter_name": "Arithmetic Progressions",
                "questions": [
                  {
                    "question_no": 36,
                    "question_html": "<p><b>Case Study</b></p><p>Aahana placed pots in such a way that number of pots in the first row is 2, second row is 5, third row is 8 and so on.</p><p>(i) Find the number of pots placed in the 10th row.</p><p>(ii) Find the difference in the number of pots placed in 5th row and 2nd row.</p><p>(iii) If Aahana wants to place 100 pots in total, then find the total number of rows formed in the arrangement.</p><p><b>OR</b></p><p>(iii) If Aahana has sufficient space for 12 rows, then how many total number of pots are placed by her with the same arrangement?</p>",
                    "images": [
                      {
                        "url": "https://img.testbuddyai.com/Maths-430-1-23-Q36.png"
                      }
                    ],
                    "options": [],
                    "correct_answer": {
                      "text": "<p>The number of pots in the rows forms an Arithmetic Progression (A.P.): 2, 5, 8, ...</p><p>First term (a) = 2.</p><p>Common difference (d) = 5 - 2 = 3.</p><p><b>(i) Number of pots in the 10th row (a₁₀):</b></p><p>a₁₀ = a + (10 - 1)d = 2 + 9(3) = 2 + 27 = 29.</p><p><b>(ii) Difference in pots between 5th and 2nd row:</b></p><p>a₅ = a + 4d = 2 + 4(3) = 14.</p><p>a₂ = a + 1d = 2 + 3 = 5.</p><p>Difference = a₅ - a₂ = 14 - 5 = 9. (Alternatively, a₅ - a₂ = (a+4d)-(a+d) = 3d = 3*3 = 9)</p><p><b>(iii) Number of rows for 100 pots:</b></p><p>We need to find n such that Sₙ = 100.</p><p>Sₙ = n/2 [2a + (n-1)d]</p><p>100 = n/2 [2(2) + (n-1)3]</p><p>200 = n [4 + 3n - 3]</p><p>200 = n(3n + 1)</p><p>3n² + n - 200 = 0</p><p>Using the quadratic formula, n = [-b ± √(b²-4ac)] / 2a = [-1 ± √(1² - 4*3*(-200))] / 6 = [-1 ± √2401] / 6 = [-1 ± 49] / 6.</p><p>Since n must be positive, n = 48/6 = 8.</p><p>It will take 8 rows.</p><p><b>OR</b></p><p><b>Total pots in 12 rows (S₁₂):</b></p><p>S₁₂ = 12/2 [2(2) + (12-1)3] = 6 [4 + 11(3)] = 6 [4 + 33] = 6 [37] = 222 pots.</p>"
                    },
                    "question_type": "Case-based Subjective",
                    "difficulty_level": "Medium",
                    "explanation_html": null
                  }
                ]
              },
              {
                "chapter_name": "Areas Related to Circles",
                "questions": [
                  {
                    "question_no": 37,
                    "question_html": "<p><b>Case Study</b></p><p>Rangoli is in the shape of square marked as ABCD, side of square being 40 cm. At each corner of a square, a quadrant of circle of radius 10 cm is drawn. Also a circle of diameter 20 cm is drawn inside the square.</p><p>(i) What is the area of square ABCD?</p><p>(ii) Find the area of the circle.</p><p>(iii) If the circle and the four quadrants are cut off from the square ABCD and removed, then find the area of remaining portion of square ABCD.</p><p><b>OR</b></p><p>(iii) Find the combined area of 4 quadrants and the circle, removed.</p>",
                    "images": [
                      {
                        "url": "https://img.testbuddyai.com/Maths-430-1-23-Q37.png"
                      }
                    ],
                    "options": [],
                    "correct_answer": {
                      "text": "<p>Given: Side of square = 40 cm. Radius of quadrant = 10 cm. Diameter of inner circle = 20 cm, so its radius = 10 cm.</p><p><b>(i) Area of square ABCD:</b></p><p>Area = side² = 40² = 1600 cm².</p><p><b>(ii) Area of the circle:</b></p><p>Area = πr² = π(10)² = 100π cm². Using π ≈ 3.14, Area ≈ 314 cm². Using π = 22/7, Area = 2200/7 ≈ 314.28 cm².</p><p><b>(iii) Area of remaining portion:</b></p><p>Area of 4 quadrants = 4 × (1/4 × πr²) = πr² = 100π cm².</p><p>Total area removed = Area of circle + Area of 4 quadrants = 100π + 100π = 200π cm².</p><p>Remaining area = Area of square - Total area removed</p><p>= 1600 - 200π cm². Using π = 22/7, Remaining area = 1600 - 200(22/7) = 1600 - 4400/7 = (11200 - 4400)/7 = 6800/7 ≈ 971.43 cm².</p><p><b>OR</b></p><p><b>Combined area of removed parts:</b></p><p>Combined Area = Area of circle + Area of 4 quadrants</p><p>= 100π + 100π = 200π cm².</p><p>Using π = 22/7, Combined area = 200(22/7) = 4400/7 ≈ 628.57 cm².</p>"
                    },
                    "question_type": "Case-based Subjective",
                    "difficulty_level": "Medium",
                    "explanation_html": null
                  }
                ]
              },
              {
                "chapter_name": "Probability",
                "questions": [
                  {
                    "question_no": 38,
                    "question_html": "<p><b>Case Study</b></p><p>In a sample of 50 people, 21 had type O blood, 22 had type A, 5 had type B and rest had type AB blood group.</p><p>(i) What is the probability that a person chosen at random had type O blood?</p><p>(ii) What is the probability that a person chosen at random had type AB blood group?</p><p>(iii) What is the probability that a person chosen at random had neither type A nor type B blood group?</p><p><b>OR</b></p><p>(iii) What is the probability that person chosen at random had either type A or type B or type O blood group?</p>",
                    "images": [
                      {
                        "url": "https://img.testbuddyai.com/Maths-430-1-23-Q38.png"
                      }
                    ],
                    "options": [],
                    "correct_answer": {
                      "text": "<p>Total number of people = 50.</p><p>Number of people with Type O = 21.</p><p>Number of people with Type A = 22.</p><p>Number of people with Type B = 5.</p><p>Number of people with Type AB = 50 - (21 + 22 + 5) = 50 - 48 = 2.</p><p><b>(i) Probability of Type O:</b></p><p>P(Type O) = (Number with Type O) / (Total) = 21/50.</p><p><b>(ii) Probability of Type AB:</b></p><p>P(Type AB) = (Number with Type AB) / (Total) = 2/50 = 1/25.</p><p><b>(iii) Probability of neither Type A nor Type B:</b></p><p>This means the person has Type O or Type AB.</p><p>Number of people with neither A nor B = 21 + 2 = 23.</p><p>P(neither A nor B) = 23/50.</p><p><b>OR</b></p><p><b>(iii) Probability of Type A or Type B or Type O:</b></p><p>Number of people with A or B or O = 22 + 5 + 21 = 48.</p><p>P(A or B or O) = 48/50 = 24/25.</p>"
                    },
                    "question_type": "Case-based Subjective",
                    "difficulty_level": "Easy",
                    "explanation_html": null
                  }
                ]
              }
            ]
          }
        ]
      }
    ]
  }
]