[
  {
    "exam_name_actual": "CBSE Board - Class 12 - Science",
    "main_exam_id_name_ref": "CBSE Board - Class 12 - Science",
    "years": [
      {
        "year": "2023",
        "papers_or_subjects": [
          {
            "paper_name": "CBSE Class 12 Science (Biology) Paper 2023 (QP Code: 57/1/1)",
            "subject_name": "Biology",
            "chapters": [
              {
                "chapter_name": "Principles of Inheritance and Variation",
                "questions": [
                  {
                    "question_no": 1,
                    "question_html": "<p>Which one of the following processes results in the production of recombinants in future generations ?</p><p>(i) Mutation</p><p>(ii) Independent assortment during meiosis I</p><p>(iii) Independent assortment during meiosis II</p><p>(iv) Crossing over of bivalents</p>",
                    "options": [
                      {
                        "id": "a",
                        "text": "(iv) only"
                      },
                      {
                        "id": "b",
                        "text": "(ii) and (iv)"
                      },
                      {
                        "id": "c",
                        "text": "(i), (ii) and (iii)"
                      },
                      {
                        "id": "d",
                        "text": "(i), (ii), (iii) and (iv)"
                      }
                    ],
                    "correct_answer": {
                      "ids": [
                        "b"
                      ]
                    },
                    "question_type": "mcq_single",
                    "difficulty_level": "medium",
                    "explanation_html": "<p>Genetic recombination, the process that produces new combinations of alleles, primarily occurs through two mechanisms during meiosis: independent assortment of homologous chromosomes during Meiosis I, and crossing over between homologous chromosomes (bivalents). These processes shuffle the existing genetic material to create new combinations in the gametes, leading to recombinants in the offspring.</p>"
                  }
                ]
              },
              {
                "chapter_name": "Molecular Basis of Inheritance",
                "questions": [
                  {
                    "question_no": 2,
                    "question_html": "<p>Identify the region 'X', the factor 'Y' and the enzyme 'Z' involved in the process of transcription in prokaryote as shown in the schematic representation given below.</p>",
                    "images": [
                      {
                        "url": "https://img.testbuddyai.com/Biology-57-1-23-Q2.png"
                      }
                    ],
                    "options": [
                      {
                        "id": "a",
                        "text": "Region 'X': Terminator, Factor 'Y': Sigma (σ), Enzyme 'Z': RNA polymerase"
                      },
                      {
                        "id": "b",
                        "text": "Region 'X': Promoter, Factor 'Y': Rho (ρ), Enzyme 'Z': RNA polymerase"
                      },
                      {
                        "id": "c",
                        "text": "Region 'X': Promoter, Factor 'Y': Sigma (σ), Enzyme 'Z': RNA polymerase"
                      },
                      {
                        "id": "d",
                        "text": "Region 'X': Promoter, Factor 'Y': Sigma (σ), Enzyme 'Z': DNA polymerase"
                      }
                    ],
                    "correct_answer": {
                      "ids": [
                        "c"
                      ]
                    },
                    "question_type": "mcq_single",
                    "difficulty_level": "medium",
                    "explanation_html": "<p>In prokaryotic transcription, the process is initiated when the RNA polymerase enzyme binds to a specific DNA sequence called the promoter ('X'). This binding is facilitated by the sigma factor ('Y'), which recognizes the promoter sequence. The enzyme that synthesizes the RNA transcript is RNA polymerase ('Z'). Therefore, X is the Promoter, Y is the Sigma factor, and Z is RNA polymerase.</p>"
                  }
                ]
              },
              {
                "chapter_name": "Organisms and Populations",
                "questions": [
                  {
                    "question_no": 3,
                    "question_html": "<p>The status of the human population reflected in the human age pyramid given below is :</p>",
                    "images": [
                      {
                        "url": "https://img.testbuddyai.com/Biology-57-1-23-Q3.png"
                      }
                    ],
                    "options": [
                      {
                        "id": "a",
                        "text": "Declining population"
                      },
                      {
                        "id": "b",
                        "text": "Stable population"
                      },
                      {
                        "id": "c",
                        "text": "Expanding population"
                      },
                      {
                        "id": "d",
                        "text": "Extinct population"
                      }
                    ],
                    "correct_answer": {
                      "ids": [
                        "a"
                      ]
                    },
                    "question_type": "mcq_single",
                    "difficulty_level": "easy",
                    "explanation_html": "<p>The age pyramid shown has a narrower base (pre-reproductive age group) than the reproductive and post-reproductive age groups. This urn-shaped structure indicates that the number of young individuals is less than the older populations, signifying a lower birth rate and a future decrease in population size. This is characteristic of a declining population.</p>"
                  }
                ]
              },
              {
                "chapter_name": "Ecosystem",
                "questions": [
                  {
                    "question_no": 4,
                    "question_html": "<p>The graph plotted below is based on the data collected by biology students with respect to the levels of oxygen at the specific points in the river flowing outside their city. Which point in the graph indicates the entry of untreated sewage in the river ?</p>",
                    "images": [
                      {
                        "url": "https://img.testbuddyai.com/Biology-57-1-23-Q4.png"
                      }
                    ],
                    "options": [
                      {
                        "id": "a",
                        "text": "Point (i)"
                      },
                      {
                        "id": "b",
                        "text": "Point (ii)"
                      },
                      {
                        "id": "c",
                        "text": "Point (iii)"
                      },
                      {
                        "id": "d",
                        "text": "Point (iv)"
                      }
                    ],
                    "correct_answer": {
                      "ids": [
                        "b"
                      ]
                    },
                    "question_type": "mcq_single",
                    "difficulty_level": "medium",
                    "explanation_html": "<p>When untreated sewage is discharged into a river, the organic matter in it is decomposed by microorganisms. This process consumes a large amount of dissolved oxygen (DO), leading to a sharp drop in DO levels just downstream of the discharge point. In the graph, the dissolved oxygen level begins to fall sharply at Point (ii), indicating that this is the point of sewage entry.</p>"
                  }
                ]
              },
              {
                "chapter_name": "Biotechnology : Principles and Processes",
                "questions": [
                  {
                    "question_no": 5,
                    "question_html": "<p>Given below are two columns. In Column I is the list of four enzymes and in Column II is the list of functions of the given enzymes. Which one of the following options shows the enzymes matched with their respective functions correctly?</p><p><b>Column I (Enzyme)</b></p><p>P. DNA Ligase</p><p>Q. Restriction exonuclease</p><p>R. Taq polymerase</p><p>S. Restriction endonuclease</p><p><b>Column II (Function)</b></p><p>i. Removes nucleotides from ends of DNA</p><p>ii. Extends primer on a DNA template</p><p>iii. Joins the DNA fragments</p><p>iv. Cuts DNA at a specific position</p>",
                    "options": [
                      {
                        "id": "a",
                        "text": "P-i, Q-ii, R-iv, S-iii"
                      },
                      {
                        "id": "b",
                        "text": "P-iv, Q-iii, R-ii, S-i"
                      },
                      {
                        "id": "c",
                        "text": "P-i, Q-iv, R-iii, S-ii"
                      },
                      {
                        "id": "d",
                        "text": "P-iii, Q-i, R-ii, S-iv"
                      }
                    ],
                    "correct_answer": {
                      "ids": [
                        "d"
                      ]
                    },
                    "question_type": "mcq_single",
                    "difficulty_level": "medium",
                    "explanation_html": "<p>The correct matches are:</p><ul><li>P. DNA Ligase joins DNA fragments, so P matches with (iii).</li><li>Q. Restriction exonuclease removes nucleotides from the ends of a DNA strand, so Q matches with (i).</li><li>R. Taq polymerase is a DNA polymerase that extends primers on a DNA template, particularly in PCR, so R matches with (ii).</li><li>S. Restriction endonuclease cuts DNA at specific internal sites, so S matches with (iv).</li></ul><p>Therefore, the correct combination is P-iii, Q-i, R-ii, S-iv.</p>"
                  }
                ]
              },
              {
                "chapter_name": "Molecular Basis of Inheritance",
                "questions": [
                  {
                    "question_no": 6,
                    "question_html": "<p>Study the DNA profiles obtained as a result of DNA fingerprinting of a child 'X' and three individuals 1, 2 and 3. Which one of the following options shows the possible parents of the child 'X' ?</p>",
                    "images": [
                      {
                        "url": "https://img.testbuddyai.com/Biology-57-1-23-Q6.png"
                      }
                    ],
                    "options": [
                      {
                        "id": "a",
                        "text": "1 and 2"
                      },
                      {
                        "id": "b",
                        "text": "2 and 3"
                      },
                      {
                        "id": "c",
                        "text": "1 and 3"
                      },
                      {
                        "id": "d",
                        "text": "Only individual 3"
                      }
                    ],
                    "correct_answer": {
                      "ids": [
                        "c"
                      ]
                    },
                    "question_type": "mcq_single",
                    "difficulty_level": "medium",
                    "explanation_html": "<p>In DNA fingerprinting, a child inherits approximately half of their DNA bands from their biological mother and the other half from their biological father. By comparing the DNA profile of child 'X' with the profiles of individuals 1, 2, and 3, we can see that every band in child 'X's profile matches a band from either individual 1 or individual 3. This indicates that individuals 1 and 3 are the most likely biological parents of child 'X'.</p>"
                  }
                ]
              },
              {
                "chapter_name": "Evolution",
                "questions": [
                  {
                    "question_no": 7,
                    "question_html": "<p>Select the option that gives the correct description of the process of Natural Selection with respect to the length of the neck of giraffe.</p>",
                    "images": [
                      {
                        "url": "https://img.testbuddyai.com/Biology-57-1-23-Q7.png"
                      }
                    ],
                    "options": [
                      {
                        "id": "a",
                        "text": "Stabilising selection as giraffes with longer neck lengths are selected further."
                      },
                      {
                        "id": "b",
                        "text": "Disruptive selection as giraffes with smaller and longer neck lengths are selected."
                      },
                      {
                        "id": "c",
                        "text": "Directional selection as giraffes with longer neck lengths are selected."
                      },
                      {
                        "id": "d",
                        "text": "Stabilising selection as giraffes with medium neck lengths are selected."
                      }
                    ],
                    "correct_answer": {
                      "ids": [
                        "c"
                      ]
                    },
                    "question_type": "mcq_single",
                    "difficulty_level": "easy",
                    "explanation_html": "<p>The evolution of the long neck in giraffes is a classic example of directional selection. This type of selection occurs when environmental pressures favor individuals with an extreme phenotype. In the case of giraffes, individuals with longer necks had a survival advantage as they could reach food sources unavailable to those with shorter necks. Over time, this led to a shift in the population's average neck length towards the longer extreme.</p>"
                  }
                ]
              },
              {
                "chapter_name": "Sexual Reproduction in Flowering Plants",
                "questions": [
                  {
                    "question_no": 8,
                    "question_html": "<p>Choose the option that gives the correct number of pollen grains that will be formed after 325 microspore mother cells undergo microsporogenesis.</p>",
                    "options": [
                      {
                        "id": "a",
                        "text": "325"
                      },
                      {
                        "id": "b",
                        "text": "650"
                      },
                      {
                        "id": "c",
                        "text": "1300"
                      },
                      {
                        "id": "d",
                        "text": "975"
                      }
                    ],
                    "correct_answer": {
                      "ids": [
                        "c"
                      ]
                    },
                    "question_type": "mcq_single",
                    "difficulty_level": "easy",
                    "explanation_html": "<p>During microsporogenesis, each diploid microspore mother cell (MMC) undergoes meiosis to produce a tetrad of four haploid microspores. Each of these microspores then develops into a pollen grain. Therefore, the total number of pollen grains formed is the number of MMCs multiplied by 4. So, 325 MMCs will produce 325 × 4 = 1300 pollen grains.</p>"
                  }
                ]
              },
              {
                "chapter_name": "Reproductive Health",
                "questions": [
                  {
                    "question_no": 9,
                    "question_html": "<p>Given below are two columns. In Column I the names of four contraceptive devices are given and in Column II the modes of action of the contraceptives are given. Select the option where the contraceptive devices are correctly matched with their respective modes of action.</p><p><b>Column I (Contraceptive devices)</b></p><p>P. Lippes loop</p><p>Q. Multiload 375</p><p>R. Subcutaneous Norplant</p><p>S. Saheli</p><p><b>Column II (Modes of action)</b></p><p>i. Inhibition of ovulation</p><p>ii. Phagocytosis of sperms in uterus</p><p>iii. Causes thickening of cervical mucous</p><p>iv. Makes cervix hostile to sperms</p>",
                    "options": [
                      {
                        "id": "a",
                        "text": "P-ii, Q-iv, R-iii, S-i"
                      },
                      {
                        "id": "b",
                        "text": "P-i, Q-ii, R-iii, S-iv"
                      },
                      {
                        "id": "c",
                        "text": "P-iii, Q-i, R-iv, S-ii"
                      },
                      {
                        "id": "d",
                        "text": "P-iv, Q-iii, R-ii, S-i"
                      }
                    ],
                    "correct_answer": {
                      "ids": [
                        "a"
                      ]
                    },
                    "question_type": "mcq_single",
                    "difficulty_level": "medium",
                    "explanation_html": "<p>The correct matches are:</p><ul><li><b>P. Lippes loop:</b> A non-medicated IUD that increases phagocytosis of sperms in the uterus (ii).</li><li><b>Q. Multiload 375:</b> A copper-releasing IUD. The Cu ions suppress sperm motility and fertilizing capacity, making the uterus hostile to sperms (iv).</li><li><b>R. Subcutaneous Norplant:</b> A progestin-only hormonal implant that primarily works by causing the thickening of cervical mucus (iii) and inhibiting ovulation.</li><li><b>S. Saheli:</b> A non-steroidal oral pill that acts as a selective estrogen receptor modulator, primarily working by inhibiting ovulation and implantation (i).</li></ul><p>Thus, the correct option is (a).</p>"
                  }
                ]
              },
              {
                "chapter_name": "Human Reproduction",
                "questions": [
                  {
                    "question_no": 10,
                    "question_html": "<p>In which one of the following options does the endocrine gland correctly match with its hormonal secretion and its function ?</p>",
                    "options": [
                      {
                        "id": "a",
                        "text": "Endocrine Gland: Sertoli cells, Hormone: Testosterone, Function: Development of secondary sexual characteristics"
                      },
                      {
                        "id": "b",
                        "text": "Endocrine Gland: Placenta, Hormone: Estrogen, Function: Initiates secretion of milk"
                      },
                      {
                        "id": "c",
                        "text": "Endocrine Gland: Leydig cells, Hormone: Androgen, Function: Initiates the production of sperms"
                      },
                      {
                        "id": "d",
                        "text": "Endocrine Gland: Ovary, Hormone: FSH, Function: Stimulates follicular development"
                      }
                    ],
                    "correct_answer": {
                      "ids": [
                        "c"
                      ]
                    },
                    "question_type": "mcq_single",
                    "difficulty_level": "medium",
                    "explanation_html": "<p>Let's analyze the options:</p><ul><li>(a) Sertoli cells provide nourishment to developing sperm; testosterone is produced by Leydig cells and is responsible for secondary sexual characteristics.</li><li>(b) The placenta produces estrogen to maintain pregnancy; milk secretion is initiated by prolactin from the pituitary gland.</li><li>(c) Leydig cells (interstitial cells) in the testes secrete androgens (like testosterone), which are essential for initiating and maintaining spermatogenesis (sperm production). This is a correct match.</li><li>(d) The ovary produces estrogen and progesterone; FSH (Follicle-Stimulating Hormone) is secreted by the pituitary gland and acts on the ovary to stimulate follicular development.</li></ul>"
                  }
                ]
              },
              {
                "chapter_name": "Biotechnology : Principles and Processes",
                "questions": [
                  {
                    "question_no": 11,
                    "question_html": "<p>The organism used in construction of the first artificial recombinant DNA by Cohen and Boyer in 1972 was :</p>",
                    "options": [
                      {
                        "id": "a",
                        "text": "E. coli"
                      },
                      {
                        "id": "b",
                        "text": "Salmonella typhimurium"
                      },
                      {
                        "id": "c",
                        "text": "Agrobacterium tumefaciens"
                      },
                      {
                        "id": "d",
                        "text": "Bacillus thuringiensis"
                      }
                    ],
                    "correct_answer": {
                      "ids": [
                        "b"
                      ]
                    },
                    "question_type": "mcq_single",
                    "difficulty_level": "easy",
                    "explanation_html": "<p>Stanley Cohen and Herbert Boyer accomplished the construction of the first artificial recombinant DNA in 1972 by linking an antibiotic resistance gene with a native plasmid isolated from the bacterium *Salmonella typhimurium*. This recombinant plasmid was then transferred into *E. coli* for replication.</p>"
                  }
                ]
              },
              {
                "chapter_name": "Biotechnology and its Applications",
                "questions": [
                  {
                    "question_no": 12,
                    "question_html": "<p>Who among the following challenged the patent right granted to the University of Mississippi Medical Centre for 'use of turmeric in wound healing'?</p>",
                    "options": [
                      {
                        "id": "a",
                        "text": "Mr. Ajay Phadke"
                      },
                      {
                        "id": "b",
                        "text": "Ms. Vandana Shiva"
                      },
                      {
                        "id": "c",
                        "text": "Dr. Venugopalan"
                      },
                      {
                        "id": "d",
                        "text": "Dr. R.A. Mashelkar"
                      }
                    ],
                    "correct_answer": {
                      "ids": [
                        "d"
                      ]
                    },
                    "question_type": "mcq_single",
                    "difficulty_level": "medium",
                    "explanation_html": "<p>The patent for the use of turmeric in wound healing was challenged by the Council of Scientific and Industrial Research (CSIR), India, led by its Director-General, Dr. R.A. Mashelkar. They successfully argued that the use of turmeric for healing was part of India's traditional knowledge and therefore not a novel invention, leading to the revocation of the patent.</p>"
                  }
                ]
              },
              {
                "chapter_name": "Biotechnology and its Applications",
                "questions": [
                  {
                    "question_no": 13,
                    "question_html": "<p><b>Assertion (A) :</b> A patient of ADA deficiency undergoing treatment for gene therapy requires periodic infusion of genetically engineered lymphocytes.</p><p><b>Reason (R) :</b> Lymphocytes are immortal.</p>",
                    "options": [
                      {
                        "id": "a",
                        "text": "Both Assertion (A) and Reason (R) are true and Reason (R) is the correct explanation of the Assertion (A)."
                      },
                      {
                        "id": "b",
                        "text": "Both Assertion (A) and Reason (R) are true, but Reason (R) is not the correct explanation of the Assertion (A)."
                      },
                      {
                        "id": "c",
                        "text": "Assertion (A) is true, but Reason (R) is false."
                      },
                      {
                        "id": "d",
                        "text": "Assertion (A) is false, but Reason (R) is true."
                      }
                    ],
                    "correct_answer": {
                      "ids": [
                        "c"
                      ]
                    },
                    "question_type": "mcq_single",
                    "difficulty_level": "medium",
                    "explanation_html": "<p>Assertion (A) is true. Gene therapy for ADA deficiency involves introducing a functional ADA gene into the patient's lymphocytes and then infusing these cells back into the patient. Reason (R) is false. Lymphocytes have a limited lifespan and are not immortal. Because these genetically engineered cells eventually die, the patient requires periodic infusions to maintain a sufficient number of functional cells.</p>"
                  }
                ]
              },
              {
                "chapter_name": "Organisms and Populations",
                "questions": [
                  {
                    "question_no": 14,
                    "question_html": "<p><b>Assertion (A) :</b> A cattle egret and grazing cattle in close association is a classic example of commensalism.</p><p><b>Reason (R) :</b> As grazing cattle move through the field, they stir up and flush out insects from the vegetation that otherwise might be difficult for egrets to find and catch.</p>",
                    "options": [
                      {
                        "id": "a",
                        "text": "Both Assertion (A) and Reason (R) are true and Reason (R) is the correct explanation of the Assertion (A)."
                      },
                      {
                        "id": "b",
                        "text": "Both Assertion (A) and Reason (R) are true, but Reason (R) is not the correct explanation of the Assertion (A)."
                      },
                      {
                        "id": "c",
                        "text": "Assertion (A) is true, but Reason (R) is false."
                      },
                      {
                        "id": "d",
                        "text": "Assertion (A) is false, but Reason (R) is true."
                      }
                    ],
                    "correct_answer": {
                      "ids": [
                        "a"
                      ]
                    },
                    "question_type": "mcq_single",
                    "difficulty_level": "easy",
                    "explanation_html": "<p>Both the assertion and the reason are true, and the reason correctly explains the assertion. Commensalism is a type of interaction where one organism benefits while the other is unaffected. The cattle egret benefits by getting easy access to insects stirred up by the cattle's movement. The cattle, on the other hand, are neither harmed nor benefited by the presence of the egrets. The reason provides the exact mechanism for the egret's benefit, thus explaining the commensal relationship.</p>"
                  }
                ]
              },
              {
                "chapter_name": "Sexual Reproduction in Flowering Plants",
                "questions": [
                  {
                    "question_no": 15,
                    "question_html": "<p><b>Assertion (A) :</b> Endosperm is completely consumed during the development of embryo in ex-albuminous seeds.</p><p><b>Reason (R) :</b> Castor, pea and beans are all examples of ex-albuminous seeds.</p>",
                    "options": [
                      {
                        "id": "a",
                        "text": "Both Assertion (A) and Reason (R) are true and Reason (R) is the correct explanation of the Assertion (A)."
                      },
                      {
                        "id": "b",
                        "text": "Both Assertion (A) and Reason (R) are true, but Reason (R) is not the correct explanation of the Assertion (A)."
                      },
                      {
                        "id": "c",
                        "text": "Assertion (A) is true, but Reason (R) is false."
                      },
                      {
                        "id": "d",
                        "text": "Assertion (A) is false, but Reason (R) is true."
                      }
                    ],
                    "correct_answer": {
                      "ids": [
                        "c"
                      ]
                    },
                    "question_type": "mcq_single",
                    "difficulty_level": "medium",
                    "explanation_html": "<p>Assertion (A) is true; by definition, ex-albuminous (or non-endospermic) seeds are those in which the endosperm is fully utilized by the developing embryo, and food reserves are stored in the cotyledons. Reason (R) is false because while pea and beans are ex-albuminous, castor is an albuminous (endospermic) seed, meaning the endosperm persists in the mature seed.</p>"
                  }
                ]
              },
              {
                "chapter_name": "Principles of Inheritance and Variation",
                "questions": [
                  {
                    "question_no": 16,
                    "question_html": "<p><b>Assertion (A) :</b> Birds like pigeon have heterogametic females whereas the males are homogametic.</p><p><b>Reason (R) :</b> In pigeons, females have Z and W sex chromosomes whereas males have ZZ sex chromosomes.</p>",
                    "options": [
                      {
                        "id": "a",
                        "text": "Both Assertion (A) and Reason (R) are true and Reason (R) is the correct explanation of the Assertion (A)."
                      },
                      {
                        "id": "b",
                        "text": "Both Assertion (A) and Reason (R) are true, but Reason (R) is not the correct explanation of the Assertion (A)."
                      },
                      {
                        "id": "c",
                        "text": "Assertion (A) is true, but Reason (R) is false."
                      },
                      {
                        "id": "d",
                        "text": "Assertion (A) is false, but Reason (R) is true."
                      }
                    ],
                    "correct_answer": {
                      "ids": [
                        "a"
                      ]
                    },
                    "question_type": "mcq_single",
                    "difficulty_level": "easy",
                    "explanation_html": "<p>Both the assertion and the reason are true, and the reason is the correct explanation for the assertion. In birds, the sex determination system is of the ZW type. Females possess ZW sex chromosomes, making them heterogametic (producing two types of gametes). Males possess ZZ sex chromosomes, making them homogametic (producing one type of gamete). The reason correctly describes the genetic basis for this sex determination mechanism.</p>"
                  }
                ]
              },
              {
                "chapter_name": "Human Reproduction",
                "questions": [
                  {
                    "question_no": 17,
                    "question_html": "<p>The diagram given below shows a developmental stage of human embryo. Answer the following questions with reference to it :</p><p>(a) Identify and name the human embryonic stage shown.</p><p>(b) Mention its exact location in the normal pregnancy of a woman.</p><p>(c) Write one function of each of the two parts labelled 'X' and 'Y'.</p>",
                    "images": [
                      {
                        "url": "https://img.testbuddyai.com/Biology-57-1-23-Q17.png"
                      }
                    ],
                    "options": [],
                    "correct_answer": {
                      "text": "<p><b>(a)</b> The embryonic stage shown is the <b>Blastocyst</b>.</p><p><b>(b)</b> In a normal pregnancy, its exact location is embedded in the <b>endometrium (innermost layer) of the uterine wall</b>.</p><p><b>(c)</b></p><ul><li><b>Function of 'X' (Trophoblast/Outer layer):</b> It helps in the implantation of the embryo into the uterus and attaches it to the endometrium.</li><li><b>Function of 'Y' (Inner cell mass):</b> It gets differentiated to form the embryo proper.</li></ul>"
                    },
                    "question_type": "Very Short Answer (2 marks)",
                    "difficulty_level": "medium",
                    "explanation_html": null
                  }
                ]
              },
              {
                "chapter_name": "Sexual Reproduction in Flowering Plants",
                "questions": [
                  {
                    "question_no": 18,
                    "question_html": "<p>(a) From which end of the ovule, and how does the pollen tube gain its entry into the embryo sac of a Hibiscus flower ?</p><p>(b) State the fate of the male nuclei present in the pollen tube.</p>",
                    "options": [],
                    "correct_answer": {
                      "text": "<p><b>(a)</b> The pollen tube enters the ovule from the <b>micropylar end</b>. It enters the embryo sac through one of the <b>synergids</b>, guided by the filiform apparatus present in the synergids.</p><p><b>(b)</b> The pollen tube releases two male nuclei into the embryo sac. One male nucleus fuses with the egg cell nucleus to form the diploid zygote (syngamy). The other male nucleus fuses with the two polar nuclei in the central cell to form the triploid primary endosperm nucleus (triple fusion). This entire event is called double fertilization.</p>"
                    },
                    "question_type": "Very Short Answer (2 marks)",
                    "difficulty_level": "medium",
                    "explanation_html": null
                  }
                ]
              },
              {
                "chapter_name": "Biotechnology : Principles and Processes",
                "questions": [
                  {
                    "question_no": 19,
                    "question_html": "<p>(a) (i) Identify and name the structures 'A' and 'B' marked in the image given below :</p><p>(ii) State their importance in various biotechnology experiments.</p><p>OR</p><p>(b) Explain the process by which a bacterial cell can be made 'competent' to take up foreign DNA from its surroundings, using divalent cations and temperature treatment.</p>",
                    "images": [
                      {
                        "url": "https://img.testbuddyai.com/Biology-57-1-23-Q19a(i).png"
                      }
                    ],
                    "options": [],
                    "correct_answer": {
                      "text": "<p><b>(a) (i)</b></p><ul><li><b>A:</b> Plasmid / Circular DNA</li><li><b>B:</b> Bacteriophage</li></ul><p><b>(ii) Importance:</b> Both plasmids and bacteriophages are used as <b>cloning vectors</b> in biotechnology. They have the ability to carry a foreign gene into a host cell and can replicate independently of the host's chromosomal DNA, creating multiple copies of the desired gene.</p><p><b>OR</b></p><p><b>(b)</b> To make a bacterial cell competent, it is treated with a specific concentration of a divalent cation, such as calcium. This treatment increases the efficiency with which DNA enters the bacterium through pores in its cell wall. The recombinant DNA is then forced into such cells by first incubating the cells with the DNA on ice, followed by placing them briefly at 42°C (heat shock), and then putting them back on ice. This allows the bacteria to take up the recombinant DNA.</p>"
                    },
                    "question_type": "Very Short Answer (2 marks)",
                    "difficulty_level": "medium",
                    "explanation_html": null
                  }
                ]
              },
              {
                "chapter_name": "Ecosystem",
                "questions": [
                  {
                    "question_no": 20,
                    "question_html": "<p>Ecological pyramids give important information about the ecological system, but do have some limitations. List any two limitations of ecological pyramids.</p>",
                    "options": [],
                    "correct_answer": {
                      "text": "<p>Two limitations of ecological pyramids are:</p><ol><li>They do not take into account the same species belonging to two or more trophic levels.</li><li>They assume a simple food chain, which almost never exists in nature, and they do not accommodate a more realistic food web.</li><li>Saprophytes (decomposers) are not given any place in ecological pyramids, even though they play a vital role in the ecosystem.</li></ol>"
                    },
                    "question_type": "Very Short Answer (2 marks)",
                    "difficulty_level": "easy",
                    "explanation_html": null
                  }
                ]
              },
              {
                "chapter_name": "Biodiversity and Conservation",
                "questions": [
                  {
                    "question_no": 21,
                    "question_html": "<p>India is the seventh largest country in the world in terms of total land area including land and water. Write the value of the land area of our country (in terms of percentage) of the world. Mention then, what makes India one of the 12 mega diversity countries of the world.</p>",
                    "options": [],
                    "correct_answer": {
                      "text": "<p>India's land area is <b>2.4 percent</b> of the world's total land area.</p><p>What makes India one of the 12 mega diversity countries is its impressive <b>8.1 percent share of the global species diversity</b>. Despite its smaller land area, the country is rich in a wide variety of ecosystems, which supports a vast array of flora and fauna.</p>"
                    },
                    "question_type": "Very Short Answer (2 marks)",
                    "difficulty_level": "easy",
                    "explanation_html": null
                  }
                ]
              },
              {
                "chapter_name": "Biotechnology : Principles and Processes",
                "questions": [
                  {
                    "question_no": 22,
                    "question_html": "<p>With the help of a schematic diagram only, show in three steps, the formation of recombinant DNA by the action of restriction endonuclease – EcoRI and DNA ligase.</p>",
                    "options": [],
                    "correct_answer": {
                      "text": "<p>The process involves these steps, which should be shown in a diagram:</p><ol><li><b>Step 1: Cutting DNA:</b> Both the foreign DNA (containing the gene of interest) and the vector DNA (e.g., a plasmid) are cut with the same restriction endonuclease, EcoRI. This creates complementary 'sticky ends' on both DNA molecules.</li><li><b>Step 2: Annealing:</b> The cut foreign DNA fragment is mixed with the cut vector DNA. The complementary sticky ends anneal (join through hydrogen bonds).</li><li><b>Step 3: Ligation:</b> The enzyme DNA ligase is added to form phosphodiester bonds, which permanently joins the DNA fragments, resulting in the formation of a recombinant DNA molecule.</li></ol>"
                    },
                    "question_type": "Short Answer (3 marks)",
                    "difficulty_level": "medium",
                    "explanation_html": null
                  }
                ]
              },
              {
                "chapter_name": "Principles of Inheritance and Variation",
                "questions": [
                  {
                    "question_no": 23,
                    "question_html": "<p>Study the given pedigree chart and answer the questions that follow.</p><p>(a) Is the trait given in the chart dominant or recessive ? Give reason in support of your answer.</p><p>(b) Is this trait autosomal or sex-linked ? Give reason in support of your answer.</p><p>(c) Write the possible genotypes of the children numbers '1' and '3' of the second generation.</p>",
                    "images": [
                      {
                        "url": "https://img.testbuddyai.com/Biology-57-1-23-Q23.png"
                      }
                    ],
                    "options": [],
                    "correct_answer": {
                      "text": "<p><b>(a)</b> The trait is <b>recessive</b>. This is because the parents in generation I are unaffected, yet they have affected offspring (child II-2) in the next generation. This pattern indicates that the parents must be heterozygous carriers for a recessive trait.</p><p><b>(b)</b> The trait is <b>autosomal</b>. Both males and females are affected, and an affected female (II-1) passes the trait to her son (III-2), but not necessarily to all sons if it were X-linked. Also, unaffected parents having an affected child is a hallmark of an autosomal recessive trait.</p><p><b>(c)</b> Let 'A' be the dominant allele and 'a' be the recessive allele. Since parents in generation I are carriers, their genotype is Aa.</p><ul><li><b>Child '1' (II-1):</b> She is affected, so her genotype must be <b>aa</b>.</li><li><b>Child '3' (II-3):</b> She is unaffected. Since her parents are both Aa, her possible genotypes are <b>AA</b> or <b>Aa</b>.</li></ul>"
                    },
                    "question_type": "Short Answer (3 marks)",
                    "difficulty_level": "hard",
                    "explanation_html": null
                  }
                ]
              },
              {
                "chapter_name": "Biotechnology and its Applications",
                "questions": [
                  {
                    "question_no": 24,
                    "question_html": "<p>(a) Write the characteristics of ‘stem cells'.</p><p>(b) From where can one obtain ‘stem cells' in humans ?</p><p>(c) State any two applications of 'stem cells' in curing human diseases.</p>",
                    "options": [],
                    "correct_answer": {
                      "text": "<p><b>(a) Characteristics of stem cells:</b> They are undifferentiated or unspecialised cells that have the ability of self-renewal (to divide and make more stem cells) and can differentiate into any kind of specialised cell, tissue, or organ.</p><p><b>(b) Sources of stem cells in humans:</b> One can obtain stem cells from the inner cell mass of the blastocyst (embryonic stem cells), umbilical cord blood, and adult tissues like bone marrow (adult stem cells).</p><p><b>(c) Two applications in curing human diseases:</b></p><ol><li>Treatment of diabetes by forming insulin-producing islet cells of Langerhans.</li><li>Treatment of genetic disorders like cystic fibrosis or haematological disorders by replacing faulty cells.</li></ol>"
                    },
                    "question_type": "Short Answer (3 marks)",
                    "difficulty_level": "medium",
                    "explanation_html": null
                  }
                ]
              },
              {
                "chapter_name": "Human Health and Disease",
                "questions": [
                  {
                    "question_no": 25,
                    "question_html": "<p>(a) Differentiate between malignant and benign tumours.</p><p>(b) Name and explain the most feared property of a malignant tumour.</p>",
                    "options": [],
                    "correct_answer": {
                      "text": "<p><b>(a) Differentiation between Malignant and Benign Tumours:</b></p><table border='1'><tr><td><b>Feature</b></td><td><b>Malignant Tumour</b></td><td><b>Benign Tumour</b></td></tr><tr><td>Growth Rate</td><td>Cells grow very rapidly.</td><td>Relatively slow growth.</td></tr><tr><td>Invasion</td><td>Invades and damages surrounding normal tissue.</td><td>Remains confined to the original location.</td></tr><tr><td>Spread</td><td>Shows metastasis (spreads to other parts of the body).</td><td>Does not show metastasis.</td></tr></table><p><b>(b) Most feared property: Metastasis</b>.</p><p><b>Explanation:</b> Metastasis is the property by which malignant tumour cells slough off from the primary tumour and reach distant sites through the blood or lymphatic system. Wherever they get lodged in the body, they start a new tumour there. This spread of cancer to new parts of the body makes it much harder to treat and is the primary cause of death from cancer.</p>"
                    },
                    "question_type": "Short Answer (3 marks)",
                    "difficulty_level": "medium",
                    "explanation_html": null
                  }
                ]
              },
              {
                "chapter_name": "Microbes in Human Welfare",
                "questions": [
                  {
                    "question_no": 26,
                    "question_html": "<p>Treatment of wastewater is done in a sewage treatment plant to make it less polluting. Explain the following with reference to this treatment process:</p><p>(a) Primary sludge</p><p>(b) Activated sludge</p><p>(c) Anaerobic sludge digesters</p>",
                    "options": [],
                    "correct_answer": {
                      "text": "<p><b>(a) Primary sludge:</b> This refers to all the solids, like soil and small pebbles, that settle down during the primary treatment of sewage water in the primary settling tank.</p><p><b>(b) Activated sludge:</b> This is the sediment produced during the secondary (or biological) treatment of sewage. It is composed of masses of aerobic bacteria and fungi (flocs) that have consumed the organic matter from the primary effluent. A part of this sludge is used as an inoculum for the next round of treatment.</p><p><b>(c) Anaerobic sludge digesters:</b> These are large tanks where the activated sludge is treated with anaerobic bacteria. These bacteria digest the organic matter, including the bacteria and fungi, in the sludge and produce a mixture of gases like methane, hydrogen sulphide, and carbon dioxide, collectively known as biogas.</p>"
                    },
                    "question_type": "Short Answer (3 marks)",
                    "difficulty_level": "medium",
                    "explanation_html": null
                  }
                ]
              },
              {
                "chapter_name": "Evolution",
                "questions": [
                  {
                    "question_no": 27,
                    "question_html": "<p>(a) Name the two primate ancestors of the present day humans, who existed approximately about 15 million years ago.</p><p>(b) According to geological records, when and where did Australopithecines live ?</p><p>(c) Give two differences between Homo habilis and Homo erectus.</p>",
                    "options": [],
                    "correct_answer": {
                      "text": "<p><b>(a)</b> The two primate ancestors from about 15 million years ago were <b>Dryopithecus</b> and <b>Ramapithecus</b>.</p><p><b>(b)</b> According to geological records, Australopithecines lived about <b>2 million years ago</b> in the <b>East African grasslands</b>.</p><p><b>(c) Two differences between *Homo habilis* and *Homo erectus*:</b></p><table border='1'><tr><td><b>Feature</b></td><td><b>Homo habilis</b></td><td><b>Homo erectus</b></td></tr><tr><td>Brain Capacity</td><td>Between 650-800 cc</td><td>Around 900 cc</td></tr><tr><td>Diet</td><td>Probably did not eat meat</td><td>Probably ate meat</td></tr></table>"
                    },
                    "question_type": "Short Answer (3 marks)",
                    "difficulty_level": "medium",
                    "explanation_html": null
                  }
                ]
              },
              {
                "chapter_name": "Reproductive Health",
                "questions": [
                  {
                    "question_no": 28,
                    "question_html": "<p>(a) (i) Expand the abbreviations given below, used for different modes of assisted reproductive technologies :</p><p>(1) ZIFT</p><p>(2) ICSI</p><p>(3) IUT</p><p>(4) GIFT</p><p>(ii) Which one of them cannot be considered as a procedure of IVF ? Give reasons in support of your answer.</p><p>OR</p><p>(b) Differentiate between the following :</p><p>(i) Perisperm and Pericarp</p><p>(ii) Syncarpous pistil and Apocarpous pistil</p><p>(iii) Plumule and Radicle</p>",
                    "options": [],
                    "correct_answer": {
                      "text": "<p><b>(a) (i) Expanded abbreviations:</b></p><ol><li><b>ZIFT:</b> Zygote Intrafallopian Transfer</li><li><b>ICSI:</b> Intracytoplasmic Sperm Injection</li><li><b>IUT:</b> Intra-Uterine Transfer</li><li><b>GIFT:</b> Gamete Intrafallopian Transfer</li></ol><p><b>(ii)</b> <b>GIFT</b> cannot be considered a procedure of IVF (In Vitro Fertilisation). The reason is that in GIFT, fertilization occurs *in vivo* (inside the female's fallopian tube), whereas IVF specifically refers to fertilization that occurs *in vitro* (outside the body in a laboratory).</p><p><b>OR</b></p><p><b>(b) Differentiations:</b></p><p><b>(i) Perisperm and Pericarp:</b></p><ul><li><b>Perisperm:</b> It is the persistent remnant of the nucellus in some seeds.</li><li><b>Pericarp:</b> It is the wall of the fruit, which develops from the wall of the ovary.</li></ul><p><b>(ii) Syncarpous pistil and Apocarpous pistil:</b></p><ul><li><b>Syncarpous pistil:</b> A pistil where the carpels are fused together.</li><li><b>Apocarpous pistil:</b> A pistil where the carpels are free.</li></ul><p><b>(iii) Plumule and Radicle:</b></p><ul><li><b>Plumule:</b> It is the part of the embryo that develops into the future shoot (stem, leaves).</li><li><b>Radicle:</b> It is the part of the embryo that develops into the future root system.</li></ul>"
                    },
                    "question_type": "Short Answer (3 marks)",
                    "difficulty_level": "medium",
                    "explanation_html": null
                  }
                ]
              },
              {
                "chapter_name": "Molecular Basis of Inheritance",
                "questions": [
                  {
                    "question_no": 29,
                    "question_html": "<p>Gene expresses itself in a cell system as a protein/enzyme. How does an expression of gene occur in a cell system and when does it need to occur, and how the gene expression is regulated in a prokaryote cell system was studied by the combined efforts of Jacque Monod, the biochemist and Francois Jacob, the geneticist. For their work on lactose metabolism in E. coli and introducing the concept of \"lac operon\" they were awarded the Nobel Prize in 1965.</p><p>(a) Why is lac operon said to be a transcriptionally regulated system ?</p><p>(b) It is said that “the lac operon has to be operational at a very low level in the bacterial cell all the time.\" Justify.</p><p>(c) Why is the regulator gene in lac operon marked as 'i' gene ?</p><p>(d) Draw a schematic diagram of lac operon in absence of inducer in the culture medium of the bacteria.</p><p>OR</p><p>(d) Draw a schematic diagram of lac operon in the presence of inducer in the culture medium of the bacteria.</p>",
                    "options": [],
                    "correct_answer": {
                      "text": "<p><b>(a)</b> The lac operon is considered a transcriptionally regulated system because the synthesis of mRNA from the structural genes is controlled by the binding of a repressor protein to the operator region. The presence or absence of the inducer (lactose) determines whether transcription occurs or not.</p><p><b>(b)</b> The lac operon must be operational at a very low level all the time so that a small amount of permease enzyme is always present in the cell. This permease is necessary to allow lactose to enter the cell and act as an inducer to switch on the operon when lactose becomes available.</p><p><b>(c)</b> The regulator gene is marked as the 'i' gene because it codes for a repressor protein that acts as an <b>inhibitor</b> of the operon's activity.</p><p><b>(d) In the absence of an inducer:</b> A diagram should be drawn showing the regulator gene (i) producing a repressor protein. This repressor protein binds to the operator region (o), physically blocking RNA polymerase from transcribing the structural genes (z, y, a).</p><p><b>OR</b></p><p><b>(d) In the presence of an inducer:</b> A diagram should be drawn showing the inducer (lactose) binding to the repressor protein and inactivating it. This prevents the repressor from binding to the operator. RNA polymerase is then free to transcribe the structural genes (z, y, a) into mRNA, which is then translated into enzymes.</p>"
                    },
                    "question_type": "Case-based Subjective",
                    "difficulty_level": "hard",
                    "explanation_html": null
                  }
                ]
              },
              {
                "chapter_name": "Biodiversity and Conservation",
                "questions": [
                  {
                    "question_no": 30,
                    "question_html": "<p>Study the diagrammatic representation given below of the Earth with regions marked 'A' and 'B' respectively. Answer the questions that follow.</p><p>(a) Write the observations made regarding the species diversity when moving from region 'A' to region 'B'. Give two reasons also.</p><p>(b) Stating the reason, mention the approximate number of bird species recorded in India.</p><p>OR</p><p>(b) Name the region in the world that records the greatest biodiversity and mention why.</p>",
                    "images": [
                      {
                        "url": "https://img.testbuddyai.com/Biology-57-1-23-Q30.png"
                      }
                    ],
                    "options": [],
                    "correct_answer": {
                      "text": "<p><b>(a) Observations:</b> When moving from region 'A' (near the equator/tropics) to region 'B' (towards the poles/temperate regions), species diversity <b>decreases</b>.</p><p><b>Two Reasons:</b></p><ol><li>Tropical environments (Region A) are less seasonal, more constant, and predictable, which promotes niche specialization and leads to greater species diversity.</li><li>Tropical regions receive more solar energy, which leads to higher productivity, which in turn might contribute to greater diversity.</li></ol><p><b>(b)</b> The approximate number of bird species recorded in India is more than <b>1200 species</b>.</p><p><b>Reason:</b> This high number is because much of India's land mass lies within the tropical latitudes, which are known to harbor greater species diversity compared to temperate or polar regions.</p><p><b>OR</b></p><p><b>(b) Region with greatest biodiversity:</b> The <b>Amazonian rainforest</b> in South America.</p><p><b>Reason:</b> It is the largest tropical rainforest in the world. Its location in the tropics provides a stable environment with high solar energy and productivity, which has allowed for immense speciation over a long evolutionary time, resulting in the greatest biodiversity on Earth.</p>"
                    },
                    "question_type": "Case-based Subjective",
                    "difficulty_level": "medium",
                    "explanation_html": null
                  }
                ]
              },
              {
                "chapter_name": "Molecular Basis of Inheritance",
                "questions": [
                  {
                    "question_no": 31,
                    "question_html": "<p>(a) Meselson and Stahl carried out an experiment to prove the nature of DNA replication. Recall the experiment and answer the following questions.</p><p>(i) Which two types of nitrogen were used by them in their experiment and why ?</p><p>(ii) Why did they take samples of E. coli at definite time intervals for their observation?</p><p>(iii) State the role of caesium chloride density gradient in their experiment.</p><p>(iv) Write the conclusions they arrived at.</p><p>OR</p><p>(b) (i) A true breeding tall pea plant with round seeds is crossed with a recessive dwarf pea plant having wrinkled seeds. Work out the cross up to F₂ generation giving the phenotypic ratios of F₁ and F₂ generation respectively.</p><p>(ii) State the Mendelian principle that can be derived only with the help of such a cross.</p>",
                    "options": [],
                    "correct_answer": {
                      "text": "<p><b>(a)</b></p><p><b>(i) Nitrogen types:</b> They used a heavy isotope of nitrogen, <b>¹⁵N</b>, and the normal, lighter isotope, <b>¹⁴N</b>. They were used to distinguish between the original parent DNA and the newly synthesized DNA strands based on their different densities.</p><p><b>(ii) Time intervals:</b> They took samples at intervals of 20 minutes because this is the generation time (time taken for one round of replication) of *E. coli*. This allowed them to analyze the composition of DNA after one, two, and subsequent generations.</p><p><b>(iii) Role of CsCl density gradient:</b> It was used in centrifugation to separate DNA molecules of different densities. Heavy DNA (containing ¹⁵N) formed a band at a lower position than light DNA (containing ¹⁴N), and hybrid DNA (one strand ¹⁵N, one strand ¹⁴N) formed an intermediate band.</p><p><b>(iv) Conclusion:</b> They concluded that DNA replication is <b>semi-conservative</b>, where each new DNA molecule consists of one parental strand and one newly synthesized strand.</p><p><b>OR</b></p><p><b>(b)</b></p><p><b>(i) Dihybrid Cross:</b></p><ul><li><b>Parental (P):</b> TTRR (Tall, Round) × ttrr (dwarf, wrinkled)</li><li><b>Gametes:</b> TR from one parent, tr from the other.</li><li><b>F₁ Generation:</b> All offspring are TtRr. Phenotype is <b>Tall, Round</b>.</li><li><b>F₂ Generation (from selfing F₁: TtRr × TtRr):</b></li><li><b>Phenotypic Ratio: 9 (Tall, Round) : 3 (Tall, wrinkled) : 3 (Dwarf, Round) : 1 (dwarf, wrinkled)</b></li></ul><p><b>(ii) Mendelian Principle:</b> The <b>Law of Independent Assortment</b> can be derived from this cross. It states that when two pairs of traits are combined in a hybrid, the segregation of one pair of characters is independent of the other pair of characters.</p>"
                    },
                    "question_type": "Long Answer (5 marks)",
                    "difficulty_level": "hard",
                    "explanation_html": null
                  }
                ]
              },
              {
                "chapter_name": "Human Health and Disease",
                "questions": [
                  {
                    "question_no": 32,
                    "question_html": "<p>(a) A time-bound vaccination programme is followed for the children in our country from their birth up to ten years of age. A graph plotted below shows the effect of the vaccination followed by infection by the same pathogen, and the antibody concentration in the blood of the child.</p><p>(i) Explain why the administration of a vaccine causes an increase in the antibody concentration.</p><p>(ii) If the child is infected with the same pathogen almost four months later, the antibody concentration in his/her blood increases very fast. Explain why.</p><p>(iii) A table given below gives information about different types of immunity and how they are attained. Identify 'P', 'Q', 'R', 'S' and 'T' in the table.</p><table border='1'><thead><tr><th></th><th>Type of immunity</th><th>Production of antibodies</th><th>Presence of memory cells</th><th>Mode attained</th></tr></thead><tbody><tr><td>(1)</td><td>Natural, active</td><td>Yes</td><td>'P'</td><td>'Q'</td></tr><tr><td>(2)</td><td>Natural, passive</td><td>No</td><td>'R'</td><td>Across the placenta during pregnancy/breast feeding</td></tr><tr><td>(3)</td><td>Acquired, active</td><td>'S'</td><td>Yes</td><td>Getting a vaccine during breast feeding</td></tr><tr><td>(4)</td><td>Acquired, passive</td><td>'T'</td><td>No</td><td>Getting an injection of antibodies</td></tr></tbody></table><p>OR</p><p>(b) (i) What is the chemical name of 'smack' ? Why is the consumption of smack considered as an abuse?</p><p>(ii) Name the source plant and one effect of the following drugs on the human body :</p><p>(1) Marijuana</p><p>(2) Cocaine</p><p>(3) Morphine</p>",
                    "images": [
                      {
                        "url": "https://img.testbuddyai.com/Biology-57-1-23-Q32a.png"
                      }
                    ],
                    "options": [],
                    "correct_answer": {
                      "text": "<p><b>(a)</b></p><p><b>(i)</b> The administration of a vaccine, which contains antigens (inactivated or weakened pathogens), stimulates the immune system. This triggers a primary immune response, where B-lymphocytes are activated to produce antibodies against that specific antigen.</p><p><b>(ii)</b> The initial vaccination not only produces antibodies but also generates memory B and T-cells. When the child is infected with the same pathogen later, these memory cells recognize the antigen and mount a highly intensified secondary or anamnestic immune response, leading to a very fast and massive production of antibodies.</p><p><b>(iii)</b></p><ul><li><b>P:</b> Yes (Memory cells are formed in active immunity).</li><li><b>Q:</b> Getting an infection.</li><li><b>R:</b> No (Memory cells are not formed in passive immunity).</li><li><b>S:</b> Yes (Antibodies are produced by the host).</li><li><b>T:</b> No (Antibodies are not produced by the host; they are pre-formed).</li></ul><p><b>OR</b></p><p><b>(b)</b></p><p><b>(i)</b> The chemical name of 'smack' is <b>Diacetylmorphine</b>. Its consumption is considered an abuse because it is a highly addictive opioid and a depressant that slows down body functions, leading to dependence and severe health problems.</p><p><b>(ii) Source plant and effect:</b></p><ol><li><b>Marijuana:</b> Source plant is *Cannabis sativa*. It affects the cardiovascular system of the body.</li><li><b>Cocaine:</b> Source plant is *Erythroxylum coca*. It interferes with the transport of the neurotransmitter dopamine, producing a sense of euphoria and increased energy.</li><li><b>Morphine:</b> Source plant is *Papaver somniferum* (Poppy). It acts as a depressant and an effective sedative and painkiller.</li></ol>"
                    },
                    "question_type": "Long Answer (5 marks)",
                    "difficulty_level": "hard",
                    "explanation_html": null
                  }
                ]
              },
              {
                "chapter_name": "Sexual Reproduction in Flowering Plants",
                "questions": [
                  {
                    "question_no": 33,
                    "question_html": "<p>(a) Study the diagram given below showing the modes of pollination. Answer the questions that follow.</p><p>(i) The given diagram shows three methods of pollen transfer in plants. What are the technical terms used for pollen transfer methods '1', '2' and '3' ?</p><p>(ii) How do the following plants achieve pollination successfully ?</p><p>(1) Water lily</p><p>(2) Vallisneria</p><p>(iii) Flowering plants have developed many devices to avoid inbreeding depression. Explain one hereditary and one physiological device which helps plants to achieve this target.</p><p>OR</p><p>(b) Observe the diagram given below showing the menstrual cycle of a normal human female and answer the questions that follow :</p><p>(i) What are the suitable technical terms used for the following ?</p><p>(1) Days 1-7</p><p>(2) Days 8-12</p><p>(3) Days 16-28</p><p>(4) Days 13-15</p><p>(ii) Explain the role of ovarian and pituitary hormones during the following time periods :</p><p>(1) Days 8-12</p><p>(2) Days 13-15</p><p>(3) Days 16-28</p>",
                    "images": [
                      {
                        "url": "https://img.testbuddyai.com/Biology-57-1-23-Q33a.png"
                      },
                      {
                        "url": "https://img.testbuddyai.com/Biology-57-1-23-Q33b.png"
                      }
                    ],
                    "options": [],
                    "correct_answer": {
                      "text": "<p><b>(a)</b></p><p><b>(i) Technical terms:</b></p><ul><li><b>1:</b> Xenogamy</li><li><b>2:</b> Geitonogamy</li><li><b>3:</b> Autogamy</li></ul><p><b>(ii) Pollination mechanisms:</b></p><ol><li><b>Water lily:</b> The flowers emerge above the surface of the water and are pollinated by insects or wind.</li><li><b>Vallisneria:</b> The female flowers reach the water surface on long stalks, while male flowers or pollen grains are released onto the water surface and carried by water currents to the female flowers.</li></ol><p><b>(iii) Devices to avoid inbreeding depression:</b></p><ul><li><b>Hereditary device:</b> Self-incompatibility. This is a genetic mechanism that prevents self-pollen (from the same flower or another flower of the same plant) from fertilizing the ovules by inhibiting pollen germination or pollen tube growth in the pistil.</li><li><b>Physiological device:</b> Dichogamy. In this mechanism, the pollen release and stigma receptivity are not synchronised. Either the pollen is released before the stigma becomes receptive (protandry) or the stigma becomes receptive much before the release of pollen (protogyny).</li></ul><p><b>OR</b></p><p><b>(b)</b></p><p><b>(i) Technical terms for phases:</b></p><ol><li><b>Days 1-7:</b> Menstrual period / Menstruation</li><li><b>Days 8-12:</b> Follicular phase / Proliferative phase</li><li><b>Days 16-28:</b> Luteal phase / Secretory phase</li><li><b>Days 13-15:</b> Ovulatory phase</li></ol><p><b>(ii) Role of hormones:</b></p><ol><li><b>Days 8-12 (Follicular phase):</b> Pituitary hormones (FSH and LH) stimulate follicular growth. The growing follicles secrete estrogen, which causes the proliferation of the uterine endometrium.</li><li><b>Days 13-15 (Ovulatory phase):</b> A rapid secretion of LH from the pituitary gland (LH surge) induces the rupture of the mature Graafian follicle, leading to the release of the ovum (ovulation).</li><li><b>Days 16-28 (Luteal phase):</b> The remaining parts of the Graafian follicle transform into the corpus luteum, which secretes large amounts of progesterone from the ovary. Progesterone is essential for maintaining the endometrium.</li></ol>"
                    },
                    "question_type": "Long Answer (5 marks)",
                    "difficulty_level": "hard",
                    "explanation_html": null
                  }
                ]
              }
            ]
          }
        ]
      }
    ]
  }
]