[
  {
    "exam_name_actual": "CBSE Board - Class 12 - Science",
    "main_exam_id_name_ref": "CBSE Board - Class 12 - Science",
    "years": [
      {
        "year": "2023",
        "papers_or_subjects": [
          {
            "paper_name": "CBSE Class 12 Science (Biology) Paper 2023 (QP Code: 57/3/1)",
            "subject_name": "Biology",
            "chapters": [
              {
                "chapter_name": "Principles of Inheritance and Variation",
                "questions": [
                  {
                    "question_no": 1,
                    "question_html": "<p>Choose the set of sex determining chromosomes that indicates the correct sex of the respective organism.</p>",
                    "options": [
                      {
                        "id": "a",
                        "text": "Homozygous sex chromosomes (ZZ) determine female sex in birds"
                      },
                      {
                        "id": "b",
                        "text": "XO type of sex chromosomes determine male sex in grasshoppers"
                      },
                      {
                        "id": "c",
                        "text": "XXY condition in humans, as found in Turner Syndrome, determines male sex"
                      },
                      {
                        "id": "d",
                        "text": "Homozygous sex chromosomes (XX) produce male sex in Drosophila"
                      }
                    ],
                    "correct_answer": {
                      "ids": [
                        "b"
                      ]
                    },
                    "question_type": "mcq_single",
                    "difficulty_level": "medium",
                    "explanation_html": "<p><b>Step-by-step derivation:</b></p><ol><li><b>Evaluate option (a):</b> In birds, the sex determination system is ZW-ZZ. Females are heterogametic (ZW) and males are homogametic (ZZ). Therefore, homozygous (ZZ) chromosomes determine the male sex, not female. This statement is incorrect.</li><li><b>Evaluate option (b):</b> In grasshoppers, the sex determination system is XX-XO. Females have two X chromosomes (XX), while males have only one (XO). Therefore, the XO type determines the male sex. This statement is correct.</li><li><b>Evaluate option (c):</b> The XXY condition in humans is Klinefelter Syndrome, not Turner Syndrome (which is XO). Turner Syndrome results in females. Therefore, the premise of the statement is incorrect.</li><li><b>Evaluate option (d):</b> In Drosophila, the sex determination system is XX-XY. Homozygous sex chromosomes (XX) produce a female, not a male. This statement is incorrect.</li></ol>"
                  }
                ]
              },
              {
                "chapter_name": "Molecular Basis of Inheritance",
                "questions": [
                  {
                    "question_no": 2,
                    "question_html": "<p>Given below is a list of steps Meselson and Stahl carried out in their experiment to prove that DNA replication is semi-conservative. Select the option that gives the correct sequence of steps followed by them.</p><p>(i) Bacteria transferred to a N<sup>14</sup> medium and sampled every 20 minutes.</p><p>(ii) All bacteria contain hybrid DNA (N<sup>14</sup> DNA and N<sup>15</sup> DNA).</p><p>(iii) Bacteria grown in N<sup>15</sup> medium for many generations.</p><p>(iv) All bacteria contain N<sup>15</sup> DNA.</p><p>(v) Bacteria contain either all N<sup>14</sup> DNA or all hybrid DNA.</p>",
                    "options": [
                      {
                        "id": "a",
                        "text": "(ii) → (iv) → (iii) → (i) → (v)"
                      },
                      {
                        "id": "b",
                        "text": "(i) → (ii) → (v) → (iv) → (iii)"
                      },
                      {
                        "id": "c",
                        "text": "(iii) → (iv) → (i) → (ii) → (v)"
                      },
                      {
                        "id": "d",
                        "text": "(iv) → (iii) → (ii) → (v) → (i)"
                      }
                    ],
                    "correct_answer": {
                      "ids": [
                        "c"
                      ]
                    },
                    "question_type": "mcq_single",
                    "difficulty_level": "medium",
                    "explanation_html": "<p><b>Step-by-step derivation:</b></p><ol><li><b>Step 1: Initial Culture (iii):</b> The experiment began by growing E. coli in a medium containing a heavy isotope of nitrogen, <sup>15</sup>NH<sub>4</sub>Cl, for many generations.</li><li><b>Step 2: Initial Observation (iv):</b> After step 1, the DNA of all bacteria became heavy, containing only N<sup>15</sup>.</li><li><b>Step 3: Transfer to New Medium (i):</b> The bacteria were then transferred into a medium with a normal, lighter isotope, <sup>14</sup>NH<sub>4</sub>Cl, and samples were taken at regular intervals (every 20 minutes).</li><li><b>Step 4: First Generation Observation (ii):</b> After one generation (20 minutes), the DNA extracted was found to be of hybrid density, meaning it contained both N<sup>14</sup> and N<sup>15</sup>.</li><li><b>Step 5: Second Generation Observation (v):</b> After the second generation (40 minutes), the extracted DNA showed two bands: one of hybrid density and one of light (N<sup>14</sup>) density.</li><li><b>Conclusion:</b> The correct chronological sequence of the experimental steps and observations is (iii) → (iv) → (i) → (ii) → (v).</li></ol>"
                  }
                ]
              },
              {
                "chapter_name": "Evolution",
                "questions": [
                  {
                    "question_no": 3,
                    "question_html": "<p>Identify the option that gives the correct type of evolution exhibited by the two animals shown, living in the same habitat in Australia.</p>",
                    "images": [
                      {
                        "url": "https://img.testbuddyai.com/Biology-57-3-23-Q3.png"
                      }
                    ],
                    "options": [
                      {
                        "id": "a",
                        "text": "Convergent Evolution"
                      },
                      {
                        "id": "b",
                        "text": "Disruptive Selection"
                      },
                      {
                        "id": "c",
                        "text": "Divergent Evolution"
                      },
                      {
                        "id": "d",
                        "text": "Homologous Ancestry"
                      }
                    ],
                    "correct_answer": {
                      "ids": [
                        "a"
                      ]
                    },
                    "question_type": "mcq_single",
                    "difficulty_level": "easy",
                    "explanation_html": "<p><b>Step-by-step derivation:</b></p><ol><li><b>Identify the animals:</b> The image shows a placental mouse and a marsupial mouse.</li><li><b>Analyze their origins:</b> Placental mammals and marsupial mammals belong to two different evolutionary lineages that diverged long ago.</li><li><b>Analyze their characteristics and habitat:</b> Despite their different ancestries, they have evolved very similar body forms, sizes, and ecological roles because they have adapted to similar habitats and lifestyles in Australia.</li><li><b>Define the type of evolution:</b> The process where two or more distinct species with different ancestries evolve similar traits to adapt to a similar environment is known as <b>convergent evolution</b>.</li><li><b>Conclusion:</b> The similarity between the placental mouse and the marsupial mouse is a classic example of convergent evolution.</li></ol>"
                  }
                ]
              },
              {
                "chapter_name": "Reproductive Health",
                "questions": [
                  {
                    "question_no": 4,
                    "question_html": "<p>A human male decides to adopt a surgical method for contraception. Identify the point in the diagram where a cut would be made and tied.</p>",
                    "images": [
                      {
                        "url": "https://img.testbuddyai.com/Biology-57-3-23-Q4.png"
                      }
                    ],
                    "options": [
                      {
                        "id": "a",
                        "text": "Point S"
                      },
                      {
                        "id": "b",
                        "text": "Point R"
                      },
                      {
                        "id": "c",
                        "text": "Point Q"
                      },
                      {
                        "id": "d",
                        "text": "Point P"
                      }
                    ],
                    "correct_answer": {
                      "ids": [
                        "c"
                      ]
                    },
                    "question_type": "mcq_single",
                    "difficulty_level": "easy",
                    "explanation_html": "<p><b>Step-by-step derivation:</b></p><ol><li><b>Identify the procedure:</b> The surgical method of contraception for males is called vasectomy.</li><li><b>Understand the mechanism:</b> Vasectomy involves cutting and tying the tubes that carry sperm from the testes to the urethra, thereby preventing sperm from being ejaculated.</li><li><b>Identify the labeled parts:</b> In the given diagram of the male reproductive system, point Q represents the vas deferens, the tube that transports sperm from the epididymis (R).</li><li><b>Conclusion:</b> Therefore, in a vasectomy, a cut is made and tied at point Q (vas deferens).</li></ol>"
                  }
                ]
              },
              {
                "chapter_name": "Human Reproduction",
                "questions": [
                  {
                    "question_no": 5,
                    "question_html": "<p>Which of the following options correctly matches the name of the hormone to its site of production in the human body ?</p><p><b>Name of the Hormone</b></p><p>P. Oxytocin</p><p>Q. Relaxin</p><p>R. hCG</p><p>S. Progesterone</p><p><b>Site of Production</b></p><p>i. Placenta</p><p>ii. Corpus Luteum</p><p>iii. Pituitary Gland</p><p>iv. Ovaries</p>",
                    "options": [
                      {
                        "id": "a",
                        "text": "P-i, Q-iii, R-ii, S-iv"
                      },
                      {
                        "id": "b",
                        "text": "P-i, Q-iv, R-iii, S-ii"
                      },
                      {
                        "id": "c",
                        "text": "P-iii, Q-iv, R-i, S-ii"
                      },
                      {
                        "id": "d",
                        "text": "P-ii, Q-iii, R-i, S-iv"
                      }
                    ],
                    "correct_answer": {
                      "ids": [
                        "c"
                      ]
                    },
                    "question_type": "mcq_single",
                    "difficulty_level": "medium",
                    "explanation_html": "<p><b>Step-by-step derivation:</b></p><ol><li><b>Match Hormone P (Oxytocin):</b> Oxytocin is synthesized in the hypothalamus and released from the posterior pituitary gland. So, P matches with (iii).</li><li><b>Match Hormone Q (Relaxin):</b> Relaxin is primarily produced by the ovaries (specifically the corpus luteum) during the menstrual cycle and later by the placenta during pregnancy. So, Q matches with (iv).</li><li><b>Match Hormone R (hCG):</b> Human chorionic gonadotropin (hCG) is produced by the placenta after implantation. So, R matches with (i).</li><li><b>Match Hormone S (Progesterone):</b> Progesterone is primarily produced by the corpus luteum in the ovary after ovulation. So, S matches with (ii).</li><li><b>Combine the matches:</b> The correct set of matches is P-iii, Q-iv, R-i, S-ii.</li></ol>"
                  }
                ]
              },
              {
                "chapter_name": "Sexual Reproduction in Flowering Plants",
                "questions": [
                  {
                    "question_no": 6,
                    "question_html": "<p>Which of the following seeds have remained alive for the longest period ?</p>",
                    "options": [
                      {
                        "id": "a",
                        "text": "Phoenix dactylifera"
                      },
                      {
                        "id": "b",
                        "text": "Striga asiatica"
                      },
                      {
                        "id": "c",
                        "text": "Mangifera indica"
                      },
                      {
                        "id": "d",
                        "text": "Yucca gigantea"
                      }
                    ],
                    "correct_answer": {
                      "ids": [
                        "a"
                      ]
                    },
                    "question_type": "mcq_single",
                    "difficulty_level": "medium",
                    "explanation_html": "<p><b>Step-by-step derivation:</b></p><ol><li><b>Recall knowledge about seed viability:</b> Seed viability refers to the ability of a seed to germinate under suitable conditions. Some seeds remain viable for only a few months, while others can survive for thousands of years.</li><li><b>Analyze the options:</b> The question asks for the seed with the longest known viability among the given choices.</li><li><b>Evaluate *Phoenix dactylifera* (Date Palm):</b> A viable seed of the date palm, dated to be 2000 years old, was discovered during an archaeological excavation at King Herod's palace near the Dead Sea and was successfully germinated. This is a record for long-term seed viability.</li><li><b>Evaluate other options:</b> While other seeds can be viable for long periods, the date palm is the most famous and well-documented example of extreme longevity among the choices provided. Mango (*Mangifera indica*) seeds, for instance, are recalcitrant and have very short viability.</li><li><b>Conclusion:</b> *Phoenix dactylifera* is the correct answer based on known records of seed longevity.</li></ol>"
                  }
                ]
              },
              {
                "chapter_name": "Human Health and Disease",
                "questions": [
                  {
                    "question_no": 7,
                    "question_html": "<p>Select the options which is/are incorrect statement(s) with respect to T-lymphocytes in the human body.</p><p>(i) They are a type of white blood cells.</p><p>(ii) They are produced in bone marrow.</p><p>(iii) They remain active at all times in the body.</p><p>(iv) They mature in the bone marrow.</p>",
                    "options": [
                      {
                        "id": "a",
                        "text": "(i) and (iv) only"
                      },
                      {
                        "id": "b",
                        "text": "(iii) only"
                      },
                      {
                        "id": "c",
                        "text": "(iv) only"
                      },
                      {
                        "id": "d",
                        "text": "(iii) and (iv) only"
                      }
                    ],
                    "correct_answer": {
                      "ids": [
                        "d"
                      ]
                    },
                    "question_type": "mcq_single",
                    "difficulty_level": "medium",
                    "explanation_html": "<p><b>Step-by-step derivation:</b></p><ol><li><b>Evaluate statement (i):</b> T-lymphocytes are a type of lymphocyte, which is a type of white blood cell. This statement is correct.</li><li><b>Evaluate statement (ii):</b> All blood cells, including the precursors of T-lymphocytes, are produced in the bone marrow from hematopoietic stem cells. This statement is correct.</li><li><b>Evaluate statement (iii):</b> T-lymphocytes are part of the adaptive immune system. They are in a naive state until they encounter their specific antigen, at which point they become activated. They are not 'active' at all times. This statement is incorrect.</li><li><b>Evaluate statement (iv):</b> T-lymphocytes originate in the bone marrow but migrate to the thymus gland for maturation. B-lymphocytes mature in the bone marrow. Therefore, this statement is incorrect.</li><li><b>Conclusion:</b> The incorrect statements are (iii) and (iv).</li></ol>"
                  }
                ]
              },
              {
                "chapter_name": "Biodiversity and Conservation",
                "questions": [
                  {
                    "question_no": 8,
                    "question_html": "<p>Human settlement often leads to habitat loss which leads to fragmentation, forming smaller patches of habitats. Select the statements that describe how a small patch differs from a large patch of the same habitat.</p><p>(i) Invasive species will never be seen here.</p><p>(ii) Population of large animals decreases.</p><p>(iii) Biodiversity decreases.</p><p>(iv) Competition from surrounding habitats increases.</p>",
                    "options": [
                      {
                        "id": "a",
                        "text": "(ii), (iii) and (iv) only"
                      },
                      {
                        "id": "b",
                        "text": "(ii) and (iv) only"
                      },
                      {
                        "id": "c",
                        "text": "(i) and (iii) only"
                      },
                      {
                        "id": "d",
                        "text": "(i), (ii) and (iii) only"
                      }
                    ],
                    "correct_answer": {
                      "ids": [
                        "a"
                      ]
                    },
                    "question_type": "mcq_single",
                    "difficulty_level": "hard",
                    "explanation_html": "<p><b>Step-by-step derivation:</b></p><ol><li><b>Analyze statement (i):</b> Smaller patches often have a larger 'edge-to-area' ratio, which can make them more vulnerable to invasion by non-native or invasive species from the surrounding modified landscape. The statement that they will 'never' be seen is incorrect.</li><li><b>Analyze statement (ii):</b> Large animals, especially predators and large herbivores, typically require large territories to find sufficient food and mates. Small, fragmented patches cannot support viable populations of such animals. This statement is correct.</li><li><b>Analyze statement (iii):</b> According to the species-area relationship in ecology, larger areas can support a greater number of species. Therefore, when a habitat is fragmented into smaller patches, the overall biodiversity decreases. This statement is correct.</li><li><b>Analyze statement (iv):</b> The increased 'edge effect' in smaller patches leads to greater interaction with the surrounding environment, which can increase competition from species adapted to the edge or the surrounding habitats. This statement is correct.</li><li><b>Conclusion:</b> The statements that correctly describe the differences are (ii), (iii), and (iv).</li></ol>"
                  }
                ]
              },
              {
                "chapter_name": "Organisms and Populations",
                "questions": [
                  {
                    "question_no": 9,
                    "question_html": "<p>Identify the option that does not exhibit a parasitic relationship.</p>",
                    "images": [
                      {
                        "url": "https://img.testbuddyai.com/Biology-57-3-23-Q9.png"
                      }
                    ],
                    "options": [
                      {
                        "id": "a",
                        "text": "Head lice in humans"
                      },
                      {
                        "id": "b",
                        "text": "Cuscuta on a mango tree"
                      },
                      {
                        "id": "c",
                        "text": "Female Anopheles"
                      },
                      {
                        "id": "d",
                        "text": "Ticks on dogs"
                      }
                    ],
                    "correct_answer": {
                      "ids": [
                        "c"
                      ]
                    },
                    "question_type": "mcq_single",
                    "difficulty_level": "medium",
                    "explanation_html": "<p><b>Step-by-step derivation:</b></p><ol><li><b>Define Parasitism:</b> A relationship where one organism (the parasite) lives on or in another organism (the host), causing it some harm, and is adapted structurally to this way of life.</li><li><b>Analyze option (a):</b> Head lice live on the human scalp and feed on blood, causing itching and potential infection. This is a classic example of ectoparasitism.</li><li><b>Analyze option (b):</b> *Cuscuta* (dodder) is a parasitic plant that wraps around a host plant (like a mango tree) and uses specialized structures called haustoria to extract water and nutrients. This is parasitism.</li><li><b>Analyze option (d):</b> Ticks are ectoparasites that attach to the skin of animals like dogs to feed on their blood, transmitting diseases in the process. This is parasitism.</li><li><b>Analyze option (c):</b> A female *Anopheles* mosquito takes a blood meal from humans, which is necessary for its egg development. However, this interaction is brief and the mosquito does not live on the host. In the context of malaria, the mosquito is the *vector* that transmits the *Plasmodium* parasite; the mosquito itself is not considered the parasite of humans in this relationship. Among the given choices, this is the one that deviates most from a typical parasitic relationship.</li></ol>"
                  }
                ]
              },
              {
                "chapter_name": "Microbes in Human Welfare",
                "questions": [
                  {
                    "question_no": 10,
                    "question_html": "<p>Identify the fungus that ripens the famous ‘Roquefort’ cheese :</p>",
                    "options": [
                      {
                        "id": "a",
                        "text": "Saccharomyces cerevisiae"
                      },
                      {
                        "id": "b",
                        "text": "Propionibacterium sharmanii"
                      },
                      {
                        "id": "c",
                        "text": "Penicillium roqueforti"
                      },
                      {
                        "id": "d",
                        "text": "Monascus purpureus"
                      }
                    ],
                    "correct_answer": {
                      "ids": [
                        "c"
                      ]
                    },
                    "question_type": "mcq_single",
                    "difficulty_level": "easy",
                    "explanation_html": "<p>Roquefort cheese is a blue-veined cheese produced by the action of the fungus <i>Penicillium roqueforti</i>. This fungus develops the characteristic flavor and texture of Roquefort cheese.</p><ul><li><i>Saccharomyces cerevisiae</i> is used in baking and alcohol fermentation.</li><li><i>Propionibacterium sharmanii</i> is used in Swiss cheese production.</li><li><i>Monascus purpureus</i> is used for producing statins.</li></ul><p><b>Correct answer: Penicillium roqueforti</b></p>"
                  }
                ]
              },
              {
                "chapter_name": "Biotechnology : Principles and Processes",
                "questions": [
                  {
                    "question_no": 11,
                    "question_html": "<p>The given schematic illustration shows three steps ‘P’, ‘Q’ and ‘R’ of the polymerase chain reaction. Which of the following statements are correct with reference to the illustration given above ?</p><p>(i) Step ‘P’ is showing denaturation at low temperature.</p><p>(ii) Step ‘Q’ is a denaturation of DNA strand at high temperature, followed by annealing.</p><p>(iii) Step ‘R’ is an extension of DNA in presence of thermostable DNA polymerase.</p><p>(iv) Step ‘Q’ is extension with two sets of primers.</p>",
                    "images": [
                      {
                        "url": "https://img.testbuddyai.com/Biology-57-3-23-Q11.png"
                      }
                    ],
                    "options": [
                      {
                        "id": "a",
                        "text": "(i) and (iii) only"
                      },
                      {
                        "id": "b",
                        "text": "(ii) and (iii) only"
                      },
                      {
                        "id": "c",
                        "text": "(ii) only"
                      },
                      {
                        "id": "d",
                        "text": "(i) only"
                      }
                    ],
                    "correct_answer": {
                      "ids": [
                        "b"
                      ]
                    },
                    "question_type": "mcq_single",
                    "difficulty_level": "hard",
                    "explanation_html": "<p>Denaturation in PCR occurs at high temperature, so statement (i) is incorrect. Step ‘Q’ represents the stage reached after denaturation followed by annealing, making statement (ii) correct. Step ‘R’ shows synthesis of DNA using thermostable DNA polymerase, so statement (iii) is correct. Extension does not occur in step ‘Q’, so statement (iv) is incorrect.</p>"
                  }
                ]
              },
              {
                "chapter_name": "Biotechnology and its Applications",
                "questions": [
                  {
                    "question_no": 12,
                    "question_html": "<p>DNA profiles of the child and three individuals 1, 2 and 3 who claim to be the parents of the child are given below. Select the option that shows the correct actual parent/parents of the child.</p>",
                    "images": [
                      {
                        "url": "https://img.testbuddyai.com/Biology-57-3-23-Q12.png"
                      }
                    ],
                    "options": [
                      {
                        "id": "a",
                        "text": "Individual 1 and 3"
                      },
                      {
                        "id": "b",
                        "text": "Individual 1 and 2"
                      },
                      {
                        "id": "c",
                        "text": "Individual 2 and 3"
                      },
                      {
                        "id": "d",
                        "text": "Individual 1 is the only parent of the child amongst 1, 2 and 3"
                      }
                    ],
                    "correct_answer": {
                      "ids": [
                        "a"
                      ]
                    },
                    "question_type": "mcq_single",
                    "difficulty_level": "medium",
                    "explanation_html": "<p><b>Step-by-step derivation:</b></p><ol><li><b>Understand the principle:</b> In DNA profiling for paternity testing, a child inherits approximately half of their DNA bands from their biological mother and the other half from their biological father. Therefore, every band in the child's profile (X) must be present in at least one of the parent's profiles.</li><li><b>Analyze the DNA bands:</b> Compare the bands of the child (X) with the bands of the potential parents (1, 2, and 3).</li><li><b>Test combination (1 and 2):</b> Check if every band in X can be found in either 1 or 2. The fifth band from the top in child X is not present in either individual 1 or 2. Therefore, they cannot be the parents.</li><li><b>Test combination (2 and 3):</b> Check if every band in X can be found in either 2 or 3. The second band from the top in child X is not present in either individual 2 or 3. Therefore, they cannot be the parents.</li><li><b>Test combination (1 and 3):</b><br>   - Band 1 (top): Matches 3.<br>   - Band 2: Matches 1.<br>   - Band 3: Matches 1.<br>   - Band 4: Matches 1.<br>   - Band 5: Matches 3.<br>   - Band 6: Matches 3.<br>   - Band 7: Matches 1.<br>   - Band 8: Matches 3.<br>   - Band 9 (bottom): Matches 1.<br>Since every band in the child's profile (X) is accounted for by either individual 1 or individual 3, they are the biological parents.</li></ol>"
                  }
                ]
              },
              {
                "chapter_name": "Principles of Inheritance and Variation",
                "questions": [
                  {
                    "question_no": 13,
                    "question_html": "<p><b>Assertion (A):</b> In humans the genotype with all the dominant alleles (AABBCC) will have the darkest skin colour.</p><p><b>Reason (R):</b> In a polygenic trait, phenotype reflects the contribution of each allele.</p>",
                    "options": [
                      {
                        "id": "a",
                        "text": "Both Assertion (A) and Reason (R) are true and Reason (R) is the correct explanation of the Assertion (A)."
                      },
                      {
                        "id": "b",
                        "text": "Both Assertion (A) and Reason (R) are true, but Reason (R) is not the correct explanation of the Assertion (A)."
                      },
                      {
                        "id": "c",
                        "text": "Assertion (A) is true, but Reason (R) is false."
                      },
                      {
                        "id": "d",
                        "text": "Assertion (A) is false, but Reason (R) is true."
                      }
                    ],
                    "correct_answer": {
                      "ids": [
                        "a"
                      ]
                    },
                    "question_type": "mcq_single",
                    "difficulty_level": "easy",
                    "explanation_html": "<p><b>Step-by-step derivation:</b></p><ol><li><b>Evaluate Assertion (A):</b> Human skin colour is a classic example of polygenic inheritance, where multiple genes control the trait. The dominant alleles (e.g., A, B, C) are responsible for melanin production. Therefore, an individual with a genotype containing all dominant alleles (AABBCC) will produce the maximum amount of melanin and have the darkest skin tone. The assertion is true.</li><li><b>Evaluate Reason (R):</b> The statement describes the nature of polygenic inheritance. Each allele contributes a small, additive effect to the final phenotype. The overall phenotype is the sum of all these contributions. The reason is true.</li><li><b>Establish the relationship:</b> The reason (the additive effect of each allele) provides the correct explanation for why the genotype with the most dominant alleles results in the most extreme phenotype (darkest skin). Therefore, the Reason is the correct explanation for the Assertion.</li></ol>"
                  }
                ]
              },
              {
                "chapter_name": "Evolution",
                "questions": [
                  {
                    "question_no": 14,
                    "question_html": "<p><b>Assertion (A):</b> The number of white winged moths decreased drastically after industrialisation in England.</p><p><b>Reason (R):</b> Effects of industrialisation were more marked in rural areas of England.</p>",
                    "options": [
                      {
                        "id": "a",
                        "text": "Both Assertion (A) and Reason (R) are true and Reason (R) is the correct explanation of the Assertion (A)."
                      },
                      {
                        "id": "b",
                        "text": "Both Assertion (A) and Reason (R) are true, but Reason (R) is not the correct explanation of the Assertion (A)."
                      },
                      {
                        "id": "c",
                        "text": "Assertion (A) is true, but Reason (R) is false."
                      },
                      {
                        "id": "d",
                        "text": "Assertion (A) is false, but Reason (R) is true."
                      }
                    ],
                    "correct_answer": {
                      "ids": [
                        "c"
                      ]
                    },
                    "question_type": "mcq_single",
                    "difficulty_level": "medium",
                    "explanation_html": "<p><b>Step-by-step derivation:</b></p><ol><li><b>Evaluate Assertion (A):</b> This statement describes the phenomenon of industrial melanism. After industrialization, pollution darkened the tree barks in industrial areas. The light-colored (white-winged) moths were no longer camouflaged and were easily preyed upon, leading to a drastic decrease in their population. The assertion is true.</li><li><b>Evaluate Reason (R):</b> The effects of industrialization, like soot and pollution, were concentrated in and around industrial cities. Rural areas remained largely unpolluted, and the tree barks there remained light-colored, where the white-winged moths continued to be well-camouflaged and abundant. Therefore, the statement that the effects were more marked in rural areas is false.</li><li><b>Conclusion:</b> Since Assertion (A) is true and Reason (R) is false, the correct option is (c).</li></ol>"
                  }
                ]
              },
              {
                "chapter_name": "Human Health and Disease",
                "questions": [
                  {
                    "question_no": 15,
                    "question_html": "<p><b>Assertion (A) :</b> More and more children in metro cities of India suffer from allergies and asthma due to sensitivity to the environment.</p><p><b>Reason (R) :</b> Modern day lifestyle and a protected environment in early life has resulted in lowering the immunity.</p>",
                    "options": [
                      {
                        "id": "a",
                        "text": "Both Assertion (A) and Reason (R) are true and Reason (R) is the correct explanation of the Assertion (A)."
                      },
                      {
                        "id": "b",
                        "text": "Both Assertion (A) and Reason (R) are true, but Reason (R) is not the correct explanation of the Assertion (A)."
                      },
                      {
                        "id": "c",
                        "text": "Assertion (A) is true, but Reason (R) is false."
                      },
                      {
                        "id": "d",
                        "text": "Assertion (A) is false, but Reason (R) is true."
                      }
                    ],
                    "correct_answer": {
                      "ids": [
                        "a"
                      ]
                    },
                    "question_type": "mcq_single",
                    "difficulty_level": "medium",
                    "explanation_html": "<p><b>Step-by-step derivation:</b></p><ol><li><b>Evaluate Assertion (A):</b> It is a widely observed trend that the incidence of allergies and asthma is increasing, particularly in urbanized and metropolitan areas. This is attributed to increased sensitivity to environmental factors like pollutants and allergens. The assertion is true.</li><li><b>Evaluate Reason (R):</b> This statement refers to the 'hygiene hypothesis'. It suggests that a modern lifestyle with excessive cleanliness and a protected environment in early life reduces exposure to microbes. This lack of early exposure can lead to an underdeveloped or improperly trained immune system, which may then overreact to harmless substances, leading to allergies. This is often described as a 'lowering of immunity' in the sense of its proper regulatory function. The reason is true.</li><li><b>Establish the relationship:</b> The hygiene hypothesis (Reason) is a leading scientific explanation for the rise in allergic diseases (Assertion). The modern lifestyle leading to a less robust immune response directly explains the increased sensitivity to environmental allergens. Therefore, the Reason is the correct explanation for the Assertion.</li></ol>"
                  }
                ]
              },
              {
                "chapter_name": "Organisms and Populations",
                "questions": [
                  {
                    "question_no": 16,
                    "question_html": "<p><b>Assertion (A):</b> The Mediterranean orchid Ophrys uses sexual deceit to get pollinated by a species of bee.</p><p><b>Reason (R):</b> The female bee changes its colour depending on the temperature of the area.</p>",
                    "options": [
                      {
                        "id": "a",
                        "text": "Both Assertion (A) and Reason (R) are true and Reason (R) is the correct explanation of the Assertion (A)."
                      },
                      {
                        "id": "b",
                        "text": "Both Assertion (A) and Reason (R) are true, but Reason (R) is not the correct explanation of the Assertion (A)."
                      },
                      {
                        "id": "c",
                        "text": "Assertion (A) is true, but Reason (R) is false."
                      },
                      {
                        "id": "d",
                        "text": "Assertion (A) is false, but Reason (R) is true."
                      }
                    ],
                    "correct_answer": {
                      "ids": [
                        "c"
                      ]
                    },
                    "question_type": "mcq_single",
                    "difficulty_level": "easy",
                    "explanation_html": "<p><b>Step-by-step derivation:</b></p><ol><li><b>Evaluate Assertion (A):</b> This statement is correct. The orchid *Ophrys* has a petal that mimics the appearance (size, color, markings) of a female bee. Male bees are deceived into thinking the flower is a female mate and attempt to 'pseudocopulate' with it. In this process, they pick up pollen from one flower and transfer it to another. This is a well-known example of co-evolution and sexual deceit.</li><li><b>Evaluate Reason (R):</b> This statement is incorrect. The mechanism of sexual deceit relies on the orchid petal's resemblance to the female bee, not on the female bee changing its color. The claim that the female bee changes its color with temperature is not related to this specific pollination strategy and is factually incorrect as an explanation.</li><li><b>Conclusion:</b> Since Assertion (A) is true and Reason (R) is false, the correct option is (c).</li></ol>"
                  }
                ]
              },
              {
                "chapter_name": "Sexual Reproduction in Flowering Plants",
                "questions": [
                  {
                    "question_no": 17,
                    "question_html": "<p>(a) Explain the process of the development of a male gametophyte in an angiosperm.<br>(b) Why is it called a male gametophyte ?</p>",
                    "options": [],
                    "correct_answer": {
                      "text": "<p><b>(a)</b> The development of a male gametophyte begins inside the anther. The sporogenous tissue cells differentiate into microspore mother cells (PMC), which are diploid. Each PMC undergoes meiotic division to form a microspore tetrad (four haploid microspores). As the anther matures, these microspores dissociate and develop into pollen grains. The pollen grain is the male gametophyte. It contains two cells: a large vegetative cell and a smaller generative cell. The generative cell later divides mitotically to form two male gametes.<br><br><b>(b)</b> It is called a male gametophyte because its generative cell divides to form two male gametes, which are the units of sexual reproduction.</p>"
                    },
                    "question_type": "Very Short Answer (2 marks)",
                    "difficulty_level": "medium",
                    "explanation_html": null
                  }
                ]
              },
              {
                "chapter_name": "Microbes in Human Welfare",
                "questions": [
                  {
                    "question_no": 18,
                    "question_html": "<p>(a) Write the first step the primary effluent undergoes when it enters the secondary treatment plant and state the purpose.<br>(b) What is the level of B.O.D indicative of in the secondary treatment plant ? Mention its significance.</p>",
                    "options": [],
                    "correct_answer": {
                      "text": "<p><b>(a) First Step and Purpose:</b> The primary effluent is passed into large aeration tanks where it is constantly agitated mechanically and air is pumped into it. The purpose is to allow the vigorous growth of useful aerobic microbes (bacteria and fungi) into flocs, which consume the organic matter present in the effluent.<br><br><b>(b) B.O.D Level and Significance:</b> The level of B.O.D (Biochemical Oxygen Demand) is a measure of the organic matter or polluting potential of the water. In the secondary treatment plant, the goal is to significantly reduce the B.O.D. A lower B.O.D level indicates that the water is less polluted and has been effectively treated. A greater B.O.D means the water is more polluted.</p>"
                    },
                    "question_type": "Very Short Answer (2 marks)",
                    "difficulty_level": "medium",
                    "explanation_html": null
                  }
                ]
              },
              {
                "chapter_name": "Ecosystem",
                "questions": [
                  {
                    "question_no": 19,
                    "question_html": "<p>Given below is a food web that involves nine organisms.<br>(a) Identify two producers and two carnivores shown in the food web.<br>(b) Is it possible to make an ecological pyramid depicting this food web ? Give reason in support of your answer.</p>",
                    "options": [],
                    "correct_answer": {
                      "text": "<p><b>(a)</b><br>   - <b>Producers:</b> 1, 2, 3 (any two)<br>   - <b>Carnivores:</b> 6, 7, 8, 9 (any two)<br><br><b>(b)</b> No, it is not possible to make a single ecological pyramid for this food web. A pyramid does not accommodate a food web where an organism may occupy more than one trophic level. For example, organism 9 feeds on organism 6 (secondary carnivore) and organism 8 (primary carnivore), placing it at multiple trophic levels.</p>"
                    },
                    "question_type": "Very Short Answer (2 marks)",
                    "difficulty_level": "medium",
                    "explanation_html": null
                  }
                ]
              },
              {
                "chapter_name": "Biodiversity and Conservation",
                "questions": [
                  {
                    "question_no": 20,
                    "question_html": "<p>Illustrate with the help of an example how introduction of an alien species turns invasive and causes decline of an indigenous species.</p>",
                    "options": [],
                    "correct_answer": {
                      "text": "<p>The introduction of an alien species can turn invasive and cause a decline in native species because the new habitat may lack the alien species' natural predators, allowing its population to grow unchecked. This leads to intense competition for resources, often displacing the native species.<br><br><b>Example:</b> The introduction of the Nile Perch into Lake Victoria in East Africa is a prime example. The Nile Perch is a large predatory fish. In its new environment, it preyed heavily on the native cichlid fish populations, which had no defense against this new predator. This led to the extinction of more than 200 species of cichlid fish in the lake, causing a catastrophic loss of indigenous biodiversity.</p>"
                    },
                    "question_type": "Very Short Answer (2 marks)",
                    "difficulty_level": "medium",
                    "explanation_html": null
                  }
                ]
              },
              {
                "chapter_name": "Biotechnology : Principles and Processes",
                "questions": [
                  {
                    "question_no": 21,
                    "question_html": "<p>(a) ‘Insertional inactivation’ is a method to detect recombinant DNA. Explain the method.<br><b>OR</b><br>(b) Explain how recombinant DNA technology is used to detect a disease even before any clinical symptom appears.</p>",
                    "options": [],
                    "correct_answer": {
                      "text": "<p><b>(a) Insertional Inactivation:</b> This method is used for selecting recombinants from non-recombinants. A recombinant DNA is inserted within the coding sequence of an enzyme, like β-galactosidase. This insertion results in the inactivation of the gene for the synthesis of this enzyme. When grown on a chromogenic substrate, the bacterial colonies with a non-recombinant plasmid will produce the enzyme and generate a blue color. In contrast, the colonies with a recombinant plasmid will not produce the enzyme (due to insertional inactivation) and will not produce any color. Thus, recombinant colonies can be identified.<br><br><b>OR</b><br><br><b>(b)</b> Recombinant DNA technology can detect diseases early using methods like PCR or probes.<br>1. <b>PCR (Polymerase Chain Reaction):</b> A very low concentration of a pathogen (like a virus or bacterium) can be detected by amplifying its nucleic acid using PCR. This allows for detection long before the pathogen multiplies to a level that causes symptoms.<br>2. <b>Probe Hybridization:</b> A single-stranded DNA or RNA molecule tagged with a radioactive molecule (a probe) is allowed to hybridize with its complementary DNA in a clone of cells. This is followed by detection using autoradiography. A clone that has the mutated gene will not appear on the photographic film because the probe will not have complementary bases to bind to. This can detect genetic diseases like cancer very early.</p>"
                    },
                    "question_type": "Very Short Answer (2 marks)",
                    "difficulty_level": "hard",
                    "explanation_html": null
                  }
                ]
              },
              {
                "chapter_name": "Molecular Basis of Inheritance",
                "questions": [
                  {
                    "question_no": 22,
                    "question_html": "<p>(a) (i) How many types of RNA polymerases are there in a eukaryote cell ? Mention which one of them transcribes hnRNA.<br>(ii) Write the changes that hnRNA undergoes before it leaves the nucleus as mRNA.<br><b>OR</b><br>(b) The length of DNA in any cell is far greater than the dimension of its nucleus. Explain how this enormous DNA is packaged in a eukaryotic cell.</p>",
                    "options": [],
                    "correct_answer": {
                      "text": "<p><b>(a)</b><br><b>(i)</b> There are <b>three</b> types of RNA polymerases in a eukaryotic cell. <b>RNA Polymerase II</b> is the one that transcribes heterogeneous nuclear RNA (hnRNA).<br><b>(ii)</b> hnRNA undergoes three main changes (processing) to become mature mRNA:<br>   1. <b>Splicing:</b> The non-coding sequences (introns) are removed, and the coding sequences (exons) are joined in a definite order.<br>   2. <b>Capping:</b> An unusual nucleotide, methyl guanosine triphosphate, is added to the 5'-end of the hnRNA.<br>   3. <b>Tailing:</b> Adenylate residues (200-300) are added at the 3'-end in a template-independent manner.<br><br><b>OR</b><br><br><b>(b)</b> The enormous DNA in a eukaryotic cell is packaged through a multi-level coiling process:<br>1. The negatively charged DNA is wrapped around a core of positively charged histone proteins called a <b>histone octamer</b>. The positive charge on histones is due to an abundance of basic amino acids (lysines and arginines).<br>2. This structure of DNA wrapped around a histone octamer is called a <b>nucleosome</b>.<br>3. A typical nucleosome contains about 200 base pairs of DNA helix.<br>4. These nucleosomes constitute the repeating units of a structure in the nucleus called <b>chromatin</b>, which appears as a 'beads-on-string' structure under an electron microscope.<br>5. The chromatin fiber is further coiled and condensed at higher levels to form the compact structure of a chromosome, which is visible during cell division.</p>"
                    },
                    "question_type": "Short Answer (3 marks)",
                    "difficulty_level": "medium",
                    "explanation_html": null
                  }
                ]
              },
              {
                "chapter_name": "Reproductive Health",
                "questions": [
                  {
                    "question_no": 23,
                    "question_html": "<p>Expand and explain the following techniques used in the ‘Test Tube Baby’ programme :<br>(a) GIFT<br>(b) ZIFT<br>(c) IUI</p>",
                    "options": [],
                    "correct_answer": {
                      "text": "<p><b>(a) GIFT (Gamete Intra-Fallopian Transfer):</b> This is the transfer of an ovum collected from a donor into the fallopian tube of another female who cannot produce an ovum but can provide a suitable environment for fertilization and further development. It does not have a role in the 'test tube' part of the program.<br><br><b>(b) ZIFT (Zygote Intra-Fallopian Transfer):</b> This involves the transfer of a zygote or an early embryo (with up to 8 blastomeres), formed by in vitro fertilization, into the fallopian tube.<br><br><b>(c) IUI (Intra-Uterine Insemination):</b> In this technique, semen collected either from the husband or a healthy donor is artificially introduced either into the vagina or into the uterus of the female. It is used in cases where the male partner has a low sperm count or is unable to inseminate. It also does not have a role in the 'test tube' part of the program.</p>"
                    },
                    "question_type": "Short Answer (3 marks)",
                    "difficulty_level": "medium",
                    "explanation_html": null
                  }
                ]
              },
              {
                "chapter_name": "Human Reproduction",
                "questions": [
                  {
                    "question_no": 24,
                    "question_html": "<p>Given below is a diagrammatic sectional view of a seminiferous tubule. State the developmental process of :<br>(a) (i) ‘b’ from ‘a’.<br>    (ii) ‘e’ from ‘d’.<br>    (iii) ‘d’ from ‘b’.<br>(b) Identify ‘a’, ‘b’ and ‘c’.</p>",
                    "images": [
                      {
                        "url": "https://img.testbuddyai.com/Biology-57-3-23-Q24.png"
                      }
                    ],
                    "options": [],
                    "correct_answer": {
                      "text": "<p><b>(a)</b><br><b>(i)</b> The formation of 'b' (secondary spermatocytes) from 'a' (primary spermatocytes) occurs via the <b>first meiotic division (Meiosis I)</b>.<br><b>(ii)</b> The formation of 'e' (spermatozoa/sperms) from 'd' (spermatids) is a process of differentiation called <b>spermiogenesis</b>.<br><b>(iii)</b> The formation of 'd' (spermatids) from 'b' (secondary spermatocytes) occurs via the <b>second meiotic division (Meiosis II)</b>.<br><br><b>(b)</b><br>   - <b>'a'</b> is the <b>Primary spermatocyte</b>.<br>   - <b>'b'</b> is the <b>Secondary spermatocyte</b>.<br>   - <b>'c'</b> is the <b>Sertoli cell</b>.</p>"
                    },
                    "question_type": "Short Answer (3 marks)",
                    "difficulty_level": "medium",
                    "explanation_html": null
                  }
                ]
              },
              {
                "chapter_name": "Evolution",
                "questions": [
                  {
                    "question_no": 25,
                    "question_html": "<p>(a) Darwin’s theory of Natural Selection is widely accepted but some limitations have been identified by modern biologists. Mention the limitations identified.<br>(b) Name and state the most accepted theory of evolution in modern times.<br>(c) Mention any two ways the limitations identified in Darwin’s theory of evolution are explained in modern biology.</p>",
                    "options": [],
                    "correct_answer": {
                      "text": "<p><b>(a) Limitation of Darwin's Theory:</b> The main limitation was that Darwin's theory could not explain the origin and inheritance of variations, which are the raw materials for natural selection.<br><br><b>(b) Most Accepted Modern Theory:</b> The <b>Synthetic Theory of Evolution</b> (or Modern Synthesis) is the most accepted theory. It integrates Darwin's theory of natural selection with Mendelian genetics and population genetics, stating that the origin of species is based on the interaction of genetic variation and natural selection.<br><br><b>(c) Two Explanations from Modern Biology:</b><br>1. <b>Mutation:</b> Modern biology explains that variations arise from random changes in the DNA sequence, known as mutations.<br>2. <b>Genetic Recombination:</b> Variations are also generated through processes like crossing over during meiosis and sexual reproduction, which reshuffle existing alleles into new combinations.</p>"
                    },
                    "question_type": "Short Answer (3 marks)",
                    "difficulty_level": "medium",
                    "explanation_html": null
                  }
                ]
              },
              {
                "chapter_name": "Human Health and Disease",
                "questions": [
                  {
                    "question_no": 26,
                    "question_html": "<p>(a) Name the category of drugs represented by the chemical structure given above.<br>(b) If the methyl group is substituted by acetyl group we get a bitter crystalline compound. Name the compound.<br>(c) Name the natural source of these compounds.<br>(d) State the harmful effects of this class of drugs on the human body.</p>",
                    "images": [
                      {
                        "url": "https://img.testbuddyai.com/Biology-57-3-23-Q26.png"
                      }
                    ],
                    "options": [],
                    "correct_answer": {
                      "text": "<p><b>(a) Category of Drugs:</b> The structure is of Morphine, which belongs to the category of <b>Opioids</b>.<br><br><b>(b) Compound Name:</b> When morphine is acetylated, it forms <b>Diacetylmorphine</b>, which is commonly known as <b>Heroin</b> or Smack.<br><br><b>(c) Natural Source:</b> These compounds are obtained from the latex of the poppy plant, <b><i>Papaver somniferum</i></b>.<br><br><b>(d) Harmful Effects:</b> Opioids are central nervous system depressants. They slow down body functions and can lead to drowsiness, respiratory depression, addiction, and overdose.</p>"
                    },
                    "question_type": "Short Answer (3 marks)",
                    "difficulty_level": "medium",
                    "explanation_html": null
                  }
                ]
              },
              {
                "chapter_name": "Biotechnology and its Applications",
                "questions": [
                  {
                    "question_no": 27,
                    "question_html": "<p>(a) Write the scientific name of the nematode that infests the tobacco plants and the part that it infests.<br>(b) How is Agrobacterium used to protect tobacco plant from this attack ?</p>",
                    "options": [],
                    "correct_answer": {
                      "text": "<p><b>(a) Scientific Name and Part Infested:</b><br>   - <b>Scientific Name:</b> <i>Meloidogyne incognitia</i><br>   - <b>Part Infested:</b> It infests the <b>roots</b> of the tobacco plant.<br><br><b>(b) Use of Agrobacterium:</b> <i>Agrobacterium tumefaciens</i> is used as a vector in genetic engineering to protect the tobacco plant. Nematode-specific genes are introduced into the host plant using the *Agrobacterium* vector. This is done in such a way that the plant produces both sense and anti-sense RNA for a vital nematode gene. These two RNA strands form a double-stranded RNA (dsRNA), which initiates RNA interference (RNAi). When the nematode feeds on the plant, it ingests this dsRNA, leading to the silencing of its specific mRNA. This prevents the translation of a vital protein, and as a result, the nematode cannot survive.</p>"
                    },
                    "question_type": "Short Answer (3 marks)",
                    "difficulty_level": "medium",
                    "explanation_html": null
                  }
                ]
              },
              {
                "chapter_name": "Organisms and Populations",
                "questions": [
                  {
                    "question_no": 28,
                    "question_html": "<p>Explain the following population interactions with the help of one example each :<br>(a) Brood Parasitism<br>(b) Co-evolution of mutualists</p>",
                    "options": [],
                    "correct_answer": {
                      "text": "<p><b>(a) Brood Parasitism:</b> This is a type of parasitism where the parasitic bird lays its eggs in the nest of a host bird and lets the host incubate them. Over the course of evolution, the eggs of the parasitic bird have evolved to resemble the host's eggs in size and color to reduce the chances of the host bird detecting and ejecting them.<br><b>Example:</b> The Cuckoo (Koel) lays its eggs in the nest of the Crow.<br><br><b>(b) Co-evolution of Mutualists:</b> This is a process where the evolution of one species is tightly linked with the evolution of another species with which it has a mutually beneficial relationship. The changes in one species act as a selective pressure on the other, and they evolve together.<br><b>Example:</b> The relationship between the fig tree and its pollinator wasp species. The fig species can only be pollinated by its specific partner wasp species and no other. The female wasp uses the fruit not only as an oviposition (egg-laying) site but also uses the developing seeds within the fruit for nourishing its larvae.</p>"
                    },
                    "question_type": "Short Answer (3 marks)",
                    "difficulty_level": "medium",
                    "explanation_html": null
                  }
                ]
              },
              {
                "chapter_name": "Principles of Inheritance and Variation",
                "questions": [
                  {
                    "question_no": 29,
                    "question_html": "<p>The following pedigree chart shows the inheritance of a genetic disorder up to three generations of a family. Observe the chart and answer the questions that follow.<br>(i) Is the disease sex-linked or autosomal as per the chart ? Give reasons in support of your answer.<br>(ii) Is it a recessive or a dominant disorder ?<br>(iii) Write the genotypes of the individuals ‘C’, ‘D’ and ‘H’.<br>(iv) (a) If the female ‘D’ marries a normal man, what will be the probability of their daughter being a sufferer of this disease ?<br><b>OR</b><br>(iv) (b) If the mother ‘B’ is a carrier of the disease, what will be the probability of their daughter being a sufferer of this disease ?</p>",
                    "images": [
                      {
                        "url": "https://img.testbuddyai.com/Biology-57-3-23-Q29.png"
                      }
                    ],
                    "options": [],
                    "correct_answer": {
                      "text": "<p><b>(i)</b> The disease is a <b>sex-linked disorder</b>. This is because more males are affected than females in the pedigree, which is a characteristic of X-linked disorders. Also, the disorder is transmitted from an affected father ('A') through his carrier daughter ('E') to his grandson ('I').<br><br><b>(ii)</b> It is a <b>recessive disorder</b>. This is because the trait skips a generation (seen in Gen I and Gen III, but not in all of Gen II) and appears in the offspring of unaffected parents (E and F have an affected son I).<br><br><b>(iii) Genotypes:</b> (Assuming X<sup>c</sup> is the affected allele)<br>   - 'C': X<sup>C</sup>X<sup>c</sup><br>   - 'D': X<sup>C</sup>X<sup>c</sup><br>   - 'H': X<sup>C</sup>X<sup>c</sup><br><br><b>(iv) (a)</b> Female 'D' has genotype X<sup>C</sup>X<sup>c</sup>. A normal man has genotype X<sup>C</sup>Y. The possible daughters are X<sup>C</sup>X<sup>C</sup> and X<sup>C</sup>X<sup>c</sup>. Both are phenotypically normal (one is a carrier). Therefore, the probability of their daughter being a sufferer is <b>0%</b>.<br><br><b>OR</b><br><br><b>(iv) (b)</b> If mother 'B' is a carrier, her genotype is X<sup>C</sup>X<sup>c</sup>. The father 'A' is affected, with genotype X<sup>c</sup>Y. Their daughter ('E') has genotype X<sup>c</sup>X<sup>c</sup> (affected) or X<sup>C</sup>X<sup>c</sup> (carrier). From the chart, E is affected (black square), but the question asks about the daughter of B and A. A daughter receives one X from each parent. She will get X<sup>c</sup> from the father and either X<sup>C</sup> or X<sup>c</sup> from the mother. The probability of getting X<sup>c</sup> from the carrier mother is 1/2. Therefore, the probability of their daughter being a sufferer (X<sup>c</sup>X<sup>c</sup>) is <b>50%</b>.</p>"
                    },
                    "question_type": "Case-based Subjective",
                    "difficulty_level": "hard",
                    "explanation_html": null
                  }
                ]
              },
              {
                "chapter_name": "Human Health and Disease",
                "questions": [
                  {
                    "question_no": 30,
                    "question_html": "<p>The diagram shows the life cycle of a pathogenic protozoan.<br>(i) Name the parasitic stage that is being transferred from host ‘X’ to host ‘Y’.<br>(ii) Write the changes the parasite undergoes in the liver.<br>(iii) Write the changes the parasite undergoes when it enters the RBC.<br>(iv) (a) Trace the changes the parasite undergoes when the host ‘X’ takes its blood meal from infected host ‘Y’.<br><b>OR</b><br>(iv) (b) At which stage during the life cycle of the pathogen does the host ‘Y’ experience the symptoms of the disease ? Name the disease and the toxic substance responsible for these symptoms.</p>",
                    "images": [
                      {
                        "url": "https://img.testbuddyai.com/Biology-57-3-23-Q30.png"
                      }
                    ],
                    "options": [],
                    "correct_answer": {
                      "text": "<p><b>(i)</b> The parasitic stage transferred is the <b>sporozoite</b>. (Host X is the mosquito, Host Y is the human).<br><br><b>(ii)</b> In the liver, the parasite undergoes asexual reproduction, multiplying to form merozoites, which then burst out of the liver cells.<br><br><b>(iii)</b> In the RBCs, the parasite again reproduces asexually, increasing its numbers. Ultimately, they develop into gametocytes.<br><br><b>(iv) (a)</b> When the host 'X' (mosquito) takes a blood meal, it ingests the gametocytes. Fertilization and further development of the parasite take place in the mosquito's gut, ultimately forming the infective stage (sporozoites) which migrate to the salivary glands.<br><br><b>OR</b><br><br><b>(iv) (b)</b> Host 'Y' (human) experiences the symptoms at the stage when the parasites rupture the <b>RBCs</b>.<br>   - <b>Disease:</b> Malaria<br>   - <b>Toxic substance:</b> Haemozoin</p>"
                    },
                    "question_type": "Case-based Subjective",
                    "difficulty_level": "medium",
                    "explanation_html": null
                  }
                ]
              },
              {
                "chapter_name": "Biotechnology : Principles and Processes",
                "questions": [
                  {
                    "question_no": 31,
                    "question_html": "<p>(a) Answer the following questions with respect to recombinant DNA technology :<br>(i) Why is plasmid considered to be an important tool in rDNA technology ? From where can plasmids be isolated ? (Any two sources)<br>(ii) Explain the role of ‘ori’ and selectable marker in a cloning vector.<br>(iii) “r-DNA technology cannot proceed without restriction endonuclease.” Justify.<br><b>OR</b><br>(b) Answer the following questions based on Bt-crops :<br>(i) Why do farmers prefer to grow Bt cotton crop than genetically unmodified cotton crops ?<br>(ii) Name any two insects that are killed by Bt toxin.<br>(iii) Explain the mechanism by which Bt toxin kills the insects but not the bacterium which possesses the toxin.</p>",
                    "options": [],
                    "correct_answer": {
                      "text": "<p><b>(a)</b><br><b>(i)</b> Plasmids are important tools because they can act as vectors to carry a foreign piece of DNA into a host organism. They are small, easy to manipulate, and can self-replicate to make multiple copies of the inserted gene. Plasmids can be isolated from bacteria like <b><i>E. coli</i></b> and <b><i>Agrobacterium tumefaciens</i></b>.<br><b>(ii) Role of 'ori':</b> 'Ori' is the origin of replication. It is the sequence from where replication starts. It controls the copy number of the linked DNA.<br><b>Role of Selectable Marker:</b> A selectable marker is a gene (e.g., for antibiotic resistance) that helps in identifying and eliminating non-transformants and selectively permitting the growth of the transformants.<br><b>(iii) Justification:</b> Restriction endonucleases are essential because they act as 'molecular scissors'. They recognize and cut DNA at specific palindromic sequences, creating 'sticky ends'. These sticky ends facilitate the ligation (joining) of the desired foreign DNA into the vector DNA to create a recombinant DNA molecule. Without these enzymes, there would be no precise way to cut and paste DNA fragments.<br><br><b>OR</b><br><br><b>(b)</b><br><b>(i)</b> Farmers prefer Bt cotton because it is pest-resistant, specifically against bollworms. This reduces the need for chemical pesticides, which lowers farming costs and increases crop productivity.<br><b>(ii)</b> Two insects killed by Bt toxin are <b>cotton bollworms</b> and <b>corn borer</b>.<br><b>(iii) Mechanism:</b> The Bt toxin protein exists as an inactive protoxin in the bacterium. The bacterium is not harmed because the toxin is inactive. However, once an insect ingests this protoxin, it is converted into an active form due to the alkaline pH of the insect's gut. The activated toxin binds to the surface of the midgut epithelial cells, creates pores, and causes cell swelling and lysis, eventually leading to the death of the insect.</p>"
                    },
                    "question_type": "Long Answer (5 marks)",
                    "difficulty_level": "hard",
                    "explanation_html": null
                  }
                ]
              },
              {
                "chapter_name": "Molecular Basis of Inheritance",
                "questions": [
                  {
                    "question_no": 32,
                    "question_html": "<p>(a) Protein synthesis requires the services of all three types of RNAs, namely t-RNA, m-RNA and r-RNA. Explain the role of each of them during the process of protein synthesis in prokaryotes.<br><b>OR</b><br>(b) A homozygous tall pea plant with green seeds is crossed with a homozygous dwarf pea plant with yellow seeds.<br>(i) Write the possible phenotype and genotype of F<sub>1</sub> generation.<br>(ii) State the laws of Mendel that are proved true by the F<sub>1</sub> generation.<br>(iii) Mention the F<sub>2</sub> phenotypic ratio along with their possible phenotypes.<br>(iv) Write the genotypes of the male and female gametes produced by F<sub>1</sub> progeny.</p>",
                    "options": [],
                    "correct_answer": {
                      "text": "<p><b>(a) Roles of RNAs in Protein Synthesis:</b><br>   - <b>mRNA (messenger RNA):</b> Acts as the template for protein synthesis. It carries the genetic information, in the form of codons, from the DNA to the ribosome.<br>   - <b>tRNA (transfer RNA):</b> Acts as the adaptor molecule. It has an anticodon loop that reads the codons on the mRNA and an amino acid acceptor end to which a specific amino acid is bound. It brings the correct amino acid to the ribosome.<br>   - <b>rRNA (ribosomal RNA):</b> It is a structural component of ribosomes. It also acts as a catalyst (ribozyme) for the formation of peptide bonds between amino acids.<br><br><b>OR</b><br><br><b>(b)</b> (Let Tall (T) be dominant over dwarf (t), and Yellow (Y) be dominant over green (y))<br>   Parental Cross: Tall with green seeds (TTyy) × Dwarf with yellow seeds (ttYY)<br><b>(i) F<sub>1</sub> Generation:</b><br>   - <b>Phenotype:</b> All progeny will be Tall with Yellow seeds.<br>   - <b>Genotype:</b> All progeny will be TtYy.<br><b>(ii) Laws of Mendel:</b> The F<sub>1</sub> generation demonstrates the <b>Law of Dominance</b> (only the dominant traits, Tall and Yellow, are expressed) and the <b>Law of Segregation</b> (the alleles for each trait remain together in the hybrid and segregate during gamete formation).<br><b>(iii) F<sub>2</sub> Phenotypic Ratio:</b> The ratio is <b>9:3:3:1</b>.<br>   - <b>9:</b> Tall yellow<br>   - <b>3:</b> Tall green<br>   - <b>3:</b> Dwarf yellow<br>   - <b>1:</b> Dwarf green<br><b>(iv) Gametes produced by F<sub>1</sub> (TtYy):</b> Both male and female F<sub>1</sub> progeny will produce four types of gametes with the genotypes <b>TY, Ty, tY, and ty</b>.</p>"
                    },
                    "question_type": "Long Answer (5 marks)",
                    "difficulty_level": "hard",
                    "explanation_html": null
                  }
                ]
              },
              {
                "chapter_name": "Human Reproduction",
                "questions": [
                  {
                    "question_no": 33,
                    "question_html": "<p>(a) Given below is a diagrammatic representation of a human ovum.<br>(i) Identify the parts ‘a’, ‘b’ and ‘c’.<br>(ii) This ovum is released from the ovary with incomplete meiotic division. When, where and how is the meiotic division completed?<br>(iii) How does an ovum ensure the entry of a single sperm during fertilisation ?<br><b>OR</b><br>(b) (i) Double fertilisation is an event unique to all flowering plants. Explain the process.<br>(ii) Give a reason for the following :<br>(1) A seed of an orange has many embryos.<br>(2) Cashew is a false fruit but Guava is a true fruit.</p>",
                    "images": [
                      {
                        "url": "https://img.testbuddyai.com/Biology-57-3-23-Q33a.png"
                      }
                    ],
                    "options": [],
                    "correct_answer": {
                      "text": "<p><b>(a)</b><br><b>(i)</b> Parts: <b>a</b> - Cells of corona radiata, <b>b</b> - Zona pellucida / Perivitelline space, <b>c</b> - Haploid nucleus.<br><b>(ii)</b> The secondary oocyte is arrested in meiotic division II at the time of ovulation. The meiotic division is completed <b>when</b> a sperm enters the cytoplasm of the ovum, <b>where</b> in the fallopian tube. <b>How:</b> The entry of the sperm induces the completion of the unequal meiotic division, resulting in the formation of a second polar body and a haploid ovum (ootid).<br><b>(iii)</b> During fertilization, as soon as a sperm comes into contact with the zona pellucida layer of the ovum, it induces changes in the membrane that block the entry of any additional sperms, thus preventing polyspermy.<br><br><b>OR</b><br><br><b>(b)</b><br><b>(i) Double Fertilization:</b> This is the occurrence of two fusion events in the embryo sac. One male gamete fuses with the egg cell to form the diploid zygote (<b>syngamy</b>). The second male gamete fuses with the two haploid polar nuclei in the central cell to form the triploid primary endosperm nucleus (<b>triple fusion</b>).<br><b>(ii) Reasons:</b><br>   <b>(1) Orange seed has many embryos (Polyembryony):</b> This occurs because some of the nucellar cells surrounding the embryo sac start dividing and protrude into the embryo sac to develop into additional embryos.<br>   <b>(2) Cashew vs. Guava:</b> Cashew is a false fruit because other floral parts, specifically the thalamus, also contribute to fruit formation along with the ovary. Guava is a true fruit because it develops only from the ovary after fertilization.</p>"
                    },
                    "question_type": "Long Answer (5 marks)",
                    "difficulty_level": "hard",
                    "explanation_html": null
                  }
                ]
              }
            ]
          }
        ]
      }
    ]
  }
]