[
  {
    "exam_name_actual": "CBSE Board - Class 12 - Science",
    "main_exam_id_name_ref": "CBSE Board - Class 12 - Science",
    "years": [
      {
        "year": "2023",
        "papers_or_subjects": [
          {
            "paper_name": "CBSE Class 12 Science (Physics) Paper 2023 (QP Code: 55/1/1)",
            "subject_name": "Physics",
            "chapters": [
              {
                "chapter_name": "Electric Charges and Fields",
                "questions": [
                  {
                    "question_no": 1,
                    "question_html": "<p>A point charge situated at a distance 'r' from a short electric dipole on its axis, experiences a force F. If the distance of the charge is '2r', the force on the charge will be :</p>",
                    "options": [
                      {
                        "id": "a",
                        "text": "F/16"
                      },
                      {
                        "id": "b",
                        "text": "F/8"
                      },
                      {
                        "id": "c",
                        "text": "F/4"
                      },
                      {
                        "id": "d",
                        "text": "F/2"
                      }
                    ],
                    "correct_answer": {
                      "ids": [
                        "b"
                      ]
                    },
                    "question_type": "mcq_single",
                    "difficulty_level": "medium",
                    "explanation_html": "<p>The electric field (E) on the axis of a short electric dipole at a distance 'r' is proportional to 1/r³. Since the force (F) on a charge is given by F = qE, the force is also proportional to 1/r³. So, F ∝ 1/r³.</p><p>When the distance is doubled to '2r', the new force F' will be proportional to 1/(2r)³.</p><p>F' ∝ 1/(8r³)</p><p>Therefore, the new force is 1/8 of the original force.</p><p>F' = F/8</p>"
                  }
                ]
              },
              {
                "chapter_name": "Current Electricity",
                "questions": [
                  {
                    "question_no": 3,
                    "question_html": "<p>The potential difference across a cell in an open circuit is 8 V. It falls to 4 V when a current of 4 A is drawn from it. The internal resistance of the cell is :</p>",
                    "options": [
                      {
                        "id": "a",
                        "text": "4 Ω"
                      },
                      {
                        "id": "b",
                        "text": "3 Ω"
                      },
                      {
                        "id": "c",
                        "text": "2 Ω"
                      },
                      {
                        "id": "d",
                        "text": "1 Ω"
                      }
                    ],
                    "correct_answer": {
                      "ids": [
                        "d"
                      ]
                    },
                    "question_type": "mcq_single",
                    "difficulty_level": "easy",
                    "explanation_html": "<p>The potential difference across a cell in an open circuit is its electromotive force (emf), ε. So, ε = 8 V.</p><p>When a current I is drawn from the cell, the terminal voltage V is given by the equation V = ε - Ir, where r is the internal resistance.</p><p>Given V = 4 V and I = 4 A.</p><p>Substituting the values:</p><p>4 = 8 - (4 × r)</p><p>4r = 8 - 4</p><p>4r = 4</p><p>r = 1 Ω</p>"
                  }
                ]
              },
              {
                "chapter_name": "Magnetism and Matter",
                "questions": [
                  {
                    "question_no": 5,
                    "question_html": "<p>A diamagnetic substance is brought near the north or south pole of a bar magnet. It will be :</p>",
                    "options": [
                      {
                        "id": "a",
                        "text": "repelled by both the poles."
                      },
                      {
                        "id": "b",
                        "text": "attracted by both the poles."
                      },
                      {
                        "id": "c",
                        "text": "repelled by the north pole and attracted by the south pole."
                      },
                      {
                        "id": "d",
                        "text": "attracted by the north pole and repelled by the south pole."
                      }
                    ],
                    "correct_answer": {
                      "ids": [
                        "a"
                      ]
                    },
                    "question_type": "mcq_single",
                    "difficulty_level": "easy",
                    "explanation_html": "<p>Diamagnetic substances are materials that are feebly repelled by a magnetic field. When a diamagnetic substance is placed in a non-uniform magnetic field, it tends to move from a region of stronger magnetic field to a region of weaker magnetic field. Since the magnetic field is strongest near the poles of a magnet, the diamagnetic substance will be repelled by both the north and the south poles.</p>"
                  }
                ]
              },
              {
                "chapter_name": "Electromagnetic Induction",
                "questions": [
                  {
                    "question_no": 6,
                    "question_html": "<p>A circular coil of radius 8.0 cm and 40 turns is rotated about its vertical diameter with an angular speed of 25/π rad s⁻¹ in a uniform horizontal magnetic field of magnitude 3.0 × 10⁻² T. The maximum emf induced in the coil is :</p>",
                    "options": [
                      {
                        "id": "a",
                        "text": "0.12 V"
                      },
                      {
                        "id": "b",
                        "text": "0.15 V"
                      },
                      {
                        "id": "c",
                        "text": "0.19 V"
                      },
                      {
                        "id": "d",
                        "text": "0.22 V"
                      }
                    ],
                    "correct_answer": {
                      "ids": [
                        "c"
                      ]
                    },
                    "question_type": "mcq_single",
                    "difficulty_level": "medium",
                    "explanation_html": "<p>The maximum emf (ε_max) induced in a rotating coil is given by the formula ε_max = NBAω.</p><p>Given:</p><p>Number of turns, N = 40</p><p>Magnetic field, B = 3.0 × 10⁻² T</p><p>Radius of the coil, r = 8.0 cm = 0.08 m</p><p>Area of the coil, A = πr² = π(0.08)² m²</p><p>Angular speed, ω = 25/π rad s⁻¹</p><p>Substitute the values into the formula:</p><p>ε_max = 40 × (3.0 × 10⁻²) × (π(0.08)²) × (25/π)</p><p>The π terms cancel out:</p><p>ε_max = 40 × 3.0 × 10⁻² × (0.08)² × 25</p><p>ε_max = 1.2 × 0.0064 × 25</p><p>ε_max = 1.2 × 0.16</p><p>ε_max = 0.192 V</p><p>This is approximately 0.19 V.</p>"
                  }
                ]
              },
              {
                "chapter_name": "Electromagnetic Induction",
                "questions": [
                  {
                    "question_no": 7,
                    "question_html": "<p>Figure shows a rectangular conductor PSRQ in which movable arm PQ has a resistance 'r' and resistance of PSRQ is negligible. The magnitude of emf induced when PQ is moved with a velocity v does not depend on :</p>",
                    "images": [
                      {
                        "url": "https://img.testbuddyai.com/Phy-55-1-23-Q7.png"
                      }
                    ],
                    "options": [
                      {
                        "id": "a",
                        "text": "magnetic field (B)"
                      },
                      {
                        "id": "b",
                        "text": "velocity (v)"
                      },
                      {
                        "id": "c",
                        "text": "resistance (r)"
                      },
                      {
                        "id": "d",
                        "text": "length of PQ"
                      }
                    ],
                    "correct_answer": {
                      "ids": [
                        "c"
                      ]
                    },
                    "question_type": "mcq_single",
                    "difficulty_level": "easy",
                    "explanation_html": "<p>The emf induced in a conductor of length 'l' moving with a velocity 'v' perpendicular to a magnetic field 'B' is known as motional emf. It is given by the formula ε = Blv.</p><p>From this formula, it is clear that the induced emf depends on:</p><ul><li>The magnitude of the magnetic field (B).</li><li>The length of the conductor (l, which is the length of PQ).</li><li>The velocity of the conductor (v).</li></ul><p>The formula does not include the resistance (r) of the conductor. The resistance affects the amount of current that flows in the circuit (I = ε/r), but not the magnitude of the induced emf itself.</p>"
                  }
                ]
              },
              {
                "chapter_name": "Electromagnetic Waves",
                "questions": [
                  {
                    "question_no": 8,
                    "question_html": "<p>In the process of charging of a capacitor, the current produced between the plates of the capacitor is :</p>",
                    "options": [
                      {
                        "id": "a",
                        "text": "μ₀ dΦ_E/dt"
                      },
                      {
                        "id": "b",
                        "text": "(1/μ₀) dΦ_E/dt"
                      },
                      {
                        "id": "c",
                        "text": "ε₀ dΦ_E/dt"
                      },
                      {
                        "id": "d",
                        "text": "(1/ε₀) dΦ_E/dt"
                      }
                    ],
                    "correct_answer": {
                      "ids": [
                        "c"
                      ]
                    },
                    "question_type": "mcq_single",
                    "difficulty_level": "easy",
                    "explanation_html": "<p>The current between the plates of a capacitor during charging or discharging is not due to the flow of charges but due to the changing electric field. This current is called displacement current (Id).</p><p>According to Maxwell's equations, the displacement current is given by:</p><p>Id = ε₀ (dΦ_E/dt)</p><p>where ε₀ is the permittivity of free space and dΦ_E/dt is the rate of change of electric flux between the plates.</p>"
                  }
                ]
              },
              {
                "chapter_name": "Ray Optics and Optical Instruments",
                "questions": [
                  {
                    "question_no": 9,
                    "question_html": "<p>For a concave mirror of focal length ‘f’, the minimum distance between the object and its real image is :</p>",
                    "options": [
                      {
                        "id": "a",
                        "text": "zero"
                      },
                      {
                        "id": "b",
                        "text": "f"
                      },
                      {
                        "id": "c",
                        "text": "2f"
                      },
                      {
                        "id": "d",
                        "text": "4f"
                      }
                    ],
                    "correct_answer": {
                      "ids": [
                        "a"
                      ]
                    },
                    "question_type": "mcq_single",
                    "difficulty_level": "medium",
                    "explanation_html": "<p>A concave mirror forms a real image when the object is placed at or beyond the focal point (f). The distance between the object and its real image is minimized when the object is placed at the center of curvature (C). The distance of the center of curvature from the mirror's pole is equal to the radius of curvature (R), where R = 2f.</p><p>When the object is at C, the concave mirror forms a real, inverted image of the same size at C itself. Since both the object and the image are at the same position, the distance between them is zero.</p>"
                  }
                ]
              },
              {
                "chapter_name": "Atoms",
                "questions": [
                  {
                    "question_no": 10,
                    "question_html": "<p>The radius of the nth orbit in Bohr model of hydrogen atom is proportional to :</p>",
                    "options": [
                      {
                        "id": "a",
                        "text": "1/n²"
                      },
                      {
                        "id": "b",
                        "text": "1/n"
                      },
                      {
                        "id": "c",
                        "text": "n²"
                      },
                      {
                        "id": "d",
                        "text": "n"
                      }
                    ],
                    "correct_answer": {
                      "ids": [
                        "c"
                      ]
                    },
                    "question_type": "mcq_single",
                    "difficulty_level": "easy",
                    "explanation_html": "<p>According to the Bohr model of the hydrogen atom, the radius (r_n) of the nth stationary orbit is given by the formula:</p><p>r_n = (n²h²ε₀) / (πme²)</p><p>where n is the principal quantum number, h is Planck's constant, ε₀ is the permittivity of free space, m is the mass of the electron, and e is the elementary charge. Since h, ε₀, π, m, and e are all constants, the radius r_n is directly proportional to the square of the principal quantum number, n.</p><p>r_n ∝ n²</p>"
                  }
                ]
              },
              {
                "chapter_name": "Atoms",
                "questions": [
                  {
                    "question_no": 11,
                    "question_html": "<p>Hydrogen atom initially in the ground state, absorbs a photon which excites it to n = 5 level. The wavelength of the photon is :</p>",
                    "options": [
                      {
                        "id": "a",
                        "text": "975 nm"
                      },
                      {
                        "id": "b",
                        "text": "740 nm"
                      },
                      {
                        "id": "c",
                        "text": "523 nm"
                      },
                      {
                        "id": "d",
                        "text": "95 nm"
                      }
                    ],
                    "correct_answer": {
                      "ids": [
                        "d"
                      ]
                    },
                    "question_type": "mcq_single",
                    "difficulty_level": "medium",
                    "explanation_html": "<p>The energy of the electron in the nth orbit of a hydrogen atom is given by E_n = -13.6/n² eV.</p><p>The atom is initially in the ground state, so n_initial = 1. It is excited to the n = 5 level, so n_final = 5.</p><p>The energy absorbed from the photon (ΔE) is the difference in energy between these two levels:</p><p>ΔE = E_final - E_initial = (-13.6/5²) - (-13.6/1²)</p><p>ΔE = -13.6/25 + 13.6/1 = 13.6 × (1 - 1/25) = 13.6 × (24/25) eV</p><p>ΔE = 13.056 eV</p><p>The wavelength (λ) of the photon is related to its energy by the equation ΔE = hc/λ, where hc ≈ 1240 eV·nm.</p><p>λ = hc/ΔE = 1240 / 13.056</p><p>λ ≈ 94.97 nm</p><p>This is approximately 95 nm.</p>"
                  }
                ]
              },
              {
                "chapter_name": "Nuclei",
                "questions": [
                  {
                    "question_no": 12,
                    "question_html": "<p>The mass density of a nucleus of mass number A is :</p>",
                    "options": [
                      {
                        "id": "a",
                        "text": "proportional to A¹/³"
                      },
                      {
                        "id": "b",
                        "text": "proportional to A²/³"
                      },
                      {
                        "id": "c",
                        "text": "proportional to A³"
                      },
                      {
                        "id": "d",
                        "text": "independent of A"
                      }
                    ],
                    "correct_answer": {
                      "ids": [
                        "d"
                      ]
                    },
                    "question_type": "mcq_single",
                    "difficulty_level": "medium",
                    "explanation_html": "<p>The radius (R) of a nucleus is related to its mass number (A) by the empirical formula R = R₀A¹/³, where R₀ is a constant (approximately 1.2 fm).</p><p>The volume (V) of the nucleus, assuming it is spherical, is V = (4/3)πR³.</p><p>Substituting the expression for R:</p><p>V = (4/3)π(R₀A¹/³)³ = (4/3)πR₀³A</p><p>The mass (M) of the nucleus is approximately proportional to its mass number A, i.e., M ≈ A × m_nucleon, where m_nucleon is the average mass of a nucleon.</p><p>The density (ρ) is mass per unit volume:</p><p>ρ = M/V ≈ (A × m_nucleon) / ((4/3)πR₀³A)</p><p>The mass number A cancels out from the numerator and denominator.</p><p>ρ ≈ m_nucleon / ((4/3)πR₀³)</p><p>Since m_nucleon, R₀, π, and 4/3 are all constants, the nuclear density is approximately constant and independent of the mass number A.</p>"
                  }
                ]
              },
              {
                "chapter_name": "Semiconductor Electronics: Materials, Devices and Simple Circuits",
                "questions": [
                  {
                    "question_no": 14,
                    "question_html": "<p>When an intrinsic semiconductor is doped with a small amount of trivalent impurity, then :</p>",
                    "options": [
                      {
                        "id": "a",
                        "text": "its resistance increases."
                      },
                      {
                        "id": "b",
                        "text": "it becomes a p-type semiconductor."
                      },
                      {
                        "id": "c",
                        "text": "there will be more free electrons than holes in the semiconductor."
                      },
                      {
                        "id": "d",
                        "text": "dopant atoms become donor atoms."
                      }
                    ],
                    "correct_answer": {
                      "ids": [
                        "b"
                      ]
                    },
                    "question_type": "mcq_single",
                    "difficulty_level": "easy",
                    "explanation_html": "<p>An intrinsic semiconductor (like silicon or germanium) has four valence electrons. A trivalent impurity (like boron or aluminum) has three valence electrons.</p><p>When an intrinsic semiconductor is doped with a trivalent impurity, each impurity atom forms covalent bonds with three of its neighboring semiconductor atoms. This leaves a vacancy or a 'hole' in the bond with the fourth neighbor because the impurity atom is one electron short. This hole can accept an electron from a neighboring bond, effectively making the hole a mobile positive charge carrier.</p><p>Since this doping process creates an excess of holes, the holes become the majority charge carriers, and the semiconductor is called a p-type (positive-type) semiconductor. The trivalent impurity atom is known as an 'acceptor' atom because it accepts an electron. Doping increases the number of charge carriers, thus increasing conductivity and decreasing resistance.</p>"
                  }
                ]
              },
              {
                "chapter_name": "Semiconductor Electronics: Materials, Devices and Simple Circuits",
                "questions": [
                  {
                    "question_no": 15,
                    "question_html": "<p>In the energy-band diagram of n-type Si, the gap between the bottom of the conduction band Ec and the donor energy level ED is of the order of :</p>",
                    "options": [
                      {
                        "id": "a",
                        "text": "10 eV"
                      },
                      {
                        "id": "b",
                        "text": "1 eV"
                      },
                      {
                        "id": "c",
                        "text": "0.1 eV"
                      },
                      {
                        "id": "d",
                        "text": "0.01 eV"
                      }
                    ],
                    "correct_answer": {
                      "ids": [
                        "d"
                      ]
                    },
                    "question_type": "mcq_single",
                    "difficulty_level": "easy",
                    "explanation_html": "<p>In an n-type semiconductor, pentavalent impurity atoms (donors) are added. These atoms have a fifth valence electron that is loosely bound. This electron occupies an energy level, called the donor energy level (ED), which is located within the forbidden energy gap, just below the bottom of the conduction band (Ec).</p><p>The energy difference (Ec - ED) is very small. For silicon (Si), this energy gap is about 0.05 eV. For germanium (Ge), it is even smaller, about 0.01 eV. Because this energy is so small, thermal energy at room temperature is sufficient to excite these donor electrons into the conduction band, significantly increasing the semiconductor's conductivity. The value of 0.01 eV represents this small order of magnitude.</p>"
                  }
                ]
              },
              {
                "chapter_name": "Magnetism and Matter",
                "questions": [
                  {
                    "question_no": 16,
                    "question_html": "<p><strong>Assertion (A):</strong> When a bar of copper is placed in an external magnetic field, the field lines get concentrated inside the bar.</p><p><strong>Reason (R):</strong> Copper is a paramagnetic substance.</p>",
                    "options": [
                      {
                        "id": "a",
                        "text": "Both Assertion (A) and Reason (R) are true and Reason (R) is the correct explanation of the Assertion (A)."
                      },
                      {
                        "id": "b",
                        "text": "Both Assertion (A) and Reason (R) are true, but Reason (R) is not the correct explanation of the Assertion (A)."
                      },
                      {
                        "id": "c",
                        "text": "Assertion (A) is true, but Reason (R) is false."
                      },
                      {
                        "id": "d",
                        "text": "Assertion (A) is false and Reason (R) is also false."
                      }
                    ],
                    "correct_answer": {
                      "ids": [
                        "d"
                      ]
                    },
                    "question_type": "mcq_single",
                    "difficulty_level": "medium",
                    "explanation_html": "<p><strong>Analysis of Assertion (A):</strong> Copper is a diamagnetic material. When a diamagnetic material is placed in an external magnetic field, it is feebly repelled, and the magnetic field lines are expelled from the material, making the field inside weaker than outside. Therefore, the statement that field lines get concentrated inside the bar is false.</p><p><strong>Analysis of Reason (R):</strong> Copper is a well-known example of a diamagnetic substance, not a paramagnetic one. Therefore, the reason is false.</p><p>Since both the Assertion and the Reason are false statements, the correct option is (d).</p>"
                  }
                ]
              },
              {
                "chapter_name": "Wave Optics",
                "questions": [
                  {
                    "question_no": 17,
                    "question_html": "<p><strong>Assertion (A):</strong> The phase difference between any two points on a wavefront is zero.</p><p><strong>Reason (R):</strong> All points on a wavefront are at the same distance from the source and thus oscillate in the same phase.</p>",
                    "options": [
                      {
                        "id": "a",
                        "text": "Both Assertion (A) and Reason (R) are true and Reason (R) is the correct explanation of the Assertion (A)."
                      },
                      {
                        "id": "b",
                        "text": "Both Assertion (A) and Reason (R) are true, but Reason (R) is not the correct explanation of the Assertion (A)."
                      },
                      {
                        "id": "c",
                        "text": "Assertion (A) is true, but Reason (R) is false."
                      },
                      {
                        "id": "d",
                        "text": "Assertion (A) is false and Reason (R) is also false."
                      }
                    ],
                    "correct_answer": {
                      "ids": [
                        "a"
                      ]
                    },
                    "question_type": "mcq_single",
                    "difficulty_level": "easy",
                    "explanation_html": "<p><strong>Analysis of Assertion (A):</strong> By definition, a wavefront is the locus of all points in a medium that are oscillating in the same phase. Therefore, the phase difference between any two points on the same wavefront is indeed zero. The assertion is true.</p><p><strong>Analysis of Reason (R):</strong> A wavefront is formed by points that the wave disturbance reaches at the same instant of time. For a wave originating from a point source, this means all points on a spherical wavefront are equidistant from the source. Because they are equidistant, the wave takes the same time to travel to each point, and thus they oscillate in the same phase. The reason is a true statement and correctly explains the assertion.</p><p>Since both Assertion and Reason are true, and the Reason is the correct explanation of the Assertion, the correct option is (a).</p>"
                  }
                ]
              },
              {
                "chapter_name": "Dual Nature of Radiation and Matter",
                "questions": [
                  {
                    "question_no": 18,
                    "question_html": "<p><strong>Assertion (A):</strong> Photoelectric effect demonstrates the particle nature of light.</p><p><strong>Reason (R):</strong> Photoelectric current is proportional to intensity of incident radiation for frequencies more than the threshold frequency.</p>",
                    "options": [
                      {
                        "id": "a",
                        "text": "Both Assertion (A) and Reason (R) are true and Reason (R) is the correct explanation of the Assertion (A)."
                      },
                      {
                        "id": "b",
                        "text": "Both Assertion (A) and Reason (R) are true, but Reason (R) is not the correct explanation of the Assertion (A)."
                      },
                      {
                        "id": "c",
                        "text": "Assertion (A) is true, but Reason (R) is false."
                      },
                      {
                        "id": "d",
                        "text": "Assertion (A) is false and Reason (R) is also false."
                      }
                    ],
                    "correct_answer": {
                      "ids": [
                        "b"
                      ]
                    },
                    "question_type": "mcq_single",
                    "difficulty_level": "medium",
                    "explanation_html": "<p><strong>Analysis of Assertion (A):</strong> The photoelectric effect exhibits several features (like the existence of a threshold frequency, the instantaneous emission of electrons, and the kinetic energy of photoelectrons depending on frequency but not intensity) that could not be explained by the classical wave theory of light. Albert Einstein successfully explained these phenomena by proposing that light consists of discrete energy packets called photons, thereby demonstrating the particle nature of light. The assertion is true.</p><p><strong>Analysis of Reason (R):</strong> It is an experimentally verified fact that for incident radiation with a frequency above the threshold frequency, the photoelectric current (which is proportional to the number of electrons emitted per second) is directly proportional to the intensity of the light. This is because higher intensity means more photons are incident per second, leading to more electron emissions. The reason is a true statement.</p><p><strong>Connection:</strong> While the reason is a correct observation of the photoelectric effect, it is not the primary justification for light's particle nature. The key evidence lies in the aspects that the wave theory fails to explain, especially the relationship between electron kinetic energy and light frequency. The relationship between current and intensity alone could arguably be consistent with wave theory (a more intense wave carries more energy). Therefore, the reason, while true, is not the correct explanation for the assertion. The correct option is (b).</p>"
                  }
                ]
              },
              {
                "chapter_name": "Moving Charges and Magnetism",
                "questions": [
                  {
                    "question_no": 19,
                    "question_html": "<p>An alpha particle is projected with velocity v = (3.0 × 10⁵ m/s) î into a region in which magnetic field B = [(0.4 T) î + (0.3 T) ĵ] exists. Calculate the acceleration of the particle in the region. î, ĵ and k̂ are unit vectors along x, y and z axis respectively and charge to mass ratio for alpha particle is 4.8 × 10⁷ C/kg.</p>",
                    "options": [],
                    "correct_answer": {
                      "text": "<p>The magnetic force on the alpha particle is given by F = q(v × B).</p><p>Given: v = (3.0 × 10⁵ m/s) î and B = (0.4 T) î + (0.3 T) ĵ.</p><p>F = q [(3.0 × 10⁵) î × (0.4 î + 0.3 ĵ)] N</p><p>Using the vector cross product rules (î × î = 0 and î × ĵ = k̂):</p><p>F = q [(3.0 × 10⁵ × 0.4) (î × î) + (3.0 × 10⁵ × 0.3) (î × ĵ)] N</p><p>F = q [0 + (0.9 × 10⁵) k̂] N</p><p>F = q(0.9 × 10⁵ k̂) N</p><p>The acceleration is a = F/m = (q/m)(0.9 × 10⁵ k̂) m/s².</p><p>The charge to mass ratio (q/m) for the alpha particle is given as 4.8 × 10⁷ C/kg.</p><p>a = (4.8 × 10⁷) × (0.9 × 10⁵) k̂ m/s²</p><p>a = 4.32 × 10¹² k̂ m/s²</p>"
                    },
                    "question_type": "Very Short Answer (2 marks)",
                    "difficulty_level": "medium",
                    "explanation_html": null
                  }
                ]
              },
              {
                "chapter_name": "Electromagnetic Waves",
                "questions": [
                  {
                    "question_no": 20,
                    "question_html": "<p>Consider an induced magnetic field due to changing electric field and an induced electric field due to changing magnetic field. Which one is more easily observed ? Justify your answer.</p>",
                    "options": [],
                    "correct_answer": {
                      "text": "<p>The induced electric field due to a changing magnetic field is more easily observed.</p><p><strong>Justification:</strong> An induced electric field can be readily produced and detected by simple electromagnetic induction phenomena. For example, moving a magnet near a coil or changing the current in a primary coil induces a current in a secondary coil. This induced current is a direct consequence of the induced electric field. This effect is strong and forms the basis of transformers, generators, and inductors. The induced magnetic field due to a changing electric field (displacement current) is generally a much weaker effect and is significant only at very high frequencies, making it more difficult to observe directly in simple lab setups.</p>"
                    },
                    "question_type": "Very Short Answer (2 marks)",
                    "difficulty_level": "medium",
                    "explanation_html": null
                  }
                ]
              },
              {
                "chapter_name": "Wave Optics",
                "questions": [
                  {
                    "question_no": 21,
                    "question_html": "<p>(a) Using Huygens' principle, draw a ray diagram showing the propagation of a plane wave refracting at a plane surface separating two media. Also verify Snell's law of refraction.</p><p>OR</p><p>(b) Why is a reflecting telescope preferred over a refracting telescope ? Justify your answer giving two reasons.</p>",
                    "options": [],
                    "correct_answer": {
                      "text": "<p><strong>Part (a)</strong></p><p><strong>Ray Diagram using Huygens' Principle:</strong></p><p>Consider a plane wavefront AB incident at an angle 'i' on a plane surface PP' separating two media, medium 1 (speed v₁) and medium 2 (speed v₂). Let τ be the time taken for the wavefront to travel from B to C.</p><p>So, BC = v₁τ.</p><p>In the same time, the secondary wavelet from point A will travel a distance AE = v₂τ in medium 2. A sphere of radius v₂τ is drawn from point A.</p><p>The tangent CE drawn from point C to this sphere represents the refracted wavefront.</p><p><strong>Verification of Snell's Law:</strong></p><p>In ΔABC, sin i = BC/AC = v₁τ/AC.</p><p>In ΔAEC, sin r = AE/AC = v₂τ/AC.</p><p>Dividing the two equations:</p><p>(sin i) / (sin r) = (v₁τ/AC) / (v₂τ/AC) = v₁/v₂.</p><p>The ratio v₁/v₂ is the refractive index of medium 2 with respect to medium 1 (n₂₁). </p><p>Therefore, sin i / sin r = n₂₁, which is Snell's law of refraction.</p><hr><p><strong>Part (b)</strong></p><p>A reflecting telescope is preferred over a refracting telescope for the following two reasons:</p><ol><li><strong>No Chromatic Aberration:</strong> Refracting telescopes use lenses, which cause chromatic aberration (different colors of light are focused at different points), resulting in colored fringes around images. Reflecting telescopes use mirrors, and reflection occurs equally for all wavelengths, so they are free from chromatic aberration, producing sharper and clearer images.</li><li><strong>Mechanical Support and Large Aperture:</strong> It is much easier to make large-aperture mirrors than large-aperture lenses. Large lenses are heavy, difficult to manufacture without defects, and can only be supported at their edges, causing them to sag under their own weight. Mirrors can be supported over their entire back surface, allowing for the construction of very large-aperture telescopes which have higher resolving power and light-gathering ability. Parabolic mirrors can also be used to eliminate spherical aberration completely.</li></ol>"
                    },
                    "question_type": "Very Short Answer (2 marks)",
                    "difficulty_level": "medium",
                    "explanation_html": null
                  }
                ]
              },
              {
                "chapter_name": "Wave Optics",
                "questions": [
                  {
                    "question_no": 22,
                    "question_html": "<p>Two coherent monochromatic light beams of intensities I and 4I superpose each other. Find the ratio of maximum and minimum intensities in the resulting beam.</p>",
                    "options": [],
                    "correct_answer": {
                      "text": "<p>The ratio of maximum to minimum intensity in an interference pattern is given by:</p><p>I_max / I_min = (√I₁ + √I₂)² / (√I₁ - √I₂)²</p><p>Given intensities are I₁ = I and I₂ = 4I.</p><p>√I₁ = √I and √I₂ = √(4I) = 2√I.</p><p>Substitute these values into the formula:</p><p>I_max = (√I + 2√I)² = (3√I)² = 9I</p><p>I_min = (√I - 2√I)² = (-√I)² = I</p><p>The ratio is:</p><p>I_max / I_min = 9I / I = 9/1</p><p>So, the ratio of maximum and minimum intensities is 9:1.</p>"
                    },
                    "question_type": "Very Short Answer (2 marks)",
                    "difficulty_level": "easy",
                    "explanation_html": null
                  }
                ]
              },
              {
                "chapter_name": "Atoms",
                "questions": [
                  {
                    "question_no": 23,
                    "question_html": "<p>The ground state energy of hydrogen atom is – 13.6 eV. What is the potential energy and kinetic energy of an electron in the third excited state ?</p>",
                    "options": [],
                    "correct_answer": {
                      "text": "<p>The third excited state corresponds to the principal quantum number n = 4.</p><p>The total energy (E_n) of the electron in the nth state is given by E_n = -13.6/n² eV.</p><p>For n = 4 (third excited state):</p><p>E₄ = -13.6 / 4² = -13.6 / 16 = -0.85 eV.</p><p>In the Bohr model, the following relationships hold:</p><p>Kinetic Energy (KE) = - (Total Energy) = -E_n</p><p>Potential Energy (PE) = 2 × (Total Energy) = 2E_n</p><p>Therefore, for the electron in the third excited state (n=4):</p><p>Kinetic Energy (KE) = -E₄ = -(-0.85 eV) = 0.85 eV.</p><p>Potential Energy (PE) = 2 × E₄ = 2 × (-0.85 eV) = -1.70 eV.</p>"
                    },
                    "question_type": "Very Short Answer (2 marks)",
                    "difficulty_level": "medium",
                    "explanation_html": null
                  }
                ]
              },
              {
                "chapter_name": "Semiconductor Electronics: Materials, Devices and Simple Circuits",
                "questions": [
                  {
                    "question_no": 24,
                    "question_html": "<p>(a) Differentiate between intrinsic and extrinsic semiconductors.</p><p>OR</p><p>(b) Draw the circuit arrangement for studying the V – I characteristics of a p-n junction diode in forward bias and reverse bias. Show the plot of V - I characteristic of a silicon diode.</p>",
                    "options": [],
                    "correct_answer": {
                      "text": "<p><strong>Part (a)</strong></p><p><strong>Difference between Intrinsic and Extrinsic Semiconductors:</strong></p><table border='1' style='width:100%; border-collapse: collapse;'><tr><th style='padding: 8px; text-align: left;'>Feature</th><th style='padding: 8px; text-align: left;'>Intrinsic Semiconductor</th><th style='padding: 8px; text-align: left;'>Extrinsic Semiconductor</th></tr><tr><td style='padding: 8px;'>Purity</td><td style='padding: 8px;'>It is an extremely pure semiconductor.</td><td style='padding: 8px;'>It is a semiconductor doped with impurities.</td></tr><tr><td style='padding: 8px;'>Charge Carriers</td><td style='padding: 8px;'>The number of free electrons (nₑ) is equal to the number of holes (nₕ).</td><td style='padding: 8px;'>The number of free electrons is not equal to the number of holes (nₑ ≠ nₕ).</td></tr><tr><td style='padding: 8px;'>Conductivity</td><td style='padding: 8px;'>Low conductivity at room temperature.</td><td style='padding: 8px;'>High conductivity at room temperature.</td></tr></table><hr><p><strong>Part (b)</strong></p><p><strong>Circuit Diagrams and V-I Characteristic Plot:</strong></p><p><strong>Forward Bias Circuit:</strong> The positive terminal of the DC voltage source is connected to the p-side of the diode and the negative terminal to the n-side, through a variable resistor (rheostat) and a milliammeter. A voltmeter is connected in parallel across the diode.</p><p><strong>Reverse Bias Circuit:</strong> The negative terminal of the DC voltage source is connected to the p-side of the diode and the positive terminal to the n-side, through a variable resistor and a microammeter. A voltmeter is connected in parallel across the diode.</p><p><strong>V-I Characteristic of a Silicon Diode:</strong></p><p>The plot shows that in forward bias, the current is negligible until the voltage crosses the knee voltage (approx. 0.7 V for silicon), after which it increases rapidly. In reverse bias, a very small leakage current (in microamperes) flows until the breakdown voltage is reached, at which point the current increases sharply.</p>"
                    },
                    "question_type": "Very Short Answer (2 marks)",
                    "difficulty_level": "medium",
                    "explanation_html": null
                  }
                ]
              },
              {
                "chapter_name": "Semiconductor Electronics: Materials, Devices and Simple Circuits",
                "questions": [
                  {
                    "question_no": 25,
                    "question_html": "<p>Briefly explain how the diffusion and drift currents contribute to the formation of potential barrier in a p-n junction diode.</p>",
                    "options": [],
                    "correct_answer": {
                      "text": "<p>When a p-n junction is formed, there is a high concentration of holes on the p-side and a high concentration of electrons on the n-side. Due to this concentration gradient, holes diffuse from the p-side to the n-side, and electrons diffuse from the n-side to the p-side. This flow of charge carriers constitutes the <strong>diffusion current</strong>.</p><p>As electrons diffuse to the p-side, they leave behind positive immobile donor ions on the n-side. Similarly, as holes diffuse to the n-side, they leave behind negative immobile acceptor ions on the p-side. This creates a region near the junction, called the depletion region, which is devoid of free charge carriers but contains these fixed ions. </p><p>These fixed ions create an internal electric field directed from the n-side (positive ions) to the p-side (negative ions). This electric field opposes the further diffusion of charge carriers. It also exerts a force on the minority charge carriers (electrons in the p-side, holes in the n-side), causing them to move across the junction. This flow constitutes the <strong>drift current</strong>, which is in the opposite direction to the diffusion current.</p><p>Initially, the diffusion current is large and the drift current is small. As the depletion region and its electric field grow stronger, the drift current increases while the diffusion current decreases. An equilibrium is reached when the magnitude of the diffusion current becomes equal to the magnitude of the drift current, resulting in no net current flow. The potential difference across this depletion region at equilibrium is called the <strong>potential barrier</strong>.</p>"
                    },
                    "question_type": "Very Short Answer (2 marks)",
                    "difficulty_level": "medium",
                    "explanation_html": null
                  }
                ]
              },
              {
                "chapter_name": "Electrostatic Potential and Capacitance",
                "questions": [
                  {
                    "question_no": 26,
                    "question_html": "<p>(a) Twelve negative charges of same magnitude are equally spaced and fixed on the circumference of a circle of radius R as shown in Fig. (i). Relative to potential being zero at infinity, find the electric potential and electric field at the centre C of the circle.</p><p>(b) If the charges are unequally spaced and fixed on an arc of 120° of radius R as shown in Fig. (ii), find electric potential at the centre C.</p>",
                    "images": [
                      {
                        "url": "https://img.testbuddyai.com/Phy-55-1-23-Q26b.png"
                      }
                    ],
                    "options": [],
                    "correct_answer": {
                      "text": "<p><strong>(a) For equally spaced charges on the circle:</strong></p><p><strong>Electric Potential at C:</strong></p><p>Electric potential is a scalar quantity. The potential at the centre C due to a single charge '-q' at a distance R is V' = k(-q)/R. Since all 12 charges are identical (-q) and are at the same distance R from the centre, the total potential at C is the algebraic sum of the potentials due to each charge.</p><p>V_total = 12 × V' = 12 × [k(-q)/R] = -12kq/R = -12q / (4πε₀R).</p><p><strong>Electric Field at C:</strong></p><p>Electric field is a vector quantity. The electric field due to each charge points radially inward (from C towards the charge). Due to the symmetrical arrangement of the 12 equal charges, for every charge, there is an identical charge diametrically opposite to it. The electric field vectors from these pairs of charges cancel each other out. As this is true for all 6 pairs of charges, the net electric field at the centre C is zero.</p><p><strong>(b) For charges on a 120° arc:</strong></p><p><strong>Electric Potential at C:</strong></p><p>Electric potential is a scalar quantity and only depends on the magnitude of the charges and their distance from the point, not on their relative arrangement. Even though the 12 charges are now on an arc, each charge (-q) is still at the same distance R from the centre C. Therefore, the total electric potential at C is the same as in part (a).</p><p>V_total = 12 × [k(-q)/R] = -12kq/R = -12q / (4πε₀R).</p>"
                    },
                    "question_type": "Short Answer (3 marks)",
                    "difficulty_level": "medium",
                    "explanation_html": null
                  }
                ]
              },
              {
                "chapter_name": "Alternating Current",
                "questions": [
                  {
                    "question_no": 27,
                    "question_html": "<p>(a) How does the resistance differ from impedance ? With the help of a suitable phasor diagram, obtain an expression for impedance of a series LCR circuit, connected to a source v = v_m sin ωt.</p><p>OR</p><p>(b) Find the condition for resonance in a series LCR circuit connected to a source v = v_m sin ωt, where ω can be varied. Give the factors on which the resonant frequency of a series LCR circuit depends. Plot a graph showing the variation of electric current with frequency in a series LCR circuit.</p>",
                    "options": [],
                    "correct_answer": {
                      "text": "<p><strong>Part (a)</strong></p><p><strong>Difference between Resistance and Impedance:</strong></p><p>Resistance is the opposition to the flow of current in a purely resistive circuit, and it is independent of the frequency of the AC source. It opposes both DC and AC. Impedance (Z) is the total opposition to the flow of alternating current in a circuit containing resistance (R), inductance (L), and/or capacitance (C). It is frequency-dependent and is the vector sum of resistance and reactance.</p><p><strong>Phasor Diagram and Expression for Impedance:</strong></p><p>In a series LCR circuit, the voltage across the resistor (V_R) is in phase with the current (I). The voltage across the inductor (V_L) leads the current by 90°, and the voltage across the capacitor (V_C) lags the current by 90°.</p><p>Let I_m be the peak current. Then V_Rm = I_mR, V_Lm = I_mX_L, and V_Cm = I_mX_C.</p><p>From the phasor diagram, the resultant voltage V_m is the vector sum of V_R, V_L, and V_C. The net reactive voltage is (V_L - V_C), which is perpendicular to V_R.</p><p>Using the Pythagorean theorem:</p><p>V_m² = V_R² + (V_L - V_C)²</p><p>V_m² = (I_mR)² + (I_mX_L - I_mX_C)²</p><p>V_m² = I_m² [R² + (X_L - X_C)²]</p><p>V_m / I_m = √[R² + (X_L - X_C)²]</p><p>Impedance Z = V_m / I_m. Therefore, the expression for impedance is:</p><p>Z = √[R² + (X_L - X_C)²]</p><hr><p><strong>Part (b)</strong></p><p><strong>Condition for Resonance:</strong></p><p>Resonance in a series LCR circuit occurs when the current in the circuit is maximum. The current I = V/Z. For the current to be maximum, the impedance Z = √[R² + (X_L - X_C)²] must be minimum. This occurs when the reactive part of the impedance is zero, i.e., X_L - X_C = 0, or X_L = X_C.</p><p>Since X_L = ωL and X_C = 1/(ωC), the condition for resonance is: ωL = 1/(ωC).</p><p><strong>Factors affecting Resonant Frequency:</strong></p><p>From the resonance condition, the resonant angular frequency (ω_r) is:</p><p>ω_r² = 1/(LC) => ω_r = 1/√(LC)</p><p>Thus, the resonant frequency depends on the values of the inductance (L) and the capacitance (C) in the circuit.</p><p><strong>Graph of Current vs. Frequency:</strong></p><p>The graph is a curve that starts from a low value, rises to a maximum peak value at the resonant frequency (ω_r), and then decreases as the frequency further increases. The sharpness of the peak depends on the resistance R (quality factor Q).</p>"
                    },
                    "question_type": "Short Answer (3 marks)",
                    "difficulty_level": "hard",
                    "explanation_html": null
                  }
                ]
              },
              {
                "chapter_name": "Electromagnetic Induction",
                "questions": [
                  {
                    "question_no": 28,
                    "question_html": "<p>A long solenoid of radius r consists of n turns per unit length. A current I = I₀ sin ωt flows in the solenoid. A coil of N turns is wound tightly around it near its centre. What is :</p><p>(a) the induced emf in the coil ?</p><p>(b) the mutual inductance between the solenoid and the coil ?</p>",
                    "options": [],
                    "correct_answer": {
                      "text": "<p><strong>(a) Induced emf in the coil:</strong></p><p>1. The magnetic field (B) inside the long solenoid is uniform and given by B = μ₀nI.</p><p>Substituting I = I₀ sin ωt, we get B = μ₀nI₀ sin ωt.</p><p>2. The magnetic flux (Φ) through each turn of the outer coil is B × Area = B(πr²). So, Φ_turn = (μ₀nI₀ sin ωt)(πr²).</p><p>3. The total magnetic flux linked with the outer coil of N turns is Φ_total = N × Φ_turn = N(μ₀nI₀πr² sin ωt).</p><p>4. The induced emf (ε) in the coil is given by Faraday's law, ε = -dΦ_total/dt.</p><p>ε = - d/dt [Nμ₀nI₀πr² sin ωt]</p><p>ε = -Nμ₀nI₀πr² d/dt(sin ωt)</p><p>ε = -Nμ₀nI₀πr² (ω cos ωt)</p><p>The induced emf is ε = -μ₀nNπr²ωI₀ cos ωt.</p><p><strong>(b) Mutual inductance between the solenoid and the coil:</strong></p><p>The mutual inductance (M) is defined by the relation Φ_total = MI, where I is the current in the solenoid.</p><p>From step 3 above, the total flux is Φ_total = (Nμ₀nπr²)I.</p><p>Comparing this with Φ_total = MI, we get:</p><p>M = Nμ₀nπr².</p><p>Alternatively, the induced emf is also given by ε = -M(dI/dt).</p><p>I = I₀ sin ωt => dI/dt = ωI₀ cos ωt.</p><p>So, ε = -M(ωI₀ cos ωt).</p><p>Comparing this with the result from part (a), ε = -(μ₀nNπr²)ωI₀ cos ωt, we find:</p><p>M = μ₀nNπr².</p>"
                    },
                    "question_type": "Short Answer (3 marks)",
                    "difficulty_level": "hard",
                    "explanation_html": null
                  }
                ]
              },
              {
                "chapter_name": "Dual Nature of Radiation and Matter",
                "questions": [
                  {
                    "question_no": 29,
                    "question_html": "<p>How does Einstein's photoelectric equation explain the emission of electrons from a metal surface ? Explain briefly.</p><p>Plot the variation of photocurrent with :</p><p>(a) collector plate potential for different intensity of incident radiation, and</p><p>(b) intensity of incident radiation.</p>",
                    "options": [],
                    "correct_answer": {
                      "text": "<p><strong>Explanation of Electron Emission:</strong></p><p>Einstein's photoelectric equation is based on the quantum theory of light, where light energy is carried in discrete packets called photons. The energy of a single photon is E = hν, where h is Planck's constant and ν is the frequency of light.</p><p>Einstein proposed that in the photoelectric effect, there is a one-to-one interaction between a photon and an electron. When a photon strikes a metal surface, it transfers its entire energy (hν) to a single electron. A part of this energy is used by the electron to overcome the attractive forces of the metal and escape from the surface. This minimum energy required for escape is called the work function (Φ₀) of the metal. The remaining energy appears as the maximum kinetic energy (K_max) of the emitted electron (photoelectron).</p><p>This is expressed by the equation:</p><p>K_max = hν - Φ₀</p><p>For electron emission to occur, the photon energy must be at least equal to the work function (hν ≥ Φ₀). This explains the existence of a threshold frequency (ν₀ = Φ₀/h) below which no photoemission occurs, regardless of the light's intensity.</p><p><strong>(a) Plot of Photocurrent vs. Collector Plate Potential:</strong></p><p>The graph shows that for a given intensity, as the positive potential of the collector plate increases, the photocurrent increases until it reaches a saturation value, where all emitted electrons are being collected. If the intensity of light is increased (e.g., from I₁ to I₂ to I₃), the saturation current increases proportionally, as more photons strike the surface per second, releasing more electrons. However, the stopping potential (V₀), which is the negative potential required to stop the most energetic electrons, remains the same because it depends only on the frequency of the incident light, not its intensity.</p><p><strong>(b) Plot of Photocurrent vs. Intensity of Incident Radiation:</strong></p><p>The graph is a straight line passing through the origin. This shows that the photoelectric current is directly proportional to the intensity of the incident radiation (for a frequency above the threshold). A higher intensity means more photons are incident per unit time, which leads to the emission of more photoelectrons per unit time, resulting in a larger photocurrent.</p>"
                    },
                    "question_type": "Short Answer (3 marks)",
                    "difficulty_level": "medium",
                    "explanation_html": null
                  }
                ]
              },
              {
                "chapter_name": "Atoms",
                "questions": [
                  {
                    "question_no": 30,
                    "question_html": "<p>(a) Draw the energy level diagram for hydrogen atom. Mark the transitions corresponding to the series lying in the ultraviolet region, visible region and infrared region.</p><p>OR</p><p>(b) Draw a diagram to show the variation of binding energy per nucleon with mass number for different nuclei and mention its two features. Why do lighter nuclei usually undergo nuclear fusion ?</p>",
                    "options": [],
                    "correct_answer": {
                      "text": "<p><strong>Part (a)</strong></p><p><strong>Energy Level Diagram for Hydrogen Atom:</strong></p><p>The diagram shows horizontal lines representing the discrete energy levels of the hydrogen atom, labeled with their principal quantum number (n) and corresponding energy in eV (e.g., n=1 at -13.6 eV, n=2 at -3.4 eV, n=3 at -1.51 eV, ..., n=∞ at 0 eV).</p><p><strong>Transitions:</strong></p><ul><li><strong>Ultraviolet (UV) Region (Lyman Series):</strong> Transitions are shown as downward arrows from any higher energy level (n = 2, 3, 4, ...) to the ground state (n = 1).</li><li><strong>Visible Region (Balmer Series):</strong> Transitions are shown as downward arrows from higher energy levels (n = 3, 4, 5, ...) to the first excited state (n = 2).</li><li><strong>Infrared (IR) Region (Paschen, Brackett series, etc.):</strong> Transitions are shown for the Paschen series as downward arrows from higher levels (n = 4, 5, 6, ...) to the n = 3 level. Other IR series like Brackett (to n=4) and Pfund (to n=5) also exist for transitions from even higher levels.</li></ul><hr><p><strong>Part (b)</strong></p><p><strong>Binding Energy per Nucleon vs. Mass Number Curve:</strong></p><p>The diagram is a plot with Mass Number (A) on the x-axis and Binding Energy per Nucleon (BE/A) in MeV on the y-axis. The curve starts at a low value for light nuclei, rises rapidly to a broad maximum around A = 56 (Iron), and then slowly decreases for heavier nuclei.</p><p><strong>Two Features of the Curve:</strong></p><ol><li>The binding energy per nucleon is relatively low for very light nuclei (A < 30) and for very heavy nuclei (A > 170).</li><li>The curve has a broad maximum in the range of mass number A from 30 to 170, with the peak value of about 8.75 MeV per nucleon for A ≈ 56 (Iron). This indicates that nuclei in this range are the most stable.</li></ol><p><strong>Reason for Nuclear Fusion in Lighter Nuclei:</strong></p><p>Lighter nuclei have a lower binding energy per nucleon compared to nuclei in the middle of the curve. When two light nuclei fuse together to form a heavier nucleus (that is still relatively light, e.g., A < 56), the resulting nucleus has a higher binding energy per nucleon. This increase in binding energy per nucleon means that the final nucleus is more stable and energy is released in the process (the mass defect is converted to energy via E=mc²). This energy release makes the fusion process favorable for light nuclei.</p>"
                    },
                    "question_type": "Short Answer (3 marks)",
                    "difficulty_level": "medium",
                    "explanation_html": null
                  }
                ]
              },
              {
                "chapter_name": "Electric Charges and Fields",
                "questions": [
                  {
                    "question_no": 31,
                    "question_html": "<p>(a) (i) State Coulomb's law in electrostatics and write it in vector form, for two charges.</p><p>(ii) 'Gauss's law is based on the inverse-square dependence on distance contained in the Coulomb's law.' Explain.</p><p>(iii) Two charges A (charge q) and B (charge 2q) are located at points (0, 0) and (a, a) respectively. Let î and ĵ be the unit vectors along x-axis and y-axis respectively. Find the force exerted by A on B, in terms of î and ĵ.</p><p>OR</p><p>(b) (i) Derive an expression for the electric field at a point on the equatorial plane of an electric dipole consisting of charges q and – q separated by a distance 2a.</p><p>(ii) The distance of a far off point on the equatorial plane of an electric dipole is halved. How will the electric field be affected for the dipole ?</p><p>(iii) Two identical electric dipoles are placed along the diagonals of a square ABCD of side √2 m as shown in the figure. Obtain the magnitude and direction of the net electric field at the centre (O) of the square.</p>",
                    "images": [
                      {
                        "url": "https://img.testbuddyai.com/Phy-55-1-23-Q31b(iii).png"
                      }
                    ],
                    "options": [],
                    "correct_answer": {
                      "text": "<p><strong>Part (a)</strong></p><p><strong>(i) Coulomb's Law and its Vector Form:</strong></p><p><strong>Statement:</strong> Coulomb's law states that the electrostatic force between two stationary point charges is directly proportional to the product of the magnitudes of the charges and inversely proportional to the square of the distance between them. This force acts along the line joining the two charges.</p><p><strong>Vector Form:</strong> The force F₁₂ exerted by charge q₁ on charge q₂ is given by:</p><p>F₁₂ = (1 / 4πε₀) * (q₁q₂ / r²₁₂) * r̂₁₂</p><p>where r₁₂ is the distance between the charges and r̂₁₂ is a unit vector pointing from q₁ to q₂.</p><p><strong>(ii) Gauss's Law and Inverse-Square Dependence:</strong></p><p>Gauss's law relates the electric flux through a closed surface to the net charge enclosed. The derivation of Gauss's law from Coulomb's law involves calculating this flux. The electric field E from a point charge varies as 1/r². The surface area of a Gaussian sphere enclosing the charge varies as r². When we calculate the flux (Φ = ∫ E ⋅ dA), the product of the electric field and the surface area element results in the r² terms cancelling out, making the flux independent of the radius of the Gaussian surface. This cancellation is essential for Gauss's law to hold in its simple form. If Coulomb's law did not have an inverse-square dependence, the flux would depend on the distance, and Gauss's law would not be valid.</p><p><strong>(iii) Force Calculation:</strong></p><p>Charge A (q) is at (0,0). Charge B (2q) is at (a,a). The position vector from A to B is r = (a - 0)î + (a - 0)ĵ = aî + aĵ.</p><p>The distance between them is |r| = √(a² + a²) = a√2.</p><p>The unit vector from A to B is r̂ = r / |r| = (aî + aĵ) / (a√2) = (î + ĵ) / √2.</p><p>The force exerted by A on B is F_AB = (1 / 4πε₀) * (q * 2q / |r|²) * r̂</p><p>F_AB = (1 / 4πε₀) * (2q² / (a√2)²) * [(î + ĵ) / √2]</p><p>F_AB = (1 / 4πε₀) * (2q² / 2a²) * [(î + ĵ) / √2]</p><p>F_AB = (q² / (4πε₀a²√2)) * (î + ĵ)</p><hr><p><strong>Part (b)</strong></p><p><strong>(i) Electric Field on Equatorial Plane:</strong></p><p>Consider a point P on the equatorial plane at a distance r from the center of the dipole. The distance of P from both +q and -q is √(r² + a²). The electric field due to +q (E₊) and -q (E₋) have equal magnitudes: |E₊| = |E₋| = kq / (r² + a²). The vertical components of these fields (E sinθ) cancel out. The horizontal components (E cosθ) add up. The net field E_eq is directed opposite to the dipole moment vector.</p><p>E_eq = 2 |E₊| cosθ = 2 * [kq / (r² + a²)] * [a / √(r² + a²)]</p><p>E_eq = 2kqa / (r² + a²)³/² = kp / (r² + a²)³/², where p = 2qa is the dipole moment.</p><p><strong>(ii) Effect of Halving the Distance:</strong></p><p>For a far-off point, r >> a, so the electric field expression simplifies to E_eq ≈ kp / r³. This shows the electric field is inversely proportional to the cube of the distance.</p><p>If the distance r is halved (r' = r/2), the new electric field E' will be:</p><p>E' ∝ 1 / (r/2)³ = 1 / (r³/8) = 8 * (1/r³)</p><p>The electric field will become 8 times its original value.</p><p><strong>(iii) Field at the Centre of the Square:</strong></p><p>The side of the square is √2 m. The length of the diagonal is √( (√2)² + (√2)² ) = √4 = 2 m. The distance from the center O to each charge is half the diagonal, which is a = 1 m.</p><p>There are two dipoles. Dipole 1 (along diagonal AC) has dipole moment p₁. Dipole 2 (along diagonal BD) has dipole moment p₂. Since they are identical, |p₁| = |p₂| = p.</p><p>The electric field at the center O due to a dipole at a distance r along its axis is E_axial = 2kp/r³. The field due to a dipole on its equatorial line is E_eq = kp/r³.</p><p>For dipole p₁ (along AC), point O is its center. This configuration is not a standard axial/equatorial point. We must calculate the field from individual charges.</p><p>The field due to charge +q at A and -q at C add up, pointing from A to C. E_AC = 2 * kq/1² = 2kq, along OC.</p><p>The field due to charge -q at B and +q at D add up, pointing from D to B. E_DB = 2 * kq/1² = 2kq, along OB.</p><p>The two field vectors E_AC and E_DB are equal in magnitude (2kq) and are perpendicular to each other (along the diagonals). The net field E_net is the vector sum.</p><p>|E_net| = √((2kq)² + (2kq)²) = √(2 * (2kq)²) = 2kq√2.</p><p>The direction will be along the bisector of the angle between OC and OB, which is along the line DC.</p>"
                    },
                    "question_type": "Long Answer (5 marks)",
                    "difficulty_level": "hard",
                    "explanation_html": null
                  }
                ]
              },
              {
                "chapter_name": "Moving Charges and Magnetism",
                "questions": [
                  {
                    "question_no": 32,
                    "question_html": "<p>(a) (i) State Biot-Savart's law for the magnetic field due to a current carrying element. Use this law to obtain an expression for the magnetic field at the centre of a circular loop of radius 'a' and carrying a current 'I'. Draw the magnetic field lines for a current loop indicating the direction of magnetic field.</p><p>(ii) An electron is revolving around the nucleus in a circular orbit with a speed of 10⁷ m s⁻¹. If the radius of the orbit is 10⁻¹⁰ m, find the current constituted by the revolving electron in the orbit.</p><p>OR</p><p>(b) (i) Derive an expression for the force acting on a current carrying straight conductor kept in a magnetic field. State the rule which is used to find the direction of this force. Give the condition under which this force is (1) maximum, and (2) minimum.</p><p>(ii) Two long parallel straight wires A and B are 2.5 cm apart in air. They carry 5.0 A and 2.5 A currents respectively in opposite directions. Calculate the magnitude of the force exerted by wire A on a 10 cm length of wire B.</p>",
                    "options": [],
                    "correct_answer": {
                      "text": "<p><strong>Part (a)</strong></p><p><strong>(i) Biot-Savart's Law and Field at Centre of Loop:</strong></p><p><strong>Statement:</strong> Biot-Savart's law states that the magnetic field (dB) at a point due to a small current-carrying element (Idl) is directly proportional to the current (I), the length of the element (dl), and the sine of the angle (θ) between the element and the line joining the element to the point, and is inversely proportional to the square of the distance (r) from the element to the point. In vector form: dB = (μ₀/4π) * (I dl × r̂) / r².</p><p><strong>Field at Centre:</strong> For a circular loop of radius 'a', consider a small element dl. The distance to the center is r = a. The angle between dl and the radius vector to the center is always 90° (θ = 90°), so sin θ = 1. According to Biot-Savart's law, the field due to this element at the center is dB = (μ₀/4π) * (I dl / a²). The direction of dB is perpendicular to the plane of the loop (given by the right-hand thumb rule). Since this is true for all elements dl, we can integrate to find the total field B. B = ∫ dB = ∫ (μ₀I / 4πa²) dl = (μ₀I / 4πa²) ∫ dl. The integral of dl over the whole loop is the circumference, 2πa. B = (μ₀I / 4πa²) * (2πa) = μ₀I / 2a.</p><p><strong>Field Lines:</strong> The magnetic field lines emerge from one face (acting as a North pole), loop around the outside of the wire, and enter the other face (acting as a South pole). Inside the loop, the lines are nearly straight and parallel.</p><p><strong>(ii) Current due to Revolving Electron:</strong></p><p>The time period of revolution is T = Distance/Speed = 2πr / v. Current I = Charge/Time = e/T = ev / 2πr. I = (1.6 × 10⁻¹⁹ C × 10⁷ m/s) / (2π × 10⁻¹⁰ m) = (1.6 × 10⁻¹²) / (2π) A ≈ 0.255 × 10⁻² A = 2.55 mA.</p><hr><p><strong>Part (b)</strong></p><p><strong>(i) Force on a Current-Carrying Conductor:</strong></p><p>Consider a straight conductor of length L and cross-sectional area A, carrying current I in a uniform magnetic field B. The current is due to drift velocity (v_d) of n electrons per unit volume. The total number of charge carriers is N = nAL. The force on one electron is f = -e(v_d × B). The total force on the conductor is F = N * f = nAL * [-e(v_d × B)]. Since current I = nAev_d, we can associate a current element vector IL with N(-e v_d). Thus, F = I(L × B), where L is a vector in the direction of the current. The magnitude is F = ILB sinθ.</p><p><strong>Direction Rule:</strong> Fleming's Left-Hand Rule is used. If the forefinger points in the direction of the magnetic field, the middle finger in the direction of the current, then the thumb gives the direction of the force.</p><p><strong>Conditions:</strong> (1) The force is <strong>maximum</strong> when the conductor is perpendicular to the field (θ = 90°, sinθ = 1), F_max = ILB. (2) The force is <strong>minimum</strong> (zero) when the conductor is parallel or anti-parallel to the field (θ = 0° or 180°, sinθ = 0), F_min = 0.</p><p><strong>(ii) Force between Parallel Wires:</strong></p><p>The force per unit length between two long parallel wires is F/L = (μ₀I₁I₂) / (2πd). The force on a length L of wire B is F_B = [(μ₀I_A I_B) / (2πd)] × L_B. Since the currents are in opposite directions, the force is repulsive. Magnitude: F_B = [(4π × 10⁻⁷ T·m/A × 5.0 A × 2.5 A) / (2π × 2.5 × 10⁻² m)] × (10 × 10⁻² m). F_B = [2 × 10⁻⁷ × 5.0 × 2.5 / (2.5 × 10⁻²)] × 0.1 = [2 × 10⁻⁷ × 5.0 / 10⁻²] × 0.1 = 10 × 10⁻⁵ × 0.1 = 1.0 × 10⁻⁵ N.</p>"
                    },
                    "question_type": "Long Answer (5 marks)",
                    "difficulty_level": "hard",
                    "explanation_html": null
                  }
                ]
              },
              {
                "chapter_name": "Wave Optics",
                "questions": [
                  {
                    "question_no": 33,
                    "question_html": "<p>(a) (i) (1) Write two points of difference between an interference pattern and a diffraction pattern.</p><p>(2) Name any two factors on which the fringe width in a Young's double-slit experiment depends.</p><p>(ii) In Young's double-slit experiment, the two slits are separated by a distance equal to 100 times the wavelength of light that passes through the slits. Calculate :</p><p>(1) the angular separation in radians between the central maximum and the adjacent maximum.</p><p>(2) the distance between these two maxima on a screen 50 cm from the slits.</p><p>OR</p><p>(b) (i) A spherical surface of radius of curvature R separates two media of refractive indices n₁ and n₂. A point object is placed in front of the surface at distance u in medium of refractive index n₁ and its image is formed by the surface at distance v, in the medium of refractive index n₂. Derive a relation between u, v, n₁, n₂ and R.</p><p>(ii) A solid glass sphere of radius 6.0 cm has a small air bubble trapped at a distance 3.0 cm from its centre C as shown in the figure. The refractive index of the material of the sphere is 1.5. Find the apparent position of this bubble when seen through the surface of the sphere from an outside point E in air.</p>",
                    "images": [
                      {
                        "url": "https://img.testbuddyai.com/Phy-55-1-23-Q33b(ii).png"
                      }
                    ],
                    "options": [],
                    "correct_answer": {
                      "text": "<p><strong>Part (a)</strong></p><p><strong>(i) (1) Differences between Interference and Diffraction:</strong></p><ol><li>Interference is the result of the superposition of waves from two different coherent sources, while diffraction is the result of the superposition of wavelets from different parts of the same wavefront.</li><li>In an interference pattern, all bright fringes have the same intensity. In a diffraction pattern, the central bright fringe is the most intense, and the intensity of secondary maxima decreases rapidly.</li></ol><p><strong>(i) (2) Factors affecting Fringe Width (β):</strong></p><p>The fringe width is given by β = λD/d. The two factors are:</p><ol><li>The wavelength of light (λ).</li><li>The distance between the slits and the screen (D).</li><li>The distance between the two slits (d).</li></ol><p><strong>(ii) Calculation:</strong></p><p>Given: d = 100λ, D = 50 cm = 0.5 m.</p><p><strong>(1) Angular Separation (θ):</strong> For the first maximum (adjacent to central), the path difference is d sinθ = nλ. For n=1, sinθ = λ/d. Since θ is small, θ ≈ sinθ = λ/d = λ/(100λ) = 1/100 = 0.01 radians.</p><p><strong>(2) Distance on Screen (Fringe Width, β):</strong> The distance between the central maximum and the adjacent maximum is the fringe width β. β = λD/d = λ(0.5)/(100λ) = 0.5/100 = 0.005 m = 5 mm.</p><hr><p><strong>Part (b)</strong></p><p><strong>(i) Derivation for Refraction at a Spherical Surface:</strong></p><p>Consider a point object O at distance u from the pole P of a spherical surface. An image I is formed at distance v. Let α, β, γ be the angles made by the incident ray, the normal, and the refracted ray with the principal axis. From the geometry, for small angles, i ≈ α + β and r ≈ β - γ. From Snell's law, n₁ sin i = n₂ sin r, which for small angles is n₁i = n₂r. Substituting for i and r: n₁(α + β) = n₂(β - γ). Using the small angle approximation (tanθ ≈ θ), we have α ≈ h/(-u), β ≈ h/R, and γ ≈ h/v, where h is the height of the point of incidence from the axis. n₁( -h/u + h/R) = n₂(h/R - h/v). Cancelling h and rearranging gives the final relation: (n₂/v) - (n₁/u) = (n₂ - n₁)/R.</p><p><strong>(ii) Apparent Position of the Bubble:</strong></p><p>Light travels from the bubble (in glass, n₁ = 1.5) to the observer (in air, n₂ = 1). The bubble is the object. The surface is concave towards the object. The object distance from the surface is u = -(6.0 cm - 3.0 cm) = -3.0 cm. The radius of curvature of the surface is R = -6.0 cm. Using the formula derived in part (i): (n₂/v) - (n₁/u) = (n₂ - n₁)/R. (1/v) - (1.5 / -3.0) = (1 - 1.5) / -6.0. (1/v) + 0.5 = (-0.5) / -6.0 = 1/12. 1/v = 1/12 - 0.5 = 1/12 - 6/12 = -5/12. v = -12/5 = -2.4 cm. The apparent position is 2.4 cm from the surface, inside the sphere.</p>"
                    },
                    "question_type": "Long Answer (5 marks)",
                    "difficulty_level": "hard",
                    "explanation_html": null
                  }
                ]
              },
              {
                "chapter_name": "Current Electricity",
                "questions": [
                  {
                    "question_no": 34,
                    "question_html": "<p>The following figure shows a circuit diagram. We can find the currents through and potential differences across different resistors using Kirchhoff's rules.</p><p>Answer the following questions based on the above :</p><p>(a) Which points are at the same potential in the circuit ?</p><p>(b) What is the current through arm bg ?</p><p>(c) Find the potential difference across resistance R₃.</p><p>OR</p><p>(c) What is the power dissipated in resistance R₂ ?</p>",
                    "images": [
                      {
                        "url": "https://img.testbuddyai.com/Phy-55-1-23-Q34.png"
                      }
                    ],
                    "options": [],
                    "correct_answer": {
                      "text": "<p><strong>(a) Which points are at the same potential in the circuit?</strong><br>The points (d, e) are connected by a wire with no components, so they are at the same potential. Similarly, the points (j, f, g, h) are all connected by a wire with no components and are therefore at the same potential. Also, points (a,b,c) are at the same potential.</p><p><strong>(b) What is the current through arm bg?</strong><br>Let I₁ be the total current from the battery, and I₂ be the current through arm bg (resistor R₁). Let the current through the arm cdf be I₃. Then I₁ = I₂ + I₃.<br>The circuit shows a balanced Wheatstone bridge. The ratio of resistances R_ab/R_bg = 0/10 = 0 and R_ac/R_cf = 0/5 = 0. This is not a standard bridge. Let's use loop rules directly as intended.<br>Let current through R₁ (bg) be I₂. Let current through R₂ and R₃ be I₃. The total current is I₁ = I₂ + I₃.<br>Applying Kirchhoff's loop rule to the closed loop abgha:<br>-6 + 10(I₂) + 1(I₁) = 0  =>  I₁ + 10I₂ = 6  ---(i)<br>Applying Kirchhoff's loop rule to the closed loop acfha:<br>-6 + 5(I₃) + 5(I₃) + 1(I₁) = 0 => I₁ + 10I₃ = 6 ---(ii)<br>From (i) and (ii), 10I₂ = 10I₃, so I₂ = I₃. <br>Substitute I₁ = I₂ + I₃ = 2I₂ into equation (i):<br>2I₂ + 10I₂ = 6 => 12I₂ = 6 => I₂ = 0.5 A.<br>The current through arm bg is 0.5 A.</p><p><strong>(c) Find the potential difference across resistance R₃.</strong><br>The current through R₃ is I₃, which is equal to I₂, so I₃ = 0.5 A.<br>Potential difference V₃ = I₃ × R₃ = 0.5 A × 5.0 Ω = 2.5 V.</p><p><strong>OR</strong></p><p><strong>(c) What is the power dissipated in resistance R₂?</strong><br>The current through R₂ is I₃ = 0.5 A.<br>Power P₂ = (I₃)² × R₂ = (0.5 A)² × 5.0 Ω = 0.25 × 5 = 1.25 W.</p>"
                    },
                    "question_type": "Case-based Subjective",
                    "difficulty_level": "hard",
                    "explanation_html": null
                  }
                ]
              },
              {
                "chapter_name": "Ray Optics and Optical Instruments",
                "questions": [
                  {
                    "question_no": 35,
                    "question_html": "<p>Strontium titanate is a rare oxide — a natural mineral found in Siberia. It is used as a substitute for diamond because its refractive index and critical angle are 2.41 and 24.5°, respectively, which are approximately equal to the refractive index and critical angle of diamond. It has all the properties of diamond. Even an expert jeweller is unable to differentiate between diamond and strontium titanate. A ray of light is incident normally on one face of an equilateral triangular prism ABC made of strontium titanate.</p><p>Answer the following questions based on the above :</p><p>(a) Trace the path of the ray showing its passage through the prism.</p><p>(b) Find the velocity of light through the prism.</p><p>(c) Briefly explain two applications of total internal reflection.</p><p>OR</p><p>(c) Define total internal reflection of light. Give two conditions for it.</p>",
                    "images": [
                      {
                        "url": "https://img.testbuddyai.com/Phy-55-1-23-Q35.png"
                      }
                    ],
                    "options": [],
                    "correct_answer": {
                      "text": "<p><strong>(a) Trace the path of the ray showing its passage through the prism.</strong><br>1. The ray is incident normally on face AB, so it passes undeviated and strikes the second face, AC.<br>2. Since the prism is equilateral, the angle of the prism is 60°. The angle of incidence 'i' on face AC is therefore 60°.<br>3. The critical angle (θc) for strontium titanate is given as 24.5°.<br>4. Since the angle of incidence (60°) is greater than the critical angle (24.5°), the ray undergoes total internal reflection (TIR) at face AC.<br>5. According to the law of reflection, the angle of reflection is equal to the angle of incidence (60°). The ray reflects and strikes the third face, BC, at a normal angle (90°) and therefore emerges from the prism undeviated.</p><p><strong>(b) Find the velocity of light through the prism.</strong><br>The refractive index n is given by the formula n = c/v, where c is the speed of light in vacuum (3 × 10⁸ m/s) and v is the speed of light in the prism.<br>Given n = 2.41.<br>v = c/n = (3 × 10⁸ m/s) / 2.41 ≈ 1.24 × 10⁸ m/s.</p><p><strong>(c) Briefly explain two applications of total internal reflection.</strong><br>1. <strong>Optical Fibres:</strong> TIR is the fundamental principle behind optical fibres used in telecommunications and medical endoscopes. Light signals travel through the core of the fibre by undergoing repeated total internal reflections at the core-cladding interface, allowing for data transmission over long distances with minimal loss of signal intensity.<br>2. <strong>Prisms in Binoculars and Periscopes:</strong> Right-angled prisms are used to deviate light by 90° or 180° through TIR. This is used in periscopes to see over obstacles and in binoculars (Porro prisms) to erect the inverted image formed by the objective lens, making the final image upright.</p><p><strong>OR</strong></p><p><strong>(c) Define total internal reflection of light. Give two conditions for it.</strong><br><strong>Definition:</strong> Total internal reflection (TIR) is the phenomenon in which a ray of light travelling from an optically denser medium to an optically rarer medium is completely reflected back into the denser medium. This occurs when the angle of incidence at the interface is greater than a specific critical angle for that pair of media.<br><strong>Conditions for TIR:</strong><br>1. The light ray must be travelling from an optically denser medium to an optically rarer medium (e.g., from glass to air).<br>2. The angle of incidence in the denser medium must be greater than the critical angle (i > θc).</p>"
                    },
                    "question_type": "Case-based Subjective",
                    "difficulty_level": "medium",
                    "explanation_html": null
                  }
                ]
              }
            ]
          }
        ]
      }
    ]
  }
]