[
  {
    "exam_name_actual": "CBSE Board - Class 12 - Science",
    "main_exam_id_name_ref": "CBSE Board - Class 12 - Science",
    "years": [
      {
        "year": "2023",
        "papers_or_subjects": [
          {
            "paper_name": "CBSE Class 12 Science (Physics) Paper 2023 (QP Code: 55/2/1)",
            "subject_name": "Physics",
            "chapters": [
              {
                "chapter_name": "Electric Charges and Fields",
                "questions": [
                  {
                    "question_no": 1,
                    "question_html": "<p>The magnitude of the electric field due to a point charge object at a distance of 4.0 m is 9 N/C. From the same charged object the electric field of magnitude, 16 N/C will be at a distance of</p>",
                    "options": [
                      {
                        "id": "a",
                        "text": "1 m"
                      },
                      {
                        "id": "b",
                        "text": "2 m"
                      },
                      {
                        "id": "c",
                        "text": "3 m"
                      },
                      {
                        "id": "d",
                        "text": "6 m"
                      }
                    ],
                    "correct_answer": {
                      "ids": [
                        "c"
                      ]
                    },
                    "question_type": "mcq_single",
                    "difficulty_level": "medium",
                    "explanation_html": "<p>The electric field (E) due to a point charge is inversely proportional to the square of the distance (r) from the charge, i.e., E ∝ 1/r². <br>Let E₁ be the electric field at distance r₁ and E₂ be the electric field at distance r₂. <br>Then, E₁/E₂ = (r₂/r₁)² <br>Given: E₁ = 9 N/C, r₁ = 4.0 m, and E₂ = 16 N/C.<br>Substituting the values: <br>9/16 = (r₂/4)²<br>Taking the square root on both sides: <br>3/4 = r₂/4<br>r₂ = 3 m.<br>Therefore, the electric field of magnitude 16 N/C will be at a distance of 3 m.</p>"
                  }
                ]
              },
              {
                "chapter_name": "Electrostatic Potential and Capacitance",
                "questions": [
                  {
                    "question_no": 2,
                    "question_html": "<p>A point P lies at a distance x from the mid point of an electric dipole on its axis. The electric potential at point P is proportional to</p>",
                    "options": [
                      {
                        "id": "a",
                        "text": "1/x²"
                      },
                      {
                        "id": "b",
                        "text": "1/x³"
                      },
                      {
                        "id": "c",
                        "text": "1/x⁴"
                      },
                      {
                        "id": "d",
                        "text": "1/x¹/²"
                      }
                    ],
                    "correct_answer": {
                      "ids": [
                        "a"
                      ]
                    },
                    "question_type": "mcq_single",
                    "difficulty_level": "easy",
                    "explanation_html": "<p>The electric potential V at a point P on the axis of an electric dipole at a distance x from its center is given by V = (1/4πε₀) * (p / (x² - l²)), where p is the dipole moment and 2l is the length of the dipole. For a short dipole, or for a point far from the dipole (x &gt;&gt; l), we can neglect l². In this case, the potential becomes V ≈ (1/4πε₀) * (p / x²). Thus, the electric potential is proportional to 1/x².</p>"
                  }
                ]
              },
              {
                "chapter_name": "Current Electricity",
                "questions": [
                  {
                    "question_no": 3,
                    "question_html": "<p>A current of 0.8 A flows in a conductor of 40 Ω for 1 minute. The heat produced in the conductor will be</p>",
                    "options": [
                      {
                        "id": "a",
                        "text": "1445 J"
                      },
                      {
                        "id": "b",
                        "text": "1536 J"
                      },
                      {
                        "id": "c",
                        "text": "1569 J"
                      },
                      {
                        "id": "d",
                        "text": "1640 J"
                      }
                    ],
                    "correct_answer": {
                      "ids": [
                        "b"
                      ]
                    },
                    "question_type": "mcq_single",
                    "difficulty_level": "easy",
                    "explanation_html": "<p>The heat produced (H) in a conductor is given by Joule's law of heating, H = I²Rt. <br>Given: <br>Current (I) = 0.8 A<br>Resistance (R) = 40 Ω<br>Time (t) = 1 minute = 60 seconds<br>Substituting the values into the formula:<br>H = (0.8)² × 40 × 60<br>H = 0.64 × 40 × 60<br>H = 25.6 × 60<br>H = 1536 J.<br>Therefore, the heat produced in the conductor is 1536 J.</p>"
                  }
                ]
              },
              {
                "chapter_name": "Current Electricity",
                "questions": [
                  {
                    "question_no": 4,
                    "question_html": "<p>A cell of emf E is connected across an external resistance R. When current ‘I’ is drawn from the cell, the potential difference across the electrodes of the cell drops to V. The internal resistance ‘r’ of the cell is</p>",
                    "options": [
                      {
                        "id": "a",
                        "text": "((E-V)/E)R"
                      },
                      {
                        "id": "b",
                        "text": "(E-V)/R"
                      },
                      {
                        "id": "c",
                        "text": "(E-V)R/I"
                      },
                      {
                        "id": "d",
                        "text": "((E-V)/V)R"
                      }
                    ],
                    "correct_answer": {
                      "ids": [
                        "d"
                      ]
                    },
                    "question_type": "mcq_single",
                    "difficulty_level": "medium",
                    "explanation_html": "<p>For a cell of emf E and internal resistance r, connected to an external resistance R, the terminal potential difference is V. The relationship is given by: E = I(R + r) = IR + Ir. The terminal voltage V is the potential drop across the external resistance, so V = IR. The potential drop across the internal resistance is Ir. From the main equation, E = V + Ir. Rearranging for the internal resistance term, we get Ir = E - V, so r = (E - V) / I. Since V = IR, we can express the current as I = V/R. Substituting this expression for I into the equation for r: r = (E - V) / (V/R) = ((E - V)/V) * R.</p>"
                  }
                ]
              },
              {
                "chapter_name": "Moving Charges and Magnetism",
                "questions": [
                  {
                    "question_no": 5,
                    "question_html": "<p>Beams of electrons and protons move parallel to each other in the same direction. They</p>",
                    "options": [
                      {
                        "id": "a",
                        "text": "attract each other."
                      },
                      {
                        "id": "b",
                        "text": "repel each other."
                      },
                      {
                        "id": "c",
                        "text": "neither attract nor repel."
                      },
                      {
                        "id": "d",
                        "text": "force of attraction or repulsion depends upon speed of beams."
                      }
                    ],
                    "correct_answer": {
                      "ids": [
                        "b"
                      ]
                    },
                    "question_type": "mcq_single",
                    "difficulty_level": "medium",
                    "explanation_html": "<p>A beam of protons moving in a certain direction constitutes a conventional current in that same direction. A beam of electrons moving in the same direction constitutes a conventional current in the opposite direction. Therefore, the two beams are equivalent to two parallel conductors carrying currents in opposite directions (anti-parallel currents). According to the principles of magnetism, parallel currents attract each other, while anti-parallel currents repel each other. Thus, the electron and proton beams will repel each other due to the magnetic force between them. While there is also an electrostatic attractive force between the negatively charged electrons and positively charged protons, the question typically refers to the magnetic interaction in the context of moving charges.</p>"
                  }
                ]
              },
              {
                "chapter_name": "Moving Charges and Magnetism",
                "questions": [
                  {
                    "question_no": 6,
                    "question_html": "<p>A long straight wire of radius ‘a’ carries a steady current ‘I’. The current is uniformly distributed across its area of cross-section. The ratio of magnitude of magnetic field B₁ at a/2 and B₂ at distance 2a is</p>",
                    "options": [
                      {
                        "id": "a",
                        "text": "1/2"
                      },
                      {
                        "id": "b",
                        "text": "1"
                      },
                      {
                        "id": "c",
                        "text": "2"
                      },
                      {
                        "id": "d",
                        "text": "4"
                      }
                    ],
                    "correct_answer": {
                      "ids": [
                        "b"
                      ]
                    },
                    "question_type": "mcq_single",
                    "difficulty_level": "medium",
                    "explanation_html": "<p>To find the magnetic field, we use Ampere's Law. <br>1. <b>Inside the wire (at r = a/2):</b> The magnetic field B is given by B = (μ₀Ir)/(2πa²). <br>For B₁ at r = a/2:<br>B₁ = (μ₀I(a/2))/(2πa²) = μ₀I / (4πa). <br>2. <b>Outside the wire (at r = 2a):</b> The magnetic field B is given by B = (μ₀I)/(2πr).<br>For B₂ at r = 2a:<br>B₂ = (μ₀I)/(2π(2a)) = μ₀I / (4πa). <br>3. <b>Ratio of B₁ to B₂:</b><br>B₁ / B₂ = [μ₀I / (4πa)] / [μ₀I / (4πa)] = 1.<br>Thus, the ratio of the magnitudes of the magnetic fields is 1.</p>"
                  }
                ]
              },
              {
                "chapter_name": "Electromagnetic Waves",
                "questions": [
                  {
                    "question_no": 7,
                    "question_html": "<p>E and B represent the electric and the magnetic field of an electro-magnetic wave respectively. The direction of propagation of the wave is along</p>",
                    "options": [
                      {
                        "id": "a",
                        "text": "B"
                      },
                      {
                        "id": "b",
                        "text": "E"
                      },
                      {
                        "id": "c",
                        "text": "E × B"
                      },
                      {
                        "id": "d",
                        "text": "B × E"
                      }
                    ],
                    "correct_answer": {
                      "ids": [
                        "c"
                      ]
                    },
                    "question_type": "mcq_single",
                    "difficulty_level": "easy",
                    "explanation_html": "<p>In an electromagnetic wave, the electric field vector (E), the magnetic field vector (B), and the direction of propagation are mutually perpendicular. The direction of energy propagation is given by the Poynting vector, S, which is defined as S = (1/μ₀) (E × B). Therefore, the direction of propagation of the wave is along the direction of the cross product E × B.</p>"
                  }
                ]
              },
              {
                "chapter_name": "Ray Optics and Optical Instruments",
                "questions": [
                  {
                    "question_no": 8,
                    "question_html": "<p>A ray of monochromatic light propagating in air, is incident on the surface of water. Which of the following will be the same for the reflected and refracted rays?</p>",
                    "options": [
                      {
                        "id": "a",
                        "text": "Energy carried"
                      },
                      {
                        "id": "b",
                        "text": "Speed"
                      },
                      {
                        "id": "c",
                        "text": "Frequency"
                      },
                      {
                        "id": "d",
                        "text": "Wavelength"
                      }
                    ],
                    "correct_answer": {
                      "ids": [
                        "c"
                      ]
                    },
                    "question_type": "mcq_single",
                    "difficulty_level": "easy",
                    "explanation_html": "<p>When a wave, including a light wave, passes from one medium to another, its frequency remains unchanged. The frequency is determined by the source of the wave and does not change with the medium. The speed of light changes as it enters a different medium (refraction), and since speed (v) = frequency (f) × wavelength (λ), the wavelength must also change. The energy of the incident ray is split between the reflected and refracted rays, so their energies are different from the incident ray and each other.</p>"
                  }
                ]
              },
              {
                "chapter_name": "Wave Optics",
                "questions": [
                  {
                    "question_no": 9,
                    "question_html": "<p>A beam of light travels from air into a medium. Its speed and wavelength in the medium are 1.5 × 10⁸ ms⁻¹ and 230 nm respectively. The wavelength of light in air will be</p>",
                    "options": [
                      {
                        "id": "a",
                        "text": "230 nm"
                      },
                      {
                        "id": "b",
                        "text": "345 nm"
                      },
                      {
                        "id": "c",
                        "text": "460 nm"
                      },
                      {
                        "id": "d",
                        "text": "690 nm"
                      }
                    ],
                    "correct_answer": {
                      "ids": [
                        "c"
                      ]
                    },
                    "question_type": "mcq_single",
                    "difficulty_level": "medium",
                    "explanation_html": "<p>First, calculate the refractive index (n) of the medium. The refractive index is the ratio of the speed of light in air (c) to the speed of light in the medium (v).<br>n = c/v = (3 × 10⁸ m/s) / (1.5 × 10⁸ m/s) = 2.<br>The refractive index is also the ratio of the wavelength of light in air (λ_air) to the wavelength in the medium (λ_medium).<br>n = λ_air / λ_medium<br>We can rearrange this to find the wavelength in air:<br>λ_air = n × λ_medium<br>λ_air = 2 × 230 nm = 460 nm.</p>"
                  }
                ]
              },
              {
                "chapter_name": "Dual Nature of Radiation and Matter",
                "questions": [
                  {
                    "question_no": 10,
                    "question_html": "<p>Which one of the following metals does not exhibit emission of electrons from its surface when irradiated by visible light ?</p>",
                    "options": [
                      {
                        "id": "a",
                        "text": "Rubidium"
                      },
                      {
                        "id": "b",
                        "text": "Sodium"
                      },
                      {
                        "id": "c",
                        "text": "Cadmium"
                      },
                      {
                        "id": "d",
                        "text": "Caesium"
                      }
                    ],
                    "correct_answer": {
                      "ids": [
                        "c"
                      ]
                    },
                    "question_type": "mcq_single",
                    "difficulty_level": "easy",
                    "explanation_html": "<p>The emission of electrons (photoelectric effect) occurs when the energy of the incident photons is greater than the work function of the metal. Visible light has a certain range of photon energies. Alkali metals like Rubidium, Sodium, and Caesium have very low work functions, and electrons can be emitted when they are irradiated with visible light. Cadmium has a higher work function, and the energy of visible light photons is not sufficient to cause photoemission. It requires ultraviolet light, which has higher energy photons.</p>"
                  }
                ]
              },
              {
                "chapter_name": "Atoms",
                "questions": [
                  {
                    "question_no": 11,
                    "question_html": "<p>A hydrogen atom makes a transition from n = 5 to n = 1 orbit. The wavelength of photon emitted is λ. The wavelength of photon emitted when it makes a transition from n = 5 to n = 2 orbit is</p>",
                    "options": [
                      {
                        "id": "a",
                        "text": "8/7 λ"
                      },
                      {
                        "id": "b",
                        "text": "16/7 λ"
                      },
                      {
                        "id": "c",
                        "text": "24/7 λ"
                      },
                      {
                        "id": "d",
                        "text": "32/7 λ"
                      }
                    ],
                    "correct_answer": {
                      "ids": [
                        "d"
                      ]
                    },
                    "question_type": "mcq_single",
                    "difficulty_level": "medium",
                    "explanation_html": "<p>According to the Rydberg formula, the reciprocal of the wavelength (1/λ) is given by 1/λ = R(1/n₁² - 1/n₂²), where R is the Rydberg constant.<br><b>For the transition from n = 5 to n = 1:</b><br>1/λ₁ = R(1/1² - 1/5²) = R(1 - 1/25) = R(24/25). Given λ₁ = λ.<br>So, λ = 25/(24R).<br><b>For the transition from n = 5 to n = 2:</b><br>Let the wavelength be λ₂.<br>1/λ₂ = R(1/2² - 1/5²) = R(1/4 - 1/25) = R((25 - 4)/100) = R(21/100).<br>So, λ₂ = 100/(21R).<br><b>To find λ₂ in terms of λ:</b><br>Divide λ₂ by λ:<br>λ₂ / λ = [100/(21R)] / [25/(24R)]<br>λ₂ / λ = (100/21) * (24/25) = (4 * 24) / 21 = (4 * 8) / 7 = 32/7.<br>Therefore, λ₂ = (32/7)λ.</p>"
                  }
                ]
              },
              {
                "chapter_name": "Nuclei",
                "questions": [
                  {
                    "question_no": 12,
                    "question_html": "<p>The curve of binding energy per nucleon as a function of atomic mass number has a sharp peak for helium nucleus. This implies that helium nucleus is</p>",
                    "options": [
                      {
                        "id": "a",
                        "text": "radioactive"
                      },
                      {
                        "id": "b",
                        "text": "unstable"
                      },
                      {
                        "id": "c",
                        "text": "easily fissionable"
                      },
                      {
                        "id": "d",
                        "text": "more stable nucleus than its neighbours"
                      }
                    ],
                    "correct_answer": {
                      "ids": [
                        "d"
                      ]
                    },
                    "question_type": "mcq_single",
                    "difficulty_level": "easy",
                    "explanation_html": "<p>The binding energy per nucleon is a measure of the stability of an atomic nucleus. A higher binding energy per nucleon corresponds to a more stable nucleus. The binding energy curve shows that nuclei with intermediate mass numbers (around iron) are the most stable. However, there are sharp peaks for certain light nuclei, such as Helium-4, indicating that they are exceptionally stable compared to their neighboring nuclei.</p>"
                  }
                ]
              },
              {
                "chapter_name": "Semiconductor Electronics: Materials, Devices and Simple Circuits",
                "questions": [
                  {
                    "question_no": 13,
                    "question_html": "<p>In an extrinsic semiconductor, the number density of holes is 4 × 10²⁰ m⁻³. If the number density of intrinsic carriers is 1.2 × 10¹⁵ m⁻³, the number density of electrons in it is</p>",
                    "options": [
                      {
                        "id": "a",
                        "text": "1.8 × 10⁹ m⁻³"
                      },
                      {
                        "id": "b",
                        "text": "2.4 × 10¹⁰ m⁻³"
                      },
                      {
                        "id": "c",
                        "text": "3.6 × 10⁹ m⁻³"
                      },
                      {
                        "id": "d",
                        "text": "3.2 × 10¹⁰ m⁻³"
                      }
                    ],
                    "correct_answer": {
                      "ids": [
                        "c"
                      ]
                    },
                    "question_type": "mcq_single",
                    "difficulty_level": "medium",
                    "explanation_html": "<p>For any semiconductor in thermal equilibrium, the product of the number density of electrons (nₑ) and the number density of holes (nₕ) is equal to the square of the intrinsic carrier density (nᵢ). This is known as the mass action law: nₑ * nₕ = nᵢ².<br>Given:<br>Number density of holes (nₕ) = 4 × 10²⁰ m⁻³<br>Intrinsic carrier density (nᵢ) = 1.2 × 10¹⁵ m⁻³<br>We need to find the number density of electrons (nₑ).<br>nₑ = nᵢ² / nₕ<br>nₑ = (1.2 × 10¹⁵)² / (4 × 10²⁰)<br>nₑ = (1.44 × 10³⁰) / (4 × 10²⁰)<br>nₑ = 0.36 × 10¹⁰ = 3.6 × 10⁹ m⁻³.</p>"
                  }
                ]
              },
              {
                "chapter_name": "Semiconductor Electronics: Materials, Devices and Simple Circuits",
                "questions": [
                  {
                    "question_no": 14,
                    "question_html": "<p>Pieces of copper and of silicon are initially at room temperature. Both are heated to temperature T. The conductivity of</p>",
                    "options": [
                      {
                        "id": "a",
                        "text": "both increases."
                      },
                      {
                        "id": "b",
                        "text": "both decreases."
                      },
                      {
                        "id": "c",
                        "text": "copper increases and silicon decreases."
                      },
                      {
                        "id": "d",
                        "text": "copper decreases and silicon increases."
                      }
                    ],
                    "correct_answer": {
                      "ids": [
                        "d"
                      ]
                    },
                    "question_type": "mcq_single",
                    "difficulty_level": "easy",
                    "explanation_html": "<p><b>Copper:</b> Copper is a metallic conductor. For conductors, as the temperature increases, the frequency of collisions between free electrons and the positive ions in the lattice increases. This leads to an increase in resistivity and hence a decrease in conductivity.<br><b>Silicon:</b> Silicon is a semiconductor. For semiconductors, as the temperature increases, more electron-hole pairs are generated due to the breaking of covalent bonds. This increase in the number of charge carriers significantly outweighs the effect of increased scattering, leading to a decrease in resistivity and an increase in conductivity.</p>"
                  }
                ]
              },
              {
                "chapter_name": "Semiconductor Electronics: Materials, Devices and Simple Circuits",
                "questions": [
                  {
                    "question_no": 15,
                    "question_html": "<p>The formation of depletion region in a p-n junction diode is due to</p>",
                    "options": [
                      {
                        "id": "a",
                        "text": "movement of dopant atoms"
                      },
                      {
                        "id": "b",
                        "text": "diffusion of both electrons and holes"
                      },
                      {
                        "id": "c",
                        "text": "drift of electrons only"
                      },
                      {
                        "id": "d",
                        "text": "drift of holes only"
                      }
                    ],
                    "correct_answer": {
                      "ids": [
                        "b"
                      ]
                    },
                    "question_type": "mcq_single",
                    "difficulty_level": "easy",
                    "explanation_html": "<p>When a p-n junction is formed, there is a high concentration of holes on the p-side and a high concentration of electrons on the n-side. Due to this concentration gradient, holes begin to diffuse from the p-side to the n-side, and electrons diffuse from the n-side to the p-side. As these charge carriers cross the junction, they leave behind immobile charged ions (negative acceptor ions on the p-side and positive donor ions on the n-side). This process creates a region near the junction that is depleted of free charge carriers, known as the depletion region. The initial formation is driven by diffusion.</p>"
                  }
                ]
              },
              {
                "chapter_name": "Magnetism and Matter",
                "questions": [
                  {
                    "question_no": 16,
                    "question_html": "<p><b>Assertion (A)</b>: Diamagnetic substances exhibit magnetism.<br><b>Reason (R)</b>: Diamagnetic materials do not have permanent magnetic dipole moment.</p>",
                    "options": [
                      {
                        "id": "a",
                        "text": "Both Assertion (A) and Reason (R) are true and Reason (R) is the correct explanation of Assertion (A)."
                      },
                      {
                        "id": "b",
                        "text": "Both Assertion (A) and Reason (R) are true and Reason (R) is NOT the correct explanation of Assertion (A)."
                      },
                      {
                        "id": "c",
                        "text": "Assertion (A) is true and Reason (R) is false."
                      },
                      {
                        "id": "d",
                        "text": "Assertion (A) is false and Reason (R) is also false."
                      }
                    ],
                    "correct_answer": {
                      "ids": [
                        "b"
                      ]
                    },
                    "question_type": "mcq_single",
                    "difficulty_level": "medium",
                    "explanation_html": "<p><b>Assertion (A)</b> is true. Diamagnetism is a type of magnetism where a material creates a magnetic field in opposition to an externally applied magnetic field, causing a repulsive effect. So, they do exhibit a form of magnetism.<br><b>Reason (R)</b> is also true. The atoms of diamagnetic materials do not have unpaired electrons, so they lack a permanent magnetic dipole moment.<br>However, Reason (R) is not the correct explanation for Assertion (A). The magnetism in diamagnetic substances is not due to the absence of permanent dipoles but is caused by the induced magnetic moments due to the change in the orbital motion of electrons when an external magnetic field is applied. This induced moment always opposes the external field according to Lenz's law. Therefore, both statements are true, but the reason does not correctly explain the assertion.</p>"
                  }
                ]
              },
              {
                "chapter_name": "Electrostatic Potential and Capacitance",
                "questions": [
                  {
                    "question_no": 17,
                    "question_html": "<p><b>Assertion (A)</b>: Work done in moving a charge around a closed path, in an electric field is always zero.<br><b>Reason (R)</b>: Electrostatic force is a conservative force.</p>",
                    "options": [
                      {
                        "id": "a",
                        "text": "Both Assertion (A) and Reason (R) are true and Reason (R) is the correct explanation of Assertion (A)."
                      },
                      {
                        "id": "b",
                        "text": "Both Assertion (A) and Reason (R) are true and Reason (R) is NOT the correct explanation of Assertion (A)."
                      },
                      {
                        "id": "c",
                        "text": "Assertion (A) is true and Reason (R) is false."
                      },
                      {
                        "id": "d",
                        "text": "Assertion (A) is false and Reason (R) is also false."
                      }
                    ],
                    "correct_answer": {
                      "ids": [
                        "a"
                      ]
                    },
                    "question_type": "mcq_single",
                    "difficulty_level": "easy",
                    "explanation_html": "<p><b>Assertion (A)</b> is true. The work done by the electrostatic field on a charge moved along a closed path is zero. This is a fundamental property of electrostatic fields.<br><b>Reason (R)</b> is also true. The electrostatic force is a conservative force, which means the work done by this force in moving a particle between two points is independent of the path taken.<br>The reason correctly explains the assertion. A defining characteristic of a conservative force is that the work done by it in moving an object around any closed loop is zero. Since the electrostatic force is conservative, the work done in moving a charge in a closed loop within an electric field is zero.</p>"
                  }
                ]
              },
              {
                "chapter_name": "Wave Optics",
                "questions": [
                  {
                    "question_no": 18,
                    "question_html": "<p><b>Assertion (A)</b> : In Young's double slit experiment all fringes are of equal width.<br><b>Reason (R)</b> : The fringe width depends upon wavelength of light (λ) used, distance of screen from plane of slits (D) and slits separation (d).</p>",
                    "options": [
                      {
                        "id": "a",
                        "text": "Both Assertion (A) and Reason (R) are true and Reason (R) is the correct explanation of Assertion (A)."
                      },
                      {
                        "id": "b",
                        "text": "Both Assertion (A) and Reason (R) are true and Reason (R) is NOT the correct explanation of Assertion (A)."
                      },
                      {
                        "id": "c",
                        "text": "Assertion (A) is true and Reason (R) is false."
                      },
                      {
                        "id": "d",
                        "text": "Assertion (A) is false and Reason (R) is also false."
                      }
                    ],
                    "correct_answer": {
                      "ids": [
                        "a"
                      ]
                    },
                    "question_type": "mcq_single",
                    "difficulty_level": "easy",
                    "explanation_html": "<p><b>Assertion (A)</b> is true. In the standard Young's double-slit experiment setup, the width of all bright and dark fringes is uniform.<br><b>Reason (R)</b> is also true. The formula for fringe width (β) is β = λD/d. This shows that the fringe width depends directly on the wavelength (λ) and the screen distance (D), and inversely on the slit separation (d).<br>The reason correctly explains the assertion. Since λ, D, and d are constant for a given experimental setup, the fringe width β is also constant, which is why all fringes have equal width. The formula given by the reason leads directly to the conclusion in the assertion.</p>"
                  }
                ]
              },
              {
                "chapter_name": "Moving Charges and Magnetism",
                "questions": [
                  {
                    "question_no": 19,
                    "question_html": "<p>Briefly explain why and how a galvanometer is converted into an ammeter.</p>",
                    "options": [],
                    "correct_answer": {
                      "text": "<p><b>Why:</b> A galvanometer is a very sensitive device with a significant internal resistance. It can only measure small currents. If a large current passes through it, it can be damaged. Also, its large resistance would alter the current in the circuit it is meant to measure.</p><p><b>How:</b> To convert a galvanometer into an ammeter, a low resistance wire, called a shunt, is connected in parallel with the galvanometer. Most of the circuit's current passes through the low-resistance shunt, and only a small, safe fraction of the current passes through the galvanometer. By choosing a shunt of the appropriate value, the ammeter can be calibrated to measure a wide range of currents.</p>"
                    },
                    "question_type": "Very Short Answer (2 marks)",
                    "difficulty_level": "easy",
                    "explanation_html": null
                  }
                ]
              },
              {
                "chapter_name": "Electromagnetic Waves",
                "questions": [
                  {
                    "question_no": 20,
                    "question_html": "<p>(a) How are infrared waves produced ? Why are these waves referred to as heat waves ? Give any two uses of infrared waves.</p><p>OR</p><p>(b) How are X-rays produced ? Give any two uses of these.</p>",
                    "options": [],
                    "correct_answer": {
                      "text": "<p><b>(a) Infrared Waves:</b></p><ul><li><b>Production:</b> Infrared waves are produced by hot bodies and are a result of the vibrations and rotations of atoms and molecules.</li><li><b>Reason for being called heat waves:</b> They are readily absorbed by most materials, including water molecules in substances. This absorption increases the thermal energy of the substance, causing it to heat up.</li><li><b>Uses:</b> 1. In remote controls for televisions and other electronic devices. 2. For thermal imaging and night vision equipment.</li></ul><p><b>OR</p></b><p><b>(b) X-rays:</b></p><ul><li><b>Production:</b> X-rays are produced when high-energy electrons strike a metal target with a high atomic number, such as tungsten. The sudden deceleration of these electrons results in the emission of X-rays.</li><li><b>Uses:</b> 1. In medical diagnostics to image bones and detect fractures. 2. In cancer treatment (radiotherapy) to destroy malignant cells.</li></ul>"
                    },
                    "question_type": "Very Short Answer (2 marks)",
                    "difficulty_level": "easy",
                    "explanation_html": null
                  }
                ]
              },
              {
                "chapter_name": "Ray Optics and Optical Instruments",
                "questions": [
                  {
                    "question_no": 21,
                    "question_html": "<p>In the given figure the radius of curvature of curved face in the plano-convex and the plano-concave lens is 15 cm each. The refractive index of the material of the lenses is 1.5. Find the final position of the image formed.</p>",
                    "images": [
                      {
                        "url": "https://img.testbuddyai.com/Phy-55-2-23-Q21.png"
                      }
                    ],
                    "options": [],
                    "correct_answer": {
                      "text": "<p><b>1. Focal length of the plano-convex lens (L1):</b><br>Using the Lens Maker's formula: 1/f = (n-1)(1/R₁ - 1/R₂)<br>For L1, R₁ = +15 cm and R₂ = ∞.<br>1/f₁ = (1.5 - 1)(1/15 - 1/∞) = 0.5 * (1/15) = 1/30<br>f₁ = +30 cm.</p><p><b>2. Image formation by L1:</b><br>Since the incident rays are parallel, the object is at infinity (u₁ = ∞). The image (I₁) will be formed at the focus of L1.<br>v₁ = +30 cm from L1.</p><p><b>3. Focal length of the plano-concave lens (L2):</b><br>For L2, R₁ = ∞ and R₂ = -15 cm.<br>1/f₂ = (1.5 - 1)(1/∞ - 1/(-15)) = 0.5 * (1/15) = 1/30<br>f₂ = -30 cm.</p><p><b>4. Image formation by L2:</b><br>The image I₁ formed by L1 acts as the object for L2. The distance between the lenses is 20 cm. So, the object distance for L2 is:<br>u₂ = v₁ - 20 = 30 - 20 = +10 cm (It is a real object for L2).<br>Using the lens formula for L2: 1/v₂ - 1/u₂ = 1/f₂<br>1/v₂ - 1/10 = 1/(-30)<br>1/v₂ = 1/10 - 1/30 = (3 - 1)/30 = 2/30 = 1/15<br>v₂ = +15 cm.<br>The final image is formed 15 cm to the right of the plano-concave lens.</p>"
                    },
                    "question_type": "Very Short Answer (2 marks)",
                    "difficulty_level": "medium",
                    "explanation_html": null
                  }
                ]
              },
              {
                "chapter_name": "Wave Optics",
                "questions": [
                  {
                    "question_no": 22,
                    "question_html": "<p>What happens to the interference pattern when two coherent sources are (a) infinitely close, and (b) far apart from each other</p>",
                    "options": [],
                    "correct_answer": {
                      "text": "<p>The fringe width (β) in an interference pattern is given by β = λD/d, where d is the distance between the two coherent sources.</p><p><b>(a) Infinitely close:</b> When the sources are infinitely close, d approaches 0. According to the formula, β becomes infinitely large (β ∝ 1/d). This means the fringes become so wide that a single broad fringe covers the entire screen, and no distinct interference pattern can be observed.</p><p><b>(b) Far apart:</b> When the sources are far apart, d is very large. According to the formula, β becomes very small. This means the fringes become extremely narrow and close together, so much so that they are not resolved by the eye, and a uniform illumination is observed on the screen.</p>"
                    },
                    "question_type": "Very Short Answer (2 marks)",
                    "difficulty_level": "medium",
                    "explanation_html": null
                  }
                ]
              },
              {
                "chapter_name": "Atoms",
                "questions": [
                  {
                    "question_no": 23,
                    "question_html": "<p>(a) What is meant by ionisation energy ? Write its value for hydrogen atom.</p><p>OR</p><p>(b) Define the term, mass defect. How is it related to stability of the nucleus?</p>",
                    "options": [],
                    "correct_answer": {
                      "text": "<p><b>(a) Ionisation Energy:</b></p><ul><li><b>Definition:</b> Ionisation energy is the minimum amount of energy required to remove the most loosely bound electron from an isolated gaseous atom in its ground state. It is the energy needed to move an electron from n=1 to n=∞.</li><li><b>Value for Hydrogen:</b> The ionisation energy for a hydrogen atom is +13.6 eV.</li></ul><p><b>OR</p></b><p><b>(b) Mass Defect:</b></p><ul><li><b>Definition:</b> The mass defect is the difference between the rest mass of a nucleus and the sum of the rest masses of its constituent nucleons (protons and neutrons).</li><li><b>Relation to Stability:</b> The mass defect is directly related to the binding energy of the nucleus through Einstein's mass-energy equivalence relation (E = mc²). A larger mass defect implies a greater binding energy, and a greater binding energy per nucleon signifies a more stable nucleus.</li></ul>"
                    },
                    "question_type": "Very Short Answer (2 marks)",
                    "difficulty_level": "easy",
                    "explanation_html": null
                  }
                ]
              },
              {
                "chapter_name": "Semiconductor Electronics: Materials, Devices and Simple Circuits",
                "questions": [
                  {
                    "question_no": 24,
                    "question_html": "<p>Draw energy band diagram for an n-type and p-type semiconductor at T > 0 K.</p>",
                    "options": [],
                    "correct_answer": {
                      "text": "<p>As diagrams cannot be drawn, here is a description:</p><p><b>n-type Semiconductor (T > 0 K):</b><br>The energy band diagram shows a valence band (Ev) at a lower energy level and a conduction band (Ec) at a higher energy level, separated by the energy gap (Eg). Just below the conduction band, there is a discrete energy level called the donor level (Ed). At temperatures above absolute zero (T > 0 K), electrons from the donor level get excited into the conduction band, leaving behind positively charged donor ions. The concentration of electrons in the conduction band is much higher than the concentration of holes in the valence band.</p><p><b>p-type Semiconductor (T > 0 K):</b><br>The energy band diagram shows the valence band (Ev) and the conduction band (Ec). Just above the valence band, there is a discrete energy level called the acceptor level (Ea). At T > 0 K, electrons from the valence band get excited to the acceptor level, leaving behind holes in the valence band and creating negatively charged acceptor ions. The concentration of holes in the valence band is much higher than the concentration of electrons in the conduction band.</p>"
                    },
                    "question_type": "Very Short Answer (2 marks)",
                    "difficulty_level": "medium",
                    "explanation_html": null
                  }
                ]
              },
              {
                "chapter_name": "Semiconductor Electronics: Materials, Devices and Simple Circuits",
                "questions": [
                  {
                    "question_no": 25,
                    "question_html": "<p>Answer the following giving reasons :<br>(i) A p-n junction diode is damaged by a strong current.<br>(ii) Impurities are added in intrinsic semiconductors.</p>",
                    "options": [],
                    "correct_answer": {
                      "text": "<p><b>(i) Damage by strong current:</b> A strong current passing through a p-n junction diode causes excessive heating due to the Joule effect (H = I²Rt). This high temperature provides enough thermal energy to break a large number of covalent bonds within the semiconductor crystal, disrupting its structure and permanently damaging the junction.</p><p><b>(ii) Adding impurities:</b> Impurities are deliberately added to intrinsic semiconductors in a process called doping. This is done to significantly increase their electrical conductivity. An intrinsic semiconductor has very few charge carriers at room temperature, making its conductivity too low for most practical applications. Doping introduces a large number of either free electrons (n-type) or holes (p-type), making the semiconductor highly conductive and suitable for manufacturing electronic devices like diodes and transistors.</p>"
                    },
                    "question_type": "Very Short Answer (2 marks)",
                    "difficulty_level": "easy",
                    "explanation_html": null
                  }
                ]
              },
              {
                "chapter_name": "Electrostatic Potential and Capacitance",
                "questions": [
                  {
                    "question_no": 26,
                    "question_html": "<p>(a) Two charged conducting spheres of radii a and b are connected to each other by a wire. Find the ratio of the electric fields at their surfaces.</p><p>OR</p><p>(b) A parallel plate capacitor (A) of capacitance C is charged by a battery to voltage V. The battery is disconnected and an uncharged capacitor (B) of capacitance 2C is connected across A. Find the ratio of<br>(i) final charges on A and B.<br>(ii) total electrostatic energy stored in A and B finally and that stored in A initially.</p>",
                    "options": [],
                    "correct_answer": {
                      "text": "<p><b>(a) Ratio of Electric Fields:</b><br>When two conducting spheres are connected by a wire, charge flows until they reach the same potential (V).<br>Let the charges be qₐ and qᵦ.<br>V = k*qₐ/a = k*qᵦ/b  => qₐ/qᵦ = a/b.<br>The electric field at the surface of a sphere is E = k*q/r².<br>Eₐ = k*qₐ/a² and Eᵦ = k*qᵦ/b².<br>The ratio of the electric fields is:<br>Eₐ/Eᵦ = (k*qₐ/a²) / (k*qᵦ/b²) = (qₐ/qᵦ) * (b²/a²)<br>Substituting qₐ/qᵦ = a/b:<br>Eₐ/Eᵦ = (a/b) * (b²/a²) = b/a.<br>The ratio of the electric fields is b/a.</p><p><b>OR</p></b><p><b>(b) Capacitor Combination:</b><br>Initial state: Capacitor A has charge Q = CV and energy Uᵢ = (1/2)CV².<br>When connected to B, the total charge Q is shared across a total capacitance C_total = C + 2C = 3C. The common potential becomes V' = Q / C_total = CV / 3C = V/3.<br><b>(i) Ratio of final charges:</b><br>Final charge on A: qₐ = C * V' = C(V/3) = Q/3.<br>Final charge on B: qᵦ = 2C * V' = 2C(V/3) = 2Q/3.<br>Ratio qₐ / qᵦ = (Q/3) / (2Q/3) = 1/2.<br><b>(ii) Ratio of energies:</b><br>Final total energy U_f = (1/2)C_total * V'² = (1/2)(3C)(V/3)² = (1/2)(3C)(V²/9) = (1/6)CV².<br>Ratio U_f / Uᵢ = [(1/6)CV²] / [(1/2)CV²] = 1/3.</p>"
                    },
                    "question_type": "Short Answer (3 marks)",
                    "difficulty_level": "medium",
                    "explanation_html": null
                  }
                ]
              },
              {
                "chapter_name": "Current Electricity",
                "questions": [
                  {
                    "question_no": 27,
                    "question_html": "<p>Define current density and relaxation time. Derive an expression for resistivity of a conductor in terms of number density of charge carriers in the conductor and relaxation time.</p>",
                    "options": [],
                    "correct_answer": {
                      "text": "<p><b>Current Density (j):</b> Current density at a point within a conductor is defined as the electric current flowing per unit area of cross-section, taken perpendicular to the direction of current flow. It is a vector quantity, j = I/A.</p><p><b>Relaxation Time (τ):</b> Relaxation time is the average time interval between two successive collisions of a free electron with the positive ions in a conductor when an electric field is applied.</p><p><b>Derivation for Resistivity (ρ):</b><br>The drift velocity (v_d) of electrons in a conductor under an electric field (E) is given by: v_d = (eE/m)τ, where e is the charge of an electron, m is its mass.<br>The total current (I) flowing through the conductor is I = nAe*v_d, where n is the number density of free electrons and A is the cross-sectional area.<br>Substituting the expression for v_d:<br>I = nAe * (eE/m)τ = (nA e² E/m)τ<br>Current density (j) is I/A:<br>j = I/A = (n e² E/m)τ<br>From the microscopic form of Ohm's law, we have E = ρj. Therefore, resistivity ρ = E/j.<br>ρ = E / [(n e² E/m)τ] = m / (n e² τ).<br>This is the required expression for resistivity.</p>"
                    },
                    "question_type": "Short Answer (3 marks)",
                    "difficulty_level": "medium",
                    "explanation_html": null
                  }
                ]
              },
              {
                "chapter_name": "Alternating Current",
                "questions": [
                  {
                    "question_no": 28,
                    "question_html": "<p>A series CR circuit with R = 200 Ω and C = (50/π) μF is connected across an ac source of peak voltage ε₀ = 100 V and frequency ν = 50 Hz. Calculate<br>(a) impedance of the circuit (Z),<br>(b) phase angle (ϕ), and<br>(c) voltage across the resistor.</p>",
                    "options": [],
                    "correct_answer": {
                      "text": "<p>First, calculate the capacitive reactance (X_C):<br>X_C = 1 / (2πνC) = 1 / [2π * 50 * (50/π) * 10⁻⁶] = 1 / [100π * (50/π) * 10⁻⁶]<br>X_C = 1 / (5000 * 10⁻⁶) = 1 / (5 * 10⁻³) = 200 Ω.</p><p><b>(a) Impedance (Z):</b><br>Z = √(R² + X_C²) = √(200² + 200²) = √(2 * 200²) = 200√2 Ω ≈ 282.8 Ω.</p><p><b>(b) Phase angle (ϕ):</b><br>In a CR circuit, the current leads the voltage.<br>tan ϕ = X_C / R = 200 / 200 = 1.<br>ϕ = 45° or π/4 radians.</p><p><b>(c) Voltage across the resistor (V_R):</b><br>First find the peak current (I₀):<br>I₀ = ε₀ / Z = 100 / (200√2) = 1 / (2√2) A.<br>The voltage across the resistor is in phase with the current. The peak voltage across the resistor is:<br>V_R_peak = I₀ * R = [1 / (2√2)] * 200 = 100/√2 V.<br>The RMS voltage across the resistor is:<br>V_R_rms = V_R_peak / √2 = (100/√2) / √2 = 100/2 = 50 V.</p>"
                    },
                    "question_type": "Short Answer (3 marks)",
                    "difficulty_level": "medium",
                    "explanation_html": null
                  }
                ]
              },
              {
                "chapter_name": "Ray Optics and Optical Instruments",
                "questions": [
                  {
                    "question_no": 29,
                    "question_html": "<p>Define critical angle for a given pair of media and total internal reflection. Obtain the relation between the critical angle and refractive index of the medium.</p>",
                    "options": [],
                    "correct_answer": {
                      "text": "<p><b>Critical Angle (i_c):</b> When light travels from a denser medium to a rarer medium, the critical angle is the specific angle of incidence for which the angle of refraction in the rarer medium is 90°.</p><p><b>Total Internal Reflection (TIR):</b> This is the phenomenon that occurs when light traveling from a denser to a rarer medium strikes the boundary at an angle of incidence greater than the critical angle. In this case, the light is completely reflected back into the denser medium, with no light being refracted into the rarer medium.</p><p><b>Relation between Critical Angle and Refractive Index:</b><br>Let light travel from a denser medium (refractive index n₁) to a rarer medium (refractive index n₂), with n₁ > n₂.<br>According to Snell's Law: n₁ sin(i) = n₂ sin(r).<br>By definition, when the angle of incidence i is the critical angle i_c, the angle of refraction r is 90°.<br>Substituting these values into Snell's Law:<br>n₁ sin(i_c) = n₂ sin(90°)<br>n₁ sin(i_c) = n₂ * 1<br>sin(i_c) = n₂ / n₁.<br>If the rarer medium is air or vacuum (n₂ ≈ 1) and the refractive index of the denser medium is n (n₁ = n), the relation simplifies to:<br>sin(i_c) = 1 / n.</p>"
                    },
                    "question_type": "Short Answer (3 marks)",
                    "difficulty_level": "easy",
                    "explanation_html": null
                  }
                ]
              },
              {
                "chapter_name": "Nuclei",
                "questions": [
                  {
                    "question_no": 30,
                    "question_html": "<p>(a) (i) Distinguish between nuclear fission and fusion giving an example of each.<br>(ii) Explain the release of energy in nuclear fission and fusion on the basis of binding energy per nucleon curve.</p><p>OR</p><p>(b) (i) How is the size of a nucleus found experimentally ? Write the relation between the radius and mass number of a nucleus.<br>(ii) Prove that the density of a nucleus is independent of its mass number.</p>",
                    "options": [],
                    "correct_answer": {
                      "text": "<p><b>(a) (i) Distinction:</b></p><ul><li><b>Nuclear Fission:</b> This is a process in which a heavy, unstable nucleus splits into two or more smaller, lighter nuclei. This process releases a large amount of energy. It usually happens with heavy elements.<br><i>Example:</i> The fission of Uranium-235 when it absorbs a slow neutron:  ¹n + ²³⁵U → ¹⁴¹Ba + ⁹²Kr + 3¹n + Energy.</li><li><b>Nuclear Fusion:</b> This is a process in which two light nuclei combine or 'fuse' together to form a single, heavier nucleus. This process also releases a tremendous amount of energy. It is the process that powers stars.<br><i>Example:</i> The fusion of two deuterium nuclei: ²H + ²H → ³He + ¹n + Energy.</li></ul><p><b>(a) (ii) Energy Release and Binding Energy Curve:</b><br>The binding energy per nucleon curve shows that nuclei with intermediate mass numbers (around A=56 for iron) are the most stable (have the highest binding energy per nucleon).<br>In <b>fission</b>, a heavy nucleus (low binding energy per nucleon) splits into lighter nuclei that are closer to the peak of the curve, meaning they have a higher binding energy per nucleon. This increase in binding energy per nucleon results in the release of energy.<br>In <b>fusion</b>, very light nuclei (very low binding energy per nucleon) combine to form a heavier nucleus that is closer to the peak of the curve. Again, this results in a product with higher binding energy per nucleon, and the difference in energy is released.</p><p><b>OR</p></b><p><b>(b) (i) Nuclear Size:</b><br>The size of a nucleus is determined experimentally by scattering experiments, such as bombarding a thin foil of a material with high-energy particles like electrons. By analyzing the diffraction pattern of the scattered electrons, the radius of the nucleus can be calculated.<br>The relation between the radius (R) and the mass number (A) of a nucleus is given by the empirical formula: R = R₀A¹/³, where R₀ is a constant approximately equal to 1.2 fm (1.2 × 10⁻¹⁵ m).</p><p><b>(b) (ii) Proof of Constant Density:</b><br>The density of a nucleus (ρ) is its mass divided by its volume.<br>Mass of nucleus ≈ A * m, where A is the mass number and m is the average mass of a nucleon.<br>Volume of nucleus (V) = (4/3)πR³ = (4/3)π(R₀A¹/³)³ = (4/3)πR₀³A.<br>Density ρ = Mass / Volume = (A * m) / [(4/3)πR₀³A]<br>The mass number 'A' cancels out from the numerator and the denominator.<br>ρ = m / [(4/3)πR₀³] = 3m / (4πR₀³).<br>Since m and R₀ are constants, the nuclear density ρ is constant and independent of the mass number A.</p>"
                    },
                    "question_type": "Long Answer (5 marks)",
                    "difficulty_level": "medium",
                    "explanation_html": null
                  }
                ]
              },
              {
                "chapter_name": "Electric Charges and Fields",
                "questions": [
                  {
                    "question_no": 31,
                    "question_html": "<p>(a) (i) Use Gauss' law to obtain an expression for the electric field due to an infinitely long thin straight wire with uniform linear charge density λ.<br>(ii) An infinitely long positively charged straight wire has a linear charge density λ. An electron is revolving in a circle with a constant speed v such that the wire passes through the centre, and is perpendicular to the plane, of the circle. Find the kinetic energy of the electron in terms of magnitudes of its charge and linear charge density λ on the wire.<br>(iii) Draw a graph of kinetic energy as a function of linear charge density λ.</p><p>OR</p><p>(b) (i) Consider two identical point charges located at points (0, 0) and (a, 0).<br>  (1) Is there a point on the line joining them at which the electric field is zero ?<br>  (2) Is there a point on the line joining them at which the electric potential is zero ?<br>Justify your answers for each case.<br>(ii) State the significance of negative value of electrostatic potential energy of a system of charges. Three charges are placed at the corners of an equilateral triangle ABC of side 2.0 m as shown in figure. Calculate the electric potential energy of the system of three charges.</p>",
                    "options": [],
                    "correct_answer": {
                      "text": "<p><b>(a) (i) Electric Field using Gauss' Law:</b><br>Consider a cylindrical Gaussian surface of radius r and length l, coaxial with the wire. The electric field (E) is radial and has the same magnitude at all points on the curved surface.<br>The electric flux through the flat ends of the cylinder is zero as E is perpendicular to the area vector.<br>The flux through the curved surface is Φ = E * (Area) = E * (2πrl).<br>The charge enclosed within the Gaussian surface is Q_enc = λl.<br>According to Gauss's Law, Φ = Q_enc / ε₀.<br>E * (2πrl) = λl / ε₀<br>E = λ / (2πε₀r).</p><p><b>(a) (ii) Kinetic Energy of Electron:</b><br>The electrostatic force on the electron provides the necessary centripetal force for its circular motion.<br>F_electrostatic = F_centripetal<br>eE = mv²/r<br>e * [λ / (2πε₀r)] = mv²/r<br>eλ / (2πε₀) = mv²<br>Kinetic Energy (K) = (1/2)mv² = (1/2) * [eλ / (2πε₀)] = eλ / (4πε₀).</p><p><b>(a) (iii) Graph:</b><br>The kinetic energy K = eλ / (4πε₀). Since e and 4πε₀ are constants, K is directly proportional to λ (K ∝ λ). The graph of K versus λ is a straight line passing through the origin with a positive slope.</p><p><b>OR</p></b><p><b>(b) (i) Field and Potential:</b><br><b>(1) Electric Field:</b> Yes. At the midpoint of the line joining the two identical charges (x = a/2), the electric fields due to each charge are equal in magnitude but opposite in direction. Since the electric field is a vector quantity, the net field is zero.<br><b>(2) Electric Potential:</b> No. Electric potential is a scalar quantity. For two identical (positive or negative) charges, the potential at any point on the line joining them will be the sum of two potentials of the same sign, which can never be zero (unless the charges are at infinity).</p><p><b>(b) (ii) Potential Energy:</b><br><b>Significance:</b> A negative value of electrostatic potential energy signifies that the system is bound by attractive forces. Work must be done on the system to separate the charges to infinity.<br><b>Calculation:</b> The potential energy U of a system of three charges is:<br>U = (1/4πε₀) * [ (qₐqᵦ/r) + (qᵦq_c/r) + (q_cqₐ/r) ]<br>Given r = 2.0 m, qₐ = +4.0 µC, qᵦ = -4.0 µC, q_c = +2.0 µC.<br>U = (9 × 10⁹ / 2.0) * [ (+4)(-4) + (-4)(+2) + (+2)(+4) ] × 10⁻¹²<br>U = 4.5 × 10⁹ * [ -16 - 8 + 8 ] × 10⁻¹²<br>U = 4.5 × 10⁹ * [ -16 ] × 10⁻¹²<br>U = -72 × 10⁻³ J = -0.072 J.</p>"
                    },
                    "question_type": "Long Answer (5 marks)",
                    "difficulty_level": "hard",
                    "explanation_html": null
                  }
                ]
              },
              {
                "chapter_name": "Electromagnetic Induction",
                "questions": [
                  {
                    "question_no": 32,
                    "question_html": "<p>(a) (i) Define coefficient of self-induction. Obtain an expression for self-inductance of a long solenoid of length l, area of cross-section A having N turns.<br>(ii) Calculate the self-inductance of a coil using the following data obtained when an AC source of frequency (200/π) Hz and a DC source is applied across the coil.</p><p>AC Source Data:<br>V(Volts): 3.0, 6.0, 9.0<br>I(A): 0.5, 1.0, 1.5</p><p>DC Source Data:<br>V(Volts): 4.0, 6.0, 8.0<br>I(A): 1.0, 1.5, 2.0</p><p>OR</p><p>(b) (i) With the help of a labelled diagram, describe the principle and working of an ac generator. Hence, obtain an expression for the instantaneous value of the emf generated.<br>(ii) The coil of an ac generator consists of 100 turns of wire, each of area 0.5 m². The resistance of the wire is 100 Ω. The coil is rotating in a magnetic field of 0.8 T perpendicular to its axis of rotation, at a constant angular speed of 60 radian per second. Calculate the maximum emf generated and power dissipated in the coil.</p>",
                    "images": [
                      {
                        "url": "https://img.testbuddyai.com/Phy-55-2-23-Q32b(ii).png"
                      }
                    ],
                    "options": [],
                    "correct_answer": {
                      "text": "<p><b>(a) (i) Self-Inductance:</b><br><b>Definition:</b> The coefficient of self-induction (or self-inductance, L) of a coil is defined as the magnetic flux linked with the coil when a unit current flows through it. Alternatively, it is the emf induced in the coil per unit rate of change of current through it.<br><b>Expression for Solenoid:</b><br>The magnetic field inside a long solenoid is B = μ₀nI = μ₀(N/l)I.<br>The magnetic flux through each turn is Φ_turn = BA = μ₀(N/l)IA.<br>The total flux linked with N turns is Φ_total = N * Φ_turn = N * [μ₀(N/l)IA] = (μ₀N²A/l)I.<br>By definition, Φ_total = LI. Comparing the two expressions:<br>L = μ₀N²A / l.</p><p><b>(a) (ii) Calculation:</b><br><b>From DC Data:</b> With a DC source, only the resistance (R) of the coil opposes the current. R = V/I. From any data point, R = 4.0/1.0 = 4 Ω.<br><b>From AC Data:</b> With an AC source, both resistance (R) and inductive reactance (X_L) oppose the current. The total opposition is impedance (Z). Z = V/I. From any data point, Z = 6.0/1.0 = 6 Ω.<br>We know that Z² = R² + X_L².<br>X_L² = Z² - R² = 6² - 4² = 36 - 16 = 20.<br>X_L = √20 = 2√5 Ω.<br>Also, X_L = 2πνL. We are given ν = 200/π Hz.<br>L = X_L / (2πν) = (2√5) / [2π * (200/π)] = 2√5 / 400 = √5 / 200 H.<br>L ≈ 0.0112 H or 11.2 mH.</p><p><b>OR</p></b><p><b>(b) (i) AC Generator:</b><br><b>Principle:</b> Electromagnetic Induction. When the magnetic flux linked with a coil changes, an emf is induced in it.<br><b>Working:</b> An AC generator consists of a rectangular coil (armature) rotated in a uniform magnetic field. As the coil rotates, the angle between the magnetic field and the normal to the coil's area changes, causing the magnetic flux (Φ = NBAcosθ) to change continuously. This change in flux induces a sinusoidal alternating emf in the coil, which is collected by slip rings and brushes.<br><b>Instantaneous EMF:</b> If the coil rotates with angular velocity ω, then θ = ωt. The flux is Φ = NBAcos(ωt).<br>The induced emf ε = -dΦ/dt = -d/dt[NBAcos(ωt)] = -NBA(-ωsin(ωt)) = NBAωsin(ωt). This is the expression for the instantaneous emf.</p><p><b>(b) (ii) Calculation:</b><br><b>Maximum EMF (ε₀):</b> The peak or maximum value of the induced emf is ε₀ = NBAω.<br>ε₀ = 100 * 0.8 * 0.5 * 60 = 2400 V.<br><b>Power Dissipated (P):</b> Power dissipated is given by P = (V_rms)² / R.<br>V_rms = ε₀ / √2 = 2400 / √2 V.<br>P = (2400/√2)² / 100 = (2400 * 2400 / 2) / 100 = 57600 / 2 = 28800 W or 28.8 kW.</p>"
                    },
                    "question_type": "Long Answer (5 marks)",
                    "difficulty_level": "hard",
                    "explanation_html": null
                  }
                ]
              },
              {
                "chapter_name": "Wave Optics",
                "questions": [
                  {
                    "question_no": 33,
                    "question_html": "<p>(a) (i) State Huygen's principle. With the help of a diagram, show how a plane wave is reflected from a surface. Hence verify the law of reflection.<br>(ii) A concave mirror of focal length 12 cm forms a three times magnified virtual image of an object. Find the distance of the object from the mirror.</p><p>OR</p><p>(b) (i) Draw a labelled ray diagram showing the image formation by a refracting telescope. Define its magnifying power. Write two limitations of a refracting telescope over a reflecting telescope.<br>(ii) The focal lengths of the objective and the eye-piece of a compound microscope are 1.0 cm and 2.5 cm respectively. Find the tube length of the microscope for obtaining a magnification of 300.</p>",
                    "options": [],
                    "correct_answer": {
                      "text": "<p><b>(a) (i) Huygen's Principle and Reflection:</b><br><b>Principle:</b> 1. Every point on a given wavefront acts as a source of new disturbance, called secondary wavelets, which spread out in all directions with the speed of the wave. 2. The new wavefront at any later time is the surface tangent to all the secondary wavelets (the envelope of these wavelets).<br><b>Verification of Law of Reflection:</b> Consider a plane wavefront AB incident on a reflecting surface MN. Let 'i' be the angle of incidence. By the time point B on the wavefront reaches point C on the surface, point A has acted as a secondary source and its wavelet has spread a distance AE = BC = vt, where v is the speed of the wave. The reflected wavefront is CE. In triangles AEC and CBA, AC is common, AE = BC, and angles AEC and CBA are both 90°. Thus, the triangles are congruent (RHS). Therefore, the angle of reflection 'r' (angle BCE) is equal to the angle of incidence 'i' (angle BAC). This verifies the law of reflection.</p><p><b>(a) (ii) Concave Mirror Calculation:</b><br>Given: f = -12 cm. The image is virtual and magnified, so magnification m = +3.<br>We know m = -v/u.<br>+3 = -v/u  => v = -3u.<br>Using the mirror formula: 1/v + 1/u = 1/f<br>1/(-3u) + 1/u = 1/(-12)<br>Multiplying by 3u: -1 + 3 = -3u/12<br>2 = -u/4<br>u = -8 cm.<br>The object distance from the mirror is 8 cm.</p><p><b>OR</p></b><p><b>(b) (i) Refracting Telescope:</b><br><b>Diagram:</b> A ray diagram would show parallel rays from a distant object being focused by a long focal length objective lens to form a real, inverted image. This image then acts as the object for a shorter focal length eyepiece, which forms a final, magnified, virtual image at infinity (for normal adjustment).<br><b>Magnifying Power:</b> It is defined as the ratio of the angle subtended at the eye by the final image to the angle subtended at the eye by the object directly.<br><b>Limitations:</b> 1. They suffer from chromatic aberration (different colors focus at different points). 2. Large objective lenses are heavy, difficult to manufacture, and prone to sagging under their own weight.</p><p><b>(b) (ii) Compound Microscope Calculation:</b><br>Total magnification M = M_o * M_e. Given M = -300 (image is inverted).<br>Magnification of eyepiece (for final image at near point D=25cm), M_e = 1 + D/f_e = 1 + 25/2.5 = 1 + 10 = 11.<br>Magnification of objective, M_o = M / M_e = -300 / 11 ≈ -27.3.<br>Also M_o = v_o / u_o. So v_o / u_o = -27.3 => v_o = -27.3u_o.<br>For the objective lens: 1/v_o - 1/u_o = 1/f_o<br>1/(-27.3u_o) - 1/u_o = 1/1.0<br>(1/-27.3 - 1)/u_o = 1 => (-28.3/27.3)/u_o = 1 => u_o ≈ -1.036 cm.<br>Then v_o = -27.3 * (-1.036) ≈ 28.3 cm.<br>For the eyepiece, the final image is at D = -25 cm. 1/v_e - 1/u_e = 1/f_e<br>1/(-25) - 1/u_e = 1/2.5 => -1/u_e = 1/2.5 + 1/25 = (10+1)/25 = 11/25 => u_e = -25/11 ≈ -2.27 cm.<br>Tube length L = |v_o| + |u_e| = 28.3 + 2.27 ≈ 30.57 cm.<br><i>Note: Using the approximation M ≈ (L/f_o) * (D/f_e) for image at infinity: 300 = (L/1.0)*(25/2.5) => 300 = L * 10 => L = 30 cm. This is often an accepted approximation.</i></p>"
                    },
                    "question_type": "Long Answer (5 marks)",
                    "difficulty_level": "hard",
                    "explanation_html": null
                  }
                ]
              },
              {
                "chapter_name": "Electromagnetic Induction",
                "questions": [
                  {
                    "question_no": 34,
                    "question_html": "<p>Consider the experimental set up shown in the figure. This jumping ring experiment is an outstanding demonstration of some simple laws of Physics. A conducting non-magnetic ring is placed over the vertical core of a solenoid. When current is passed through the solenoid, the ring is thrown off.<br>(i) Explain the reason of jumping of the ring when the switch is closed in the circuit.<br>(ii) What will happen if the terminals of the battery are reversed and the switch is closed ? Explain.<br>(iii) Explain the two laws that help us understand this phenomenon.</p><p>OR</p><p>(b) Briefly explain various ways to increase the strength of magnetic field produced by a given solenoid.</p>",
                    "images": [
                      {
                        "url": "https://img.testbuddyai.com/Phy-55-2-23-Q34a.png"
                      }
                    ],
                    "options": [],
                    "correct_answer": {
                      "text": "<p><b>(i) Reason for Jumping:</b> When the switch is closed, a current starts to flow through the solenoid, creating a rapidly increasing magnetic field and thus a changing magnetic flux through the conducting ring. According to Faraday's law of induction, this change in flux induces an emf and hence a current in the ring. By Lenz's law, the direction of this induced current is such that it opposes the change in flux that created it. It does this by creating its own magnetic field in the opposite direction. This means the magnetic pole on the bottom face of the ring is the same as the pole on the top face of the solenoid, resulting in a strong repulsive force that throws the ring upwards.</p><p><b>(ii) Reversing Terminals:</b> If the battery terminals are reversed, the direction of the current in the solenoid will be opposite. When the switch is closed, the magnetic flux will again increase, but in the opposite direction. The induced current in the ring will also reverse its direction to oppose this new change. This again results in a repulsive force between the ring and the solenoid. Therefore, the ring will jump again in the same way.</p><p><b>(iii) Two Laws:</b><br>1. <b>Faraday's Law of Electromagnetic Induction:</b> This law states that whenever the magnetic flux linked with a circuit changes, an electromotive force (emf) is induced in it. The magnitude of the induced emf is equal to the rate of change of magnetic flux.<br>2. <b>Lenz's Law:</b> This law gives the direction of the induced current. It states that the direction of the induced current is always such that it opposes the cause or the change in magnetic flux that produces it.</p><p><b>OR</p></b><p><b>(b) Increasing Solenoid's Magnetic Field:</b><br>The magnetic field (B) inside a long solenoid is given by the formula B = μnI, where μ is the permeability of the core material, n is the number of turns per unit length, and I is the current.<br>To increase the strength of the magnetic field, one can:<br>1. <b>Increase the current (I):</b> A larger current produces a stronger magnetic field.<br>2. <b>Increase the number of turns per unit length (n):</b> Winding the coil more tightly or using a longer wire for the same length increases 'n' and thus strengthens the field.<br>3. <b>Insert a ferromagnetic core:</b> Placing a material with high magnetic permeability (μ), such as soft iron, inside the solenoid dramatically increases the magnetic field strength.</p>"
                    },
                    "question_type": "Case-based Subjective",
                    "difficulty_level": "medium",
                    "explanation_html": null
                  }
                ]
              },
              {
                "chapter_name": "Dual Nature of Radiation and Matter",
                "questions": [
                  {
                    "question_no": 35,
                    "question_html": "<p>(a) Figure shows the variation of photoelectric current measured in a photo cell circuit as a function of the potential difference between the plates of the photo cell when light beams A, B, C and D of different wavelengths are incident on the photo cell. Examine the given figure and answer the following questions :<br>(i) Which light beam has the highest frequency and why ?<br>(ii) Which light beam has the longest wavelength and why?<br>(iii) Which light beam ejects photoelectrons with maximum momentum and why ?</p><p>OR</p><p>(b) What is the effect on threshold frequency and stopping potential on increasing the frequency of incident beam of light ? Justify your answer.</p>",
                    "images": [
                      {
                        "url": "https://img.testbuddyai.com/Phy-55-2-23-Q35a.png"
                      }
                    ],
                    "options": [],
                    "correct_answer": {
                      "text": "<p><b>(a) (i) Highest Frequency:</b> Light beam B has the highest frequency. This is because it has the most negative stopping potential. According to the photoelectric equation, K_max = eV₀ = hν - W, where V₀ is the stopping potential and ν is the frequency. A higher frequency (ν) results in a higher maximum kinetic energy (K_max) for the photoelectrons, which in turn requires a larger (more negative) stopping potential to stop them.</p><p><b>(a) (ii) Longest Wavelength:</b> Light beam C has the longest wavelength. Longest wavelength corresponds to the lowest frequency. The beam with the lowest frequency will have the smallest (least negative) stopping potential. From the graph, beam C has the stopping potential closest to zero, indicating the lowest incident frequency and thus the longest wavelength.</p><p><b>(a) (iii) Maximum Momentum:</b> Light beam B ejects photoelectrons with maximum momentum. The momentum (p) of an electron is related to its kinetic energy (K) by p = √(2mK). Maximum momentum corresponds to maximum kinetic energy. As established in part (i), beam B has the highest frequency, which imparts the maximum kinetic energy to the photoelectrons.</p><p><b>OR</p></b><p><b>(b) Effect of Increasing Incident Frequency:</b><br>1. <b>Effect on Threshold Frequency:</b> There is no effect on the threshold frequency. The threshold frequency is an intrinsic property of the photosensitive material and depends only on its work function. It does not change with the frequency of the incident light.<br>2. <b>Effect on Stopping Potential:</b> The stopping potential increases. According to Einstein's photoelectric equation, eV₀ = hν - W, where W is the work function. This can be written as V₀ = (h/e)ν - (W/e). This is a linear equation, showing that the stopping potential (V₀) increases linearly with the frequency of the incident light (ν). A higher frequency means the ejected electrons have more kinetic energy, so a larger negative potential is needed to stop them.</p>"
                    },
                    "question_type": "Case-based Subjective",
                    "difficulty_level": "medium",
                    "explanation_html": null
                  }
                ]
              }
            ]
          }
        ]
      }
    ]
  }
]