[
  {
    "exam_name_actual": "CBSE Board - Class 12 - Science",
    "main_exam_id_name_ref": "CBSE Board - Class 12 - Science",
    "years": [
      {
        "year": "2023",
        "papers_or_subjects": [
          {
            "paper_name": "CBSE Class 12 Science (Physics) Paper 2023 (QP Code: 55/3/1)",
            "subject_name": "Physics",
            "chapters": [
              {
                "chapter_name": "Electric Charges and Fields",
                "questions": [
                  {
                    "question_no": 1,
                    "question_html": "<p>An electron experiences a force (1.6 × 10⁻¹⁶ N) î in an electric field E. The electric field E is :</p>",
                    "options": [
                      {
                        "id": "a",
                        "text": "<p>(1.0 × 10³ N/C) î</p>"
                      },
                      {
                        "id": "b",
                        "text": "<p>–(1.0 × 10³ N/C) î</p>"
                      },
                      {
                        "id": "c",
                        "text": "<p>(1.0 × 10⁻³ N/C) î</p>"
                      },
                      {
                        "id": "d",
                        "text": "<p>–(1.0 × 10⁻³ N/C) î</p>"
                      }
                    ],
                    "correct_answer": {
                      "ids": [
                        "b"
                      ]
                    },
                    "question_type": "mcq_single",
                    "difficulty_level": "easy",
                    "explanation_html": "<p>The relationship between electric force (F), charge (q), and electric field (E) is given by the formula F = qE. We can rearrange this to find the electric field: E = F/q.<br>Given:<br>Force F = (1.6 × 10⁻¹⁶ N) î<br>The charge of an electron q = -1.6 × 10⁻¹⁹ C<br><br>Substituting the values:<br>E = (1.6 × 10⁻¹⁶ î) / (-1.6 × 10⁻¹⁹)<br>E = - (1.6/1.6) × 10⁻¹⁶⁻⁽⁻¹⁹⁾ î<br>E = -1.0 × 10³ N/C î<br><br>This means the electric field has a magnitude of 1.0 × 10³ N/C and is directed along the negative x-axis.</p>"
                  }
                ]
              },
              {
                "chapter_name": "Electrostatic Potential and Capacitance",
                "questions": [
                  {
                    "question_no": 2,
                    "question_html": "<p>Which one of the following is <b>not</b> a scalar quantity ?</p>",
                    "options": [
                      {
                        "id": "a",
                        "text": "<p>Electric field</p>"
                      },
                      {
                        "id": "b",
                        "text": "<p>Voltage</p>"
                      },
                      {
                        "id": "c",
                        "text": "<p>Resistivity</p>"
                      },
                      {
                        "id": "d",
                        "text": "<p>Power</p>"
                      }
                    ],
                    "correct_answer": {
                      "ids": [
                        "a"
                      ]
                    },
                    "question_type": "mcq_single",
                    "difficulty_level": "easy",
                    "explanation_html": "<p>A scalar quantity has only magnitude, while a vector quantity has both magnitude and direction.<br>- <b>Electric field</b> is a vector quantity because it has both magnitude (strength) and a specific direction at any point in space.<br>- <b>Voltage</b> (or electric potential) is a scalar quantity. It represents the electric potential energy per unit charge at a point.<br>- <b>Resistivity</b> is a scalar property of a material that describes how strongly it resists electric current.<br>- <b>Power</b> is a scalar quantity, representing the rate at which energy is transferred or converted.</p>"
                  }
                ]
              },
              {
                "chapter_name": "Current Electricity",
                "questions": [
                  {
                    "question_no": 3,
                    "question_html": "<p>The current density due to drift of electrons in a conductor is given by : (symbols have their usual meanings)</p>",
                    "options": [
                      {
                        "id": "a",
                        "text": "<p>n e A v_d</p>"
                      },
                      {
                        "id": "b",
                        "text": "<p>n A v_d / e</p>"
                      },
                      {
                        "id": "c",
                        "text": "<p>n v_d / (e A)</p>"
                      },
                      {
                        "id": "d",
                        "text": "<p>n e v_d</p>"
                      }
                    ],
                    "correct_answer": {
                      "ids": [
                        "d"
                      ]
                    },
                    "question_type": "mcq_single",
                    "difficulty_level": "easy",
                    "explanation_html": "<p>The relationship between electric current (I) and drift velocity (v_d) is given by I = n e A v_d, where:<br>- n is the number density of free electrons<br>- e is the magnitude of the charge of an electron<br>- A is the cross-sectional area of the conductor<br><br>Current density (J) is defined as the current per unit cross-sectional area, J = I/A.<br><br>Substituting the expression for I into the definition of J:<br>J = (n e A v_d) / A<br>J = n e v_d</p>"
                  }
                ]
              },
              {
                "chapter_name": "Moving Charges and Magnetism",
                "questions": [
                  {
                    "question_no": 5,
                    "question_html": "<p>A particle of mass m and charge q moving with a uniform velocity v = v_ox î + v_oy ĵ enters a region with a magnetic field B = B₀ ĵ. After some time, an electric field E = E₀ ĵ is also switched on in the region. The resulting path described by the particle will be :</p>",
                    "options": [
                      {
                        "id": "a",
                        "text": "<p>a circle in x-z plane</p>"
                      },
                      {
                        "id": "b",
                        "text": "<p>a parabola in x-y plane</p>"
                      },
                      {
                        "id": "c",
                        "text": "<p>a helix with constant pitch</p>"
                      },
                      {
                        "id": "d",
                        "text": "<p>a helix with increasing pitch</p>"
                      }
                    ],
                    "correct_answer": {
                      "ids": [
                        "d"
                      ]
                    },
                    "question_type": "mcq_single",
                    "difficulty_level": "hard",
                    "explanation_html": "<p>1.  <b>Motion in Magnetic Field Only</b>: The magnetic force is F_m = q(v × B).<br>v × B = (v_ox î + v_oy ĵ) × (B₀ ĵ) = v_oxB₀(î × ĵ) + v_oyB₀(ĵ × ĵ) = v_oxB₀ k̂.<br>The magnetic force is F_m = qv_oxB₀ k̂. This force is perpendicular to both the x and y components of velocity. The component of velocity parallel to B (v_oy ĵ) is unaffected. The component perpendicular to B (v_ox î) experiences a force that causes circular motion in the x-z plane. The combination of linear motion along the y-axis and circular motion in the x-z plane results in a helical path with a constant pitch.<br><br>2.  <b>Motion with Both Electric and Magnetic Fields</b>: When the electric field E = E₀ ĵ is switched on, an additional electric force F_e = qE = qE₀ ĵ acts on the particle.<br>This electric force is in the y-direction (parallel to the magnetic field). It does not affect the circular motion in the x-z plane but causes an acceleration in the y-direction (a_y = F_e/m = qE₀/m).<br>The velocity component v_y is no longer constant; it increases with time.<br><br>The pitch of a helix is the distance traveled along its axis during one full rotation. The time for one rotation (T = 2πm / qB) is constant. The pitch is given by Pitch = v_y * T. Since v_y is continuously increasing due to the electric field, the pitch of the helix will also continuously increase. Thus, the resulting path is a helix with an increasing pitch.</p>"
                  }
                ]
              },
              {
                "chapter_name": "Alternating Current",
                "questions": [
                  {
                    "question_no": 6,
                    "question_html": "<p>An inductor, a capacitor and a resistor are connected in series across an ac source of voltage. If the frequency of the source is decreased gradually, the reactance of :</p>",
                    "options": [
                      {
                        "id": "a",
                        "text": "<p>both the inductor and the capacitor decreases.</p>"
                      },
                      {
                        "id": "b",
                        "text": "<p>inductor decreases and the capacitor increases.</p>"
                      },
                      {
                        "id": "c",
                        "text": "<p>both the inductor and the capacitor increases.</p>"
                      },
                      {
                        "id": "d",
                        "text": "<p>inductor increases and the capacitor decreases.</p>"
                      }
                    ],
                    "correct_answer": {
                      "ids": [
                        "b"
                      ]
                    },
                    "question_type": "mcq_single",
                    "difficulty_level": "easy",
                    "explanation_html": "<p>The reactance of an inductor and a capacitor depend on the frequency (f) of the AC source.<br>- <b>Inductive Reactance (X_L)</b> is given by the formula X_L = 2πfL. This shows that X_L is directly proportional to the frequency f. So, if the frequency decreases, the inductive reactance also decreases.<br>- <b>Capacitive Reactance (X_C)</b> is given by the formula X_C = 1 / (2πfC). This shows that X_C is inversely proportional to the frequency f. So, if the frequency decreases, the capacitive reactance increases.</p>"
                  }
                ]
              },
              {
                "chapter_name": "Electromagnetic Waves",
                "questions": [
                  {
                    "question_no": 7,
                    "question_html": "<p>The electromagnetic radiations used to kill germs in water purifiers are called:</p>",
                    "options": [
                      {
                        "id": "a",
                        "text": "<p>Infrared waves</p>"
                      },
                      {
                        "id": "b",
                        "text": "<p>X-rays</p>"
                      },
                      {
                        "id": "c",
                        "text": "<p>Gamma rays</p>"
                      },
                      {
                        "id": "d",
                        "text": "<p>Ultraviolet rays</p>"
                      }
                    ],
                    "correct_answer": {
                      "ids": [
                        "d"
                      ]
                    },
                    "question_type": "mcq_single",
                    "difficulty_level": "easy",
                    "explanation_html": "<p><b>Ultraviolet (UV) rays</b> are widely used for water purification. UV radiation has a wavelength shorter than visible light but longer than X-rays. It has germicidal properties, meaning it can kill or inactivate microorganisms like bacteria, viruses, and protozoa by disrupting their DNA, which prevents them from reproducing and causing disease.</p>"
                  }
                ]
              },
              {
                "chapter_name": "Wave Optics",
                "questions": [
                  {
                    "question_no": 8,
                    "question_html": "<p>In the wave picture of light, the intensity I of light is related to the amplitude A of the wave as :</p>",
                    "options": [
                      {
                        "id": "a",
                        "text": "<p>I ∝ √A</p>"
                      },
                      {
                        "id": "b",
                        "text": "<p>I ∝ A</p>"
                      },
                      {
                        "id": "c",
                        "text": "<p>I ∝ A²</p>"
                      },
                      {
                        "id": "d",
                        "text": "<p>I ∝ 1/A²</p>"
                      }
                    ],
                    "correct_answer": {
                      "ids": [
                        "c"
                      ]
                    },
                    "question_type": "mcq_single",
                    "difficulty_level": "easy",
                    "explanation_html": "<p>For any wave, the intensity (I) is defined as the power transmitted per unit area. It is proportional to the square of the amplitude (A) of the wave. This relationship, I ∝ A², is a fundamental property of waves, including light waves. It means that if the amplitude of a light wave is doubled, its intensity becomes four times greater.</p>"
                  }
                ]
              },
              {
                "chapter_name": "Wave Optics",
                "questions": [
                  {
                    "question_no": 9,
                    "question_html": "<p>In a single-slit diffraction experiment, the width of the slit is halved. The width of the central maximum, in the diffraction pattern, will become :</p>",
                    "options": [
                      {
                        "id": "a",
                        "text": "<p>half</p>"
                      },
                      {
                        "id": "b",
                        "text": "<p>twice</p>"
                      },
                      {
                        "id": "c",
                        "text": "<p>four times</p>"
                      },
                      {
                        "id": "d",
                        "text": "<p>one-fourth</p>"
                      }
                    ],
                    "correct_answer": {
                      "ids": [
                        "b"
                      ]
                    },
                    "question_type": "mcq_single",
                    "difficulty_level": "easy",
                    "explanation_html": "<p>The angular width of the central maximum in a single-slit diffraction pattern is given by 2θ = 2λ/a, where λ is the wavelength of light and 'a' is the width of the slit. The linear width (W) on a screen at a distance D is W ≈ D(2θ) = 2Dλ/a.<br><br>From this formula, we can see that the width of the central maximum (W) is inversely proportional to the slit width (a).<br>W ∝ 1/a<br><br>If the width of the slit is halved (a' = a/2), the new width of the central maximum (W') will be:<br>W' ∝ 1/a' = 1/(a/2) = 2/a<br>Therefore, W' = 2W. The width becomes twice the original width.</p>"
                  }
                ]
              },
              {
                "chapter_name": "Dual Nature of Radiation and Matter",
                "questions": [
                  {
                    "question_no": 10,
                    "question_html": "<p>A graph is plotted between the stopping potential (on y-axis) and the frequency of incident radiation (on x-axis) for a metal. The product of the slope of the straight line obtained and the magnitude of charge on an electron is equal to :</p>",
                    "options": [
                      {
                        "id": "a",
                        "text": "<p>h</p>"
                      },
                      {
                        "id": "b",
                        "text": "<p>h/c</p>"
                      },
                      {
                        "id": "c",
                        "text": "<p>2h/c</p>"
                      },
                      {
                        "id": "d",
                        "text": "<p>h/(2c)</p>"
                      }
                    ],
                    "correct_answer": {
                      "ids": [
                        "a"
                      ]
                    },
                    "question_type": "mcq_single",
                    "difficulty_level": "medium",
                    "explanation_html": "<p>According to Einstein's photoelectric equation, the maximum kinetic energy (K_max) of an emitted electron is given by:<br>K_max = hν - φ₀<br>where h is Planck's constant, ν is the frequency of incident radiation, and φ₀ is the work function of the metal.<br><br>The stopping potential (V_s) is related to the maximum kinetic energy by K_max = eV_s, where e is the magnitude of the charge on an electron.<br><br>Substituting this into the equation, we get:<br>eV_s = hν - φ₀<br><br>Rearranging the equation to match the form of a straight line (y = mx + c) for the graph of V_s (y-axis) versus ν (x-axis):<br>V_s = (h/e)ν - (φ₀/e)<br><br>From this, we can see that the slope (m) of the line is:<br>Slope = h/e<br><br>The question asks for the product of the slope and the magnitude of the charge on an electron (e).<br>Product = Slope × e = (h/e) × e = h.<br>This product is equal to Planck's constant.</p>"
                  }
                ]
              },
              {
                "chapter_name": "Dual Nature of Radiation and Matter",
                "questions": [
                  {
                    "question_no": 11,
                    "question_html": "<p>Light of frequency 6.4 × 10¹⁴ Hz is incident on a metal of work function 2.14 eV. The maximum kinetic energy of the emitted electrons is about :</p>",
                    "options": [
                      {
                        "id": "a",
                        "text": "<p>0.25 eV</p>"
                      },
                      {
                        "id": "b",
                        "text": "<p>0.51 eV</p>"
                      },
                      {
                        "id": "c",
                        "text": "<p>1.02 eV</p>"
                      },
                      {
                        "id": "d",
                        "text": "<p>0.10 eV</p>"
                      }
                    ],
                    "correct_answer": {
                      "ids": [
                        "b"
                      ]
                    },
                    "question_type": "mcq_single",
                    "difficulty_level": "medium",
                    "explanation_html": "<p>According to Einstein's photoelectric equation:<br>K_max = E - φ₀<br>where K_max is the maximum kinetic energy, E is the energy of the incident photon, and φ₀ is the work function.<br><br>First, calculate the energy of the incident photon (E) using E = hν.<br>Given:<br>Planck's constant, h ≈ 4.14 × 10⁻¹⁵ eV·s<br>Frequency, ν = 6.4 × 10¹⁴ Hz<br><br>E = (4.14 × 10⁻¹⁵ eV·s) × (6.4 × 10¹⁴ Hz)<br>E ≈ 2.65 eV<br><br>Now, calculate the maximum kinetic energy.<br>Given:<br>Work function, φ₀ = 2.14 eV<br><br>K_max = 2.65 eV - 2.14 eV<br>K_max = 0.51 eV</p>"
                  }
                ]
              },
              {
                "chapter_name": "Atoms",
                "questions": [
                  {
                    "question_no": 12,
                    "question_html": "<p>The ratio of maximum frequency and minimum frequency of light emitted in Balmer series of hydrogen spectrum, in Bohr's model is :</p>",
                    "options": [
                      {
                        "id": "a",
                        "text": "<p>11/9</p>"
                      },
                      {
                        "id": "b",
                        "text": "<p>9/5</p>"
                      },
                      {
                        "id": "c",
                        "text": "<p>11/7</p>"
                      },
                      {
                        "id": "d",
                        "text": "<p>16/7</p>"
                      }
                    ],
                    "correct_answer": {
                      "ids": [
                        "b"
                      ]
                    },
                    "question_type": "mcq_single",
                    "difficulty_level": "medium",
                    "explanation_html": "<p>The Balmer series corresponds to electron transitions from higher energy levels (n_i) to the second energy level (n_f = 2). The frequency (ν) of the emitted photon is proportional to the energy difference, which is given by the Rydberg formula for frequency:<br>ν = R_c (1/n_f² - 1/n_i²), where R_c is the Rydberg constant times the speed of light.<br><br>For the Balmer series, n_f = 2 and n_i = 3, 4, 5, ...<br><br><b>Minimum Frequency (ν_min):</b><br>This occurs for the smallest energy transition, which is from n_i = 3 to n_f = 2.<br>ν_min ∝ (1/2² - 1/3²) = (1/4 - 1/9) = (9-4)/36 = 5/36.<br><br><b>Maximum Frequency (ν_max):</b><br>This occurs for the largest energy transition, which is from n_i = ∞ to n_f = 2.<br>ν_max ∝ (1/2² - 1/∞²) = (1/4 - 0) = 1/4.<br><br><b>Ratio of Maximum to Minimum Frequency:</b><br>Ratio = ν_max / ν_min = (1/4) / (5/36) = (1/4) × (36/5) = 9/5.</p>"
                  }
                ]
              },
              {
                "chapter_name": "Semiconductor Electronics: Materials, Devices and Simple Circuits",
                "questions": [
                  {
                    "question_no": 13,
                    "question_html": "<p>At a certain temperature in an intrinsic semiconductor, the electrons and holes concentration is 1.5 × 10¹⁶ m⁻³. When it is doped with a trivalent dopant, hole concentration increases to 4.5 × 10²² m⁻³. In the doped semiconductor, the concentration of electrons (n_e) will be :</p>",
                    "options": [
                      {
                        "id": "a",
                        "text": "<p>3 × 10⁶ m⁻³</p>"
                      },
                      {
                        "id": "b",
                        "text": "<p>5 × 10⁷ m⁻³</p>"
                      },
                      {
                        "id": "c",
                        "text": "<p>5 × 10⁹ m⁻³</p>"
                      },
                      {
                        "id": "d",
                        "text": "<p>6.75 × 10³⁸ m⁻³</p>"
                      }
                    ],
                    "correct_answer": {
                      "ids": [
                        "c"
                      ]
                    },
                    "question_type": "mcq_single",
                    "difficulty_level": "medium",
                    "explanation_html": "<p>For a semiconductor in thermal equilibrium, the product of the concentration of electrons (n_e) and the concentration of holes (n_h) is constant and equal to the square of the intrinsic carrier concentration (n_i). This is known as the law of mass action: n_e * n_h = n_i².<br><br>Given:<br>Intrinsic carrier concentration, n_i = 1.5 × 10¹⁶ m⁻³<br>After doping with a trivalent dopant (which creates a p-type semiconductor), the new hole concentration is n_h = 4.5 × 10²² m⁻³.<br><br>We need to find the new electron concentration, n_e.<br>Using the law of mass action:<br>n_e * (4.5 × 10²² m⁻³) = (1.5 × 10¹⁶ m⁻³)²<br>n_e = (1.5 × 10¹⁶)² / (4.5 × 10²²)<br>n_e = (2.25 × 10³²) / (4.5 × 10²²)<br>n_e = 0.5 × 10¹⁰<br>n_e = 5 × 10⁹ m⁻³</p>"
                  }
                ]
              },
              {
                "chapter_name": "Semiconductor Electronics: Materials, Devices and Simple Circuits",
                "questions": [
                  {
                    "question_no": 14,
                    "question_html": "<p>If a p-n junction diode is reverse biased,</p>",
                    "options": [
                      {
                        "id": "a",
                        "text": "<p>the potential barrier is lowered.</p>"
                      },
                      {
                        "id": "b",
                        "text": "<p>the potential barrier remains unaffected.</p>"
                      },
                      {
                        "id": "c",
                        "text": "<p>the potential barrier is raised.</p>"
                      },
                      {
                        "id": "d",
                        "text": "<p>the current is mainly due to majority carriers.</p>"
                      }
                    ],
                    "correct_answer": {
                      "ids": [
                        "c"
                      ]
                    },
                    "question_type": "mcq_single",
                    "difficulty_level": "easy",
                    "explanation_html": "<p>When a p-n junction diode is reverse biased, the positive terminal of the external battery is connected to the n-side and the negative terminal to the p-side. This applied voltage acts in the same direction as the internal potential barrier (which is directed from n to p). As a result, the external field supports the internal field, increasing the effective height of the potential barrier and widening the depletion region. This makes it very difficult for majority charge carriers to cross the junction, so the current is very small and is primarily due to the flow of minority carriers.</p>"
                  }
                ]
              },
              {
                "chapter_name": "Alternating Current",
                "questions": [
                  {
                    "question_no": 15,
                    "question_html": "<p>A voltage signal is described by :<br>v = V₀ for 0 ≤ t ≤ T/2<br>v = 0 for T/2 ≤ t ≤ T<br>for a cycle. Its rms value is :</p>",
                    "options": [
                      {
                        "id": "a",
                        "text": "<p>V₀/√2</p>"
                      },
                      {
                        "id": "b",
                        "text": "<p>V₀</p>"
                      },
                      {
                        "id": "c",
                        "text": "<p>V₀/2</p>"
                      },
                      {
                        "id": "d",
                        "text": "<p>√2 V₀</p>"
                      }
                    ],
                    "correct_answer": {
                      "ids": [
                        "a"
                      ]
                    },
                    "question_type": "mcq_single",
                    "difficulty_level": "medium",
                    "explanation_html": "<p>The root mean square (rms) value of a periodic voltage v(t) over a period T is given by the formula:<br>V_rms = √[(1/T) ∫₀ᵀ v(t)² dt]<br><br>First, let's calculate the mean of the square of the voltage, V_rms².<br>V_rms² = (1/T) ∫₀ᵀ v(t)² dt<br><br>We need to split the integral into two parts based on the definition of v(t):<br>V_rms² = (1/T) [∫₀ᵀ/² (V₀)² dt + ∫ᵀ/₂ᵀ (0)² dt]<br><br>V_rms² = (1/T) [∫₀ᵀ/² V₀² dt + 0]<br><br>Now, integrate with respect to t:<br>V_rms² = (1/T) [V₀² * t] from 0 to T/2<br>V_rms² = (1/T) [V₀² * (T/2 - 0)]<br>V_rms² = (1/T) * (V₀² * T/2)<br>V_rms² = V₀²/2<br><br>Finally, take the square root to find V_rms:<br>V_rms = √(V₀²/2) = V₀/√2</p>"
                  }
                ]
              },
              {
                "chapter_name": "Current Electricity",
                "questions": [
                  {
                    "question_no": 16,
                    "question_html": "<p><b>Assertion (A)</b> : The internal resistance of a cell is constant.<br><b>Reason (R)</b> : Ionic concentration of the electrolyte remains same during use of a cell.</p>",
                    "options": [
                      {
                        "id": "a",
                        "text": "<p>Both Assertion (A) and Reason (R) are true and Reason (R) is the correct explanation of the Assertion (A).</p>"
                      },
                      {
                        "id": "b",
                        "text": "<p>Both Assertion (A) and Reason (R) are true, but Reason (R) is not the correct explanation of the Assertion (A).</p>"
                      },
                      {
                        "id": "c",
                        "text": "<p>Assertion (A) is true, but Reason (R) is false.</p>"
                      },
                      {
                        "id": "d",
                        "text": "<p>Assertion (A) is false and Reason (R) is also false.</p>"
                      }
                    ],
                    "correct_answer": {
                      "ids": [
                        "d"
                      ]
                    },
                    "question_type": "mcq_single",
                    "difficulty_level": "medium",
                    "explanation_html": "<p><b>Assertion (A) is false</b>. The internal resistance of a cell is not constant. It depends on several factors such as the distance between the electrodes, the area of the electrodes immersed in the electrolyte, the nature and concentration of the electrolyte, and the temperature. As a cell is used, the concentration of the electrolyte changes, and its temperature may increase, causing the internal resistance to vary.<br><br><b>Reason (R) is also false</b>. During the use (discharging) of a cell, chemical reactions take place that consume the reactants in the electrolyte. This process changes the ionic concentration of the electrolyte over time, which in turn affects the cell's internal resistance and electromotive force (emf).</p>"
                  }
                ]
              },
              {
                "chapter_name": "Moving Charges and Magnetism",
                "questions": [
                  {
                    "question_no": 17,
                    "question_html": "<p><b>Assertion (A)</b> : When radius of a circular loop carrying a steady current is doubled, its magnetic moment becomes four times.<br><b>Reason (R)</b>: The magnetic moment of a circular loop carrying a steady current is proportional to the area of the loop.</p>",
                    "options": [
                      {
                        "id": "a",
                        "text": "<p>Both Assertion (A) and Reason (R) are true and Reason (R) is the correct explanation of the Assertion (A).</p>"
                      },
                      {
                        "id": "b",
                        "text": "<p>Both Assertion (A) and Reason (R) are true, but Reason (R) is not the correct explanation of the Assertion (A).</p>"
                      },
                      {
                        "id": "c",
                        "text": "<p>Assertion (A) is true, but Reason (R) is false.</p>"
                      },
                      {
                        "id": "d",
                        "text": "<p>Assertion (A) is false and Reason (R) is also false.</p>"
                      }
                    ],
                    "correct_answer": {
                      "ids": [
                        "a"
                      ]
                    },
                    "question_type": "mcq_single",
                    "difficulty_level": "easy",
                    "explanation_html": "<p><b>Reason (R) is true</b>. The magnetic moment (M) of a current loop is defined as M = IA, where I is the current and A is the area of the loop. This definition shows that the magnetic moment is directly proportional to the area of the loop.<br><br><b>Assertion (A) is true</b>. The area of a circular loop is A = πr², where r is the radius. Therefore, the magnetic moment is M = I(πr²). This means M is proportional to the square of the radius (M ∝ r²). If the radius 'r' is doubled (r' = 2r), the new magnetic moment M' will be proportional to (2r)², which is 4r². Thus, M' = 4M. The magnetic moment becomes four times.<br><br><b>Conclusion</b>: Both statements are true, and the Reason correctly explains the Assertion. The magnetic moment becomes four times because it is proportional to the area, and doubling the radius increases the area by a factor of four.</p>"
                  }
                ]
              },
              {
                "chapter_name": "Nuclei",
                "questions": [
                  {
                    "question_no": 18,
                    "question_html": "<p><b>Assertion (A)</b>: The nucleus ⁷₃X is more stable than the nucleus ⁴₃Y.<br><b>Reason (R)</b>: ⁷₃X contains more number of protons.</p>",
                    "options": [
                      {
                        "id": "a",
                        "text": "<p>Both Assertion (A) and Reason (R) are true and Reason (R) is the correct explanation of the Assertion (A).</p>"
                      },
                      {
                        "id": "b",
                        "text": "<p>Both Assertion (A) and Reason (R) are true, but Reason (R) is not the correct explanation of the Assertion (A).</p>"
                      },
                      {
                        "id": "c",
                        "text": "<p>Assertion (A) is true, but Reason (R) is false.</p>"
                      },
                      {
                        "id": "d",
                        "text": "<p>Assertion (A) is false and Reason (R) is also false.</p>"
                      }
                    ],
                    "correct_answer": {
                      "ids": [
                        "c"
                      ]
                    },
                    "question_type": "mcq_single",
                    "difficulty_level": "hard",
                    "explanation_html": "<p><b>Assertion (A) is true</b>. The nucleus ⁷₃X represents Lithium-7 (³ protons, ⁴ neutrons), which is a stable isotope of Lithium. The nucleus ⁴₃Y represents Lithium-4 (³ protons, ¹ neutron), which is an extremely unstable, unbound isotope that decays almost instantaneously. Therefore, ⁷₃X is significantly more stable than ⁴₃Y.<br><br><b>Reason (R) is false</b>. The statement says '⁷₃X contains more number of protons'. It is presumably comparing ⁷₃X to ⁴₃Y. The nucleus ⁷₃X has 3 protons (Z=3). The nucleus ⁴₃Y also has 3 protons (Z=3). Therefore, ⁷₃X does not contain *more* protons than ⁴₃Y; they contain the same number. Hence, the statement is false.</p>"
                  }
                ]
              },
              {
                "chapter_name": "Moving Charges and Magnetism",
                "questions": [
                  {
                    "question_no": 19,
                    "question_html": "<p>A wire of length l is in the form of a circular loop A of one turn. This loop is reshaped into loop B of three turns. Find the ratio of the magnetic fields at the centres of loop A and loop B for the same current through them.</p>",
                    "options": [],
                    "correct_answer": {
                      "text": "<p>Let l be the length of the wire.<br><br><b>For loop A (1 turn):</b><br>The circumference of the loop is equal to the length of the wire.<br>l = 2πr_A, where r_A is the radius of loop A.<br>r_A = l / (2π)<br>The magnetic field at the centre of a circular loop with N turns is B = (μ₀NI) / (2r).<br>For loop A, N_A = 1.<br>B_A = (μ₀ * 1 * I) / (2 * r_A) = (μ₀I) / (2 * l / (2π)) = (μ₀Iπ) / l<br><br><b>For loop B (3 turns):</b><br>The total length of the wire is now used for 3 turns.<br>l = 3 × (2πr_B), where r_B is the radius of loop B.<br>r_B = l / (6π)<br>For loop B, N_B = 3.<br>B_B = (μ₀ * 3 * I) / (2 * r_B) = (3μ₀I) / (2 * l / (6π)) = (18μ₀Iπ) / (2l) = (9μ₀Iπ) / l<br><br><b>Ratio of Magnetic Fields:</b><br>B_A / B_B = [(μ₀Iπ) / l] / [(9μ₀Iπ) / l]<br>B_A / B_B = 1/9<br><br>The ratio of the magnetic fields at the centres of loop A and loop B is 1:9.</p>"
                    },
                    "question_type": "Very Short Answer (2 marks)",
                    "difficulty_level": "medium",
                    "explanation_html": null
                  }
                ]
              },
              {
                "chapter_name": "Electromagnetic Waves",
                "questions": [
                  {
                    "question_no": 20,
                    "question_html": "<p>What is meant by the term 'displacement current'? Briefly explain how this current is different from a conduction current.</p>",
                    "options": [],
                    "correct_answer": {
                      "text": "<p><b>Displacement Current:</b><br>Displacement current is the current that comes into existence in a region where the electric field and hence the electric flux is changing with time. It is given by the expression I_d = ε₀(dΦ_E/dt), where ε₀ is the permittivity of free space and dΦ_E/dt is the rate of change of electric flux.<br><br><b>Difference from Conduction Current:</b><br>The primary difference lies in their origin. Conduction current (I_c) is due to the physical flow of charge carriers, such as electrons in a conductor or ions in an electrolyte. In contrast, displacement current (I_d) does not involve the flow of any charges; it is a conceptual current produced by a time-varying electric field, even in a vacuum where no charges are present.</p>"
                    },
                    "question_type": "Very Short Answer (2 marks)",
                    "difficulty_level": "easy",
                    "explanation_html": null
                  }
                ]
              },
              {
                "chapter_name": "Wave Optics",
                "questions": [
                  {
                    "question_no": 21,
                    "question_html": "<p>(a) State Huygens' principle. How did Huygens explain the absence of the backwave?<br><b>OR</b><br>(b) Use Huygens' principle to show reflection/refraction of a plane wave by (i) concave mirror, and (ii) a convex lens.</p>",
                    "options": [],
                    "correct_answer": {
                      "text": "<p><b>(a) Huygens' Principle:</b><br>Huygens' principle consists of two parts:<br>1. Every point on a given wavefront acts as a fresh source of new disturbances, called secondary wavelets, which travel out in all directions with the speed of the wave in that medium.<br>2. The new wavefront at any later time is the surface tangent to all the secondary wavelets in the forward direction (the forward envelope).<br><br><b>Absence of Backwave:</b><br>Huygens explained the absence of a backwave by postulating that the amplitude of the secondary wavelets is not uniform in all directions. It is maximum in the forward direction and zero in the backward direction. This ad-hoc assumption prevents the formation of a backward-travelling wave.<br><br><b>OR</b><br><br><b>(b) Reflection/Refraction using Huygens' Principle:</b><br><b>(i) Reflection by a Concave Mirror:</b><br>(A diagram shows a plane wavefront incident on a concave mirror. As the wavefront approaches, the part that hits the center of the mirror is reflected first, while the parts hitting the edges travel a longer distance before reflection. The secondary wavelets from each point on the mirror form a new wavefront that is spherical and converges towards the focal point F. The new wavefront has a radius of R/2, where R is the radius of curvature of the mirror.)<br><br><b>(ii) Refraction by a Convex Lens:</b><br>(A diagram shows a plane wavefront incident on a convex lens. The part of the wavefront that passes through the thicker center of the lens travels slower than the parts passing through the thinner edges. According to Huygens' principle, the secondary wavelets from the center lag behind those from the edges. The resulting forward envelope of these wavelets is a spherical wavefront that converges towards the focal point f on the other side of the lens.)</p>"
                    },
                    "question_type": "Very Short Answer (2 marks)",
                    "difficulty_level": "medium",
                    "explanation_html": null
                  }
                ]
              },
              {
                "chapter_name": "Wave Optics",
                "questions": [
                  {
                    "question_no": 22,
                    "question_html": "<p>The refractive indices of two media A and B are 2 and √2 respectively. What is the critical angle for their interface ?</p>",
                    "options": [],
                    "correct_answer": {
                      "text": "<p>Total internal reflection occurs when light travels from a denser medium to a rarer medium. Here, medium A is denser (μ_A = 2) and medium B is rarer (μ_B = √2).<br><br>Let i_c be the critical angle for the interface between media A and B.<br>At the critical angle, the angle of refraction is 90°.<br><br>Using Snell's law at the interface:<br>μ_A sin(i_c) = μ_B sin(90°)<br><br>Substitute the given values:<br>2 × sin(i_c) = √2 × 1<br><br>sin(i_c) = √2 / 2<br>sin(i_c) = 1/√2<br><br>Therefore, the critical angle is:<br>i_c = 45°</p>"
                    },
                    "question_type": "Very Short Answer (2 marks)",
                    "difficulty_level": "easy",
                    "explanation_html": null
                  }
                ]
              },
              {
                "chapter_name": "Nuclei",
                "questions": [
                  {
                    "question_no": 23,
                    "question_html": "<p>(a) Draw a graph showing the variation of binding energy per nucleon as a function of mass number A. The binding energy per nucleon for heavy nuclei (A > 170) decreases with the increase in mass number. Explain.<br><b>OR</b><br>(b) Using Bohr's postulates, obtain the expression for radius of n<sup>th</sup> stable orbit in a hydrogen atom.</p>",
                    "options": [],
                    "correct_answer": {
                      "text": "<p><b>(a) Binding Energy Curve and Explanation:</b><br><b>Graph:</b><br>(A graph is drawn with Mass Number (A) on the x-axis and Binding Energy per Nucleon (BE/A) in MeV on the y-axis. The curve starts low, rises sharply for light nuclei, reaches a broad peak around A=56 (Iron) at about 8.8 MeV, and then slowly decreases for heavier nuclei, reaching about 7.6 MeV for Uranium.)<br><br><b>Explanation for Decrease in BE/A for A > 170:</b><br>The nuclear force is a short-range force. It acts only between the nearest-neighbor nucleons and shows saturation (a nucleon interacts with only a limited number of other nucleons). In contrast, the electrostatic Coulomb force is a long-range force, and every proton in the nucleus repels every other proton.<br>For heavy nuclei (A > 170), the number of protons is large. As the size of the nucleus increases, the long-range electrostatic repulsion between the protons becomes increasingly significant and starts to dominate over the short-range nuclear attractive force. This growing repulsive force reduces the overall stability of the nucleus, causing the binding energy per nucleon to decrease.<br><br><b>OR</b><br><br><b>(b) Expression for Radius of n<sup>th</sup> Orbit:</b><br>According to Bohr's postulates for a hydrogen atom:<br>1. The electron revolves in a circular orbit where the electrostatic force provides the necessary centripetal force:<br>mv²/r = (1/4πε₀) * e²/r²  (Equation 1)<br><br>2. The angular momentum of the electron is quantized:<br>mvr = nh/(2π)  (Equation 2)<br>where n is the principal quantum number.<br><br>From Equation 2, we can find the velocity v:<br>v = nh / (2πmr)<br><br>Substitute this expression for v into Equation 1:<br>m/r * [nh / (2πmr)]² = (1/4πε₀) * e²/r²<br>m/r * [n²h² / (4π²m²r²)] = e² / (4πε₀r²)<br><br>Simplify by cancelling terms:<br>n²h² / (4π²mr³) = e² / (4πε₀r²)<br>n²h²ε₀ / (πm) = e²r<br><br>Rearranging for the radius r (let's denote it r_n for the n<sup>th</sup> orbit):<br><b>r_n = (n²h²ε₀) / (πme²)</b></p>"
                    },
                    "question_type": "Very Short Answer (2 marks)",
                    "difficulty_level": "medium",
                    "explanation_html": null
                  }
                ]
              },
              {
                "chapter_name": "Semiconductor Electronics: Materials, Devices and Simple Circuits",
                "questions": [
                  {
                    "question_no": 24,
                    "question_html": "<p>Explain the roles of diffusion current and drift current in the formation of the depletion layer in a p-n junction diode.</p>",
                    "options": [],
                    "correct_answer": {
                      "text": "<p>In the formation of a p-n junction, two key processes, diffusion and drift, establish the depletion layer and an equilibrium state.<br><br>1.  <b>Diffusion Current</b>: Initially, when the p-type and n-type materials are brought into contact, there is a high concentration of holes on the p-side and a high concentration of electrons on the n-side. Due to this concentration gradient, holes begin to diffuse from the p-side to the n-side, and electrons diffuse from the n-side to the p-side. This movement of majority charge carriers across the junction constitutes the diffusion current.<br><br>2.  <b>Drift Current</b>: As electrons and holes diffuse across the junction, they leave behind immobile ionized acceptor atoms (negative charge) on the p-side and ionized donor atoms (positive charge) on the n-side. This creates a region devoid of mobile charge carriers, known as the depletion layer. The space charge in this layer sets up an internal electric field directed from the n-side to the p-side. This field exerts a force on the minority charge carriers (electrons on the p-side and holes on the n-side), causing them to move across the junction. This flow of minority carriers constitutes the drift current, which flows in the opposite direction to the diffusion current.<br><br>Initially, the diffusion current is large and the drift current is small. As the depletion layer grows and the internal electric field becomes stronger, the drift current increases while the diffusion current decreases. The process continues until an equilibrium is reached where the magnitude of the diffusion current equals the magnitude of the drift current, resulting in no net current flow across the junction.</p>"
                    },
                    "question_type": "Very Short Answer (2 marks)",
                    "difficulty_level": "medium",
                    "explanation_html": null
                  }
                ]
              },
              {
                "chapter_name": "Semiconductor Electronics: Materials, Devices and Simple Circuits",
                "questions": [
                  {
                    "question_no": 25,
                    "question_html": "<p>Explain the property of a p-n junction which makes it suitable for rectifying alternating voltages. Differentiate between a half-wave and a full-wave rectifier.</p>",
                    "options": [],
                    "correct_answer": {
                      "text": "<p><b>Property for Rectification:</b><br>The key property of a p-n junction diode that makes it suitable for rectification is its <b>unidirectional current flow</b> characteristic. A p-n junction offers a very low resistance to current flow when it is forward-biased (positive voltage applied to the p-side) and a very high resistance when it is reverse-biased (negative voltage applied to the p-side). This means it essentially acts like a one-way valve, allowing current to pass through it easily in one direction while blocking it in the opposite direction. This property is used to convert alternating current (AC), which periodically reverses direction, into direct current (DC), which flows in only one direction.<br><br><b>Differentiation between Half-Wave and Full-Wave Rectifier:</b><br><br>1.  <b>Conduction:</b> A half-wave rectifier uses a single diode and conducts current only during one half of the input AC cycle (either the positive or negative half). The other half is blocked. A full-wave rectifier uses two or more diodes and a center-tapped transformer or a bridge configuration to conduct current during both the positive and negative halves of the input AC cycle.<br><br>2.  <b>Output and Efficiency:</b> The output of a half-wave rectifier is a pulsating DC with a frequency equal to the input AC frequency, and it utilizes only half of the input waveform, making it less efficient. The output of a full--wave rectifier is also a pulsating DC, but its frequency is double the input AC frequency. It is more efficient because it utilizes the entire input waveform, resulting in a smoother output and higher average DC voltage.</p>"
                    },
                    "question_type": "Very Short Answer (2 marks)",
                    "difficulty_level": "medium",
                    "explanation_html": null
                  }
                ]
              },
              {
                "chapter_name": "Current Electricity",
                "questions": [
                  {
                    "question_no": 26,
                    "question_html": "<p>A potential difference V is applied across a conductor of length l and uniform cross-section area A. How will the (i) electric field E, (ii) drift velocity v_d, and (iii) current density j be affected when (a) V is doubled and (b) l is halved (keeping other factors constant) ?</p>",
                    "options": [],
                    "correct_answer": {
                      "text": "<p>The fundamental relations are:<br>(i) Electric field, E = V/l<br>(ii) Drift velocity, v_d = (eE/m)τ = (eVτ)/(ml)<br>(iii) Current density, j = I/A = (V/R)/A = V / [(ρl/A) * A] = V/(ρl)<br><br><b>(a) When V is doubled (V' = 2V):</b><br><b>(i) Electric Field (E):</b> E' = V'/l = (2V)/l = 2(V/l) = 2E.<br>The electric field is <b>doubled</b>.<br><b>(ii) Drift Velocity (v_d):</b> v_d is proportional to E. Since E is doubled, the drift velocity is also <b>doubled</b>.<br><b>(iii) Current Density (j):</b> j = V'/(ρl) = (2V)/(ρl) = 2(V/ρl) = 2j.<br>The current density is <b>doubled</b>.<br><br><b>(b) When l is halved (l' = l/2):</b><br><b>(i) Electric Field (E):</b> E' = V/l' = V/(l/2) = 2(V/l) = 2E.<br>The electric field is <b>doubled</b>.<br><b>(ii) Drift Velocity (v_d):</b> v_d is proportional to E. Since E is doubled, the drift velocity is also <b>doubled</b>.<br><b>(iii) Current Density (j):</b> j' = V/(ρl') = V/(ρ(l/2)) = 2(V/ρl) = 2j.<br>The current density is <b>doubled</b>.</p>"
                    },
                    "question_type": "Short Answer (3 marks)",
                    "difficulty_level": "medium",
                    "explanation_html": null
                  }
                ]
              },
              {
                "chapter_name": "Electromagnetic Induction",
                "questions": [
                  {
                    "question_no": 27,
                    "question_html": "<p>What is meant by the term ‘mutual inductance' of a pair of coils ? Obtain an expression for the mutual inductance of two long coaxial solenoids, each of length l but having different number of turns N₁ and N₂ and radii r₁ and r₂ (r₂ > r₁).</p>",
                    "options": [],
                    "correct_answer": {
                      "text": "<p><b>Mutual Inductance:</b><br>Mutual inductance of a pair of coils is the property of the coils due to which each coil opposes any change of current in the other coil by inducing an electromotive force (emf) in itself. Numerically, it is defined as the magnetic flux linked with one coil (the secondary coil) when a unit current flows through the other coil (the primary coil). Its SI unit is the Henry (H).<br><br><b>Expression for Mutual Inductance of Two Coaxial Solenoids:</b><br>Consider two long coaxial solenoids, S₁ (inner) and S₂ (outer), both of length 'l'.<br>S₁ has N₁ turns and radius r₁.<br>S₂ has N₂ turns and radius r₂ (r₂ > r₁).<br><br>Let's pass a current I₂ through the outer solenoid S₂. This creates a magnetic field B₂ inside it.<br>B₂ = μ₀n₂I₂ = μ₀(N₂/l)I₂<br><br>This magnetic field is uniform inside S₂ and passes through the inner solenoid S₁. The magnetic flux (Φ₁) linked with each turn of the inner solenoid S₁ is:<br>Φ₁ (per turn) = B₂ × Area of S₁ = B₂ × (πr₁²)<br>Φ₁ = [μ₀(N₂/l)I₂] * (πr₁²)<br><br>The total magnetic flux linked with the entire inner solenoid S₁ (which has N₁ turns) is:<br>Total Flux (N₁Φ₁) = N₁ * [μ₀(N₂/l)I₂πr₁²]<br>Total Flux = (μ₀N₁N₂πr₁² / l) * I₂<br><br>By definition, the mutual inductance M of S₁ with respect to S₂ (M₁₂) is the total flux linked with S₁ per unit current in S₂.<br>M = M₁₂ = (Total Flux) / I₂<br><br><b>M = (μ₀N₁N₂πr₁²) / l</b><br><br>This is the expression for the mutual inductance of the two long coaxial solenoids.</p>"
                    },
                    "question_type": "Short Answer (3 marks)",
                    "difficulty_level": "medium",
                    "explanation_html": null
                  }
                ]
              },
              {
                "chapter_name": "Alternating Current",
                "questions": [
                  {
                    "question_no": 28,
                    "question_html": "<p>(a) An ac source v = v_m sin ωt is connected across an ideal capacitor. Derive the expression for the (i) current flowing in the circuit, and (ii) reactance of the capacitor. Plot a graph of current i versus ωt.<br><b>OR</b><br>(b) A series combination of an inductor L, a capacitor C and a resistor R is connected across an ac source of voltage in a circuit. Obtain an expression for the average power consumed by the circuit. Find power factor for (i) purely inductive circuit, and (ii) purely resistive circuit.</p>",
                    "options": [],
                    "correct_answer": {
                      "text": "<p><b>(a) AC Circuit with a Capacitor:</b><br>The instantaneous voltage across the capacitor is v = v_m sin ωt.<br>The charge q on the capacitor at any instant is given by q = Cv.<br>q = C(v_m sin ωt)<br><br><b>(i) Current Flowing in the Circuit:</b><br>The current i is the rate of flow of charge, i = dq/dt.<br>i = d/dt (Cv_m sin ωt)<br>i = Cv_m d/dt (sin ωt)<br>i = ωCv_m cos ωt<br>We can write this as i = ωCv_m sin(ωt + π/2).<br>This shows that the current leads the voltage by a phase angle of π/2.<br>The peak current is I_m = ωCv_m. So, the expression for the current is <b>i = I_m sin(ωt + π/2)</b>.<br><br><b>(ii) Reactance of the Capacitor:</b><br>Capacitive reactance (X_C) is the opposition offered by the capacitor to the flow of AC current. It is the ratio of the peak voltage to the peak current.<br>X_C = v_m / I_m<br>From I_m = ωCv_m, we have v_m / I_m = 1/(ωC).<br>Therefore, the reactance of the capacitor is <b>X_C = 1/(ωC)</b>.<br><br><b>Graph of i versus ωt:</b><br>(A graph should be drawn with ωt on the x-axis and voltage (v) and current (i) on the y-axis. The voltage curve is a sine wave starting from the origin. The current curve is also a sine wave (or a cosine wave) which starts at its positive maximum, showing that it leads the voltage by π/2 or 90°.)<br><br><b>OR</b><br><br><b>(b) Average Power in LCR Circuit:</b><br>Let the instantaneous voltage be v = v_m sin ωt and the instantaneous current be i = i_m sin(ωt + φ), where φ is the phase difference between voltage and current.<br>Instantaneous power, P = vi = (v_m sin ωt) * (i_m sin(ωt + φ))<br>P = v_m i_m sin ωt (sin ωt cos φ + cos ωt sin φ)<br>P = v_m i_m (sin²ωt cos φ + sin ωt cos ωt sin φ)<br>The average power over one complete cycle is the average of this expression.<br>The average value of sin²ωt over one cycle is 1/2.<br>The average value of sin ωt cos ωt (= 1/2 sin 2ωt) over one cycle is 0.<br>So, P_avg = v_m i_m [(1/2) cos φ + 0]<br>P_avg = (v_m i_m / 2) cos φ<br>We can write this using RMS values, where v_rms = v_m/√2 and i_rms = i_m/√2.<br><b>P_avg = v_rms i_rms cos φ</b><br><br>The term cos φ is called the power factor.<br><br><b>(i) Power Factor for Purely Inductive Circuit:</b><br>In a purely inductive circuit, the current lags the voltage by π/2 (90°). So, φ = -π/2.<br>Power factor = cos(-π/2) = <b>0</b>.<br><br><b>(ii) Power Factor for Purely Resistive Circuit:</b><br>In a purely resistive circuit, the current and voltage are in the same phase. So, φ = 0.<br>Power factor = cos(0) = <b>1</b>.</p>"
                    },
                    "question_type": "Short Answer (3 marks)",
                    "difficulty_level": "medium",
                    "explanation_html": null
                  }
                ]
              },
              {
                "chapter_name": "Dual Nature of Radiation and Matter",
                "questions": [
                  {
                    "question_no": 29,
                    "question_html": "<p>Calculate the wavelength of de Broglie waves associated with a proton having (500/1.673) eV energy. How will the wavelength be affected for an alpha particle having the same energy ?</p>",
                    "options": [],
                    "correct_answer": {
                      "text": "<p>The de Broglie wavelength λ of a particle of mass m and kinetic energy K is given by<br>\\[ \\lambda = \\frac{h}{p} = \\frac{h}{\\sqrt{2mK}} \\]</p><p><b>For the proton:</b><br>Given kinetic energy of proton,<br>\\[ K_p = \\frac{500}{1.673} \\text{ eV} \\]<br>Converting to joule:<br>\\[ K_p = \\frac{500}{1.673} \\times 1.6 \\times 10^{-19} \\text{ J} \\approx 3.0 \\times 10^{2} \\times 1.6 \\times 10^{-19} \\text{ J} \\approx 4.8 \\times 10^{-17} \\text{ J} \\]<br>Mass of proton:<br>\\[ m_p = 1.673 \\times 10^{-27} \\text{ kg} \\]<br>Planck’s constant:<br>\\[ h = 6.63 \\times 10^{-34} \\text{ J·s} \\]</p><p>Now,<br>\\[ 2m_pK_p = 2 \\times 1.673 \\times 10^{-27} \\times 4.8 \\times 10^{-17} \\approx 1.6 \\times 10^{-43} \\]<br>So,<br>\\[ \\sqrt{2m_pK_p} \\approx \\sqrt{1.6 \\times 10^{-43}} \\approx 4.0 \\times 10^{-22} \\text{ kg·m·s}^{-1} \\]</p><p>Hence, the de Broglie wavelength of the proton is<br>\\[ \\lambda_p = \\frac{6.63 \\times 10^{-34}}{4.0 \\times 10^{-22}} \\approx 1.66 \\times 10^{-12} \\text{ m} \\]<br>So,<br>\\[ \\lambda_p \\approx 1.65 \\times 10^{-12} \\text{ m} \\]</p><p><b>For the alpha particle (same kinetic energy):</b><br>An alpha particle has mass approximately<br>\\[ m_\\alpha \\approx 4m_p \\]<br>For the same kinetic energy K, de Broglie wavelength depends on mass as<br>\\[ \\lambda \\propto \\frac{1}{\\sqrt{m}} \\]</p><p>Therefore,<br>\\[ \\frac{\\lambda_\\alpha}{\\lambda_p} = \\sqrt{\\frac{m_p}{m_\\alpha}} = \\sqrt{\\frac{m_p}{4m_p}} = \\sqrt{\\frac{1}{4}} = \\frac{1}{2} \\]</p><p>Thus,<br>\\[ \\lambda_\\alpha = \\frac{\\lambda_p}{2} \\approx \\frac{1.65 \\times 10^{-12}}{2} \\approx 0.83 \\times 10^{-12} \\text{ m} \\]</p><p><b>Result:</b><br>The de Broglie wavelength of the proton is approximately \\(1.65 \\times 10^{-12} \\text{ m}\\). For an alpha particle having the same kinetic energy, the de Broglie wavelength becomes half of this value, i.e. approximately \\(0.83 \\times 10^{-12} \\text{ m}\\).</p>"
                    },
                    "question_type": "Short Answer (3 marks)",
                    "difficulty_level": "medium",
                    "explanation_html": null
                  }
                ]
              },
              {
                "chapter_name": "Nuclei",
                "questions": [
                  {
                    "question_no": 30,
                    "question_html": "<p>(a) (i) Prove that the nuclear density is same for all nuclei.<br>(ii) Draw a plot of potential energy of a pair of nucleons as a function of their separation. Draw two inferences from this plot.<br><b>OR</b><br>(b) (i) Draw a graph to show the variation of the number of scattered particles detected (N) in Geiger-Marsden experiment as a function of scattering angle (θ).<br>(ii) Discuss briefly two conclusions that can be drawn from this graph and how they lead to the discovery of nucleus in an atom.</p>",
                    "options": [],
                    "correct_answer": {
                      "text": "<p><b>(a) (i) Proof of Constant Nuclear Density:</b><br>Nuclear density (ρ) is the ratio of the mass of the nucleus to its volume.<br>Mass of nucleus ≈ A × m, where A is the mass number and m is the average mass of a nucleon (proton or neutron).<br>The radius of a nucleus (R) is experimentally found to be R = R₀A¹/³, where R₀ is a constant (≈ 1.2 fm).<br>Volume of nucleus (V) = (4/3)πR³ = (4/3)π(R₀A¹/³ )³ = (4/3)πR₀³A.<br><br>Now, calculate the density:<br>ρ = Mass / Volume = (Am) / [(4/3)πR₀³A]<br>ρ = 3m / (4πR₀³)<br>Since m, R₀, π, and 3 are all constants, the nuclear density ρ is a constant, independent of the mass number A.<br><br><b>(a) (ii) Potential Energy Plot and Inferences:</b><br><b>Plot:</b><br>(A graph is drawn with separation distance 'r' between two nucleons on the x-axis and their potential energy (U) on the y-axis. The curve shows a deep potential well. For large r, U is slightly negative and approaches zero. As r decreases, U becomes more negative, reaching a minimum at r ≈ 0.8 fm. For r < 0.8 fm, U increases very sharply, becoming positive, indicating a strong repulsive force.)<br><b>Inferences:</b><br>1.  The nuclear force is <b>attractive for distances greater than about 0.8 fm</b>, as indicated by the negative potential energy which holds the nucleons together.<br>2.  The nuclear force is <b>strongly repulsive for distances less than about 0.8 fm</b>, as indicated by the steep rise in potential energy. This repulsive core prevents the nucleons from collapsing into each other.<br><br><b>OR</b><br><br><b>(b) (i) Geiger-Marsden Experiment Graph:</b><br><b>Graph:</b><br>(A graph is drawn with the scattering angle (θ) on the x-axis (from 0 to 180°) and the number of scattered alpha particles (N) on the y-axis (often a logarithmic scale). The graph shows a very high number of particles at very small angles (close to 0°). The number of particles decreases drastically as the scattering angle increases. A very small, but non-zero, number of particles are scattered at large angles, even close to 180°.)<br><br><b>(b) (ii) Conclusions and Discovery of Nucleus:</b><br>1.  <b>Conclusion 1: Most of the atom is empty space.</b> This is inferred from the fact that the vast majority of alpha particles passed through the gold foil with little or no deflection. They encountered nothing massive enough to deflect them.<br>2.  <b>Conclusion 2: The atom's positive charge and nearly all its mass are concentrated in a very small, dense central core.</b> This is inferred from the observation that a very small fraction of alpha particles were deflected by large angles (> 90°). Such a large deflection could only be caused by a single, powerful collision involving a massive, concentrated positive charge exerting a strong electrostatic repulsive force. This central core was named the **nucleus**. These conclusions contradicted the then-prevalent Thomson model (plum pudding) and led to the development of the Rutherford nuclear model of the atom.</p>"
                    },
                    "question_type": "Short Answer (3 marks)",
                    "difficulty_level": "medium",
                    "explanation_html": null
                  }
                ]
              },
              {
                "chapter_name": "Electric Charges and Fields",
                "questions": [
                  {
                    "question_no": 31,
                    "question_html": "<p>(a) (i) Define electric flux and write its SI unit.<br>(ii) Use Gauss' law to obtain the expression for the electric field due to a uniformly charged infinite plane sheet.<br>(iii) A cube of side L is kept in space, as shown in the figure. An electric field E = (Ax + B) î N/C exists in the region. Find the net charge enclosed by the cube.<br><b>OR</b><br>(b) (i) Define electric potential at a point and write its SI unit.<br>(ii) Two capacitors are connected in series. Derive an expression of the equivalent capacitance of the combination.<br>(iii) Two point charges +q and –q are located at points (3a, 0) and (0, 4a) respectively in x-y plane. A third charge Q is kept at the origin. Find the value of Q, in terms of q and a, so that the electrostatic potential energy of the system is zero.</p>",
                    "images": [
                      {
                        "url": "https://img.testbuddyai.com/Phy-55-3-23-Q31a(iii).png"
                      }
                    ],
                    "options": [],
                    "correct_answer": {
                      "text": "<p><b>(a) (i) Electric Flux:</b><br>Electric flux through a surface is defined as the total number of electric field lines passing normally through that surface. Mathematically, for a uniform electric field E and a plane area A, it is the dot product Φ_E = E · A = EA cosθ. Its SI unit is Newton meter squared per Coulomb (N·m²/C) or Volt meter (V·m).<br><br><b>(ii) Electric Field of an Infinite Plane Sheet:</b><br>Consider an infinite plane sheet with uniform surface charge density σ. To find the electric field E at a point P, we construct a cylindrical Gaussian surface of cross-sectional area A passing through P, with its axis perpendicular to the sheet.<br>According to Gauss's law, the total electric flux Φ_E = q_enclosed / ε₀.<br>The electric field lines are parallel to the curved surface of the cylinder, so the flux through it is zero. The flux is only through the two flat ends. The total flux is Φ_E = EA + EA = 2EA.<br>The charge enclosed by the cylinder is q_enclosed = σA.<br>Applying Gauss's law: 2EA = σA / ε₀.<br>E = σ / (2ε₀). The field is uniform and directed perpendicular to the sheet.<br><br><b>(iii) Net Charge in a Cube:</b><br>The electric field E = (Ax + B) î is only in the x-direction. So, flux is non-zero only through the faces perpendicular to the x-axis.<br>Let the cube's left face be at x=0 and the right face at x=L.<br>Flux through the left face (at x=0): E_L = (A*0 + B) î = B î. The area vector is A_L = -L² î.<br>Φ_L = E_L · A_L = (B)(-L²) = -BL².<br>Flux through the right face (at x=L): E_R = (AL + B) î. The area vector is A_R = L² î.<br>Φ_R = E_R · A_R = (AL + B)(L²) = AL³ + BL².<br>Net flux, Φ_net = Φ_L + Φ_R = -BL² + (AL³ + BL²) = AL³.<br>From Gauss's law, q_enclosed = ε₀ * Φ_net.<br><b>q_enclosed = ε₀AL³</b>.<br><br><b>OR</b><br><br><b>(b) (i) Electric Potential:</b><br>Electric potential at a point in an electric field is defined as the work done per unit positive charge in bringing the charge from infinity to that point without acceleration. It is a scalar quantity. Its SI unit is the Volt (V) or Joule per Coulomb (J/C).<br><br><b>(ii) Capacitors in Series:</b><br>Consider two capacitors C₁ and C₂ connected in series to a voltage source V. The charge Q on each capacitor is the same. The total voltage V is the sum of the voltages across each capacitor: V = V₁ + V₂.<br>Since V = Q/C, we have V₁ = Q/C₁ and V₂ = Q/C₂.<br>So, V = Q/C₁ + Q/C₂ = Q(1/C₁ + 1/C₂).<br>For the equivalent capacitor C_eq, V = Q/C_eq.<br>Comparing the two expressions: Q/C_eq = Q(1/C₁ + 1/C₂).<br><b>1/C_eq = 1/C₁ + 1/C₂</b>.<br><br><b>(iii) Electrostatic Potential Energy of the System:</b><br>The three charges are Q₁=+q at (3a,0), Q₂=-q at (0,4a), and Q₃=Q at (0,0).<br>The total potential energy (U) of the system is the sum of the potential energies of each pair:<br>U = U₁₂ + U₁₃ + U₂₃.<br>The distances are:<br>r₁₂ = √[(3a-0)² + (0-4a)²] = √(9a² + 16a²) = √25a² = 5a.<br>r₁₃ = 3a.<br>r₂₃ = 4a.<br>U = k[(+q)(-q)/(5a) + (+q)(Q)/(3a) + (-q)(Q)/(4a)]<br>U = k/a * [-q²/5 + qQ/3 - qQ/4]<br>We are given that the total potential energy is zero, U=0.<br>-q²/5 + qQ/3 - qQ/4 = 0<br>Divide by q (assuming q≠0):<br>-q/5 + Q/3 - Q/4 = 0<br>Q(1/3 - 1/4) = q/5<br>Q[(4-3)/12] = q/5<br>Q/12 = q/5<br><b>Q = 12q/5</b>.</p>"
                    },
                    "question_type": "Long Answer (5 marks)",
                    "difficulty_level": "hard",
                    "explanation_html": null
                  }
                ]
              },
              {
                "chapter_name": "Moving Charges and Magnetism",
                "questions": [
                  {
                    "question_no": 32,
                    "question_html": "<p>(a) (i) Write the principle and explain the working of a moving coil galvanometer. A galvanometer as such cannot be used to measure the current in a circuit. Why ?<br>(ii) Why is the magnetic field made radial in a moving coil galvanometer ? How is it achieved ?<br><b>OR</b><br>(b) (i) Derive an expression for magnetic field on the axis of a current carrying circular loop.<br>(ii) Write any two points of difference between a diamagnetic and a paramagnetic substance.</p>",
                    "options": [],
                    "correct_answer": {
                      "text": "<p><b>(a) (i) Moving Coil Galvanometer:</b><br><b>Principle:</b> A current-carrying coil placed in a uniform magnetic field experiences a torque.<br><b>Working:</b> A rectangular coil with N turns is suspended in a uniform radial magnetic field B. When a current I flows through the coil, it experiences a deflecting torque, τ_def = NIAB. A restoring spring provides a counter-torque, τ_res = kφ, where k is the torsional constant of the spring and φ is the deflection angle. At equilibrium, τ_def = τ_res, so NIAB = kφ. This gives I = (k/NAB)φ, showing that the current is directly proportional to the deflection (I ∝ φ).<br><b>Why it cannot be used directly:</b> A galvanometer is a very sensitive device with a low current range and a non-negligible coil resistance. If connected directly in a circuit to measure a large current, the large current could damage the coil. Also, its own resistance would alter the total resistance of the circuit, thereby changing the current it is intended to measure.<br><br><b>(ii) Radial Magnetic Field:</b><br><b>Reason:</b> The magnetic field is made radial so that for any orientation of the coil, the plane of the coil is always parallel to the magnetic field lines. This ensures that the angle between the magnetic moment vector and the magnetic field is always 90° (sinθ = 1). As a result, the deflecting torque τ = NIAB is maximum and directly proportional to the current I, which makes the galvanometer scale linear (φ ∝ I).<br><b>How it is achieved:</b> It is achieved by using cylindrically shaped concave pole pieces for the magnet and placing a soft iron cylinder at the center of the coil.<br><br><b>OR</b><br><br><b>(b) (i) Magnetic Field on the Axis of a Circular Loop:</b><br>Consider a circular loop of radius R carrying current I. Let P be a point on its axis at a distance x from the center.<br>Consider a small current element dl on the loop. According to the Biot-Savart Law, the magnetic field dB due to this element at point P is:<br>dB = (μ₀/4π) * (Idl sinθ) / r², where r = √(R²+x²) is the distance from dl to P, and θ=90°.<br>dB = (μ₀/4π) * (Idl) / (R²+x²).<br>The direction of dB is perpendicular to the line joining dl and P. We can resolve dB into two components: dB cosα along the axis and dB sinα perpendicular to the axis. The perpendicular components (dB sinα) from diametrically opposite elements cancel out. The axial components (dB cosα) add up.<br>From the geometry, cosα = R/r = R/√(R²+x²).<br>The total field B is the integral of all the axial components:<br>B = ∫ dB cosα = ∫ [(μ₀Idl)/(4π(R²+x²))] * [R/√(R²+x²)]<br>B = [μ₀IR / (4π(R²+x²)^(3/2))] ∫ dl.<br>The integral of dl over the entire loop is the circumference, 2πR.<br>B = [μ₀IR / (4π(R²+x²)^(3/2))] * (2πR)<br><b>B = (μ₀IR²) / [2(R²+x²)^(3/2)]</b>. The direction is along the axis.<br><br><b>(ii) Diamagnetic vs. Paramagnetic Substances:</b><br>1.  <b>Magnetic Susceptibility (χ):</b> Diamagnetic materials have a small, negative susceptibility (e.g., -1 < χ < 0). Paramagnetic materials have a small, positive susceptibility (e.g., χ > 0).<br>2.  <b>Behavior in External Field:</b> Diamagnetic materials are feebly repelled by a magnetic field and tend to move from stronger to weaker parts of the field. Paramagnetic materials are feebly attracted by a magnetic field and tend to move from weaker to stronger parts of the field.</p>"
                    },
                    "question_type": "Long Answer (5 marks)",
                    "difficulty_level": "hard",
                    "explanation_html": null
                  }
                ]
              },
              {
                "chapter_name": "Ray Optics and Optical Instruments",
                "questions": [
                  {
                    "question_no": 33,
                    "question_html": "<p>(a) (i) Draw a ray diagram showing the formation of a real image of an object placed at a distance 'u' in front of a concave mirror of radius of curvature 'R'. Hence, obtain the relation for the image distance 'v' in terms of u and R.<br>(ii) A 1.8 m tall person stands in front of a convex lens of focal length 1 m, at a distance of 5 m. Find the position and height of the image formed.<br><b>OR</b><br>(b) (i) Draw a ray diagram showing refraction of a ray of light through a triangular glass prism. Hence, obtain the relation for the refractive index (μ) in terms of angle of prism (A) and angle of minimum deviation (δ_m).<br>(ii) The radii of curvature of the two surfaces of a concave lens are 20 cm each. Find the refractive index of the material of the lens if its power is –5.0 D.</p>",
                    "options": [],
                    "correct_answer": {
                      "text": "<p><b>(a) (i) Concave Mirror:</b><br><b>Ray Diagram:</b> (A diagram is drawn for a concave mirror with the principal axis, center of curvature C, focal point F, and pole P. An object AB is placed beyond C. Two rays are drawn from point A: one parallel to the principal axis, which reflects through F, and another passing through C, which reflects back along the same path. The intersection of these reflected rays forms the real, inverted image A'B' between C and F.)<br><b>Derivation:</b> Using similar triangles A'B'F and MPF (where MP is a perpendicular from the point of incidence to the principal axis), we get A'B'/MP = B'F/FP. Since MP ≈ AB, A'B'/AB = B'F/FP. Also, from similar triangles A'B'P and ABP, we get A'B'/AB = B'P/BP. Equating the two expressions: B'F/FP = B'P/BP. By sign convention, B'P=-v, BP=-u, FP=-f. B'F = B'P-FP = -v - (-f) = f-v. So, (f-v)/(-f) = (-v)/(-u) => u(f-v) = vf => uf - uv = vf. Dividing by uvf, we get 1/v - 1/f = 1/u => 1/u + 1/v = 1/f. Since f=R/2, the relation is <b>1/u + 1/v = 2/R</b>.<br><br><b>(a) (ii) Convex Lens Problem:</b><br>Given: h_o = 1.8 m, f = +1 m, u = -5 m.<br>Using the lens formula: 1/v - 1/u = 1/f<br>1/v - 1/(-5) = 1/1<br>1/v = 1 - 1/5 = 4/5<br><b>v = +5/4 = +1.25 m</b>. The image is formed 1.25 m from the lens on the opposite side.<br>Magnification, m = v/u = (+1.25)/(-5) = -0.25.<br>Image height, h_i = m * h_o = -0.25 * 1.8 m = <b>-0.45 m</b>. The image is real, inverted, and 0.45 m tall.<br><br><b>OR</b><br><br><b>(b) (i) Prism Formula:</b><br><b>Ray Diagram:</b> (A diagram shows a triangular prism with angle A. An incident ray is shown entering one face, refracting, passing through the prism, and emerging from the other face, refracting again away from the normal. The angles of incidence (i), refraction (r₁, r₂), emergence (e), and deviation (δ) are marked.)<br><b>Derivation:</b> From the geometry of the prism, A = r₁ + r₂ and δ = i + e - A. At the angle of minimum deviation (δ = δ_m), the ray passes symmetrically through the prism, so i = e and r₁ = r₂ = r. The equations become A = 2r (so r = A/2) and δ_m = 2i - A (so i = (A+δ_m)/2).<br>Using Snell's Law at the first face: μ = sin i / sin r.<br>Substituting the expressions for i and r: <b>μ = sin[(A+δ_m)/2] / sin(A/2)</b>.<br><br><b>(b) (ii) Refractive Index of Concave Lens:</b><br>Given: Power P = -5.0 D. For a biconcave lens, R₁ = -20 cm = -0.2 m and R₂ = +20 cm = +0.2 m.<br>Focal length, f = 1/P = 1/(-5.0) = -0.2 m.<br>Using the Lens Maker's Formula: 1/f = (μ - 1)(1/R₁ - 1/R₂)<br>1/(-0.2) = (μ - 1)(1/(-0.2) - 1/(+0.2))<br>-5 = (μ - 1)(-5 - 5)<br>-5 = (μ - 1)(-10)<br>μ - 1 = (-5)/(-10) = 0.5<br><b>μ = 1.5</b>.</p>"
                    },
                    "question_type": "Long Answer (5 marks)",
                    "difficulty_level": "hard",
                    "explanation_html": null
                  }
                ]
              },
              {
                "chapter_name": "Moving Charges and Magnetism",
                "questions": [
                  {
                    "question_no": 34,
                    "question_html": "<p><b>Case Study:</b> A beam of electrons moving horizontally with a velocity of 3 × 10⁷ m/s enters a region between two parallel plates as shown in the figure. A suitable potential difference is applied across the plates such that the electrons just strike the edge of the lower plate.</p><p>(a) How long does an electron take to strike the edge?</p><p>(b) What is the nature of the path followed by the electron and why?</p><p>(c) Find the potential difference applied.</p><p><b>OR</b></p><p>(c) Find the magnitude and direction of the magnetic field so that the electron beam goes straight undeviated.</p>",
                    "images": [
                      {
                        "url": "https://img.testbuddyai.com/Phy-55-3-23-Q34.png"
                      }
                    ],
                    "options": [],
                    "correct_answer": {
                      "text": "<p><b>(a) Time taken to strike the edge</b><br>The horizontal velocity of the electron remains constant because the electric field acts vertically. The horizontal distance travelled before striking the plate edge is 3 cm = 0.03 m. Using t = distance / speed, the time taken is t = 0.03 / (3 × 10⁷) = 1 × 10⁻⁹ s.</p><p><b>(b) Nature of the path</b><br>The electron follows a parabolic path. This is because its horizontal velocity remains constant while it undergoes uniform acceleration in the vertical direction due to the electric field between the plates. This motion is similar to that of a projectile under gravity.</p><p><b>(c) Potential difference across the plates</b><br>The electron falls through half the plate separation, which is 0.5 cm = 0.005 m, during time t = 1 × 10⁻⁹ s. Using the equation of motion s = ½at² and substituting the values, the vertical acceleration is a = (2 × 0.005)/(1 × 10⁻¹⁸) = 1 × 10¹⁶ m/s². Since acceleration is produced by electric force, a = eE/m, and E = V/d. Substituting the values of electron charge, mass and plate separation (d = 0.01 m), the potential difference is obtained as V = (a m d)/e = (1 × 10¹⁶ × 9.1 × 10⁻³¹ × 0.01)/(1.6 × 10⁻¹⁹) ≈ 5.7 × 10² V.</p><p><b>OR</b></p><p><b>(c) Magnetic field for no deflection</b><br>For the electron beam to go undeviated, the magnetic force must exactly balance the electric force, so eE = evB, which gives B = E/v. Using E = V/d ≈ 5.7 × 10⁴ N/C and v = 3 × 10⁷ m/s, the magnetic field needed is B ≈ 1.9 × 10⁻³ T. Since the velocity is along the horizontal direction and the electric force is downward, the magnetic field must be applied perpendicular to the plane of motion such that the magnetic force acts upward. Therefore, the magnetic field must be directed out of the plane of the paper.</p>"
                    },
                    "question_type": "Case-based Subjective",
                    "difficulty_level": "hard",
                    "explanation_html": null
                  }
                ]
              },
              {
                "chapter_name": "Wave Optics",
                "questions": [
                  {
                    "question_no": 35,
                    "question_html": "<p><b>Case Study:</b> Diffraction of light is bending of light around the corners of an object whose size is comparable with the wavelength of light. Diffraction actually defines the limits of ray optics. This limit for optical instruments is set by the wavelength of light. An experimental arrangement is set up to observe the diffraction pattern due to a single slit.<br>Answer the following questions based on the above:<br>(a) How will the width of central maximum be affected if the wavelength of light is increased ?<br>(b) Under what condition is the first minimum obtained ?<br>(c) Write two points of difference between interference and diffraction patterns.<br><b>OR</b><br>(c) Two students are separated by a 7 m partition wall in a room 10 m high. If both light and sound waves can bend around obstacles, how is it that the students are unable to see each other even though they can converse easily ?</p>",
                    "options": [],
                    "correct_answer": {
                      "text": "<p><b>(a) Effect of Wavelength on Width of Central Maximum:</b><br>The angular width of the central maximum in a single-slit diffraction pattern is given by 2θ = 2λ/a, where λ is the wavelength and 'a' is the slit width. Since the width is directly proportional to the wavelength (λ), if the wavelength of light is increased, the width of the central maximum will also <b>increase</b>.<br><br><b>(b) Condition for First Minimum:</b><br>The first minimum in a single-slit diffraction pattern is obtained when the path difference between the waves originating from the top and bottom edges of the slit is equal to one wavelength (λ). This occurs at an angle θ such that:<br><b>a sinθ = λ</b><br>where 'a' is the width of the slit.<br><br><b>(c) Difference between Interference and Diffraction:</b><br>1.  <b>Fringe Width and Intensity:</b> In an interference pattern (from two slits), all the bright fringes have the same width and the same intensity. In a diffraction pattern (from a single slit), the central bright fringe is twice as wide as the other secondary maxima, and its intensity is much higher. The intensity of the secondary maxima decreases rapidly as we move away from the center.<br>2.  <b>Origin:</b> Interference is the result of the superposition of waves from two or more coherent sources (or slits). Diffraction is the result of the superposition of waves from different parts of the same wavefront that has been obstructed by a single slit or obstacle.<br><br><b>OR</b><br><br><b>(c) Seeing vs. Hearing around a Wall:</b><br>The ability of a wave to bend around an obstacle (diffraction) is significant only when the size of the obstacle is comparable to or smaller than the wavelength of the wave.<br><b>- Sound Waves:</b> The wavelength of audible sound is in the range of centimeters to several meters. A 7 m wall is an obstacle of a size comparable to the wavelength of sound. Therefore, sound waves diffract or bend around the wall easily, allowing the students to hear each other.<br><b>- Light Waves:</b> The wavelength of visible light is extremely small, in the range of 400 to 700 nanometers (4×10⁻⁷ m to 7×10⁻⁷ m). The 7 m wall is vastly larger than the wavelength of light. As a result, the diffraction of light around the wall is negligible. Light travels in approximately straight lines in this scenario, creating a sharp shadow, which is why the students are unable to see each other.</p>"
                    },
                    "question_type": "Case-based Subjective",
                    "difficulty_level": "medium",
                    "explanation_html": null
                  }
                ]
              }
            ]
          }
        ]
      }
    ]
  }
]