[
  {
    "exam_name_actual": "CBSE Board - Class 10",
    "main_exam_id_name_ref": "CBSE Board - Class 10",
    "years": [
      {
        "year": "2024",
        "papers_or_subjects": [
          {
            "paper_name": "CBSE Class 10 Science Paper 2024 (QP Code: 31/3/1)",
            "subject_name": "Science",
            "chapters": [
              {
                "chapter_name": "Chemical Reactions and Equations",
                "questions": [
                  {
                    "question_no": 1,
                    "question_html": "<p>Identify the product 'X' obtained in the following chemical reaction :</p><p>CaCO<sub>3</sub> &rarr; 'X' + CO<sub>2</sub></p>",
                    "options": [
                      {
                        "id": "a",
                        "text": "Quick lime"
                      },
                      {
                        "id": "b",
                        "text": "Gypsum"
                      },
                      {
                        "id": "c",
                        "text": "Lime Stone"
                      },
                      {
                        "id": "d",
                        "text": "Plaster of Paris"
                      }
                    ],
                    "correct_answer": {
                      "ids": [
                        "a"
                      ]
                    },
                    "question_type": "mcq_single",
                    "difficulty_level": "easy",
                    "explanation_html": "<p>When calcium carbonate (CaCO<sub>3</sub>) is heated, it decomposes to form calcium oxide (CaO), also known as quick lime, and carbon dioxide (CO<sub>2</sub>). This is a thermal decomposition reaction.</p>"
                  }
                ]
              },
              {
                "chapter_name": "Acids, Bases and Salts",
                "questions": [
                  {
                    "question_no": 2,
                    "question_html": "<p>Select a pair of natural indicator from the following :</p>",
                    "options": [
                      {
                        "id": "a",
                        "text": "Litmus and methyl orange"
                      },
                      {
                        "id": "b",
                        "text": "Turmeric and Litmus"
                      },
                      {
                        "id": "c",
                        "text": "Phenolphthalein and methyl orange"
                      },
                      {
                        "id": "d",
                        "text": "Methyl orange and Turmeric"
                      }
                    ],
                    "correct_answer": {
                      "ids": [
                        "b"
                      ]
                    },
                    "question_type": "mcq_single",
                    "difficulty_level": "easy",
                    "explanation_html": "<p>Litmus (obtained from lichens) and turmeric are natural indicators. Methyl orange and phenolphthalein are synthetic indicators.</p>"
                  }
                ]
              },
              {
                "chapter_name": "Acids, Bases and Salts",
                "questions": [
                  {
                    "question_no": 3,
                    "question_html": "<p>A chemical compound used in glass, soap and paper industries is</p>",
                    "options": [
                      {
                        "id": "a",
                        "text": "Washing Soda"
                      },
                      {
                        "id": "b",
                        "text": "Baking Soda"
                      },
                      {
                        "id": "c",
                        "text": "Bleaching Powder"
                      },
                      {
                        "id": "d",
                        "text": "Common Salt"
                      }
                    ],
                    "correct_answer": {
                      "ids": [
                        "a"
                      ]
                    },
                    "question_type": "mcq_single",
                    "difficulty_level": "easy",
                    "explanation_html": "<p>Washing soda (Sodium carbonate, Na<sub>2</sub>CO<sub>3</sub>.10H<sub>2</sub>O) is used in the manufacturing of glass, soap, and paper.</p>"
                  }
                ]
              },
              {
                "chapter_name": "Carbon and its Compounds",
                "questions": [
                  {
                    "question_no": 4,
                    "question_html": "<p>The structural formula of Cyclohexane is</p>",
                    "options": [
                      {
                        "id": "a",
                        "text": "A cyclic structure with alternating double bonds."
                      },
                      {
                        "id": "b",
                        "text": "A six-carbon cyclic structure with only single bonds."
                      },
                      {
                        "id": "c",
                        "text": "A cyclic structure with triple bonds."
                      },
                      {
                        "id": "d",
                        "text": "A linear six-carbon chain."
                      }
                    ],
                    "correct_answer": {
                      "ids": [
                        "b"
                      ]
                    },
                    "question_type": "mcq_single",
                    "difficulty_level": "easy",
                    "explanation_html": "<p>Cyclohexane (C<sub>6</sub>H<sub>12</sub>) is a cyclic alkane consisting of a ring of six carbon atoms connected by single bonds, with each carbon atom also bonded to two hydrogen atoms.</p>"
                  }
                ]
              },
              {
                "chapter_name": "Chemical Reactions and Equations",
                "questions": [
                  {
                    "question_no": 5,
                    "question_html": "<p>Consider the following Chemical equation :</p><p>a Al<sub>2</sub>O<sub>3</sub> + b HCl &rarr; c AlCl<sub>3</sub> + d H<sub>2</sub>O</p><p>In order to balance this chemical equation, the values of a, b, c and d must be</p>",
                    "options": [
                      {
                        "id": "a",
                        "text": "1, 6, 2 and 3"
                      },
                      {
                        "id": "b",
                        "text": "1, 6, 3 and 2"
                      },
                      {
                        "id": "c",
                        "text": "2, 6, 2 and 3"
                      },
                      {
                        "id": "d",
                        "text": "2, 6, 3 and 2"
                      }
                    ],
                    "correct_answer": {
                      "ids": [
                        "a"
                      ]
                    },
                    "question_type": "mcq_single",
                    "difficulty_level": "medium",
                    "explanation_html": "<p>To balance the equation Al<sub>2</sub>O<sub>3</sub> + HCl &rarr; AlCl<sub>3</sub> + H<sub>2</sub>O:</p><ol><li>Balance Al: Al<sub>2</sub>O<sub>3</sub> + HCl &rarr; 2 AlCl<sub>3</sub> + H<sub>2</sub>O</li><li>Balance Cl: Al<sub>2</sub>O<sub>3</sub> + 6 HCl &rarr; 2 AlCl<sub>3</sub> + H<sub>2</sub>O</li><li>Balance H and O: Al<sub>2</sub>O<sub>3</sub> + 6 HCl &rarr; 2 AlCl<sub>3</sub> + 3 H<sub>2</sub>O</li></ol><p>The balanced equation is Al<sub>2</sub>O<sub>3</sub> + 6 HCl &rarr; 2 AlCl<sub>3</sub> + 3 H<sub>2</sub>O. So, a=1, b=6, c=2, d=3.</p>"
                  }
                ]
              },
              {
                "chapter_name": "Carbon and its Compounds",
                "questions": [
                  {
                    "question_no": 6,
                    "question_html": "<p>Which one of the following hydrocarbons is different from the others ?</p>",
                    "options": [
                      {
                        "id": "a",
                        "text": "C<sub>4</sub>H<sub>10</sub>"
                      },
                      {
                        "id": "b",
                        "text": "C<sub>7</sub>H<sub>14</sub>"
                      },
                      {
                        "id": "c",
                        "text": "C<sub>5</sub>H<sub>12</sub>"
                      },
                      {
                        "id": "d",
                        "text": "C<sub>2</sub>H<sub>6</sub>"
                      }
                    ],
                    "correct_answer": {
                      "ids": [
                        "b"
                      ]
                    },
                    "question_type": "mcq_single",
                    "difficulty_level": "medium",
                    "explanation_html": "<p>C<sub>4</sub>H<sub>10</sub>, C<sub>5</sub>H<sub>12</sub>, and C<sub>2</sub>H<sub>6</sub> are all alkanes, with the general formula C<sub>n</sub>H<sub>2n+2</sub>. C<sub>7</sub>H<sub>14</sub> is an alkene, with the general formula C<sub>n</sub>H<sub>2n</sub>.</p>"
                  }
                ]
              },
              {
                "chapter_name": "Chemical Reactions and Equations",
                "questions": [
                  {
                    "question_no": 7,
                    "question_html": "<p>Which one of the following reactions is different from the remaining three ?</p>",
                    "options": [
                      {
                        "id": "a",
                        "text": "NaCl + AgNO<sub>3</sub> &rarr; AgCl + NaNO<sub>3</sub>"
                      },
                      {
                        "id": "b",
                        "text": "CaO + H<sub>2</sub>O &rarr; Ca(OH)<sub>2</sub>"
                      },
                      {
                        "id": "c",
                        "text": "KNO<sub>3</sub> + H<sub>2</sub>SO<sub>4</sub> &rarr; KHSO<sub>4</sub> + HNO<sub>3</sub>"
                      },
                      {
                        "id": "d",
                        "text": "ZnCl<sub>2</sub> + H<sub>2</sub>S &rarr; ZnS + 2HCl"
                      }
                    ],
                    "correct_answer": {
                      "ids": [
                        "b"
                      ]
                    },
                    "question_type": "mcq_single",
                    "difficulty_level": "medium",
                    "explanation_html": "<p>The reaction in option (B) is a combination reaction where two substances combine to form a single product. The reactions in options (A), (C), and (D) are all double displacement reactions, where there is an exchange of ions between the reactants.</p>"
                  }
                ]
              },
              {
                "chapter_name": "Control and Coordination",
                "questions": [
                  {
                    "question_no": 8,
                    "question_html": "<p>Select from the following a plant hormone which promotes cell division.</p>",
                    "options": [
                      {
                        "id": "a",
                        "text": "Gibberellins"
                      },
                      {
                        "id": "b",
                        "text": "Auxins"
                      },
                      {
                        "id": "c",
                        "text": "Abscissic Acid"
                      },
                      {
                        "id": "d",
                        "text": "Cytokinins"
                      }
                    ],
                    "correct_answer": {
                      "ids": [
                        "d"
                      ]
                    },
                    "question_type": "mcq_single",
                    "difficulty_level": "easy",
                    "explanation_html": "<p>Cytokinins are plant hormones that are primarily responsible for promoting cell division (cytokinesis) in plant roots and shoots.</p>"
                  }
                ]
              },
              {
                "chapter_name": "How do Organisms Reproduce?",
                "questions": [
                  {
                    "question_no": 9,
                    "question_html": "<p>Part(s) of a flower which attracts insects for pollination is (are)</p>",
                    "options": [
                      {
                        "id": "a",
                        "text": "petals and Sepals"
                      },
                      {
                        "id": "b",
                        "text": "anther and Stigma"
                      },
                      {
                        "id": "c",
                        "text": "petals only"
                      },
                      {
                        "id": "d",
                        "text": "sepals only"
                      }
                    ],
                    "correct_answer": {
                      "ids": [
                        "c"
                      ]
                    },
                    "question_type": "mcq_single",
                    "difficulty_level": "easy",
                    "explanation_html": "<p>Petals are often brightly colored and scented to attract insects and other pollinators to the flower.</p>"
                  }
                ]
              },
              {
                "chapter_name": "Heredity",
                "questions": [
                  {
                    "question_no": 10,
                    "question_html": "<p>In an experiment to study independent inheritance of two separate traits : shape and colour of seeds, the ratio of the different combinations in F<sub>2</sub> progeny would be</p>",
                    "options": [
                      {
                        "id": "a",
                        "text": "1:3"
                      },
                      {
                        "id": "b",
                        "text": "1:2:1"
                      },
                      {
                        "id": "c",
                        "text": "9:3:3:1"
                      },
                      {
                        "id": "d",
                        "text": "9:1:1:3"
                      }
                    ],
                    "correct_answer": {
                      "ids": [
                        "c"
                      ]
                    },
                    "question_type": "mcq_single",
                    "difficulty_level": "easy",
                    "explanation_html": "<p>According to Mendel's Law of Independent Assortment, a dihybrid cross between two heterozygous parents results in a phenotypic ratio of 9:3:3:1 in the F<sub>2</sub> generation.</p>"
                  }
                ]
              },
              {
                "chapter_name": "Life Processes",
                "questions": [
                  {
                    "question_no": 11,
                    "question_html": "<p>Which of the following statement (s) is (are) true about human heart?</p><p>(a) Right atrium receives oxygenated blood from lungs through pulmonary artery.</p><p>(b) Left atrium transfers oxygenated blood to left ventricle which sends it to various parts of the body.</p><p>(c) Right atrium receives deoxygenated blood from different parts of the body through vena cava.</p><p>(d) Left atrium transfers oxygenated blood to aorta which sends it to different parts of the body.</p>",
                    "options": [
                      {
                        "id": "a",
                        "text": "(b) only"
                      },
                      {
                        "id": "b",
                        "text": "(a) and (d)"
                      },
                      {
                        "id": "c",
                        "text": "(b) and (c)"
                      },
                      {
                        "id": "d",
                        "text": "(b) and (d)"
                      }
                    ],
                    "correct_answer": {
                      "ids": [
                        "c"
                      ]
                    },
                    "question_type": "mcq_single",
                    "difficulty_level": "medium",
                    "explanation_html": "<p>Statement (b) is correct as the left atrium passes oxygenated blood to the left ventricle. Statement (c) is correct as the right atrium receives deoxygenated blood from the body via the vena cava. Statement (a) is incorrect because the right atrium receives deoxygenated blood and the pulmonary artery carries deoxygenated blood. Statement (d) is incorrect as the left ventricle, not the atrium, transfers blood to the aorta.</p>"
                  }
                ]
              },
              {
                "chapter_name": "Heredity",
                "questions": [
                  {
                    "question_no": 12,
                    "question_html": "<p>A cross between two tall pea plants resulted in offsprings having a few dwarf plants. The gene-combination of the parental plants must be</p>",
                    "options": [
                      {
                        "id": "a",
                        "text": "Tt and Tt"
                      },
                      {
                        "id": "b",
                        "text": "Tt and tt"
                      },
                      {
                        "id": "c",
                        "text": "TT and tt"
                      },
                      {
                        "id": "d",
                        "text": "TT and Tt"
                      }
                    ],
                    "correct_answer": {
                      "ids": [
                        "a"
                      ]
                    },
                    "question_type": "mcq_single",
                    "difficulty_level": "easy",
                    "explanation_html": "<p>For dwarf plants (recessive trait, tt) to appear in the offspring, both parents must carry the recessive allele (t). Since the parents are tall, their genotype must be heterozygous (Tt). A cross between Tt and Tt can produce TT, Tt, and tt offspring.</p>"
                  }
                ]
              },
              {
                "chapter_name": "The Human Eye and the Colourful World",
                "questions": [
                  {
                    "question_no": 13,
                    "question_html": "<p>The Phenomena of light involved in the formation of a rainbow in the sky are</p>",
                    "options": [
                      {
                        "id": "a",
                        "text": "Refraction, dispersion and reflection"
                      },
                      {
                        "id": "b",
                        "text": "Refraction, dispersion and total internal reflection"
                      },
                      {
                        "id": "c",
                        "text": "Dispersion, scattering and reflection"
                      },
                      {
                        "id": "d",
                        "text": "Dispersion, refraction and internal reflection"
                      }
                    ],
                    "correct_answer": {
                      "ids": [
                        "b"
                      ]
                    },
                    "question_type": "mcq_single",
                    "difficulty_level": "easy",
                    "explanation_html": "<p>A rainbow is formed when sunlight is refracted as it enters a water droplet, then undergoes total internal reflection at the back of the droplet, and is refracted again as it leaves. The initial refraction also separates the white light into its constituent colors (dispersion).</p>"
                  }
                ]
              },
              {
                "chapter_name": "Electricity",
                "questions": [
                  {
                    "question_no": 14,
                    "question_html": "<p>In case of four wires of same material, the resistance will be minimum if the diameter and length of the wire respectively are</p>",
                    "options": [
                      {
                        "id": "a",
                        "text": "D/2 and L/4"
                      },
                      {
                        "id": "b",
                        "text": "D/4 and 4L"
                      },
                      {
                        "id": "c",
                        "text": "2D and L"
                      },
                      {
                        "id": "d",
                        "text": "4D and 2L"
                      }
                    ],
                    "correct_answer": {
                      "ids": [
                        "d"
                      ]
                    },
                    "question_type": "mcq_single",
                    "difficulty_level": "medium",
                    "explanation_html": "<p>Resistance (R) is directly proportional to length (L) and inversely proportional to the cross-sectional area (A), which is proportional to the square of the diameter (D<sup>2</sup>). R &prop; L/D<sup>2</sup>. To minimize resistance, we need the largest diameter and the shortest length. Comparing the ratios L/D<sup>2</sup> for each option shows that 2L/(4D)<sup>2</sup> = 2L/16D<sup>2</sup> = L/8D<sup>2</sup> is the smallest value.</p>"
                  }
                ]
              },
              {
                "chapter_name": "Our Environment",
                "questions": [
                  {
                    "question_no": 15,
                    "question_html": "<p>A food chain will be more advantageous in terms of energy if it has</p>",
                    "options": [
                      {
                        "id": "a",
                        "text": "2 trophic levels"
                      },
                      {
                        "id": "b",
                        "text": "3 trophic levels"
                      },
                      {
                        "id": "c",
                        "text": "4 trophic levels"
                      },
                      {
                        "id": "d",
                        "text": "5 trophic levels"
                      }
                    ],
                    "correct_answer": {
                      "ids": [
                        "a"
                      ]
                    },
                    "question_type": "mcq_single",
                    "difficulty_level": "easy",
                    "explanation_html": "<p>According to the 10% law of energy transfer, only about 10% of the energy is transferred from one trophic level to the next. Therefore, shorter food chains are more energy-efficient. A food chain with 2 trophic levels (e.g., producer and primary consumer) will have the most available energy at the top level.</p>"
                  }
                ]
              },
              {
                "chapter_name": "Our Environment",
                "questions": [
                  {
                    "question_no": 16,
                    "question_html": "<p>Consider the following statements about ozone :</p><p>(a) Ozone is poisonous gas.</p><p>(b) Ozone shields the earth's surface from the infrared radiation from the sun.</p><p>(c) Ozone is a product of UV radiations acting on oxygen molecule.</p><p>(d) At the lower level of the earth's atmosphere, ozone performs most essential function.</p><p>The correct statements are</p>",
                    "options": [
                      {
                        "id": "a",
                        "text": "(a) and (b)"
                      },
                      {
                        "id": "b",
                        "text": "(a) and (c)"
                      },
                      {
                        "id": "c",
                        "text": "(b) and (c)"
                      },
                      {
                        "id": "d",
                        "text": "(b) and (d)"
                      }
                    ],
                    "correct_answer": {
                      "ids": [
                        "b"
                      ]
                    },
                    "question_type": "mcq_single",
                    "difficulty_level": "medium",
                    "explanation_html": "<p>Statement (a) is correct; ozone is a toxic gas. Statement (c) is correct; stratospheric ozone is formed when UV radiation breaks down O<sub>2</sub> molecules into oxygen atoms, which then react with other O<sub>2</sub> molecules to form O<sub>3</sub>. Statement (b) is incorrect; ozone shields the Earth from harmful ultraviolet (UV) radiation, not infrared radiation. Statement (d) is incorrect; ozone is beneficial in the upper atmosphere (stratosphere) but is a harmful pollutant at lower levels (troposphere).</p>"
                  }
                ]
              },
              {
                "chapter_name": "Metals and Non-metals",
                "questions": [
                  {
                    "question_no": 17,
                    "question_html": "<p><strong>Assertion (A) :</strong> A piece of Zinc metal gets reddish brown coating when kept in copper sulphate solution for some time.</p><p><strong>Reason (R) :</strong> Copper is more reactive metal than Zinc.</p>",
                    "options": [
                      {
                        "id": "a",
                        "text": "Both Assertion (A) and Reason (R) are true and Reason (R) is the correct explanation of Assertion (A)."
                      },
                      {
                        "id": "b",
                        "text": "Both Assertion (A) and Reason (R) are true, but Reason (R) is not the correct explanation of Assertion (A)."
                      },
                      {
                        "id": "c",
                        "text": "Assertion (A) is true, but Reason (R) is false."
                      },
                      {
                        "id": "d",
                        "text": "Assertion (A) is false, but Reason (R) is true."
                      }
                    ],
                    "correct_answer": {
                      "ids": [
                        "c"
                      ]
                    },
                    "question_type": "mcq_single",
                    "difficulty_level": "medium",
                    "explanation_html": "<p>Assertion (A) is true. Zinc is more reactive than copper, so it displaces copper from the copper sulphate solution, forming zinc sulphate and depositing copper metal (which is reddish-brown) on the zinc piece. Reason (R) is false because zinc is more reactive than copper, not the other way around.</p>"
                  }
                ]
              },
              {
                "chapter_name": "How do Organisms Reproduce?",
                "questions": [
                  {
                    "question_no": 18,
                    "question_html": "<p><strong>Assertion (A) :</strong> Offsprings produced by asexual reproduction are genetically similar to the parents.</p><p><strong>Reason (R) :</strong> Asexual reproduction involves a single parent.</p>",
                    "options": [
                      {
                        "id": "a",
                        "text": "Both Assertion (A) and Reason (R) are true and Reason (R) is the correct explanation of Assertion (A)."
                      },
                      {
                        "id": "b",
                        "text": "Both Assertion (A) and Reason (R) are true, but Reason (R) is not the correct explanation of Assertion (A)."
                      },
                      {
                        "id": "c",
                        "text": "Assertion (A) is true, but Reason (R) is false."
                      },
                      {
                        "id": "d",
                        "text": "Assertion (A) is false, but Reason (R) is true."
                      }
                    ],
                    "correct_answer": {
                      "ids": [
                        "a"
                      ]
                    },
                    "question_type": "mcq_single",
                    "difficulty_level": "easy",
                    "explanation_html": "<p>Assertion (A) is true because asexual reproduction does not involve the fusion of gametes from different individuals, so the offspring inherit the exact genetic material of the single parent. Reason (R) is also true and correctly explains the assertion; the involvement of a single parent is the reason for the genetic similarity.</p>"
                  }
                ]
              },
              {
                "chapter_name": "The Human Eye and the Colourful World",
                "questions": [
                  {
                    "question_no": 19,
                    "question_html": "<p><strong>Assertion (A) :</strong> Red light signals are used to stop the vehicles on the road.</p><p><strong>Reason (R) :</strong> Red coloured light is scattered the most so as to be visible from a large distance.</p>",
                    "options": [
                      {
                        "id": "a",
                        "text": "Both Assertion (A) and Reason (R) are true and Reason (R) is the correct explanation of Assertion (A)."
                      },
                      {
                        "id": "b",
                        "text": "Both Assertion (A) and Reason (R) are true, but Reason (R) is not the correct explanation of Assertion (A)."
                      },
                      {
                        "id": "c",
                        "text": "Assertion (A) is true, but Reason (R) is false."
                      },
                      {
                        "id": "d",
                        "text": "Assertion (A) is false, but Reason (R) is true."
                      }
                    ],
                    "correct_answer": {
                      "ids": [
                        "c"
                      ]
                    },
                    "question_type": "mcq_single",
                    "difficulty_level": "medium",
                    "explanation_html": "<p>Assertion (A) is true; red light is universally used for stop signals. The Reason (R) is false. Red light has the longest wavelength in the visible spectrum and is therefore scattered the least by atmospheric particles. This allows it to travel the farthest and be seen from a large distance, which is why it is used for danger signals.</p>"
                  }
                ]
              },
              {
                "chapter_name": "Our Environment",
                "questions": [
                  {
                    "question_no": 20,
                    "question_html": "<p><strong>Assertion (A) :</strong> The waste we generate daily may be biodegradable or non-biodegradable.</p><p><strong>Reason (R) :</strong> The waste generated, if not disposed off properly may cause serious environmental problems.</p>",
                    "options": [
                      {
                        "id": "a",
                        "text": "Both Assertion (A) and Reason (R) are true and Reason (R) is the correct explanation of Assertion (A)."
                      },
                      {
                        "id": "b",
                        "text": "Both Assertion (A) and Reason (R) are true, but Reason (R) is not the correct explanation of Assertion (A)."
                      },
                      {
                        "id": "c",
                        "text": "Assertion (A) is true, but Reason (R) is false."
                      },
                      {
                        "id": "d",
                        "text": "Assertion (A) is false, but Reason (R) is true."
                      }
                    ],
                    "correct_answer": {
                      "ids": [
                        "b"
                      ]
                    },
                    "question_type": "mcq_single",
                    "difficulty_level": "easy",
                    "explanation_html": "<p>Both statements are independently true. Assertion (A) correctly states that daily waste consists of both types that can be broken down by microorganisms (biodegradable) and those that cannot (non-biodegradable). Reason (R) correctly states the consequence of improper waste disposal. However, (R) does not explain why waste is of two different types; it only states the general problem of waste management. Therefore, it is not the correct explanation for (A).</p>"
                  }
                ]
              },
              {
                "chapter_name": "Chemical Reactions and Equations",
                "questions": [
                  {
                    "question_no": 21,
                    "question_html": "<p>When magnesium ribbon is burnt in air, an ash of white colour is produced. Write chemical equation for the reaction giving the chemical name of the ash produced. State the type of chemical reaction giving justification for your answer.</p>",
                    "options": [],
                    "correct_answer": {
                      "text": "<p>The chemical equation for the reaction is: 2 Mg + O₂ → 2 MgO. The chemical name of the ash produced is Magnesium oxide. The type of chemical reaction is a Combination reaction. Justification: Two or more substances (Magnesium and Oxygen) combine to form a single product (Magnesium oxide).</p>"
                    },
                    "question_type": "Very Short Answer (2 marks)",
                    "difficulty_level": "easy",
                    "explanation_html": null
                  }
                ]
              },
              {
                "chapter_name": "Control and Coordination",
                "questions": [
                  {
                    "question_no": 22,
                    "question_html": "<p>Where are auxins synthesized ? How do they promote phototropism ?</p>",
                    "options": [],
                    "correct_answer": {
                      "text": "<p>Auxins are synthesized at the shoot tip and root tip. They promote phototropism by diffusing towards the shady side of the shoot when light falls on one side. The higher concentration of auxin on the shady side stimulates the cells to grow longer, causing the plant to bend towards the light.</p>"
                    },
                    "question_type": "Very Short Answer (2 marks)",
                    "difficulty_level": "easy",
                    "explanation_html": null
                  }
                ]
              },
              {
                "chapter_name": "Heredity",
                "questions": [
                  {
                    "question_no": 23,
                    "question_html": "<p><b>(a)</b> List any two pairs of visible contrasting characters of garden pea plants used by Mendel for his experiments stating the dominant and recessive characters in each pair.</p><hr><p><b>(b)</b> In human beings, the probability of getting a male or a female child is 50%. Explain with the help of a flow diagram only.</p>",
                    "options": [],
                    "correct_answer": {
                      "text": "<p><b>(a)</b> Two pairs of visible contrasting characters of garden pea plants used by Mendel are: <br>1. Plant Height: Tallness (dominant) and Dwarfness (recessive). <br>2. Seed Color: Yellow seeds (dominant) and Green seeds (recessive).</p><hr><p><b>(b)</b> Humans have 23 pairs of chromosomes. Females have two X chromosomes (XX), while males have one X and one Y chromosome (XY).<br>During reproduction:<br>- The female produces eggs, all containing an X chromosome.<br>- The male produces sperms, 50% containing an X chromosome and 50% containing a Y chromosome.<br>The sex of the child depends on which sperm fertilizes the egg:<br>- If an X-sperm fertilizes the egg, the child will be a female (XX).<br>- If a Y-sperm fertilizes the egg, the child will be a male (XY).<br>Since there is an equal chance of either type of sperm fertilizing the egg, the probability of having a male or a female child is 50%.</p>"
                    },
                    "question_type": "Very Short Answer (2 marks)",
                    "difficulty_level": "easy",
                    "explanation_html": null
                  }
                ]
              },
              {
                "chapter_name": "The Human Eye and the Colourful World",
                "questions": [
                  {
                    "question_no": 24,
                    "question_html": "<p>When do we say that a particular person is suffering from hypermetropia ? List two causes of this defect. Name the type of lens used to correct this defect.</p>",
                    "options": [],
                    "correct_answer": {
                      "text": "<p>A person is suffering from hypermetropia (or farsightedness) when they can see distant objects clearly but cannot see nearby objects distinctly.<br>Two causes of this defect are:<br>1. The focal length of the eye lens is too long.<br>2. The eyeball has become too small.<br>The type of lens used to correct this defect is a Convex (converging) lens.</p>"
                    },
                    "question_type": "Very Short Answer (2 marks)",
                    "difficulty_level": "medium",
                    "explanation_html": null
                  }
                ]
              },
              {
                "chapter_name": "Magnetic Effects of Electric Current",
                "questions": [
                  {
                    "question_no": 25,
                    "question_html": "<p><b>(a)</b> Draw a labelled diagram to show the pattern of magnetic field lines produced due to a current carrying straight conductor. Mark on it the direction of current in the conductor and the direction of magnetic field lines.</p><hr><p><b>(b)</b> Name the device used to magnetise a piece of magnetic material. Draw a labelled diagram to show the arrangement used for the magnetisation of a cylinder made of soft iron.</p>",
                    "options": [],
                    "correct_answer": {
                      "text": "<p><b>(a)</b> The magnetic field lines around a current-carrying straight conductor are in the form of concentric circles, with the conductor at the center. The direction of the magnetic field lines can be determined using the right-hand thumb rule: If the conductor is held in the right hand with the thumb pointing in the direction of the current, the direction in which the fingers curl gives the direction of the magnetic field lines.</p><hr><p><b>(b)</b> The device used to magnetize a piece of magnetic material is a solenoid (an electromagnet). The arrangement involves placing the magnetic material, such as a soft iron cylinder, inside a long coil of insulated copper wire (the solenoid). When a strong direct current is passed through the solenoid, a strong magnetic field is produced inside it, which magnetizes the soft iron.</p>"
                    },
                    "question_type": "Very Short Answer (2 marks)",
                    "difficulty_level": "medium",
                    "explanation_html": null
                  }
                ]
              },
              {
                "chapter_name": "Our Environment",
                "questions": [
                  {
                    "question_no": 26,
                    "question_html": "<p>What are decomposers ? List two consequences of their absence in an ecosystem.</p>",
                    "options": [],
                    "correct_answer": {
                      "text": "<p>Decomposers are microorganisms, like bacteria and fungi, that break down complex organic substances from dead organisms into simple inorganic substances.<br>Two consequences of their absence in an ecosystem are:<br>1. Accumulation of dead organic matter: Dead plants and animals would pile up, as there would be no organisms to break them down.<br>2. Nutrient cycle disruption: The replenishment of nutrients in the soil would stop, making the soil infertile and disrupting the entire ecosystem.</p>"
                    },
                    "question_type": "Very Short Answer (2 marks)",
                    "difficulty_level": "easy",
                    "explanation_html": null
                  }
                ]
              },
              {
                "chapter_name": "Metals and Non-metals",
                "questions": [
                  {
                    "question_no": 27,
                    "question_html": "<p>State reasons for the following : <br>(a) Zinc oxide is an amphoteric oxide. <br>(b) Sodium metal is stored in bottle filled with kerosene oil. <br>(c) In the reactions of nitric acid with metals, generally hydrogen gas is not evolved.</p>",
                    "options": [],
                    "correct_answer": {
                      "text": "<p>(a) Zinc oxide is an amphoteric oxide because it reacts with both acids and bases to form salt and water. <br>(b) Sodium is a highly reactive metal that reacts vigorously with oxygen and moisture in the air, catching fire. It is stored in kerosene oil to prevent it from coming into contact with air. <br>(c) Nitric acid (HNO₃) is a strong oxidizing agent. When it reacts with metals, it oxidizes the hydrogen gas (H₂) produced to water (H₂O), and itself gets reduced to nitrogen oxides (like N₂O, NO, NO₂). Therefore, hydrogen gas is generally not evolved.</p>"
                    },
                    "question_type": "Short Answer (3 marks)",
                    "difficulty_level": "medium",
                    "explanation_html": null
                  }
                ]
              },
              {
                "chapter_name": "Metals and Non-metals",
                "questions": [
                  {
                    "question_no": 28,
                    "question_html": "<p><b>(a)</b> State giving reason the reduction process to obtain the following metals from their compounds : <br>(i) Mercury, <br>(ii) Copper and <br>(iii) Sodium</p><p><b>(b)</b> State giving reason for the change in appearance observed when each of the following metal is exposed to atmospheric air for some time : <br>(i) Silver, <br>(ii) Copper and <br>(iii) Iron</p>",
                    "options": [],
                    "correct_answer": {
                      "text": "<p><b>(a)</b><br>(i) Mercury: Mercury is obtained by heating its ore, cinnabar (HgS), in air (roasting). Mercury is a metal of low reactivity, so its oxide formed during roasting is unstable and reduces to mercury metal upon further heating. <br>(ii) Copper: Copper from its sulphide ore (like Cu₂S) is also obtained by roasting. Being low in the reactivity series, its oxide can be reduced to copper by heating. <br>(iii) Sodium: Sodium is a highly reactive metal. Its compounds cannot be reduced by common reducing agents like carbon. Therefore, sodium is obtained by the electrolytic reduction of its molten chloride (NaCl).</p><p><b>(b)</b><br>(i) Silver: Silver objects turn from white to black when exposed to air. This is because silver reacts with sulfur compounds (like hydrogen sulphide) in the air to form a black coating of silver sulphide (Ag₂S). <br>(ii) Copper: Copper develops a green coating on its surface. This is due to the formation of basic copper carbonate (CuCO₃.Cu(OH)₂) as it reacts with moist carbon dioxide in the air. <br>(iii) Iron: Iron objects, when exposed to moist air, acquire a grey to brown coating called rust. This is due to the formation of hydrated iron(III) oxide (Fe₂O₃.xH₂O).</p>"
                    },
                    "question_type": "Short Answer (3 marks)",
                    "difficulty_level": "medium",
                    "explanation_html": null
                  }
                ]
              },
              {
                "chapter_name": "Life Processes",
                "questions": [
                  {
                    "question_no": 29,
                    "question_html": "<p>We water the soil but it reaches the topmost leaves of the plants. Explain in brief the process involved.</p>",
                    "options": [],
                    "correct_answer": {
                      "text": "<p>The process involved is called transpiration pull. Water is absorbed by the roots from the soil and transported upwards through the xylem vessels. In the leaves, water evaporates through small pores called stomata. This loss of water creates a suction pressure, or a 'pull,' known as the transpiration pull. This pull is strong enough to draw the water column up through the xylem from the roots to the topmost leaves of the plant.</p>"
                    },
                    "question_type": "Short Answer (3 marks)",
                    "difficulty_level": "easy",
                    "explanation_html": null
                  }
                ]
              },
              {
                "chapter_name": "Control and Coordination",
                "questions": [
                  {
                    "question_no": 30,
                    "question_html": "<p>(a) List two constituents of Central Nervous System (CNS). How are these components protected from injuries ? <br>(b) Write two limitations of the use of electrical impulses.</p>",
                    "options": [],
                    "correct_answer": {
                      "text": "<p>(a) The two constituents of the Central Nervous System (CNS) are the brain and the spinal cord. The brain is protected by the cranium (bony box or skull) and is also cushioned by cerebrospinal fluid. The spinal cord is protected by the vertebral column (backbone). <br>(b) Two limitations of using electrical impulses for communication in the body are: <br>1. They can only reach cells that are directly connected by nervous tissue, not every cell in the body. <br>2. Neurons require a recovery period (refractory period) after transmitting an impulse to reset their mechanism before they can transmit another one, which limits the speed and frequency of signal transmission.</p>"
                    },
                    "question_type": "Short Answer (3 marks)",
                    "difficulty_level": "medium",
                    "explanation_html": null
                  }
                ]
              },
              {
                "chapter_name": "The Human Eye and the Colourful World",
                "questions": [
                  {
                    "question_no": 31,
                    "question_html": "<p>Name and explain the phenomenon of light due to which the path of a beam of light becomes visible when it enters a smoke filled room through a small hole. Also state the dependence of colour of the light we receive on the size of the particle of the medium through which the beam of light passes.</p>",
                    "options": [],
                    "correct_answer": {
                      "text": "<p>The phenomenon is the Tyndall effect, which is a form of scattering of light. <br>Explanation: When a beam of light enters a room filled with fine smoke particles (which form a colloid), the particles are large enough to scatter the light. This scattered light enters our eyes, making the path of the light beam visible. <br>Dependence of colour on particle size: The colour of the scattered light depends on the size of the scattering particles. Very fine particles scatter shorter wavelengths (like blue and violet) more effectively. Larger particles scatter light of longer wavelengths (like red and orange). If the particles are very large, they scatter all wavelengths almost equally, and the light appears white.</p>"
                    },
                    "question_type": "Short Answer (3 marks)",
                    "difficulty_level": "medium",
                    "explanation_html": null
                  }
                ]
              },
              {
                "chapter_name": "Electricity",
                "questions": [
                  {
                    "question_no": 32,
                    "question_html": "<p>Explain in brief the function of an electric fuse in a domestic circuit. An electric heater of current rating 3 kW; 220 V is to be operated in an electric circuit of rating 5 A. What is likely to happen when the heater is switched 'ON' ? Justify your answer with necessary calculation.</p>",
                    "options": [],
                    "correct_answer": {
                      "text": "<p>Function of an electric fuse: An electric fuse is a safety device used in domestic circuits to protect appliances from damage due to excessive current (overloading or short-circuiting). It consists of a wire with a low melting point that melts and breaks the circuit if the current exceeds a safe limit. <br>Calculation: <br>Power of heater, P = 3 kW = 3000 W <br>Voltage, V = 220 V <br>Current drawn by the heater, I = P / V = 3000 / 220 = 13.64 A. <br>When the heater is switched 'ON', the fuse will blow (melt and break the circuit). This is because the current drawn by the heater (13.64 A) is much higher than the rating of the circuit's fuse (5 A).</p>"
                    },
                    "question_type": "Short Answer (3 marks)",
                    "difficulty_level": "medium",
                    "explanation_html": null
                  },
                  {
                    "question_no": 33,
                    "question_html": "<p>(a) State Ohm's law. Write formula for the equivalent resistance R<sub>p</sub> of the parallel combination of three resistors of values R₁, R₂ and R₃. <br>(b) Find the resistance of the following network of resistors :</p>",
                    "images": [
                      {
                        "url": "https://img.testbuddyai.com/Science-31-3-24-Q33b.png"
                      }
                    ],
                    "options": [],
                    "correct_answer": {
                      "text": "<p>(a) Ohm's Law states that the potential difference (V) across the ends of a given metallic wire in an electric circuit is directly proportional to the current (I) flowing through it, provided its temperature remains constant. The formula for the equivalent resistance (Rp) of three resistors (R₁, R₂, R₃) in parallel is: 1/R<sub>p</sub> = 1/R₁ + 1/R₂ + 1/R₃. <br>(b) In the given network, the two resistors in the parallel branches each have resistance R. Their equivalent resistance (R_parallel) is 1/R_parallel = 1/R + 1/R = 2/R, so R_parallel = R/2. This parallel combination is in series with the first resistor of resistance R. Therefore, the total resistance of the network is R_total = R + R_parallel = R + R/2 = 3R/2.</p>"
                    },
                    "question_type": "Short Answer (3 marks)",
                    "difficulty_level": "medium",
                    "explanation_html": null
                  }
                ]
              },
              {
                "chapter_name": "Acids, Bases and Salts",
                "questions": [
                  {
                    "question_no": 34,
                    "question_html": "<p><b>(a)</b> (i) Five solutions A, B, C, D and E when tested with pH paper showed pH as 4, 1, 13, 7 and 10 respectively. Which solution is : (1) Strongly acidic (2) Strongly alkaline (3) Weakly acidic (4) Neutral and (5) Weakly alkaline ? Arrange the solutions in increasing order of H⁺ ion concentration. <br>(ii) Write the name and formula of (1) an acidic salt and (2) a basic salt giving the name of the parent acid and parent base used to form the salt in each case.</p><p><b>(b)</b> Name and state in brief the process which is used to prepare sodium hydroxide from sodium chloride. In this process along with the main product two gases ‘X' and 'Y' are also given off at the two electrodes. Name 'X' and 'Y' specifying the name of their respective electrode at which each gas is obtained. One of these gases when reacts with dry calcium hydroxide produces a compound 'Z' which is widely used in water treatment plants and textile industries. Name Z and write chemical equation for the reaction involved in its formation.</p>",
                    "options": [],
                    "correct_answer": {
                      "text": "<p><b>(a)</b><br>(i) Based on the pH values:<br>(1) Strongly acidic: Solution B (pH 1)<br>(2) Strongly alkaline: Solution C (pH 13)<br>(3) Weakly acidic: Solution A (pH 4)<br>(4) Neutral: Solution D (pH 7)<br>(5) Weakly alkaline: Solution E (pH 10)<br>Increasing order of H⁺ ion concentration is the same as decreasing order of pH. So, the arrangement is: C < E < D < A < B. <br>(ii)<br>(1) Acidic salt: Ammonium chloride (NH₄Cl). It is formed from a strong acid, Hydrochloric acid (HCl), and a weak base, Ammonium hydroxide (NH₄OH).<br>(2) Basic salt: Sodium Carbonate (Na₂CO₃). It is formed from a weak acid, Carbonic acid (H₂CO₃), and a strong base, Sodium hydroxide (NaOH).</p><p><b>(b)</b><br>The process is the Chlor-alkali process. In this process, electricity is passed through an aqueous solution of sodium chloride (brine), which decomposes to form sodium hydroxide, chlorine gas, and hydrogen gas.<br>The two gases produced are: 'X' is Chlorine (Cl₂) gas, which is formed at the anode, and 'Y' is Hydrogen (H₂) gas, which is formed at the cathode.<br>When chlorine gas (X) reacts with dry slaked lime (calcium hydroxide), it produces bleaching powder. Therefore, the compound 'Z' is Bleaching powder (Calcium oxychloride, CaOCl₂).<br>The chemical equation for the formation of Z is: Ca(OH)₂ + Cl₂ → CaOCl₂ + H₂O.</p>"
                    },
                    "question_type": "Long Answer (5 marks)",
                    "difficulty_level": "hard",
                    "explanation_html": null
                  }
                ]
              },
              {
                "chapter_name": "How do Organisms Reproduce?",
                "questions": [
                  {
                    "question_no": 35,
                    "question_html": "<p><b>(a)</b> (i) What are spores ? On which structures are they formed? How do they overcome unfavourable conditions ? Name the organism which multiplies with the help of these structures. <br>(ii) Give two reasons why some plants are grown by the method of vegetative propagation. List two methods used to grow plants vegetatively.</p><p><b>(b)</b> (i) Study the diagram given below and name the parts marked as A, B and C. What happens when B reaches C in the ovary ? Mention its significance. <br>(ii) Write the post fertilisation changes that occur in a flower.</p>",
                    "images": [
                      {
                        "url": "https://img.testbuddyai.com/Science-31-3-24-Q35b(i).png"
                      }
                    ],
                    "options": [],
                    "correct_answer": {
                      "text": "<p><b>(a)</b><br>(i) Spores are tiny, single-celled asexual reproductive bodies. They are typically formed in structures called sporangia. They overcome unfavorable conditions because they are covered by a thick protective wall that allows them to survive until conditions are suitable for germination. An organism that multiplies using spores is the bread mould, Rhizopus.<br>(ii) Two reasons for using vegetative propagation are:<br>1. It can be used to grow plants, like bananas and seedless grapes, that have lost the ability to produce viable seeds.<br>2. It is a faster method of propagation; plants grown this way bear flowers and fruits much earlier than those grown from seeds.<br>Two methods of vegetative propagation are Layering and Cutting.</p><p><b>(b)</b><br>(i) In the given diagram: <br>A is the Stigma.<br>B is the Pollen tube.<br>C is the Ovule (containing the female gamete).<br>When the pollen tube (B) reaches the ovule (C), the male gamete from the pollen grain travels down the tube and fuses with the female gamete inside the ovule. This process is called fertilization.<br>Significance: Fertilization leads to the formation of a zygote, which then develops into an embryo, the precursor to a new plant.<br>(ii) Post-fertilization changes in a flower:<br>• The zygote divides several times to form an embryo within the ovule.<br>• The ovule develops a tough coat and is converted into a seed.<br>• The ovary grows rapidly and ripens to form a fruit.<br>• The petals, sepals, stamens, style, and stigma may shrivel and fall off.</p>"
                    },
                    "question_type": "Long Answer (5 marks)",
                    "difficulty_level": "hard",
                    "explanation_html": null
                  }
                ]
              },
              {
                "chapter_name": "Light - Reflection and Refraction",
                "questions": [
                  {
                    "question_no": 36,
                    "question_html": "<p><b>(a)</b> (i) Draw a ray diagram to show the path of the refracted ray in each of the following cases : A ray of light incident on a concave lens (1) parallel to its principal axis, and (2) is directed towards its principal focus. <br>(ii) A 4 cm tall object is placed perpendicular to the principal axis of convex lens of focal length 24 cm. The distance of object from the lens is 16 cm. Find the position and size of image formed.</p><p><b>(b)</b> (i) Draw a ray diagram to show the path of the reflected ray in each of the following cases : A ray of light incident on a convex mirror (1) parallel to its principal axis, and (2) is directed towards its principal focus. <br>(ii) A 1.5 cm tall candle flame is placed perpendicular to the principal axis of a concave mirror of focal length 12 cm. If the distance of the flame from the pole of the mirror is 18 cm, use mirror formula to determine the position and size of the image formed.</p>",
                    "options": [],
                    "correct_answer": {
                      "text": "<p><b>(a)</b><br>(i) Ray diagrams for a concave lens:<br>1. A ray of light parallel to the principal axis appears to diverge from the principal focus after refraction.<br>2. A ray of light directed towards the principal focus emerges parallel to the principal axis after refraction.<br>(ii) Calculation:<br>Given: Object height, h = +4 cm; Object distance, u = -16 cm; Focal length, f = +24 cm.<br>Using the lens formula: 1/v - 1/u = 1/f<br>1/v - 1/(-16) = 1/24 => 1/v + 1/16 = 1/24<br>1/v = 1/24 - 1/16 = (2-3)/48 = -1/48<br>So, image distance, v = -48 cm. The image is formed 48 cm from the lens on the same side as the object.<br>Using the magnification formula: m = h'/h = v/u<br>h'/4 = -48 / -16 = 3<br>So, image height, h' = 4 * 3 = 12 cm. The image is virtual, erect, and magnified.</p><p><b>(b)</b><br>(i) Ray diagrams for a convex mirror:<br>1. A ray parallel to the principal axis appears to diverge from the principal focus after reflection.<br>2. A ray directed towards the principal focus is reflected parallel to the principal axis.<br>(ii) Calculation:<br>Given: Object height, h = +1.5 cm; Object distance, u = -18 cm; Focal length, f = -12 cm.<br>Using the mirror formula: 1/v + 1/u = 1/f<br>1/v + 1/(-18) = 1/(-12) => 1/v = -1/12 + 1/18<br>1/v = (-3+2)/36 = -1/36<br>So, image distance, v = -36 cm. The image is formed 36 cm in front of the mirror.<br>Using the magnification formula: m = h'/h = -v/u<br>h'/1.5 = -(-36) / (-18) = -2<br>So, image height, h' = 1.5 * (-2) = -3.0 cm. The image is real, inverted, and magnified.</p>"
                    },
                    "question_type": "Long Answer (5 marks)",
                    "difficulty_level": "hard",
                    "explanation_html": null
                  }
                ]
              },
              {
                "chapter_name": "Carbon and its Compounds",
                "questions": [
                  {
                    "question_no": 37,
                    "question_html": "<p>More than three million carbon compounds have been discovered in the field of chemistry. The diversity of these compounds is due to the capacity of carbon atoms for bonding with one another as well as with other atoms. Most of the carbon compounds are poor conductors of electricity and have low melting and boiling points.<br>(a) Write the molecular formula of first two members of homologous series having functional group –Br.<br>(b) Given below are the formulae of some functional groups :<br>(i) -CHO , (ii) >C=O<br>Write the name of these functional groups.<br>(c) What would be observed on adding a 5% alkaline potassium permanganate drop by drop to some warm ethanol taken in a test tube? State the role of KMnO₄ in the reaction and write the chemical equation for the reaction involved.<br>OR<br>(c) Write the name of the compound formed when ethanol is heated at 443 K temperature with excess of conc. H₂SO₄. What is the role of conc. H₂SO₄ in the reaction ? Write the chemical equation for the reaction involved.</p>",
                    "options": [],
                    "correct_answer": {
                      "text": "<p>(a) The first two members of the homologous series with the functional group -Br are Bromomethane (CH₃Br) and Bromoethane (C₂H₅Br).<br>(b) The names of the functional groups are: (i) -CHO is the Aldehyde group. (ii) >C=O is the Ketone group.<br>(c) When 5% alkaline potassium permanganate is added to warm ethanol, its purple color disappears. This is because potassium permanganate (KMnO₄) acts as an oxidizing agent, oxidizing ethanol to ethanoic acid.<br>Chemical Equation: CH₃CH₂OH + 2[O] --(Alkaline KMnO₄/Heat)--> CH₃COOH + H₂O<br><strong>OR</strong><br>(c) When ethanol is heated with excess concentrated sulfuric acid at 443 K, the compound formed is Ethene (CH₂=CH₂). In this reaction, concentrated H₂SO₄ acts as a dehydrating agent, removing a molecule of water from ethanol.<br>Chemical Equation: C₂H₅OH --(Conc. H₂SO₄/443 K)--> CH₂=CH₂ + H₂O</p>"
                    },
                    "question_type": "Case-based Subjective",
                    "difficulty_level": "hard",
                    "explanation_html": null
                  }
                ]
              },
              {
                "chapter_name": "Life Processes",
                "questions": [
                  {
                    "question_no": 38,
                    "question_html": "<p>Human digestive system is a tube running from mouth to anus. Its main function is to breakdown complex molecules present in the food which cannot be absorbed as such into smaller molecules. These molecules are absorbed across the walls of the tube and the absorbed food reaches each and every cell of the body where it is utilised for obtaining energy.<br>(a) Name the glands present in the buccal cavity and write the components of food on which the secretion of these glands act upon.<br>(b) Two organs have a sphincter muscle at their exit. Name them.<br>(c) What will happen if :<br>(i) mucus is not secreted by the gastric glands.<br>(ii) Villi are absent in the small intestine.<br>OR<br>(c) \"Bile juice does not contain any enzyme, yet it has important roles in digestion.\" Justify the statement.</p>",
                    "options": [],
                    "correct_answer": {
                      "text": "<p>(a) The glands present in the buccal cavity are the salivary glands. Their secretion (saliva, containing salivary amylase) acts on starch, a component of food.<br>(b) The stomach (pyloric sphincter) and the anus (anal sphincter) have sphincter muscles at their exit.<br>(c)<br>(i) If mucus is not secreted by the gastric glands, the inner lining of the stomach would be damaged by the corrosive action of hydrochloric acid.<br>(ii) If villi were absent in the small intestine, the surface area for absorption of digested food would be greatly reduced, leading to inefficient nutrient absorption.<br><strong>OR</strong><br>(c) Bile juice is important for digestion because:<br>1. It emulsifies fats: It breaks down large fat globules into smaller ones, increasing the surface area for lipase enzymes to act upon.<br>2. It creates an alkaline medium: It neutralizes the acidic chyme from the stomach, creating the alkaline environment necessary for pancreatic enzymes to function effectively in the small intestine.</p>"
                    },
                    "question_type": "Case-based Subjective",
                    "difficulty_level": "hard",
                    "explanation_html": null
                  }
                ]
              },
              {
                "chapter_name": "Electricity",
                "questions": [
                  {
                    "question_no": 39,
                    "question_html": "<p>In a domestic circuit five LED bulbs are arranged as shown. The source voltage is 220 V and the power rating of each bulb is marked in the circuit diagram. Based on the following circuit diagram, answer the following questions :<br>(a) State what happens when<br>(i) key K₁ is closed.<br>(ii) key K₂ is closed.<br>(b) Find the current drawn by the bulb B when it glows.<br>(c) Calculate<br>(i) the resistance of bulb B, and<br>(ii) total resistance of the combination of four bulbs B, C, D and E.<br>OR<br>(c) What would happen to the glow of all the bulbs in the circuit when keys K₁ and K₂ both are closed and the bulb C suddenly get fused ? Give reason to justify your answer.</p>",
                    "images": [
                      {
                        "url": "https://img.testbuddyai.com/Science-31-3-24-Q39.png"
                      }
                    ],
                    "options": [],
                    "correct_answer": {
                      "text": "<p>(a) <br>(i) When key K₁ is closed, bulb A will glow.<br>(ii) When key K₂ is closed, bulbs B, C, D, and E will glow.<br>(b) For bulb B: Power (P) = 11 W, Voltage (V) = 55 V. Current (I) = P/V = 11/55 = 0.2 A. The current drawn by bulb B is 0.2 A.<br>(c) <br>(i) Resistance of bulb B (R) = V/I = 55/0.2 = 275 Ω.<br>(ii) Since bulbs B, C, D, and E are in series and identical, the total resistance of the combination is 4 × 275 Ω = 1100 Ω.<br><strong>OR</strong><br>(c) If bulb C fuses, the series circuit containing bulbs B, C, D, and E will be broken. Therefore, bulbs B, D, and E will stop glowing. Bulb A is in a separate parallel branch connected directly to the source. Its circuit remains complete, so it will continue to glow with the same brightness, unaffected by the change in the other branch.</p>"
                    },
                    "question_type": "Case-based Subjective",
                    "difficulty_level": "hard",
                    "explanation_html": null
                  }
                ]
              }
            ]
          }
        ]
      }
    ]
  }
]