[
  {
    "exam_name_actual": "CBSE Board - Class 10",
    "main_exam_id_name_ref": "CBSE Board - Class 10",
    "years": [
      {
        "year": "2024",
        "papers_or_subjects": [
          {
            "paper_name": "CBSE Class 10 Science Paper 2024 (QP Code: 31/2/1)",
            "subject_name": "Science",
            "chapters": [
              {
                "chapter_name": "Chemical Reactions and Equations",
                "questions": [
                  {
                    "question_no": 1,
                    "question_html": "<p>Solid Calcium oxide reacts vigorously with water to form Calcium hydroxide accompanied by the liberation of heat. From the information given above it may be concluded that this reaction</p>",
                    "options": [
                      {
                        "id": "a",
                        "text": "is endothermic and pH of the solution formed is more than 7."
                      },
                      {
                        "id": "b",
                        "text": "is exothermic and pH of the solution formed is 7."
                      },
                      {
                        "id": "c",
                        "text": "is endothermic and pH of the solution formed is 7."
                      },
                      {
                        "id": "d",
                        "text": "is exothermic and pH of the solution formed is more than 7."
                      }
                    ],
                    "correct_answer": {
                      "ids": [
                        "d"
                      ]
                    },
                    "question_type": "mcq_single",
                    "difficulty_level": "easy",
                    "explanation_html": "<p>The reaction is exothermic and the pH of the solution formed is more than 7.</p>"
                  }
                ]
              },
              {
                "chapter_name": "Acids, Bases and Salts",
                "questions": [
                  {
                    "question_no": 2,
                    "question_html": "<p>Juice of tamarind turns blue litmus to red. It is because of the presence of an acid called :</p>",
                    "options": [
                      {
                        "id": "a",
                        "text": "methanoic acid"
                      },
                      {
                        "id": "b",
                        "text": "acetic acid"
                      },
                      {
                        "id": "c",
                        "text": "tartaric acid"
                      },
                      {
                        "id": "d",
                        "text": "oxalic acid"
                      }
                    ],
                    "correct_answer": {
                      "ids": [
                        "c"
                      ]
                    },
                    "question_type": "mcq_single",
                    "difficulty_level": "easy",
                    "explanation_html": "<p>Tartaric acid is present in tamarind.</p>"
                  }
                ]
              },
              {
                "chapter_name": "Chemical Reactions and Equations",
                "questions": [
                  {
                    "question_no": 3,
                    "question_html": "<p>Select from the following a process in which a combination reaction is involved :</p>",
                    "options": [
                      {
                        "id": "a",
                        "text": "Black and White photography"
                      },
                      {
                        "id": "b",
                        "text": "Burning of coal"
                      },
                      {
                        "id": "c",
                        "text": "Burning of methane"
                      },
                      {
                        "id": "d",
                        "text": "Digestion of food"
                      }
                    ],
                    "correct_answer": {
                      "ids": [
                        "b"
                      ]
                    },
                    "question_type": "mcq_single",
                    "difficulty_level": "easy",
                    "explanation_html": "<p>Burning of coal (C + O2 → CO2) is a combination reaction where carbon and oxygen combine to form carbon dioxide.</p>"
                  }
                ]
              },
              {
                "chapter_name": "Metals and Non-metals",
                "questions": [
                  {
                    "question_no": 4,
                    "question_html": "<p>The oxide which can react with HCl as well as KOH to give corresponding salt and water is</p>",
                    "options": [
                      {
                        "id": "a",
                        "text": "CuO"
                      },
                      {
                        "id": "b",
                        "text": "Al₂O₃"
                      },
                      {
                        "id": "c",
                        "text": "Na₂O"
                      },
                      {
                        "id": "d",
                        "text": "K₂O"
                      }
                    ],
                    "correct_answer": {
                      "ids": [
                        "b"
                      ]
                    },
                    "question_type": "mcq_single",
                    "difficulty_level": "medium",
                    "explanation_html": "<p>Al₂O₃ (Aluminium oxide) is an amphoteric oxide, which means it reacts with both acids (like HCl) and bases (like KOH).</p>"
                  }
                ]
              },
              {
                "chapter_name": "Metals and Non-metals",
                "questions": [
                  {
                    "question_no": 5,
                    "question_html": "<p>Consider the following cases :<br>(a) CaSO₄ + Al →<br>(b) CuSO₄ + Ca →<br>(c) FeSO₄ + Cu →<br>(d) ZnSO₄ + Mg →<br>The cases in which new products will form are –</p>",
                    "options": [
                      {
                        "id": "a",
                        "text": "(a) and (b)"
                      },
                      {
                        "id": "b",
                        "text": "(b) and (c)"
                      },
                      {
                        "id": "c",
                        "text": "(c) and (d)"
                      },
                      {
                        "id": "d",
                        "text": "(b) and (d)"
                      }
                    ],
                    "correct_answer": {
                      "ids": [
                        "d"
                      ]
                    },
                    "question_type": "mcq_single",
                    "difficulty_level": "medium",
                    "explanation_html": "<p>A more reactive metal displaces a less reactive metal from its salt solution. Based on the reactivity series, Calcium (Ca) is more reactive than Copper (Cu), and Magnesium (Mg) is more reactive than Zinc (Zn). Therefore, reactions (b) and (d) will occur.</p>"
                  }
                ]
              },
              {
                "chapter_name": "Chemical Reactions and Equations",
                "questions": [
                  {
                    "question_no": 6,
                    "question_html": "<p>Identify the correct statement about the following reaction :<br>2H₂S + SO₂ → 2H₂O + S</p>",
                    "options": [
                      {
                        "id": "a",
                        "text": "H₂S is oxidising agent and SO₂ is reducing agent."
                      },
                      {
                        "id": "b",
                        "text": "H₂S is reduced to sulphur."
                      },
                      {
                        "id": "c",
                        "text": "SO₂ is oxidising agent and H₂S is reducing agent."
                      },
                      {
                        "id": "d",
                        "text": "SO₂ is oxidised to sulphur."
                      }
                    ],
                    "correct_answer": {
                      "ids": [
                        "c"
                      ]
                    },
                    "question_type": "mcq_single",
                    "difficulty_level": "medium",
                    "explanation_html": "<p>In this redox reaction, H₂S is oxidized (loses hydrogen) to S, making it the reducing agent. SO₂ is reduced (loses oxygen) to S, making it the oxidizing agent.</p>"
                  }
                ]
              },
              {
                "chapter_name": "Carbon and its Compounds",
                "questions": [
                  {
                    "question_no": 7,
                    "question_html": "<p>Consider the following statements about homologous series of carbon compounds :<br>(a) All succeeding members differ by – CH₂ unit.<br>(b) Melting point and boiling point increases with increasing molecular mass.<br>(c) The difference in molecular masses between two successive members is 16 u.<br>(d) C₂H₂ and C₃H₄ are NOT the successive members of alkyne series.<br>The correct statements are –</p>",
                    "options": [
                      {
                        "id": "a",
                        "text": "(a) and (b)"
                      },
                      {
                        "id": "b",
                        "text": "(b) and (c)"
                      },
                      {
                        "id": "c",
                        "text": "(a) and (c)"
                      },
                      {
                        "id": "d",
                        "text": "(c) and (d)"
                      }
                    ],
                    "correct_answer": {
                      "ids": [
                        "a"
                      ]
                    },
                    "question_type": "mcq_single",
                    "difficulty_level": "easy",
                    "explanation_html": "<p>Statements (a) and (b) correctly describe the properties of a homologous series. The difference in molecular mass is 14 u (for CH₂), not 16 u. C₂H₂ (ethyne) and C₃H₄ (propyne) are successive members of the alkyne series.</p>"
                  }
                ]
              },
              {
                "chapter_name": "Life Processes",
                "questions": [
                  {
                    "question_no": 8,
                    "question_html": "<p>Which of the following statement(s) is (are) true about human heart ?<br>(a) Right atrium receives oxygenated blood from lungs through pulmonary artery.<br>(b) Left atrium transfers oxygenated blood to left ventricle which sends it to various parts of the body.<br>(c) Right atrium receives deoxygenated blood through vena cava from upper and lower body.<br>(d) Left atrium transfers oxygenated blood to aorta which sends it to different parts of the body.</p>",
                    "options": [
                      {
                        "id": "a",
                        "text": "(a)"
                      },
                      {
                        "id": "b",
                        "text": "(a) and (d)"
                      },
                      {
                        "id": "c",
                        "text": "(b) and (c)"
                      },
                      {
                        "id": "d",
                        "text": "(b) and (d)"
                      }
                    ],
                    "correct_answer": {
                      "ids": [
                        "c"
                      ]
                    },
                    "question_type": "mcq_single",
                    "difficulty_level": "medium",
                    "explanation_html": "<p>Statement (b) is correct as the left atrium passes oxygenated blood to the left ventricle. Statement (c) is correct as the right atrium receives deoxygenated blood from the body via the vena cava.</p>"
                  }
                ]
              },
              {
                "chapter_name": "Control and Coordination",
                "questions": [
                  {
                    "question_no": 9,
                    "question_html": "<p>Select out of the following a gland which does NOT occur as a pair in the human body :</p>",
                    "options": [
                      {
                        "id": "a",
                        "text": "Pituitary"
                      },
                      {
                        "id": "b",
                        "text": "Ovary"
                      },
                      {
                        "id": "c",
                        "text": "Testis"
                      },
                      {
                        "id": "d",
                        "text": "Adrenal"
                      }
                    ],
                    "correct_answer": {
                      "ids": [
                        "a"
                      ]
                    },
                    "question_type": "mcq_single",
                    "difficulty_level": "easy",
                    "explanation_html": "<p>The pituitary gland is a single gland located at the base of the brain. Ovaries, testes, and adrenal glands occur in pairs.</p>"
                  }
                ]
              },
              {
                "chapter_name": "Life Processes",
                "questions": [
                  {
                    "question_no": 10,
                    "question_html": "<p>In human respiratory system, when a person breathes in, the position of ribs and diaphragm will be :</p>",
                    "options": [
                      {
                        "id": "a",
                        "text": "lifted ribs and curve/dome shaped diaphragm."
                      },
                      {
                        "id": "b",
                        "text": "lifted ribs and flattened diaphragm."
                      },
                      {
                        "id": "c",
                        "text": "relaxed ribs and flattened diaphragm."
                      },
                      {
                        "id": "d",
                        "text": "relaxed ribs and curve/dome shaped diaphragm."
                      }
                    ],
                    "correct_answer": {
                      "ids": [
                        "b"
                      ]
                    },
                    "question_type": "mcq_single",
                    "difficulty_level": "easy",
                    "explanation_html": "<p>During inhalation, the ribs lift up and the diaphragm contracts and flattens, increasing the volume of the thoracic cavity.</p>"
                  }
                ]
              },
              {
                "chapter_name": "How do Organisms Reproduce?",
                "questions": [
                  {
                    "question_no": 11,
                    "question_html": "<p>Identify the mode of asexual reproduction in the following organism :</p>",
                    "images": [
                      {
                        "url": "https://img.testbuddyai.com/Science-31-2-24-Q11.png"
                      }
                    ],
                    "options": [
                      {
                        "id": "a",
                        "text": "Fragmentation"
                      },
                      {
                        "id": "b",
                        "text": "Multiple fission"
                      },
                      {
                        "id": "c",
                        "text": "Budding"
                      },
                      {
                        "id": "d",
                        "text": "Binary fission"
                      }
                    ],
                    "correct_answer": {
                      "ids": [
                        "c"
                      ]
                    },
                    "question_type": "mcq_single",
                    "difficulty_level": "easy",
                    "explanation_html": "<p>The organism shown is Hydra, which reproduces asexually by budding.</p>"
                  }
                ]
              },
              {
                "chapter_name": "Heredity",
                "questions": [
                  {
                    "question_no": 12,
                    "question_html": "<p>A cross made between two pea plants produces 50% tall and 50% short pea plants. The gene combination of the parental pea plants must be</p>",
                    "options": [
                      {
                        "id": "a",
                        "text": "Tt and Tt"
                      },
                      {
                        "id": "b",
                        "text": "TT and Tt"
                      },
                      {
                        "id": "c",
                        "text": "Tt and tt"
                      },
                      {
                        "id": "d",
                        "text": "TT and tt"
                      }
                    ],
                    "correct_answer": {
                      "ids": [
                        "c"
                      ]
                    },
                    "question_type": "mcq_single",
                    "difficulty_level": "medium",
                    "explanation_html": "<p>A cross between a heterozygous tall plant (Tt) and a homozygous short plant (tt) results in offspring with genotypes Tt and tt in a 1:1 ratio, which corresponds to a 50% tall and 50% short phenotype.</p>"
                  }
                ]
              },
              {
                "chapter_name": "The Human Eye and the Colourful World",
                "questions": [
                  {
                    "question_no": 13,
                    "question_html": "<p>Consider the following statements in the context of human eye :<br>(a) The diameter of the eye ball is about 2.3 cm.<br>(b) Iris is a dark muscular diaphragm that controls the size of the pupil.<br>(c) Most of the refraction for the light rays entering the eye occurs at the crystalline lens.<br>(d) While focusing on the objects at different distances the distance between the crystalline lens and the retina is adjusted by ciliary muscles.<br>The correct statements are –</p>",
                    "options": [
                      {
                        "id": "a",
                        "text": "(a) and (b)"
                      },
                      {
                        "id": "b",
                        "text": "(a), (b) and (c)"
                      },
                      {
                        "id": "c",
                        "text": "(b), (c) and (d)"
                      },
                      {
                        "id": "d",
                        "text": "(a), (c) and (d)"
                      }
                    ],
                    "correct_answer": {
                      "ids": [
                        "a"
                      ]
                    },
                    "question_type": "mcq_single",
                    "difficulty_level": "medium",
                    "explanation_html": "<p>Statements (a) and (b) are correct. Most of the refraction occurs at the outer surface of the cornea (c is incorrect). The ciliary muscles adjust the focal length of the lens, not the distance between the lens and retina (d is incorrect).</p>"
                  }
                ]
              },
              {
                "chapter_name": "Electricity",
                "questions": [
                  {
                    "question_no": 14,
                    "question_html": "<p>The maximum resistance of a network of five identical resistors of 1/5 Ω each can be –</p>",
                    "options": [
                      {
                        "id": "a",
                        "text": "1 Ω"
                      },
                      {
                        "id": "b",
                        "text": "0.5 Ω"
                      },
                      {
                        "id": "c",
                        "text": "0.25 Ω"
                      },
                      {
                        "id": "d",
                        "text": "0.1 Ω"
                      }
                    ],
                    "correct_answer": {
                      "ids": [
                        "a"
                      ]
                    },
                    "question_type": "mcq_single",
                    "difficulty_level": "easy",
                    "explanation_html": "<p>To get the maximum resistance, the resistors must be connected in series. The equivalent resistance in series is the sum of individual resistances: R_max = 5 * (1/5 Ω) = 1 Ω.</p>"
                  }
                ]
              },
              {
                "chapter_name": "Electricity",
                "questions": [
                  {
                    "question_no": 15,
                    "question_html": "<p>Study the I-V graph for three resistors of resistances R₁, R₂ and R₃ and select the correct statement from the following :</p>",
                    "images": [
                      {
                        "url": "https://img.testbuddyai.com/Science-31-2-24-Q15.png"
                      }
                    ],
                    "options": [
                      {
                        "id": "a",
                        "text": "R₁ = R₂ = R₃"
                      },
                      {
                        "id": "b",
                        "text": "R₁ > R₂ > R₃"
                      },
                      {
                        "id": "c",
                        "text": "R₃ > R₂ > R₁"
                      },
                      {
                        "id": "d",
                        "text": "R₂ > R₃ > R₁"
                      }
                    ],
                    "correct_answer": {
                      "ids": [
                        "c"
                      ]
                    },
                    "question_type": "mcq_single",
                    "difficulty_level": "medium",
                    "explanation_html": "<p>According to Ohm's Law, R = V/I. The slope of the given I-V graph is I/V, which is equal to 1/R. A steeper slope means a smaller resistance. Since the slope of R₁ > slope of R₂ > slope of R₃, the resistance values are R₃ > R₂ > R₁.</p>"
                  }
                ]
              },
              {
                "chapter_name": "Magnetic Effects of Electric Current",
                "questions": [
                  {
                    "question_no": 16,
                    "question_html": "<p>Strength of magnetic field produced by a current carrying solenoid DOES NOT depend upon :</p>",
                    "options": [
                      {
                        "id": "a",
                        "text": "number of turns in the solenoid"
                      },
                      {
                        "id": "b",
                        "text": "direction of the current flowing through it"
                      },
                      {
                        "id": "c",
                        "text": "radius of solenoid"
                      },
                      {
                        "id": "d",
                        "text": "material of core of the solenoid"
                      }
                    ],
                    "correct_answer": {
                      "ids": [
                        "b"
                      ]
                    },
                    "question_type": "mcq_single",
                    "difficulty_level": "medium",
                    "explanation_html": "<p>The strength of the magnetic field of a solenoid depends on the number of turns per unit length, the magnitude of the current, and the core material. The direction of the current determines the polarity (North/South poles) of the magnetic field, not its strength.</p>"
                  }
                ]
              },
              {
                "chapter_name": "Metals and Non-metals",
                "questions": [
                  {
                    "question_no": 17,
                    "question_html": "<p><strong>Assertion (A) :</strong> Different metals have different reactivities with water and dilute acids.<br><strong>Reason (R) :</strong> Extraction of a metal from its ore depends on its position in the reactivity series.</p>",
                    "options": [
                      {
                        "id": "a",
                        "text": "Both Assertion (A) and Reason (R) are true and Reason (R) is the correct explanation of Assertion (A)."
                      },
                      {
                        "id": "b",
                        "text": "Both Assertion (A) and Reason (R) are true, but Reason (R) is not the correct explanation of Assertion (A)."
                      },
                      {
                        "id": "c",
                        "text": "Assertion (A) is true, but Reason (R) is false."
                      },
                      {
                        "id": "d",
                        "text": "Assertion (A) is false, but Reason (R) is true."
                      }
                    ],
                    "correct_answer": {
                      "ids": [
                        "b"
                      ]
                    },
                    "question_type": "mcq_single",
                    "difficulty_level": "medium",
                    "explanation_html": "<p>Both the assertion and the reason are true statements. However, the reason (about extraction methods) does not explain the assertion (about reactivity with water/acids). Both phenomena are based on the reactivity series, but one does not explain the other.</p>"
                  }
                ]
              },
              {
                "chapter_name": "Heredity",
                "questions": [
                  {
                    "question_no": 18,
                    "question_html": "<p><strong>Assertion (A) :</strong> Human female has a perfect pair of sex chromosome.<br><strong>Reason (R) :</strong> Sex chromosome contributed by the human male in the zygote decides the sex of a child.</p>",
                    "options": [
                      {
                        "id": "a",
                        "text": "Both Assertion (A) and Reason (R) are true and Reason (R) is the correct explanation of Assertion (A)."
                      },
                      {
                        "id": "b",
                        "text": "Both Assertion (A) and Reason (R) are true, but Reason (R) is not the correct explanation of Assertion (A)."
                      },
                      {
                        "id": "c",
                        "text": "Assertion (A) is true, but Reason (R) is false."
                      },
                      {
                        "id": "d",
                        "text": "Assertion (A) is false, but Reason (R) is true."
                      }
                    ],
                    "correct_answer": {
                      "ids": [
                        "b"
                      ]
                    },
                    "question_type": "mcq_single",
                    "difficulty_level": "medium",
                    "explanation_html": "<p>Both statements are correct. A human female has two X chromosomes (a perfect pair). The male contributes either an X or a Y chromosome, which determines the sex of the child. However, the reason explains how sex is determined, not why the female has a perfect pair of chromosomes.</p>"
                  }
                ]
              },
              {
                "chapter_name": "The Human Eye and the Colourful World",
                "questions": [
                  {
                    "question_no": 19,
                    "question_html": "<p><strong>Assertion (A) :</strong> Myopic eye cannot see distant objects distinctly.<br><strong>Reason (R) :</strong> For the correction of myopia converging lenses of appropriate power are prescribed by eye-surgeons.</p>",
                    "options": [
                      {
                        "id": "a",
                        "text": "Both Assertion (A) and Reason (R) are true and Reason (R) is the correct explanation of Assertion (A)."
                      },
                      {
                        "id": "b",
                        "text": "Both Assertion (A) and Reason (R) are true, but Reason (R) is not the correct explanation of Assertion (A)."
                      },
                      {
                        "id": "c",
                        "text": "Assertion (A) is true, but Reason (R) is false."
                      },
                      {
                        "id": "d",
                        "text": "Assertion (A) is false, but Reason (R) is true."
                      }
                    ],
                    "correct_answer": {
                      "ids": [
                        "c"
                      ]
                    },
                    "question_type": "mcq_single",
                    "difficulty_level": "easy",
                    "explanation_html": "<p>The assertion is true; myopia is near-sightedness. The reason is false because myopia is corrected using a diverging (concave) lens, not a converging lens.</p>"
                  }
                ]
              },
              {
                "chapter_name": "Magnetic Effects of Electric Current",
                "questions": [
                  {
                    "question_no": 20,
                    "question_html": "<p><strong>Assertion (A) :</strong> The deflection of a compass needle placed near a current carrying wire decreases when the magnitude of an electric current in the wire is increased.<br><strong>Reason (R) :</strong> Strength of the magnetic field at a point due to a current carrying conductor increases on increasing the current in the conductor.</p>",
                    "options": [
                      {
                        "id": "a",
                        "text": "Both Assertion (A) and Reason (R) are true and Reason (R) is the correct explanation of Assertion (A)."
                      },
                      {
                        "id": "b",
                        "text": "Both Assertion (A) and Reason (R) are true, but Reason (R) is not the correct explanation of Assertion (A)."
                      },
                      {
                        "id": "c",
                        "text": "Assertion (A) is true, but Reason (R) is false."
                      },
                      {
                        "id": "d",
                        "text": "Assertion (A) is false, but Reason (R) is true."
                      }
                    ],
                    "correct_answer": {
                      "ids": [
                        "d"
                      ]
                    },
                    "question_type": "mcq_single",
                    "difficulty_level": "easy",
                    "explanation_html": "<p>The reason is true; the magnetic field strength is directly proportional to the current. Therefore, the assertion is false because the deflection of the compass needle would increase, not decrease, with increased current.</p>"
                  }
                ]
              },
              {
                "chapter_name": "Chemical Reactions and Equations",
                "questions": [
                  {
                    "question_no": 21,
                    "question_html": "<p><b>(a)</b> “No precipitation reaction can occur without exchange of ions between the two reactants.\" Justify this statement giving a balanced chemical equation for the reaction.</p><p><b>OR</b></p><p><b>(b)</b> Giving one example of each, differentiate between a displacement reaction and a double displacement reaction.</p>",
                    "options": [],
                    "correct_answer": {
                      "text": "<p><b>(a)</b> Exchange of ions can take place only in a double displacement(precipitation) reaction where one of the products gets precipitated.<br>Reaction:<br>Na₂SO₄ (aq) + BaCl₂ (aq) → BaSO₄ (s) + 2NaCl(aq) (precipitate)<br>(Or Any Other Reaction)</p><hr><p><b>(b)</b><br><b>Displacement reaction:</b><br>More reactive metal displaces a less reactive metal. / No exchange of ions takes place.<br>CuSO₄ + Fe → FeSO₄ + Cu<br><br><b>Double displacement reaction:</b><br>an exchange of ions between the reactants takes place.<br>Na₂SO₄ + BaCl₂ → BaSO₄ + 2NaCl<br>(Or any other reaction)</p>"
                    },
                    "question_type": "Very Short Answer (2 marks)",
                    "difficulty_level": "medium",
                    "explanation_html": null
                  }
                ]
              },
              {
                "chapter_name": "Life Processes",
                "questions": [
                  {
                    "question_no": 22,
                    "question_html": "<p>Photosynthesis takes place in the leaves and the food prepared by it reaches other parts of the plants. Name the process involved and explain it.</p>",
                    "options": [],
                    "correct_answer": {
                      "text": "<p><b>Translocation</b><br>Transport of soluble products or food prepared by photosynthesis, through phloem in the sieve tubes with the help of companion cells, both in upward and downward directions by utilising energy.</p>"
                    },
                    "question_type": "Very Short Answer (2 marks)",
                    "difficulty_level": "medium",
                    "explanation_html": null
                  }
                ]
              },
              {
                "chapter_name": "How do Organisms Reproduce?",
                "questions": [
                  {
                    "question_no": 23,
                    "question_html": "<p>“Stability of DNA in a species is ensured during sexual reproduction.” Justify the statement.</p>",
                    "options": [],
                    "correct_answer": {
                      "text": "<p>Every germ cell takes one chromosome from each pair, either maternal or paternal origin.<br>When two germ cells from parents combine, it will restore the original number of chromosomes in the progeny ensuring the stability of DNA of the species.</p>"
                    },
                    "question_type": "Very Short Answer (2 marks)",
                    "difficulty_level": "medium",
                    "explanation_html": null
                  }
                ]
              },
              {
                "chapter_name": "Light - Reflection and Refraction",
                "questions": [
                  {
                    "question_no": 24,
                    "question_html": "<p><b>(a)</b> State two laws of refraction of light.</p><p><b>OR</b></p><p><b>(b)</b> Define the term absolute refractive index of a medium. A ray of light enters from vacuum to glass of absolute refractive index 1.5. Find the speed of light in glass. The speed of light in vacuum is 3 × 10⁸ m/s.</p>",
                    "options": [],
                    "correct_answer": {
                      "text": "<p><b>(a)</b> Laws of Refraction of light :<br>(i) The incident ray, the refracted ray and the normal to the interface of two transparent media at the point of incidence, all lie in the same plane.<br>(ii) The ratio of the sine of angle of incidence to the sine of angle of refraction is a constant, for the light of a given colour and for the given pair of media.</p><hr><p><b>(b)</b> Absolute refractive index of a medium is the ratio of speed of light in air/vacuum to the speed of light in the given medium.<br>Given:<br>c = 3 x 10⁸ m/s; nm = 1.5; vm = ?<br>Absolute refractive index of a medium (nm) = speed of light in vacuum / speed of light in medium = c / vm<br>vm = c / nm = (3 x 10⁸) / 1.5 = 2 × 10⁸ m/s</p>"
                    },
                    "question_type": "Very Short Answer (2 marks)",
                    "difficulty_level": "medium",
                    "explanation_html": null
                  }
                ]
              },
              {
                "chapter_name": "Electricity",
                "questions": [
                  {
                    "question_no": 25,
                    "question_html": "<p>Use Ohm's law to determine the potential difference across the 3 Ω resistor in the circuit shown in the following diagram when key is closed :</p>",
                    "images": [
                      {
                        "url": "https://img.testbuddyai.com/Science-31-2-24-Q25.png"
                      }
                    ],
                    "options": [],
                    "correct_answer": {
                      "text": "<p>Rs = R₁ + R₂ + R₃ = 1 + 2 + 3 = 6 Ω<br>I = V / R = 2V / 6Ω = 1/3 A<br>V = IR = (1/3) A × 3(Ω) = 1 V</p>"
                    },
                    "question_type": "Very Short Answer (2 marks)",
                    "difficulty_level": "medium",
                    "explanation_html": null
                  }
                ]
              },
              {
                "chapter_name": "Our Environment",
                "questions": [
                  {
                    "question_no": 26,
                    "question_html": "<p>Name the term used for the materials which cannot be broken down by biological processes. Give two ways by which they harm various components of an ecosystem.</p>",
                    "options": [],
                    "correct_answer": {
                      "text": "<p>Non-biodegradable substances<br>Two ways:<br>(i) They are inert and persist in the environment for long time and cause pollution.<br>(ii) Cause Biological magnification<br>(iii) Affect the fertility of soil<br>(any two) (or any other)</p>"
                    },
                    "question_type": "Very Short Answer (2 marks)",
                    "difficulty_level": "easy",
                    "explanation_html": null
                  }
                ]
              },
              {
                "chapter_name": "Metals and Non-metals",
                "questions": [
                  {
                    "question_no": 27,
                    "question_html": "<p>It is observed that Calcium on reaction with water floats on its surface. Explain why it happens. Also write a balanced chemical equation for the reaction that occurs. What happens when the aqueous solution of the product of this reaction reacts with Carbon dioxide gas ? Write a balanced chemical equation for the reaction.</p>",
                    "options": [],
                    "correct_answer": {
                      "text": "<p>Bubbles of hydrogen gas formed stick to the surface of calcium and make it lighter than water.<br>Ca(s) + 2H₂O(l) → Ca(OH)₂(aq) + H₂(g)<br>The solution formed turns milky.<br>Ca(OH)₂(aq) + CO₂(g) → CaCO₃(s) + H₂O(l)</p>"
                    },
                    "question_type": "Short Answer (3 marks)",
                    "difficulty_level": "medium",
                    "explanation_html": null
                  },
                  {
                    "question_no": 28,
                    "question_html": "<p>Draw a labelled diagram to show electrolytic refining of copper. State what happens when electric current is passed through the electrolyte taken in this case.</p>",
                    "options": [],
                    "correct_answer": {
                      "text": "<p>When a current is passed through an aqueous solution of CuSO₄, the pure metal from the anode dissolves in the electrolyte (CuSO₄ solution) and equivalent amount of pure copper from CuSO₄ solution is deposited on the cathode.<br>Alternate answer:<br>At anode: Cu → Cu²⁺ + 2e⁻<br>At Cathode: Cu²⁺ + 2e⁻ → Cu</p>"
                    },
                    "question_type": "Short Answer (3 marks)",
                    "difficulty_level": "medium",
                    "explanation_html": null
                  }
                ]
              },
              {
                "chapter_name": "Life Processes",
                "questions": [
                  {
                    "question_no": 29,
                    "question_html": "<p><b>(a)</b> Give reasons for the following:<br>(i) Alveoli in lungs are richly supplied with blood capillaries.<br>(ii) Respiratory pigment in the blood takes up oxygen and not carbon dioxide.<br>(iii) During anaerobic respiration, a 3-carbon molecule is formed as an end product instead of CO₂ in human beings.</p><p><b>OR</b></p><p><b>(b)</b> (i) Name the movements that occur all along the gut in human digestive system. How do they help in digestion ?<br>(ii) Where is bile juice stored in human body ? List two roles of bile juice.</p>",
                    "options": [],
                    "correct_answer": {
                      "text": "<p><b>(a)</b><br>(i) To facilitate efficient exchange of gases.<br>(ii) It has high affinity for oxygen.<br>(iii) Lack of oxygen does not oxidise glucose completely and forms a 3-Carbon molecule or lactic acid.</p><hr><p><b>(b)</b><br>(i) Peristaltic movements. Muscles contract rhythmically in order to push the food forward in a regulated manner to be digested properly.<br>(ii) Gall bladder. Two roles: Emulsification of fats, Makes the acidic medium alkaline.</p>"
                    },
                    "question_type": "Short Answer (3 marks)",
                    "difficulty_level": "medium",
                    "explanation_html": null
                  }
                ]
              },
              {
                "chapter_name": "How do Organisms Reproduce?",
                "questions": [
                  {
                    "question_no": 30,
                    "question_html": "<p>Explain the events that take place once a sperm reaches the oviduct till it becomes a foetus. Write the role of placenta in pregnancy.</p>",
                    "options": [],
                    "correct_answer": {
                      "text": "<p>In the oviduct, sperm encounters the egg and fertilisation takes place. The fertilized egg (zygote) starts dividing and forms a ball of cells or embryo. Embryo is implanted in the lining of the uterus, where it continues to grow and develops organs to become a foetus.<br><b>Role of Placenta:</b><br>(i) Provides a large surface area for glucose and oxygen to pass from the mother to the embryo.<br>(ii) Waste generated by the embryo will be removed by transferring them into the mother’s blood.</p>"
                    },
                    "question_type": "Short Answer (3 marks)",
                    "difficulty_level": "medium",
                    "explanation_html": null
                  }
                ]
              },
              {
                "chapter_name": "The Human Eye and the Colourful World",
                "questions": [
                  {
                    "question_no": 31,
                    "question_html": "<p><b>(a)</b> Define the term power of accommodation of human eye. Write the name of the part of eye which plays a major role in the process of accommodation and explain what happens when human eye focuses (i) nearby objects and (ii) distant objects.</p><p><b>OR</b></p><p><b>(b)</b> Draw a ray diagram to show the formation of a rainbow in the sky. On this diagram mark A – where dispersion of light occurs, B – where internal reflection of light occurs and C – where refraction of light occurs. List two necessary conditions to observe a rainbow.</p>",
                    "options": [],
                    "correct_answer": {
                      "text": "<p><b>(a)</b> Ability of the eye lens to adjust its focal length.<br>Ciliary muscles<br>(i) While focusing on nearby objects ciliary muscles contract, eye lens becomes thick and its focal length decreases.<br>(ii) While focusing on distant objects ciliary muscles relax, eye lens becomes thin and its focal length increases.</p><hr><p><b>(b)</b> Two conditions:<br>(i) Presence of tiny water droplets in the atmosphere.<br>(ii) Position of Sun at the back(behind) the observer.</p>"
                    },
                    "question_type": "Short Answer (3 marks)",
                    "difficulty_level": "medium",
                    "explanation_html": null
                  }
                ]
              },
              {
                "chapter_name": "Magnetic Effects of Electric Current",
                "questions": [
                  {
                    "question_no": 32,
                    "question_html": "<p>Draw a diagram to show the pattern of magnetic field lines on a horizontal sheet of paper due to a straight conductor passing through its centre and carrying current vertically upwards. Mark on it (i) the direction of current in the conductor and (ii) the corresponding magnetic field lines. State right hand thumb rule and check whether the directions marked by you are in accordance with this rule or not.</p>",
                    "options": [],
                    "correct_answer": {
                      "text": "<p><b>Right-Hand Thumb Rule :</b><br>When a current-carrying straight conductor is being held in right-hand such that the thumb points towards the direction of current, then fingers will wrap around the conductor in the direction of the magnetic field lines.</p>"
                    },
                    "question_type": "Short Answer (3 marks)",
                    "difficulty_level": "medium",
                    "explanation_html": null
                  }
                ]
              },
              {
                "chapter_name": "Our Environment",
                "questions": [
                  {
                    "question_no": 33,
                    "question_html": "<p>Use of pesticides to protect our crops affect organisms at various trophic levels especially human beings. Name the phenomenon involved and explain how does it happen.</p>",
                    "options": [],
                    "correct_answer": {
                      "text": "<p>Phenomenon – Biological Magnification /Biomagnification<br>Pesticides are washed down into the soil and water bodies. From the soil pesticides are absorbed by crop plants along with water and minerals and enter the food chain. These chemicals are non-biodegradable and get accumulated progressively at each trophic level. As human beings occupy the top level in any food chain, the maximum concentration of these chemicals gets accumulated in our bodies.</p>"
                    },
                    "question_type": "Short Answer (3 marks)",
                    "difficulty_level": "medium",
                    "explanation_html": null
                  }
                ]
              },
              {
                "chapter_name": "Carbon and its Compounds",
                "questions": [
                  {
                    "question_no": 34,
                    "question_html": "<p><b>(a)</b> (i) Give reason why carbon can neither form C⁴⁺ cations nor C⁴⁻ anions but form covalent compounds.<br>(ii) What is homologous series of carbon compound ? Write the molecular formula of any two consecutive members of homologous series of aldehydes.<br>(iii) Draw the structure of the molecule of cyclohexane (C₆H₁₂).</p><p><b>OR</b></p><p><b>(b)</b> (i) Name a commercially important carbon compound having functional group –OH and write its molecular formula.<br>(ii) Write chemical equation to show its reaction with<br>(1) Sodium metal<br>(2) Excess conc. sulphuric acid<br>(3) Ethanoic acid in the presence of an acid catalyst<br>(4) Acidified potassium dichromate<br>Also write the name of the product formed in each case.</p>",
                    "options": [],
                    "correct_answer": {
                      "text": "<p><b>(a)</b><br>(i) Carbon cannot form C⁴⁺ cations because removal of 4 electrons from a carbon atom would require a large amount of energy and it cannot form C⁴⁻ anion because it would be difficult for the nucleus with 6 protons to hold 10 electrons. Thus it shares electrons to form covalent compounds.<br>(ii) A series of compounds in which the same functional group substitutes for hydrogen in a carbon chain / series of compounds having same functional group and similar chemical properties. CH₃CHO, C₂H₅CHO (any other consecutive members)<br>(iii) Structure of cyclohexane (C₆H₁₂)</p><hr><p><b>(b)</b><br>(i) Ethanol – C₂H₅OH<br>(ii)<br>(1) 2 C₂H₅OH + 2Na → 2 C₂H₅ONa + H₂ (Sodium Ethoxide)<br>(2) C₂H₅OH --(Excess Conc. H₂SO₄, 443 K)--> CH₂ = CH₂ + H₂O (Ethene)<br>(3) C₂H₅OH + CH₃COOH --(Acid Catalyst)--> CH₃COOC₂H₅ + H₂O (Ester)<br>(4) C₂H₅OH --(Acidified K₂Cr₂O₇)--> CH₃COOH (Ethanoic acid)</p>"
                    },
                    "question_type": "Long Answer (5 marks)",
                    "difficulty_level": "hard",
                    "explanation_html": null
                  }
                ]
              },
              {
                "chapter_name": "Control and Coordination",
                "questions": [
                  {
                    "question_no": 35,
                    "question_html": "<p><b>(a)</b> (i) Distinguish between hormonal co-ordination in plants and animals.<br>(ii) Which part of the brain is responsible for –<br>(1) intelligence<br>(2) riding a bicycle<br>(3) vomiting<br>(4) controlling hunger<br>(iii) How is brain and spinal-cord protected against mechanical injuries ?</p><p><b>OR</b></p><p><b>(b)</b> (i) What are tropic movements ? Give an example of a plant hormone which (1) inhibits growth and (2) promotes cell division.<br>(ii) Explain directional movement of a tendril in pea plant in response to touch. Name the hormone responsible for this movement.</p>",
                    "options": [],
                    "correct_answer": {
                      "text": "<p><b>(a)</b><br>(i) Hormonal coordination in Plants: By simple diffusion, No specialised glands involved. Hormonal coordination in Animals: Transported through blood to the target organ, Hormone released by Endocrine glands.<br>(ii) (1) Cerebrum/forebrain, (2) cerebellum/hindbrain, (3) medulla/ hindbrain, (4) hypothalamus/forebrain.<br>(iii) Brain - Bony box/skull/cranium/fluid filled balloon in skull, Spinal cord - Backbone/Vertebral column.</p><hr><p><b>(b)</b><br>(i) Plant growth movements in response to stimuli in a particular direction/directional movements due to light, gravity etc. (1) Plant growth inhibitor: Abscisic Acid (2) Promotes cell division – Cytokinins<br>(ii) When the tendrils come in contact with any support, auxins move away from the point of contact of the support. More growth occurs on the side away from the support. As a result, unequal growth occurs on its two sides and thus tendrils coil/ circle around the support. Auxins</p>"
                    },
                    "question_type": "Long Answer (5 marks)",
                    "difficulty_level": "medium",
                    "explanation_html": null
                  }
                ]
              },
              {
                "chapter_name": "Light - Reflection and Refraction",
                "questions": [
                  {
                    "question_no": 36,
                    "question_html": "<p><b>(a)</b> Upper half of a convex lens is covered with a black paper. Draw a ray diagram to show the formation of image of an object placed at a distance of 2F from such a lens. Mention the position and nature of the image formed. State the observable difference in the image obtained if the lens is uncovered. Give reason to justify your answer.</p><p><b>OR</b></p><p><b>(b)</b> An object is placed at a distance of 30 cm from the optical centre of a concave lens of focal length 15 cm. Use lens formula to determine the distance of the image from the optical centre of the lens.</p>",
                    "options": [],
                    "correct_answer": {
                      "text": "<p><b>(a)</b> When the upper half of lens is covered:<br>Position of image: at 2F on the other side of the lens<br>Nature of image: Real and inverted<br>Observable difference in the image, if the lens is uncovered: The brightness of the image will increase<br>Reason: More number of rays will pass through the lens to form the image.</p><hr><p><b>(b)</b> Here u = – 30 cm, f = –15 cm, v = ?<br>1/v - 1/u = 1/f<br>1/v = 1/f + 1/u<br>1/v = 1/(-15) + 1/(-30)<br>v = – 10 cm</p>"
                    },
                    "question_type": "Long Answer (5 marks)",
                    "difficulty_level": "medium",
                    "explanation_html": null
                  }
                ]
              },
              {
                "chapter_name": "Acids, Bases and Salts",
                "questions": [
                  {
                    "question_no": 37,
                    "question_html": "<p>Salts play a very important role in our daily life. Sodium chloride which is known as common salt is used almost in every kitchen. Baking soda is also a salt used in faster cooking as well as in baking industry. The family of salts is classified on the basis of cations and anions present in them.</p><p><b>(a)</b> Identify the acid and base from which Sodium chloride is formed.</p><p><b>(b)</b> Find the cation and the anion present in Calcium sulphate.</p><p><b>(c)</b> \"Sodium chloride and washing soda both belong to the same family of salts.\" Justify this statement.</p><p><b>OR</b></p><p><b>(c)</b> Define the term pH scale. Name the salt obtained by the reaction of Potassium hydroxide and Sulphuric acid and give the pH value of its aqueous solution.</p>",
                    "options": [],
                    "correct_answer": {
                      "text": "<p><b>(a)</b> Acid – HCl, Base – NaOH</p><hr><p><b>(b)</b> Cation Ca²⁺, Anion SO₄²⁻</p><hr><p><b>(c)</b> Salts having same cations but different anions belong to the same family of salts. e.g. sodium chloride (NaCl) and Washing Soda/sodium carbonate (Na₂CO₃) both have Na⁺ as cation.</p><hr><p><b>(c) OR</b><br>A scale for measuring hydrogen ion (H⁺) concentration in a solution is called pH scale.<br>Potassium Sulphate / K₂SO₄<br>pH = 7</p>"
                    },
                    "question_type": "Case-based Subjective",
                    "difficulty_level": "medium",
                    "explanation_html": null
                  }
                ]
              },
              {
                "chapter_name": "How do Organisms Reproduce?",
                "questions": [
                  {
                    "question_no": 38,
                    "question_html": "<p>Asexual reproduction involves a single parent to produce offsprings without the formation of gametes. It occurs by the following ways : Fission, Budding, Fragmentation, Spore formation and Regeneration. In one of the methods like regeneration, Planaria A is cut horizontally into three pieces – L, M and N and Planaria B is cut vertically into two equal halves – O and P.</p><p><b>(a)</b> Which of the cut pieces of the two Planaria could regenerate to form a complete organism?</p><p><b>(b)</b> Give an example of another organism which follows the same mode of reproduction as Planaria.</p><p><b>(c)</b> What is the meaning of ‘development’ in regeneration ?</p><p><b>OR</b></p><p><b>(c)</b> Differentiate between regeneration and fragmentation.</p>",
                    "images": [
                      {
                        "url": "https://img.testbuddyai.com/Science-31-2-24-Q38.png"
                      }
                    ],
                    "options": [],
                    "correct_answer": {
                      "text": "<p><b>(a)</b> All cut pieces of the two planaria will form a complete organism.</p><hr><p><b>(b)</b> Hydra</p><hr><p><b>(c)</b> Specialised cells proliferate to make a large number of cells. This mass of cells change to make different cell types and tissues. These changes take place in an organised sequence and is called development.</p><hr><p><b>(c) OR</b><br><b>Regeneration:</b> Specialised cells proliferate to form new cells which multiply and form a new individual.<br><b>Fragmentation:</b> Each piece/fragment grows by cell-to-cell division to form a new organism.</p>"
                    },
                    "question_type": "Case-based Subjective",
                    "difficulty_level": "medium",
                    "explanation_html": null
                  }
                ]
              },
              {
                "chapter_name": "Electricity",
                "questions": [
                  {
                    "question_no": 39,
                    "question_html": "<p>When electric current flows in a purely resistive circuit electrical energy gets fully converted into heat energy. The amount of heat produced (H) in the circuit is found to be directly proportional to (i) the square of current (I²) (ii) the resistance (R) of the conductor and (iii) the time (t) for which current flows. In other words H = I²Rt. Electrical devices such an electric fuse, electric heater, electric iron etc. are all based on this effect called heating effect of electric current.</p><p><b>(a)</b> List two properties of heating elements.</p><p><b>(b)</b> List two properties of electric fuse.</p><p><b>(c)</b> Name the principle on which an electric fuse works. Explain how a fuse wire is capable of saving electrical appliances from getting damaged due to accidently produced high currents.</p><p><b>OR</b></p><p><b>(c)</b> The power of an electric heater is 1100 W. If the potential difference between the two terminals of the heater is 220 V, find the current flowing in the circuit. What will happen to an electric fuse of rating 5 A connected in this circuit ?</p>",
                    "options": [],
                    "correct_answer": {
                      "text": "<p><b>(a)</b> Higher resistivity than pure metals, Do not oxidise (burn) at high temperature.</p><hr><p><b>(b)</b> Higher resistivity than pure metals, Low melting point.</p><hr><p><b>(c)</b> Heating effect of electric current. When high current flows in the circuit accidently, the fuse wire melts and breaks the circuit.</p><hr><p><b>(c) OR</b><br>P = 1100 W; V = 220 V, I = ?<br>P = VI<br>I = P / V = 1100 W / 220 V = 5A<br>No effect on the fuse of 5A rating.</p>"
                    },
                    "question_type": "Case-based Subjective",
                    "difficulty_level": "medium",
                    "explanation_html": null
                  }
                ]
              }
            ]
          }
        ]
      }
    ]
  }
]