[
  {
    "exam_name_actual": "CBSE Board - Class 10",
    "main_exam_id_name_ref": "CBSE Board - Class 10",
    "years": [
      {
        "year": "2025",
        "papers_or_subjects": [
          {
            "paper_name": "CBSE Class 10 Science Paper 2025 (QP Code: 31/1/1)",
            "subject_name": "Science",
            "chapters": [
              {
                "chapter_name": "Chemical Reactions and Equations",
                "questions": [
                  {
                    "question_no": 1,
                    "question_html": "<p>Electrolysis of water is a decomposition reaction. The mass ratio (MH : MO) of hydrogen and oxygen gases liberated at the electrodes during electrolysis of water is :</p>",
                    "options": [
                      {
                        "id": "a",
                        "text": "8:1"
                      },
                      {
                        "id": "b",
                        "text": "2:1"
                      },
                      {
                        "id": "c",
                        "text": "1:2"
                      },
                      {
                        "id": "d",
                        "text": "1:8"
                      }
                    ],
                    "correct_answer": {
                      "ids": [
                        "d"
                      ]
                    },
                    "question_type": "mcq_single",
                    "difficulty_level": "medium",
                    "explanation_html": "<p>The balanced chemical equation for the electrolysis of water is: 2H₂O(l) → 2H₂(g) + O₂(g).<br>This equation shows that 2 moles of hydrogen gas (H₂) and 1 mole of oxygen gas (O₂) are produced.<br>The molar mass of H is approximately 1 g/mol, so the molar mass of H₂ is 2 g/mol.<br>The molar mass of O is approximately 16 g/mol, so the molar mass of O₂ is 32 g/mol.<br>Mass of 2 moles of H₂ = 2 moles × 2 g/mol = 4 g.<br>Mass of 1 mole of O₂ = 1 mole × 32 g/mol = 32 g.<br>The mass ratio of hydrogen to oxygen (MH : MO) is 4:32, which simplifies to 1:8.</p>"
                  }
                ]
              },
              {
                "chapter_name": "Metals and Non-metals",
                "questions": [
                  {
                    "question_no": 2,
                    "question_html": "<p>The products formed when Aluminium and Magnesium are burnt in the presence of air respectively are :</p>",
                    "options": [
                      {
                        "id": "a",
                        "text": "Al3O4 and MgO2"
                      },
                      {
                        "id": "b",
                        "text": "Al2O3 and MgO"
                      },
                      {
                        "id": "c",
                        "text": "Al3O4 and MgO"
                      },
                      {
                        "id": "d",
                        "text": "Al2O3 and MgO2"
                      }
                    ],
                    "correct_answer": {
                      "ids": [
                        "b"
                      ]
                    },
                    "question_type": "mcq_single",
                    "difficulty_level": "easy",
                    "explanation_html": "<p>When metals are burnt in the presence of air (oxygen), they form metal oxides.<br>1. Aluminium (Al) has a valency of +3, and oxygen (O) has a valency of -2. To form a neutral compound, two aluminium ions combine with three oxide ions, resulting in Aluminium oxide (Al₂O₃). The reaction is: 4Al + 3O₂ → 2Al₂O₃.<br>2. Magnesium (Mg) has a valency of +2, and oxygen (O) has a valency of -2. They combine in a 1:1 ratio to form Magnesium oxide (MgO). The reaction is: 2Mg + O₂ → 2MgO.<br>Therefore, the respective products are Al₂O₃ and MgO.</p>"
                  }
                ]
              },
              {
                "chapter_name": "Acids, Bases and Salts",
                "questions": [
                  {
                    "question_no": 3,
                    "question_html": "<p>The following table shows the pH values of four solutions A, B, C and D on a pH scale : The solutions A, B, C and D respectively are of a</p>",
                    "images": [
                      {
                        "url": "https://img.testbuddyai.com/Science-31-1-25-Q3.png"
                      }
                    ],
                    "options": [
                      {
                        "id": "a",
                        "text": "Strong acid, weak acid, neutral, strong base"
                      },
                      {
                        "id": "b",
                        "text": "Weak acid, neutral, weak base, strong base"
                      },
                      {
                        "id": "c",
                        "text": "Weak acid, neutral, strong base, weak base"
                      },
                      {
                        "id": "d",
                        "text": "Weak acid, neutral, strong base, strong acid"
                      }
                    ],
                    "correct_answer": {
                      "ids": [
                        "d"
                      ]
                    },
                    "question_type": "mcq_single",
                    "difficulty_level": "easy",
                    "explanation_html": "<p>Based on the pH scale:<br>- pH &lt; 7 indicates an acidic solution. The lower the pH, the stronger the acid.<br>- pH = 7 indicates a neutral solution.<br>- pH > 7 indicates a basic (alkaline) solution. The higher the pH, the stronger the base.<br>From the given values:<br>- Solution A is at pH 6 (Weak acid).<br>- Solution B is at pH 7 (Neutral).<br>- Solution C is at pH 13 (Strong base).<br>- Solution D, if considered at pH 1, would represent a strong acid. (If D is mistakenly shown as pH 4, it should have been a strong acid instead.)<br><br>Therefore, the correct order is: Weak acid (A), Neutral (B), Strong base (C), Strong acid (D).</p>"
                  }
                ]
              },
              {
                "chapter_name": "Acids, Bases and Salts",
                "questions": [
                  {
                    "question_no": 4,
                    "question_html": "<p>Consider the following reactions :<br>(i) Dilute hydrochloric acid reacts with sodium hydroxide.<br>(ii) Magnesium oxide reacts with dilute hydrochloric acid.<br>(iii) Carbon dioxide reacts with sodium hydroxide.<br>It is found that in each case :</p>",
                    "options": [
                      {
                        "id": "a",
                        "text": "Salt and water is formed."
                      },
                      {
                        "id": "b",
                        "text": "Neutral salts are formed."
                      },
                      {
                        "id": "c",
                        "text": "Hydrogen gas is formed."
                      },
                      {
                        "id": "d",
                        "text": "Acidic salts are formed."
                      }
                    ],
                    "correct_answer": {
                      "ids": [
                        "a"
                      ]
                    },
                    "question_type": "mcq_single",
                    "difficulty_level": "medium",
                    "explanation_html": "<p>Let's analyze each reaction:<br>(i) HCl (an acid) + NaOH (a base) → NaCl (a salt) + H₂O (water). This is a neutralization reaction.<br>(ii) MgO (a basic metallic oxide) + 2HCl (an acid) → MgCl₂ (a salt) + H₂O (water).<br>(iii) CO₂ (an acidic non-metallic oxide) + 2NaOH (a base) → Na₂CO₃ (a salt) + H₂O (water).<br>In all three reactions, an acid (or an acidic oxide) reacts with a base (or a basic oxide), and the common products formed are a salt and water.</p>"
                  }
                ]
              },
              {
                "chapter_name": "Metals and Non-metals",
                "questions": [
                  {
                    "question_no": 5,
                    "question_html": "<p>Reaction between two elements A and B, forms a compound C. A loses electrons and B gains electrons. Which one of the following properties will not be shown by compound C ?</p>",
                    "options": [
                      {
                        "id": "a",
                        "text": "It has high melting point."
                      },
                      {
                        "id": "b",
                        "text": "It is highly soluble in water."
                      },
                      {
                        "id": "c",
                        "text": "It has weak electrostatic forces of attraction between its oppositely charged ions."
                      },
                      {
                        "id": "d",
                        "text": "It conducts electricity in its molten state or aqueous solution."
                      }
                    ],
                    "correct_answer": {
                      "ids": [
                        "c"
                      ]
                    },
                    "question_type": "mcq_single",
                    "difficulty_level": "medium",
                    "explanation_html": "<p>The transfer of electrons from element A (forming a cation) to element B (forming an anion) results in the formation of an ionic compound (C). Ionic compounds have characteristic properties based on the strong electrostatic forces of attraction between the oppositely charged ions in their crystal lattice.<br>- (A) They have high melting and boiling points because a large amount of energy is needed to overcome these strong forces. (True)<br>- (B) They are generally soluble in water, a polar solvent. (True)<br>- (D) They conduct electricity in the molten state or when dissolved in water because the ions are free to move and carry charge. (True)<br>- (C) The electrostatic forces of attraction are very strong, not weak. This statement is false and therefore the property that will not be shown by compound C.</p>"
                  }
                ]
              },
              {
                "chapter_name": "Metals and Non-metals",
                "questions": [
                  {
                    "question_no": 6,
                    "question_html": "<p>The metals obtained from their molten chlorides by the process of electrolytic reduction are :</p>",
                    "options": [
                      {
                        "id": "a",
                        "text": "Gold and silver"
                      },
                      {
                        "id": "b",
                        "text": "Calcium and magnesium"
                      },
                      {
                        "id": "c",
                        "text": "Aluminium and silver"
                      },
                      {
                        "id": "d",
                        "text": "Sodium and iron"
                      }
                    ],
                    "correct_answer": {
                      "ids": [
                        "b"
                      ]
                    },
                    "question_type": "mcq_single",
                    "difficulty_level": "easy",
                    "explanation_html": "<p>Electrolytic reduction is a method used to extract highly reactive metals that are high in the reactivity series (e.g., K, Na, Ca, Mg, Al). These metals cannot be reduced from their ores using reducing agents like carbon because they have a higher affinity for oxygen than carbon does. Therefore, they are extracted by passing an electric current through their molten salts (like chlorides or oxides).<br>- Gold and silver are very unreactive and are found in their native state or extracted by other means.<br>- Iron is moderately reactive and is extracted by reduction with carbon in a blast furnace.<br>- Calcium and magnesium are both highly reactive metals and are extracted by the electrolysis of their molten chlorides.</p>"
                  }
                ]
              },
              {
                "chapter_name": "Life Processes",
                "questions": [
                  {
                    "question_no": 8,
                    "question_html": "<p>Secretion of less saliva in mouth will effect the conversion of :</p>",
                    "options": [
                      {
                        "id": "a",
                        "text": "proteins into amino acids"
                      },
                      {
                        "id": "b",
                        "text": "fats into fatty acids and glycerol"
                      },
                      {
                        "id": "c",
                        "text": "starch into simple sugars"
                      },
                      {
                        "id": "d",
                        "text": "sugars into alcohol"
                      }
                    ],
                    "correct_answer": {
                      "ids": [
                        "c"
                      ]
                    },
                    "question_type": "mcq_single",
                    "difficulty_level": "easy",
                    "explanation_html": "<p>Saliva contains a digestive enzyme called salivary amylase (or ptyalin). The primary function of salivary amylase is to begin the chemical digestion of starch, which is a complex carbohydrate, breaking it down into simpler sugars like maltose. Therefore, a reduced secretion of saliva would impair the initial breakdown of starch in the mouth.</p>"
                  }
                ]
              },
              {
                "chapter_name": "Control and Coordination",
                "questions": [
                  {
                    "question_no": 9,
                    "question_html": "<p>The plant hormone whose concentration stimulates the cells to grow longer on the side of the shoot which is away from light is :</p>",
                    "options": [
                      {
                        "id": "a",
                        "text": "Cytokinins"
                      },
                      {
                        "id": "b",
                        "text": "Gibberellins"
                      },
                      {
                        "id": "c",
                        "text": "Adrenaline"
                      },
                      {
                        "id": "d",
                        "text": "Auxins"
                      }
                    ],
                    "correct_answer": {
                      "ids": [
                        "d"
                      ]
                    },
                    "question_type": "mcq_single",
                    "difficulty_level": "easy",
                    "explanation_html": "<p>The bending of a plant shoot towards light is a phenomenon known as phototropism, which is primarily controlled by the plant hormone auxin. When light shines on a shoot from one side, auxin produced at the tip migrates to the shaded side. This higher concentration of auxin on the shaded side stimulates the cells there to elongate more rapidly than the cells on the illuminated side. This differential growth causes the shoot to bend towards the light source. Adrenaline is an animal hormone.</p>"
                  }
                ]
              },
              {
                "chapter_name": "How do Organisms Reproduce?",
                "questions": [
                  {
                    "question_no": 10,
                    "question_html": "<p>The correct/true statement(s) for a bisexual flower is/are :<br>(i) They possess both stamen and pistil.<br>(ii) They possess either stamen or pistil.<br>(iii) They exhibit either self-pollination or cross-pollination.<br>(iv) They cannot produce fruits on their own.</p>",
                    "options": [
                      {
                        "id": "a",
                        "text": "(i) only"
                      },
                      {
                        "id": "b",
                        "text": "(iv) only"
                      },
                      {
                        "id": "c",
                        "text": "(i) and (iii)"
                      },
                      {
                        "id": "d",
                        "text": "(i) and (iv)"
                      }
                    ],
                    "correct_answer": {
                      "ids": [
                        "c"
                      ]
                    },
                    "question_type": "mcq_single",
                    "difficulty_level": "medium",
                    "explanation_html": "<p>(i) A bisexual flower is defined as a flower that contains both the male reproductive part (stamen) and the female reproductive part (pistil). So, statement (i) is true.<br>(ii) A flower with either a stamen or a pistil is a unisexual flower. So, statement (ii) is false.<br>(iii) Because a bisexual flower has both male and female parts, it can undergo self-pollination. It can also undergo cross-pollination with the help of pollinators. So, statement (iii) is true.<br>(iv) A bisexual flower is capable of producing fruit on its own through self-pollination and subsequent fertilization. So, statement (iv) is false.<br>Therefore, the correct statements are (i) and (iii).</p>"
                  }
                ]
              },
              {
                "chapter_name": "Heredity",
                "questions": [
                  {
                    "question_no": 11,
                    "question_html": "<p>If pea plants with round and green seeds (RRyy) are crossed with pea plants having wrinkled and yellow seeds (rrYY), the seeds developed by the plants of F1 generation will be :</p>",
                    "options": [
                      {
                        "id": "a",
                        "text": "50% round and green"
                      },
                      {
                        "id": "b",
                        "text": "75% wrinkled and green"
                      },
                      {
                        "id": "c",
                        "text": "100% round and yellow"
                      },
                      {
                        "id": "d",
                        "text": "75% wrinkled and yellow"
                      }
                    ],
                    "correct_answer": {
                      "ids": [
                        "c"
                      ]
                    },
                    "question_type": "mcq_single",
                    "difficulty_level": "easy",
                    "explanation_html": "<p>This is a dihybrid cross. Let's determine the genotype and phenotype of the F1 generation.<br>Parent 1 (Round, green): RRyy. Gametes produced: Ry<br>Parent 2 (Wrinkled, yellow): rrYY. Gametes produced: rY<br>When these plants are crossed, the F1 generation will have the genotype formed by the combination of these gametes: RrYy.<br>According to Mendel's Law of Dominance, the allele for round seeds (R) is dominant over wrinkled seeds (r), and the allele for yellow seeds (Y) is dominant over green seeds (y).<br>Therefore, all plants in the F1 generation (genotype RrYy) will have the phenotype of round and yellow seeds. Thus, 100% of the seeds will be round and yellow.</p>"
                  }
                ]
              },
              {
                "chapter_name": "Life Processes",
                "questions": [
                  {
                    "question_no": 12,
                    "question_html": "<p>The breakdown of glucose has taken the following pathway :<br>Glucose --(a)--> Pyruvate + Energy --(b)--> Lactic acid + Energy<br>The sites 'a' and 'b' respectively are :</p>",
                    "options": [
                      {
                        "id": "a",
                        "text": "Mitochondria and Oxygen deficient muscle cells"
                      },
                      {
                        "id": "b",
                        "text": "Cytoplasm and Oxygen rich muscle cells"
                      },
                      {
                        "id": "c",
                        "text": "Cytoplasm and Yeast cells"
                      },
                      {
                        "id": "d",
                        "text": "Cytoplasm and Oxygen deficient muscle cells"
                      }
                    ],
                    "correct_answer": {
                      "ids": [
                        "d"
                      ]
                    },
                    "question_type": "mcq_single",
                    "difficulty_level": "medium",
                    "explanation_html": "<p>The breakdown of glucose occurs in stages:<br>Step 'a': Glucose (a 6-carbon molecule) is broken down into Pyruvate (a 3-carbon molecule). This process is called glycolysis, and it occurs in the cytoplasm of the cell. It is the initial step for both aerobic and anaerobic respiration.<br>Step 'b': Pyruvate is further converted into Lactic acid and energy. This is a type of anaerobic respiration (fermentation) that takes place in animal muscle cells during vigorous activity when there is a lack of sufficient oxygen.<br>Therefore, site 'a' is the cytoplasm, and site 'b' is oxygen-deficient muscle cells.</p>"
                  }
                ]
              },
              {
                "chapter_name": "Light - Reflection and Refraction",
                "questions": [
                  {
                    "question_no": 13,
                    "question_html": "<p>Mirror 'X' is used to concentrate sunlight in solar furnace and Mirror 'Y' is fitted on the side of the vehicle to see the traffic behind the driver. Which of the following statements are true for the two mirrors ?<br>(i) The image formed by mirror 'X' is real, diminished and at its focus.<br>(ii) The image formed by mirror 'Y' is virtual, diminished and erect.<br>(iii) The image formed by mirror 'X' is virtual, diminished and erect.<br>(iv) The image formed by mirror 'Y' is real, diminished and at its focus.</p>",
                    "options": [
                      {
                        "id": "a",
                        "text": "(i) and (ii)"
                      },
                      {
                        "id": "b",
                        "text": "(ii) and (iii)"
                      },
                      {
                        "id": "c",
                        "text": "(iii) and (iv)"
                      },
                      {
                        "id": "d",
                        "text": "(i) and (iv)"
                      }
                    ],
                    "correct_answer": {
                      "ids": [
                        "a"
                      ]
                    },
                    "question_type": "mcq_single",
                    "difficulty_level": "medium",
                    "explanation_html": "<p><b>Mirror 'X':</b> To concentrate parallel sunlight rays to a point, a converging mirror is needed. This is a concave mirror. When an object (the sun) is at infinity, a concave mirror forms a real, highly diminished (point-sized) image at its principal focus. So, statement (i) is true and (iii) is false.<br><b>Mirror 'Y':</b> Side-view mirrors in vehicles must provide a wide field of view and an upright image. This is achieved using a convex mirror. A convex mirror always forms a virtual, erect, and diminished image, regardless of the object's position. So, statement (ii) is true and (iv) is false.<br>Therefore, the correct statements are (i) and (ii).</p>"
                  }
                ]
              },
              {
                "chapter_name": "The Human Eye and the Colourful World",
                "questions": [
                  {
                    "question_no": 14,
                    "question_html": "<p>An old person is suffering from an eye defect caused by weakening of ciliary muscles and diminishing flexibility of the eye lens. If the defect of vision is 'a' which can be corrected by lens 'b', then 'a' and 'b' respectively are :</p>",
                    "options": [
                      {
                        "id": "a",
                        "text": "hypermetropia and convex lens"
                      },
                      {
                        "id": "b",
                        "text": "presbyopia and bifocal lens"
                      },
                      {
                        "id": "c",
                        "text": "myopia and concave lens"
                      },
                      {
                        "id": "d",
                        "text": "myopia and bifocal lens"
                      }
                    ],
                    "correct_answer": {
                      "ids": [
                        "b"
                      ]
                    },
                    "question_type": "mcq_single",
                    "difficulty_level": "medium",
                    "explanation_html": "<p>The condition described, involving the weakening of ciliary muscles and reduced flexibility of the eye lens due to aging, is called presbyopia. This defect makes it difficult for the person to focus on nearby objects. The corrective lens ('b') typically used for presbyopia ('a') is a bifocal lens. A bifocal lens contains two different prescriptions in one lens; typically, the upper part corrects for distance vision (like myopia) and the lower part has a convex section to help with near vision (like hypermetropia), allowing the person to see clearly at various distances.</p>"
                  }
                ]
              },
              {
                "chapter_name": "Our Environment",
                "questions": [
                  {
                    "question_no": 15,
                    "question_html": "<p>Which of the following groups do not constitute a food chain ?<br>(i) Wolf, rabbit, grass, lion<br>(ii) Plankton, man, grasshopper, fish<br>(iii) Hawk, grass, snake, grasshopper, frog<br>(iv) Grass, snake, wolf, tiger</p>",
                    "options": [
                      {
                        "id": "a",
                        "text": "(i) and (iv)"
                      },
                      {
                        "id": "b",
                        "text": "(i) and (iii)"
                      },
                      {
                        "id": "c",
                        "text": "(ii) and (iii)"
                      },
                      {
                        "id": "d",
                        "text": "(ii) and (iv)"
                      }
                    ],
                    "correct_answer": {
                      "ids": [
                        "d"
                      ]
                    },
                    "question_type": "mcq_single",
                    "difficulty_level": "medium",
                    "explanation_html": "<p>A food chain illustrates a single pathway of energy flow in an ecosystem. Let's analyze the groups:<br>(i) This group contains a valid food chain: Grass → Rabbit → Wolf. Lion is an extra member.<br>(ii) This group is mixed. A possible chain is Plankton → Fish → Man, but the grasshopper does not fit in. It doesn't form a single coherent chain.<br>(iii) This group can be arranged into a valid food chain: Grass → Grasshopper → Frog → Snake → Hawk.<br>(iv) This group does not form a food chain. Grass is a producer, but the other organisms are all carnivores that do not eat grass or necessarily each other in a linear sequence.<br>The question asks which groups do *not* constitute a food chain. Groups (ii) and (iv) contain organisms that cannot be arranged into a single, valid food chain.</p>"
                  }
                ]
              },
              {
                "chapter_name": "Our Environment",
                "questions": [
                  {
                    "question_no": 16,
                    "question_html": "<p>The percentage of solar energy which is not converted into food energy by the leaves of green plants in a terrestrial ecosystem is about :</p>",
                    "options": [
                      {
                        "id": "a",
                        "text": "1%"
                      },
                      {
                        "id": "b",
                        "text": "10%"
                      },
                      {
                        "id": "c",
                        "text": "90%"
                      },
                      {
                        "id": "d",
                        "text": "99%"
                      }
                    ],
                    "correct_answer": {
                      "ids": [
                        "d"
                      ]
                    },
                    "question_type": "mcq_single",
                    "difficulty_level": "easy",
                    "explanation_html": "<p>During photosynthesis, green plants (producers) capture solar energy. However, they are only able to capture and convert a very small fraction of the total solar energy that falls on them into chemical energy (food). On average, only about 1% of the sun's energy available to the leaves is converted into food energy. Consequently, the remaining 99% (100% - 1%) of the solar energy is not converted; it is either reflected, transmitted, or lost as heat.</p>"
                  }
                ]
              },
              {
                "chapter_name": "Chemical Reactions and Equations",
                "questions": [
                  {
                    "question_no": 17,
                    "question_html": "<p>For Questions number 17 to 20, two statements are given — one labelled as Assertion (A) and the other labelled as Reason (R). Select the correct answer to these questions from the codes (A), (B), (C) and (D) as given below.<br><b>Assertion (A) :</b> Decomposition reactions are generally endothermic reactions.<br><b>Reason (R) :</b> Decomposition of organic matter into compost is an exothermic process.</p>",
                    "options": [
                      {
                        "id": "a",
                        "text": "Both Assertion (A) and Reason (R) are true and Reason (R) is the correct explanation of Assertion (A)."
                      },
                      {
                        "id": "b",
                        "text": "Both Assertion (A) and Reason (R) are true, but Reason (R) is not the correct explanation of Assertion (A)."
                      },
                      {
                        "id": "c",
                        "text": "Assertion (A) is true, but Reason (R) is false."
                      },
                      {
                        "id": "d",
                        "text": "Assertion (A) is false, but Reason (R) is true."
                      }
                    ],
                    "correct_answer": {
                      "ids": [
                        "b"
                      ]
                    },
                    "question_type": "mcq_single",
                    "difficulty_level": "medium",
                    "explanation_html": "<p><b>Assertion (A)</b> is true. Decomposition reactions involve breaking down a compound into simpler substances, which requires energy to break the existing chemical bonds. This energy is typically supplied in the form of heat, light, or electricity, making the reactions endothermic.<br><b>Reason (R)</b> is also true. The decomposition of organic matter by microorganisms in a compost pile is a biological process involving respiration, which releases energy in the form of heat, making it an exothermic process.<br>However, the Reason (R) is an example of a biological decomposition that is exothermic, which is an exception to the general chemical rule stated in the Assertion (A). Therefore, the Reason does not explain the Assertion; it provides a contrasting example.</p>"
                  }
                ]
              },
              {
                "chapter_name": "Heredity",
                "questions": [
                  {
                    "question_no": 18,
                    "question_html": "<p><b>Assertion (A):</b> A human child bears all the basic features of human beings.<br><b>Reason (R) :</b> It looks exactly like its parents, showing very little variations.</p>",
                    "options": [
                      {
                        "id": "a",
                        "text": "Both Assertion (A) and Reason (R) are true and Reason (R) is the correct explanation of Assertion (A)."
                      },
                      {
                        "id": "b",
                        "text": "Both Assertion (A) and Reason (R) are true, but Reason (R) is not the correct explanation of Assertion (A)."
                      },
                      {
                        "id": "c",
                        "text": "Assertion (A) is true, but Reason (R) is false."
                      },
                      {
                        "id": "d",
                        "text": "Assertion (A) is false, but Reason (R) is true."
                      }
                    ],
                    "correct_answer": {
                      "ids": [
                        "c"
                      ]
                    },
                    "question_type": "mcq_single",
                    "difficulty_level": "easy",
                    "explanation_html": "<p><b>Assertion (A)</b> is true. Due to the inheritance of genes from human parents, a child possesses the fundamental characteristics and body plan of the human species.<br><b>Reason (R)</b> is false. Sexual reproduction, which involves the fusion of gametes from two different parents, is a major source of genetic variation. As a result, while a child inherits traits from both parents and resembles them, they are not an exact copy and show significant variations. Only asexual reproduction produces offspring that are nearly identical.</p>"
                  }
                ]
              },
              {
                "chapter_name": "Magnetic Effects of Electric Current",
                "questions": [
                  {
                    "question_no": 19,
                    "question_html": "<p><b>Assertion (A):</b> No two magnetic field lines are found to cross each other.<br><b>Reason (R) :</b> The compass needle cannot point towards two directions at the point of intersection of two magnetic field lines.</p>",
                    "options": [
                      {
                        "id": "a",
                        "text": "Both Assertion (A) and Reason (R) are true and Reason (R) is the correct explanation of Assertion (A)."
                      },
                      {
                        "id": "b",
                        "text": "Both Assertion (A) and Reason (R) are true, but Reason (R) is not the correct explanation of Assertion (A)."
                      },
                      {
                        "id": "c",
                        "text": "Assertion (A) is true, but Reason (R) is false."
                      },
                      {
                        "id": "d",
                        "text": "Assertion (A) is false, but Reason (R) is true."
                      }
                    ],
                    "correct_answer": {
                      "ids": [
                        "a"
                      ]
                    },
                    "question_type": "mcq_single",
                    "difficulty_level": "easy",
                    "explanation_html": "<p><b>Assertion (A)</b> is a true statement; it is a fundamental property of magnetic field lines that they never intersect.<br><b>Reason (R)</b> is also true and provides the correct explanation for the assertion. A magnetic field line at any point gives the direction of the net magnetic field at that point. If two lines were to cross, it would imply that there are two different directions for the magnetic field at the single point of intersection. A compass placed at that point would have to point in two directions at once, which is physically impossible. Therefore, magnetic field lines cannot cross.</p>"
                  }
                ]
              },
              {
                "chapter_name": "Our Environment",
                "questions": [
                  {
                    "question_no": 20,
                    "question_html": "<p><b>Assertion (A):</b> The amount of ozone in the atmosphere began to drop sharply in the 1980s.<br><b>Reason (R) :</b> The oxygen atoms combine with molecular oxygen to form ozone.</p>",
                    "options": [
                      {
                        "id": "a",
                        "text": "Both Assertion (A) and Reason (R) are true and Reason (R) is the correct explanation of Assertion (A)."
                      },
                      {
                        "id": "b",
                        "text": "Both Assertion (A) and Reason (R) are true, but Reason (R) is not the correct explanation of Assertion (A)."
                      },
                      {
                        "id": "c",
                        "text": "Assertion (A) is true, but Reason (R) is false."
                      },
                      {
                        "id": "d",
                        "text": "Assertion (A) is false, but Reason (R) is true."
                      }
                    ],
                    "correct_answer": {
                      "ids": [
                        "b"
                      ]
                    },
                    "question_type": "mcq_single",
                    "difficulty_level": "medium",
                    "explanation_html": "<p><b>Assertion (A)</b> is true. Scientific measurements in the 1980s revealed a significant thinning of the ozone layer, particularly over Antarctica, a phenomenon largely attributed to the widespread use of chlorofluorocarbons (CFCs).<br><b>Reason (R)</b> is also true. It accurately describes the natural process of ozone (O₃) formation in the stratosphere, where an oxygen atom (O) combines with an oxygen molecule (O₂).<br>However, the Reason (R) explains how ozone is naturally created, not why its amount dropped sharply. The drop was due to an increased rate of ozone destruction by pollutants like CFCs. Therefore, the Reason does not explain the Assertion.</p>"
                  }
                ]
              },
              {
                "chapter_name": "Chemical Reactions and Equations",
                "questions": [
                  {
                    "question_no": 21,
                    "question_html": "<p>A student performs the following experiment in his school laboratory.<br>List two observations to justify that in this experiment a chemical change has taken place.</p>",
                    "images": [
                      {
                        "url": "https://img.testbuddyai.com/Science-31-1-25-Q21.png"
                      }
                    ],
                    "options": [],
                    "correct_answer": {
                      "text": "<ul><li>Evolution of gas (bubbles of hydrogen).</li><li>Change in temperature (the flask becomes hot).</li></ul>"
                    },
                    "question_type": "Very Short Answer (2 marks)",
                    "difficulty_level": "easy",
                    "explanation_html": null
                  }
                ]
              },
              {
                "chapter_name": "How do Organisms Reproduce?",
                "questions": [
                  {
                    "question_no": 22,
                    "question_html": "<p>Draw labelled diagrams to show different stages of budding in Hydra.</p>",
                    "options": [],
                    "correct_answer": {
                      "text": "<p>The diagram should show the following stages:<br>1. A parent Hydra.<br>2. A small bud developing on the side of the parent's body.<br>3. The bud growing and developing tentacles and a mouth.<br>4. The fully grown bud detaching from the parent to live as an independent organism.<br>All parts like parent Hydra, bud, and tentacles should be labelled.</p>"
                    },
                    "question_type": "Very Short Answer (2 marks)",
                    "difficulty_level": "medium",
                    "explanation_html": null
                  }
                ]
              },
              {
                "chapter_name": "Life Processes",
                "questions": [
                  {
                    "question_no": 23,
                    "question_html": "<p><b>(a)</b> Besides minimising the loss of blood, why is it essential to plug any leak in a blood vessel ? Name the component of blood which helps in this process and state how this component perform this function.</p><p><b>OR</b></p><p><b>(b)</b> (i) The transport system in plants is relatively slower than in animals. Give reasons.<br>(ii) State the role of phloem in the transport of materials in plants.</p>",
                    "options": [],
                    "correct_answer": {
                      "text": "<p><b>(a)</b> <ul><li><b>Essential reason:</b> Plugging a leak is essential to maintain blood pressure, ensuring the efficiency of the circulatory system in transporting substances.<br></li><li><b>Component of blood:</b> Platelets.<br></li><li><b>Function:</b> Platelets help in the process of blood clotting. They accumulate at the site of injury and release chemicals that initiate a cascade of reactions, forming a fibrin mesh that traps blood cells and forms a clot, sealing the leak.</li></ul></p><hr><p><b>(b)</b> (i) The transport system in plants is slower because:<br>1. Plants are less active and have lower energy needs compared to animals.<br>2. A large proportion of plant tissue consists of dead cells (e.g., xylem vessels).</p><p>(ii) The role of phloem is to transport soluble products of photosynthesis (mainly sugars like sucrose) from the leaves to other parts of the plant, such as storage organs (roots, fruits, seeds) and growing regions. This process is called translocation.</p>"
                    },
                    "question_type": "Very Short Answer (2 marks)",
                    "difficulty_level": "medium",
                    "explanation_html": null
                  }
                ]
              },
              {
                "chapter_name": "Light - Reflection and Refraction",
                "questions": [
                  {
                    "question_no": 24,
                    "question_html": "<p>An object is placed at a distance of 60 cm from a concave lens of focal length 30 cm. Use lens formula to find the position of the image formed in this case.</p>",
                    "options": [],
                    "correct_answer": {
                      "text": "<p>Given:<br>Object distance, u = -60 cm<br>Focal length, f = -30 cm<br>Using the lens formula: 1/f = 1/v - 1/u<br>1/(-30) = 1/v - 1/(-60)<br>-1/30 = 1/v + 1/60<br>1/v = -1/30 - 1/60<br>1/v = (-2 - 1) / 60 = -3/60 = -1/20<br>v = -20 cm<br>The image is formed at a distance of 20 cm from the lens on the same side as the object.</p>"
                    },
                    "question_type": "Very Short Answer (2 marks)",
                    "difficulty_level": "medium",
                    "explanation_html": null
                  }
                ]
              },
              {
                "chapter_name": "Electricity",
                "questions": [
                  {
                    "question_no": 25,
                    "question_html": "<p><b>(a)</b> A wire of resistance R is cut into three equal parts. If these three parts are then joined in parallel, calculate the total resistance of the combination so formed.</p><p><b>OR</b></p><p><b>(b)</b> Define electric power. When do we say that the power consumed in an electric circuit is 1 watt ?</p>",
                    "options": [],
                    "correct_answer": {
                      "text": "<p><b>(a)</b> When the wire of resistance R is cut into three equal parts, the resistance of each part becomes R/3.<br>When these three parts are connected in parallel, the equivalent resistance (Rp) is given by:<br>1/Rp = 1/(R/3) + 1/(R/3) + 1/(R/3)<br>1/Rp = 3/R + 3/R + 3/R<br>1/Rp = 9/R<br>Rp = R/9</p><hr><p><b>(b)</b> <b>Electric Power:</b> It is the rate at which electrical energy is consumed or dissipated in an electrical circuit.<br><b>1 Watt:</b> The power consumed in a circuit is said to be 1 watt if 1 ampere of current flows through it when a potential difference of 1 volt is applied across it. (P = V × I)</p>"
                    },
                    "question_type": "Very Short Answer (2 marks)",
                    "difficulty_level": "medium",
                    "explanation_html": null
                  }
                ]
              },
              {
                "chapter_name": "Our Environment",
                "questions": [
                  {
                    "question_no": 26,
                    "question_html": "<p>“Excessive use of chemicals and pesticides in agriculture adversely effect the environment.” Justify this statement.</p>",
                    "options": [],
                    "correct_answer": {
                      "text": "<p>The excessive use of chemicals and pesticides adversely affects the environment because these substances are often non-biodegradable. They get washed into soil and water bodies, causing soil and water pollution. From there, they enter the food chain and get progressively accumulated at each trophic level. This phenomenon, known as biomagnification, can be harmful to organisms at higher trophic levels, including humans.</p>"
                    },
                    "question_type": "Very Short Answer (2 marks)",
                    "difficulty_level": "easy",
                    "explanation_html": null
                  }
                ]
              },
              {
                "chapter_name": "Metals and Non-metals",
                "questions": [
                  {
                    "question_no": 27,
                    "question_html": "<p><b>(a)</b> “Displacement reactions also play a key role in extracting metals in the middle of the reactivity series.” Justify this statement with two examples.</p><p><b>(b)</b> Why can metals high up in the reactivity series not be obtained by reduction of their oxides by carbon ?</p>",
                    "options": [],
                    "correct_answer": {
                      "text": "<p><b>(a)</b> This statement is true because a more reactive metal can displace a less reactive metal from its compound (usually in molten state), which is a cost-effective method for extraction.<br><b>Example 1:</b> Extraction of Manganese. Manganese dioxide is heated with aluminium powder.<br>3MnO₂(s) + 4Al(s) → 3Mn(l) + 2Al₂O₃(s) + Heat<br><b>Example 2:</b> The Thermite reaction. Ferric oxide is reacted with aluminium to produce molten iron.<br>Fe₂O₃(s) + 2Al(s) → 2Fe(l) + Al₂O₃(s) + Heat</p><hr><p><b>(b)</b> Metals high up in the reactivity series (e.g., K, Na, Ca, Mg, Al) are very reactive and have a strong affinity for oxygen. Their oxides are very stable. Carbon is not a strong enough reducing agent to remove oxygen from these metallic oxides because these metals have a greater affinity for oxygen than carbon does.</p>"
                    },
                    "question_type": "Short Answer (3 marks)",
                    "difficulty_level": "medium",
                    "explanation_html": null
                  }
                ]
              },
              {
                "chapter_name": "Metals and Non-metals",
                "questions": [
                  {
                    "question_no": 28,
                    "question_html": "<p><b>(a)</b> With the help of an activity, explain the conditions under which iron articles get rusted.</p><p><b>OR</b></p><p><b>(b)</b> (i) Name two metals which react violently with cold water. List any three observations which a student notes when these metal are dropped in a beaker containing water.<br>(ii) Write a test to identify the gas evolved (if any) during the reaction of these metals with water.</p>",
                    "options": [],
                    "correct_answer": {
                      "text": "<p><b>(a) Activity to show conditions for rusting:</b><br>1. Take three test tubes and place a clean iron nail in each.<br>2. In test tube A, add some water and cork it. The nail is exposed to both air and water.<br>3. In test tube B, add boiled distilled water (to remove dissolved air) and pour a layer of oil over it to prevent air from dissolving. The nail is exposed only to water.<br>4. In test tube C, add some anhydrous calcium chloride (a drying agent) and cork it. The nail is exposed only to dry air.<br><b>Observation:</b> After a few days, the nail in test tube A rusts, while the nails in B and C do not.<br><b>Conclusion:</b> This shows that both air (oxygen) and water (moisture) are necessary conditions for rusting.</p><hr><p><b>(b)</b> (i) <b>Two metals:</b> Sodium (Na) and Potassium (K).<br><b>Three observations:</b><br>1. The metal reacts vigorously, moving rapidly on the water surface.<br>2. A gas is evolved (hydrogen).<br>3. The reaction is highly exothermic (a large amount of heat is produced), and the evolved hydrogen gas often catches fire.</p><p>(ii) The gas evolved is hydrogen (H₂). To test for hydrogen, bring a burning splint near the mouth of the test tube where the reaction is taking place. The gas will burn with a characteristic 'pop' sound.</p>"
                    },
                    "question_type": "Short Answer (3 marks)",
                    "difficulty_level": "medium",
                    "explanation_html": null
                  }
                ]
              },
              {
                "chapter_name": "Control and Coordination",
                "questions": [
                  {
                    "question_no": 29,
                    "question_html": "<p>Plants have neither a nervous system nor muscles, even then they respond to stimuli. For example, the leaves of chhui-mui (touch-me-not) plant when touched begin to fold up and droop.</p><p><b>(a)</b> How is the information communicated in “touch-me-not\" plants ?</p><p><b>(b)</b> What enables the plant cells to bring out the observable response ?</p><p><b>(c)</b> Differentiate the movement mentioned above from the movement of tendrils in a pea plant.</p>",
                    "options": [],
                    "correct_answer": {
                      "text": "<p><b>(a)</b> The information of the touch stimulus is communicated in the touch-me-not plant through electrical-chemical signals that travel from cell to cell.</p><hr><p><b>(b)</b> The plant cells bring out the response by changing their shape. This is achieved by changing the amount of water in them (turgor pressure). In the touch-me-not plant, cells in the pulvinus at the base of the leaf lose water rapidly, causing them to become flaccid and the leaves to droop.</p><hr><p><b>(c)</b> <table><tr><th>Movement in Touch-me-not</th><th>Movement of Tendrils</th></tr><tr><td>It is a nastic movement.</td><td>It is a tropic movement (thigmotropism).</td></tr><tr><td>It is independent of the direction of the stimulus.</td><td>It is dependent on the direction of the stimulus.</td></tr><tr><td>It is a non-growth movement.</td><td>It is a growth-related movement.</td></tr></table>"
                    },
                    "question_type": "Short Answer (3 marks)",
                    "difficulty_level": "hard",
                    "explanation_html": null
                  }
                ]
              },
              {
                "chapter_name": "How do Organisms Reproduce?",
                "questions": [
                  {
                    "question_no": 30,
                    "question_html": "<p><b>(a)</b> What are chromosomes ?</p><p><b>(b)</b> Explain in brief how stability of DNA content of a species is ensured in sexually reproducing organisms ?</p>",
                    "options": [],
                    "correct_answer": {
                      "text": "<p><b>(a)</b> Chromosomes are thread-like structures found in the nucleus of cells, which become visible during cell division. They are composed of DNA tightly coiled around proteins called histones. They carry the genetic information of an organism in the form of genes.</p><hr><p><b>(b)</b> Stability of DNA content is maintained because sexually reproducing organisms produce special reproductive cells called gametes (sperm and egg), which have half the amount of DNA (and half the number of chromosomes) as the normal body cells. This reduction happens during a process called meiosis. When a male and a female gamete fuse during fertilization, the resulting zygote gets the full amount of DNA, restoring the original chromosome number of the species.</p>"
                    },
                    "question_type": "Short Answer (3 marks)",
                    "difficulty_level": "easy",
                    "explanation_html": null
                  }
                ]
              },
              {
                "chapter_name": "Light - Reflection and Refraction",
                "questions": [
                  {
                    "question_no": 31,
                    "question_html": "<p>Draw ray diagrams to show the nature, position and relative size of the image formed by a convex mirror when the object is placed:</p><p><b>(i)</b> at infinity.</p><p><b>(ii)</b> between infinity and pole P of the mirror.</p>",
                    "options": [],
                    "correct_answer": {
                      "text": "<p><b>(i)</b> A ray diagram showing parallel rays from infinity approaching a convex mirror. After reflection, the rays appear to diverge from the principal focus (F) located behind the mirror. The image formed at F is virtual, erect, and highly diminished (point-sized).</p><hr><p><b>(ii)</b> A ray diagram showing an object placed in front of a convex mirror. A ray from the object parallel to the principal axis appears to diverge from the focus (F) after reflection. A second ray directed towards the center of curvature (C) reflects back along the same path. The intersection of the extended reflected rays behind the mirror shows the image formed between the pole (P) and focus (F). The image is virtual, erect, and diminished.</p>"
                    },
                    "question_type": "Short Answer (3 marks)",
                    "difficulty_level": "medium",
                    "explanation_html": null
                  }
                ]
              },
              {
                "chapter_name": "Electricity",
                "questions": [
                  {
                    "question_no": 32,
                    "question_html": "<p>Consider the following electric circuit:<br>Calculate the value of:</p><p><b>(a)</b> the total resistance of the circuit.</p><p><b>(b)</b> the total current drawn from the source.</p><p><b>(c)</b> the potential difference across the parallel combination of 10 Ω and 15 Ω resistors.</p>",
                    "images": [
                      {
                        "url": "https://img.testbuddyai.com/Science-31-1-25-Q32.png"
                      }
                    ],
                    "options": [],
                    "correct_answer": {
                      "text": "<p><b>(a)</b> Resistance of the first parallel part (R_p1) with 10 Ω and 15 Ω: <br>1/R_p1 = 1/10 + 1/15 = (3+2)/30 = 5/30 => R_p1 = 6 Ω.<br>Resistance of the second parallel part (R_p2) with 60 Ω and 40 Ω:<br>1/R_p2 = 1/60 + 1/40 = (2+3)/120 = 5/120 => R_p2 = 24 Ω.<br>Total resistance R_total = R_p1 + R_p2 (since they are in series) = 6 Ω + 24 Ω = 30 Ω.</p><hr><p><b>(b)</b> Using Ohm's law, V = I * R_total.<br>I = V / R_total = 15 V / 30 Ω = 0.5 A.</p><hr><p><b>(c)</b> The potential difference (V_p1) across the first parallel combination is given by V_p1 = I * R_p1.<br>V_p1 = 0.5 A * 6 Ω = 3.0 V.</p>"
                    },
                    "question_type": "Short Answer (3 marks)",
                    "difficulty_level": "hard",
                    "explanation_html": null
                  }
                ]
              },
              {
                "chapter_name": "Electricity",
                "questions": [
                  {
                    "question_no": 33,
                    "question_html": "<p><b>(a)</b> Write the relationship between resistivity and resistance of a cylindrical conductor of length l and area of cross-section A. Hence derive the SI unit of resistivity.</p><p><b>(b)</b> Why are alloys used in electrical heating devices ?</p>",
                    "options": [],
                    "correct_answer": {
                      "text": "<p><b>(a) Relationship:</b> R = ρ(l/A), where R is resistance, ρ (rho) is resistivity, l is the length, and A is the cross-sectional area.<br><b>Derivation of SI unit:</b> From the formula, ρ = RA/l. <br>The SI unit for R is ohm (Ω), for A is square meter (m²), and for l is meter (m).<br>So, the unit of ρ = (Ω * m²) / m = ohm-meter (Ωm).</p><hr><p><b>(b)</b> Alloys are used in electrical heating devices because:<br>1. They have a higher resistivity than their constituent pure metals, causing them to heat up more.<br>2. They have a high melting point and are resistant to oxidation at high temperatures, which increases their lifespan.</p>"
                    },
                    "question_type": "Short Answer (3 marks)",
                    "difficulty_level": "medium",
                    "explanation_html": null
                  }
                ]
              },
              {
                "chapter_name": "Carbon and its Compounds",
                "questions": [
                  {
                    "question_no": 34,
                    "question_html": "<p><b>(a)</b> (i) Draw two isomeric structures of Butene (C₄H₈).<br>(ii) Name the following compounds :<br>(I) CH₃-CH₂-CH₂-Cl<br>(II) CH₃-CH₂-CO-CH₃<br>(iii) Write the chemical equations for the following reactions. Mention one essential condition each for these reactions to take place.<br>(I) Ethanol undergoes complete oxidation<br>(II) Propene undergoes hydrogenation<br>(III) Ethanoic acid reacts with ethanol</p><p><b>OR</b></p><p><b>(b)</b> (i) A carbon compound X is a good solvent. On reaction with sodium, X forms two products Y and Z. Z is used to convert vegetable oil into vegetable ghee. Identify and name X, Y and Z. Also write the equation of reaction of X with sodium to justify your answer.<br>(ii) Write chemical equation to show what happens when ethanol:<br>(I) burns in oxygen/air.<br>(II) is heated at 443 K in excess conc. H₂SO₄.<br>(III) reacts with acidified potassium dichromate.</p>",
                    "options": [],
                    "correct_answer": {
                      "text": "<p><b>(a)</b> (i) 1. But-1-ene: CH₂=CH-CH₂-CH₃<br>2. But-2-ene: CH₃-CH=CH-CH₃<br>(Other possible isomers include 2-methylpropene and cyclobutane).</p><p>(ii) (I) 1-Chloropropane<br>(II) Butan-2-one (or Butanone)</p><p>(iii) (I) CH₃CH₂OH + 2[O] --(Alkaline KMnO₄/Acidified K₂Cr₂O₇ + Heat)--> CH₃COOH + H₂O<br>(II) CH₃-CH=CH₂ + H₂ --(Ni/Pd catalyst)--> CH₃-CH₂-CH₃<br>(III) CH₃COOH + CH₃CH₂OH --(Conc. H₂SO₄)--> CH₃COOCH₂CH₃ + H₂O</p><hr><p><b>(b)</b> (i) <b>Identification:</b><br>Z is used to convert vegetable oil to ghee (hydrogenation), so Z is Hydrogen gas (H₂).<br>A compound X reacts with sodium to produce H₂ gas. This indicates X is an alcohol. Since it's a good solvent, X is Ethanol (C₂H₅OH).<br>When ethanol (X) reacts with sodium, it forms sodium ethoxide (Y) and hydrogen (Z). So, Y is Sodium ethoxide (C₂H₅ONa).<br><b>Equation:</b><br>2C₂H₅OH (X) + 2Na → 2C₂H₅ONa (Y) + H₂ (Z)</p><p>(ii) (I) C₂H₅OH + 3O₂ → 2CO₂ + 3H₂O + Heat and Light<br>(II) C₂H₅OH --(Conc. H₂SO₄, 443 K)--> CH₂=CH₂ + H₂O<br>(III) C₂H₅OH + 2[O] --(Acidified K₂Cr₂O₇)--> CH₃COOH + H₂O</p>"
                    },
                    "question_type": "Long Answer (5 marks)",
                    "difficulty_level": "hard",
                    "explanation_html": null
                  }
                ]
              },
              {
                "chapter_name": "How do Organisms Reproduce?",
                "questions": [
                  {
                    "question_no": 35,
                    "question_html": "<p><b>(a)</b> (i) Write the functions of the following parts of human female reproductive system :<br>(I) Ovary<br>(II) Fallopian tube<br>(III) Uterus<br>(ii) State briefly two contraceptive methods used by human males.</p><p><b>OR</b></p><p><b>(b)</b> (i) Differentiate between self-pollination and cross-pollination.<br>(ii) Identify A, B and C in the diagram given below and write one function of each.</p>",
                    "images": [
                      {
                        "url": "https://img.testbuddyai.com/Science-31-1-25-Q35b(ii).png"
                      }
                    ],
                    "options": [],
                    "correct_answer": {
                      "text": "<p><b>(a)</b> (i) (I) <b>Ovary:</b> Production of eggs (ova) and female hormones (estrogen and progesterone).<br>(II) <b>Fallopian tube:</b> It is the site of fertilization.<br>(III) <b>Uterus:</b> It is where the fertilized egg implants and the embryo develops.</p><p>(ii) 1. <b>Condoms:</b> A barrier method that prevents sperm from entering the vagina.<br>2. <b>Vasectomy:</b> A surgical method where the vas deferens (sperm ducts) are cut and tied to prevent sperm from being released during ejaculation.</p><hr><p><b>(b)</b> (i) <table><tr><th>Self-Pollination</th><th>Cross-Pollination</th></tr><tr><td>Transfer of pollen from anther to the stigma of the same flower.</td><td>Transfer of pollen from the anther of one flower to the stigma of another flower on a different plant of the same species.</td></tr><tr><td>Does not require external agents.</td><td>Requires external agents like wind, water, or animals.</td></tr><tr><td>Maintains purity of the species.</td><td>Introduces genetic variation.</td></tr></table></p><p>(ii) <b>A - Stigma:</b> Its function is to receive pollen grains.<br><b>B - Pollen tube:</b> Its function is to carry the male gametes to the ovule.<br><b>C - Ovule (containing the egg cell):</b> Its function is to develop into a seed after fertilization.</p>"
                    },
                    "question_type": "Long Answer (5 marks)",
                    "difficulty_level": "medium",
                    "explanation_html": null
                  }
                ]
              },
              {
                "chapter_name": "Light - Reflection and Refraction",
                "questions": [
                  {
                    "question_no": 36,
                    "question_html": "<p><b>(a)</b> (i) The power of a lens 'X' is – 2.5 D. Name the lens and determine its focal length in cm. For which eye defect of vision will an optician prescribe this type of lens as a corrective lens ?<br>(ii) “The value of magnification ‘m' for a lens is – 2.” Using new Cartesian Sign Convention and considering that an object is placed at a distance of 20 cm from the optical centre of this lens, state :<br>(I) the nature of the image formed;<br>(II) size of the image compared to the size of the object;<br>(III) position of the image, and<br>(IV) sign of the height of the image.<br>(iii) The numerical values of the focal lengths of two lenses A and B are 10 cm and 20 cm respectively. Which one of the two will show higher degree of convergence/divergence ? Give reason to justify your answer.</p><p><b>OR</b></p><p><b>(b)</b> (i) Draw a ray diagram to show the refraction of a ray of light through a rectangular glass slab when it falls obliquely from air into glass.<br>(ii) State Snell's law of refraction of light.<br>(iii) Differentiate between the virtual images formed by a convex lens and a concave lens on the basis of :<br>(I) object distance, and<br>(II) magnification.</p>",
                    "options": [],
                    "correct_answer": {
                      "text": "<p><b>(a)</b> (i) <b>Name of lens:</b> Since the power is negative, it is a <b>concave lens</b>.<br><b>Focal length (f):</b> f = 1/P = 1/(-2.5) m = -0.4 m = -40 cm.<br><b>Eye defect:</b> A concave lens is used to correct <b>myopia</b> (nearsightedness).</p><p>(ii) Given: m = -2, u = -20 cm.<br>(I) <b>Nature of image:</b> Since m is negative, the image is <b>real and inverted</b>.<br>(II) <b>Size of image:</b> Since |m| = 2, the image is <b>magnified</b> (twice the size of the object).<br>(III) <b>Position of image:</b> m = v/u => -2 = v/(-20) => v = +40 cm. The image is formed 40 cm from the lens on the opposite side.<br>(IV) <b>Sign of height:</b> Since the image is inverted, the sign of its height is <b>negative</b>.</p><p>(iii) Lens A with focal length 10 cm will show a higher degree of convergence/divergence.<br><b>Reason:</b> Power of a lens is inversely proportional to its focal length (P = 1/f). A lens with a shorter focal length has a higher power, meaning it bends light rays more strongly.</p><hr><p><b>(b)</b> (i) The ray diagram should show:<br>1. An incident ray striking the air-glass interface obliquely.<br>2. The ray bending towards the normal as it enters the denser medium (glass).<br>3. The refracted ray travelling through the glass slab.<br>4. The ray bending away from the normal as it emerges from the glass-air interface.<br>5. The emergent ray being parallel to the incident ray, but laterally displaced.</p><p>(ii) Snell's law states that the ratio of the sine of the angle of incidence to the sine of the angle of refraction is a constant for a given pair of media and for a specific color of light. This constant is called the refractive index of the second medium with respect to the first. (sin i / sin r = constant)</p><p>(iii) <b>(I) Object distance:</b> A convex lens forms a virtual image only when the object is placed between its optical center and principal focus (u < f). A concave lens forms a virtual image for all positions of the object.<br><b>(II) Magnification:</b> The virtual image formed by a convex lens is always magnified (m > 1). The virtual image formed by a concave lens is always diminished (m < 1).</p>"
                    },
                    "question_type": "Long Answer (5 marks)",
                    "difficulty_level": "hard",
                    "explanation_html": null
                  }
                ]
              },
              {
                "chapter_name": "Acids, Bases and Salts",
                "questions": [
                  {
                    "question_no": 37,
                    "question_html": "<p>Seawater contains many salts dissolved in it. Common salt is separated from these salts. Deposits of solid salt are also found in several parts of the world. These large crystals are often brown due to impurities. This is called rock salt and is mined like coal. The common salt is an important raw material for chemicals of daily use.</p><p><b>(a)</b> Write balanced chemical equations to show the products formed during electrolysis of brine.</p><p><b>(b)</b> List two uses of any one product obtained during electrolysis of brine.</p><p><b>(c)</b> (i) A mild non-corrosive basic salt 'A', used for faster cooking, is strongly heated to produce a compound 'B', that is used for removing permanent hardness of water. Identify A and B and also write the equation for the reaction that occurs when A is heated.</p><p><b>OR</b></p><p><b>(c)</b> (ii) Define water of crystallisation. Give two examples of salts that have water of crystallisation.</p>",
                    "options": [],
                    "correct_answer": {
                      "text": "<p><b>(a)</b> 2NaCl(aq) + 2H₂O(l) → 2NaOH(aq) + H₂(g) + Cl₂(g)</p><hr><p><b>(b)</b> <b>Uses of Sodium Hydroxide (NaOH):</b> Making soaps and detergents, paper making.<br><b>Uses of Hydrogen (H₂):</b> As a fuel, for making ammonia for fertilizers.<br><b>Uses of Chlorine (Cl₂):</b> Water treatment, production of PVC.</p><hr><p><b>(c) (i)</b> <b>A:</b> Sodium hydrogen carbonate (NaHCO₃) / Baking soda.<br><b>B:</b> Sodium carbonate (Na₂CO₃) / Washing soda.<br><b>Reaction:</b> 2NaHCO₃(s) --(Heat)--> Na₂CO₃(s) + H₂O(g) + CO₂(g)</p><hr><p><b>(c) (ii)</b> <b>Definition:</b> Water of crystallisation is the fixed number of water molecules chemically attached to each formula unit of a salt in its crystalline form.<br><b>Examples:</b><br>1. Copper sulphate pentahydrate (CuSO₄·5H₂O)<br>2. Washing soda (Na₂CO₃·10H₂O)</p>"
                    },
                    "question_type": "Case-based Subjective",
                    "difficulty_level": "medium",
                    "explanation_html": null
                  }
                ]
              },
              {
                "chapter_name": "Life Processes",
                "questions": [
                  {
                    "question_no": 38,
                    "question_html": "<p>The maintenance functions of all living organisms must go on even when they are not doing anything particular. Even when we are just sitting in a class or even asleep, this maintenance job has to go on. These maintenance processes require energy to prevent damage and break-down of cells and tissues, which is obtained by the individual organism from the food prepared by the autotrophs, called producers.</p><p><b>(a)</b> Name and define the process by which green plants prepare food.</p><p><b>(b)</b> Write chemical equation involved in the above process.</p><p><b>(c)</b> (i) State in proper sequence the events that occur in synthesis of food by desert plants.</p><p><b>OR</b></p><p><b>(c)</b> (ii) Explain giving reasons what happens to the rate at which the green plants will prepare food<br>(I) during cloudy weather, and<br>(II) when stomata get blocked due to dust.</p>",
                    "options": [],
                    "correct_answer": {
                      "text": "<p><b>(a) Name:</b> Photosynthesis.<br><b>Definition:</b> It is the process by which green plants and some other organisms use sunlight to synthesize foods with the help of chlorophyll pigment from carbon dioxide and water.</p><hr><p><b>(b)</b> 6CO₂ + 6H₂O --(Sunlight / Chlorophyll)--> C₆H₁₂O₆ + 6O₂</p><hr><p><b>(c) (i)</b> Desert plants (CAM plants) perform photosynthesis in two stages:<br>1. <b>At night:</b> Stomata open, and they take in CO₂ and convert it into an intermediate acid, which is stored in vacuoles.<br>2. <b>During the day:</b> Stomata close to conserve water. The stored acid is broken down to release CO₂, which is then used in the Calvin cycle (powered by light energy absorbed by chlorophyll) to synthesize carbohydrates.</p><hr><p><b>(c) (ii)</b> <b>(I) During cloudy weather:</b> The rate of photosynthesis will decrease because the intensity of sunlight, which is the energy source for the process, is reduced.<br><b>(II) When stomata get blocked:</b> The rate of photosynthesis will decrease because the blockage prevents the intake of carbon dioxide, a key raw material for the process, from the atmosphere.</p>"
                    },
                    "question_type": "Case-based Subjective",
                    "difficulty_level": "medium",
                    "explanation_html": null
                  }
                ]
              },
              {
                "chapter_name": "Electricity",
                "questions": [
                  {
                    "question_no": 39,
                    "question_html": "<p>In our homes, we receive the supply of electric power through a main supply also called mains, either supported through overhead electric poles or by underground cables. In our country the potential difference between the two wires (live wire and neutral wire) of this supply is 220 V.</p><p><b>(a)</b> Write the colours of the insulation covers of the line wires through which supply comes to our homes.</p><p><b>(b)</b> What should be the current rating of the electric circuit (220 V) so that an electric iron of 1 kW power rating can be operated ?</p><p><b>(c)</b> (i) What is the function of the earth wire ? State the advantage of the earth wire in domestic electric appliances such as electric iron.</p><p><b>OR</b></p><p><b>(c)</b> (ii) List two precautions to be taken to avoid electrical accidents. State how these precautions prevent possible damage to the circuit/appliance.</p>",
                    "options": [],
                    "correct_answer": {
                      "text": "<p><b>(a)</b> According to the old convention in India, the live wire has red insulation, and the neutral wire has black insulation. The earth wire has green insulation.</p><hr><p><b>(b)</b> Given: Power (P) = 1 kW = 1000 W, Voltage (V) = 220 V.<br>Current (I) = P / V = 1000 / 220 ≈ 4.54 A.<br>Therefore, the circuit should have a current rating of 5 A.</p><hr><p><b>(c) (i)</b> <b>Function:</b> The earth wire provides a safety measure. It offers a low-resistance path for the current to flow to the earth.<br><b>Advantage:</b> In case of any accidental leakage of current to the metallic body of an appliance, the earth wire conducts this current to the earth, preventing the user from getting an electric shock.</p><hr><p><b>(c) (ii)</b> <b>1. Use of an electric fuse:</b> A fuse is a safety device connected in series with the appliance. It has a low melting point wire. If the current exceeds a safe limit, the fuse wire melts and breaks the circuit, preventing damage from overloading or short-circuiting.<br><b>2. Proper earthing of appliances:</b> Connecting the metallic body of an appliance to the earth wire ensures that any leaked current flows to the earth, which prevents the user from getting a shock and can also cause the fuse to blow, indicating a fault.</p>"
                    },
                    "question_type": "Case-based Subjective",
                    "difficulty_level": "medium",
                    "explanation_html": null
                  }
                ]
              }
            ]
          }
        ]
      }
    ]
  }
]