[
  {
    "exam_name_actual": "CBSE Board - Class 10",
    "main_exam_id_name_ref": "CBSE Board - Class 10",
    "years": [
      {
        "year": "2025",
        "papers_or_subjects": [
          {
            "paper_name": "CBSE Class 10 Science Paper 2025 (QP Code: 31/3/1)",
            "subject_name": "Science",
            "chapters": [
              {
                "chapter_name": "Chemical Reactions and Equations",
                "questions": [
                  {
                    "question_no": 1,
                    "question_html": "<p>Consider the following chemical equation :</p><p>p Al + q H₂O → r Al₂O₃ + s H₂</p><p>To balance this chemical equation, the values of ‘p’, ‘q’, ‘r’ and ‘s’ must be respectively :</p>",
                    "options": [
                      {
                        "id": "a",
                        "text": "3, 2, 2, 1"
                      },
                      {
                        "id": "b",
                        "text": "2, 3, 3, 1"
                      },
                      {
                        "id": "c",
                        "text": "2, 3, 1, 3"
                      },
                      {
                        "id": "d",
                        "text": "3, 1, 2, 2"
                      }
                    ],
                    "correct_answer": {
                      "ids": [
                        "c"
                      ]
                    },
                    "question_type": "mcq_single",
                    "difficulty_level": "easy",
                    "explanation_html": "<p>To balance the equation, we need to ensure the number of atoms of each element is the same on both sides. Let's check option (C): 2Al + 3H₂O → 1Al₂O₃ + 3H₂. Reactants: Al=2, H=6, O=3. Products: Al=2, H=6, O=3. The equation is balanced.</p>"
                  }
                ]
              },
              {
                "chapter_name": "Acids, Bases and Salts",
                "questions": [
                  {
                    "question_no": 2,
                    "question_html": "<p>Which of the given option represents a family of salts ?</p>",
                    "options": [
                      {
                        "id": "a",
                        "text": "NaCl, Na₂SO₄, CaSO₄"
                      },
                      {
                        "id": "b",
                        "text": "K₂SO₄, Na₂SO₄, CaSO₄"
                      },
                      {
                        "id": "c",
                        "text": "NaNO₃, CaCO₃, Na₂CO₃"
                      },
                      {
                        "id": "d",
                        "text": "MgSO₄, CuSO₄, MgCl₂"
                      }
                    ],
                    "correct_answer": {
                      "ids": [
                        "b"
                      ]
                    },
                    "question_type": "mcq_single",
                    "difficulty_level": "easy",
                    "explanation_html": "<p>A family of salts has either the same cation or the same anion. In option (B), all salts (Potassium sulfate, Sodium sulfate, Calcium sulfate) have the same anion, SO₄²⁻, so they belong to the family of sulfate salts.</p>"
                  }
                ]
              },
              {
                "chapter_name": "Metals and Non-metals",
                "questions": [
                  {
                    "question_no": 3,
                    "question_html": "<p>The most common method of extraction of metals from their oxide ores is :</p>",
                    "options": [
                      {
                        "id": "a",
                        "text": "Reduction with carbon"
                      },
                      {
                        "id": "b",
                        "text": "Reduction with hydrogen"
                      },
                      {
                        "id": "c",
                        "text": "Reduction with aluminium"
                      },
                      {
                        "id": "d",
                        "text": "Electrolytic reduction"
                      }
                    ],
                    "correct_answer": {
                      "ids": [
                        "a"
                      ]
                    },
                    "question_type": "mcq_single",
                    "difficulty_level": "easy",
                    "explanation_html": "<p>Reduction with carbon (smelting) is the most common and cheapest method for extracting moderately reactive metals like iron, zinc, and lead from their oxide ores.</p>"
                  }
                ]
              },
              {
                "chapter_name": "Carbon and its Compounds",
                "questions": [
                  {
                    "question_no": 4,
                    "question_html": "<p>Given below are the structures of some hydrocarbons. Select the two structures which are related to each other from the given options :</p><p>(i) Pent-1-ene</p><p>(ii) Butane</p><p>(iii) 2-Methylpropane</p><p>(iv) Chloropentene</p>",
                    "options": [
                      {
                        "id": "a",
                        "text": "(i) and (iv)"
                      },
                      {
                        "id": "b",
                        "text": "(ii) and (iv)"
                      },
                      {
                        "id": "c",
                        "text": "(ii) and (iii)"
                      },
                      {
                        "id": "d",
                        "text": "(i) and (iii)"
                      }
                    ],
                    "correct_answer": {
                      "ids": [
                        "c"
                      ]
                    },
                    "question_type": "mcq_single",
                    "difficulty_level": "medium",
                    "explanation_html": "<p>Structures (ii) Butane and (iii) 2-Methylpropane are related because they are structural isomers. Both have the same molecular formula (C₄H₁₀) but different structural arrangements.</p>"
                  }
                ]
              },
              {
                "chapter_name": "Carbon and its Compounds",
                "questions": [
                  {
                    "question_no": 5,
                    "question_html": "<p>Choose the incorrect statement about the common reaction used in hydrogenation of vegetable oils.</p>",
                    "options": [
                      {
                        "id": "a",
                        "text": "It is an addition reaction."
                      },
                      {
                        "id": "b",
                        "text": "It takes place in the presence of nickel or palladium catalyst."
                      },
                      {
                        "id": "c",
                        "text": "The product contains only single bonds between carbon atoms."
                      },
                      {
                        "id": "d",
                        "text": "It is an addition reaction which occurs in the presence of an acid catalyst."
                      }
                    ],
                    "correct_answer": {
                      "ids": [
                        "d"
                      ]
                    },
                    "question_type": "mcq_single",
                    "difficulty_level": "medium",
                    "explanation_html": "<p>Hydrogenation of vegetable oils is an addition reaction that uses a metal catalyst like nickel or palladium to convert unsaturated fats to saturated fats. It does not use an acid catalyst. Therefore, statement (D) is incorrect.</p>"
                  }
                ]
              },
              {
                "chapter_name": "How do Organisms Reproduce?",
                "questions": [
                  {
                    "question_no": 6,
                    "question_html": "<p>Match Column-I with Column-II and select the correct option from the choices provided.</p><p><b>Column-I</b></p><p>a. Site of fertilisation of egg with the sperm</p><p>b. Site of implantation of embryo</p><p>c. Site of entry of sperm into the female reproductive tract</p><p>d. Site through which the waste materials generated by the developing embryo are removed</p><p><b>Column-II</b></p><p>(i) Vagina</p><p>(ii) Uterus</p><p>(iii) Oviduct</p><p>(iv) Placenta</p><p>(v) Cervix</p>",
                    "options": [
                      {
                        "id": "a",
                        "text": "a-(ii), b-(i), c-(v), d-(iv)"
                      },
                      {
                        "id": "b",
                        "text": "a-(iii), b-(i), c-(v), d-(iv)"
                      },
                      {
                        "id": "c",
                        "text": "a-(iv), b-(ii), c-(iii), d-(i)"
                      },
                      {
                        "id": "d",
                        "text": "a-(iii), b-(ii), c-(i), d-(iv)"
                      }
                    ],
                    "correct_answer": {
                      "ids": [
                        "d"
                      ]
                    },
                    "question_type": "mcq_single",
                    "difficulty_level": "medium",
                    "explanation_html": "<p>a. Fertilization occurs in the oviduct (iii). b. Implantation occurs in the uterus (ii). c. Sperm enters through the vagina (i). d. Waste is removed via the placenta (iv).</p>"
                  }
                ]
              },
              {
                "chapter_name": "Control and Coordination",
                "questions": [
                  {
                    "question_no": 7,
                    "question_html": "<p>The part of the brain which maintains the posture and balance of the body is :</p>",
                    "options": [
                      {
                        "id": "a",
                        "text": "Pons"
                      },
                      {
                        "id": "b",
                        "text": "Cerebrum"
                      },
                      {
                        "id": "c",
                        "text": "Cerebellum"
                      },
                      {
                        "id": "d",
                        "text": "Medulla"
                      }
                    ],
                    "correct_answer": {
                      "ids": [
                        "c"
                      ]
                    },
                    "question_type": "mcq_single",
                    "difficulty_level": "easy",
                    "explanation_html": "<p>The cerebellum, part of the hindbrain, is responsible for coordinating voluntary movements, posture, balance, coordination, and speech.</p>"
                  }
                ]
              },
              {
                "chapter_name": "Control and Coordination",
                "questions": [
                  {
                    "question_no": 8,
                    "question_html": "<p>The plant hormone present in greater concentration in the areas of rapidly dividing cells is :</p>",
                    "options": [
                      {
                        "id": "a",
                        "text": "Auxin"
                      },
                      {
                        "id": "b",
                        "text": "Cytokinins"
                      },
                      {
                        "id": "c",
                        "text": "Gibberellins"
                      },
                      {
                        "id": "d",
                        "text": "Abscisic acid"
                      }
                    ],
                    "correct_answer": {
                      "ids": [
                        "b"
                      ]
                    },
                    "question_type": "mcq_single",
                    "difficulty_level": "easy",
                    "explanation_html": "<p>Cytokinins are plant hormones that promote cell division (cytokinesis) and are found in high concentrations in areas of rapid cell growth, such as meristems, fruits, and seeds.</p>"
                  }
                ]
              },
              {
                "chapter_name": "How do Organisms Reproduce?",
                "questions": [
                  {
                    "question_no": 9,
                    "question_html": "<p>Select a pair of bisexual flowers from the following :</p>",
                    "options": [
                      {
                        "id": "a",
                        "text": "Papaya and mustard"
                      },
                      {
                        "id": "b",
                        "text": "Hibiscus and mustard"
                      },
                      {
                        "id": "c",
                        "text": "Hibiscus and papaya"
                      },
                      {
                        "id": "d",
                        "text": "Hibiscus and watermelon"
                      }
                    ],
                    "correct_answer": {
                      "ids": [
                        "b"
                      ]
                    },
                    "question_type": "mcq_single",
                    "difficulty_level": "easy",
                    "explanation_html": "<p>Bisexual flowers contain both male (stamen) and female (pistil) reproductive parts. Both hibiscus and mustard are examples of bisexual flowers. Papaya and watermelon flowers are typically unisexual.</p>"
                  }
                ]
              },
              {
                "chapter_name": "Life Processes",
                "questions": [
                  {
                    "question_no": 10,
                    "question_html": "<p>The gastric glands present in the wall of the stomach release :</p>",
                    "options": [
                      {
                        "id": "a",
                        "text": "Mucus and Trypsin"
                      },
                      {
                        "id": "b",
                        "text": "Pepsin and Trypsin"
                      },
                      {
                        "id": "c",
                        "text": "Mucus and Pepsin"
                      },
                      {
                        "id": "d",
                        "text": "Pepsin and Salivary amylase"
                      }
                    ],
                    "correct_answer": {
                      "ids": [
                        "c"
                      ]
                    },
                    "question_type": "mcq_single",
                    "difficulty_level": "easy",
                    "explanation_html": "<p>Gastric glands in the stomach secrete hydrochloric acid, mucus, and pepsin. Trypsin is secreted by the pancreas, and salivary amylase is found in saliva.</p>"
                  }
                ]
              },
              {
                "chapter_name": "Light - Reflection and Refraction",
                "questions": [
                  {
                    "question_no": 11,
                    "question_html": "<p>Absolute refractive index of water and glass is 4/3 and 3/2 respectively. If the speed of light in glass is 2 × 10⁸ m/s, the speed of light in water is :</p>",
                    "options": [
                      {
                        "id": "a",
                        "text": "9/4 m/s"
                      },
                      {
                        "id": "b",
                        "text": "7/3 m/s"
                      },
                      {
                        "id": "c",
                        "text": "16/9 m/s"
                      },
                      {
                        "id": "d",
                        "text": "9/8 m/s"
                      }
                    ],
                    "correct_answer": {
                      "ids": []
                    },
                    "question_type": "mcq_single",
                    "difficulty_level": "medium",
                    "explanation_html": "<p>NOTE: - Full credit of one mark to all the students.</p>"
                  }
                ]
              },
              {
                "chapter_name": "The Human Eye and the Colourful World",
                "questions": [
                  {
                    "question_no": 12,
                    "question_html": "<p>When a beam of white light passes through a region of very fine dust particles, the colour of light that scatters the most in that region is :</p>",
                    "options": [
                      {
                        "id": "a",
                        "text": "red"
                      },
                      {
                        "id": "b",
                        "text": "orange"
                      },
                      {
                        "id": "c",
                        "text": "blue"
                      },
                      {
                        "id": "d",
                        "text": "yellow"
                      }
                    ],
                    "correct_answer": {
                      "ids": [
                        "c"
                      ]
                    },
                    "question_type": "mcq_single",
                    "difficulty_level": "easy",
                    "explanation_html": "<p>According to Rayleigh scattering, the intensity of scattered light is inversely proportional to the fourth power of the wavelength. Blue light has a shorter wavelength than red, orange, or yellow light, so it is scattered the most by fine particles in the air.</p>"
                  }
                ]
              },
              {
                "chapter_name": "Electricity",
                "questions": [
                  {
                    "question_no": 13,
                    "question_html": "<p>A wire of length ‘l’ is gradually stretched so that its length increases to 3l. If its original resistance is R, then its new resistance will be :</p>",
                    "options": [
                      {
                        "id": "a",
                        "text": "3R"
                      },
                      {
                        "id": "b",
                        "text": "6R"
                      },
                      {
                        "id": "c",
                        "text": "9R"
                      },
                      {
                        "id": "d",
                        "text": "27R"
                      }
                    ],
                    "correct_answer": {
                      "ids": [
                        "c"
                      ]
                    },
                    "question_type": "mcq_single",
                    "difficulty_level": "medium",
                    "explanation_html": "<p>When a wire is stretched, its volume remains constant (V = A × l). If the length becomes 3l, the new area A' becomes A/3. Resistance is given by R = ρl/A. The new resistance R' = ρ(3l)/(A/3) = 9(ρl/A) = 9R.</p>"
                  }
                ]
              },
              {
                "chapter_name": "Magnetic Effects of Electric Current",
                "questions": [
                  {
                    "question_no": 14,
                    "question_html": "<p>Which one of the following statements is not true about a bar magnet ?</p>",
                    "options": [
                      {
                        "id": "a",
                        "text": "It sets itself in north-south direction when suspended freely."
                      },
                      {
                        "id": "b",
                        "text": "It has attractive power for iron filings."
                      },
                      {
                        "id": "c",
                        "text": "It produces magnetic field lines."
                      },
                      {
                        "id": "d",
                        "text": "The direction of magnetic field lines inside a bar magnet is from its north pole to its south pole."
                      }
                    ],
                    "correct_answer": {
                      "ids": [
                        "d"
                      ]
                    },
                    "question_type": "mcq_single",
                    "difficulty_level": "easy",
                    "explanation_html": "<p>Magnetic field lines are continuous loops. Outside the magnet, they are directed from the north pole to the south pole. Inside the magnet, they are directed from the south pole to the north pole. Therefore, statement (D) is incorrect.</p>"
                  }
                ]
              },
              {
                "chapter_name": "Magnetic Effects of Electric Current",
                "questions": [
                  {
                    "question_no": 15,
                    "question_html": "<p>The strength of magnetic field produced inside a long straight current carrying solenoid does not depend upon :</p>",
                    "options": [
                      {
                        "id": "a",
                        "text": "number of turns in the solenoid"
                      },
                      {
                        "id": "b",
                        "text": "direction of current flowing through the solenoid"
                      },
                      {
                        "id": "c",
                        "text": "material of the core filled inside the solenoid"
                      },
                      {
                        "id": "d",
                        "text": "radius of the coil of the solenoid"
                      }
                    ],
                    "correct_answer": {
                      "ids": [
                        "d"
                      ]
                    },
                    "question_type": "mcq_single",
                    "difficulty_level": "medium",
                    "explanation_html": "<p>The magnetic field inside a long solenoid is uniform and given by the formula B = μnI, where μ is the permeability of the core material, n is the number of turns per unit length, and I is the current. The radius of the solenoid does not appear in this formula.</p>"
                  }
                ]
              },
              {
                "chapter_name": "Our Environment",
                "questions": [
                  {
                    "question_no": 16,
                    "question_html": "<p>Other than the abiotic components, which of the given biotic components are not required to make an aquarium with small herbivorous fishes a self-sustaining system ?</p><p>(i) Aquatic plants and aquatic animals</p><p>(ii) Terrestrial plants and terrestrial animals</p><p>(iii) Decomposers as bacteria and fungi</p><p>(iv) Consumers as clown fishes and sea urchins</p>",
                    "options": [
                      {
                        "id": "a",
                        "text": "(i) and (iv)"
                      },
                      {
                        "id": "b",
                        "text": "(ii) and (iii)"
                      },
                      {
                        "id": "c",
                        "text": "(i) and (iii)"
                      },
                      {
                        "id": "d",
                        "text": "(ii) and (iv)"
                      }
                    ],
                    "correct_answer": {
                      "ids": [
                        "d"
                      ]
                    },
                    "question_type": "mcq_single",
                    "difficulty_level": "medium",
                    "explanation_html": "<p>A self-sustaining aquarium requires producers (aquatic plants), primary consumers (herbivorous fish), and decomposers. It does not require terrestrial organisms (ii) or additional consumers like clownfish and sea urchins (iv).</p>"
                  }
                ]
              },
              {
                "chapter_name": "Metals and Non-metals",
                "questions": [
                  {
                    "question_no": 17,
                    "question_html": "<p><b>Assertion (A) :</b> Hydrogen gas is not evolved when a metal reacts with nitric acid.</p><p><b>Reason (R) :</b> Nitric acid is a strong reducing agent and reduces the hydrogen produced in the reaction to water.</p>",
                    "options": [
                      {
                        "id": "a",
                        "text": "Both Assertion (A) and Reason (R) are true and Reason (R) is the correct explanation of Assertion (A)."
                      },
                      {
                        "id": "b",
                        "text": "Both Assertion (A) and Reason (R) are true, but Reason (R) is not the correct explanation of Assertion (A)."
                      },
                      {
                        "id": "c",
                        "text": "Assertion (A) is true, but Reason (R) is false."
                      },
                      {
                        "id": "d",
                        "text": "Assertion (A) is false, but Reason (R) is true."
                      }
                    ],
                    "correct_answer": {
                      "ids": [
                        "c"
                      ]
                    },
                    "question_type": "mcq_single",
                    "difficulty_level": "medium",
                    "explanation_html": "<p>Assertion (A) is true because nitric acid is a strong oxidizing agent. The Reason (R) is false because it incorrectly states that nitric acid is a reducing agent. It is an oxidizing agent that oxidizes the H₂ produced to H₂O.</p>"
                  }
                ]
              },
              {
                "chapter_name": "Control and Coordination",
                "questions": [
                  {
                    "question_no": 18,
                    "question_html": "<p><b>Assertion (A) :</b> In our actions of writing or talking, our nervous system communicates with the muscles.</p><p><b>Reason (R) :</b> Cranial nerves and spinal nerves form the peripheral nervous system.</p>",
                    "options": [
                      {
                        "id": "a",
                        "text": "Both Assertion (A) and Reason (R) are true and Reason (R) is the correct explanation of Assertion (A)."
                      },
                      {
                        "id": "b",
                        "text": "Both Assertion (A) and Reason (R) are true, but Reason (R) is not the correct explanation of Assertion (A)."
                      },
                      {
                        "id": "c",
                        "text": "Assertion (A) is true, but Reason (R) is false."
                      },
                      {
                        "id": "d",
                        "text": "Assertion (A) is false, but Reason (R) is true."
                      }
                    ],
                    "correct_answer": {
                      "ids": [
                        "b"
                      ]
                    },
                    "question_type": "mcq_single",
                    "difficulty_level": "medium",
                    "explanation_html": "<p>Both Assertion (A) and Reason (R) are true statements. The nervous system does communicate with muscles for actions, and the peripheral nervous system is composed of cranial and spinal nerves. However, the Reason simply defines the peripheral nervous system and does not explain how the nervous system communicates with muscles.</p>"
                  }
                ]
              },
              {
                "chapter_name": "Magnetic Effects of Electric Current",
                "questions": [
                  {
                    "question_no": 19,
                    "question_html": "<p><b>Assertion (A) :</b> Magnetic field lines around a bar magnet never intersect each other.</p><p><b>Reason (R) :</b> Magnetic field produced by a bar magnet is a quantity that has both magnitude and direction.</p>",
                    "options": [
                      {
                        "id": "a",
                        "text": "Both Assertion (A) and Reason (R) are true and Reason (R) is the correct explanation of Assertion (A)."
                      },
                      {
                        "id": "b",
                        "text": "Both Assertion (A) and Reason (R) are true, but Reason (R) is not the correct explanation of Assertion (A)."
                      },
                      {
                        "id": "c",
                        "text": "Assertion (A) is true, but Reason (R) is false."
                      },
                      {
                        "id": "d",
                        "text": "Assertion (A) is false, but Reason (R) is true."
                      }
                    ],
                    "correct_answer": {
                      "ids": [
                        "b"
                      ]
                    },
                    "question_type": "mcq_single",
                    "difficulty_level": "easy",
                    "explanation_html": "<p>Both statements are true. Magnetic field lines indeed do not intersect, and the magnetic field is a vector quantity (having magnitude and direction). However, the fundamental reason for non-intersection is that if they did, it would imply two different directions for the magnetic field at a single point, which is physically impossible. The Reason states a property of the magnetic field but isn't the direct explanation for the Assertion.</p>"
                  }
                ]
              },
              {
                "chapter_name": "Our Environment",
                "questions": [
                  {
                    "question_no": 20,
                    "question_html": "<p><b>Assertion (A) :</b> Use of jute bags for shopping reduces pollution.</p><p><b>Reason (R) :</b> Jute is biodegradable and its bag may be reused as and when needed.</p>",
                    "options": [
                      {
                        "id": "a",
                        "text": "Both Assertion (A) and Reason (R) are true and Reason (R) is the correct explanation of Assertion (A)."
                      },
                      {
                        "id": "b",
                        "text": "Both Assertion (A) and Reason (R) are true, but Reason (R) is not the correct explanation of Assertion (A)."
                      },
                      {
                        "id": "c",
                        "text": "Assertion (A) is true, but Reason (R) is false."
                      },
                      {
                        "id": "d",
                        "text": "Assertion (A) is false, but Reason (R) is true."
                      }
                    ],
                    "correct_answer": {
                      "ids": [
                        "a"
                      ]
                    },
                    "question_type": "mcq_single",
                    "difficulty_level": "easy",
                    "explanation_html": "<p>The Assertion is true as using jute bags is an eco-friendly practice. The Reason correctly explains why: jute is biodegradable, unlike plastic, and can be reused, reducing waste and thus pollution. Therefore, the Reason is the correct explanation for the Assertion.</p>"
                  }
                ]
              },
              {
                "chapter_name": "Chemical Reactions and Equations",
                "questions": [
                  {
                    "question_no": "21",
                    "question_html": "<p><b>(a)</b> List the possible sources of energy required in decomposition reactions. Illustrate any one with a suitable example.</p><p><b>(b) OR</b> What is observed when hydrated ferrous sulphate crystals are heated in a dry boiling tube ? Give balanced chemical equation(s) of the reactions(s) that occur(s).</p>",
                    "options": [],
                    "correct_answer": {
                      "text": "<p><b>(a)</b> Heat, light, electricity<br>2 AgBr(s) ⎯⎯⎯⎯⎯→Sunlight 2 Ag(s) + Br₂(g)<br>(or any other example or statement)</p><p><b>(b) OR</b><br><b>Observation:</b><br>Water droplets on upper part of the test tube/Colour changes from green to white/White to brown on heating strongly/Pungent smell of burning Sulphur.<br>FeSO₄·7H₂O → FeSO₄+7H₂O<br>2FeSO₄ ⎯⎯⎯→Heat Fe₂O₃ + SO₃ + SO₂</p>"
                    },
                    "question_type": "Very Short Answer (2 marks)",
                    "difficulty_level": "medium",
                    "explanation_html": null
                  }
                ]
              },
              {
                "chapter_name": "Acids, Bases and Salts",
                "questions": [
                  {
                    "question_no": "22",
                    "question_html": "<p><b>(a)</b> Write the formula of the ions which (i) acids, and (ii) bases generate in water solutions.</p><p><b>(b)</b> Dry HCl gas does not change the colour of dry litmus paper. Why ?</p>",
                    "options": [],
                    "correct_answer": {
                      "text": "<p><b>(a)</b> (i) H⁺ / H₃O⁺<br>(ii) OH⁻</p><p><b>(b)</b> Dry HCl does not dissociate into hydrogen ions in absence of water.</p>"
                    },
                    "question_type": "Very Short Answer (2 marks)",
                    "difficulty_level": "easy",
                    "explanation_html": null
                  }
                ]
              },
              {
                "chapter_name": "Life Processes",
                "questions": [
                  {
                    "question_no": 23,
                    "question_html": "<p>State the main function of veins in human circulatory system. Why do they not need thick walls ?</p>",
                    "options": [],
                    "correct_answer": {
                      "text": "<p>Veins carry deoxygenated blood from different organs and bring it back to the heart.<br>Because blood flows at low pressure inside veins.</p>"
                    },
                    "question_type": "Very Short Answer (2 marks)",
                    "difficulty_level": "easy",
                    "explanation_html": null
                  }
                ]
              },
              {
                "chapter_name": "Heredity",
                "questions": [
                  {
                    "question_no": "24",
                    "question_html": "<p><b>(a)</b> Explain how the proteins control the ‘characteristics’ in an organism with the help of an example of ‘tallness’ trait in pea plant.</p><p><b>(b)</b> Name the section of DNA that controls the ‘characteristics’ in an organism.</p>",
                    "options": [],
                    "correct_answer": {
                      "text": "<p><b>(a)</b> Tallness depends on the amount of plant hormone, synthesis of plant hormone depends on the efficiency of enzymes (proteins), synthesis of enzymes (proteins) depends on specific DNA sequence(gene). More the synthesis of hormone, more the pea plant will be taller.</p><p><b>(b)</b> Gene</p>"
                    },
                    "question_type": "Very Short Answer (2 marks)",
                    "difficulty_level": "medium",
                    "explanation_html": null
                  }
                ]
              },
              {
                "chapter_name": "The Human Eye and the Colourful World",
                "questions": [
                  {
                    "question_no": "25",
                    "question_html": "<p><b>(a)</b> A student has difficulty in reading his textbooks but can read the blackboard clearly while sitting in the last row. Name the defect of vision the student is suffering from. List two reasons due to which this defect arises. Write the nature of the lenses required to correct this defect.</p><p><b>(b) OR</b> Draw a ray diagram to show the path of a ray of light falling obliquely on one of the refracting faces of a triangular glass prism and mark the angle of deviation on it.</p>",
                    "options": [],
                    "correct_answer": {
                      "text": "<p><b>(a)</b> Hypermetropia /Farsightedness/Longsightedness.<br><b>Reasons:</b><br>(i) Focal length of the eye lens is too long<br>(ii) Eyeball becomes too small.<br><b>Correction</b><br>Convex lens /Converging lens</p><p><b>(b) OR</b> DIAGRAM, DIRECTION OF RAYS, MARKING OF ANGLE</p>"
                    },
                    "question_type": "Very Short Answer (2 marks)",
                    "difficulty_level": "medium",
                    "explanation_html": null
                  }
                ]
              },
              {
                "chapter_name": "Electricity",
                "questions": [
                  {
                    "question_no": 26,
                    "question_html": "<p>An electric kettle is rated 230 V; 1000 W. Calculate the resistance of its heating element when in operation.</p>",
                    "options": [],
                    "correct_answer": {
                      "text": "<p>P = 1000 W, V = 230 V; Formula P = V²/R<br>R = V²/P = (230)²/1000 = 52.9 Ω</p>"
                    },
                    "question_type": "Very Short Answer (2 marks)",
                    "difficulty_level": "medium",
                    "explanation_html": null
                  }
                ]
              },
              {
                "chapter_name": "Metals and Non-metals",
                "questions": [
                  {
                    "question_no": "27",
                    "question_html": "<p><b>(a)</b> What is a reactivity series of elements ? How is it developed ? Arrange the following elements as they are arranged in the reactivity series :<br>Aluminum, Calcium, Copper, Lead</p><p><b>(b)</b> Write balanced chemical equation to show the reaction of iron (III) oxide (Fe₂O₃) with aluminium.</p>",
                    "options": [],
                    "correct_answer": {
                      "text": "<p><b>(a)</b> A series of metals arranged in the order of their decreasing reactivity/ activity.<br>By performing displacement reactions.<br>Calcium, Aluminium, Lead, Copper</p><p><b>(b)</b> Fe₂O₃ + 2 Al → Al₂O₃ + 2 Fe + Heat</p>"
                    },
                    "question_type": "Short Answer (3 marks)",
                    "difficulty_level": "medium",
                    "explanation_html": null
                  }
                ]
              },
              {
                "chapter_name": "Acids, Bases and Salts",
                "questions": [
                  {
                    "question_no": "28",
                    "question_html": "<p><b>(a)</b> Common salt is an important raw material for various chemicals of daily use. State in brief the method of preparation of (i) Sodium hydroxide, and (ii) Sodium hydrogen carbonate from common salt. Write balanced chemical equations of the reactions that occur.</p><p><b>(b) OR</b> Design an experimental set-up to demonstrate that ‘‘Alcohol and glucose contain hydrogen but are not categorised as acids’’. Also give the reason to justify this fact.</p>",
                    "options": [],
                    "correct_answer": {
                      "text": "<p><b>(a)</b> (i) Electricity is passed through an aqueous solution of NaCl (brine), it decomposes to form NaOH. / Chlor-Alkali Process<br>2 NaCl(aq) + 2 H₂O → 2 NaOH(aq) + Cl₂ + H₂<br>(ii) When brine reacts with carbon dioxide and ammonia, sodium hydrogen carbonate and ammonium chloride are formed<br>NaCl + H₂O + CO₂ + NH₃ → NaHCO₃ + NH₄Cl</p><p><b>(b) OR</b> Bulb does not glow when solution of alcohol and glucose are taken but glows when acids solution are taken.<br><b>Reason:-</b><br>Acidic solutions liberate ions but glucose and alcohol do not liberate ions .Hence bulb only glows for acidic solutions.</p>"
                    },
                    "question_type": "Short Answer (3 marks)",
                    "difficulty_level": "hard",
                    "explanation_html": null
                  }
                ]
              },
              {
                "chapter_name": "Life Processes",
                "questions": [
                  {
                    "question_no": 29,
                    "question_html": "<p>On the basis of the characteristics of the processes given in the brackets in each case, differentiate between the following :</p><p>(a) Products of breakdown of pyruvate in aerobic and anaerobic respiration in human beings (product(s) of the processes)</p><p>(b) Respiration and photosynthesis in plants (gas released)</p><p>(c) Respiration in terrestrial animals and fishes (organs involved)</p>",
                    "options": [],
                    "correct_answer": {
                      "text": "<p>(a) Aerobic – carbon dioxide+water<br>Anaerobic - Lactic Acid<br>(b) Respiration –carbon dioxide<br>Photosynthesis – oxygen<br>(c) Terrestrial Animals – lungs / skin<br>Fish– Gills</p>"
                    },
                    "question_type": "Short Answer (3 marks)",
                    "difficulty_level": "medium",
                    "explanation_html": null
                  }
                ]
              },
              {
                "chapter_name": "Heredity",
                "questions": [
                  {
                    "question_no": "30",
                    "question_html": "<p>A pure pea plant having round (R), yellow (Y) seeds is crossed with another pure pea plant having wrinkled (r), green (y) seeds. Subsequently F₁ progeny is self-pollinated to obtain F₂ progeny.</p><p><b>(a)</b> What do the seeds of F₁ generation look like ?</p><p><b>(b)</b> Give the possible combinations of traits in seeds of F₂ generation. Also give their ratio.</p><p><b>(c)</b> State the reason of obtaining seeds of new combination of traits in F₂ generation.</p>",
                    "options": [],
                    "correct_answer": {
                      "text": "<p><b>(a)</b> Round, yellow</p><p><b>(b)</b> round yellow : 9<br>round green : 3<br>wrinkled yellow : 3<br>wrinkled green : 1</p><p><b>(c)</b> Traits are inherited independently/Independent assortment of the traits.</p>"
                    },
                    "question_type": "Short Answer (3 marks)",
                    "difficulty_level": "medium",
                    "explanation_html": null
                  }
                ]
              },
              {
                "chapter_name": "The Human Eye and the Colourful World",
                "questions": [
                  {
                    "question_no": 31,
                    "question_html": "<p>What is a rainbow ? Draw a labelled diagram to show its formation.</p>",
                    "options": [],
                    "correct_answer": {
                      "text": "<p>A rainbow is a natural spectrum appearing in the sky after a rain shower.</p>"
                    },
                    "question_type": "Short Answer (3 marks)",
                    "difficulty_level": "easy",
                    "explanation_html": null
                  }
                ]
              },
              {
                "chapter_name": "Magnetic Effects of Electric Current",
                "questions": [
                  {
                    "question_no": "32",
                    "question_html": "<p>Consider a rectangular cardboard having two holes P and Q through which a current carrying circular loop has been inserted as shown in the diagram.</p><p><b>(a)</b> Make this diagram on your answer sheet and draw three magnetic field lines, one each passing through the points 1 (near P), 2 (at the centre of the loop) and 3 (near Q).</p><p><b>(b)</b> List two factors on which the intensity of the magnetic field produced at the centre of the loop depends.</p><p><b>(c)</b> Name the rule you will apply to determine the direction of magnetic field produced due to a current carrying straight conductor.</p>",
                    "images": [
                      {
                        "url": "https://img.testbuddyai.com/Science-31-3-25-Q32a.png"
                      }
                    ],
                    "options": [],
                    "correct_answer": {
                      "text": "<p><b>(a)</b> Marking magnetic lines for points 1,2 and 3</p><p><b>(b)</b> Strength of the current in the loop<br>No. of turns of loop</p><p><b>(c)</b> Right hand thumb rule</p>"
                    },
                    "question_type": "Short Answer (3 marks)",
                    "difficulty_level": "medium",
                    "explanation_html": null
                  }
                ]
              },
              {
                "chapter_name": "Our Environment",
                "questions": [
                  {
                    "question_no": "33",
                    "question_html": "<p><b>(a)</b> ‘‘In a food chain energy flow is unidirectional.’’ Give two reasons for the given statement.</p><p><b>(b)</b> If 10,000 J energy is available at the producer level, how much energy will be available to the secondary consumers ? Give reason to justify your answer.</p>",
                    "options": [],
                    "correct_answer": {
                      "text": "<p><b>(a)</b> The energy captured by plants does not revert to solar input and the energy which passes to the herbivores does not revert back to autotrophs.<br>As energy moves progressively through the various trophic levels it is no longer available to the previous level.<br>The energy available at each trophic level gets diminished progressively due to loss of energy at each level.<br>(any two)</p><p><b>(b)</b> 100 J<br>Autotrophs (10000 J) → Primary consumer (1000 J) → secondary consumer (100 J)<br>/ Only 10% energy of the organic matter of previous trophic level is transferred to next trophic level. /10% law</p>"
                    },
                    "question_type": "Short Answer (3 marks)",
                    "difficulty_level": "medium",
                    "explanation_html": null
                  }
                ]
              },
              {
                "chapter_name": "Metals and Non-metals",
                "questions": [
                  {
                    "question_no": "34",
                    "question_html": "<p><b>(a)</b> (i) Consider the following metals :<br>K, Ca, Al, Cu, Ag, Fe<br>Select from the above metals, a metal which<br>I. does not react with oxygen even at high temperature.<br>II. reacts with oxygen at ordinary temperature and forms a protective oxide layer which prevents the metal from further oxidation.<br>III. catches fire when kept in the open.<br>IV. does not burn in oxygen but the hot metal is coated with a black coloured oxide layer.<br>(ii) What are amphoteric oxides ? With the help of balanced chemical equations show that aluminium oxide is an amphoteric oxide.<br>(iii) What are alkalis ? Give one example.</p><p><b>(b) OR</b> (i) With the help of balanced chemical equations state the process of extracting (I) mercury from its ore called cinnabar, and (II) copper from its sulphide ore.<br>(ii) Silver and copper articles slowly lose their shiny surfaces when exposed to air. Name the compounds formed on (I) silver articles, and (II) copper articles in the form of coating.</p>",
                    "options": [],
                    "correct_answer": {
                      "text": "<p><b>(a)</b> (i)<br>I. Ag<br>II. Al<br>III. K<br>IV. Cu<br>(ii) Metal oxides which react with both acids as well as bases to produce salts and water are called amphoteric oxides.<br>Al₂O₃ + 6 HCl → 2 AlCl₃ + 3 H₂O<br>Al₂O₃ + 2 NaOH → 2 NaAlO₂ + H₂O<br>(Do not deduct marks if equation is not balanced)<br>(iii) Water soluble bases are called Alkalis.<br>NaOH / KOH / Sodium Hydroxide / Potassium Hydroxide<br>(any one)</p><p><b>(b) OR</b> (i)<br>(I) 2 HgS(s) + 3 O₂(g) ⎯⎯⎯→Heat 2 HgO(s) + 2 SO₂(s) (cinnabar)<br>2 HgO(s) ⎯⎯⎯→Heat 2 Hg(l) + O₂(g)<br>(II) 2 CuS + 3 O₂(g) ⎯⎯⎯→Heat 2 Cu₂O(s) + 2 SO₂(g)<br>2 Cu₂O + Cu₂S ⎯⎯⎯→Heat 6 Cu(s) + SO₂(g)<br>(Deduct half mark each for unbalanced equation)<br>(ii)<br>(I) Silver sulphide /Ag₂S<br>(II) Basic Copper carbonate/ Cu(OH)₂. CuCO₃</p>"
                    },
                    "question_type": "Long Answer (5 marks)",
                    "difficulty_level": "hard",
                    "explanation_html": null
                  }
                ]
              },
              {
                "chapter_name": "How do Organisms Reproduce?",
                "questions": [
                  {
                    "question_no": "35",
                    "question_html": "<p><b>(a)</b> (i) Identify the parts ‘X’ and ‘Y’ in the figure given below :<br>(ii) Name the yellowish coloured structures produced by the part labelled as ‘Y’.<br>(iii) Write the name of the process by which these are transferred to the part labelled as ‘X’.<br>(iv) Explain the process of seed formation in a flowering plant.</p><p><b>(b) OR</b> (i) Name the type of asexual mode of reproduction shown in the given figure.<br>(ii) Identify the unicellular organism in the diagram.<br>(iii) List any two advantages of asexual reproduction over sexual reproduction.<br>(iv) Name and explain any one mode of asexual reproduction observed in Hydra.</p>",
                    "images": [
                      {
                        "url": "https://img.testbuddyai.com/Science-31-3-25-Q35a(i).png"
                      },
                      {
                        "url": "https://img.testbuddyai.com/Science-31-3-25-Q35b(i).png"
                      }
                    ],
                    "options": [],
                    "correct_answer": {
                      "text": "<p><b>(a)</b> (i) ‘X’ – Stigma ‘Y’ – Anther<br>(ii) Pollen grains<br>(iii) Pollination<br>(iv) After the transfer of pollen grains from anther into stigma, a pollen tube grows out of the pollen grain and travels through the style to reach the ovary. Male germ cell fuses with the female germ cell to form a zygote which divides several times to form an embryo within the ovule. The ovule develops a tough coat and is gradually converted into a seed.</p><p><b>(b) OR</b> (i) Binary fission<br>(ii) Leishmania<br>(iii) Produces a greater number of offsprings within a short period of time /Ensures better chances of survival of organisms in unfavorable conditions/Formation of genetically similar organisms /gamete formation is not required. (any two)<br>(iv) Budding. A bud develops as an outgrowth due to repeated cell division at a specific site, develop into tiny individuals, and after being matured, detach from parent body and become new independent individuals. (or any other mode of reproduction)</p>"
                    },
                    "question_type": "Long Answer (5 marks)",
                    "difficulty_level": "medium",
                    "explanation_html": null
                  }
                ]
              },
              {
                "chapter_name": "Light - Reflection and Refraction",
                "questions": [
                  {
                    "question_no": "36",
                    "question_html": "<p><b>(a)</b> (i) ‘‘In refraction of light through a rectangular glass slab, the emergent ray is always parallel to the direction of the incident ray.’’ Why ? Explain with the help of a ray diagram. What happens when a ray of light falls normally on one of the faces of a rectangular glass prism ? Draw diagram.<br>(ii) An object is placed at a distance of 30 cm from the optical centre of a concave lens of focal length 20 cm. Use Lens formula to determine the position of the image formed in this case.</p><p><b>(b) OR</b> (i) A student wishes to study the image formation by a concave mirror using candle flame as object. State the type of the image formed by the mirror and mention the change in the image formed, if any, that he observes when the candle flame is gradually moved away from the pole of the mirror. Draw a ray diagram to show the image formation when the object distance is nearly equal to the radius of curvature of the mirror.<br>(ii) A convex mirror used for rear-view on an automobile has a focal length of 3∙0 m. If a bus is located at 6∙0 m from this mirror, use mirror formula to find the position of the image of the bus as seen in the mirror.</p>",
                    "options": [],
                    "correct_answer": {
                      "text": "<p><b>(a)</b> (i) The extent of bending of the ray of light at the opposite parallel faces of the rectangular glass slab is equal and opposite. This is why the ray emerges parallel to the incident ray.<br>(ii) u = – 30 cm , f = – 20 cm<br>1/v - 1/u = 1/f or 1/v = 1/f + 1/u<br>1/v = 1/(-20) + 1/(-30)<br>v= – 12 cm<br>The image is at – 12 cm on the same side of the lens.</p><p><b>(b) OR</b> (i) Type of Image: Real and Inverted (when candle is beyond F)/ Virtual and Erect (when candle is between P and F). As the object is moved gradually away from the pole of the mirror, the image gets diminished.<br>(ii) Object distance, u = – 6·00 m, Image distance, v = ?, Focal length, f = 3·00 m<br>1/v + 1/u = 1/f or 1/v = 1/f - 1/u<br>1/v = 1/3.00 - 1/(-6.00)<br>v = +2.0 m</p>"
                    },
                    "question_type": "Long Answer (5 marks)",
                    "difficulty_level": "hard",
                    "explanation_html": null
                  }
                ]
              },
              {
                "chapter_name": "Acids, Bases and Salts",
                "questions": [
                  {
                    "question_no": "37",
                    "question_html": "<p>‘A’ and ‘B’ are two salts used for washing purposes. Salt ‘A’ is used for bathing also. Four test tubes I, II, III and IV as mentioned below are taken.<br>I. Rain water + solution of salt ‘A’<br>II. Rain water + solution of salt ‘B’<br>III. Tubewell water + solution of salt ‘A’<br>IV. Tubewell water + solution of salt ‘B’<br>The test tubes are shaken one by one almost identically for the same time and the lengths of foam formed in each test tube is noted.<br><b>(a)</b> In which one of the four test tubes is the foam formed the minimum ?</p><p><b>(b)</b> Differentiate between salt A and salt B.</p><p><b>(c) (i)</b> What are esters ? What happens when an ester reacts with an alkali (say sodium hydroxide) ? Give chemical equation for the reaction.</p><p><b>(c) (ii) OR</b> What is the cause of hardness of water ? Sometimes it is observed that while bathing foam is formed with difficulty and an insoluble substance is formed. Name this substance and write the cause of its formation.</p>",
                    "options": [],
                    "correct_answer": {
                      "text": "<p><b>(a)</b> (III) /Tubewell water +Solution of Salt A</p><p><b>(b) Salt A:</b> Soap, Na/K salt of long chain carboxylic acids, Does not form lather with hard water<br><b>Salt B:</b> Detergent, sodium salt of sulphonic acids or ammonium salts with chloride or bromide ions, Forms lather even with hard water<br>( Any one )</p><p><b>(c) (i)</b> Esters are sweet smelling substances used in making perfumes and flavoring agents. / Formed when alcohol and carboxylic acid react in presence of acid to form ester.<br>It is converted back to alcohol and a salt of carboxylic acid.<br>CH₃COOC₂H₅ + NaOH → C₂H₅OH + CH₃COONa</p><p><b>(c) (ii) OR</b> Presence of Ca and Mg salts in water<br>Scum<br>Soap reacts with calcium and magnesium salts to form insoluble substance.</p>"
                    },
                    "question_type": "Case-based Subjective",
                    "difficulty_level": "hard",
                    "explanation_html": null
                  }
                ]
              },
              {
                "chapter_name": "Control and Coordination",
                "questions": [
                  {
                    "question_no": "38",
                    "question_html": "<p>A person while climbing up a rocky hill comes into a panic state and fear. His body starts reacting in a ‘‘flight-or-flight’’ condition to adjust to the dangerous and stressful situation. Based on the above facts, answer the questions that follow.<br><b>(a) (i)</b> Name the hormone secreted in the blood of the person in this situation.</p><p><b>(a) (ii) OR</b> Name the source gland of the hormone secreted in this condition.</p><p><b>(b)</b> State any two responses in the body of the person as a result of the secretion of this hormone.</p><p><b>(c)</b> How does the action of the chemical signal in terms of hormones differ from the electrical impulses via nerve cells ?</p>",
                    "options": [],
                    "correct_answer": {
                      "text": "<p><b>(a) (i)</b> Adrenaline</p><p><b>(a) (ii) OR</b> Adrenal Gland</p><p><b>(b)</b> Heart beat becomes faster to supply more oxygen to the muscles / blood supply to the digestive system is reduced / blood supply to the skin is reduced / blood is diverted to the skeletal muscles / breathing rate increases/increased contractions of diaphragm and rib muscles. (Any two)</p><p><b>(c)</b> Chemical signal – travel through bloodstream and reach a wide range of target cells across the body.</p>"
                    },
                    "question_type": "Case-based Subjective",
                    "difficulty_level": "medium",
                    "explanation_html": null
                  }
                ]
              },
              {
                "chapter_name": "Electricity",
                "questions": [
                  {
                    "question_no": "39",
                    "question_html": "<p>As shown in the diagram, an electric circuit consisting of an ammeter, a voltmeter, 4 cells of 1∙5 V each, a plug key with a gap XY was set up. Voltmeter and ammeter readings were recorded in the observation table for four arrangements as given below :<br>Arrangement No. 1 – only resistor R₁ in gap XY<br>Arrangement No. 2 – only resistor R₂ in gap XY<br>Arrangement No. 3 – Resistors R₁ and R₂ in series in gap XY<br>Arrangement No. 4 – Resistors R₁ and R₂ in parallel in gap XY<br>Based on the observations, four V – I graphs A, B, C and D as shown in figure were drawn. Study these graphs.<br><b>(a)</b> Which one of the graphs represents the series combination of R₁ and R₂ ?</p><p><b>(b)</b> Which one of these graphs represents the parallel combination of R₁ and R₂ ?</p><p><b>(c) (i)</b> Show an arrangement of three resistors, each of resistance 10 Ω, so that the combination has a resistance of 15 Ω. Give justification for your answer.</p><p><b>(c) (ii) OR</b> A battery of 6 V is connected with a series combination of five resistors of 0∙1 Ω, 0∙2 Ω, 0∙3 Ω, 0∙4 Ω and 0∙5 Ω. How much current would flow through the 0∙3 Ω resistor ? Justify your answer.</p>",
                    "images": [
                      {
                        "url": "https://img.testbuddyai.com/Science-31-3-25-Q39.png"
                      },
                      {
                        "url": "https://img.testbuddyai.com/Science-31-3-25-Q39graph.png"
                      }
                    ],
                    "options": [],
                    "correct_answer": {
                      "text": "<p><b>(a)</b> Graph A</p><p><b>(b)</b> Graph D,</p><p><b>(c) (i)</b> R = (R₁R₂)/(R₁+R₂) + R₃<br>R = (10×10)/(10+10) + 10 Ω = 5 Ω + 10 Ω = 15 Ω</p><p><b>(c) (ii) OR</b> I = V/R = 6 V / (0·1 + 0·2 + 0·3 + 0·4 +0.5) Ω = 6 V / 1.5 Ω = 4·0 A<br>same current flows when resistors are connected in series.</p>"
                    },
                    "question_type": "Case-based Subjective",
                    "difficulty_level": "hard",
                    "explanation_html": null
                  }
                ]
              }
            ]
          }
        ]
      }
    ]
  }
]