[
  {
    "exam_name_actual": "CBSE Board - Class 10",
    "main_exam_id_name_ref": "CBSE Board - Class 10",
    "years": [
      {
        "year": "2025",
        "papers_or_subjects": [
          {
            "paper_name": "CBSE Class 10 Science Paper 2025 (QP Code: 31/2/1)",
            "subject_name": "Science",
            "chapters": [
              {
                "chapter_name": "Chemical Reactions and Equations",
                "questions": [
                  {
                    "question_no": 1,
                    "question_html": "<p>The correct balanced chemical equation showing exothermic reaction in which natural gas burns in air is :</p>",
                    "options": [
                      {
                        "id": "a",
                        "text": "CH4 + O2 → CO2 + 2H2O"
                      },
                      {
                        "id": "b",
                        "text": "CH4 + 2O2 → 2CO2 + 2H2O + Energy"
                      },
                      {
                        "id": "c",
                        "text": "CH4 + 2O2 → CO2 + 2H2O"
                      },
                      {
                        "id": "d",
                        "text": "CH4 + 2O2 → CO2 + 2H2O + Energy"
                      }
                    ],
                    "correct_answer": {
                      "ids": [
                        "d"
                      ]
                    },
                    "question_type": "mcq_single",
                    "difficulty_level": "easy",
                    "explanation_html": "<p>The correct balanced equation for the combustion of methane (natural gas) is CH4 + 2O2 → CO2 + 2H2O. Since the reaction is exothermic, energy is released.</p>"
                  }
                ]
              },
              {
                "chapter_name": "Acids, Bases and Salts",
                "questions": [
                  {
                    "question_no": 2,
                    "question_html": "<p>The warning sign shown in the given figure must invariably be displayed/pasted on the containers which contain hydroxide of :</p>",
                    "images": [
                      {
                        "url": "https://img.testbuddyai.com/Science-31-2-25-Q2.png"
                      }
                    ],
                    "options": [
                      {
                        "id": "a",
                        "text": "Aluminium"
                      },
                      {
                        "id": "b",
                        "text": "Calcium"
                      },
                      {
                        "id": "c",
                        "text": "Sodium"
                      },
                      {
                        "id": "d",
                        "text": "Magnesium"
                      }
                    ],
                    "correct_answer": {
                      "ids": [
                        "c"
                      ]
                    },
                    "question_type": "mcq_single",
                    "difficulty_level": "medium",
                    "explanation_html": "<p>Sodium hydroxide is a strong corrosive base. The warning sign indicates a corrosive substance that can cause harm to skin and materials.</p>"
                  }
                ]
              },
              {
                "chapter_name": "Acids, Bases and Salts",
                "questions": [
                  {
                    "question_no": 3,
                    "question_html": "<p>The body of human beings works within the pH range of :</p>",
                    "options": [
                      {
                        "id": "a",
                        "text": "6.1 to 6.8"
                      },
                      {
                        "id": "b",
                        "text": "6.5 to 7.3"
                      },
                      {
                        "id": "c",
                        "text": "7.0 to 7.8"
                      },
                      {
                        "id": "d",
                        "text": "7.5 to 8.1"
                      }
                    ],
                    "correct_answer": {
                      "ids": [
                        "c"
                      ]
                    },
                    "question_type": "mcq_single",
                    "difficulty_level": "easy",
                    "explanation_html": "<p>The human body's physiological processes, including enzyme functions, are optimal within a narrow and slightly alkaline pH range of 7.0 to 7.8.</p>"
                  }
                ]
              },
              {
                "chapter_name": "Metals and Non-metals",
                "questions": [
                  {
                    "question_no": 4,
                    "question_html": "<p>Aluminium powder is used in thermit welding because :</p>",
                    "options": [
                      {
                        "id": "a",
                        "text": "Its reaction with iron is highly exothermic."
                      },
                      {
                        "id": "b",
                        "text": "When it is heated with iron (III) oxide, molten iron is obtained."
                      },
                      {
                        "id": "c",
                        "text": "When it is heated with iron (III) oxide, molten aluminium oxide is obtained to join railway tracks."
                      },
                      {
                        "id": "d",
                        "text": "Its melting point is low as compared to iron and a molten alloy of iron and aluminium is formed on heating which is used to join railway tracks."
                      }
                    ],
                    "correct_answer": {
                      "ids": [
                        "b"
                      ]
                    },
                    "question_type": "mcq_single",
                    "difficulty_level": "medium",
                    "explanation_html": "<p>In thermit welding, aluminium acts as a reducing agent. It reduces iron(III) oxide to molten iron in a highly exothermic displacement reaction. This molten iron is then used to weld heavy iron parts like railway tracks.</p>"
                  }
                ]
              },
              {
                "chapter_name": "Metals and Non-metals",
                "questions": [
                  {
                    "question_no": 5,
                    "question_html": "<p>Two metals zinc and tin are dissolved separately in definite proportions in molten copper (the primary metal) to obtain two different alloys respectively known as :</p>",
                    "options": [
                      {
                        "id": "a",
                        "text": "Bronze and Brass"
                      },
                      {
                        "id": "b",
                        "text": "Brass and Solder"
                      },
                      {
                        "id": "c",
                        "text": "Brass and Bronze"
                      },
                      {
                        "id": "d",
                        "text": "Solder and Bronze"
                      }
                    ],
                    "correct_answer": {
                      "ids": [
                        "c"
                      ]
                    },
                    "question_type": "mcq_single",
                    "difficulty_level": "easy",
                    "explanation_html": "<p>Brass is an alloy of copper and zinc. Bronze is an alloy of copper and tin. The question states zinc and tin are dissolved respectively, leading to brass and bronze.</p>"
                  }
                ]
              },
              {
                "chapter_name": "Life Processes",
                "questions": [
                  {
                    "question_no": 6,
                    "question_html": "<p>The opening and closing of stomata is regulated by :</p>",
                    "options": [
                      {
                        "id": "a",
                        "text": "CO2 concentration in stomata"
                      },
                      {
                        "id": "b",
                        "text": "Temperature in guard cells"
                      },
                      {
                        "id": "c",
                        "text": "O2 concentration in stomata"
                      },
                      {
                        "id": "d",
                        "text": "Amount of water in guard cells"
                      }
                    ],
                    "correct_answer": {
                      "ids": [
                        "d"
                      ]
                    },
                    "question_type": "mcq_single",
                    "difficulty_level": "easy",
                    "explanation_html": "<p>The movement of water into and out of guard cells changes their turgidity. When guard cells take up water, they swell and the stomatal pore opens. When they lose water, they become flaccid and the pore closes.</p>"
                  }
                ]
              },
              {
                "chapter_name": "Life Processes",
                "questions": [
                  {
                    "question_no": 7,
                    "question_html": "<p>One-cell thick blood vessels are known as :</p>",
                    "options": [
                      {
                        "id": "a",
                        "text": "Alveoli"
                      },
                      {
                        "id": "b",
                        "text": "Capillaries"
                      },
                      {
                        "id": "c",
                        "text": "Arteries"
                      },
                      {
                        "id": "d",
                        "text": "Veins"
                      }
                    ],
                    "correct_answer": {
                      "ids": [
                        "b"
                      ]
                    },
                    "question_type": "mcq_single",
                    "difficulty_level": "easy",
                    "explanation_html": "<p>Capillaries are the smallest blood vessels, and their walls are only one cell thick to allow for efficient exchange of gases, nutrients, and waste products between the blood and the body's tissues.</p>"
                  }
                ]
              },
              {
                "chapter_name": "Control and Coordination",
                "questions": [
                  {
                    "question_no": 8,
                    "question_html": "<p>Observe the given figures A and B. When chhui-mui (sensitive) plant is touched, its leaves fold. This is due to :</p>",
                    "images": [
                      {
                        "url": "https://img.testbuddyai.com/Science-31-2-25-Q8.png"
                      }
                    ],
                    "options": [
                      {
                        "id": "a",
                        "text": "Hormonal effect"
                      },
                      {
                        "id": "b",
                        "text": "Thermal effect"
                      },
                      {
                        "id": "c",
                        "text": "Change in amount of water in cells"
                      },
                      {
                        "id": "d",
                        "text": "Electromagnetic effect"
                      }
                    ],
                    "correct_answer": {
                      "ids": [
                        "c"
                      ]
                    },
                    "question_type": "mcq_single",
                    "difficulty_level": "easy",
                    "explanation_html": "<p>The folding of the leaves in the sensitive plant (Mimosa pudica) upon being touched is a result of a rapid loss of turgor pressure in the cells of the pulvini (swellings at the base of the leaves and leaflets). This is caused by a sudden change in the amount of water within these cells.</p>"
                  }
                ]
              },
              {
                "chapter_name": "How do Organisms Reproduce?",
                "questions": [
                  {
                    "question_no": 9,
                    "question_html": "<p>Bryophyllum produces new plant through :</p>",
                    "options": [
                      {
                        "id": "a",
                        "text": "Apical buds formed on the tip of the plant"
                      },
                      {
                        "id": "b",
                        "text": "Vegetative buds produced in the notches of the leaf"
                      },
                      {
                        "id": "c",
                        "text": "Flowers produced in the notches of the branches"
                      },
                      {
                        "id": "d",
                        "text": "Fruits formed on the branches of the plant"
                      }
                    ],
                    "correct_answer": {
                      "ids": [
                        "b"
                      ]
                    },
                    "question_type": "mcq_single",
                    "difficulty_level": "easy",
                    "explanation_html": "<p>Bryophyllum is a classic example of vegetative propagation by leaves. It develops adventitious buds in the notches along the leaf margin, which can grow into new plants when the leaf falls on moist soil.</p>"
                  }
                ]
              },
              {
                "chapter_name": "How do Organisms Reproduce?",
                "questions": [
                  {
                    "question_no": 10,
                    "question_html": "<p>The number of chromosomes in a cell division is halved. This kind of cell division is observed in :</p>",
                    "options": [
                      {
                        "id": "a",
                        "text": "Only testis"
                      },
                      {
                        "id": "b",
                        "text": "Only ovary"
                      },
                      {
                        "id": "c",
                        "text": "Ovary and testis both"
                      },
                      {
                        "id": "d",
                        "text": "All cells of the body"
                      }
                    ],
                    "correct_answer": {
                      "ids": [
                        "c"
                      ]
                    },
                    "question_type": "mcq_single",
                    "difficulty_level": "easy",
                    "explanation_html": "<p>The cell division that halves the chromosome number is called meiosis. It occurs during gamete formation (gametogenesis) in the reproductive organs, which are the ovary and testis.</p>"
                  }
                ]
              },
              {
                "chapter_name": "Light - Reflection and Refraction",
                "questions": [
                  {
                    "question_no": 11,
                    "question_html": "<p>If the absolute refractive indices of two media X and Y are 6/5 and 4/3 respectively, then the refractive index of Y with respect to X will be :</p>",
                    "options": [
                      {
                        "id": "a",
                        "text": "10/9"
                      },
                      {
                        "id": "b",
                        "text": "9/10"
                      },
                      {
                        "id": "c",
                        "text": "9/8"
                      },
                      {
                        "id": "d",
                        "text": "8/9"
                      }
                    ],
                    "correct_answer": {
                      "ids": [
                        "a"
                      ]
                    },
                    "question_type": "mcq_single",
                    "difficulty_level": "medium",
                    "explanation_html": "<p>The refractive index of medium Y with respect to medium X (n_YX) is given by the ratio of the absolute refractive index of Y (n_Y) to the absolute refractive index of X (n_X).<br>n_YX = n_Y / n_X = (4/3) / (6/5) = (4/3) * (5/6) = 20/18 = 10/9.</p>"
                  }
                ]
              },
              {
                "chapter_name": "Light - Reflection and Refraction",
                "questions": [
                  {
                    "question_no": 12,
                    "question_html": "<p>An object is placed at a distance of 30 cm from the pole of a concave mirror. If its real and inverted image is formed at 60 cm in front of the mirror, the focal length of the mirror is :</p>",
                    "options": [
                      {
                        "id": "a",
                        "text": "– 15 cm"
                      },
                      {
                        "id": "b",
                        "text": "– 20 cm"
                      },
                      {
                        "id": "c",
                        "text": "+ 20 cm"
                      },
                      {
                        "id": "d",
                        "text": "+ 15 cm"
                      }
                    ],
                    "correct_answer": {
                      "ids": [
                        "b"
                      ]
                    },
                    "question_type": "mcq_single",
                    "difficulty_level": "medium",
                    "explanation_html": "<p>Using the mirror formula 1/f = 1/v + 1/u.<br>Given: Object distance, u = -30 cm.<br>Image distance for a real image, v = -60 cm.<br>1/f = 1/(-60) + 1/(-30) = (-1 - 2)/60 = -3/60 = -1/20.<br>Therefore, focal length, f = -20 cm.</p>"
                  }
                ]
              },
              {
                "chapter_name": "The Human Eye and the Colourful World",
                "questions": [
                  {
                    "question_no": 13,
                    "question_html": "<p>In the given figure the angle of incidence and the angle of deviation respectively are :</p>",
                    "images": [
                      {
                        "url": "https://img.testbuddyai.com/Science-31-2-25-Q13.png"
                      }
                    ],
                    "options": [
                      {
                        "id": "a",
                        "text": "1 and 5"
                      },
                      {
                        "id": "b",
                        "text": "7 and 6"
                      },
                      {
                        "id": "c",
                        "text": "7 and 4"
                      },
                      {
                        "id": "d",
                        "text": "1 and 6"
                      }
                    ],
                    "correct_answer": {
                      "ids": [
                        "d"
                      ]
                    },
                    "question_type": "mcq_single",
                    "difficulty_level": "easy",
                    "explanation_html": "<p>The angle of incidence is the angle between the incident ray and the normal (labeled as 1). The angle of deviation is the angle between the direction of the incident ray and the emergent ray (labeled as 6).</p>"
                  }
                ]
              },
              {
                "chapter_name": "Electricity",
                "questions": [
                  {
                    "question_no": 14,
                    "question_html": "<p>An electric bulb is connected to a power supply of 220 V. If the current drawn by the bulb from the supply is 500 mA, the power of the bulb is :</p>",
                    "options": [
                      {
                        "id": "a",
                        "text": "11 W"
                      },
                      {
                        "id": "b",
                        "text": "110 W"
                      },
                      {
                        "id": "c",
                        "text": "220 W"
                      },
                      {
                        "id": "d",
                        "text": "1100 W"
                      }
                    ],
                    "correct_answer": {
                      "ids": [
                        "b"
                      ]
                    },
                    "question_type": "mcq_single",
                    "difficulty_level": "easy",
                    "explanation_html": "<p>Power (P) is calculated as P = V × I.<br>Given: Voltage, V = 220 V.<br>Current, I = 500 mA = 0.5 A.<br>P = 220 V × 0.5 A = 110 W.</p>"
                  }
                ]
              },
              {
                "chapter_name": "Electricity",
                "questions": [
                  {
                    "question_no": 15,
                    "question_html": "<p>Four identical resistors of 12 Ω each are connected in series to form a square ABCD as shown in the figure. The resistance of the network between the two points 1 and 2 is :</p>",
                    "images": [
                      {
                        "url": "https://img.testbuddyai.com/Science-31-2-25-Q15.png"
                      }
                    ],
                    "options": [
                      {
                        "id": "a",
                        "text": "48 Ω"
                      },
                      {
                        "id": "b",
                        "text": "36 Ω"
                      },
                      {
                        "id": "c",
                        "text": "9 Ω"
                      },
                      {
                        "id": "d",
                        "text": "6 Ω"
                      }
                    ],
                    "correct_answer": {
                      "ids": [
                        "c"
                      ]
                    },
                    "question_type": "mcq_single",
                    "difficulty_level": "medium",
                    "explanation_html": "<p>Between points 1 and 2, the resistor between A and B (12 Ω) is in parallel with the other three resistors (AD, DC, CB) which are in series. The resistance of the series part is 12 + 12 + 12 = 36 Ω. The equivalent resistance of the parallel combination is (12 * 36) / (12 + 36) = 432 / 48 = 9 Ω.</p>"
                  }
                ]
              },
              {
                "chapter_name": "Our Environment",
                "questions": [
                  {
                    "question_no": 16,
                    "question_html": "<p>Identify from the following a group containing all non-biodegradable substances.</p>",
                    "options": [
                      {
                        "id": "a",
                        "text": "Leather, Glass, Plastic"
                      },
                      {
                        "id": "b",
                        "text": "Cotton, Wood, Nylon"
                      },
                      {
                        "id": "c",
                        "text": "DDT, Polyester, Glass"
                      },
                      {
                        "id": "d",
                        "text": "Leather, Silk, Wool"
                      }
                    ],
                    "correct_answer": {
                      "ids": [
                        "c"
                      ]
                    },
                    "question_type": "mcq_single",
                    "difficulty_level": "easy",
                    "explanation_html": "<p>DDT, polyester, and glass are synthetic materials that cannot be decomposed by microorganisms and are therefore non-biodegradable. Leather, cotton, wood, silk, and wool are natural products and are biodegradable.</p>"
                  }
                ]
              },
              {
                "chapter_name": "Metals and Non-metals",
                "questions": [
                  {
                    "question_no": 17,
                    "question_html": "<p><b>Assertion (A):</b> The metals high up in the reactivity series cannot be obtained from their compounds by heating with carbon.</p><p><b>Reason (R):</b> Displacement reactions can also be used to obtain metal.</p>",
                    "options": [
                      {
                        "id": "a",
                        "text": "Both Assertion (A) and Reason (R) are true and Reason (R) is the correct explanation of Assertion (A)."
                      },
                      {
                        "id": "b",
                        "text": "Both Assertion (A) and Reason (R) are true, but Reason (R) is not the correct explanation of Assertion (A)."
                      },
                      {
                        "id": "c",
                        "text": "Assertion (A) is true, but Reason (R) is false."
                      },
                      {
                        "id": "d",
                        "text": "Assertion (A) is false, but Reason (R) is true."
                      }
                    ],
                    "correct_answer": {
                      "ids": [
                        "b"
                      ]
                    },
                    "question_type": "mcq_single",
                    "difficulty_level": "medium",
                    "explanation_html": "<p>Both statements are true. Assertion (A) is correct because highly reactive metals have a greater affinity for oxygen than carbon, so carbon cannot reduce their oxides. Reason (R) is also correct as displacement reactions are a method to obtain metals. However, Reason (R) does not explain Assertion (A), as displacement reactions are generally used for less reactive metals, while electrolysis is needed for highly reactive ones.</p>"
                  }
                ]
              },
              {
                "chapter_name": "Heredity",
                "questions": [
                  {
                    "question_no": 18,
                    "question_html": "<p><b>Assertion (A):</b> A mango seed will germinate to form a mango tree.</p><p><b>Reason (R):</b> Heredity determines the process by which traits and characteristics are reliably inherited from parents to offspring.</p>",
                    "options": [
                      {
                        "id": "a",
                        "text": "Both Assertion (A) and Reason (R) are true and Reason (R) is the correct explanation of Assertion (A)."
                      },
                      {
                        "id": "b",
                        "text": "Both Assertion (A) and Reason (R) are true, but Reason (R) is not the correct explanation of Assertion (A)."
                      },
                      {
                        "id": "c",
                        "text": "Assertion (A) is true, but Reason (R) is false."
                      },
                      {
                        "id": "d",
                        "text": "Assertion (A) is false, but Reason (R) is true."
                      }
                    ],
                    "correct_answer": {
                      "ids": [
                        "a"
                      ]
                    },
                    "question_type": "mcq_single",
                    "difficulty_level": "easy",
                    "explanation_html": "<p>Assertion (A) is a correct statement. Reason (R) is also correct and provides the correct explanation for the assertion. The genetic information that dictates a mango seed will grow into a mango tree is passed down through heredity.</p>"
                  }
                ]
              },
              {
                "chapter_name": "Electricity",
                "questions": [
                  {
                    "question_no": 19,
                    "question_html": "<p><b>Assertion (A):</b> Nichrome is an alloy which is commonly used in electrical heating devices such as electric irons, toasters, etc.</p><p><b>Reason (R):</b> The resistivity of nichrome is high and its resistance decreases with increase in temperature.</p>",
                    "options": [
                      {
                        "id": "a",
                        "text": "Both Assertion (A) and Reason (R) are true and Reason (R) is the correct explanation of Assertion (A)."
                      },
                      {
                        "id": "b",
                        "text": "Both Assertion (A) and Reason (R) are true, but Reason (R) is not the correct explanation of Assertion (A)."
                      },
                      {
                        "id": "c",
                        "text": "Assertion (A) is true, but Reason (R) is false."
                      },
                      {
                        "id": "d",
                        "text": "Assertion (A) is false, but Reason (R) is true."
                      }
                    ],
                    "correct_answer": {
                      "ids": [
                        "c"
                      ]
                    },
                    "question_type": "mcq_single",
                    "difficulty_level": "medium",
                    "explanation_html": "<p>Assertion (A) is true because nichrome has high resistivity and a high melting point, making it suitable for heating elements. Reason (R) is false because the resistance of alloys like nichrome generally increases with an increase in temperature.</p>"
                  }
                ]
              },
              {
                "chapter_name": "Life Processes",
                "questions": [
                  {
                    "question_no": 20,
                    "question_html": "<p><b>Assertion (A):</b> Animals will not get energy if they eat (consume) coal as food.</p><p><b>Reason (R):</b> Specific enzymes are needed for the breakdown of a particular food.</p>",
                    "options": [
                      {
                        "id": "a",
                        "text": "Both Assertion (A) and Reason (R) are true and Reason (R) is the correct explanation of Assertion (A)."
                      },
                      {
                        "id": "b",
                        "text": "Both Assertion (A) and Reason (R) are true, but Reason (R) is not the correct explanation of Assertion (A)."
                      },
                      {
                        "id": "c",
                        "text": "Assertion (A) is true, but Reason (R) is false."
                      },
                      {
                        "id": "d",
                        "text": "Assertion (A) is false, but Reason (R) is true."
                      }
                    ],
                    "correct_answer": {
                      "ids": [
                        "a"
                      ]
                    },
                    "question_type": "mcq_single",
                    "difficulty_level": "easy",
                    "explanation_html": "<p>Assertion (A) is true because animals cannot digest coal. Reason (R) is also true and it correctly explains the assertion. Animals lack the specific enzymes required to break down the complex carbon compounds in coal to release energy.</p>"
                  }
                ]
              },
              {
                "chapter_name": "Metals and Non-metals",
                "questions": [
                  {
                    "question_no": 21,
                    "question_html": "<p><b>(a)</b> In common practice silver is recovered from silver nitrate solution by the use of copper metal. Name the type of reaction that takes place in this process and give the chemical equation of the reaction involved.</p><p><b>(b)</b> Name the method used for refining silver.</p>",
                    "options": [],
                    "correct_answer": {
                      "text": "<p><b>(a)</b> Displacement reaction<br>2AgNO3 + Cu → 2Ag + Cu(NO3)2</p><hr><p><b>(b)</b> Electrolytic refining</p>"
                    },
                    "question_type": "Very Short Answer (2 marks)",
                    "difficulty_level": "easy",
                    "explanation_html": null
                  }
                ]
              },
              {
                "chapter_name": "Carbon and its Compounds",
                "questions": [
                  {
                    "question_no": 22,
                    "question_html": "<p><b>(a)</b> Select from the following the members of same homologous series :<br>(1) HHH | | | H–C–C–C=O | | H H<br>(2) H H | | H–C–C–C–H | | | H O H<br>(3) H H O | | || H–C–C–C–OH | | H H<br>(4) H H H H | | | | H–C–C–C–C=O | | | | H H H</p><p><b>(b)</b> What happens to (i) the melting point, and (ii) the solubility of compounds as the molecular mass of the compounds in a homologous series increases ?</p>",
                    "options": [],
                    "correct_answer": {
                      "text": "<p><b>(a)</b> (1) and (4)</p><hr><p><b>(b)</b> (i) melting point increases with increasing molecular mass.<br>(ii) Solubility shows regular gradation/ decreases with increase in molecular mass.</p>"
                    },
                    "question_type": "Very Short Answer (2 marks)",
                    "difficulty_level": "medium",
                    "explanation_html": null
                  }
                ]
              },
              {
                "chapter_name": "Control and Coordination",
                "questions": [
                  {
                    "question_no": 23,
                    "question_html": "<p>Name the parts of hind-brain of the human brain. Which part of the hind-brain controls involuntary actions such as blood pressure and salivation?</p>",
                    "options": [],
                    "correct_answer": {
                      "text": "<p>Parts of hind-brain: Pons, Medulla, Cerebellum.<br>Part that controls involuntary actions: Medulla</p>"
                    },
                    "question_type": "Very Short Answer (2 marks)",
                    "difficulty_level": "easy",
                    "explanation_html": null
                  }
                ]
              },
              {
                "chapter_name": "How do Organisms Reproduce?",
                "questions": [
                  {
                    "question_no": 24,
                    "question_html": "<p><b>(a)</b> Write one function each of the following, in a seed :<br>(i) Seed coat<br>(ii) Cotyledon<br>(iii) Radicle<br>(iv) Plumule</p><p><b>(b)</b> Write the main steps to culture yeast in the laboratory.</p>",
                    "options": [],
                    "correct_answer": {
                      "text": "<p><b>(a)</b><br>(i) Protects the seed<br>(ii) Food storage area of the seed/ reserve food material<br>(iii) Develops into root on germination of seed/future root<br>(iv) Develops into shoot on germination of seed/future shoot</p><hr><p><b>(b)</b> In a test tube take 10g sugar, add 100 ml of water and a pinch of yeast granules. Keep it in warm place for 1-2 hours.</p>"
                    },
                    "question_type": "Very Short Answer (2 marks)",
                    "difficulty_level": "medium",
                    "explanation_html": null
                  }
                ]
              },
              {
                "chapter_name": "Light - Reflection and Refraction",
                "questions": [
                  {
                    "question_no": 25,
                    "question_html": "<p><b>(a)</b> Out of the two lenses, one concave and the other convex, state which one will diverge a parallel beam of light falling on it. Draw a ray diagram to show the principal focus of the lens.</p><p><b>OR</b></p><p><b>(b)</b> A ray of light after refraction from a convex lens emerges parallel to its principal axis.<br>(i) Draw a labelled ray diagram to show it.<br>(ii) In this case, the incident ray before refraction from the lens passes through a point on its principal axis. Name the point.</p>",
                    "options": [],
                    "correct_answer": {
                      "text": "<p><b>(a)</b> Concave lens will diverge a parallel beam of light.<br>[Ray diagram showing parallel rays of light incident on a concave lens, appearing to diverge from the principal focus after refraction]</p><hr><p><b>(b)</b><br>(i) [Ray diagram showing an incident ray passing through the principal focus of a convex lens and emerging parallel to the principal axis after refraction]<br>(ii) The point is the principal focus.</p>"
                    },
                    "question_type": "Very Short Answer (2 marks)",
                    "difficulty_level": "medium",
                    "explanation_html": null
                  }
                ]
              },
              {
                "chapter_name": "Electricity",
                "questions": [
                  {
                    "question_no": 26,
                    "question_html": "<p>An electric kettle is rated 750 W; 220 V. Can this kettle be used in a circuit which has a fuse of current rating 3 A ? Give reason for your answer.</p>",
                    "options": [],
                    "correct_answer": {
                      "text": "<p>Current drawn by kettle, I = P/V = 750 W / 220 V ≈ 3.4 A.<br>No, this kettle cannot be used. The current drawn by the kettle (3.4 A) is more than the fuse rating (3A). So, the fuse will melt and break the circuit.</p>"
                    },
                    "question_type": "Very Short Answer (2 marks)",
                    "difficulty_level": "medium",
                    "explanation_html": null
                  }
                ]
              },
              {
                "chapter_name": "Chemical Reactions and Equations",
                "questions": [
                  {
                    "question_no": 27,
                    "question_html": "<p><b>(a)</b> (i) Define the term decomposition reaction. Write one chemical equation each for decomposition reaction where energy is supplied in the form of heat, light or electricity.<br>(ii) Decomposition of vegetable matter into compost is considered an exothermic reaction. Why?</p><p><b>OR</b></p><p><b>(b)</b> Why are decomposition reactions called the opposite of combination reactions ? Write one chemical equation each for these two types of reactions mentioning the name of the reactant(s) and the product(s) involved in the reactions.</p>",
                    "options": [],
                    "correct_answer": {
                      "text": "<p><b>(a)</b> (i) A single reactant (substance) breaks down to give two or more products.<br>Heat: CaCO3(s) → CaO(s) + CO2(g)<br>Light: 2AgCl(s) → 2Ag(s) + Cl2(g)<br>Electricity: 2H2O(l) → 2H2(g) + O2(g)<br>(ii) Because energy (heat) is released during the decomposition process.</p><hr><p><b>(b)</b> In a combination reaction, a single product is formed from two or more reactants, whereas in a decomposition reaction, a single reactant breaks down to give two or more products.<br><b>Example of combination reaction:</b><br>C(s) (Carbon) + O2(g) (Oxygen) → CO2(g) (Carbon dioxide)<br><b>Example of decomposition reaction:</b><br>CaCO3(s) (Calcium carbonate) → CaO(s) (Calcium Oxide) + CO2(g) (Carbon dioxide)</p>"
                    },
                    "question_type": "Short Answer (3 marks)",
                    "difficulty_level": "medium",
                    "explanation_html": null
                  }
                ]
              },
              {
                "chapter_name": "Metals and Non-metals",
                "questions": [
                  {
                    "question_no": 28,
                    "question_html": "<p>Write the electron-dot structures of (i) sodium, and (ii) oxygen. Using these structures, show the formation of sodium oxide. Mark the anion and cation present in this compound. (At. No. - Sodium = 11 and Oxygen = 8)</p>",
                    "options": [],
                    "correct_answer": {
                      "text": "<p>(i) Sodium: Na•<br>(ii) Oxygen: :Ö:<br><b>Formation of sodium oxide:</b><br>2Na• + :Ö: → (Na+)2[:Ö:]2-<br><b>Cation:</b> Na+<br><b>Anion:</b> O2-</p>"
                    },
                    "question_type": "Short Answer (3 marks)",
                    "difficulty_level": "medium",
                    "explanation_html": null
                  }
                ]
              },
              {
                "chapter_name": "Control and Coordination",
                "questions": [
                  {
                    "question_no": 29,
                    "question_html": "<p><b>(a)</b> Define hormone.</p><p><b>(b)</b> \"Hormones should be secreted in precise quantities. We have a feedback mechanism through which this is done.\" With the help of an example justify the statement.</p>",
                    "options": [],
                    "correct_answer": {
                      "text": "<p><b>(a)</b> Hormones are chemical messengers (substances) which regulate body functions / Hormones are the biochemical substances produced in one part of the body and move to the target organ or tissue to regulate body function.</p><hr><p><b>(b)</b> Example: If the sugar level in blood rises, it is detected by cells of pancreas which respond to produce more insulin to lower blood sugar level. As the blood sugar level falls, it is detected by the cells of pancreas and insulin secretion is reduced. This is a feedback mechanism.</p>"
                    },
                    "question_type": "Short Answer (3 marks)",
                    "difficulty_level": "medium",
                    "explanation_html": null
                  }
                ]
              },
              {
                "chapter_name": "Heredity",
                "questions": [
                  {
                    "question_no": 30,
                    "question_html": "<p>The lowest part of the ear called earlobe, is closely attached to the side of the head in some of us (Figure 'X'), and not in others, called free earlobe (Figure 'Y'). Attached and free earlobes are two variants found in human populations. The gene for free earlobe is dominant over attached earlobes.</p><p><b>(a)</b> A man with attached earlobes marries a woman having free earlobes. 50% of their children have free earlobes and 50% have attached earlobes. Explain the inheritance of this trait and write the trait combinations of the progeny.</p><p><b>(b)</b> Write the gene combinations of the father and the mother in the above case.</p>",
                    "images": [
                      {
                        "url": "https://img.testbuddyai.com/Science-31-2-25-Q30.png"
                      }
                    ],
                    "options": [],
                    "correct_answer": {
                      "text": "<p><b>(a)</b> Since the gene for free earlobe (F) is dominant over attached earlobe (f), the man with attached earlobes has genotype ff. Since they have children with attached earlobes (ff), the woman with free earlobes must be heterozygous (Ff).<br>Cross: Ff × ff<br>Progeny trait combinations: Ff (free earlobes) and ff (attached earlobes).<br>The result is 50% children with free earlobes and 50% with attached earlobes, which matches the observation.</p><hr><p><b>(b)</b> Father: ff<br>Mother: Ff</p>"
                    },
                    "question_type": "Short Answer (3 marks)",
                    "difficulty_level": "hard",
                    "explanation_html": null
                  }
                ]
              },
              {
                "chapter_name": "Light - Reflection and Refraction",
                "questions": [
                  {
                    "question_no": 31,
                    "question_html": "<p>A convex lens forms an 8.0 cm long image of a 2.0 cm long object which is kept at a distance of 6.0 cm from the optical centre of the lens. If the object and the image are on the same side of the lens, find:</p><p><b>(i)</b> the nature of the image.</p><p><b>(ii)</b> the position of the image.</p><p><b>(iii)</b> the focal length of the lens.</p>",
                    "options": [],
                    "correct_answer": {
                      "text": "<p><b>(i)</b> Nature: Virtual and erect</p><hr><p><b>(ii)</b> Given h' = +8.0 cm, h = +2.0 cm, u = -6 cm. Magnification, m = h'/h = v/u. (+8.0)/(+2.0) = v/(-6.0) ⇒ 4 = v/(-6.0) ⇒ v = -24 cm. The image is at a distance of 24 cm from the lens.</p><hr><p><b>(iii)</b> Using lens formula 1/v - 1/u = 1/f. From part (ii), v = -24 cm and u = -6 cm. 1/(-24) - 1/(-6) = 1/f ⇒ (-1 + 4)/24 = 1/f ⇒ 3/24 = 1/f ⇒ f = 8 cm. The focal length of the lens is 8 cm.</p>"
                    },
                    "question_type": "Short Answer (3 marks)",
                    "difficulty_level": "hard",
                    "explanation_html": null
                  }
                ]
              },
              {
                "chapter_name": "Electricity",
                "questions": [
                  {
                    "question_no": 32,
                    "question_html": "<p><b>(i)</b> Three resistors of 2 Ω, 3 Ω and 6 Ω are connected in series. Draw the arrangement of the resistors and find the equivalent resistance of the arrangement.</p><p><b>(ii)</b> Three resistors of 2 Ω, 3 Ω and 6 Ω are connected in parallel. Draw the arrangement of the resistors and find the equivalent resistance of the arrangement.</p>",
                    "options": [],
                    "correct_answer": {
                      "text": "<p><b>(i)</b> [Diagram showing resistors 2Ω, 3Ω, and 6Ω connected in series]<br>In series, Rs = R1 + R2 + R3 = (2 + 3 + 6) Ω = 11 Ω</p><hr><p><b>(ii)</b> [Diagram showing resistors 2Ω, 3Ω, and 6Ω connected in parallel]<br>In parallel, 1/Rp = 1/R1 + 1/R2 + 1/R3 = 1/2 + 1/3 + 1/6 = (3+2+1)/6 = 6/6. Thus, Rp = 1.0 Ω</p>"
                    },
                    "question_type": "Short Answer (3 marks)",
                    "difficulty_level": "medium",
                    "explanation_html": null
                  }
                ]
              },
              {
                "chapter_name": "Our Environment",
                "questions": [
                  {
                    "question_no": 33,
                    "question_html": "<p>Write the essential function performed by ozone at the higher levels of the atmosphere. How is it formed in the upper atmosphere ? Write the name of the group of chemicals mainly responsible for the depletion of ozone layer.</p>",
                    "options": [],
                    "correct_answer": {
                      "text": "<p><b>Function:</b> Ozone (O3) shields the surface of the earth from harmful Ultraviolet (UV) radiation from the sun.<br><b>Formation:</b> UV radiation splits molecular oxygen (O2) into free oxygen (O) atoms. These atoms then combine with molecular oxygen to form ozone (O3).<br>O2 --UV--> O + O<br>O + O2 → O3<br><b>Chemicals responsible for depletion:</b> Chlorofluorocarbons (CFCs) / freons.</p>"
                    },
                    "question_type": "Short Answer (3 marks)",
                    "difficulty_level": "medium",
                    "explanation_html": null
                  }
                ]
              },
              {
                "chapter_name": "Carbon and its Compounds",
                "questions": [
                  {
                    "question_no": 34,
                    "question_html": "<p><b>(a)</b> (i) A compound 'X' having two carbon atoms in its molecule turns blue litmus red and 5 – 8% solution of 'X' in water is widely used as a preservative. Identify the compound 'X' and write its structure.<br>(ii) Compare the pH nature of compound 'X' (Ethanoic acid) with a mineral acid.<br>(iii) 'X' (Ethanoic acid) on reacting with alcohols produces sweet smelling compounds, used in making perfumes. Name the reaction and write its chemical equation.<br>(iv) When sodium carbonate is added to 'X' (Ethanoic acid), a colourless gas is produced which turns lime water milky. Write the chemical equation for the reaction giving the name of the salt produced.</p><p><b>OR</b></p><p><b>(b)</b> (i) Differentiate between saturated and unsaturated hydrocarbons by giving one example each, with a structural formula.<br>(ii) Write the method of converting an unsaturated hydrocarbon into a saturated hydrocarbon. Name the industry where this reaction is commonly used.<br>(iii) Write the name and structure of a hydrocarbon having double bond and four carbon atoms in its one molecule.</p>",
                    "options": [],
                    "correct_answer": {
                      "text": "<p><b>(a)</b><br>(i) Compound 'X' is Ethanoic acid (Acetic acid).<br>Structure: CH3COOH or H-C(H)(H)-C(=O)-OH</p><p>(ii) The pH of 'X' (a weak acid) will be higher than that of a mineral acid (a strong acid) of the same concentration.</p><p>(iii) The reaction is called Esterification.<br>Chemical equation: CH3COOH + CH3CH2OH --(Acid)--> CH3COOCH2CH3 + H2O</p><p>(iv) Chemical equation: 2CH3COOH + Na2CO3 → 2CH3COONa + CO2 + H2O<br>The salt produced is Sodium acetate or sodium ethanoate.</p><hr><p><b>(b)</b><br>(i) <b>Saturated hydrocarbons:</b> Have only single covalent bonds between all carbon atoms. Example: Propane, CH3-CH2-CH3.<br><b>Unsaturated hydrocarbons:</b> Have at least one double or triple bond between carbon atoms. Example: Propene, CH2=CH-CH3.</p><p>(ii) The method is addition of hydrogen in the presence of a catalyst like Nickel (Ni) or Palladium (Pd). This reaction is called hydrogenation.<br>It is commonly used in the hydrogenation of vegetable oils to produce vanaspati ghee.</p><p>(iii) Name: Butene<br>Structure: H2C=CH-CH2-CH3 (But-1-ene)</p>"
                    },
                    "question_type": "Long Answer (5 marks)",
                    "difficulty_level": "hard",
                    "explanation_html": null
                  }
                ]
              },
              {
                "chapter_name": "Life Processes",
                "questions": [
                  {
                    "question_no": 35,
                    "question_html": "<p><b>(a)</b> (i) “The length of the small intestine in various animals depends on the food they eat.” Justify the statement.<br>(ii) Discuss the role of the pancreas and bile juice in the digestion of food in human beings.<br>(iii) How is the small intestine designed to absorb digested food ?</p><p><b>OR</b></p><p><b>(b)</b> (i) State the role of rings of cartilage present in the throat.<br>(ii) Discuss the role of the ribs and diaphragm when air is taken in during the breathing cycle.<br>(iii) Why do we get muscle cramps during heavy exercise ? Explain.</p>",
                    "options": [],
                    "correct_answer": {
                      "text": "<p><b>(a)</b><br>(i) Herbivores that eat grass (which is rich in cellulose) need a longer small intestine to allow for the complete digestion of cellulose. Meat is easier to digest, so carnivores have shorter small intestines.</p><p>(ii) <b>Pancreas:</b> Secretes pancreatic juice which contains enzymes like trypsin for digesting proteins and lipase for breaking down emulsified fats.<br><b>Bile juice:</b> Emulsifies fats (breaks large fat globules into smaller ones) and makes the medium in the small intestine alkaline for pancreatic enzymes to act.</p><p>(iii) The inner lining of the small intestine has numerous finger-like projections called villi, which increase the surface area for absorption. The villi are richly supplied with blood vessels that transport the absorbed food to every cell in the body.</p><hr><p><b>(b)</b><br>(i) The rings of cartilage ensure that the air passage (trachea) does not collapse in the absence of air.</p><p>(ii) When we breathe in, the ribs are lifted upwards and outwards, and the diaphragm flattens. This increases the volume of the chest cavity, causing the pressure inside to decrease, and air is sucked into the lungs.</p><p>(iii) During heavy exercise, there can be a lack of oxygen in the muscle cells. This leads to anaerobic respiration, where pyruvate is converted into lactic acid. The accumulation of lactic acid in the muscles causes cramps.</p>"
                    },
                    "question_type": "Long Answer (5 marks)",
                    "difficulty_level": "hard",
                    "explanation_html": null
                  }
                ]
              },
              {
                "chapter_name": "Magnetic Effects of Electric Current",
                "questions": [
                  {
                    "question_no": 36,
                    "question_html": "<p><b>(a)</b> (i) The given figure shows the current passing through the straight conductor XY. Copy the diagram and draw the magnetic field lines when current flows from conductor X to Y.<br>(ii) Name and state the rule used in determining the direction of the magnetic field lines in the situation given above.<br>(iii) State Fleming's left hand rule. Using this rule, determine the direction of force applied on an electron entering a uniform magnetic field as shown in the figure.</p><p><b>OR</b></p><p><b>(b)</b> (i) Define the term solenoid. Draw the pattern of the magnetic field lines in and around a current carrying straight solenoid. Mark on the pattern the (i) direction of current, (ii) direction of field lines near the ends of the solenoid, and (iii) region where the magnetic field is uniform.<br>(ii) How would you make an electromagnet using a current carrying solenoid ?</p>",
                    "images": [
                      {
                        "url": "https://img.testbuddyai.com/Science-31-2-25-Q36a.png"
                      },
                      {
                        "url": "https://img.testbuddyai.com/Science-31-2-25-Q36a(iii).png"
                      }
                    ],
                    "options": [],
                    "correct_answer": {
                      "text": "<p><b>(a)</b><br>(i) [Copied diagram with concentric circles drawn around the conductor XY, with arrows indicating an anticlockwise direction when viewed from X].</p><p>(ii) <b>Rule:</b> Right-hand thumb rule.<br><b>Statement:</b> Imagine that you are holding a current-carrying straight conductor in your right hand such that the thumb points towards the direction of the current. Then your fingers will wrap around the conductor in the direction of the field lines of the magnetic field.</p><p>(iii) <b>Fleming's left hand rule:</b> Stretch the thumb, forefinger, and middle finger of your left hand so that they are mutually perpendicular. If the forefinger points in the direction of the magnetic field and the middle finger in the direction of the current, then the thumb will point in the direction of the force.<br><b>Direction of force:</b> Since an electron is moving upwards, the conventional current is downwards. Applying the rule (Magnetic field to the right, current downwards), the force is into the plane/page.</p><hr><p><b>(b)</b><br>(i) <b>Solenoid:</b> A coil of many turns of insulated copper wire wrapped closely in the shape of a cylinder.<br>[Diagram of a solenoid showing magnetic field lines. (i) Direction of current marked. (ii) Field lines emerging from North pole and entering South pole. (iii) Region inside the solenoid marked as uniform magnetic field].</p><p>(ii) By inserting a piece of soft iron rod inside the current-carrying solenoid.</p>"
                    },
                    "question_type": "Long Answer (5 marks)",
                    "difficulty_level": "hard",
                    "explanation_html": null
                  }
                ]
              },
              {
                "chapter_name": "Acids, Bases and Salts",
                "questions": [
                  {
                    "question_no": 37,
                    "question_html": "<p><b>(a)</b> Solution P is a strong acid while solution Q is a strong base. On the pH scale, where would you place the solutions P and Q ?</p><p><b>(b)</b> A solution has a pH of 7. Name a compound you would use to (i) increase its pH, and (ii) decrease its pH.</p><p><b>(c)</b> (i) When the pH of a solution is decreased from 4 to 2, what effect does it produce on its hydronium ion concentration ? State the colour change shown by the pH paper.</p><p><b>OR</b></p><p><b>(c)</b> (ii) A person is feeling pain and irritation in the stomach due to indigestion. What could be the pH of the fluid in the stomach ? Write the common name of the medicines people use for remedy. Give the chemical name of “milk of magnesia” often used for this purpose.</p>",
                    "options": [],
                    "correct_answer": {
                      "text": "<p><b>(a)</b> Solution P (strong acid) would be placed between pH 0 and 4.<br>Solution Q (strong base) would be placed between pH 12 and 14.</p><hr><p><b>(b)</b> (i) To increase pH (make it more alkaline), add a base like sodium hydroxide (NaOH).<br>(ii) To decrease pH (make it more acidic), add an acid like hydrochloric acid (HCl).</p><hr><p><b>(c) (i)</b> The hydronium ion (H3O+) concentration increases by 100 times (since pH is a logarithmic scale).<br>The colour of the pH paper will change from yellow/orange to red/pink.</p><hr><p><b>(c) (ii)</b> The pH of the fluid in the stomach could be low, between 1 and 3.<br>The common name of the medicines is antacids.<br>The chemical name of 'milk of magnesia' is Magnesium hydroxide, Mg(OH)2.</p>"
                    },
                    "question_type": "case-based subjective",
                    "difficulty_level": "medium",
                    "explanation_html": null
                  }
                ]
              },
              {
                "chapter_name": "How do Organisms Reproduce?",
                "questions": [
                  {
                    "question_no": 38,
                    "question_html": "<p><b>(a)</b> Write the site of fertilization in human female.</p><p><b>(b)</b> How does the uterus prepare itself to receive and nurture the growing embryo ? Explain.</p><p><b>(c)</b> (i) What happens when the egg is not fertilized ?</p><p><b>OR</b></p><p><b>(c)</b> (ii) How does the developing embryo get nutrition from the mother's blood ? Explain.</p>",
                    "options": [],
                    "correct_answer": {
                      "text": "<p><b>(a)</b> The site of fertilization is the oviduct or fallopian tube.</p><hr><p><b>(b)</b> The lining of the uterus thickens (becomes spongy) and becomes richly supplied with blood to nourish the growing embryo.</p><hr><p><b>(c) (i)</b> If the egg is not fertilized, the thickened uterine lining slowly breaks down and is shed from the body along with blood and mucous. This process is called menstruation.</p><hr><p><b>(c) (ii)</b> The developing embryo gets nutrition from the mother's blood through a special tissue called the Placenta, which is embedded in the uterine wall. The placenta provides a large surface area for glucose and oxygen to pass from the mother to the embryo.</p>"
                    },
                    "question_type": "case-based subjective",
                    "difficulty_level": "medium",
                    "explanation_html": null
                  }
                ]
              },
              {
                "chapter_name": "The Human Eye and the Colourful World",
                "questions": [
                  {
                    "question_no": 39,
                    "question_html": "<p><b>(a)</b> Name the phenomenon due to which a prism splits the incident white light into a band of colours.</p><p><b>(b)</b> State the reason of getting a band of seven colours in the above case.</p><p><b>(c)</b> (i) Explain with the help of a labelled ray diagram, an experimental arrangement to show the recombination of the spectrum of white light.</p><p><b>OR</b></p><p><b>(c)</b> (ii) Draw a labelled ray diagram to show the formation of a rainbow.</p>",
                    "images": [
                      {
                        "url": "https://img.testbuddyai.com/Science-31-2-25-Q39.png"
                      }
                    ],
                    "options": [],
                    "correct_answer": {
                      "text": "<p><b>(a)</b> The phenomenon is called dispersion of light.</p><hr><p><b>(b)</b> Different colours of light bend through different angles with respect to the incident ray as they pass through the prism. The red light bends the least while the violet the most.</p><hr><p><b>(c) (i)</b> Two identical prisms are placed in an inverted position with respect to each other. When the spectrum produced by the first prism (A) is passed through the second prism (B), a beam of white light emerges from the other side of prism B. [Diagram showing recombination of the spectrum with two inverted prisms].</p><hr><p><b>(c) (ii)</b> [A labelled ray diagram showing sunlight entering a water droplet, undergoing refraction and total internal reflection, and then dispersing into a spectrum of colours as it emerges after another refraction].</p>"
                    },
                    "question_type": "case-based subjective",
                    "difficulty_level": "medium",
                    "explanation_html": null
                  }
                ]
              }
            ]
          }
        ]
      }
    ]
  }
]