[
  {
    "exam_name_actual": "CBSE Board - Class 10",
    "main_exam_id_name_ref": "CBSE Board - Class 10",
    "years": [
      {
        "year": "2025",
        "papers_or_subjects": [
          {
            "paper_name": "CBSE Class 10 Science Paper 2025 (QP Code: 31/4/1)",
            "subject_name": "Science",
            "chapters": [
              {
                "chapter_name": "Chemical Reactions and Equations",
                "questions": [
                  {
                    "question_no": 1,
                    "question_html": "<p>In which one of the following situations a chemical reaction does not occur?</p>",
                    "options": [
                      {
                        "id": "a",
                        "text": "Milk is left open at room temperature during summer"
                      },
                      {
                        "id": "b",
                        "text": "Grapes get fermented"
                      },
                      {
                        "id": "c",
                        "text": "An iron nail is left exposed to humid atmosphere"
                      },
                      {
                        "id": "d",
                        "text": "Melting of glaciers"
                      }
                    ],
                    "correct_answer": {
                      "ids": [
                        "d"
                      ]
                    },
                    "question_type": "mcq_single",
                    "difficulty_level": "easy",
                    "explanation_html": "<p>Melting of glaciers is a physical change, which involves a change of state from solid ice to liquid water. The other options describe chemical reactions: souring of milk, fermentation of grapes (producing ethanol), and rusting of iron.</p>"
                  }
                ]
              },
              {
                "chapter_name": "Acids, Bases and Salts",
                "questions": [
                  {
                    "question_no": 2,
                    "question_html": "<p>In order to prepare dry hydrogen chloride gas in humid atmosphere the gas produced is passed through a guard tube (drying tube) which contains :</p>",
                    "options": [
                      {
                        "id": "a",
                        "text": "Calcium chloride"
                      },
                      {
                        "id": "b",
                        "text": "Calcium oxide"
                      },
                      {
                        "id": "c",
                        "text": "Calcium hydroxide"
                      },
                      {
                        "id": "d",
                        "text": "Calcium carbonate"
                      }
                    ],
                    "correct_answer": {
                      "ids": [
                        "a"
                      ]
                    },
                    "question_type": "mcq_single",
                    "difficulty_level": "medium",
                    "explanation_html": "<p>Anhydrous calcium chloride (CaCl₂) is a dehydrating agent used to dry gases. It effectively absorbs moisture from the humid atmosphere without reacting with the acidic hydrogen chloride gas.</p>"
                  }
                ]
              },
              {
                "chapter_name": "Metals and Non-metals",
                "questions": [
                  {
                    "question_no": 3,
                    "question_html": "<p>The property by virtue of which a solid material can be drawn into thin wires is called :</p>",
                    "options": [
                      {
                        "id": "a",
                        "text": "malleability"
                      },
                      {
                        "id": "b",
                        "text": "ductility"
                      },
                      {
                        "id": "c",
                        "text": "rigidity"
                      },
                      {
                        "id": "d",
                        "text": "resistivity"
                      }
                    ],
                    "correct_answer": {
                      "ids": [
                        "b"
                      ]
                    },
                    "question_type": "mcq_single",
                    "difficulty_level": "easy",
                    "explanation_html": "<p>Ductility is the property of metals that allows them to be drawn into thin wires. Malleability is the property that allows them to be hammered into thin sheets.</p>"
                  }
                ]
              },
              {
                "chapter_name": "Carbon and its Compounds",
                "questions": [
                  {
                    "question_no": 4,
                    "question_html": "<p>Select from the following a hydrocarbon having one C-C bond and one C≡C bond:</p>",
                    "options": [
                      {
                        "id": "a",
                        "text": "Benzene"
                      },
                      {
                        "id": "b",
                        "text": "Cyclohexane"
                      },
                      {
                        "id": "c",
                        "text": "Butyne"
                      },
                      {
                        "id": "d",
                        "text": "Propyne"
                      }
                    ],
                    "correct_answer": {
                      "ids": [
                        "d"
                      ]
                    },
                    "question_type": "mcq_single",
                    "difficulty_level": "medium",
                    "explanation_html": "<p>Propyne has the chemical structure CH₃–C≡CH. It contains one carbon-carbon single bond (C-C) and one carbon-carbon triple bond (C≡C).</p>"
                  }
                ]
              },
              {
                "chapter_name": "Life Processes",
                "questions": [
                  {
                    "question_no": 5,
                    "question_html": "<p>The essential element taken up from the soil by the plants to synthesize proteins is :</p>",
                    "options": [
                      {
                        "id": "a",
                        "text": "Phosphorus"
                      },
                      {
                        "id": "b",
                        "text": "Nitrogen"
                      },
                      {
                        "id": "c",
                        "text": "Iron"
                      },
                      {
                        "id": "d",
                        "text": "Magnesium"
                      }
                    ],
                    "correct_answer": {
                      "ids": [
                        "b"
                      ]
                    },
                    "question_type": "mcq_single",
                    "difficulty_level": "easy",
                    "explanation_html": "<p>Proteins are made of amino acids, and all amino acids contain nitrogen. Plants absorb nitrogen from the soil in the form of nitrates and nitrites to synthesize these essential proteins.</p>"
                  }
                ]
              },
              {
                "chapter_name": "Life Processes",
                "questions": [
                  {
                    "question_no": 6,
                    "question_html": "<p>Select TRUE statements about lymph from the following :<br>A. Lymph vessels carry lymph through the body and finally open into larger arteries.<br>B. Lymph contains some amount of plasma, proteins and blood cells.<br>C. Lymph contains some amount of plasma, proteins and red blood cells.<br>D. Lymph vessels carry lymph through the body and finally open into larger veins.</p><p>The true statements are :</p>",
                    "options": [
                      {
                        "id": "a",
                        "text": "A and B"
                      },
                      {
                        "id": "b",
                        "text": "B and D"
                      },
                      {
                        "id": "c",
                        "text": "A and C"
                      },
                      {
                        "id": "d",
                        "text": "C and D"
                      }
                    ],
                    "correct_answer": {
                      "ids": [
                        "b"
                      ]
                    },
                    "question_type": "mcq_single",
                    "difficulty_level": "medium",
                    "explanation_html": "<p>Statement B is true as lymph is tissue fluid containing plasma, proteins, and white blood cells. Statement D is true as the lymphatic system returns lymph to the blood circulation by emptying into large veins. Statement A is false as lymph drains into veins, not arteries. Statement C is false as lymph lacks red blood cells.</p>"
                  }
                ]
              },
              {
                "chapter_name": "How do Organisms Reproduce?",
                "questions": [
                  {
                    "question_no": 7,
                    "question_html": "<p>Plants like rose and banana have lost the capacity to produce :</p>",
                    "options": [
                      {
                        "id": "a",
                        "text": "flowers"
                      },
                      {
                        "id": "b",
                        "text": "buds"
                      },
                      {
                        "id": "c",
                        "text": "seeds"
                      },
                      {
                        "id": "d",
                        "text": "fruits"
                      }
                    ],
                    "correct_answer": {
                      "ids": [
                        "c"
                      ]
                    },
                    "question_type": "mcq_single",
                    "difficulty_level": "easy",
                    "explanation_html": "<p>Many cultivated varieties of plants like rose and banana are primarily propagated through vegetative methods because they have lost the capacity to produce viable seeds.</p>"
                  }
                ]
              },
              {
                "chapter_name": "How do Organisms Reproduce?",
                "questions": [
                  {
                    "question_no": 8,
                    "question_html": "<p>In a bisexual flower the male gametes are present in the :</p>",
                    "options": [
                      {
                        "id": "a",
                        "text": "anther"
                      },
                      {
                        "id": "b",
                        "text": "ovary"
                      },
                      {
                        "id": "c",
                        "text": "stigma"
                      },
                      {
                        "id": "d",
                        "text": "filament"
                      }
                    ],
                    "correct_answer": {
                      "ids": [
                        "a"
                      ]
                    },
                    "question_type": "mcq_single",
                    "difficulty_level": "easy",
                    "explanation_html": "<p>The anther is part of the stamen, the male reproductive organ of a flower. It is responsible for producing pollen grains, which contain the male gametes.</p>"
                  }
                ]
              },
              {
                "chapter_name": "Heredity",
                "questions": [
                  {
                    "question_no": 9,
                    "question_html": "<p>When a pure-tall pea plant is crossed with a pure-dwarf pea plant, the percentage of tall pea plants in F₁ and F₂ generation pea plants will be respectively:</p>",
                    "options": [
                      {
                        "id": "a",
                        "text": "100%; 25%"
                      },
                      {
                        "id": "b",
                        "text": "100%; 50%"
                      },
                      {
                        "id": "c",
                        "text": "100%; 75%"
                      },
                      {
                        "id": "d",
                        "text": "100%; 100%"
                      }
                    ],
                    "correct_answer": {
                      "ids": [
                        "c"
                      ]
                    },
                    "question_type": "mcq_single",
                    "difficulty_level": "medium",
                    "explanation_html": "<p>In a monohybrid cross between a pure-tall (TT) and pure-dwarf (tt) plant, all F₁ generation plants are heterozygous tall (Tt), hence 100% are tall. Self-crossing the F₁ generation (Tt x Tt) results in an F₂ generation with a phenotypic ratio of 3 tall to 1 dwarf, meaning 75% of the plants are tall.</p>"
                  }
                ]
              },
              {
                "chapter_name": "Light - Reflection and Refraction",
                "questions": [
                  {
                    "question_no": 10,
                    "question_html": "<p>To get an image of magnification –1 on a screen using a lens of focal length 20 cm, the object distance must be :</p>",
                    "options": [
                      {
                        "id": "a",
                        "text": "Less than 20 cm"
                      },
                      {
                        "id": "b",
                        "text": "30 cm"
                      },
                      {
                        "id": "c",
                        "text": "40 cm"
                      },
                      {
                        "id": "d",
                        "text": "80 cm"
                      }
                    ],
                    "correct_answer": {
                      "ids": [
                        "c"
                      ]
                    },
                    "question_type": "mcq_single",
                    "difficulty_level": "medium",
                    "explanation_html": "<p>A magnification of -1 signifies a real, inverted image of the same size as the object. For a convex lens, this specific image is formed only when the object is placed at twice the focal length (2F). Given f = 20 cm, the object must be placed at 2 × 20 = 40 cm.</p>"
                  }
                ]
              },
              {
                "chapter_name": "Light - Reflection and Refraction",
                "questions": [
                  {
                    "question_no": 11,
                    "question_html": "<p>An optical device 'X' is placed obliquely in the path of a narrow parallel beam of light. If the emergent beam gets displaced laterally, the device 'X' is:</p>",
                    "options": [
                      {
                        "id": "a",
                        "text": "plane mirror"
                      },
                      {
                        "id": "b",
                        "text": "convex lens"
                      },
                      {
                        "id": "c",
                        "text": "glass slab"
                      },
                      {
                        "id": "d",
                        "text": "glass prism"
                      }
                    ],
                    "correct_answer": {
                      "ids": [
                        "c"
                      ]
                    },
                    "question_type": "mcq_single",
                    "difficulty_level": "medium",
                    "explanation_html": "<p>When light passes through a parallel-sided glass slab, it emerges parallel to its original path but shifted sideways. This phenomenon is known as lateral displacement. A prism would cause deviation and dispersion.</p>"
                  }
                ]
              },
              {
                "chapter_name": "Electricity",
                "questions": [
                  {
                    "question_no": 12,
                    "question_html": "<p>A piece of wire of resistance 'R' is cut lengthwise into three identical parts. These parts are then connected in parallel. If the equivalent resistance of this combination is R', then the value of R/R' is :</p>",
                    "options": [
                      {
                        "id": "a",
                        "text": "1/9"
                      },
                      {
                        "id": "b",
                        "text": "1/3"
                      },
                      {
                        "id": "c",
                        "text": "3"
                      },
                      {
                        "id": "d",
                        "text": "9"
                      }
                    ],
                    "correct_answer": {
                      "ids": [
                        "d"
                      ]
                    },
                    "question_type": "mcq_single",
                    "difficulty_level": "hard",
                    "explanation_html": "<p>When the wire of resistance R is cut into three identical parts by length, the resistance of each part becomes R/3. When these three parts are connected in parallel, the equivalent resistance R' is given by 1/R' = 1/(R/3) + 1/(R/3) + 1/(R/3) = 3/R + 3/R + 3/R = 9/R. Thus, R' = R/9. The ratio R/R' = R / (R/9) = 9.</p>"
                  }
                ]
              },
              {
                "chapter_name": "Electricity",
                "questions": [
                  {
                    "question_no": 13,
                    "question_html": "<p>An electric bulb is rated 220 V; 11W. The resistance of its filament when it glows with a power supply of 220 V is :</p>",
                    "options": [
                      {
                        "id": "a",
                        "text": "4400 Ω"
                      },
                      {
                        "id": "b",
                        "text": "440 Ω"
                      },
                      {
                        "id": "c",
                        "text": "400 Ω"
                      },
                      {
                        "id": "d",
                        "text": "20 Ω"
                      }
                    ],
                    "correct_answer": {
                      "ids": [
                        "a"
                      ]
                    },
                    "question_type": "mcq_single",
                    "difficulty_level": "medium",
                    "explanation_html": "<p>Using the formula for electric power, P = V²/R, we can find the resistance R. Rearranging the formula gives R = V²/P. Substituting the given values: R = (220 V)² / 11 W = 48400 / 11 = 4400 Ω.</p>"
                  }
                ]
              },
              {
                "chapter_name": "Electricity",
                "questions": [
                  {
                    "question_no": 14,
                    "question_html": "<p>The minimum number of identical bulbs of rating 4V; 6W, that can work safely with desired brightness, when connected in series with a 240 V mains supply is :</p>",
                    "options": [
                      {
                        "id": "a",
                        "text": "20"
                      },
                      {
                        "id": "b",
                        "text": "40"
                      },
                      {
                        "id": "c",
                        "text": "60"
                      },
                      {
                        "id": "d",
                        "text": "80"
                      }
                    ],
                    "correct_answer": {
                      "ids": [
                        "c"
                      ]
                    },
                    "question_type": "mcq_single",
                    "difficulty_level": "medium",
                    "explanation_html": "<p>For the bulbs to work at their desired brightness in a series connection, the total voltage of the mains supply must be divided equally among them, with each bulb receiving its rated voltage. Number of bulbs = Total voltage / Voltage rating of one bulb = 240 V / 4 V = 60.</p>"
                  }
                ]
              },
              {
                "chapter_name": "Our Environment",
                "questions": [
                  {
                    "question_no": 15,
                    "question_html": "<p>In the food chains given below. Select the most efficient food chain in terms of energy :</p>",
                    "options": [
                      {
                        "id": "a",
                        "text": "Grass → Grasshopper → Frog → Snake"
                      },
                      {
                        "id": "b",
                        "text": "Plants → Deer → Lion"
                      },
                      {
                        "id": "c",
                        "text": "Plants → Man"
                      },
                      {
                        "id": "d",
                        "text": "Phytoplankton → Zooplankton → Small Fish → Big Fish"
                      }
                    ],
                    "correct_answer": {
                      "ids": [
                        "c"
                      ]
                    },
                    "question_type": "mcq_single",
                    "difficulty_level": "easy",
                    "explanation_html": "<p>Energy efficiency in a food chain is highest when the chain is shortest, as significant energy is lost at each successive trophic level (10% rule). The chain 'Plants → Man' has only two trophic levels, making it the most energy-efficient for the final consumer.</p>"
                  }
                ]
              },
              {
                "chapter_name": "Our Environment",
                "questions": [
                  {
                    "question_no": 16,
                    "question_html": "<p>Which one of the following gets biomagnified at different levels in a food chain?</p>",
                    "options": [
                      {
                        "id": "a",
                        "text": "Carbon monoxide"
                      },
                      {
                        "id": "b",
                        "text": "CFC's"
                      },
                      {
                        "id": "c",
                        "text": "DDT"
                      },
                      {
                        "id": "d",
                        "text": "Manure"
                      }
                    ],
                    "correct_answer": {
                      "ids": [
                        "c"
                      ]
                    },
                    "question_type": "mcq_single",
                    "difficulty_level": "easy",
                    "explanation_html": "<p>Biomagnification is the increasing concentration of non-biodegradable substances in organisms at successive trophic levels. DDT is a persistent pesticide that is known to accumulate in food chains and undergo biomagnification.</p>"
                  }
                ]
              },
              {
                "chapter_name": "Life Processes",
                "questions": [
                  {
                    "question_no": 17,
                    "question_html": "<p><strong>Assertion (A):</strong> In large animals, oxygen can reach different parts of the animal's body easily.<br><strong>Reason (R) :</strong> Respiratory pigments take up oxygen from the air and carry it to body tissues.</p>",
                    "options": [
                      {
                        "id": "a",
                        "text": "Both, Assertion (A) and Reason (R) are true, and Reason (R) is the correct explanation of Assertion (A)."
                      },
                      {
                        "id": "b",
                        "text": "Both, Assertion (A) and Reason (R) are true, and Reason (R) is not the correct explanation of Assertion (A)."
                      },
                      {
                        "id": "c",
                        "text": "Assertion (A) is true, but Reason (R) is false."
                      },
                      {
                        "id": "d",
                        "text": "Assertion (A) is false, but Reason (R) is true."
                      }
                    ],
                    "correct_answer": {
                      "ids": [
                        "d"
                      ]
                    },
                    "question_type": "mcq_single",
                    "difficulty_level": "medium",
                    "explanation_html": "<p>Assertion (A) is false because in large multicellular animals, the distance between cells is too great for oxygen to reach all parts of the body easily and quickly by simple diffusion. Reason (R) is true, as respiratory pigments like hemoglobin are essential for efficiently transporting oxygen through the blood to meet the metabolic demands of the body's tissues.</p>"
                  }
                ]
              },
              {
                "chapter_name": "Acids, Bases and Salts",
                "questions": [
                  {
                    "question_no": 18,
                    "question_html": "<p><strong>Assertion (A):</strong> Concentrated nitric acid is diluted by adding water slowly to acid with constant stirring.<br><strong>Reason (R) :</strong> Concentrated nitric acid is easily soluble in water.</p>",
                    "options": [
                      {
                        "id": "a",
                        "text": "Both, Assertion (A) and Reason (R) are true, and Reason (R) is the correct explanation of Assertion (A)."
                      },
                      {
                        "id": "b",
                        "text": "Both, Assertion (A) and Reason (R) are true, and Reason (R) is not the correct explanation of Assertion (A)."
                      },
                      {
                        "id": "c",
                        "text": "Assertion (A) is true, but Reason (R) is false."
                      },
                      {
                        "id": "d",
                        "text": "Assertion (A) is false, but Reason (R) is true."
                      }
                    ],
                    "correct_answer": {
                      "ids": [
                        "d"
                      ]
                    },
                    "question_type": "mcq_single",
                    "difficulty_level": "medium",
                    "explanation_html": "<p>Assertion (A) describes an incorrect and dangerous procedure. For diluting concentrated acids, the acid should always be added slowly to water, not the other way around, because the process is highly exothermic. Reason (R) is true; nitric acid is indeed highly soluble in water.</p>"
                  }
                ]
              },
              {
                "chapter_name": "Heredity",
                "questions": [
                  {
                    "question_no": 19,
                    "question_html": "<p><strong>Assertion (A):</strong> In reptiles, the temperature at which the fertilized eggs are kept decides the sex of the offsprings.<br><strong>Reason (R) :</strong> Sex is not genetically determined in some animals.</p>",
                    "options": [
                      {
                        "id": "a",
                        "text": "Both, Assertion (A) and Reason (R) are true, and Reason (R) is the correct explanation of Assertion (A)."
                      },
                      {
                        "id": "b",
                        "text": "Both, Assertion (A) and Reason (R) are true, and Reason (R) is not the correct explanation of Assertion (A)."
                      },
                      {
                        "id": "c",
                        "text": "Assertion (A) is true, but Reason (R) is false."
                      },
                      {
                        "id": "d",
                        "text": "Assertion (A) is false, but Reason (R) is true."
                      }
                    ],
                    "correct_answer": {
                      "ids": [
                        "a"
                      ]
                    },
                    "question_type": "mcq_single",
                    "difficulty_level": "easy",
                    "explanation_html": "<p>Assertion (A) is true; many reptiles exhibit temperature-dependent sex determination. Reason (R) is also true and provides the correct explanation for the assertion. Because sex is not determined by genes in these animals, environmental factors like temperature can influence the developmental pathway towards male or female.</p>"
                  }
                ]
              },
              {
                "chapter_name": "The Human Eye and the Colourful World",
                "questions": [
                  {
                    "question_no": 20,
                    "question_html": "<p><strong>Assertion (A) :</strong> When ciliary muscles contract, eye lens becomes thin.<br><strong>Reason (R) :</strong> Ciliary muscles control the power of the eye lens.</p>",
                    "options": [
                      {
                        "id": "a",
                        "text": "Both, Assertion (A) and Reason (R) are true, and Reason (R) is the correct explanation of Assertion (A)."
                      },
                      {
                        "id": "b",
                        "text": "Both, Assertion (A) and Reason (R) are true, and Reason (R) is not the correct explanation of Assertion (A)."
                      },
                      {
                        "id": "c",
                        "text": "Assertion (A) is true, but Reason (R) is false."
                      },
                      {
                        "id": "d",
                        "text": "Assertion (A) is false, but Reason (R) is true."
                      }
                    ],
                    "correct_answer": {
                      "ids": [
                        "d"
                      ]
                    },
                    "question_type": "mcq_single",
                    "difficulty_level": "medium",
                    "explanation_html": "<p>Assertion (A) is false. When ciliary muscles contract to view nearby objects, the tension in the suspensory ligaments is released, and the eye lens becomes thicker and more convex, not thin. Reason (R) is true, as the action of the ciliary muscles changes the focal length and thus the converging power of the eye lens in the process of accommodation.</p>"
                  }
                ]
              },
              {
                "chapter_name": "Chemical Reactions and Equations",
                "questions": [
                  {
                    "question_no": 21,
                    "question_html": "<p>Define oxidation. Identify and name the substance oxidised in the following reaction :</p><p>CuO + H₂ → Cu + H₂O</p>",
                    "options": [],
                    "correct_answer": {
                      "text": "<p>Oxidation is the gain of oxygen by a substance or the loss of hydrogen from a substance/ loss of electrons. In the given reaction, Hydrogen / H₂ is the substance oxidised.</p>"
                    },
                    "question_type": "Very Short Answer (2 marks)",
                    "difficulty_level": "easy",
                    "explanation_html": null
                  }
                ]
              },
              {
                "chapter_name": "Metals and Non-metals",
                "questions": [
                  {
                    "question_no": "22",
                    "question_html": "<p><b>(A)</b> Show the formation of magnesium chloride by electron transfer. Write the name of the cation and anion present in the compound formed. (Atomic Number of Mg = 12, Cl = 17)</p><p><b>(B)</b> How is zinc extracted from its ore? Name the processes involved in the extraction and write chemical equations for the reactions that occur during these processes.</p>",
                    "options": [],
                    "correct_answer": {
                      "text": "<p><b>(A)</b> Formation of MgCl₂:<br>Mg → Mg²⁺ + 2e⁻<br>Cl + e⁻ → Cl⁻<br>Mg²⁺ + 2Cl⁻ → MgCl₂<br>Cation - magnesium ion / (Mg²⁺)<br>Anion - chloride ion / (Cl⁻)</p><p><b>(B)</b> Zinc is extracted from its sulphide or carbonate ore.<br><b>If Zinc is in the form of sulphide ore:</b><br>1. Roasting: 2ZnS + 3O₂ --(Heat)--> 2ZnO + 2SO₂<br>2. Reduction: ZnO + C --(Heat)--> Zn + CO<br><b>If Zinc is in the form of carbonate ore:</b><br>1. Calcination: ZnCO₃ --(Heat)--> ZnO + CO₂<br>2. Reduction: ZnO + C --(Heat)--> Zn + CO</p>"
                    },
                    "question_type": "Very Short Answer (2 marks)",
                    "difficulty_level": "medium",
                    "explanation_html": null
                  }
                ]
              },
              {
                "chapter_name": "Life Processes",
                "questions": [
                  {
                    "question_no": 23,
                    "question_html": "<p>\"Plants use a variety of techniques to get rid of waste material.\" Justify this statement giving any four ways.</p>",
                    "options": [],
                    "correct_answer": {
                      "text": "<p>Four ways plants get rid of waste material:<br>1. Gaseous waste like O₂ is released through stomata.<br>2. Excess water is removed by transpiration.<br>3. Some waste is stored in leaves that are later shed.<br>4. Waste products like resins and gums are stored in old xylem.</p>"
                    },
                    "question_type": "Very Short Answer (2 marks)",
                    "difficulty_level": "easy",
                    "explanation_html": null
                  }
                ]
              },
              {
                "chapter_name": "Heredity",
                "questions": [
                  {
                    "question_no": 24,
                    "question_html": "<p>Explain with the help of a flow chart that in human beings father is responsible for the sex (male or female) of the child.</p>",
                    "options": [],
                    "correct_answer": {
                      "text": "<p>If a sperm carrying X chromosomes fertilizes an ovum which carries X chromosome, then the child born will be a girl.<br>If a sperm carrying Y chromosome fertilizes an ovum which carries X-Chromosome, then the child born will be a boy. Since the father produces two types of sperms (X and Y), he is responsible for the sex of the child.</p>"
                    },
                    "question_type": "Very Short Answer (2 marks)",
                    "difficulty_level": "easy",
                    "explanation_html": null
                  }
                ]
              },
              {
                "chapter_name": "The Human Eye and the Colourful World",
                "questions": [
                  {
                    "question_no": "25",
                    "question_html": "<p><b>(A)</b> Draw a ray diagram to show the refraction of a ray of light passing through an equilateral glass prism. Mark the angle through which the emergent ray bends from the direction of the incident ray and also name it.</p><p><b>(B)</b> Name the type of lenses required by the persons for the correction of their defect of vision called presbyopia. Write the structure of the lenses commonly used for the correction of this defect giving reason for such designs.</p>",
                    "options": [],
                    "correct_answer": {
                      "text": "<p><b>(A)</b> The angle marked is the Angle of deviation.</p><p><b>(B)</b> The type of lens required is a Bi-focal lens. The structure consists of an upper portion with a concave lens to correct myopia (for distant vision) and a lower portion with a convex lens to correct hypermetropia (for near vision). This design allows the person to see both distant and near objects clearly.</p>"
                    },
                    "question_type": "Very Short Answer (2 marks)",
                    "difficulty_level": "medium",
                    "explanation_html": null
                  }
                ]
              },
              {
                "chapter_name": "Magnetic Effects of Electric Current",
                "questions": [
                  {
                    "question_no": 26,
                    "question_html": "<p>What are magnetic field lines. List two important properties of magnetic field lines.</p>",
                    "options": [],
                    "correct_answer": {
                      "text": "<p>Magnetic field lines are imaginary lines used to represent the magnetic field around a magnet.<br>Two important properties are:<br>1. No two field lines cross each other.<br>2. Field lines emerge from the north pole and merge at the south pole.</p>"
                    },
                    "question_type": "Very Short Answer (2 marks)",
                    "difficulty_level": "easy",
                    "explanation_html": null
                  }
                ]
              },
              {
                "chapter_name": "Chemical Reactions and Equations",
                "questions": [
                  {
                    "question_no": "27",
                    "question_html": "<p><b>(A)</b> Why do we balance a chemical equation? Name and state the law that suggests the balancing of a chemical equation? Balance the following chemical equation :<br>Zn + H₃PO₄ → Zn₃(PO₄)₂ + H₂</p><p><b>(B)</b> Define a precipitation reaction. Give its example and also express the reaction that occurs in the form of a balanced chemical equation.</p>",
                    "options": [],
                    "correct_answer": {
                      "text": "<p><b>(A)</b> We balance a chemical equation to satisfy the law of conservation of mass.<br>The law is the Law of conservation of mass, which states that mass can neither be created nor destroyed in a chemical reaction.<br>Balanced equation: 3Zn + 2H₃PO₄ → Zn₃(PO₄)₂ + 3H₂</p><p><b>(B)</b> A precipitation reaction is a reaction in which an insoluble substance (a precipitate) is formed.<br>Example: When sodium sulphate solution is added to barium chloride solution, a white precipitate of barium sulphate is formed.<br>Balanced equation: Na₂SO₄(aq) + BaCl₂(aq) → BaSO₄(s) + 2NaCl(aq)</p>"
                    },
                    "question_type": "Short Answer (3 marks)",
                    "difficulty_level": "medium",
                    "explanation_html": null
                  }
                ]
              },
              {
                "chapter_name": "Metals and Non-metals",
                "questions": [
                  {
                    "question_no": 28,
                    "question_html": "<p>Design an activity to show that metals are good conductors of heat and have high melting points.</p>",
                    "options": [],
                    "correct_answer": {
                      "text": "<p><b>Activity:</b><br>1. Take an aluminum or copper wire and clamp it on a stand.<br>2. Fix a pin to the free end of the wire using wax.<br>3. Heat the wire with a spirit lamp or burner near the place where it is clamped.<br><b>Observation:</b> We will observe that the pin falls when the wax melts, but the wire does not melt.<br><b>Conclusion:</b> This indicates that heat is conducted along the wire (good conductor of heat) and that the metal has a high melting point (it did not melt).</p>"
                    },
                    "question_type": "Short Answer (3 marks)",
                    "difficulty_level": "medium",
                    "explanation_html": null
                  }
                ]
              },
              {
                "chapter_name": "Life Processes",
                "questions": [
                  {
                    "question_no": 29,
                    "question_html": "<p>The digestion of food in human alimentary canal is a complex process. State the enzyme/salt present in the following and mention their function in the process of digestion :<br>(i) Saliva<br>(ii) Bile Juice<br>(iii) Pancreatic Juice</p>",
                    "options": [],
                    "correct_answer": {
                      "text": "<p>(i) Saliva: Contains Salivary amylase, which converts Starch to sugar.<br>(ii) Bile Juice: Contains Bile salts, which emulsify fats (break down large fat globules into smaller ones) and make the food alkaline.<br>(iii) Pancreatic Juice: Contains Trypsin for digesting proteins and Lipase for breaking down emulsified fats.</p>"
                    },
                    "question_type": "Short Answer (3 marks)",
                    "difficulty_level": "medium",
                    "explanation_html": null
                  }
                ]
              },
              {
                "chapter_name": "Control and Coordination",
                "questions": [
                  {
                    "question_no": 30,
                    "question_html": "<p>State two limitations of electrical impulses in multicellular organisms. Why is chemical communication better than electrical impulses as a means of communication between cells in multicellular organisms?</p>",
                    "options": [],
                    "correct_answer": {
                      "text": "<p><b>Limitations of electrical impulses:</b><br>1. They reach only those cells that are connected by nervous tissue, not every cell in the animal body.<br>2. Once an electrical impulse is generated, the cell takes some time to reset its mechanism before it can generate a new impulse.<br><b>Chemical communication is better because:</b> The signals (chemical compounds like hormones) can potentially reach all cells of the body steadily and persistently, providing widespread and sustained responses.</p>"
                    },
                    "question_type": "Short Answer (3 marks)",
                    "difficulty_level": "medium",
                    "explanation_html": null
                  }
                ]
              },
              {
                "chapter_name": "Light - Reflection and Refraction",
                "questions": [
                  {
                    "question_no": 31,
                    "question_html": "<p>If we want to obtain a virtual and magnified image of an object by using a concave mirror of focal length 18 cm, where should the object be placed? Use mirror formula to determine the object distance for an image of magnification +2 produced by this mirror to justify your answer.</p>",
                    "options": [],
                    "correct_answer": {
                      "text": "<p>The object should be placed between the pole (P) and the principal focus (F), i.e., at a distance less than 18 cm from the mirror.<br><b>Justification using mirror formula:</b><br>Given: f = -18 cm, m = +2.<br>Magnification, m = -v/u = +2 => v = -2u.<br>Using the mirror formula 1/v + 1/u = 1/f:<br>1/(-2u) + 1/u = 1/(-18)<br>(-1+2)/2u = -1/18<br>1/2u = -1/18<br>2u = -18 => u = -9 cm.<br>The object distance is 9 cm, which is less than the focal length of 18 cm.</p>"
                    },
                    "question_type": "Short Answer (3 marks)",
                    "difficulty_level": "hard",
                    "explanation_html": null
                  }
                ]
              },
              {
                "chapter_name": "Electricity",
                "questions": [
                  {
                    "question_no": 32,
                    "question_html": "<p>The electrical resistivity of three materials A, B and C at 20°C is given below :<br>| Material | Resistivity (Ω m) |<br>|---|---|<br>| A | 10¹⁷ |<br>| B | 44 × 10⁻⁶ |<br>| C | 1.62 × 10⁻⁸ |<br>(i) Classify these materials as conductor, alloy and insulator.<br>(ii) Give one example of each of these materials and state one use of each material in the design of an electrical appliance say an electric stove or an electric iron.</p>",
                    "options": [],
                    "correct_answer": {
                      "text": "<p>(i) <b>Classification:</b><br>- A (very high resistivity) is an Insulator.<br>- B (intermediate resistivity) is an Alloy.<br>- C (very low resistivity) is a Conductor.<br>(ii) <b>Examples and Uses:</b><br>- A: Plastic/Rubber. Use: Handle of an electric iron.<br>- B: Nichrome. Use: Heating element in an electric stove or iron.<br>- C: Copper. Use: Electric wires for connecting the appliance.</p>"
                    },
                    "question_type": "Short Answer (3 marks)",
                    "difficulty_level": "medium",
                    "explanation_html": null
                  }
                ]
              },
              {
                "chapter_name": "Our Environment",
                "questions": [
                  {
                    "question_no": 33,
                    "question_html": "<p>What are decomposers? Give two examples. State how they maintain a balance in an ecosystem.</p>",
                    "options": [],
                    "correct_answer": {
                      "text": "<p>Decomposers are microorganisms which break down the complex organic substances into simple inorganic substances. Examples include bacteria and fungi.<br>They maintain balance in the ecosystem by breaking down dead organic matter and returning the simple inorganic substances to the soil. These substances are then used up again by plants, thus replenishing nutrients and maintaining the ecosystem's balance.</p>"
                    },
                    "question_type": "Short Answer (3 marks)",
                    "difficulty_level": "easy",
                    "explanation_html": null
                  }
                ]
              },
              {
                "chapter_name": "Carbon and its Compounds",
                "questions": [
                  {
                    "question_no": "34",
                    "question_html": "<p><b>(A)</b> A carbon compound 'A' on heating with excess conc. H₂SO₄ forms a compound 'B', which on addition of one mole of hydrogen gas in the presence of nickel catalyst forms a compound 'C'. ‘C’ on combustion in air forms 2 moles of carbon dioxide and 3 moles of water. Identify 'A', 'B' and 'C' and write their structures. Give chemical equations of the reactions involved. Also state the role of concentrated sulphuric acid in the formation of 'B' from ‘A’.</p><p><b>(B)</b> A carbon compound 'A' is widely used as a preservative in pickles and has a molecular formula C₂H₄O₂. This compound reacts with ethanol to form a sweet smelling compound 'B'.<br>(i) Identify the compound 'A' and write its structure.<br>(ii) Write the chemical equation for the reaction of 'A' with ethanol to form compound 'B'. State the role of presence of an acid in the reaction.<br>(iii) How can we get compound 'A' back from 'B' ?<br>(iv) How can 'A' be obtained from ethanol ?<br>(v) Name the gas produced when compound 'A' reacts with washing soda.</p>",
                    "options": [],
                    "correct_answer": {
                      "text": "<p><b>(A) Identification:</b><br>- Combustion of 'C' gives 2CO₂ and 3H₂O, so 'C' is Ethane (C₂H₆).<br>- 'C' is formed by adding H₂ to 'B', so 'B' is Ethene (C₂H₄).<br>- 'B' is formed by heating 'A' with conc. H₂SO₄, so 'A' is Ethanol (C₂H₅OH).<br><b>Structures:</b><br>- A (Ethanol): CH₃-CH₂-OH<br>- B (Ethene): CH₂=CH₂<br>- C (Ethane): CH₃-CH₃<br><b>Chemical Equations:</b><br>1. CH₃CH₂OH --(Hot Conc. H₂SO₄)--> CH₂=CH₂ + H₂O<br>2. CH₂=CH₂ + H₂ --(Ni catalyst)--> CH₃-CH₃<br>3. C₂H₆ + 7/2 O₂ → 2CO₂ + 3H₂O<br><b>Role of conc. H₂SO₄:</b> It acts as a dehydrating agent.</p><p><b>(B)</b> (i) Compound 'A' is Ethanoic acid (CH₃COOH). Structure: H₃C-C(=O)OH<br>(ii) CH₃COOH + C₂H₅OH --(Acid)--> CH₃COOC₂H₅ + H₂O. The acid acts as a catalyst.<br>(iii) Compound 'A' (Ethanoic acid) can be obtained back from 'B' (ethyl ethanoate, an ester) by saponification (hydrolysis with an alkali like NaOH followed by acidification).<br>(iv) 'A' (Ethanoic acid) can be obtained from ethanol by oxidation using alkaline potassium permanganate or acidified potassium dichromate.<br>(v) When Ethanoic acid reacts with washing soda (sodium carbonate), the gas produced is Carbon dioxide (CO₂).</p>"
                    },
                    "question_type": "Long Answer (5 marks)",
                    "difficulty_level": "hard",
                    "explanation_html": null
                  }
                ]
              },
              {
                "chapter_name": "How do Organisms Reproduce?",
                "questions": [
                  {
                    "question_no": "35",
                    "question_html": "<p><b>(A)</b> (i) What is regeneration? Give one example of an organism that shows this process and one organism that does not. Why does regeneration not occur in the latter?<br>(ii) Water in a pond appears dark green and contains filamentous structures. Name these structures and the method by which they reproduce. Explain the process.</p><p><b>(B)</b> (i) Name the part performing following functions in human male reproductive system :<br>(a) Carries sperm<br>(b) Production of male gametes<br>(c) Whose secretion makes the transport of sperms easier<br>(d) Provide suitable temperature for sperm formation<br>(ii) Write any two characteristics of sperms.<br>(iii) What are surgical contraceptive methods? Give the side effect caused by this procedure.</p>",
                    "options": [],
                    "correct_answer": {
                      "text": "<p><b>(A)</b> (i) Regeneration is the ability to give rise to new individual organisms from their body parts. An organism that shows regeneration is Planaria/Hydra. An organism that does not is Spirogyra. Regeneration does not occur in Spirogyra because it is a simple organism that does not have the specialised cells required to proliferate and form new cell types and tissues.<br>(ii) The filamentous structures are Spirogyra. They reproduce by Fragmentation. In this process, the filament simply breaks up into smaller pieces upon maturation, and each piece grows into a new individual.</p><p><b>(B)</b> (i) <br>(a) Vas deferens<br>(b) Testes<br>(c) Prostate gland/ seminal vesicles<br>(d) Scrotum<br>(ii) Two characteristics of sperms: consists of genetic material, has a tail for movement, small in size.<br>(iii) Surgical contraceptive methods involve blocking the vas deferens in males (vasectomy) and the fallopian tube in females (tubectomy) to prevent fertilization. A possible side effect is that infections can occur if the procedure is not performed properly.</p>"
                    },
                    "question_type": "Long Answer (5 marks)",
                    "difficulty_level": "hard",
                    "explanation_html": null
                  }
                ]
              },
              {
                "chapter_name": "Magnetic Effects of Electric Current",
                "questions": [
                  {
                    "question_no": "36",
                    "question_html": "<p><b>(A)</b> (i) Draw the pattern of the magnetic field lines for the two parallel straight conductors carrying current of same magnitude ‘I' in opposite directions as shown. Show the direction of magnetic field at a point O which is equidistant from the two conductors. (Consider that the conductors are inserted normal to the plane of a rectangular cardboard.)<br>(ii) In our houses we receive A.C. electric power of 220 V. In electric iron or electric heater cables having three wires with insulation of three different colours – red, black and green are used to draw current from the mains.<br>(a) What are these three different wires called? Name them colourwise.<br>(b) What is the potential difference between the red wire and the black wire?<br>(c) What is the role of the wire with green insulation in case of accidental leakage of electric current to the metallic body of an electrical appliance?</p><p><b>(B)</b> (i) By using the given experimental set-up. How can it be shown that :<br>(a) a force is exerted on the current-carrying conductor AB when it is placed in a magnetic field.<br>(b) the direction of force can be reversed in two ways.<br>(ii) When will the magnitude of the force be highest?<br>(iii) State Fleming's left hand rule.</p>",
                    "images": [
                      {
                        "url": "https://img.testbuddyai.com/Science-31-4-25-Q36a(i).png"
                      },
                      {
                        "url": "https://img.testbuddyai.com/Science-31-4-25-Q36b(i).png"
                      }
                    ],
                    "options": [],
                    "correct_answer": {
                      "text": "<p><b>(A)</b> (i) The magnetic field lines are concentric circles around each wire. At point O, the fields from both wires add up, pointing in the same direction (e.g., into the page, depending on current direction).<br>(ii)<br>(a) Red wire: Live wire; Black wire: Neutral wire; Green wire: Earth wire.<br>(b) The potential difference is 220 V.<br>(c) The green earth wire is a safety measure. It ensures that any leakage of current to the metallic body of the appliance keeps its potential at zero (same as the earth), preventing the user from getting a severe electric shock.</p><p><b>(B)</b> (i)<br>(a) When current is passed through the conductor AB, it gets displaced, showing a force is exerted on it.<br>(b) The direction of force can be reversed by: 1. Reversing the direction of the current. 2. Reversing the direction of the magnetic field.<br>(ii) The magnitude of the force is highest when the direction of the current is at right angles to the direction of the magnetic field.<br>(iii) Fleming's Left-Hand Rule: Stretch the thumb, forefinger, and middle finger of your left hand so they are mutually perpendicular. If the forefinger points in the direction of the magnetic field and the middle finger in the direction of the current, then the thumb will point in the direction of the force acting on the conductor.</p>"
                    },
                    "question_type": "Long Answer (5 marks)",
                    "difficulty_level": "hard",
                    "explanation_html": null
                  }
                ]
              },
              {
                "chapter_name": "Acids, Bases and Salts",
                "questions": [
                  {
                    "question_no": "37",
                    "question_html": "<p><b>(i)</b> Name the acid and the base from which common salt can be obtained.</p><p><b>(ii)</b> State the nature (acidic/basic/neutral) of sodium chloride. Give reason for the justification for your answer.</p><p><b>(iii)(A)</b> What happens when electric current is passed through an aqueous solution of sodium chloride (called brine)? Name the products obtained along with the corresponding places in the electrolytic cell where each of these products is obtained.</p><p><b>(iii)(B)</b> How is washing soda obtained from sodium chloride? Give chemical equation of the reactions involved in the process.</p>",
                    "options": [],
                    "correct_answer": {
                      "text": "<p><b>(i)</b> Acid: Hydrochloric acid / HCl<br>Base: Sodium hydroxide / NaOH</p><p><b>(ii)</b> Nature: Neutral.<br>Reason: It is a salt formed from a strong acid (HCl) and a strong base (NaOH).</p><p><b>(iii)(A)</b> The aqueous solution of sodium chloride (brine) decomposes (electrolysed).<br>Products:<br>- Sodium hydroxide (NaOH) solution is produced near the cathode.<br>- Chlorine gas (Cl₂) is produced at the anode.<br>- Hydrogen gas (H₂) is produced at the cathode.</p><p><b>(iii)(B)</b> Washing soda is obtained from sodium chloride by the Solvay process:<br>1. NaCl + H₂O + CO₂ + NH₃ → NH₄Cl + NaHCO₃<br>2. 2NaHCO₃ --(Heat)--> Na₂CO₃ + H₂O + CO₂<br>3. Recrystallisation of sodium carbonate gives washing soda: Na₂CO₃ + 10H₂O → Na₂CO₃.10H₂O</p>"
                    },
                    "question_type": "Case-based Subjective",
                    "difficulty_level": "medium",
                    "explanation_html": null
                  }
                ]
              },
              {
                "chapter_name": "Control and Coordination",
                "questions": [
                  {
                    "question_no": "38",
                    "question_html": "<p><b>(i)</b> Name the action by which we protect ourself in the situation mentioned above and define it.</p><p><b>(ii)</b> Write the role of (a) motor and (b) relay neuron.</p><p><b>(iii)(A)</b> What are the two types of nervous system in human body? Name the components of each of them.</p><p><b>(iii)(B)</b> Which part of the human brain is responsible for :<br>(a) thinking<br>(b) picking up a pencil<br>(c) controlling blood pressure<br>(d) controlling hunger</p>",
                    "options": [],
                    "correct_answer": {
                      "text": "<p><b>(i)</b> The action is a Reflex action. It is a sudden, involuntary action in response to a stimulus.</p><p><b>(ii)</b> (a) Motor neuron: Carries messages from the spinal cord to the effector organ/muscle.<br>(b) Relay neuron: Connects a sensory neuron to a motor neuron.</p><p><b>(iii)(A)</b> 1. Central Nervous System (CNS). Components: Brain, spinal cord.<br>2. Peripheral Nervous System (PNS). Components: Cranial nerves, spinal nerves.</p><p><b>(iii)(B)</b> (a) Fore-brain/Cerebrum<br>(b) Cerebellum / Hind-brain<br>(c) Medulla/ Hind-brain<br>(d) Fore-brain</p>"
                    },
                    "question_type": "Case-based Subjective",
                    "difficulty_level": "medium",
                    "explanation_html": null
                  }
                ]
              },
              {
                "chapter_name": "The Human Eye and the Colourful World",
                "questions": [
                  {
                    "question_no": "39",
                    "question_html": "<p><b>(i)</b> Give any one more instance in which this type of spectrum is observed.</p><p><b>(ii)</b> What happens to white light in the above case?</p><p><b>(iii)(A)</b> List two conditions necessary to observe a rainbow.</p><p><b>(iii)(B)</b> Draw a ray diagram to show the formation of a rainbow. Mark on it, points (a), (b) and (c) as given below :<br>(a) Where dispersion of light occurs.<br>(b) Where light gets reflected internally.<br>(c) Where final refraction occurs.</p>",
                    "options": [],
                    "correct_answer": {
                      "text": "<p><b>(i)</b> A spectrum is also observed in a rainbow.</p><p><b>(ii)</b> Dispersion of white light takes place; it splits into its constituent colors.</p><p><b>(iii)(A)</b> 1. The presence of water droplets in the atmosphere.<br>2. The sun must be at the back of the observer.</p><p><b>(iii)(B)</b> (a) Dispersion occurs as sunlight enters the raindrop.<br>(b) Total internal reflection occurs at the back surface of the raindrop.<br>(c) Final refraction occurs as the light exits the raindrop.</p>"
                    },
                    "question_type": "Case-based Subjective",
                    "difficulty_level": "medium",
                    "explanation_html": null
                  }
                ]
              }
            ]
          }
        ]
      }
    ]
  }
]