[
  {
    "exam_name_actual": "CBSE Board - Class 12 - Science",
    "main_exam_id_name_ref": "CBSE Board - Class 12 - Science",
    "years": [
      {
        "year": "2025",
        "papers_or_subjects": [
          {
            "paper_name": "CBSE Class 12 Science (Biology) Paper 2025 (QP Code: 57/7/1)",
            "subject_name": "Biology",
            "chapters": [
              {
                "chapter_name": "Molecular Basis of Inheritance",
                "questions": [
                  {
                    "question_no": 1,
                    "question_html": "<p>What are minisatellites ?</p>",
                    "options": [
                      {
                        "id": "a",
                        "text": "10 – 40 bp sized small sequences within the genes."
                      },
                      {
                        "id": "b",
                        "text": "Short coding repetitive sequences region on the eukaryotic genome."
                      },
                      {
                        "id": "c",
                        "text": "Short non-coding repetitive sequences forming a large portion of eukaryotic genome."
                      },
                      {
                        "id": "d",
                        "text": "Regions of coding strand of DNA."
                      }
                    ],
                    "correct_answer": {
                      "ids": [
                        "c"
                      ]
                    },
                    "question_type": "mcq_single",
                    "difficulty_level": "medium",
                    "explanation_html": "<p><b>Step-by-step derivation:</b></p><ol><li><b>Definition:</b> Minisatellites are a type of satellite DNA. Satellite DNA consists of repetitive sequences.</li><li><b>Nature of Sequences:</b> These repetitive sequences in satellite DNA do not code for any proteins, hence they are 'non-coding'.</li><li><b>Abundance:</b> These repetitive sequences, including minisatellites and microsatellites, constitute a large portion of the human genome.</li><li><b>Evaluation of Options:</b><br>   (A) Minisatellites are generally not found 'within' genes (coding sequences). Incorrect.<br>   (B) They are non-coding, not coding. Incorrect.<br>   (C) This correctly describes them as short, non-coding, repetitive sequences that form a large part of the eukaryotic genome. Correct.<br>   (D) They are part of the non-coding regions, not the coding strand specifically. Incorrect.</li></ol>"
                  }
                ]
              },
              {
                "chapter_name": "Biotechnology : Principles and Processes",
                "questions": [
                  {
                    "question_no": 2,
                    "question_html": "<p>Identify the incorrect statement regarding PCR.</p>",
                    "options": [
                      {
                        "id": "a",
                        "text": "Two sets of primers are required during polymerisation."
                      },
                      {
                        "id": "b",
                        "text": "The process of replication is repeated multiple times to produce one billion copies."
                      },
                      {
                        "id": "c",
                        "text": "Thermostable DNA polymerase is used for extension of primers."
                      },
                      {
                        "id": "d",
                        "text": "Annealing is required to separate both the strands of template DNA."
                      }
                    ],
                    "correct_answer": {
                      "ids": [
                        "d"
                      ]
                    },
                    "question_type": "mcq_single",
                    "difficulty_level": "medium",
                    "explanation_html": "<p><b>Step-by-step derivation:</b></p><ol><li><b>Analyze the steps of PCR:</b> PCR involves three main steps: Denaturation, Annealing, and Extension.</li><li><b>Evaluate Statement (A):</b> To amplify a specific DNA segment, one set of primers is required, which consists of two individual primers (a forward primer and a reverse primer). The statement says 'two sets of primers', which is technically incorrect for a single amplification reaction. However, let's evaluate other options which might be more definitively wrong.</li><li><b>Evaluate Statement (B):</b> PCR is a process of exponential amplification. Repeating the cycle about 30 times (2<sup>30</sup>) can produce over a billion copies of the target DNA. This statement is correct.</li><li><b>Evaluate Statement (C):</b> The denaturation step occurs at a high temperature (around 95°C). A thermostable DNA polymerase (like Taq polymerase) is required to withstand this heat and function in the subsequent extension step. This statement is correct.</li><li><b>Evaluate Statement (D):</b> This statement claims that 'Annealing is required to separate both the strands'. This is incorrect. The separation of the two DNA strands is achieved by heating the DNA to a high temperature, a step called <b>Denaturation</b>. <b>Annealing</b> is the next step where the temperature is lowered to allow the primers to bind to the single-stranded DNA templates. Therefore, this statement incorrectly describes the purpose of annealing.</li><li><b>Conclusion:</b> Statement (D) is factually incorrect regarding the PCR process.</li></ol>"
                  }
                ]
              },
              {
                "chapter_name": "Human Health and Disease",
                "questions": [
                  {
                    "question_no": 3,
                    "question_html": "<p>The following information is about drugs and tobacco. Select the correct statement from the options given below.</p>",
                    "options": [
                      {
                        "id": "a",
                        "text": "Cocaine is given to patients after surgery as it stimulates recovery."
                      },
                      {
                        "id": "b",
                        "text": "Chewing tobacco lowers blood pressure and heart rate."
                      },
                      {
                        "id": "c",
                        "text": "Barbiturates when given to criminals makes them tell the truth."
                      },
                      {
                        "id": "d",
                        "text": "Morphine is often given to persons who have undergone surgery as a painkiller."
                      }
                    ],
                    "correct_answer": {
                      "ids": [
                        "d"
                      ]
                    },
                    "question_type": "mcq_single",
                    "difficulty_level": "easy",
                    "explanation_html": "<p><b>Step-by-step derivation:</b></p><ol><li><b>Evaluate Statement (A):</b> Cocaine is a powerful central nervous system stimulant and a drug of abuse. It is not used medically for post-surgical recovery. This statement is incorrect.</li><li><b>Evaluate Statement (B):</b> Tobacco contains nicotine, which is a stimulant. It causes the release of adrenaline, which <i>increases</i> blood pressure and heart rate. This statement is incorrect.</li><li><b>Evaluate Statement (C):</b> Barbiturates are central nervous system depressants, used as sedatives. While some drugs (so-called 'truth serums') have been used in interrogations, their effectiveness is not scientifically proven, and this is not a standard use. This statement is incorrect/misleading.</li><li><b>Evaluate Statement (D):</b> Morphine is a very effective sedative and painkiller (analgesic). It is commonly used to manage severe pain, such as that experienced by patients after surgery. This statement is correct.</li></ol>"
                  }
                ]
              },
              {
                "chapter_name": "Sexual Reproduction in Flowering Plants",
                "questions": [
                  {
                    "question_no": 4,
                    "question_html": "<p>Given below are the events that are observed in an artificial hybridisation programme. Arrange them in the correct sequential order and select the correct option.<br>(i) Re-bagging<br>(ii) Selection of parents<br>(iii) Bagging<br>(iv) Dusting the pollens on stigma<br>(v) Emasculation<br>(vi) Collection of pollens from male parent</p>",
                    "options": [
                      {
                        "id": "a",
                        "text": "(ii), (iii), (v), (vi), (iv), (i)"
                      },
                      {
                        "id": "b",
                        "text": "(ii), (v), (iii), (vi), (iv), (i)"
                      },
                      {
                        "id": "c",
                        "text": "(v), (ii), (iii), (vi), (i), (iv)"
                      },
                      {
                        "id": "d",
                        "text": "(ii), (iii), (vi), (iv), (v), (i)"
                      }
                    ],
                    "correct_answer": {
                      "ids": [
                        "b"
                      ]
                    },
                    "question_type": "mcq_single",
                    "difficulty_level": "medium",
                    "explanation_html": "<p><b>Step-by-step derivation:</b></p><ol><li><b>Step 1: Selection of parents (ii)</b> - The first step is to select parent plants with the desired characteristics.</li><li><b>Step 2: Emasculation (v)</b> - If the selected female parent bears bisexual flowers, the anthers are removed from the flower bud before they dehisce. This prevents self-pollination.</li><li><b>Step 3: Bagging (iii)</b> - The emasculated flower is then covered with a bag (usually made of butter paper) to prevent contamination of its stigma with unwanted pollen.</li><li><b>Step 4: Collection of pollens from male parent (vi)</b> - Pollen grains are collected from the anthers of the selected male parent plant.</li><li><b>Step 5: Dusting the pollens on stigma (iv)</b> - The collected pollen grains are dusted onto the stigma of the bagged female flower.</li><li><b>Step 6: Re-bagging (i)</b> - After dusting, the flower is immediately re-bagged to allow the fruit and seeds to develop without any further contamination.</li><li><b>Conclusion:</b> The correct sequence of events is (ii) → (v) → (iii) → (vi) → (iv) → (i).</li></ol>"
                  }
                ]
              },
              {
                "chapter_name": "Principles of Inheritance and Variation",
                "questions": [
                  {
                    "question_no": 5,
                    "question_html": "<p>Which of the following conditions correctly describes the manner of determining the sex in the given options ?</p>",
                    "options": [
                      {
                        "id": "a",
                        "text": "Homozygous sex chromosomes (ZZ) determine female sex in birds."
                      },
                      {
                        "id": "b",
                        "text": "XO type of chromosomes determine male sex in grasshoppers."
                      },
                      {
                        "id": "c",
                        "text": "XO condition in humans determines female sex."
                      },
                      {
                        "id": "d",
                        "text": "Homozygous sex chromosomes (XX) produce male in Drosophila."
                      }
                    ],
                    "correct_answer": {
                      "ids": [
                        "b"
                      ]
                    },
                    "question_type": "mcq_single",
                    "difficulty_level": "medium",
                    "explanation_html": "<p><b>Step-by-step derivation:</b></p><ol><li><b>Evaluate Option (A):</b> In birds, the sex determination system is ZZ-ZW type. The male is homogametic (ZZ) and the female is heterogametic (ZW). Therefore, homozygous sex chromosomes (ZZ) determine the male sex, not female. This statement is incorrect.</li><li><b>Evaluate Option (B):</b> In grasshoppers, the sex determination system is XX-XO type. The female has two X chromosomes (XX), while the male has only one X chromosome (XO). The presence of only one X chromosome determines the male sex. This statement is correct.</li><li><b>Evaluate Option (C):</b> In humans, the normal female has XX chromosomes. The XO condition is a chromosomal disorder known as Turner's Syndrome, which results in females with certain characteristic features. It is not the normal mechanism for determining female sex. This statement is incorrect.</li><li><b>Evaluate Option (D):</b> In Drosophila, the sex determination system is XX-XY type, similar to humans. Homozygous sex chromosomes (XX) produce a female, not a male. This statement is incorrect.</li></ol>"
                  }
                ]
              },
              {
                "chapter_name": "Sexual Reproduction in Flowering Plants",
                "questions": [
                  {
                    "question_no": 6,
                    "question_html": "<p>Choose the option that correctly describes the gynoecium of Michelia :</p>",
                    "options": [
                      {
                        "id": "a",
                        "text": "Multicarpellary, Apocarpous"
                      },
                      {
                        "id": "b",
                        "text": "Bicarpellary, Apocarpous"
                      },
                      {
                        "id": "c",
                        "text": "Multicarpellary, Syncarpous"
                      },
                      {
                        "id": "d",
                        "text": "Bicarpellary, Syncarpous"
                      }
                    ],
                    "correct_answer": {
                      "ids": [
                        "a"
                      ]
                    },
                    "question_type": "mcq_single",
                    "difficulty_level": "medium",
                    "explanation_html": "<p><b>Step-by-step derivation:</b></p><ol><li><b>Define the terms:</b><br>   - <b>Multicarpellary:</b> The gynoecium consists of more than one carpel.<br>   - <b>Bicarpellary:</b> The gynoecium consists of two carpels.<br>   - <b>Apocarpous:</b> The carpels are free (not fused).<br>   - <b>Syncarpous:</b> The carpels are fused together.</li><li><b>Analyze the gynoecium of Michelia:</b> <i>Michelia</i> is a plant belonging to the family Magnoliaceae. A key characteristic of its flower is the presence of numerous, spirally arranged carpels on an elongated thalamus. These carpels are not fused with each other.</li><li><b>Conclusion:</b> Therefore, the gynoecium of <i>Michelia</i> is described as having multiple free carpels, which is correctly termed <b>Multicarpellary and Apocarpous</b>.</li></ol>"
                  }
                ]
              },
              {
                "chapter_name": "Human Health and Disease",
                "questions": [
                  {
                    "question_no": 8,
                    "question_html": "<p>Which one of the following immune system components does not correctly match with its respective role ?</p>",
                    "options": [
                      {
                        "id": "a",
                        "text": "Interferons – Secreted by virus-infected cells and protect non-infected cells from further viral infection."
                      },
                      {
                        "id": "b",
                        "text": "Macrophages – Mucus-secreting cells that trap microbes entering into the body."
                      },
                      {
                        "id": "c",
                        "text": "B-Lymphocytes – Produce antibodies in response to pathogens into blood to fight with them."
                      },
                      {
                        "id": "d",
                        "text": "IgA – Present in colostrum in early days of lactation to protect infants from diseases."
                      }
                    ],
                    "correct_answer": {
                      "ids": [
                        "b"
                      ]
                    },
                    "question_type": "mcq_single",
                    "difficulty_level": "easy",
                    "explanation_html": "<p><b>Step-by-step derivation:</b></p><ol><li><b>Evaluate Statement (A):</b> Interferons are cytokine proteins secreted by host cells (like lymphocytes, macrophages, and fibroblasts) in response to viral infections. They signal nearby uninfected cells to destroy RNA and reduce protein synthesis, thus preventing the virus from replicating. This match is correct.</li><li><b>Evaluate Statement (B):</b> Macrophages are a type of phagocytic cell. Their primary role is to engulf and digest cellular debris, pathogens, and cancer cells. They do not secrete mucus. Mucus-secreting cells are called goblet cells. This match is incorrect.</li><li><b>Evaluate Statement (C):</b> B-lymphocytes are a key component of the humoral immune response. When activated by an antigen, they differentiate into plasma cells, which produce and secrete large quantities of antibodies to neutralize pathogens. This match is correct.</li><li><b>Evaluate Statement (D):</b> IgA is the main class of antibody found in mucous secretions, including saliva, tears, and colostrum (the first milk). The IgA in colostrum provides passive immunity to the newborn infant, protecting their gastrointestinal tract from pathogens. This match is correct.</li><li><b>Conclusion:</b> The statement that incorrectly matches the component with its role is (B).</li></ol>"
                  }
                ]
              },
              {
                "chapter_name": "Biotechnology and its Applications",
                "questions": [
                  {
                    "question_no": 9,
                    "question_html": "<p>Which one of the following is not the product of transgenic experiments ?</p>",
                    "options": [
                      {
                        "id": "a",
                        "text": "Pest-resistant crop variety"
                      },
                      {
                        "id": "b",
                        "text": "High nutritional value in grains"
                      },
                      {
                        "id": "c",
                        "text": "Drought-resistant crops"
                      },
                      {
                        "id": "d",
                        "text": "Production of insulin by rDNA technique"
                      }
                    ],
                    "correct_answer": {
                      "ids": [
                        "d"
                      ]
                    },
                    "question_type": "mcq_single",
                    "difficulty_level": "medium",
                    "explanation_html": "<p><b>Step-by-step derivation:</b></p><ol><li><b>Define Transgenic Experiments:</b> These experiments involve the creation of a genetically modified organism (GMO) where a foreign gene is inserted into its genome. The organism itself is the primary product.</li><li><b>Evaluate Options (A), (B), and (C):</b><br>   - A pest-resistant crop variety (e.g., Bt cotton) is a transgenic plant.<br>   - A grain with high nutritional value (e.g., Golden Rice) is a transgenic plant.<br>   - A drought-resistant crop is a transgenic plant.<br>   In these cases, the modified organism (the plant) is the final product of the experiment.</li><li><b>Evaluate Option (D):</b> The production of insulin by rDNA technique involves creating transgenic bacteria (like <i>E. coli</i>) that carry the human insulin gene. While a transgenic organism is used, the desired end product is not the organism itself, but a biochemical (insulin) that is harvested from the organism. The other options refer to creating a modified organism as the final product.</li><li><b>Conclusion:</b> In this context, the production of a specific molecule (insulin) is considered distinct from the creation of a transgenic organism with new traits (pest resistance, etc.). Therefore, (D) is the option that is not a direct product in the same sense as the others.</li></ol>"
                  }
                ]
              },
              {
                "chapter_name": "Organisms and Populations",
                "questions": [
                  {
                    "question_no": 10,
                    "question_html": "<p>A biologist studied the population of rats in a granary. He found the average natality was 280, average mortality was 200, immigration was 40 and emigration was 50. The net increase in population is :</p>",
                    "options": [
                      {
                        "id": "a",
                        "text": "80"
                      },
                      {
                        "id": "b",
                        "text": "70"
                      },
                      {
                        "id": "c",
                        "text": "10"
                      },
                      {
                        "id": "d",
                        "text": "90"
                      }
                    ],
                    "correct_answer": {
                      "ids": [
                        "b"
                      ]
                    },
                    "question_type": "mcq_single",
                    "difficulty_level": "easy",
                    "explanation_html": "<p><b>Step-by-step derivation:</b></p><ol><li><b>Recall the formula for population growth:</b> The change in population size over a period is calculated by considering the factors that add individuals to the population and the factors that remove them. <br>   Population Growth = (Natality + Immigration) - (Mortality + Emigration)</li><li><b>Identify the given values:</b><br>   - Natality (birth rate) = 280<br>   - Mortality (death rate) = 200<br>   - Immigration (individuals moving in) = 40<br>   - Emigration (individuals moving out) = 50</li><li><b>Calculate the total additions to the population:</b><br>   Additions = Natality + Immigration = 280 + 40 = 320</li><li><b>Calculate the total removals from the population:</b><br>   Removals = Mortality + Emigration = 200 + 50 = 250</li><li><b>Calculate the net increase:</b><br>   Net Increase = Total Additions - Total Removals = 320 - 250 = 70</li><li><b>Conclusion:</b> The net increase in the population is 70.</li></ol>"
                  }
                ]
              },
              {
                "chapter_name": "Biodiversity and Conservation",
                "questions": [
                  {
                    "question_no": 11,
                    "question_html": "<p>India has only 2.4% of the world's land area but its share of the global species diversity is :</p>",
                    "options": [
                      {
                        "id": "a",
                        "text": "8.1%"
                      },
                      {
                        "id": "b",
                        "text": "12.9%"
                      },
                      {
                        "id": "c",
                        "text": "7.3%"
                      },
                      {
                        "id": "d",
                        "text": "5.1%"
                      }
                    ],
                    "correct_answer": {
                      "ids": [
                        "a"
                      ]
                    },
                    "question_type": "mcq_single",
                    "difficulty_level": "easy",
                    "explanation_html": "<p><b>Step-by-step derivation:</b></p><ol><li><b>Factual Recall:</b> This question requires recalling a key fact about India's biodiversity from the chapter on Biodiversity and Conservation.</li><li><b>Statement from Textbook:</b> According to NCERT and other standard biology texts, India, despite having only 2.4% of the world's land area, accounts for an impressively high share of the world's species diversity.</li><li><b>Specific Figure:</b> This share is documented to be approximately 8.1%. This makes India one of the 17 megadiverse countries of the world.</li><li><b>Conclusion:</b> The correct value is 8.1%.</li></ol>"
                  }
                ]
              },
              {
                "chapter_name": "Biotechnology and its Applications",
                "questions": [
                  {
                    "question_no": 12,
                    "question_html": "<p>Out of the following, select the correct match :</p>",
                    "options": [
                      {
                        "id": "a",
                        "text": "Transgenic cow milk – Human beta-lactalbumin protein"
                      },
                      {
                        "id": "b",
                        "text": "ELISA – Antigen antibody interaction"
                      },
                      {
                        "id": "c",
                        "text": "Corn Borer – Cry II Ab gene"
                      },
                      {
                        "id": "d",
                        "text": "Cotton plant – Meloidegyne Incognitia"
                      }
                    ],
                    "correct_answer": {
                      "ids": [
                        "b"
                      ]
                    },
                    "question_type": "mcq_single",
                    "difficulty_level": "medium",
                    "explanation_html": "<p><b>Step-by-step derivation:</b></p><ol><li><b>Evaluate Match (A):</b> The first transgenic cow, Rosie, produced milk containing human <b>alpha-lactalbumin</b>, not beta-lactalbumin. Therefore, this match is incorrect.</li><li><b>Evaluate Match (B):</b> ELISA stands for Enzyme-Linked Immunosorbent Assay. It is a widely used diagnostic test that is based on the principle of a specific <b>antigen-antibody interaction</b>. The presence of either an antigen or an antibody in a sample can be detected. Therefore, this match is correct.</li><li><b>Evaluate Match (C):</b> The Cry gene that controls the corn borer is <b>Cry I Ab</b>. The Cry II Ab gene, along with Cry I Ac, controls cotton bollworms. Therefore, this match is incorrect.</li><li><b>Evaluate Match (D):</b> <i>Meloidogyne incognitia</i> is a species of nematode (a pest) that infects the roots of plants like tobacco, not a feature or product of the cotton plant. RNA interference is used to make tobacco plants resistant to this nematode. Therefore, this match is incorrect.</li><li><b>Conclusion:</b> The only correct match is (B).</li></ol>"
                  }
                ]
              },
              {
                "chapter_name": "Microbes in Human Welfare",
                "questions": [
                  {
                    "question_no": 13,
                    "question_html": "<p><b>Assertion (A) :</b> Swiss cheese is characterized by large holes due to CO<sub>2</sub> production.<br><b>Reason (R) :</b> It is ripened by growing a specific fungi.</p>",
                    "options": [
                      {
                        "id": "a",
                        "text": "Both Assertion (A) and Reason (R) are true and Reason (R) is the correct explanation of the Assertion (A)."
                      },
                      {
                        "id": "b",
                        "text": "Both Assertion (A) and Reason (R) are true, but Reason (R) is not the correct explanation of the Assertion (A)."
                      },
                      {
                        "id": "c",
                        "text": "Assertion (A) is true, but Reason (R) is false."
                      },
                      {
                        "id": "d",
                        "text": "Assertion (A) is false, but Reason (R) is true."
                      }
                    ],
                    "correct_answer": {
                      "ids": [
                        "c"
                      ]
                    },
                    "question_type": "mcq_single",
                    "difficulty_level": "easy",
                    "explanation_html": "<p><b>Step-by-step derivation:</b></p><ol><li><b>Evaluate Assertion (A):</b> The statement that Swiss cheese has large holes due to the production of CO<sub>2</sub> is correct. A specific bacterium involved in its ripening produces a large amount of carbon dioxide gas, which gets trapped and forms the characteristic holes or 'eyes'. So, Assertion (A) is true.</li><li><b>Evaluate Reason (R):</b> The statement claims that this ripening is caused by a specific fungus. This is incorrect. The ripening and CO<sub>2</sub> production in Swiss cheese are due to the metabolic activity of a <b>bacterium</b> named <i>Propionibacterium shermanii</i>, not a fungus. So, Reason (R) is false.</li><li><b>Conclusion:</b> Since Assertion (A) is true and Reason (R) is false, the correct option is (C).</li></ol>"
                  }
                ]
              },
              {
                "chapter_name": "Molecular Basis of Inheritance",
                "questions": [
                  {
                    "question_no": 14,
                    "question_html": "<p><b>Assertion (A) :</b> Replication of DNA takes place in S phase of the cell cycle.<br><b>Reason (R) :</b> DNA replication and cell division cycle should be highly coordinated.</p>",
                    "options": [
                      {
                        "id": "a",
                        "text": "Both Assertion (A) and Reason (R) are true and Reason (R) is the correct explanation of the Assertion (A)."
                      },
                      {
                        "id": "b",
                        "text": "Both Assertion (A) and Reason (R) are true, but Reason (R) is not the correct explanation of the Assertion (A)."
                      },
                      {
                        "id": "c",
                        "text": "Assertion (A) is true, but Reason (R) is false."
                      },
                      {
                        "id": "d",
                        "text": "Assertion (A) is false, but Reason (R) is true."
                      }
                    ],
                    "correct_answer": {
                      "ids": [
                        "a"
                      ]
                    },
                    "question_type": "mcq_single",
                    "difficulty_level": "medium",
                    "explanation_html": "<p><b>Step-by-step derivation:</b></p><ol><li><b>Evaluate Assertion (A):</b> The cell cycle is divided into interphase (G1, S, G2) and M phase. The synthesis of DNA, known as replication, occurs specifically during the S (Synthesis) phase of interphase. This ensures that the amount of DNA per cell doubles before it enters mitosis. So, Assertion (A) is true.</li><li><b>Evaluate Reason (R):</b> The progression through the cell cycle is a very tightly regulated and coordinated process. For a cell to divide successfully and produce viable daughter cells, DNA replication must be completed accurately before cell division (mitosis) begins. Any failure in this coordination can lead to genetic abnormalities. So, Reason (R) is true.</li><li><b>Establish the relationship:</b> The reason that DNA replication is restricted to a specific phase (S phase) is precisely because of the need for coordination. The cell cycle ensures that DNA is copied only once and at the right time before the cell divides. Therefore, the high degree of coordination (Reason) explains why replication occurs in a specific phase (Assertion).</li><li><b>Conclusion:</b> Both Assertion (A) and Reason (R) are true, and Reason (R) is the correct explanation of Assertion (A).</li></ol>"
                  }
                ]
              },
              {
                "chapter_name": "Principles of Inheritance and Variation",
                "questions": [
                  {
                    "question_no": 15,
                    "question_html": "<p><b>Assertion (A) :</b> A male individual always inherits haemophilia from his mother.<br><b>Reason (R) :</b> The gene for haemophilia lies on X-chromosome.</p>",
                    "options": [
                      {
                        "id": "a",
                        "text": "Both Assertion (A) and Reason (R) are true and Reason (R) is the correct explanation of the Assertion (A)."
                      },
                      {
                        "id": "b",
                        "text": "Both Assertion (A) and Reason (R) are true, but Reason (R) is not the correct explanation of the Assertion (A)."
                      },
                      {
                        "id": "c",
                        "text": "Assertion (A) is true, but Reason (R) is false."
                      },
                      {
                        "id": "d",
                        "text": "Assertion (A) is false, but Reason (R) is true."
                      }
                    ],
                    "correct_answer": {
                      "ids": [
                        "a"
                      ]
                    },
                    "question_type": "mcq_single",
                    "difficulty_level": "easy",
                    "explanation_html": "<p><b>Step-by-step derivation:</b></p><ol><li><b>Evaluate Reason (R):</b> The statement that the gene for haemophilia lies on the X-chromosome is a fundamental concept of genetics. Haemophilia is a classic example of an X-linked recessive disorder. So, Reason (R) is true.</li><li><b>Evaluate Assertion (A):</b> A male has one X and one Y chromosome (XY). He inherits the Y chromosome from his father and the X chromosome from his mother. Since the gene for haemophilia is on the X chromosome (as stated in R), a male can only inherit this gene from the X chromosome he receives from his mother. He cannot inherit it from his father, who provides the Y chromosome. Therefore, a male individual always inherits haemophilia from his mother. So, Assertion (A) is true.</li><li><b>Establish the relationship:</b> The fact that the gene is on the X chromosome (Reason) is the direct cause for the inheritance pattern described in the Assertion (a male inherits it from his mother). The location of the gene dictates its mode of inheritance.</li><li><b>Conclusion:</b> Both Assertion (A) and Reason (R) are true, and Reason (R) is the correct explanation of Assertion (A).</li></ol>"
                  }
                ]
              },
              {
                "chapter_name": "Biotechnology : Principles and Processes",
                "questions": [
                  {
                    "question_no": 16,
                    "question_html": "<p><b>Assertion (A) :</b> A piece of DNA inserted into an alien organism generally does not replicate, if not inserted into a chromosome.<br><b>Reason (R) :</b> Chromosomes have specific sequences called ‘ori’ region, where DNA replication is initiated.</p>",
                    "options": [
                      {
                        "id": "a",
                        "text": "Both Assertion (A) and Reason (R) are true and Reason (R) is the correct explanation of the Assertion (A)."
                      },
                      {
                        "id": "b",
                        "text": "Both Assertion (A) and Reason (R) are true, but Reason (R) is not the correct explanation of the Assertion (A)."
                      },
                      {
                        "id": "c",
                        "text": "Assertion (A) is true, but Reason (R) is false."
                      },
                      {
                        "id": "d",
                        "text": "Assertion (A) is false, but Reason (R) is true."
                      }
                    ],
                    "correct_answer": {
                      "ids": [
                        "a"
                      ]
                    },
                    "question_type": "mcq_single",
                    "difficulty_level": "medium",
                    "explanation_html": "<p><b>Step-by-step derivation:</b></p><ol><li><b>Evaluate Reason (R):</b> DNA replication is not a random process. It starts at a specific site on the DNA molecule called the 'origin of replication' or 'ori'. The host cell's replication machinery recognizes and binds to this site to initiate DNA synthesis. Chromosomes naturally contain these ori sites. So, Reason (R) is true.</li><li><b>Evaluate Assertion (A):</b> A random piece of foreign DNA, when introduced into an alien organism, will not have the specific 'ori' sequence that the host's replication machinery can recognize. As a result, the host cell will not be able to initiate replication of this foreign DNA. For the foreign DNA to be replicated, it must become part of a replicon, which is a DNA molecule that has an ori site. This is achieved by inserting it into the host's chromosome or into a vector (like a plasmid) that has its own ori. So, Assertion (A) is true.</li><li><b>Establish the relationship:</b> The reason why a piece of foreign DNA doesn't replicate (Assertion) is precisely because it lacks an origin of replication that the host cell can use. The existence and necessity of the 'ori' region (Reason) directly explains the phenomenon described in the Assertion.</li><li><b>Conclusion:</b> Both Assertion (A) and Reason (R) are true, and Reason (R) is the correct explanation of Assertion (A).</li></ol>"
                  }
                ]
              },
              {
                "chapter_name": "Biotechnology and its Applications",
                "questions": [
                  {
                    "question_no": 17,
                    "question_html": "<p><b>(a)</b> Name the Indian crop variety for which, in 1997, an American company got patent rights through the US Patent and Trademark Office. This is considered a case of Biopiracy. Justify.<br><b>OR</b><br><b>(b)</b> State two purposes for which the Indian Government has set up GEAC (Genetic Engineering Approval Committee).</p>",
                    "options": [],
                    "correct_answer": {
                      "text": "<p><b>(a)</b><br>The Indian crop variety is <b>Basmati rice</b>.<br><b>Justification for Biopiracy:</b> This is considered biopiracy because the American company obtained a patent for a variety of rice that was derived from traditional Indian farmer's varieties. The company claimed it as a new 'invention' or novelty without giving any credit or compensation to the Indian farmers and communities who had developed and conserved these varieties for centuries. It was an unauthorized use of bio-resources and traditional knowledge.<br><br><b>OR</b><br><br><b>(b)</b><br>Two purposes of GEAC are:<br>1. To make decisions regarding the validity of GM (Genetically Modified) research and its applications.<br>2. To ensure the safety of introducing GM organisms for public services and consumption.</p>"
                    },
                    "question_type": "Very Short Answer (2 marks)",
                    "difficulty_level": "medium",
                    "explanation_html": null
                  }
                ]
              },
              {
                "chapter_name": "Human Reproduction",
                "questions": [
                  {
                    "question_no": 18,
                    "question_html": "<p><b>(a)</b> “A fully developed foetus initiates its delivery from the mother’s womb.” Explain.<br><b>OR</b><br><b>(b)</b> Give reasons for the following :<br>(i) Why can a woman generally not conceive a child after 50 years of age ?<br>(ii) Polar bodies are formed during oogenesis and not during spermatogenesis.</p>",
                    "options": [],
                    "correct_answer": {
                      "text": "<p><b>(a)</b> The signals for parturition (childbirth) originate from the fully developed foetus and the placenta. These signals induce mild uterine contractions, which is known as the foetal ejection reflex. This reflex triggers the release of oxytocin from the mother’s posterior pituitary gland. Oxytocin then acts on the uterine muscles, causing stronger and stronger contractions, which leads to the expulsion of the baby.<br><br><b>OR</b><br><br><b>(b)</b><br>(i) A woman generally cannot conceive after the age of 50 because she reaches menopause. Menopause is the phase when the menstrual cycle ceases. This happens due to the depletion of oocytes in the ovaries, and the ovaries no longer produce the hormones (estrogen and progesterone) required to support a pregnancy.<br>(ii) Polar bodies are formed during oogenesis because it involves unequal cytoplasmic division (cytokinesis). This ensures that the one resulting ovum is large and retains most of the cytoplasm and nutrients, which are essential for the early development of the embryo. In contrast, spermatogenesis involves equal cytoplasmic division, resulting in four functional spermatids of equal size.</p>"
                    },
                    "question_type": "Very Short Answer (2 marks)",
                    "difficulty_level": "medium",
                    "explanation_html": null
                  }
                ]
              },
              {
                "chapter_name": "Evolution",
                "questions": [
                  {
                    "question_no": 19,
                    "question_html": "<p>A few stages and their respective time period in the evolutionary history of human beings are mentioned in the flowchart given below :<br>15 mya – Primates walking like gorillas and chimpanzees existed. (a)<br>↓<br>3 – 4 mya – Man-like primates walked in Eastern Africa. Fossils of their bones were discovered. (b)<br>↓<br>2 mya – This ancestor lived in the East African grasslands and ate fruits. (c)<br>↓<br>1.5 mya – This hominid had a brain size of 900 cc and probably ate meat. (d)<br>Based on the above information, answer the following questions :<br>(a) Name one primate about 15 mya.<br>(b) Name one place where fossils of primates were discovered in Eastern Africa.<br>(c) Name the ancestor that lived in the East African grasslands about 2 mya.<br>(d) Name the hominid that was found around 1.5 mya.</p>",
                    "options": [],
                    "correct_answer": {
                      "text": "<p>(a) <b>Dryopithecus / Ramapithecus</b><br>(b) <b>Tanzania / Ethiopia</b><br>(c) <b>Australopithecines</b><br>(d) <b>Homo erectus</b></p>"
                    },
                    "question_type": "Very Short Answer (2 marks)",
                    "difficulty_level": "medium",
                    "explanation_html": null
                  }
                ]
              },
              {
                "chapter_name": "Human Health and Disease",
                "questions": [
                  {
                    "question_no": 20,
                    "question_html": "<p><b>(a)</b> How does a human body respond when vaccine is introduced into it ? It is said that vaccinations are a must for a healthy society. Justify.<br><b>OR</b><br><b>(b)</b> Humans have innate immunity for protection against pathogens that may enter the gut along with food. What are the two barriers in our body that protect it from such pathogens ?</p>",
                    "options": [],
                    "correct_answer": {
                      "text": "<p><b>(a)</b> When a vaccine (containing weakened/inactivated pathogens or antigenic proteins) is introduced, the body's immune system recognizes it as foreign and mounts a primary immune response. It produces antibodies and generates memory B-cells and T-cells.<br><b>Justification:</b> Vaccinations are a must for a healthy society because they not only protect the vaccinated individual but also help in establishing 'herd immunity'. When a large portion of the population is immune, it reduces the spread of the pathogen, protecting vulnerable individuals who cannot be vaccinated. This prevents the occurrence of disease epidemics.<br><br><b>OR</b><br><br><b>(b)</b><br>Two barriers of innate immunity that protect the gut from food-borne pathogens are:<br>1.  <b>Physiological Barrier:</b> The acid in the stomach (gastric HCl) creates a very low pH environment that kills most microbes present in food. Saliva in the mouth also contains enzymes like lysozyme that have antibacterial properties.<br>2.  <b>Physical Barrier:</b> The mucus coating of the epithelial lining of the gastrointestinal tract helps in trapping microbes and preventing them from adhering to the gut wall.</p>"
                    },
                    "question_type": "Very Short Answer (2 marks)",
                    "difficulty_level": "medium",
                    "explanation_html": null
                  }
                ]
              },
              {
                "chapter_name": "Principles of Inheritance and Variation",
                "questions": [
                  {
                    "question_no": 21,
                    "question_html": "<p>A karyotype of a human suffering from a certain disorder is given below :<br><b>(a)</b> Identify the disorder.<br><b>(b)</b> Write the symptoms of the disorder.<br><b>(c)</b> Give reason for such a disorder.</p>",
                    "images": [
                      {
                        "url": "https://img.testbuddyai.com/Biology-57-7-25-Q21.png"
                      }
                    ],
                    "options": [],
                    "correct_answer": {
                      "text": "<p><b>(a)</b> The disorder is <b>Klinefelter's syndrome</b>. This is identified by the presence of an extra X chromosome in a male (XXY).<br><br><b>(b)</b> Symptoms include: The individual is male but shows some feminine development (gynaecomastia or development of breasts), is sterile, has underdeveloped testes, and may have tall stature.<br><br><b>(c)</b> The reason for this disorder is <b>aneuploidy</b>, specifically the trisomy of sex chromosomes. It arises due to the <b>non-disjunction</b> (failure of segregation) of X chromatids during meiotic cell division in one of the parents, resulting in a gamete with an extra X chromosome (XX), which then fuses with a normal Y gamete.</p>"
                    },
                    "question_type": "Very Short Answer (2 marks)",
                    "difficulty_level": "medium",
                    "explanation_html": null
                  }
                ]
              },
              {
                "chapter_name": "Reproductive Health",
                "questions": [
                  {
                    "question_no": 22,
                    "question_html": "<p>A village health worker was taking a session with women. She tells them that one has to be careful while using oral pills as a method of birth control. Wrong usage can actually promote conception.<br><b>(a)</b> Analyse the above statement and compare the merits and demerits of using oral pills and surgical methods of birth control.<br><b>(b)</b> Village women are confused as to how a thin metallic copper loop can provide protection against pregnancy. Explain the mode of action of IUDs. Give two points.</p>",
                    "options": [],
                    "correct_answer": {
                      "text": "<p><b>(a)</b> The statement is plausible because inconsistent use of oral pills can disrupt the hormonal cycle. Missing pills can lead to a rebound ovulation, and if intercourse occurs during this time, it might lead to an unplanned pregnancy.<br><br><b>Comparison:</b><br><b>Oral Pills:</b><br>   - <b>Merits:</b> Highly effective when used correctly, reversible, cost-effective, and user-friendly.<br>   - <b>Demerits:</b> Have side effects if taken for a long time, require strict daily adherence, and wrong usage can lead to failure.<br><b>Surgical Methods (Sterilization):</b><br>   - <b>Merits:</b> Highly effective and permanent method, blocks gamete transport.<br>   - <b>Demerits:</b> Not reversible, can have surgical complications if not performed in hygienic conditions.<br><br><b>(b)</b> Intra-Uterine Devices (IUDs) like the copper loop provide protection in the following ways (any two points):<br>1.  Copper-releasing IUDs release copper ions (Cu<sup>++</sup>) into the uterus. These ions suppress the motility of sperm and also their fertilizing capacity.<br>2.  IUDs increase the phagocytosis (engulfing) of sperms within the uterus.<br>3.  Hormone-releasing IUDs make the uterus unsuitable for implantation and the cervix hostile to sperms.</p>"
                    },
                    "question_type": "Short Answer (3 marks)",
                    "difficulty_level": "medium",
                    "explanation_html": null
                  }
                ]
              },
              {
                "chapter_name": "Evolution",
                "questions": [
                  {
                    "question_no": 23,
                    "question_html": "<p><b>(a)</b> “The process of evolution of different species in a given geographical area starts from a point and literally radiates to other geographical areas.” Explain it with an example.<br><b>(b)</b> Cite an example where more than one adaptive radiation has occurred in an isolated geographical area. Name the type of evolution your example depicts.</p>",
                    "options": [],
                    "correct_answer": {
                      "text": "<p><b>(a)</b> The process described is <b>adaptive radiation</b>, which is a form of divergent evolution.<br><b>Example:</b> Darwin's finches in the Galapagos Islands. A single ancestral seed-eating finch species arrived on the islands. From this single point of origin, they radiated out and evolved into many different species, each adapted to a specific niche with altered beak shapes for different food sources (e.g., insectivorous, vegetarian finches).<br><br><b>(b)</b><br><b>Example:</b> In Australia, more than one adaptive radiation has occurred. One is the radiation of <b>Australian Marsupials</b>, where a number of different marsupials evolved from a single ancestral stock. The other is the radiation of <b>Placental Mammals</b> elsewhere in the world.<br><b>Type of Evolution:</b> When these two separate adaptive radiations (marsupials in Australia and placental mammals elsewhere) result in animals that have similar appearances and ecological roles (e.g., Marsupial mole and Placental mole), it is an example of <b>Convergent Evolution</b>.</p>"
                    },
                    "question_type": "Short Answer (3 marks)",
                    "difficulty_level": "medium",
                    "explanation_html": null
                  }
                ]
              },
              {
                "chapter_name": "Molecular Basis of Inheritance",
                "questions": [
                  {
                    "question_no": 24,
                    "question_html": "<p>A segment of DNA, ‘TTG AGG GGG ATG’ was translated into an oligopeptide with the amino acids, Lysine – Serine – Proline – Tyrosine.<br><b>(a)</b> Write the codons in correct sequence for the four amino acids.<br><b>(b)</b> If first adenine in DNA is substituted by guanine, what will be the sequence of amino acids in the new oligopeptide ?<br><b>(c)</b> Write the anticodons for these amino acids.</p>",
                    "options": [],
                    "correct_answer": {
                      "text": "<p><i>(Note: Based on the amino acids given, the DNA strand 'TTG AGG GGG ATG' must be the <b>template strand</b> read in the 3' to 5' direction.)</i><br><br><b>(a)</b> The mRNA codons are transcribed from the template strand:<br>   - Template DNA 3'-TTG-5' → mRNA 5'-AAC-3' (<b>Lysine</b>)<br>   - Template DNA 3'-AGG-5' → mRNA 5'-UCC-3' (<b>Serine</b>)<br>   - Template DNA 3'-GGG-5' → mRNA 5'-CCC-3' (<b>Proline</b>)<br>   - Template DNA 3'-ATG-5' → mRNA 5'-UAC-3' (<b>Tyrosine</b>)<br>The sequence of codons is: <b>AAC UCC CCC UAC</b>.<br><br><b>(b)</b> The first Adenine in the original template strand (3'-TTG AGG GGG ATG-5') is the 'A' in ATG. If it is substituted by Guanine, the new template strand at that position becomes 3'-GTG-5'.<br>   - New Template DNA 3'-GTG-5' → mRNA 5'-CAC-3' (<b>Histidine</b>)<br>The new sequence of amino acids would be: <b>Lysine – Serine – Proline – Histidine</b>.<br><i>(Note: The marking scheme answer for this part is 'Lysine – Proline – Proline – Tyrosine', which would result if the second G in AGG was substituted, not the first A. Following the question as written, the answer is Histidine. Following the key, the answer would imply a different mutation.)</i><br><br><b>(c)</b> The anticodons are complementary to the mRNA codons:<br>   - mRNA 5'-AAC-3' (Lys) → Anticodon 3'-UUG-5'<br>   - mRNA 5'-UCC-3' (Ser) → Anticodon 3'-AGG-5'<br>   - mRNA 5'-CCC-3' (Pro) → Anticodon 3'-GGG-5'<br>   - mRNA 5'-UAC-3' (Tyr) → Anticodon 3'-AUG-5'</p>"
                    },
                    "question_type": "Short Answer (3 marks)",
                    "difficulty_level": "hard",
                    "explanation_html": null
                  }
                ]
              },
              {
                "chapter_name": "Human Health and Disease",
                "questions": [
                  {
                    "question_no": 25,
                    "question_html": "<p>A person is suffering from high grade fever. Which symptoms will help to identify if he/she is suffering from Typhoid, Pneumonia or Malaria ?</p>",
                    "options": [],
                    "correct_answer": {
                      "text": "<p>The following symptoms help in identification:<br>1.  <b>Typhoid:</b> The key symptom is a <b>sustained high fever</b> (39°C to 40°C) that doesn't fluctuate much, often accompanied by stomach pain, weakness, constipation, and loss of appetite.<br>2.  <b>Pneumonia:</b> The symptoms are primarily respiratory. Along with fever and chills, there would be a <b>cough</b>, difficulty in breathing. In severe cases, the lips and fingernails may turn grey to bluish in colour.<br>3.  <b>Malaria:</b> The most characteristic symptom is a recurring cycle of high fever preceded by <b>chills and shivering</b>. This cycle of chills and high fever typically occurs every 3 to 4 days.</p>"
                    },
                    "question_type": "Short Answer (3 marks)",
                    "difficulty_level": "medium",
                    "explanation_html": null
                  }
                ]
              },
              {
                "chapter_name": "Biotechnology and its Applications",
                "questions": [
                  {
                    "question_no": 26,
                    "question_html": "<p><b>(a)</b> Why are transgenic animals so called ?<br><b>(b)</b> With the help of an example each, explain the role of transgenic animals in the following :<br>(i) Vaccine safety<br>(ii) Biological products</p>",
                    "options": [],
                    "correct_answer": {
                      "text": "<p><b>(a)</b> They are called transgenic animals because their DNA has been manipulated to carry and express an extra or 'foreign' gene from another organism. The prefix 'trans-' refers to this transfer of a gene across species boundaries.<br><br><b>(b)</b><br><b>(i) Vaccine Safety:</b> Transgenic animals are used to test the safety of vaccines before they are used in humans. For example, <b>transgenic mice</b> that are developed to be susceptible to the polio virus are used to test the safety and efficacy of the polio vaccine, replacing the need for monkeys.<br><b>(ii) Biological Products:</b> Transgenic animals can be created to produce valuable biological products that are difficult to make otherwise. For example, the transgenic cow <b>'Rosie'</b> produced human protein-enriched milk (2.4 grams per litre) containing human alpha-lactalbumin, which was nutritionally more balanced for human babies than natural cow's milk.</p>"
                    },
                    "question_type": "Short Answer (3 marks)",
                    "difficulty_level": "medium",
                    "explanation_html": null
                  }
                ]
              },
              {
                "chapter_name": "Biotechnology and its Applications",
                "questions": [
                  {
                    "question_no": 27,
                    "question_html": "<p><b>(a)</b> Mention any two advantages of micropropagation techniques.<br><b>(b)</b> Write in brief how the process is carried out in the laboratory.<br><b>(c)</b> Name any two important food plants grown commercially by this method.</p>",
                    "options": [],
                    "correct_answer": {
                      "text": "<p><b>(a)</b> Two advantages of micropropagation are:<br>1. A large number of plants can be produced in a very short period from a small amount of parent tissue.<br>2. The plants produced are genetically identical to the parent plant (somaclones), and virus-free plants can be obtained from infected parent plants by using meristem culture.<br><br><b>(b)</b> The process is carried out by taking a small piece of plant tissue (explant) and growing it in a test tube on a sterile nutrient medium under controlled laboratory conditions. The medium contains sucrose, inorganic salts, vitamins, and growth regulators like auxins and cytokinins, which induce cell division and differentiation, leading to the formation of a callus and then plantlets.<br><br><b>(c)</b> Two important food plants grown commercially by micropropagation are <b>Banana</b> and <b>Apple</b>. (Tomato is also a correct example).</p>"
                    },
                    "question_type": "Short Answer (3 marks)",
                    "difficulty_level": "medium",
                    "explanation_html": null
                  }
                ]
              },
              {
                "chapter_name": "Ecosystem",
                "questions": [
                  {
                    "question_no": 28,
                    "question_html": "<p>Name the type of food chains responsible for the flow of larger fraction of energy in an aquatic ecosystem and a terrestrial ecosystem, respectively. Mention any two differences between the two food chains.</p>",
                    "options": [],
                    "correct_answer": {
                      "text": "<p>The food chain responsible for the flow of a larger fraction of energy is:<br>   - In an <b>aquatic ecosystem:</b> Grazing Food Chain (GFC)<br>   - In a <b>terrestrial ecosystem:</b> Detritus Food Chain (DFC)<br><br>Two differences between GFC and DFC are:<br>1.  <b>Starting Point:</b> The GFC begins with producers (photosynthetic organisms) as the first trophic level. The DFC begins with dead organic matter (detritus) from dead plants and animals.<br>2.  <b>Energy Source:</b> The primary energy source for the GFC is directly from the sun (captured by producers). The energy source for the DFC is the chemical energy stored in the dead organic matter.</p>"
                    },
                    "question_type": "Short Answer (3 marks)",
                    "difficulty_level": "medium",
                    "explanation_html": null
                  }
                ]
              },
              {
                "chapter_name": "Microbes in Human Welfare",
                "questions": [
                  {
                    "question_no": 29,
                    "question_html": "<p>Study the figure given below and answer the questions that follow.<br><b>(a)</b> Identify the figure and state its importance.<br><b>(b)</b> Why is air diffused into the aerator tank ? Explain.<br><b>(c)</b> (i) What changes take place in the settling tank ?<br><b>OR</b><br><b>(c)</b> (ii) How is BOD related to organic matter present in the water ?</p>",
                    "images": [
                      {
                        "url": "https://img.testbuddyai.com/Biology-57-7-25-Q29.png"
                      }
                    ],
                    "options": [],
                    "correct_answer": {
                      "text": "<p><b>(a)</b> The figure shows the <b>secondary treatment stage</b> of a <b>sewage treatment plant</b>.<br><b>Importance:</b> Its importance is to significantly reduce the organic matter and pathogens in the sewage water before it is released into natural water bodies, thus preventing water pollution.<br><br><b>(b)</b> Air is diffused into the aeration tank to provide oxygen. This promotes the vigorous growth of useful aerobic microbes (bacteria and fungi), which form masses called 'flocs'. These microbes consume the major part of the organic matter present in the effluent, thereby reducing the Biochemical Oxygen Demand (BOD) of the water.<br><br><b>(c) (i)</b> In the settling tank, the effluent from the aeration tank is allowed to stand. The bacterial 'flocs' are allowed to sediment. This sediment is called <b>activated sludge</b>. A small part of this sludge is pumped back to the aeration tank to serve as an inoculum (Return Activated Sludge - RAS).<br><br><b>OR</b><br><br><b>(c) (ii)</b> BOD (Biochemical Oxygen Demand) is directly related to the amount of organic matter in the water. BOD is a measure of the amount of oxygen that would be consumed by bacteria to decompose the organic waste. Therefore, the <b>greater the amount of organic matter, the higher the BOD</b>, and the more polluted the water is.</p>"
                    },
                    "question_type": "Case-based Subjective",
                    "difficulty_level": "medium",
                    "explanation_html": null
                  }
                ]
              },
              {
                "chapter_name": "Sexual Reproduction in Flowering Plants",
                "questions": [
                  {
                    "question_no": 30,
                    "question_html": "<p>The following question is based on pollination. Study the figures carefully and answer the questions that follow.<br><b>(a)</b> Give the scientific terms for the processes taking place in Figures A and B respectively.<br><b>(b)</b> Mention two conditions necessary for the process occurring in Figure B.<br><b>(c)</b> (i) State one advantage and one disadvantage of the process occurring in Figure B.<br><b>OR</b><br><b>(c)</b> (ii) Name one plant where, in some flowers only, the process in Figure B takes place and give the reason responsible for it.</p>",
                    "images": [
                      {
                        "url": "https://img.testbuddyai.com/Biology-57-7-25-Q30.png"
                      }
                    ],
                    "options": [],
                    "correct_answer": {
                      "text": "<p><b>(a)</b><br>   - Figure A shows the transfer of pollen from the anther of one flower to the stigma of another flower on the same plant. This is called <b>Geitonogamy</b>.<br>   - Figure B shows the transfer of pollen from the anther to the stigma of the same flower. This is called <b>Autogamy</b> (self-pollination).<br><br><b>(b)</b> Two conditions necessary for autogamy (Figure B) are:<br>1. Synchrony in pollen release and stigma receptivity.<br>2. The anthers and the stigma should lie close to each other.<br><br><b>(c) (i)</b><br>   - <b>Advantage:</b> It ensures pollination and provides an assured seed set even in the absence of pollinators.<br>   - <b>Disadvantage:</b> It leads to continuous self-pollination, which can result in inbreeding depression and a lack of genetic variation.<br><br><b>OR</b><br><br><b>(c) (ii)</b><br>   - <b>Plant:</b> <i>Oxalis</i> or <i>Viola</i> or <i>Commelina</i>.<br>   - <b>Reason:</b> These plants produce two types of flowers. Autogamy occurs only in their underground or basal flowers which are <b>cleistogamous</b>. These flowers do not open at all, so their anthers and stigma lie close to each other, and when the anthers dehisce, pollen grains come in contact with the stigma, ensuring self-pollination.</p>"
                    },
                    "question_type": "Case-based Subjective",
                    "difficulty_level": "medium",
                    "explanation_html": null
                  }
                ]
              },
              {
                "chapter_name": "Molecular Basis of Inheritance",
                "questions": [
                  {
                    "question_no": 31,
                    "question_html": "<p><b>(a)</b> Write the features a molecule should have to act as a genetic material. In the light of the above features, evaluate and justify the suitability of the molecule that is preferred as an ideal genetic material.<br><b>OR</b><br><b>(b)</b> Differentiate between the following :<br>(i) Polygenic Inheritance and Pleiotropy<br>(ii) Dominance, Codominance and Incomplete dominance</p>",
                    "options": [],
                    "correct_answer": {
                      "text": "<p><b>(a)</b><br>Features for a molecule to be a genetic material:<br>1. It should be able to generate its own replica (Replication).<br>2. It should be chemically and structurally stable.<br>3. It should provide the scope for slow changes (mutations) that are required for evolution.<br>4. It should be able to express itself in the form of 'Mendelian characters'.<br><br><b>Justification for DNA as the ideal genetic material:</b><br>DNA is preferred over RNA as the ideal genetic material because it better fulfills the stability criterion. DNA is double-stranded, which confers stability. Also, the presence of Thymine instead of Uracil and the absence of a reactive 2'-OH group on its sugar make DNA less reactive and less prone to degradation compared to RNA. While both can mutate, RNA mutates at a much faster rate, making it unstable for storing genetic information. Thus, for the storage of genetic information, DNA is better, while for the transmission of genetic information, RNA is better.<br><br><b>OR</b><br><br><b>(b)</b><br><b>(i) Polygenic Inheritance vs. Pleiotropy:</b><br>   - In <b>Polygenic Inheritance</b>, a single trait (e.g., human skin color) is controlled by three or more genes. The phenotype is the result of the additive effect of all the alleles.<br>   - In <b>Pleiotropy</b>, a single gene exhibits multiple phenotypic expressions (e.g., the gene for phenylketonuria causes mental retardation as well as a reduction in hair and skin pigmentation).<br><br><b>(ii) Dominance, Codominance, and Incomplete Dominance:</b><br>   - <b>Dominance:</b> In a heterozygous pair of alleles, one allele (dominant) completely masks the expression of the other (recessive). The F1 progeny resembles one of the two parents.<br>   - <b>Codominance:</b> In a heterozygous pair, both alleles express themselves fully and independently. The F1 progeny resembles both parents (e.g., AB blood group in humans).<br>   - <b>Incomplete Dominance:</b> In a heterozygous pair, neither allele is completely dominant. The F1 progeny has a phenotype that is intermediate or a blend of the two parental phenotypes (e.g., pink flowers from red and white parent snapdragons).</p>"
                    },
                    "question_type": "Long Answer (5 marks)",
                    "difficulty_level": "hard",
                    "explanation_html": null
                  }
                ]
              },
              {
                "chapter_name": "Human Reproduction",
                "questions": [
                  {
                    "question_no": 32,
                    "question_html": "<p><b>(a)</b> Study the given diagram showing the sectional view of a seminiferous tubule. <br>Answer the following questions :<br>(i) Label A, B, C and D in the figure.<br>(ii) What will be the number of chromosomes in secondary spermatocyte and spermatid respectively ?<br>(iii) Explain the terms — Spermiogenesis and Spermiation.<br><b>OR</b><br><b>(b)</b> Study the figures given below showing initial stages in the formation of female gametophyte and answer the questions that follow.<br>(i) Identify (P) and (Q).<br>(ii) I. What kind of division does cell (P) undergo to form (Q) ?<br>     II. How many (Q) cells form the embryo sac ? What is the name given to such kind of development ?<br>     III. How many free nuclear mitotic divisions will the functional megaspore undergo to form the embryo sac?<br>     IV. Describe the structure of a mature female gametophyte.</p>",
                    "images": [
                      {
                        "url": "https://img.testbuddyai.com/Biology-57-7-25-Q32a.png"
                      },
                      {
                        "url": "https://img.testbuddyai.com/Biology-57-7-25-Q32b.png"
                      }
                    ],
                    "options": [],
                    "correct_answer": {
                      "text": "<p><b>(a)</b><br>(i) Labels: <b>A</b> - Spermatozoa, <b>B</b> - Spermatid, <b>C</b> - Sertoli cells, <b>D</b> - Spermatogonium.<br>(ii) The number of chromosomes in both a secondary spermatocyte and a spermatid is <b>23</b> (haploid).<br>(iii) <br>   - <b>Spermiogenesis:</b> This is the process of transformation of the non-motile, circular spermatids into mature, motile spermatozoa (sperm).<br>   - <b>Spermiation:</b> This is the process where the mature sperm, after spermiogenesis, have their heads embedded in the Sertoli cells and are finally released from the seminiferous tubules.<br><br><b>OR</b><br><br><b>(b)</b><br>(i) <b>(P)</b> is the Megaspore Mother Cell (MMC). <b>(Q)</b> is the megaspore tetrad (four megaspores).<br><br>(ii)<br>   <b>I.</b> Cell (P), the MMC, undergoes <b>Meiosis</b> to form the structure (Q).<br>   <b>II.</b> Only <b>one</b> cell from the megaspore tetrad (Q) is functional and forms the embryo sac. This type of development is called <b>monosporic development</b>.<br>   <b>III.</b> The functional megaspore undergoes <b>three</b> free nuclear mitotic divisions.<br>   <b>IV.</b> A mature female gametophyte (embryo sac) is a 7-celled, 8-nucleated structure. At the micropylar end, it has the egg apparatus consisting of one egg cell and two synergids. At the chalazal end, there are three antipodal cells. In the center is a large central cell containing two polar nuclei.</p>"
                    },
                    "question_type": "Long Answer (5 marks)",
                    "difficulty_level": "hard",
                    "explanation_html": null
                  }
                ]
              },
              {
                "chapter_name": "Biodiversity and Conservation",
                "questions": [
                  {
                    "question_no": 33,
                    "question_html": "<p><b>(a)</b> (i) How does alien species invasion cause a decline in biodiversity? Explain.<br>How have the following contributed to biodiversity loss ?<br>I. Nile Perch<br>II. Lantana and Eichhornia<br>III. Clarias gariepinus<br>(ii) Why have certain regions been declared as biodiversity hotspots by environmentalists of the world ? Name any two such regions in India.<br><b>OR</b><br><b>(b)</b> (i) Write an equation for Verhulst-Pearl Logistic Growth Curve where:<br>N = Population density at time ‘t’<br>r = Intrinsic rate of natural increase<br>(ii) Draw a graph for a population whose population density has reached carrying capacity.<br>(iii) Draw a growth curve where resources are non-limiting to growth of population.<br>(iv) Which growth curve is considered more realistic and why ? Explain.</p>",
                    "options": [],
                    "correct_answer": {
                      "text": "<p><b>(a)</b><br>(i) Alien species cause a decline in biodiversity because when introduced to a new habitat, they may lack natural predators and can turn invasive. They can out-compete native species for resources, leading to the decline and extinction of indigenous species.<br>   <b>I. Nile Perch:</b> When introduced into Lake Victoria in East Africa, it led to the extinction of more than 200 species of native cichlid fish.<br>   <b>II. Lantana and Eichhornia (water hyacinth):</b> These are invasive plant species in India that have caused environmental damage and pose a threat to native species by out-competing them.<br>   <b>III. Clarias gariepinus (African catfish):</b> Its illegal introduction for aquaculture purposes poses a threat to the indigenous catfishes in our rivers.<br>(ii) Certain regions are declared biodiversity hotspots because they meet two strict criteria: they have a very high level of species richness and a high degree of endemism (species found nowhere else), and they are under a high degree of threat.<br>   Two such regions in India are the <b>Western Ghats and Sri Lanka</b> and the <b>Himalaya</b> (or Indo-Burma).<br><br><b>OR</b><br><br><b>(b)</b><br>(i) Equation for Verhulst-Pearl Logistic Growth: <b>dN/dt = rN [(K-N)/K]</b> (where K is the carrying capacity).<br>(ii) The graph for a population at carrying capacity is an <b>S-shaped (Sigmoid) curve</b> that levels off at K.<br>(iii) The growth curve with non-limiting resources is a <b>J-shaped (Exponential) curve</b>.<br>(iv) The <b>Logistic (S-shaped) growth curve</b> is considered more realistic. This is because resources in any given habitat are finite. As population density increases, resources become a limiting factor, slowing growth and preventing it from continuing exponentially. A population can only grow to the maximum number that the habitat's resources can support (the carrying capacity, K).</p>"
                    },
                    "question_type": "Long Answer (5 marks)",
                    "difficulty_level": "hard",
                    "explanation_html": null
                  }
                ]
              }
            ]
          }
        ]
      }
    ]
  }
]