[
  {
    "exam_name_actual": "CBSE Board - Class 12 - Science",
    "main_exam_id_name_ref": "CBSE Board - Class 12 - Science",
    "years": [
      {
        "year": "2025",
        "papers_or_subjects": [
          {
            "paper_name": "CBSE Class 12 Science (Biology) Paper 2025 (QP Code: 57/2/1)",
            "subject_name": "Biology",
            "chapters": [
              {
                "chapter_name": "Sexual Reproduction in Flowering Plants",
                "questions": [
                  {
                    "question_no": 1,
                    "question_html": "<p>Given below is a diagram of T.S. of a monocot seed with parts I, II & III labelled:</p><p><br></p><p>Choose the option where parts I, II and III are identified correctly.</p>",
                    "images": [
                      {
                        "url": "https://img.testbuddyai.com/Biology-57-2-25-Q1.png"
                      }
                    ],
                    "options": [
                      {
                        "id": "a",
                        "text": "Pericarp, Endosperm, Scutellum"
                      },
                      {
                        "id": "b",
                        "text": "Pericarp, Endosperm, Coleorhiza"
                      },
                      {
                        "id": "c",
                        "text": "Scutellum, Pericarp, Coleorhiza"
                      },
                      {
                        "id": "d",
                        "text": "Coleorhiza, Scutellum, Pericarp"
                      }
                    ],
                    "correct_answer": {
                      "ids": [
                        "b"
                      ]
                    },
                    "question_type": "mcq_single",
                    "difficulty_level": "medium",
                    "explanation_html": "<p><b>Step-by-step derivation:</b></p><ol><li><b>Identify Part I:</b> Part I is the outermost layer of the monocot seed (grain). In cereals like maize, the seed coat (testa) is fused with the fruit wall (pericarp). This combined layer is what is labelled as I. So, I is the Pericarp.</li><li><b>Identify Part II:</b> Part II represents the bulky, nutritive tissue that stores food. This tissue is the endosperm, which provides nourishment to the developing embryo.</li><li><b>Identify Part III:</b> Part III is pointing to the protective sheath that encloses the radicle (embryonic root) of the embryo. This sheath is known as the coleorhiza.</li><li><b>Match the identifications:</b> Based on the analysis, the correct identifications are: I - Pericarp, II - Endosperm, III - Coleorhiza. This corresponds to option (B).</li></ol>"
                  }
                ]
              },
              {
                "chapter_name": "Human Reproduction",
                "questions": [
                  {
                    "question_no": 2,
                    "question_html": "<p>The number of autosomes present in a human secondary spermatocyte</p>",
                    "options": [
                      {
                        "id": "a",
                        "text": "44"
                      },
                      {
                        "id": "b",
                        "text": "22"
                      },
                      {
                        "id": "c",
                        "text": "23"
                      },
                      {
                        "id": "d",
                        "text": "46"
                      }
                    ],
                    "correct_answer": {
                      "ids": [
                        "b"
                      ]
                    },
                    "question_type": "mcq_single",
                    "difficulty_level": "medium",
                    "explanation_html": "<p><b>Step-by-step derivation:</b></p><ol><li><b>Start with a primary spermatocyte:</b> A human primary spermatocyte is a diploid (2n) cell, which means it contains a total of 46 chromosomes. This set includes 44 autosomes and 2 sex chromosomes (XY).</li><li><b>Meiosis I:</b> The primary spermatocyte undergoes the first meiotic division (meiosis I), which is a reductional division. This division separates homologous chromosomes.</li><li><b>Formation of secondary spermatocytes:</b> The result of meiosis I is two secondary spermatocytes. Each secondary spermatocyte is a haploid (n) cell.</li><li><b>Chromosome count in a secondary spermatocyte:</b> Since the total chromosome number is halved, each secondary spermatocyte contains 23 chromosomes.</li><li><b>Autosome count:</b> This set of 23 chromosomes consists of 22 autosomes and one sex chromosome (either an X or a Y).</li><li><b>Conclusion:</b> Therefore, the number of autosomes present in a human secondary spermatocyte is 22.</li></ol>"
                  }
                ]
              },
              {
                "chapter_name": "Principles of Inheritance and Variation",
                "questions": [
                  {
                    "question_no": 3,
                    "question_html": "<p>A child with blood group A has father with blood group B and the mother with blood group AB. Choose the option that gives the correct genotypes of father, mother and the child :</p>",
                    "options": [
                      {
                        "id": "a",
                        "text": "Father - I<sup>A</sup>i, Mother - I<sup>B</sup>i, Child - I<sup>A</sup>i"
                      },
                      {
                        "id": "b",
                        "text": "Father - I<sup>A</sup>I<sup>B</sup>, Mother - I<sup>A</sup>i, Child - I<sup>A</sup>I<sup>A</sup>"
                      },
                      {
                        "id": "c",
                        "text": "Father - I<sup>B</sup>i, Mother - I<sup>A</sup>I<sup>B</sup>, Child - I<sup>A</sup>i"
                      },
                      {
                        "id": "d",
                        "text": "Father - I<sup>B</sup>I<sup>B</sup>, Mother - I<sup>A</sup>I<sup>B</sup>, Child - I<sup>A</sup>I<sup>A</sup>"
                      }
                    ],
                    "correct_answer": {
                      "ids": [
                        "c"
                      ]
                    },
                    "question_type": "mcq_single",
                    "difficulty_level": "medium",
                    "explanation_html": "<p><b>Step-by-step derivation:</b></p><ol><li><b>Determine the mother's genotype:</b> The mother has blood group AB. The only possible genotype for blood group AB is I<sup>A</sup>I<sup>B</sup>, as alleles I<sup>A</sup> and I<sup>B</sup> are codominant.</li><li><b>Determine the child's possible genotypes:</b> The child has blood group A. This means the child's genotype could be either homozygous (I<sup>A</sup>I<sup>A</sup>) or heterozygous (I<sup>A</sup>i).</li><li><b>Trace the child's inheritance:</b> A child inherits one allele from each parent. The child must have inherited the I<sup>A</sup> allele from the mother (genotype I<sup>A</sup>I<sup>B</sup>).</li><li><b>Determine the father's contribution:</b> Since the child inherited I<sup>A</sup> from the mother, they must have inherited the other allele from the father. To have blood group A, this second allele must be either I<sup>A</sup> or i. However, the father has blood group B, so he cannot have an I<sup>A</sup> allele. Therefore, the child must have inherited an 'i' allele from the father. This makes the child's genotype I<sup>A</sup>i.</li><li><b>Determine the father's genotype:</b> We know the father has blood group B and must have passed on an 'i' allele to the child. The possible genotypes for blood group B are I<sup>B</sup>I<sup>B</sup> and I<sup>B</sup>i. Since he has an 'i' allele to give, his genotype must be I<sup>B</sup>i.</li><li><b>Conclusion:</b> The correct genotypes are: Father - I<sup>B</sup>i, Mother - I<sup>A</sup>I<sup>B</sup>, and Child - I<sup>A</sup>i. This matches option (C).</li></ol>"
                  }
                ]
              },
              {
                "chapter_name": "Principles of Inheritance and Variation",
                "questions": [
                  {
                    "question_no": 4,
                    "question_html": "<p>In a pedigree chart [a symbol of double horizontal line connecting a circle and a square] represents :</p>",
                    "images": [
                      {
                        "url": "https://img.testbuddyai.com/Biology-57-2-25-Q4.png"
                      }
                    ],
                    "options": [
                      {
                        "id": "a",
                        "text": "unrelated mating"
                      },
                      {
                        "id": "b",
                        "text": "affected individuals"
                      },
                      {
                        "id": "c",
                        "text": "mating between relatives (consanguineous mating)"
                      },
                      {
                        "id": "d",
                        "text": "Non-identical twins"
                      }
                    ],
                    "correct_answer": {
                      "ids": [
                        "c"
                      ]
                    },
                    "question_type": "mcq_single",
                    "difficulty_level": "easy",
                    "explanation_html": "<p><b>Step-by-step derivation:</b></p><ol><li><b>Understand Pedigree Symbols:</b> Pedigree charts use standardized symbols to represent genetic relationships and traits within a family.</li><li><b>Symbol for Mating:</b> A horizontal line connecting a circle (female) and a square (male) represents mating between two individuals.</li><li><b>Distinguish Mating Types:</b> A single horizontal line (—) indicates mating between unrelated individuals. A double horizontal line (═) is used to specifically denote a consanguineous mating, which is mating between individuals who are closely related (e.g., cousins).</li><li><b>Conclusion:</b> Therefore, the given symbol represents mating between relatives, also known as consanguineous mating.</li></ol>"
                  }
                ]
              },
              {
                "chapter_name": "Evolution",
                "questions": [
                  {
                    "question_no": 5,
                    "question_html": "<p>Which one of the following options shows the correct evolutionary order of the plants mentioned below ?<br>(i) Ferns<br>(ii) Ginkgo<br>(iii) Zosterophyllum<br>(iv) Gnetales</p>",
                    "options": [
                      {
                        "id": "a",
                        "text": "(i), (iii), (ii), (iv)"
                      },
                      {
                        "id": "b",
                        "text": "(iii), (i), (ii), (iv)"
                      },
                      {
                        "id": "c",
                        "text": "(i), (ii), (iii), (iv)"
                      },
                      {
                        "id": "d",
                        "text": "(iv), (ii), (i), (iii)"
                      }
                    ],
                    "correct_answer": {
                      "ids": [
                        "b"
                      ]
                    },
                    "question_type": "mcq_single",
                    "difficulty_level": "hard",
                    "explanation_html": "<p><b>Step-by-step derivation:</b></p><ol><li><b>Identify the plant groups:</b><br>   - <b>(iii) Zosterophyllum:</b> An extinct genus of early vascular plants (related to psilophytes) that lived during the Silurian and Devonian periods. They are among the earliest known vascular plants. <br>   - <b>(i) Ferns (Pteridophytes):</b> These are seedless vascular plants that evolved after the early psilophytes. They became abundant during the Carboniferous period.<br>   - <b>(ii) Ginkgo (Gymnosperm):</b> This is a genus of gymnosperms. Gymnosperms (seed-bearing plants) evolved from an ancestor of pteridophytes. Ginkgo is a living fossil, with ancient origins. <br>   - <b>(iv) Gnetales (Gymnosperm):</b> This is an order of advanced gymnosperms. They show some features similar to angiosperms and are considered to have appeared later in the evolutionary timeline of gymnosperms.</li><li><b>Arrange in chronological order of evolution:</b> The evolutionary sequence proceeds from simpler, earlier forms to more complex, later forms. <br>   - The earliest vascular plants like <b>Zosterophyllum</b> appeared first. <br>   - They were followed by the diversification of seedless vascular plants like <b>Ferns</b>.<br>   - Later, seed plants (gymnosperms) evolved, with groups like <b>Ginkgo</b> appearing. <br>   - More advanced gymnosperms like <b>Gnetales</b> evolved after that.</li><li><b>Formulate the correct sequence:</b> The correct evolutionary order is Zosterophyllum → Ferns → Ginkgo → Gnetales. This corresponds to the sequence (iii), (i), (ii), (iv).</li></ol>"
                  }
                ]
              },
              {
                "chapter_name": "Molecular Basis of Inheritance",
                "questions": [
                  {
                    "question_no": 6,
                    "question_html": "<p>The phosphoester linkage in the nucleotides is between</p>",
                    "options": [
                      {
                        "id": "a",
                        "text": "phosphate group and OH of 3'C of a nucleoside."
                      },
                      {
                        "id": "b",
                        "text": "phosphate group and OH of 5'C of a nucleoside."
                      },
                      {
                        "id": "c",
                        "text": "phosphate group and H of 3'C of a nucleoside."
                      },
                      {
                        "id": "d",
                        "text": "phosphate group and H of 5'C of a nucleoside."
                      }
                    ],
                    "correct_answer": {
                      "ids": [
                        "b"
                      ]
                    },
                    "question_type": "mcq_single",
                    "difficulty_level": "medium",
                    "explanation_html": "<p><b>Step-by-step derivation:</b></p><ol><li><b>Define Nucleoside and Nucleotide:</b><br>   - A <b>nucleoside</b> is a compound formed by a pentose sugar (ribose or deoxyribose) linked to a nitrogenous base.<br>   - A <b>nucleotide</b> is formed when one or more phosphate groups are attached to a nucleoside.</li><li><b>Identify the location of attachment:</b> The phosphate group attaches to the sugar component of the nucleoside. The carbon atoms in the pentose sugar are numbered 1' to 5'.</li><li><b>Formation of the linkage:</b> The phosphate group is attached to the hydroxyl (-OH) group on the 5' carbon of the pentose sugar.</li><li><b>Name the bond:</b> This bond, formed between the phosphate group and the sugar's hydroxyl group, is a <b>phosphoester linkage</b>. The reaction involves the removal of a water molecule (condensation).</li><li><b>Conclusion:</b> Therefore, the phosphoester linkage that forms a nucleotide is between the phosphate group and the OH of the 5'C of a nucleoside.</li></ol>"
                  }
                ]
              },
              {
                "chapter_name": "Molecular Basis of Inheritance",
                "questions": [
                  {
                    "question_no": 7,
                    "question_html": "<p>Given below is a heterogeneous RNA formed during Eukaryotic transcription :<br><br>How many introns and exons respectively are present in the hnRNA ?</p>",
                    "images": [
                      {
                        "url": "https://img.testbuddyai.com/Biology-57-2-25-Q7.png"
                      }
                    ],
                    "options": [
                      {
                        "id": "a",
                        "text": "7, 7"
                      },
                      {
                        "id": "b",
                        "text": "8, 7"
                      },
                      {
                        "id": "c",
                        "text": "8, 8"
                      },
                      {
                        "id": "d",
                        "text": "7, 8"
                      }
                    ],
                    "correct_answer": {
                      "ids": [
                        "d"
                      ]
                    },
                    "question_type": "mcq_single",
                    "difficulty_level": "medium",
                    "explanation_html": "<p><b>Step-by-step derivation:</b></p><ol><li><b>Understand hnRNA structure:</b> The diagram shows a molecule of heterogeneous nuclear RNA (hnRNA), which is the primary transcript in eukaryotes. It contains both coding sequences (exons) and non-coding sequences (introns). In this type of diagram, the straight segments represent exons and the looped-out segments represent introns.</li><li><b>Count the Introns:</b> Introns are the intervening sequences that are spliced out. They are represented by the loops in the diagram. Carefully count the number of loops. There are <b>7</b> loops.</li><li><b>Count the Exons:</b> Exons are the expressed sequences that are joined together to form mature mRNA. They are represented by the straight line segments between the loops, as well as at the beginning and the end. Counting these segments: there is one at the 5' end, followed by 6 segments between the 7 introns, and one at the 3' end. Total exons = 1 + 6 + 1 = <b>8</b> segments.</li><li><b>State the final count:</b> The question asks for the number of introns and exons, respectively. Based on the counts, there are 7 introns and 8 exons.</li><li><b>Conclusion:</b> The correct option is 7, 8.</li></ol>"
                  }
                ]
              },
              {
                "chapter_name": "Molecular Basis of Inheritance",
                "questions": [
                  {
                    "question_no": 8,
                    "question_html": "<p>Study the items of Column-I and those of Column-II :<br><b>Column-I</b><br>(a) RNA polymerase I<br>(b) RNA polymerase II<br>(c) RNA polymerase III<br><b>Column-II</b><br>(i) 18s rRNA<br>(ii) SnRNAs<br>(iii) hnRNA<br>Choose the option that correctly matches the items of Column-I with those of Column-II :</p>",
                    "options": [
                      {
                        "id": "a",
                        "text": "(a)-(i), (b)-(ii), (c)-(iii)"
                      },
                      {
                        "id": "b",
                        "text": "(a)-(iii), (b)-(ii), (c)-(i)"
                      },
                      {
                        "id": "c",
                        "text": "(a)-(ii), (b)-(iii), (c)-(i)"
                      },
                      {
                        "id": "d",
                        "text": "(a)-(i), (b)-(iii), (c)-(ii)"
                      }
                    ],
                    "correct_answer": {
                      "ids": [
                        "d"
                      ]
                    },
                    "question_type": "mcq_single",
                    "difficulty_level": "medium",
                    "explanation_html": "<p><b>Step-by-step derivation:</b></p><ol><li><b>Recall the functions of eukaryotic RNA polymerases:</b> In eukaryotes, there are three main types of RNA polymerases, each responsible for transcribing different classes of genes.</li><li><b>Function of RNA polymerase I:</b> RNA polymerase I is located in the nucleolus and is responsible for transcribing ribosomal RNA (rRNA) genes. Specifically, it synthesizes the precursors for the 28S, 18S, and 5.8S rRNAs. Therefore, RNA polymerase I matches with 18s rRNA. <br><b>Match: (a) → (i)</b></li><li><b>Function of RNA polymerase II:</b> RNA polymerase II is located in the nucleoplasm and transcribes all protein-coding genes to produce the precursor of messenger RNA (mRNA), which is known as heterogeneous nuclear RNA (hnRNA). It also synthesizes most small nuclear RNAs (snRNAs). Therefore, RNA polymerase II matches with hnRNA. <br><b>Match: (b) → (iii)</b></li><li><b>Function of RNA polymerase III:</b> RNA polymerase III is also in the nucleoplasm and is responsible for transcribing genes for transfer RNA (tRNA), 5S rRNA, and some small nuclear RNAs (SnRNAs). Therefore, RNA polymerase III matches with SnRNAs.<br><b>Match: (c) → (ii)</b></li><li><b>Combine the matches:</b> The correct set of matches is (a)-(i), (b)-(iii), (c)-(ii). This corresponds to option (D).</li></ol>"
                  }
                ]
              },
              {
                "chapter_name": "Microbes in Human Welfare",
                "questions": [
                  {
                    "question_no": 9,
                    "question_html": "<p>For commercial and industrial production of citric acid, which one of the following microbes is used ?</p>",
                    "options": [
                      {
                        "id": "a",
                        "text": "Aspergillus niger"
                      },
                      {
                        "id": "b",
                        "text": "Lactobacillus sp."
                      },
                      {
                        "id": "c",
                        "text": "Clostridium butylicum"
                      },
                      {
                        "id": "d",
                        "text": "Saccharomyces cerevisiae"
                      }
                    ],
                    "correct_answer": {
                      "ids": [
                        "a"
                      ]
                    },
                    "question_type": "mcq_single",
                    "difficulty_level": "easy",
                    "explanation_html": "<p><b>Step-by-step derivation:</b></p><ol><li><b>Identify the target product:</b> The question asks for the microbe used in the commercial production of citric acid.</li><li><b>Evaluate the options:</b><br>   - <b>(A) Aspergillus niger:</b> This is a fungus well-known for its use in the industrial fermentation process to produce citric acid. It is the primary source for commercial production. <br>   - <b>(B) Lactobacillus sp.:</b> This is a genus of bacteria used in the production of lactic acid and fermented dairy products like yogurt and cheese.<br>   - <b>(C) Clostridium butylicum:</b> This is a bacterium used in the production of butyric acid.<br>   - <b>(D) Saccharomyces cerevisiae:</b> This is a species of yeast (also known as brewer's or baker's yeast) used in baking and the production of ethanol (alcoholic beverages).</li><li><b>Conclusion:</b> Based on the roles of these microbes, <i>Aspergillus niger</i> is the correct one used for the industrial production of citric acid.</li></ol>"
                  }
                ]
              },
              {
                "chapter_name": "Molecular Basis of Inheritance",
                "questions": [
                  {
                    "question_no": 10,
                    "question_html": "<p>If Meselson and Stahl's experiment is continued for 80 minutes (till III generation) then what would be the ratio of DNA containing N<sup>15</sup>/N<sup>15</sup> : N<sup>15</sup>/N<sup>14</sup> : N<sup>14</sup>/N<sup>14</sup> in the medium ?</p>",
                    "options": [
                      {
                        "id": "a",
                        "text": "1:1:0"
                      },
                      {
                        "id": "b",
                        "text": "0:1:3"
                      },
                      {
                        "id": "c",
                        "text": "0:1:8"
                      },
                      {
                        "id": "d",
                        "text": "1:4:0"
                      }
                    ],
                    "correct_answer": {
                      "ids": [
                        "b"
                      ]
                    },
                    "question_type": "mcq_single",
                    "difficulty_level": "medium",
                    "explanation_html": "<p><b>Note:</b> There is a discrepancy in the question. <i>E. coli</i> divides every 20 minutes. So, 80 minutes corresponds to 4 generations, not 3. However, the provided options and the marking scheme answer (0:1:3) correspond to the result after 3 generations (60 minutes). The explanation below is based on 3 generations to match the correct answer.</p><p><b>Step-by-step derivation (for 3 generations / 60 minutes):</b></p><ol><li><b>Generation 0 (at 0 minutes):</b> Initially, all <i>E. coli</i> have DNA with heavy nitrogen, so all DNA is N<sup>15</sup>/N<sup>15</sup>. Let's start with 1 DNA molecule.</li><li><b>Transfer to N<sup>14</sup> medium:</b> The bacteria are transferred to a medium containing only the light isotope, N<sup>14</sup>.</li><li><b>Generation 1 (after 20 minutes):</b> The initial N<sup>15</sup>/N<sup>15</sup> DNA molecule replicates semi-conservatively. The two N<sup>15</sup> strands separate, and each serves as a template to synthesize a new N<sup>14</sup> strand. This results in 2 DNA molecules, both of which are hybrid (N<sup>15</sup>/N<sup>14</sup>).<br>   - N<sup>15</sup>/N<sup>15</sup>: 0<br>   - N<sup>15</sup>/N<sup>14</sup>: 2<br>   - N<sup>14</sup>/N<sup>14</sup>: 0</li><li><b>Generation 2 (after 40 minutes):</b> The 2 hybrid DNA molecules replicate. Each N<sup>15</sup> strand makes a new N<sup>14</sup> partner (forming a hybrid molecule), and each N<sup>14</sup> strand makes a new N<sup>14</sup> partner (forming a light molecule). This results in a total of 4 DNA molecules.<br>   - From the first hybrid: one N<sup>15</sup>/N<sup>14</sup> and one N<sup>14</sup>/N<sup>14</sup>.<br>   - From the second hybrid: one N<sup>15</sup>/N<sup>14</sup> and one N<sup>14</sup>/N<sup>14</sup>.<br>   - Total: 2 hybrid (N<sup>15</sup>/N<sup>14</sup>) and 2 light (N<sup>14</sup>/N<sup>14</sup>).<br>   - Ratio N<sup>15</sup>/N<sup>15</sup> : N<sup>15</sup>/N<sup>14</sup> : N<sup>14</sup>/N<sup>14</sup> is 0 : 2 : 2, which simplifies to 0 : 1 : 1.</li><li><b>Generation 3 (after 60 minutes):</b> The 4 DNA molecules (2 hybrid, 2 light) replicate, resulting in 8 total DNA molecules.<br>   - The 2 hybrid molecules each produce one hybrid and one light molecule (Total: 2 hybrid, 2 light).<br>   - The 2 light molecules each produce two light molecules (Total: 4 light).<br>   - Grand Total: 2 hybrid (N<sup>15</sup>/N<sup>14</sup>) and (2 + 4) = 6 light (N<sup>14</sup>/N<sup>14</sup>).</li><li><b>Final Ratio:</b> The ratio of N<sup>15</sup>/N<sup>15</sup> : N<sup>15</sup>/N<sup>14</sup> : N<sup>14</sup>/N<sup>14</sup> is <b>0 : 2 : 6</b>, which simplifies to <b>0 : 1 : 3</b>.</li></ol>"
                  }
                ]
              },
              {
                "chapter_name": "Biotechnology : Principles and Processes",
                "questions": [
                  {
                    "question_no": 11,
                    "question_html": "<p>Select the correct statement from the following biotechnological procedures:</p>",
                    "options": [
                      {
                        "id": "a",
                        "text": "The polymerase enzyme joins the gene of interest and the vector DNA."
                      },
                      {
                        "id": "b",
                        "text": "Gel electrophoresis is used for amplification of a DNA segment."
                      },
                      {
                        "id": "c",
                        "text": "PCR is used for isolation and separation of gene of interest."
                      },
                      {
                        "id": "d",
                        "text": "Plasmid DNA acts as vector to transfer the piece of DNA attached to it."
                      }
                    ],
                    "correct_answer": {
                      "ids": [
                        "d"
                      ]
                    },
                    "question_type": "mcq_single",
                    "difficulty_level": "easy",
                    "explanation_html": "<p><b>Step-by-step derivation:</b></p><ol><li><b>Evaluate statement (A):</b> 'The polymerase enzyme joins the gene of interest and the vector DNA.' This is incorrect. The enzyme that joins DNA fragments (like the gene of interest and the vector) by forming phosphodiester bonds is <b>DNA ligase</b>, not polymerase. DNA polymerase synthesizes DNA.</li><li><b>Evaluate statement (B):</b> 'Gel electrophoresis is used for amplification of a DNA segment.' This is incorrect. Gel electrophoresis is a technique used to <b>separate</b> DNA fragments based on their size. The technique used for amplification (making multiple copies) of a DNA segment is the <b>Polymerase Chain Reaction (PCR)</b>.</li><li><b>Evaluate statement (C):</b> 'PCR is used for isolation and separation of gene of interest.' This is incorrect. As mentioned above, PCR is used for <b>amplification</b>. While PCR can help in isolating a gene by amplifying it, the primary technique for separation and visualization is <b>gel electrophoresis</b>.</li><li><b>Evaluate statement (D):</b> 'Plasmid DNA acts as vector to transfer the piece of DNA attached to it.' This is correct. Plasmids are small, circular DNA molecules found in bacteria that are commonly used as <b>vectors</b> in genetic engineering. A gene of interest is inserted into the plasmid, and the recombinant plasmid is then introduced into a host cell, effectively transferring the gene.</li><li><b>Conclusion:</b> Statement (D) is the only correct statement describing a biotechnological procedure.</li></ol>"
                  }
                ]
              },
              {
                "chapter_name": "Human Health and Disease",
                "questions": [
                  {
                    "question_no": 12,
                    "question_html": "<p>The decrease in the T-Lymphocytes count in human blood will finally result in</p>",
                    "options": [
                      {
                        "id": "a",
                        "text": "decrease in antigens"
                      },
                      {
                        "id": "b",
                        "text": "decrease in antibodies"
                      },
                      {
                        "id": "c",
                        "text": "increase in antibodies"
                      },
                      {
                        "id": "d",
                        "text": "increase in antigens"
                      }
                    ],
                    "correct_answer": {
                      "ids": [
                        "b"
                      ]
                    },
                    "question_type": "mcq_single",
                    "difficulty_level": "medium",
                    "explanation_html": "<p><b>Step-by-step derivation:</b></p><ol><li><b>Identify the role of T-Lymphocytes:</b> T-lymphocytes, particularly Helper T-cells (T<sub>H</sub> cells), are crucial components of the adaptive immune system. They act as 'managers' of the immune response.</li><li><b>Explain the interaction between T-cells and B-cells:</b> One of the primary functions of Helper T-cells is to activate B-lymphocytes (B-cells). When a B-cell encounters an antigen, it often requires a confirmation signal from a Helper T-cell to become fully activated.</li><li><b>Role of B-cells:</b> Once activated, B-cells differentiate into plasma cells. These plasma cells are responsible for producing and secreting large quantities of antibodies, which are specific to the initial antigen.</li><li><b>Connect the decrease in T-cells to antibody production:</b> If there is a significant decrease in the count of T-lymphocytes (specifically Helper T-cells), B-cells will not receive the necessary activation signals. Consequently, B-cells will not differentiate into plasma cells effectively.</li><li><b>Final Result:</b> The reduced activation of B-cells leads to a diminished production of antibodies. This severely weakens the humoral immune response, making the body vulnerable to infections. A classic example of this is Acquired Immuno-Deficiency Syndrome (AIDS), caused by HIV, which destroys Helper T-cells.</li><li><b>Conclusion:</b> A decrease in the T-Lymphocyte count will finally result in a decrease in antibodies.</li></ol>"
                  }
                ]
              },
              {
                "chapter_name": "Human Reproduction",
                "questions": [
                  {
                    "question_no": 13,
                    "question_html": "<p><b>Assertion (A) :</b> Corpus luteum secretes the hormone, progesterone.<br><b>Reason (R) :</b> Hormone Progesterone is essential for maintenance of the endometrium.</p>",
                    "options": [
                      {
                        "id": "a",
                        "text": "Both Assertion (A) and Reason (R) are true and Reason (R) is the correct explanation of the Assertion (A)."
                      },
                      {
                        "id": "b",
                        "text": "Both Assertion (A) and Reason (R) are true, but Reason (R) is not the correct explanation of the Assertion (A)."
                      },
                      {
                        "id": "c",
                        "text": "Assertion (A) is true, but Reason (R) is false."
                      },
                      {
                        "id": "d",
                        "text": "Assertion (A) is false, but Reason (R) is true."
                      }
                    ],
                    "correct_answer": {
                      "ids": [
                        "a"
                      ]
                    },
                    "question_type": "mcq_single",
                    "difficulty_level": "easy",
                    "explanation_html": "<p><b>Step-by-step derivation:</b></p><ol><li><b>Evaluate Assertion (A):</b> After ovulation, the remnant of the Graafian follicle in the ovary transforms into a temporary endocrine structure called the corpus luteum. The corpus luteum's primary function is to secrete the hormone progesterone, along with some estrogen. So, Assertion (A) is true.</li><li><b>Evaluate Reason (R):</b> Progesterone is often called the 'pregnancy hormone'. Its main role is to prepare the uterine lining (endometrium) for the implantation of a fertilized egg and to maintain it throughout pregnancy. It makes the endometrium thick, glandular, and highly vascularized. So, Reason (R) is true.</li><li><b>Establish the relationship between (A) and (R):</b> The assertion states that the corpus luteum secretes progesterone. The reason explains the key function of this progesterone – maintaining the endometrium. The biological purpose of the corpus luteum secreting progesterone is precisely for the function described in the reason. Therefore, the reason correctly explains the significance of the assertion.</li><li><b>Conclusion:</b> Both (A) and (R) are true, and (R) is the correct explanation of (A).</li></ol>"
                  }
                ]
              },
              {
                "chapter_name": "Evolution",
                "questions": [
                  {
                    "question_no": 14,
                    "question_html": "<p><b>Assertion (A):</b> The number of white winged moths decreased after industrialisation in England.<br><b>Reason (R):</b> Effects of industrialisation were more marked in rural areas of England.</p>",
                    "options": [
                      {
                        "id": "a",
                        "text": "Both Assertion (A) and Reason (R) are true and Reason (R) is the correct explanation of the Assertion (A)."
                      },
                      {
                        "id": "b",
                        "text": "Both Assertion (A) and Reason (R) are true, but Reason (R) is not the correct explanation of the Assertion (A)."
                      },
                      {
                        "id": "c",
                        "text": "Assertion (A) is true, but Reason (R) is false."
                      },
                      {
                        "id": "d",
                        "text": "Assertion (A) is false, but Reason (R) is true."
                      }
                    ],
                    "correct_answer": {
                      "ids": [
                        "c"
                      ]
                    },
                    "question_type": "mcq_single",
                    "difficulty_level": "medium",
                    "explanation_html": "<p><b>Step-by-step derivation:</b></p><ol><li><b>Evaluate Assertion (A):</b> This refers to the classic example of natural selection known as industrial melanism. Before industrialization, light-colored (white-winged) peppered moths were well camouflaged against lichen-covered trees. After the industrial revolution, pollution killed the lichens and darkened the tree trunks with soot, especially in industrial areas. This made the white-winged moths more visible to predators, while the dark-colored (melanic) moths became better camouflaged. As a result, the population of white-winged moths decreased due to increased predation. So, Assertion (A) is true.</li><li><b>Evaluate Reason (R):</b> The effects of industrialization, such as air pollution and soot deposition, were concentrated in and around industrial centers and cities. Rural areas, being further away from the factories, were significantly less affected. In fact, white-winged moths remained predominant in unpolluted rural areas. Therefore, the statement that the effects were more marked in rural areas is incorrect. So, Reason (R) is false.</li><li><b>Conclusion:</b> Since Assertion (A) is true and Reason (R) is false, the correct option is (C).</li></ol>"
                  }
                ]
              },
              {
                "chapter_name": "Human Health and Disease",
                "questions": [
                  {
                    "question_no": 15,
                    "question_html": "<p><b>Assertion (A) :</b> <i>Streptococcus pneumoniae</i> and <i>Haemophilus influenzae</i> are responsible for causing infectious disease in human beings.<br><b>Reason (R) :</b> A healthy person acquires the infection by inhaling the aerosols released by an infected person.</p>",
                    "options": [
                      {
                        "id": "a",
                        "text": "Both Assertion (A) and Reason (R) are true and Reason (R) is the correct explanation of the Assertion (A)."
                      },
                      {
                        "id": "b",
                        "text": "Both Assertion (A) and Reason (R) are true, but Reason (R) is not the correct explanation of the Assertion (A)."
                      },
                      {
                        "id": "c",
                        "text": "Assertion (A) is true, but Reason (R) is false."
                      },
                      {
                        "id": "d",
                        "text": "Assertion (A) is false, but Reason (R) is true."
                      }
                    ],
                    "correct_answer": {
                      "ids": [
                        "a"
                      ]
                    },
                    "question_type": "mcq_single",
                    "difficulty_level": "medium",
                    "explanation_html": "<p><b>Step-by-step derivation:</b></p><ol><li><b>Evaluate Assertion (A):</b> <i>Streptococcus pneumoniae</i> and <i>Haemophilus influenzae</i> are well-known bacterial pathogens. They are the primary causes of pneumonia, an infection that inflames the air sacs in one or both lungs. Pneumonia is a major infectious disease affecting humans worldwide. So, Assertion (A) is true.</li><li><b>Evaluate Reason (R):</b> The mode of transmission for respiratory infections like pneumonia caused by these bacteria is through respiratory droplets. When an infected person coughs or sneezes, they release droplets and aerosols containing the bacteria. A healthy person can become infected by inhaling these infectious particles. So, Reason (R) is true.</li><li><b>Establish the relationship between (A) and (R):</b> The assertion states that these bacteria cause an 'infectious disease'. The reason describes the mechanism of infection transmission from person to person (inhalation of aerosols). This mode of transmission is what makes the disease infectious or communicable. Therefore, the reason correctly explains why the disease caused by these organisms is classified as infectious.</li><li><b>Conclusion:</b> Both (A) and (R) are true, and (R) is the correct explanation of (A).</li></ol>"
                  }
                ]
              },
              {
                "chapter_name": "Biotechnology : Principles and Processes",
                "questions": [
                  {
                    "question_no": 16,
                    "question_html": "<p><b>Assertion (A) :</b> Restriction endonuclease recognises palindromic sequence in DNA and cuts them.<br><b>Reason (R) :</b> Palindromic sequence has two unique recognition sites PstI and PvuI recognised by restriction endonuclease.</p>",
                    "options": [
                      {
                        "id": "a",
                        "text": "Both Assertion (A) and Reason (R) are true and Reason (R) is the correct explanation of the Assertion (A)."
                      },
                      {
                        "id": "b",
                        "text": "Both Assertion (A) and Reason (R) are true, but Reason (R) is not the correct explanation of the Assertion (A)."
                      },
                      {
                        "id": "c",
                        "text": "Assertion (A) is true, but Reason (R) is false."
                      },
                      {
                        "id": "d",
                        "text": "Assertion (A) is false, but Reason (R) is true."
                      }
                    ],
                    "correct_answer": {
                      "ids": [
                        "c"
                      ]
                    },
                    "question_type": "mcq_single",
                    "difficulty_level": "medium",
                    "explanation_html": "<p><b>Step-by-step derivation:</b></p><ol><li><b>Evaluate Assertion (A):</b> Restriction endonucleases are enzymes that cut DNA. Each enzyme has a high degree of specificity, recognizing a particular short DNA sequence. These recognition sequences are typically palindromic, meaning the sequence of bases reads the same on both DNA strands when read in the 5' to 3' direction. The enzyme binds to this site and cleaves the DNA backbone. So, Assertion (A) is true.</li><li><b>Evaluate Reason (R):</b> This statement claims that a single palindromic sequence has two unique recognition sites, PstI and PvuI. This is fundamentally incorrect. PstI and PvuI are two different and distinct restriction enzymes. Each enzyme recognizes its own specific palindromic sequence. For example, PstI recognizes 5'-CTGCAG-3', and PvuI recognizes 5'-CGATCG-3'. A single palindromic sequence is the recognition site for one specific enzyme, not multiple different enzymes. So, Reason (R) is false.</li><li><b>Conclusion:</b> Since Assertion (A) is true and Reason (R) is false, the correct option is (C).</li></ol>"
                  }
                ]
              },
              {
                "chapter_name": "Sexual Reproduction in Flowering Plants",
                "questions": [
                  {
                    "question_no": 17,
                    "question_html": "<p>Student to attempt either option (A) or (B) :<br>(A) (i) Write two crucial changes, the seed undergoes while reaching maturity that enable them to be in a viable state until the onset of favourable conditions.<br>(ii) Name the oldest viable seed excavated from Arctic Tundra as per the records.<br>OR<br>(B) (i) Pea flower produce assured seed sets. Give reason.<br>(ii) In case of Polyembryony, an embryo 'P' develops from a synergid and the embryo 'Q' develops from the nucellus. State the ploidy of embryo 'P' and 'Q'.</p>",
                    "options": [],
                    "correct_answer": {
                      "text": "<p><b>(A)</b><br>(i) The two crucial changes are:<br>   1. The moisture content of the seed is reduced, and the seed becomes relatively dry.<br>   2. The metabolic activity of the embryo slows down, leading to a state of dormancy.<br>(ii) The oldest viable seed is <i>Lupinus arcticus</i> (Lupine).<br><br><b>OR</b><br><br><b>(B)</b><br>(i) Pea flowers produce assured seed sets because they are cleistogamous. This means the flowers do not open, which ensures self-pollination (autogamy) and successful seed formation without depending on external pollinators.<br>(ii) The ploidy is:<br>   - Embryo 'P' (from a synergid): Haploid (n)<br>   - Embryo 'Q' (from the nucellus): Diploid (2n)</p>"
                    },
                    "question_type": "Very Short Answer (2 marks)",
                    "difficulty_level": "medium",
                    "explanation_html": null
                  }
                ]
              },
              {
                "chapter_name": "Principles of Inheritance and Variation",
                "questions": [
                  {
                    "question_no": 18,
                    "question_html": "<p>Study the given pedigree chart in which neither of the parents shows the trait but the trait is present in both male and female children.<br><br>Answer the following questions :<br>(a) Write about the trait, also explain the inheritance of such trait in the progeny on the basis of given pedigree chart.<br>(b) Give one example of such trait in human beings.</p>",
                    "images": [
                      {
                        "url": "https://img.testbuddyai.com/Biology-57-2-25-Q18.png"
                      }
                    ],
                    "options": [],
                    "correct_answer": {
                      "text": "<p>(a) The trait is an <b>Autosomal Recessive Trait</b>.<br><b>Explanation of inheritance:</b> The trait appears in the progeny (Generation I) even though the parents are unaffected. This indicates that the trait is recessive. Since the parents are unaffected but have affected offspring, they must be heterozygous carriers (e.g., Aa). The trait is passed on to both male (square) and female (circle) offspring, indicating it is autosomal, not sex-linked. The affected offspring are homozygous recessive (aa), inheriting one recessive allele from each carrier parent.<br>(b) One example of such a trait in humans is <b>Sickle-cell anaemia</b> or <b>Cystic fibrosis</b> or <b>Phenylketonuria</b>.</p>"
                    },
                    "question_type": "Very Short Answer (2 marks)",
                    "difficulty_level": "medium",
                    "explanation_html": null
                  }
                ]
              },
              {
                "chapter_name": "Human Health and Disease",
                "questions": [
                  {
                    "question_no": 19,
                    "question_html": "<p>Student to attempt either option (A) or (B).<br>(A) Describe any two situations where a medical doctor would recommend injection of a pre-formed antibodies (antitoxins) into the body of a patient.<br>OR<br>(B) The symptoms of malaria do not appear immediately after the entry of sporozoites into the human body when bitten by female Anopheles mosquito. Explain why it happens.</p>",
                    "options": [],
                    "correct_answer": {
                      "text": "<p><b>(A)</b> Two situations for recommending pre-formed antibodies are:<br>1. <b>Snakebite:</b> In case of a snakebite, the venom acts very fast. The body's natural immune response is too slow to produce enough antibodies to neutralize the venom. Therefore, pre-formed antibodies (antivenom) are injected to provide a quick, passive immune response.<br>2. <b>Tetanus:</b> In case of an infection with <i>Clostridium tetani</i>, the toxin produced by the bacteria is extremely potent. A quick immune response is required to neutralize the toxin and prevent severe symptoms. Pre-formed antibodies (Tetanus antitoxin) are administered for immediate protection.<br><br><b>OR</b><br><br><b>(B)</b> The symptoms of malaria (like fever and chills) do not appear immediately because the infective stage, the sporozoites, first travel to the liver. In the liver cells, they multiply asexually for a period without causing any symptoms. After multiplying, they are released from the liver cells, and then they invade Red Blood Cells (RBCs). Inside the RBCs, they multiply further and cause the RBCs to rupture. This rupture of RBCs releases a toxic substance called haemozoin, which is responsible for the characteristic chills and high fever associated with malaria. This entire cycle takes time, which is why there is a delay between the mosquito bite and the onset of symptoms.</p>"
                    },
                    "question_type": "Very Short Answer (2 marks)",
                    "difficulty_level": "medium",
                    "explanation_html": null
                  }
                ]
              },
              {
                "chapter_name": "Biotechnology : Principles and Processes",
                "questions": [
                  {
                    "question_no": 20,
                    "question_html": "<p>Observe the given sequence of nitrogenous bases on a DNA fragment and answer the following questions :<br>5' C A G A A T T C T T A 3'<br>3' G T C T T A A G A A T 5'<br>(a) Name the restriction enzyme which can recognise the DNA sequence.<br>(b) Write the sequence after restriction enzyme cut the palindrome.<br>(c) Why are the ends generated after digestion called as 'Sticky Ends' ?</p>",
                    "images": [
                      {
                        "url": "https://img.testbuddyai.com/Biology-57-2-25-Q20.png"
                      }
                    ],
                    "options": [],
                    "correct_answer": {
                      "text": "<p>(a) The restriction enzyme is <b>EcoRI</b>. It recognizes the palindromic sequence 5'-GAATTC-3'.<br><br>(b) The enzyme cuts between G and A on both strands. The resulting fragments would be:<br><b>Fragment 1:</b><br>5'-G<br>3'-CTTAA<br><b>Fragment 2:</b><br>5'-AATTC...<br>3'-G...<br><br>(c) The ends are called 'Sticky Ends' or cohesive ends because they have single-stranded overhangs. These overhangs are complementary to each other and can easily form hydrogen bonds with complementary cut counterparts, allowing them to 'stick' together via base pairing.</p>"
                    },
                    "question_type": "Very Short Answer (2 marks)",
                    "difficulty_level": "medium",
                    "explanation_html": null
                  }
                ]
              },
              {
                "chapter_name": "Ecosystem",
                "questions": [
                  {
                    "question_no": 21,
                    "question_html": "<p>Student to attempt either option (A) or (B).<br>(A) Identify the type of pyramid given below and write two identifying features of such a pyramid :<br><br>OR<br>(B) (i) Construct an ideal pyramid of energy when 10,00,000 Joules of sunlight is available.<br>(ii) Mention the energy obtained by the fourth level of this pyramid.</p>",
                    "images": [
                      {
                        "url": "https://img.testbuddyai.com/Biology-57-2-25-Q21A.png"
                      }
                    ],
                    "options": [],
                    "correct_answer": {
                      "text": "<p><b>(A)</b> The pyramid shown is an <b>Expanding Age Pyramid</b>.<br>Two identifying features are:<br>1. It has a broad base, which indicates that the number of individuals in the pre-reproductive age group is larger than the number in the reproductive age group.<br>2. It is triangular in shape, and the number of post-reproductive individuals is the smallest, indicating a growing population with a high birth rate.<br><br><b>OR</b><br><br><b>(B)</b><br>(i) An ideal pyramid of energy would be constructed as follows, assuming the 1% rule for producers and the 10% rule for subsequent trophic levels:<br>   - <b>Producers (First Trophic Level):</b> 1% of 1,000,000 J = <b>10,000 J</b><br>   - <b>Primary Consumers (Second Trophic Level):</b> 10% of 10,000 J = <b>1,000 J</b><br>   - <b>Secondary Consumers (Third Trophic Level):</b> 10% of 1,000 J = <b>100 J</b><br>   - <b>Tertiary Consumers (Fourth Trophic Level):</b> 10% of 100 J = <b>10 J</b><br>(ii) The energy obtained by the fourth level (Tertiary Consumers) of this pyramid is <b>10 Joules</b>.</p>"
                    },
                    "question_type": "Short Answer (3 marks)",
                    "difficulty_level": "medium",
                    "explanation_html": null
                  }
                ]
              },
              {
                "chapter_name": "Sexual Reproduction in Flowering Plants",
                "questions": [
                  {
                    "question_no": 22,
                    "question_html": "<p>(a) A bilobed dithecous anther has 200 microspore mother cells per microsporangium. How many male gametophytes can be produced by this anther ?<br>(b) Write the composition of intine and exine layers of a pollen grains.</p>",
                    "options": [],
                    "correct_answer": {
                      "text": "<p>(a) <b>Calculation:</b><br>   1. A bilobed, dithecous anther has <b>4 microsporangia</b>.<br>   2. Total number of microspore mother cells (MMCs) in the anther = 200 MMCs/microsporangium × 4 microsporangia = <b>800 MMCs</b>.<br>   3. Each diploid MMC undergoes meiosis to produce <b>4</b> haploid microspores (which develop into male gametophytes/pollen grains).<br>   4. Total male gametophytes produced = 800 MMCs × 4 = <b>3200</b>.<br><br>(b) <b>Composition:</b><br>   - The <b>intine</b> (inner layer) is a thin and continuous layer made up of <b>cellulose and pectin</b>.<br>   - The <b>exine</b> (outer layer) is a hard, resistant layer made up of <b>sporopollenin</b>.</p>"
                    },
                    "question_type": "Short Answer (3 marks)",
                    "difficulty_level": "medium",
                    "explanation_html": null
                  }
                ]
              },
              {
                "chapter_name": "Reproductive Health",
                "questions": [
                  {
                    "question_no": 23,
                    "question_html": "<p>(a) List two reasons that make copper releasing IUDs as effective contraceptives.<br>(b) Explain how the intake of oral contraceptive pills prevent pregnancy in humans.</p>",
                    "options": [],
                    "correct_answer": {
                      "text": "<p>(a) Two reasons that make copper-releasing IUDs effective are:<br>1. The copper ions released suppress sperm motility, reducing their ability to swim towards the egg.<br>2. They suppress the fertilising capacity of the sperm.<br>(Other reasons include increasing the phagocytosis of sperms within the uterus).<br><br>(b) Oral contraceptive pills contain hormones (progestogen alone or a combination of progestogen and estrogen). They prevent pregnancy primarily by:<br>1. <b>Inhibiting ovulation:</b> They prevent the release of an egg from the ovary.<br>2. <b>Inhibiting implantation:</b> They alter the lining of the uterus (endometrium), making it unsuitable for a fertilized egg to implant.<br>3. They also alter the quality of the cervical mucus, making it thicker to prevent or retard the entry of sperm into the uterus.</p>"
                    },
                    "question_type": "Short Answer (3 marks)",
                    "difficulty_level": "easy",
                    "explanation_html": null
                  }
                ]
              },
              {
                "chapter_name": "Principles of Inheritance and Variation",
                "questions": [
                  {
                    "question_no": 24,
                    "question_html": "<p>Using a Punnett square workout the distribution of an autosomal phenotypic feature in the first filial generation after a cross between a homozygous female and a heterozygous male for a single locus.</p>",
                    "options": [],
                    "correct_answer": {
                      "text": "<p>There are two possible scenarios for the homozygous female: homozygous dominant or homozygous recessive.<br><br><b>Scenario 1: Homozygous Dominant Female (GG) x Heterozygous Male (Gg)</b><br>Gametes from female: G<br>Gametes from male: G, g<br><br><b>Punnett Square:</b><br>      G      g<br>   G | GG  | Gg  |<br><br><b>Genotypic Distribution (F1):</b> 50% GG, 50% Gg<br><b>Phenotypic Distribution (F1):</b> 100% of the offspring will show the dominant phenotype.<br><br><b>Scenario 2: Homozygous Recessive Female (gg) x Heterozygous Male (Gg)</b><br>Gametes from female: g<br>Gametes from male: G, g<br><br><b>Punnett Square:</b><br>      G      g<br>   g | Gg  | gg  |<br><br><b>Genotypic Distribution (F1):</b> 50% Gg, 50% gg<br><b>Phenotypic Distribution (F1):</b> 50% of the offspring will show the dominant phenotype, and 50% will show the recessive phenotype.</p>"
                    },
                    "question_type": "Short Answer (3 marks)",
                    "difficulty_level": "medium",
                    "explanation_html": null
                  }
                ]
              },
              {
                "chapter_name": "Evolution",
                "questions": [
                  {
                    "question_no": 25,
                    "question_html": "<p>How does the process of Natural Selection affect Hardy-Weinberg equilibrium ? Explain with the help of graphs.</p>",
                    "options": [],
                    "correct_answer": {
                      "text": "<p>Natural selection affects the Hardy-Weinberg equilibrium by causing changes in allele and genotype frequencies from one generation to the next. It leads to adaptive evolution by favoring certain traits over others. This process can occur in three ways:<br><br>1. <b>Stabilizing Selection:</b> In this type, individuals with mean (average) character values are favored, while individuals at both extremes are selected against. This reduces variation and maintains the status quo. The peak of the distribution curve gets higher and narrower.<br><br>2. <b>Directional Selection:</b> Here, individuals at one extreme of the phenotypic range are favored, causing the allele frequency to shift over time in the direction of that phenotype. The peak of the distribution curve shifts in one direction.<br><br>3. <b>Disruptive Selection:</b> In this case, individuals at both extremes of the phenotypic range are favored over intermediate phenotypes. This can lead to the formation of two distinct phenotypes in the population, and the distribution curve develops two peaks.</p>"
                    },
                    "question_type": "Short Answer (3 marks)",
                    "difficulty_level": "medium",
                    "explanation_html": null
                  }
                ]
              },
              {
                "chapter_name": "Human Health and Disease",
                "questions": [
                  {
                    "question_no": 26,
                    "question_html": "<p>Samples of blood and urine of a sportsperson are collected before any sports event for drug tests.<br>(a) Why there is a need to conduct such tests ?<br>(b) Name the drugs the authorities usually look for.<br>(c) Write the generic names of two plants from which these drugs are obtained.</p>",
                    "options": [],
                    "correct_answer": {
                      "text": "<p>(a) There is a need to conduct such tests to prevent athletes from using performance-enhancing drugs (PEDs). Sportspersons sometimes abuse certain drugs to unfairly increase their muscle strength, bulk, and aggressiveness for better performance. These tests ensure fair competition and protect the health of the athletes.<br><br>(b) Authorities usually look for drugs like anabolic steroids, cannabinoids, and certain stimulants like cocaine/coca alkaloids.<br><br>(c) Two plants from which these drugs are obtained are:<br>   1. <b><i>Cannabis sativa</i></b> (source of cannabinoids like marijuana, hashish).<br>   2. <b><i>Erythroxylum coca</i></b> (source of cocaine).</p>"
                    },
                    "question_type": "Short Answer (3 marks)",
                    "difficulty_level": "easy",
                    "explanation_html": null
                  }
                ]
              },
              {
                "chapter_name": "Biotechnology and its Applications",
                "questions": [
                  {
                    "question_no": 27,
                    "question_html": "<p>(a) The insulin synthesised in our body is different from that synthesised by Eli Lilly company using recombinant DNA technology. Differentiate between them.<br>(b) Why the insulin extracted from an animal source is not in use these days?</p>",
                    "options": [],
                    "correct_answer": {
                      "text": "<p>(a) The key difference lies in their synthesis and structure:<br>   - <b>Insulin synthesized in the body:</b> It is first synthesized as an inactive <b>prohormone</b> called <b>proinsulin</b>. This molecule contains three polypeptide chains: A, B, and an extra stretch called the <b>C-peptide</b>. The C-peptide is removed during processing to form the mature, functional insulin (with A and B chains linked by disulfide bonds).<br>   - <b>Insulin synthesized by Eli Lilly (recombinant insulin):</b> It is produced in a mature, functional form from the start. The A and B polypeptide chains are produced separately in bacteria and then combined to form functional human insulin. It does not involve a proinsulin stage with a C-peptide.<br><br>(b) Insulin extracted from animal sources (like pigs and cattle) is not in use these days primarily because it is a foreign protein to the human body. This can cause some patients to develop <b>allergic reactions</b> or other types of immune responses. Additionally, recombinant insulin can be produced in vast, sterile, and reliable quantities from bacteria, overcoming supply issues and risks of contamination from animal sources.</p>"
                    },
                    "question_type": "Short Answer (3 marks)",
                    "difficulty_level": "medium",
                    "explanation_html": null
                  }
                ]
              },
              {
                "chapter_name": "Organisms and Populations",
                "questions": [
                  {
                    "question_no": 28,
                    "question_html": "<p>(a) Draw a graph for a population whose population density has reached the carrying capacity.<br>(b) Out of the two population growth curves, which one is considered a more realistic for most populations ? Why ?<br>(c) Draw a growth curve where resources are not limiting for the growth of a population and give its equation.</p>",
                    "options": [],
                    "correct_answer": {
                      "text": "<p>(a) Graph for a population at carrying capacity (Logistic Growth):<br>The graph is an S-shaped (sigmoid) curve, where the population density (N) on the y-axis increases over time (t) on the x-axis, eventually leveling off at the carrying capacity (K).<br><br>(b) The <b>logistic growth curve</b> (S-shaped) is considered more realistic for most populations.<br><b>Why:</b> This is because resources in any habitat (like food and space) are finite. As a population grows, resources become limiting, which slows down the growth rate until the population reaches the maximum size the environment can sustain, known as the carrying capacity (K). The exponential curve, which assumes unlimited resources, is not sustainable in the long term for most species.<br><br>(c) Growth curve for a population with unlimited resources (Exponential Growth):<br>The graph is a J-shaped curve, showing population density (N) increasing exponentially over time (t).<br>The equation for this growth is: <b>dN/dt = rN</b> (where N is population density, t is time, and r is the intrinsic rate of natural increase).</p>"
                    },
                    "question_type": "Short Answer (3 marks)",
                    "difficulty_level": "medium",
                    "explanation_html": null
                  }
                ]
              },
              {
                "chapter_name": "Human Health and Disease",
                "questions": [
                  {
                    "question_no": 29,
                    "question_html": "<p>Immunity in our body is of two types : (i) Innate immunity and (ii) acquired immunity. Innate immunity is a non-specific defence mechanism, whereas acquired immunity is pathogen-specific; it is called specific immunity too. Acquired immunity is characterised by memory. Antibodies are specific to antigens and there are different types of antibodies produced in our body : they are IgA, IgE, IgG and IgM. It shows primary response when it encounters the pathogen for the first time and secondary response during the subsequent encounters with the same Antigen/Pathogen.<br>(a) Name the two types of specialised cells which carry out the primary and secondary immune response.<br>(b) Why is the antibody-mediated immunity also called as humoral immune response ?<br>Attempt either sub-part (c) or (d) :<br>(c) The organ transplants are often rejected if not taken from suitable compatible persons.<br>(i) Mention the characteristic of our immune system that is responsible for the graft rejection.<br>(ii) Name the type of immune response and the cell involved in it.<br>OR<br>(d) How is active immunity different from passive immunity ?</p>",
                    "options": [],
                    "correct_answer": {
                      "text": "<p>(a) The two types of specialized cells that carry out primary and secondary immune responses are <b>B-lymphocytes</b> and <b>T-lymphocytes</b>.<br><br>(b) Antibody-mediated immunity is also called humoral immune response because the antibodies are found in the body fluids or 'humors', primarily the blood and lymph.<br><br><b>(c)</b><br>(i) The characteristic of our immune system responsible for graft rejection is its ability to differentiate between <b>'self' and 'non-self' cells/tissues</b>.<br>(ii) The type of immune response involved is the <b>cell-mediated immune response</b>, and the cells primarily responsible are the <b>T-lymphocytes</b> (specifically, cytotoxic T-cells).<br><br><b>OR</b><br><br><b>(d)</b><br>| Feature | Active Immunity | Passive Immunity |<br>|---|---|---|<br>| <b>Source of Antibodies</b> | Produced by the individual's own B-cells within the body. | Received as pre-formed antibodies from an external source. |<br>| <b>Response Time</b> | It is comparatively slow and takes time to develop. | It provides a quick and immediate response. |<br>| <b>Memory</b> | It generates immunological memory. | It does not generate immunological memory. |<br>| <b>Duration</b> | It is long-lasting. | It is temporary and lasts only for a short period. |"
                    },
                    "question_type": "Case-based Subjective",
                    "difficulty_level": "medium",
                    "explanation_html": null
                  }
                ]
              },
              {
                "chapter_name": "Molecular Basis of Inheritance",
                "questions": [
                  {
                    "question_no": 30,
                    "question_html": "<p>The process of copying the genetic information from one strand of DNA into RNA is termed as transcription. The principle of complementarity of bases governs the process of transcription, also except that uracil comes in place of thymine.<br>Study the complete transcription unit given below and answer the following questions :<br><br>(a) Name the main enzyme involved in the process of transcription.<br>(b) Identify coding strand and template strand of DNA in the transcription unit.<br>Attempt either sub-part (c) or (d) :<br>(c) Identify (C) and (D) in the diagram, mention their significance in the process of transcription.<br>OR<br>(d) Describe the location of (C) and (D) in the transcription unit.</p>",
                    "images": [
                      {
                        "url": "https://img.testbuddyai.com/Biology-57-2-25-Q30.png"
                      }
                    ],
                    "options": [],
                    "correct_answer": {
                      "text": "<p>(a) The main enzyme involved in transcription is <b>DNA-dependent RNA polymerase</b>.<br><br>(b) In the given diagram:<br>   - The <b>template strand</b> is the strand with polarity 3' → 5' (labeled A).<br>   - The <b>coding strand</b> is the strand with polarity 5' → 3' (labeled B).<br><br><b>(c)</b><br>   - <b>(C) is the Promoter:</b> Its significance is that it serves as the binding site for RNA polymerase, marking the start point for transcription.<br>   - <b>(D) is the Terminator:</b> Its significance is that it contains the DNA sequence that signals the end of transcription, causing the RNA polymerase to detach from the DNA.<br><br><b>OR</b><br><br><b>(d)</b><br>   - <b>(C), the Promoter</b>, is located towards the 5'-end (upstream) of the coding strand.<br>   - <b>(D), the Terminator</b>, is located towards the 3'-end (downstream) of the coding strand.</p>"
                    },
                    "question_type": "Case-based Subjective",
                    "difficulty_level": "medium",
                    "explanation_html": null
                  }
                ]
              },
              {
                "chapter_name": "Sexual Reproduction in Flowering Plants",
                "questions": [
                  {
                    "question_no": 31,
                    "question_html": "<p>Student to attempt either option (A) or (B).<br>(A) (i) Describe the process of megasporogenesis in an angiosperm.<br>(ii) Draw a diagram of a mature embryo sac of an angiosperm. Label its any four parts.<br>OR<br>(B) The reproductive cycle in the female primates is called menstrual cycle. The first menstruation begins at puberty.<br>Answer the following questions :<br>(i) Name the four phases of menstrual cycle in a proper sequence.<br>(ii) How long does the menstrual phase last in a menstrual cycle ?<br>(iii) When and why hormones estrogen and progesterone reach their peak levels respectively, in the menstrual cycle ?<br>(iv) Give the significance of LH surge.</p>",
                    "options": [],
                    "correct_answer": {
                      "text": "<p><b>(A)</b><br>(i) <b>Megasporogenesis</b> is the process of formation of the female gametophyte (embryo sac) from a megaspore mother cell (MMC).<br>   - A single diploid (2n) megaspore mother cell in the ovule undergoes meiosis.<br>   - This meiotic division produces a linear tetrad of four haploid (n) megaspores.<br>   - Typically, three of these megaspores (usually at the micropylar end) degenerate.<br>   - The one remaining functional megaspore (at the chalazal end) grows in size.<br>   - Its nucleus undergoes three successive mitotic divisions (free nuclear division) without cell wall formation, resulting in an 8-nucleate stage.<br>   - Cell walls are then laid down, organizing the nuclei into a 7-celled, 8-nucleate mature embryo sac.<br>(ii) <b>Diagram of a mature embryo sac:</b> A diagram should be drawn showing the 7-celled, 8-nucleate structure. Four parts to be labeled could include: <b>Antipodals</b> (at the chalazal end), <b>Polar Nuclei</b> (in the central cell), <b>Egg Cell</b> and <b>Synergids</b> (forming the egg apparatus at the micropylar end).<br><br><b>OR</b><br><br><b>(B)</b><br>(i) The four phases in proper sequence are: <b>Menstrual phase → Follicular (or Proliferative) phase → Ovulatory phase → Luteal (or Secretory) phase</b>.<br>(ii) The menstrual phase lasts for about <b>3-5 days</b>.<br>(iii) <br>   - <b>Estrogen</b> reaches its peak level during the late follicular phase, just before ovulation. It is secreted by the rapidly growing ovarian (Graafian) follicles, and its peak level induces the LH surge.<br>   - <b>Progesterone</b> reaches its peak level during the middle of the luteal phase. It is secreted by the corpus luteum (formed from the ruptured follicle after ovulation), and its function is to maintain the endometrium for potential pregnancy.<br>(iv) The significance of the LH surge (a rapid increase in Luteinizing Hormone) is that it <b>induces the rupture of the mature Graafian follicle and thereby the release of the ovum (ovulation)</b>.</p>"
                    },
                    "question_type": "Long Answer (5 marks)",
                    "difficulty_level": "hard",
                    "explanation_html": null
                  }
                ]
              },
              {
                "chapter_name": "Biotechnology : Principles and Processes",
                "questions": [
                  {
                    "question_no": 32,
                    "question_html": "<p>Student to attempt either option (A) or (B).<br>(A) (i) Explain how is a bacterial cell made 'competent' to take up recombinant DNA from the medium.<br>(ii) Explain the steps of amplification of gene of interest using PCR technique.<br>OR<br>(B) (i) What are transgenic animals ?<br>(ii) Why are these animals being produced ? Explain any four reasons.</p>",
                    "options": [],
                    "correct_answer": {
                      "text": "<p><b>(A)</b><br>(i) A bacterial cell is made 'competent' to take up recombinant DNA through a process that increases the permeability of its cell wall. A common method involves treating the cells with a specific concentration of a divalent cation, such as <b>calcium chloride (CaCl<sub>2</sub>)</b>, in an ice-cold solution. This is followed by a brief <b>heat shock</b> (e.g., at 42°C), which creates transient pores in the cell membrane, allowing the recombinant DNA to enter the cell.<br><br>(ii) The steps of amplification using the Polymerase Chain Reaction (PCR) technique are:<br>   1. <b>Denaturation:</b> The reaction mixture, containing the target DNA, primers, Taq polymerase, and nucleotides, is heated to a high temperature (around 94-96°C). This breaks the hydrogen bonds between the two strands of the target DNA, separating them.<br>   2. <b>Annealing:</b> The temperature is lowered (around 50-65°C), allowing the short, single-stranded DNA primers to bind (anneal) to their complementary sequences on the separated DNA strands.<br>   3. <b>Extension/Elongation:</b> The temperature is raised again (usually to 72°C), the optimal temperature for the heat-stable DNA polymerase (<b>Taq polymerase</b>). The polymerase attaches to the primers and synthesizes a new complementary DNA strand, using the original strand as a template and the free nucleotides from the solution. <br>This cycle of denaturation, annealing, and extension is repeated 20-30 times, leading to an exponential amplification of the gene of interest.<br><br><b>OR</b><br><br><b>(B)</b><br>(i) <b>Transgenic animals</b> are animals that have had their DNA manipulated to possess and express an extra, foreign gene from another species.<br><br>(ii) Four reasons why transgenic animals are produced:<br>   1. <b>Study of Normal Physiology and Development:</b> Transgenic animals can be specifically designed to study how genes are regulated and how they affect the normal functions of the body and its development (e.g., studying the role of insulin-like growth factor).<br>   2. <b>Study of Disease:</b> Many transgenic animals are designed to serve as models for human diseases (e.g., cancer, cystic fibrosis, Alzheimer's). This allows researchers to better understand the progression of the disease and to test new treatments.<br>   3. <b>Production of Biological Products:</b> Transgenic animals can be used to produce useful biological products. For example, a human protein like α-1-antitrypsin (used to treat emphysema) can be produced in the milk of transgenic sheep.<br>   4. <b>Vaccine and Chemical Safety Testing:</b> Transgenic mice are being developed for testing the safety of vaccines before they are used on humans. Similarly, they can be made more sensitive to toxic substances than non-transgenic animals, allowing for quicker and more reliable results from chemical safety tests.</p>"
                    },
                    "question_type": "Long Answer (5 marks)",
                    "difficulty_level": "hard",
                    "explanation_html": null
                  }
                ]
              },
              {
                "chapter_name": "Biodiversity and Conservation",
                "questions": [
                  {
                    "question_no": 33,
                    "question_html": "<p>Student to attempt either option (A) or (B).<br>(A) (i) Explain giving three reasons why tropics show greatest levels of species diversity.<br>(ii) Draw a graph showing species-area relationship. Name the naturalist who studied such relationship. Write the observation made by him.<br>OR<br>(B) (i) The world is facing the accelerated rate of species extinctions due to human activities. Explain any three major causes of biodiversity losses.<br>(ii) Describe 'Ex situ' approach for conserving biodiversity. Give any two examples.</p>",
                    "options": [],
                    "correct_answer": {
                      "text": "<p><b>(A)</b><br>(i) Three reasons for greater species diversity in the tropics are:<br>   1. <b>Long Evolutionary Time:</b> Tropical latitudes have remained relatively undisturbed for millions of years, allowing for a long period of speciation and diversification.<br>   2. <b>Constant and Predictable Environment:</b> Tropical environments are less seasonal and more stable compared to temperate regions. This promotes niche specialisation and leads to a greater number of species co-existing.<br>   3. <b>High Productivity:</b> There is more solar energy available in the tropics, which contributes to higher productivity. This can support a greater number of individuals and species within the food web.<br><br>(ii) <b>Graph:</b> A graph should be drawn with 'Area' on the X-axis and 'Species Richness' on the Y-axis, showing a rectangular hyperbola. The relationship is described by the equation S = cA<sup>z</sup>. On a logarithmic scale, this relationship is a straight line.<br>   - <b>Naturalist:</b> Alexander von Humboldt.<br>   - <b>Observation:</b> He observed that within a region, species richness increased with increasing explored area, but only up to a certain limit.<br><br><b>OR</b><br><br><b>(B)</b><br>(i) Three major causes of biodiversity losses (The 'Evil Quartet'):<br>   1. <b>Habitat Loss and Fragmentation:</b> This is the most important cause. Deforestation, urbanization, and conversion of land for agriculture destroy natural habitats. When large habitats are broken up into small, isolated fragments, it can lead to population declines, especially for animals with large territories or migratory habits.<br>   2. <b>Over-exploitation:</b> Humans have always depended on nature, but when the need turns to greed, it leads to the over-exploitation of natural resources. This has led to the extinction of many species, such as the Steller's sea cow and passenger pigeon, and is endangering many marine fish populations.<br>   3. <b>Alien Species Invasions:</b> When non-native species are introduced into an ecosystem (either intentionally or unintentionally), some can become invasive. They may out-compete native species for resources or introduce diseases, leading to the decline or extinction of indigenous species. Examples include the Nile perch in Lake Victoria or water hyacinth in India.<br><br>(ii) <b>Ex situ conservation</b> is an approach where threatened animals and plants are taken out of their natural habitat and placed in a special setting where they can be protected and given special care. This is done to ensure their survival and prevent their extinction.<br>   - <b>Two examples:</b> Zoological parks (zoos) and Botanical gardens. (Other examples include wildlife safari parks, seed banks, and pollen banks).</p>"
                    },
                    "question_type": "Long Answer (5 marks)",
                    "difficulty_level": "hard",
                    "explanation_html": null
                  }
                ]
              }
            ]
          }
        ]
      }
    ]
  }
]