[
  {
    "exam_name_actual": "CBSE Board - Class 10",
    "main_exam_id_name_ref": "CBSE Board - Class 10",
    "years": [
      {
        "year": "2025",
        "papers_or_subjects": [
          {
            "paper_name": "CBSE Class 10 Science Paper 2025 (QP Code: 31/6/1)",
            "subject_name": "Science",
            "chapters": [
              {
                "chapter_name": "Chemical Reactions and Equations",
                "questions": [
                  {
                    "question_no": 1,
                    "question_html": "<p>In the following experimental setup of electrolysis of water, if P and Q are the gases collected in the test tubes enclosing the electrodes R and S, then select the option/options in which the matching is correct :</p>",
                    "images": [
                      {
                        "url": "https://img.testbuddyai.com/Science-31-6-25-Q1.png"
                      }
                    ],
                    "options": [
                      {
                        "id": "a",
                        "text": "(i) and (ii)"
                      },
                      {
                        "id": "b",
                        "text": "(iii) and (iv)"
                      },
                      {
                        "id": "c",
                        "text": "(i) and (iii)"
                      },
                      {
                        "id": "d",
                        "text": "(ii) and (iv)"
                      }
                    ],
                    "correct_answer": {
                      "ids": [
                        "d"
                      ]
                    },
                    "question_type": "mcq_single",
                    "difficulty_level": "medium",
                    "explanation_html": "<p>During the electrolysis of water (H₂O), hydrogen gas (H₂) is produced at the cathode (negative electrode) and oxygen gas (O₂) is produced at the anode (positive electrode). The balanced equation is 2H₂O → 2H₂ + O₂. This means the volume of hydrogen gas produced is double the volume of oxygen gas.<br>In the given diagram:<br>1. Electrode R is connected to the negative terminal of the battery, so R is the <b>cathode</b>.<br>2. Electrode S is connected to the positive terminal, so S is the <b>anode</b>.<br>3. The volume of gas P collected over electrode R is double the volume of gas Q collected over electrode S. Therefore, gas P is <b>Hydrogen</b> and gas Q is <b>Oxygen</b>.<br>Let's check the statements:<br>(i) P – Oxygen gas ; R – Anode -> Incorrect.<br>(ii) P – Hydrogen gas ; R - Cathode -> <b>Correct</b>.<br>(iii) Q – Hydrogen gas ; S - Cathode -> Incorrect.<br>(iv) Q – Oxygen gas ; S - Anode -> <b>Correct</b>.<br>Thus, the correct statements are (ii) and (iv).</p>"
                  }
                ]
              },
              {
                "chapter_name": "Acids, Bases and Salts",
                "questions": [
                  {
                    "question_no": 2,
                    "question_html": "<p>You have three aqueous solutions A, B and C as given below :<br>A - Potassium nitrate<br>B - Ammonium chloride<br>C - Sodium carbonate<br>The ascending order of the pH of these solutions is :</p>",
                    "options": [
                      {
                        "id": "a",
                        "text": "A < B < C"
                      },
                      {
                        "id": "b",
                        "text": "B < C < A"
                      },
                      {
                        "id": "c",
                        "text": "C < A < B"
                      },
                      {
                        "id": "d",
                        "text": "B < A < C"
                      }
                    ],
                    "correct_answer": {
                      "ids": [
                        "d"
                      ]
                    },
                    "question_type": "mcq_single",
                    "difficulty_level": "medium",
                    "explanation_html": "<p>Let's determine the nature of each salt solution:<br><b>A - Potassium nitrate (KNO₃):</b> It is a salt formed from a strong base (KOH) and a strong acid (HNO₃). Therefore, its aqueous solution is neutral, with a pH of approximately 7.<br><b>B - Ammonium chloride (NH₄Cl):</b> It is a salt formed from a weak base (NH₄OH) and a strong acid (HCl). Therefore, its aqueous solution is acidic, with a pH less than 7.<br><b>C - Sodium carbonate (Na₂CO₃):</b> It is a salt formed from a strong base (NaOH) and a weak acid (H₂CO₃). Therefore, its aqueous solution is basic (alkaline), with a pH greater than 7.<br>The ascending order of pH is acidic < neutral < basic. So, the order is B < A < C.</p>"
                  }
                ]
              },
              {
                "chapter_name": "Chemical Reactions and Equations",
                "questions": [
                  {
                    "question_no": 3,
                    "question_html": "<p>Select from the following a statement which is not true about burning of magnesium ribbon in air :</p>",
                    "options": [
                      {
                        "id": "a",
                        "text": "It burns with a dazzling white flame."
                      },
                      {
                        "id": "b",
                        "text": "A white powder is formed on burning."
                      },
                      {
                        "id": "c",
                        "text": "It is an endothermic reaction."
                      },
                      {
                        "id": "d",
                        "text": "It is an example of a combination reaction."
                      }
                    ],
                    "correct_answer": {
                      "ids": [
                        "c"
                      ]
                    },
                    "question_type": "mcq_single",
                    "difficulty_level": "easy",
                    "explanation_html": "<p>The reaction for the burning of magnesium ribbon in air is 2Mg + O₂ → 2MgO + Heat + Light.<br>(A) This statement is true; magnesium burns with a characteristic bright, dazzling white flame.<br>(B) This statement is true; the product of the reaction is magnesium oxide (MgO), which is a white powder.<br>(D) This statement is true; two reactants (Mg and O₂) combine to form a single product (MgO), which is the definition of a combination reaction.<br>(C) This statement is <b>not true</b>. The reaction releases a large amount of energy in the form of heat and light, making it a highly exothermic reaction, not endothermic. Endothermic reactions absorb heat from the surroundings.</p>"
                  }
                ]
              },
              {
                "chapter_name": "Carbon and its Compounds",
                "questions": [
                  {
                    "question_no": 4,
                    "question_html": "<p>A Hydrocarbon which does not belong to the same homologous series of carbon compounds is</p>",
                    "options": [
                      {
                        "id": "a",
                        "text": "C₄ H₁₀"
                      },
                      {
                        "id": "b",
                        "text": "C₆ H₁₄"
                      },
                      {
                        "id": "c",
                        "text": "C₇ H₁₄"
                      },
                      {
                        "id": "d",
                        "text": "C₁₀ H₂₂"
                      }
                    ],
                    "correct_answer": {
                      "ids": [
                        "c"
                      ]
                    },
                    "question_type": "mcq_single",
                    "difficulty_level": "easy",
                    "explanation_html": "<p>A homologous series is a series of compounds with the same general formula. Let's check the general formula for each hydrocarbon:<br>(A) C₄H₁₀: Fits the general formula for alkanes, CₙH₂ₙ₊₂, where n=4 (2*4+2=10).<br>(B) C₆H₁₄: Fits the general formula for alkanes, CₙH₂ₙ₊₂, where n=6 (2*6+2=14).<br>(D) C₁₀H₂₂: Fits the general formula for alkanes, CₙH₂ₙ₊₂, where n=10 (2*10+2=22).<br>(C) C₇H₁₄: Does not fit the alkane formula (C₇H₁₆). It fits the general formula for alkenes or cycloalkanes, CₙH₂ₙ, where n=7.<br>Therefore, C₇H₁₄ does not belong to the same homologous series as the others.</p>"
                  }
                ]
              },
              {
                "chapter_name": "Metals and Non-metals",
                "questions": [
                  {
                    "question_no": 5,
                    "question_html": "<p>The colour of the solution observed after about 1 hour of placing iron nails in copper sulphate solution is</p>",
                    "options": [
                      {
                        "id": "a",
                        "text": "Blue"
                      },
                      {
                        "id": "b",
                        "text": "Pale green"
                      },
                      {
                        "id": "c",
                        "text": "Yellow"
                      },
                      {
                        "id": "d",
                        "text": "Reddish brown"
                      }
                    ],
                    "correct_answer": {
                      "ids": [
                        "b"
                      ]
                    },
                    "question_type": "mcq_single",
                    "difficulty_level": "easy",
                    "explanation_html": "<p>This is a displacement reaction. Iron (Fe) is more reactive than copper (Cu). Therefore, when iron nails are placed in a copper sulphate (CuSO₄) solution, iron displaces copper from the solution.<br>The chemical reaction is: Fe(s) + CuSO₄(aq) → FeSO₄(aq) + Cu(s).<br>The initial copper sulphate solution is blue. As the reaction proceeds, it is replaced by iron(II) sulphate solution, which is pale green in colour. A reddish-brown deposit of copper metal will also form on the iron nails.</p>"
                  }
                ]
              },
              {
                "chapter_name": "Acids, Bases and Salts",
                "questions": [
                  {
                    "question_no": 6,
                    "question_html": "<p>Juice of tamarind turns blue litmus to red. It is because of the presence of a chemical compound called</p>",
                    "options": [
                      {
                        "id": "a",
                        "text": "Acetic acid"
                      },
                      {
                        "id": "b",
                        "text": "Methanoic acid"
                      },
                      {
                        "id": "c",
                        "text": "Oxalic acid"
                      },
                      {
                        "id": "d",
                        "text": "Tartaric acid"
                      }
                    ],
                    "correct_answer": {
                      "ids": [
                        "d"
                      ]
                    },
                    "question_type": "mcq_single",
                    "difficulty_level": "easy",
                    "explanation_html": "<p>The fact that tamarind juice turns blue litmus red indicates that it is acidic. Different natural food sources contain different organic acids. Tamarind is known for containing tartaric acid, which is responsible for its sour taste and acidic properties. Acetic acid is found in vinegar, methanoic acid in ant stings, and oxalic acid in tomatoes.</p>"
                  }
                ]
              },
              {
                "chapter_name": "Acids, Bases and Salts",
                "questions": [
                  {
                    "question_no": 7,
                    "question_html": "<p>The water of crystallization is present in<br>(i) Bleaching Powder<br>(ii) Plaster of Paris<br>(iii) Washing Soda<br>(iv) Baking Soda</p>",
                    "options": [
                      {
                        "id": "a",
                        "text": "(ii) and (iv)"
                      },
                      {
                        "id": "b",
                        "text": "(ii) and (iii)"
                      },
                      {
                        "id": "c",
                        "text": "(i) and (iii)"
                      },
                      {
                        "id": "d",
                        "text": "(i) and (iv)"
                      }
                    ],
                    "correct_answer": {
                      "ids": [
                        "b"
                      ]
                    },
                    "question_type": "mcq_single",
                    "difficulty_level": "medium",
                    "explanation_html": "<p>Water of crystallization refers to the fixed number of water molecules present in the crystalline structure of a salt.<br>(i) Bleaching Powder is calcium oxychloride (CaOCl₂). It does not have water of crystallization.<br>(ii) Plaster of Paris is calcium sulphate hemihydrate (CaSO₄·½H₂O). It contains half a molecule of water of crystallization.<br>(iii) Washing Soda is sodium carbonate decahydrate (Na₂CO₃·10H₂O). It contains ten molecules of water of crystallization.<br>(iv) Baking Soda is sodium hydrogen carbonate (NaHCO₃). It does not have water of crystallization.<br>Therefore, water of crystallization is present in Plaster of Paris and Washing Soda.</p>"
                  }
                ]
              },
              {
                "chapter_name": "Heredity",
                "questions": [
                  {
                    "question_no": 8,
                    "question_html": "<p>A tall pea plant with round seeds (TTRR) is crossed with a short pea plant with wrinkled seeds (ttrr). The F₁ generation will be</p>",
                    "options": [
                      {
                        "id": "a",
                        "text": "25% tall with round seeds"
                      },
                      {
                        "id": "b",
                        "text": "50% tall with wrinkled seeds"
                      },
                      {
                        "id": "c",
                        "text": "75% tall with wrinkled seeds"
                      },
                      {
                        "id": "d",
                        "text": "100% tall with round seeds"
                      }
                    ],
                    "correct_answer": {
                      "ids": [
                        "d"
                      ]
                    },
                    "question_type": "mcq_single",
                    "difficulty_level": "easy",
                    "explanation_html": "<p>This is a classic Mendelian dihybrid cross. The parents are homozygous for both traits.<br>Parent 1 (Tall, Round): Genotype TTRR. It produces gametes with alleles TR.<br>Parent 2 (Short, Wrinkled): Genotype ttrr. It produces gametes with alleles tr.<br>During fertilization, the gametes fuse to form the F₁ generation. The genotype of all F₁ offspring will be TtRr.<br>According to the Law of Dominance, the allele for tallness (T) is dominant over shortness (t), and the allele for round seeds (R) is dominant over wrinkled seeds (r).<br>Therefore, the phenotype of all F₁ plants (TtRr) will be tall with round seeds. The result is 100% tall with round seeds.</p>"
                  }
                ]
              },
              {
                "chapter_name": "Control and Coordination",
                "questions": [
                  {
                    "question_no": 9,
                    "question_html": "<p>A pair of endocrine glands located in the human brain is</p>",
                    "options": [
                      {
                        "id": "a",
                        "text": "Parathyroid and Pituitary"
                      },
                      {
                        "id": "b",
                        "text": "Pineal and Thymus"
                      },
                      {
                        "id": "c",
                        "text": "Hypothalamus and Thymus"
                      },
                      {
                        "id": "d",
                        "text": "Hypothalamus and Pineal"
                      }
                    ],
                    "correct_answer": {
                      "ids": [
                        "d"
                      ]
                    },
                    "question_type": "mcq_single",
                    "difficulty_level": "easy",
                    "explanation_html": "<p>Let's check the location of the glands in each pair:<br>(A) Parathyroid is in the neck; Pituitary is in the brain.<br>(B) Pineal is in the brain; Thymus is in the chest.<br>(C) Hypothalamus is in the brain; Thymus is in the chest.<br>(D) Both Hypothalamus and Pineal gland are located in the brain. The hypothalamus is part of the forebrain, and the pineal gland is located deep in the center of the brain.</p>"
                  }
                ]
              },
              {
                "chapter_name": "How do Organisms Reproduce?",
                "questions": [
                  {
                    "question_no": 10,
                    "question_html": "<p>Select the option having correct matching of the organism given in Column I with the mode of reproduction in Column II :<br><b>Column I</b><br>P Leishmania<br>Q Spirogyra<br>R Planaria<br>S Plasmodium<br><b>Column II</b><br>1. Regeneration<br>2. Multiple Fission<br>3. Binary Fission<br>4. Fragmentation<br>5. Budding</p>",
                    "options": [
                      {
                        "id": "a",
                        "text": "P-4, Q-2, R-1, S-3"
                      },
                      {
                        "id": "b",
                        "text": "P-3, Q-4, R-5, S-2"
                      },
                      {
                        "id": "c",
                        "text": "P-3, Q-4, R-1, S-2"
                      },
                      {
                        "id": "d",
                        "text": "P-4, Q-3, R-2, S-1"
                      }
                    ],
                    "correct_answer": {
                      "ids": [
                        "c"
                      ]
                    },
                    "question_type": "mcq_single",
                    "difficulty_level": "medium",
                    "explanation_html": "<p>Let's match each organism with its mode of asexual reproduction:<br>P. <b>Leishmania</b> reproduces by <b>binary fission</b> (specifically, longitudinal binary fission). So, P matches with 3.<br>Q. <b>Spirogyra</b> reproduces by <b>fragmentation</b>, where the filament breaks into smaller pieces, each growing into a new individual. So, Q matches with 4.<br>R. <b>Planaria</b> has a high capacity for <b>regeneration</b>, where a cut piece can grow into a complete organism. So, R matches with 1.<br>S. <b>Plasmodium</b> (the malarial parasite) reproduces by <b>multiple fission</b>, where one cell divides into many daughter cells simultaneously. So, S matches with 2.<br>The correct set of matches is P-3, Q-4, R-1, S-2.</p>"
                  }
                ]
              },
              {
                "chapter_name": "Life Processes",
                "questions": [
                  {
                    "question_no": 11,
                    "question_html": "<p>The basic filtration unit of the excretory system in human beings is :</p>",
                    "options": [
                      {
                        "id": "a",
                        "text": "Nephron"
                      },
                      {
                        "id": "b",
                        "text": "Urethra"
                      },
                      {
                        "id": "c",
                        "text": "Neuron"
                      },
                      {
                        "id": "d",
                        "text": "Urinary bladder"
                      }
                    ],
                    "correct_answer": {
                      "ids": [
                        "a"
                      ]
                    },
                    "question_type": "mcq_single",
                    "difficulty_level": "easy",
                    "explanation_html": "<p>The excretory system in humans consists of the kidneys, ureters, urinary bladder, and urethra. The kidneys are the primary excretory organs, and their basic structural and functional unit for filtering blood and forming urine is the <b>nephron</b>. Each kidney contains about a million nephrons. A neuron is the basic unit of the nervous system.</p>"
                  }
                ]
              },
              {
                "chapter_name": "Life Processes",
                "questions": [
                  {
                    "question_no": 12,
                    "question_html": "<p>In human alimentary canal, the digestive juice secreted by the gastric glands are</p>",
                    "options": [
                      {
                        "id": "a",
                        "text": "Bile, Trypsin, Pepsin"
                      },
                      {
                        "id": "b",
                        "text": "Hydrochloric acid, Pepsin, Mucus"
                      },
                      {
                        "id": "c",
                        "text": "Lipase, Bile, Mucus"
                      },
                      {
                        "id": "d",
                        "text": "Salivary amylase, Pepsin, Bile"
                      }
                    ],
                    "correct_answer": {
                      "ids": [
                        "b"
                      ]
                    },
                    "question_type": "mcq_single",
                    "difficulty_level": "easy",
                    "explanation_html": "<p>Gastric glands are located in the lining of the stomach. They secrete gastric juice, which contains three main components:<br>1. <b>Hydrochloric acid (HCl):</b> Creates an acidic medium for the action of pepsin and kills germs.<br>2. <b>Pepsin:</b> A protein-digesting enzyme that works in an acidic medium.<br>3. <b>Mucus:</b> Protects the inner lining of the stomach from the corrosive action of HCl.<br>Bile is from the liver, trypsin and lipase are from the pancreas, and salivary amylase is from the salivary glands.</p>"
                  }
                ]
              },
              {
                "chapter_name": "The Human Eye and the Colourful World",
                "questions": [
                  {
                    "question_no": 14,
                    "question_html": "<p>The part of human eye which controls the amount of light entering into it.</p>",
                    "options": [
                      {
                        "id": "a",
                        "text": "Iris"
                      },
                      {
                        "id": "b",
                        "text": "Cornea"
                      },
                      {
                        "id": "c",
                        "text": "Ciliary muscles"
                      },
                      {
                        "id": "d",
                        "text": "Pupil"
                      }
                    ],
                    "correct_answer": {
                      "ids": [
                        "a"
                      ]
                    },
                    "question_type": "mcq_single",
                    "difficulty_level": "easy",
                    "explanation_html": "<p>The <b>iris</b> is the colored, muscular part of the eye that controls the amount of light entering the eye by adjusting the size of the pupil. The pupil is the opening in the center of the iris. In bright light, the iris contracts, making the pupil smaller to limit light entry. In dim light, the iris expands, making the pupil larger to allow more light in. Therefore, the iris is the structure that actively controls the light.</p>"
                  }
                ]
              },
              {
                "chapter_name": "Our Environment",
                "questions": [
                  {
                    "question_no": 15,
                    "question_html": "<p>Consider the following food chain :<br>Grass → Grasshopper → Frog → Snake → Eagle<br>If the amount of energy available at third trophic level is 50 kJ, the available energy at the producer level was :</p>",
                    "options": [
                      {
                        "id": "a",
                        "text": "0.5 kJ"
                      },
                      {
                        "id": "b",
                        "text": "5 kJ"
                      },
                      {
                        "id": "c",
                        "text": "500 kJ"
                      },
                      {
                        "id": "d",
                        "text": "5000 kJ"
                      }
                    ],
                    "correct_answer": {
                      "ids": [
                        "d"
                      ]
                    },
                    "question_type": "mcq_single",
                    "difficulty_level": "medium",
                    "explanation_html": "<p>According to the 10% law of energy transfer, only about 10% of the energy from one trophic level is transferred to the next.<br>The trophic levels are:<br>1st Trophic Level (Producer): Grass<br>2nd Trophic Level (Primary Consumer): Grasshopper<br>3rd Trophic Level (Secondary Consumer): Frog<br>Given: Energy at the 3rd trophic level (Frog) = 50 kJ.<br>To find the energy at the 2nd trophic level (Grasshopper), we divide by 10% (or multiply by 10):<br>Energy at 2nd level = 50 kJ / 0.10 = 500 kJ.<br>To find the energy at the 1st trophic level (Producer - Grass), we again divide by 10%:<br>Energy at 1st level = 500 kJ / 0.10 = 5000 kJ.</p>"
                  }
                ]
              },
              {
                "chapter_name": "Our Environment",
                "questions": [
                  {
                    "question_no": 16,
                    "question_html": "<p>The incorrect statement about ozone is</p>",
                    "options": [
                      {
                        "id": "a",
                        "text": "It is a deadly poisonous gas."
                      },
                      {
                        "id": "b",
                        "text": "It shields the surface of the earth from UV radiation from sun."
                      },
                      {
                        "id": "c",
                        "text": "It is used as a refrigerant and in fire-extinguishers."
                      },
                      {
                        "id": "d",
                        "text": "It is formed by combining oxygen molecule with free oxygen atom."
                      }
                    ],
                    "correct_answer": {
                      "ids": [
                        "c"
                      ]
                    },
                    "question_type": "mcq_single",
                    "difficulty_level": "medium",
                    "explanation_html": "<p>(A) True. Ozone (O₃) is a poisonous gas, and it is a major air pollutant at ground level.<br>(B) True. The ozone layer in the stratosphere absorbs most of the Sun's harmful ultraviolet (UV) radiation.<br>(D) True. Ozone is formed in the stratosphere when UV radiation splits an oxygen molecule (O₂) into two free oxygen atoms (O). A free oxygen atom then combines with an oxygen molecule to form ozone (O + O₂ → O₃).<br>(C) <b>Incorrect</b>. The substances used as refrigerants and in fire extinguishers were chlorofluorocarbons (CFCs), which are responsible for the depletion of the ozone layer. Ozone itself is not used for these purposes.</p>"
                  }
                ]
              },
              {
                "chapter_name": "Carbon and its Compounds",
                "questions": [
                  {
                    "question_no": 17,
                    "question_html": "<p><b>Assertion (A) :</b> Carbon and its compounds are our major sources of fuels.<br><b>Reason (R) :</b> Most of the carbon compounds on burning release a large amount of heat and light.</p>",
                    "options": [
                      {
                        "id": "a",
                        "text": "Both Assertion (A) and Reason (R) are true and Reason (R) is the correct explanation of the Assertion (A)."
                      },
                      {
                        "id": "b",
                        "text": "Both Assertion (A) and Reason (R) are true and Reason (R) is not the correct explanation of the Assertion (A)."
                      },
                      {
                        "id": "c",
                        "text": "Assertion (A) is true, but Reason (R) is false."
                      },
                      {
                        "id": "d",
                        "text": "Assertion (A) is false, but Reason (R) is true."
                      }
                    ],
                    "correct_answer": {
                      "ids": [
                        "a"
                      ]
                    },
                    "question_type": "mcq_single",
                    "difficulty_level": "easy",
                    "explanation_html": "<p><b>Assertion (A)</b> is true. Major fuels like coal, petroleum, natural gas, LPG, and wood are all carbon-based compounds.<br><b>Reason (R)</b> is also true. The process of burning (combustion) of these carbon compounds is a highly exothermic reaction that releases a large amount of energy in the form of heat and light.<br>The reason correctly explains the assertion. Carbon compounds are used as fuels precisely because their combustion is a reliable source of large amounts of energy.</p>"
                  }
                ]
              },
              {
                "chapter_name": "Life Processes",
                "questions": [
                  {
                    "question_no": 18,
                    "question_html": "<p><b>Assertion (A) :</b> Xylem tissue moves water and minerals obtained from the soil by the roots.<br><b>Reason (R) :</b> Xylem tissue is found only in the roots of a plant.</p>",
                    "options": [
                      {
                        "id": "a",
                        "text": "Both Assertion (A) and Reason (R) are true and Reason (R) is the correct explanation of the Assertion (A)."
                      },
                      {
                        "id": "b",
                        "text": "Both Assertion (A) and Reason (R) are true and Reason (R) is not the correct explanation of the Assertion (A)."
                      },
                      {
                        "id": "c",
                        "text": "Assertion (A) is true, but Reason (R) is false."
                      },
                      {
                        "id": "d",
                        "text": "Assertion (A) is false, but Reason (R) is true."
                      }
                    ],
                    "correct_answer": {
                      "ids": [
                        "c"
                      ]
                    },
                    "question_type": "mcq_single",
                    "difficulty_level": "easy",
                    "explanation_html": "<p><b>Assertion (A)</b> is true. The primary function of the xylem is to transport water and dissolved minerals from the roots to all other parts of the plant.<br><b>Reason (R)</b> is false. Xylem is a vascular tissue that forms a continuous network throughout the plant, extending from the roots, up the stem, and into the leaves, branches, and flowers. It is not confined only to the roots.</p>"
                  }
                ]
              },
              {
                "chapter_name": "Magnetic Effects of Electric Current",
                "questions": [
                  {
                    "question_no": 19,
                    "question_html": "<p><b>Assertion (A) :</b> In the common domestic circuits the earth wire is connected to a metallic plate buried deep inside the earth.<br><b>Reason (R) :</b> Earth wire ensures that any leakage of current to the metallic body of the appliance keeps its potential to that of the earth, so the user may not get a severe electric shock.</p>",
                    "options": [
                      {
                        "id": "a",
                        "text": "Both Assertion (A) and Reason (R) are true and Reason (R) is the correct explanation of the Assertion (A)."
                      },
                      {
                        "id": "b",
                        "text": "Both Assertion (A) and Reason (R) are true and Reason (R) is not the correct explanation of the Assertion (A)."
                      },
                      {
                        "id": "c",
                        "text": "Assertion (A) is true, but Reason (R) is false."
                      },
                      {
                        "id": "d",
                        "text": "Assertion (A) is false, but Reason (R) is true."
                      }
                    ],
                    "correct_answer": {
                      "ids": [
                        "a"
                      ]
                    },
                    "question_type": "mcq_single",
                    "difficulty_level": "easy",
                    "explanation_html": "<p><b>Assertion (A)</b> is true. This describes the standard method for establishing an earth connection for a domestic circuit.<br><b>Reason (R)</b> is also true. It accurately describes the safety function of the earth wire. It provides a low-resistance path to the ground, so in case of a fault where a live wire touches the metallic casing of an appliance, a large current flows to the earth, blowing the fuse and disconnecting the supply, thereby preventing electric shock.<br>The reason correctly explains the assertion; the purpose of connecting the wire to a plate deep in the earth is to provide this safe path for leaked current.</p>"
                  }
                ]
              },
              {
                "chapter_name": "Our Environment",
                "questions": [
                  {
                    "question_no": 20,
                    "question_html": "<p><b>Assertion (A) :</b> Food web is a network of several food chains operating in an ecosystem.<br><b>Reason (R) :</b> Food web decreases the stability of an ecosystem.</p>",
                    "options": [
                      {
                        "id": "a",
                        "text": "Both Assertion (A) and Reason (R) are true and Reason (R) is the correct explanation of the Assertion (A)."
                      },
                      {
                        "id": "b",
                        "text": "Both Assertion (A) and Reason (R) are true and Reason (R) is not the correct explanation of the Assertion (A)."
                      },
                      {
                        "id": "c",
                        "text": "Assertion (A) is true, but Reason (R) is false."
                      },
                      {
                        "id": "d",
                        "text": "Assertion (A) is false, but Reason (R) is true."
                      }
                    ],
                    "correct_answer": {
                      "ids": [
                        "c"
                      ]
                    },
                    "question_type": "mcq_single",
                    "difficulty_level": "easy",
                    "explanation_html": "<p><b>Assertion (A)</b> is true. This is the definition of a food web – it represents the multiple interconnected feeding relationships in an ecosystem.<br><b>Reason (R)</b> is false. A food web <b>increases</b> the stability of an ecosystem. Because most organisms have alternative food sources, the ecosystem is more resilient to changes, such as the decline in the population of one species. A simple food chain is much less stable.</p>"
                  }
                ]
              },
              {
                "chapter_name": "Metals and Non-metals",
                "questions": [
                  {
                    "question_no": 21,
                    "question_html": "<p>A light green coloured solution of sulphate salt of metal ‘P' is taken in a beaker, a rod of another metal “Q' is put in this solution as shown the following figures :<br>Identify the metals 'P' and 'Q' and write its chemical equation for the reaction that occurs. State the conclusion of this reaction in terms of reactivity series of metals.</p>",
                    "images": [
                      {
                        "url": "https://img.testbuddyai.com/Science-31-6-25-Q21.png"
                      }
                    ],
                    "options": [],
                    "correct_answer": {
                      "text": "<p><b>Metal P:</b> Iron (Fe) (since iron sulphate solution is light green)<br><b>Metal Q:</b> Zinc (Zn) (since zinc is more reactive than iron and zinc sulphate is colourless)<br><b>Chemical Equation:</b> Zn(s) + FeSO₄(aq) → ZnSO₄(aq) + Fe(s)<br><b>Conclusion:</b> Metal Q (Zinc) is more reactive than metal P (Iron) as it displaces iron from its salt solution.</p>"
                    },
                    "question_type": "Very Short Answer (2 marks)",
                    "difficulty_level": "medium",
                    "explanation_html": null
                  }
                ]
              },
              {
                "chapter_name": "Control and Coordination",
                "questions": [
                  {
                    "question_no": "22",
                    "question_html": "<p><b>(a)</b> How is brain protected in our body ?</p><p><b>(b)</b> A doctor finds in one of his patients that he is not maintaining a proper posture and balance of his body. State the region of brain and also the part of brain which is responsible for it.</p>",
                    "options": [],
                    "correct_answer": {
                      "text": "<p><b>(a)</b> The brain is protected by a bony box called the skull (or cranium). Inside the skull, the brain is covered by three layers of membranes called meninges. The space between the meninges is filled with cerebrospinal fluid, which acts as a shock absorber.</p><p><b>(b)</b> <b>Region of brain:</b> Hindbrain<br><b>Part of brain:</b> Cerebellum. The cerebellum is responsible for coordinating voluntary movements, posture, balance, and coordination.</p>"
                    },
                    "question_type": "Very Short Answer (2 marks)",
                    "difficulty_level": "easy",
                    "explanation_html": null
                  }
                ]
              },
              {
                "chapter_name": "Heredity",
                "questions": [
                  {
                    "question_no": "23",
                    "question_html": "<p><b>(a)</b> \"Proteins control the expression of various characters.\" Explain this statement by taking an example of \"tallness\" as a characteristic in plants.</p><p><b>(b)</b> OR<br>Explain the mechanism of inheritance used by sexually reproducing organisms to ensure the stability of DNA of the species.</p>",
                    "options": [],
                    "correct_answer": {
                      "text": "<p><b>(a)</b> Genes in DNA control characteristics. For tallness, the gene for this trait provides instructions to produce a specific protein, which is an enzyme. This enzyme promotes the production of a plant growth hormone. If the gene is efficient, more hormone is produced, leading to the plant growing tall. Thus, the protein (enzyme) controls the expression of the tallness characteristic.</p><p><b>(b) OR</b><br>Sexually reproducing organisms have cells with two copies of each chromosome. During gamete formation (meiosis), the chromosome number is halved, so each gamete (sperm or egg) has only one copy of each chromosome. When the male and female gametes fuse during fertilization, the resulting zygote restores the original number of chromosomes, ensuring the stability of the DNA content and chromosome number in the species across generations.</p>"
                    },
                    "question_type": "Very Short Answer (2 marks)",
                    "difficulty_level": "medium",
                    "explanation_html": null
                  }
                ]
              },
              {
                "chapter_name": "Light - Reflection and Refraction",
                "questions": [
                  {
                    "question_no": "24",
                    "question_html": "<p>Study the figure in which the path of a ray of light going from Medium 1 to Medium 2 is shown.</p><p><b>(a)</b> Out of the two Media - Medium 1 and Medium 2, in which is the speed of light more ?</p><p><b>(b)</b> State reason of bending of the refracted ray away from the normal.</p><p><b>(c)</b> Express refractive index of Medium 2 with respect to Medium 1 in terms of speed of light in two media.</p>",
                    "images": [
                      {
                        "url": "https://img.testbuddyai.com/Science-31-6-25-Q24.png"
                      }
                    ],
                    "options": [],
                    "correct_answer": {
                      "text": "<p><b>(a)</b> The speed of light is more in <b>Medium 2</b>. This is because the refracted ray bends away from the normal, indicating that Medium 2 is optically rarer than Medium 1, and light travels faster in an optically rarer medium.</p><p><b>(b)</b> The refracted ray bends away from the normal because the light is travelling from an optically denser medium (Medium 1) to an optically rarer medium (Medium 2), where the speed of light is higher.</p><p><b>(c)</b> The refractive index of Medium 2 with respect to Medium 1 (n₂₁) is expressed as:<br>n₂₁ = (Speed of light in Medium 1) / (Speed of light in Medium 2)</p>"
                    },
                    "question_type": "Very Short Answer (2 marks)",
                    "difficulty_level": "medium",
                    "explanation_html": null
                  }
                ]
              },
              {
                "chapter_name": "The Human Eye and the Colourful World",
                "questions": [
                  {
                    "question_no": "25",
                    "question_html": "<p><b>(a)</b> Give reasons :<br>(i) The sky appears dark to passengers flying at very high altitude.<br>(ii) 'Danger' signal lights are red in colour.</p><p><b>(b)</b> OR<br>What is a rainbow ? “We see a rainbow in the sky only after the rainfall.\" Why ?</p>",
                    "options": [],
                    "correct_answer": {
                      "text": "<p><b>(a)</b><br>(i) At very high altitudes, there is no atmosphere, or the atmosphere is very thin. Without sufficient air molecules or particles to scatter the sunlight, the light does not get scattered into our eyes, and thus the sky appears dark.<br>(ii) Danger signals are red because red light has the longest wavelength among all the colors of the visible spectrum. Due to its long wavelength, it is scattered the least by particles in the atmosphere like fog or smoke. This allows it to travel the longest distance and be visible from far away.</p><p><b>(b) OR</b><br>A rainbow is a natural spectrum of sunlight appearing in the sky. We see a rainbow only after rainfall because the tiny water droplets suspended in the atmosphere act like small prisms. When sunlight enters these droplets, it gets refracted and dispersed into its seven constituent colors. This dispersed light is then internally reflected and finally refracted again as it comes out of the droplet, forming a rainbow.</p>"
                    },
                    "question_type": "Very Short Answer (2 marks)",
                    "difficulty_level": "medium",
                    "explanation_html": null
                  }
                ]
              },
              {
                "chapter_name": "Our Environment",
                "questions": [
                  {
                    "question_no": 26,
                    "question_html": "<p>We do not clean natural ponds or lakes whereas an aquarium or a swimming pool needs to be cleaned regularly. Why ?</p>",
                    "options": [],
                    "correct_answer": {
                      "text": "<p>Natural ponds and lakes are large, self-sustaining ecosystems. They contain a variety of organisms, including decomposers like bacteria and fungi, which break down waste products and dead organisms, thus cleaning the water naturally. In contrast, an aquarium is a small, artificial, and incomplete ecosystem that lacks a proper decomposition system. Waste products from fish and leftover food accumulate and can become toxic, necessitating regular cleaning.</p>"
                    },
                    "question_type": "Very Short Answer (2 marks)",
                    "difficulty_level": "easy",
                    "explanation_html": null
                  }
                ]
              },
              {
                "chapter_name": "Chemical Reactions and Equations",
                "questions": [
                  {
                    "question_no": "27",
                    "question_html": "<p>Write balanced chemical equation for the reaction that occur when :<br><b>(a)</b> steam is passed over red hot iron.<br><b>(b)</b> natural gas is burnt in air.<br><b>(c)</b> glucose reacts with oxygen in the cells of our body and provides energy.</p>",
                    "options": [],
                    "correct_answer": {
                      "text": "<p><b>(a)</b> 3Fe(s) + 4H₂O(g) → Fe₃O₄(s) + 4H₂(g)</p><p><b>(b)</b> CH₄(g) + 2O₂(g) → CO₂(g) + 2H₂O(g) + Heat</p><p><b>(c)</b> C₆H₁₂O₆(aq) + 6O₂(aq) → 6CO₂(aq) + 6H₂O(l) + Energy</p>"
                    },
                    "question_type": "Short Answer (3 marks)",
                    "difficulty_level": "medium",
                    "explanation_html": null
                  }
                ]
              },
              {
                "chapter_name": "Acids, Bases and Salts",
                "questions": [
                  {
                    "question_no": "28",
                    "question_html": "<p><b>(a)</b> State the chemical property in each case on which the following uses of baking soda are based upon :<br>(i) as an anti-acids<br>(ii) as a constituent in making baking powder<br>(iii) in soda-acid fire-extinguishers</p><p><b>(b)</b> OR<br>Write chemical equations to show what happens when an acid reacts with :<br>(i) a metal. Write the name of the main product formed in each case.<br>(ii) a base. Write the name of the main product formed in each case.<br>(iii) a carbonate. Write the name of the main product formed in each case.</p>",
                    "options": [],
                    "correct_answer": {
                      "text": "<p><b>(a)</b><br>(i) Baking soda (sodium hydrogen carbonate) is a mild, non-corrosive basic salt. This basic nature allows it to neutralize the excess hydrochloric acid in the stomach, providing relief from acidity.<br>(ii) When baking powder (a mixture of baking soda and a mild edible acid like tartaric acid) is mixed with water or heated, the baking soda reacts with the acid to produce carbon dioxide gas. This gas causes cakes and bread to rise and become fluffy.<br>(iii) In a soda-acid fire extinguisher, baking soda reacts with an acid (like sulphuric acid) to rapidly produce a large volume of carbon dioxide gas. This CO₂ gas cuts off the supply of oxygen to the fire, thus extinguishing it.</p><p><b>(b) OR</b><br>(i) <b>Equation:</b> Zn(s) + 2HCl(aq) → ZnCl₂(aq) + H₂(g)<br><b>Main Product:</b> Zinc chloride (a salt)<br>(ii) <b>Equation:</b> HCl(aq) + NaOH(aq) → NaCl(aq) + H₂O(l)<br><b>Main Product:</b> Sodium chloride (a salt)<br>(iii) <b>Equation:</b> Na₂CO₃(s) + 2HCl(aq) → 2NaCl(aq) + H₂O(l) + CO₂(g)<br><b>Main Product:</b> Sodium chloride (a salt)</p>"
                    },
                    "question_type": "Short Answer (3 marks)",
                    "difficulty_level": "medium",
                    "explanation_html": null
                  }
                ]
              },
              {
                "chapter_name": "Life Processes",
                "questions": [
                  {
                    "question_no": 29,
                    "question_html": "<p>Name the blood vessel that brings (i) oxygenated blood (ii) deoxygenated blood, to the human heart. Also name that chamber of the heart which receives deoxygenated blood and state how deoxygenated blood from this chamber is sent to lungs for oxygenation.</p>",
                    "options": [],
                    "correct_answer": {
                      "text": "<p><b>(i) Oxygenated blood:</b> Pulmonary veins.<br><b>(ii) Deoxygenated blood:</b> Vena cava (Superior and Inferior).<br><b>Chamber that receives deoxygenated blood:</b> Right atrium.<br><b>Path to lungs:</b> From the right atrium, the deoxygenated blood flows into the right ventricle. The right ventricle then contracts and pumps the blood to the lungs for oxygenation via the pulmonary artery.</p>"
                    },
                    "question_type": "Short Answer (3 marks)",
                    "difficulty_level": "medium",
                    "explanation_html": null
                  }
                ]
              },
              {
                "chapter_name": "Heredity",
                "questions": [
                  {
                    "question_no": "30",
                    "question_html": "<p>The gene combination of purple flowered pea plants is denoted as (WW) and that of white flowered pea plants as (ww), when these two plants are crossed F₁ generation is obtained.</p><p><b>(a)</b> List two observations made by Mendel in F₁ generation plants.</p><p><b>(b)</b> Give the (i) percentage of white flowered plants and (ii) ratio of the gene combinations WW, Ww and ww in F₂ generation.</p><p><b>(c)</b> Write one difference between dominant and recessive trait.</p>",
                    "options": [],
                    "correct_answer": {
                      "text": "<p><b>(a)</b><br>1. All the plants in the F₁ generation had purple flowers.<br>2. The trait for white flowers was not expressed in the F₁ generation.</p><p><b>(b)</b><br><b>(i) Percentage of white flowered plants:</b> 25%<br><b>(ii) Ratio of gene combinations (WW:Ww:ww):</b> 1:2:1</p><p><b>(c)</b> A dominant trait is one that expresses itself in an organism's appearance even in the presence of an alternative allele (heterozygous condition), while a recessive trait is one that is only expressed when two copies of the allele are present (homozygous condition).</p>"
                    },
                    "question_type": "Short Answer (3 marks)",
                    "difficulty_level": "medium",
                    "explanation_html": null
                  }
                ]
              },
              {
                "chapter_name": "Light - Reflection and Refraction",
                "questions": [
                  {
                    "question_no": "31",
                    "question_html": "<p>A student placed a candle flame at different distances from a convex lens and focused its image on a screen. He recorded his observation in tabular form as given below :</p><p>Analyse the observation table and on the basis of your analysis only, answer the following questions (without doing any calculations) :</p><p><b>(a)</b> What is the focal length of the convex lens used ? Give reason to justify your answer.</p><p><b>(b)</b> Which one of the sets of observations is not correct and why ?</p><p><b>(c)</b> Draw ray diagram to show image formation for any correct set of observation.</p>",
                    "options": [],
                    "correct_answer": {
                      "text": "<p><b>(a) Focal length:</b> 15 cm.<br><b>Reason:</b> In observation number 4, the object distance is -30 cm and the image distance is +30 cm. When the object and real image distances are equal for a convex lens, the object is placed at twice the focal length (2F). Therefore, 2F = 30 cm, which means F = 15 cm.</p><p><b>(b) Observation set 8</b> is not correct.<br><b>Reason:</b> The object distance is -12 cm, which is less than the focal length (15 cm). When an object is placed between the optical center and the focus of a convex lens, a virtual, erect, and magnified image is formed on the same side as the object. The image distance should be negative, but the table shows a positive value of +120 cm.</p><p><b>(c)</b> For observation 4 (Object at 2F): A ray diagram showing a convex lens with F at 15 cm and 2F at 30 cm. An object is placed at -30 cm (at 2F). A real, inverted image of the same size is formed at +30 cm (at 2F' on the other side).</p>"
                    },
                    "question_type": "Short Answer (3 marks)",
                    "difficulty_level": "hard",
                    "explanation_html": null
                  }
                ]
              },
              {
                "chapter_name": "The Human Eye and the Colourful World",
                "questions": [
                  {
                    "question_no": "32",
                    "question_html": "<p>A person uses lenses of +2.0 D power in his spectacles for the correction of his vision.</p><p><b>(a)</b> Name the defect of vision the person is suffering from.</p><p><b>(b)</b> List two causes of this defect.</p><p><b>(c)</b> Determine the focal length of the lenses used in the spectacles.</p>",
                    "options": [],
                    "correct_answer": {
                      "text": "<p><b>(a)</b> The person is suffering from <b>Hypermetropia</b> (long-sightedness or far-sightedness). The positive power indicates a convex lens is used for correction.</p><p><b>(b)</b><br>1. The focal length of the eye lens is too long.<br>2. The eyeball has become too short.</p><p><b>(c)</b> Focal length (f) = 1 / Power (P)<br>f = 1 / +2.0 D = +0.5 meters.<br>f = +50 cm.</p>"
                    },
                    "question_type": "Short Answer (3 marks)",
                    "difficulty_level": "medium",
                    "explanation_html": null
                  }
                ]
              },
              {
                "chapter_name": "Electricity",
                "questions": [
                  {
                    "question_no": "33",
                    "question_html": "<p><b>(a)</b> Explain the statement “Potential difference between two points is 1 volt\".</p><p><b>(b)</b> What do the symbols given below represent in an electric circuit ? Write one function of each.<br>(i) A circle with an 'A' and +/- terminals.<br>(ii) A resistor symbol with an arrow through it.</p>",
                    "images": [
                      {
                        "url": "https://img.testbuddyai.com/Science-31-6-25-Q33b.png"
                      }
                    ],
                    "options": [],
                    "correct_answer": {
                      "text": "<p><b>(a)</b> The statement means that 1 joule of work is done to move a charge of 1 coulomb from one point to the other in an electric field.</p><p><b>(b)</b><br><b>(i) Symbol:</b> Ammeter.<br><b>Function:</b> It is used to measure the electric current flowing in a circuit.<br><b>(ii) Symbol:</b> Variable resistor or Rheostat.<br><b>Function:</b> It is used to vary the resistance in an electric circuit, which in turn controls the amount of current.</p>"
                    },
                    "question_type": "Short Answer (3 marks)",
                    "difficulty_level": "easy",
                    "explanation_html": null
                  }
                ]
              },
              {
                "chapter_name": "Carbon and its Compounds",
                "questions": [
                  {
                    "question_no": "34",
                    "question_html": "<p><b>(a)</b> Name an alcohol and a carboxylic acid having two carbon atoms in their structures. Draw their structures and state how this alcohol can be converted into a carboxylic acid. What happens when these two compounds react in the presence of an acid ? Write chemical equations for the reactions involved in the two cases mentioned above.</p><p><b>(b)</b> OR<br>What are soaps ? Write the structure of a soap molecule. Explain the cleansing action of a soap. Why are soaps not considered suitable for washing clothes in a region where water is hard ? How is this problem overcomed?</p>",
                    "options": [],
                    "correct_answer": {
                      "text": "<p><b>(a) Alcohol:</b> Ethanol; <b>Structure:</b> CH₃-CH₂-OH<br><b>Carboxylic Acid:</b> Ethanoic acid (Acetic acid); <b>Structure:</b> CH₃-COOH<br><b>Conversion:</b> Ethanol can be converted to ethanoic acid by oxidation using an oxidizing agent like alkaline potassium permanganate (KMnO₄) or acidified potassium dichromate (K₂Cr₂O₇).<br><b>Equation for conversion:</b> CH₃CH₂OH + 2[O] --(Alkaline KMnO₄ + Heat)--> CH₃COOH + H₂O<br><b>Reaction between them:</b> When ethanol and ethanoic acid react in the presence of an acid (like concentrated H₂SO₄), they form an ester (ethyl ethanoate) and water. This is called esterification.<br><b>Equation for esterification:</b> CH₃COOH + CH₃CH₂OH --(Conc. H₂SO₄)--> CH₃COOCH₂CH₃ + H₂O</p><p><b>(b) OR</b><br><b>Soaps:</b> Soaps are the sodium or potassium salts of long-chain carboxylic acids (fatty acids).<br><b>Structure:</b> A soap molecule has two parts: a long hydrocarbon chain (hydrophobic or water-repelling tail) and a short ionic part containing the carboxylate group (hydrophilic or water-attracting head).<br><b>Cleansing Action:</b> The hydrophobic tails of soap molecules attach to oily dirt, while the hydrophilic heads remain dissolved in water. This forms structures called micelles, where the dirt is trapped in the center. Agitation helps lift the micelles from the cloth, and they are washed away with water.<br><b>Hard Water Issue:</b> Soaps are not suitable in hard water because they react with the calcium and magnesium ions present in hard water to form an insoluble precipitate called scum. This scum sticks to the clothes and reduces the cleaning efficiency.<br><b>Overcoming the Problem:</b> This problem is overcome by using detergents instead of soaps. Detergents also form micelles but do not form scum with the ions in hard water.</p>"
                    },
                    "question_type": "Long Answer (5 marks)",
                    "difficulty_level": "hard",
                    "explanation_html": null
                  }
                ]
              },
              {
                "chapter_name": "How do Organisms Reproduce?",
                "questions": [
                  {
                    "question_no": "35",
                    "question_html": "<p><b>(a)</b> Define Puberty. List any two changes seen in boys at the time of puberty.</p><p><b>(b)</b> Why are testes in human males located outside the abdominal cavity in scrotum ?</p><p><b>(c)</b> List any three techniques of contraception used by humans. Which one of these is not meant for males?</p><p>OR</p><p><b>(a)</b> Name the part performing following functions in human female reproductive system :<br>(i) production of eggs<br>(ii) site of fertilization<br>(iii) site of implantation<br>(iv) entry of the sperms</p><p><b>(b)</b> What changes are observed in the uterus :<br>(i) subsequent to implantation of zygote and<br>(ii) if an egg does not get fertilized ?</p>",
                    "options": [],
                    "correct_answer": {
                      "text": "<p><b>(a) Puberty:</b> The period during adolescence when the rate of general body growth begins to slow down, and the reproductive tissues begin to mature.<br><b>Two changes in boys:</b><br>1. Growth of thick hair on the face (beard, moustache) and in the genital area.<br>2. Cracking or deepening of the voice.</p><p><b>(b)</b> The testes are located in the scrotum outside the abdominal cavity because the process of sperm formation requires a temperature that is about 2-3°C lower than the normal body temperature.</p><p><b>(c) Three techniques:</b><br>1. Barrier methods (e.g., condoms, diaphragm).<br>2. Chemical methods (e.g., oral contraceptive pills).<br>3. Intra-Uterine Contraceptive Devices (IUCDs) (e.g., Copper-T).<br><b>Not meant for males:</b> Oral contraceptive pills and IUCDs are not meant for males.</p><p>OR</p><p><b>(a)</b><br><b>(i)</b> Ovary<br><b>(ii)</b> Fallopian tube (Oviduct)<br><b>(iii)</b> Uterus<br><b>(iv)</b> Vagina</p><p><b>(b)</b><br><b>(i) After implantation:</b> The lining of the uterus thickens and is richly supplied with blood to nourish the growing embryo. A special tissue called the placenta develops to provide nutrition and oxygen from the mother's blood to the embryo.<br><b>(ii) If the egg is not fertilized:</b> The thickened uterine lining is no longer needed. It slowly breaks down and comes out through the vagina as blood and mucous. This is known as menstruation.</p>"
                    },
                    "question_type": "Long Answer (5 marks)",
                    "difficulty_level": "medium",
                    "explanation_html": null
                  }
                ]
              },
              {
                "chapter_name": "Magnetic Effects of Electric Current",
                "questions": [
                  {
                    "question_no": "36",
                    "question_html": "<p><b>(a)</b> What are magnetic field lines ? How is the direction of magnetic field at a point determined ? Draw the pattern of magnetic field lines of the magnetic field produced by a current carrying circular loop. Mark on it the direction of (i) current and (ii) magnetic field lines.<br>Name the two factors on which the magnitude of the magnetic field due to a current carrying coil depends.</p><p><b>(b)</b> OR<br>Why can't two magnetic field lines cross each other? Draw magnetic field lines showing the direction of the magnetic field due to a current carrying long straight solenoid. State the conclusion which can be drawn from the pattern of magnetic field lines inside the solenoid.<br>Name any two factors on which the magnitude of the magnetic field due to this solenoid depends.</p>",
                    "options": [],
                    "correct_answer": {
                      "text": "<p><b>(a) Magnetic field lines:</b> Imaginary lines used to represent a magnetic field. The tangent at any point on a field line gives the direction of the magnetic field at that point.<br><b>Direction determination:</b> The direction is determined by placing a small magnetic compass at that point; the direction in which the north pole of the compass needle points gives the direction of the field line.<br><b>Pattern for circular loop:</b> The diagram should show concentric circles around the wire where it enters and leaves the plane, with the lines becoming nearly straight and parallel at the center of the loop. The direction of the current should be marked (e.g., clockwise) and the direction of the field lines should be shown using arrows (e.g., going into the plane at the center, determined by the Right-Hand Thumb Rule).<br><b>Two factors:</b><br>1. The amount of current flowing through the coil.<br>2. The number of turns in the coil.</p><p><b>(b) OR</b><br><b>Why they can't cross:</b> Two magnetic field lines cannot cross each other because if they did, it would mean that at the point of intersection, there are two different directions for the magnetic field, which is not possible. A compass needle can only point in one direction at any given point.<br><b>Diagram for solenoid:</b> The diagram should show a long coil with current flowing. The magnetic field lines outside should be shown as closed loops similar to a bar magnet, and inside, they should be shown as parallel, straight, and equally spaced lines.<br><b>Conclusion:</b> The pattern of parallel and equidistant field lines inside the solenoid indicates that the magnetic field is uniform (i.e., it has the same strength and direction) at all points inside the solenoid.<br><b>Two factors:</b><br>1. The number of turns per unit length of the solenoid.<br>2. The strength of the current flowing through it.</p>"
                    },
                    "question_type": "Long Answer (5 marks)",
                    "difficulty_level": "hard",
                    "explanation_html": null
                  }
                ]
              },
              {
                "chapter_name": "Metals and Non-metals",
                "questions": [
                  {
                    "question_no": "37",
                    "question_html": "<p>Many pure metals like copper, iron and gold are very soft and as such are considered unsuitable for certain uses... Making alloys enhances the basic properties of a metal which is the primary constituent (metal) of an alloy.</p><p><b>(I)</b> How does electrical conductivity and melting point of a metal change when it is converted to its alloy by mixing a small amount of an element in it ?</p><p><b>(II)</b> Name an alloy used for welding two wires together in an electric circuit. Write its major constituents.</p><p><b>(III)(a)</b> What are alloys ? How is 'Brass' (an alloy) prepared?</p><p><b>(III)(b)</b> OR<br>What is stainless steel ? How is it prepared ? Write one important property which makes it more useful in making cooking utensils as compared to its primary metal.</p>",
                    "options": [],
                    "correct_answer": {
                      "text": "<p><b>(I)</b> When a metal is converted into an alloy, its electrical conductivity and melting point are generally lower than that of the pure constituent metal.</p><p><b>(II) Alloy:</b> Solder<br><b>Major Constituents:</b> Lead (Pb) and Tin (Sn)</p><p><b>(III)(a) Alloys:</b> An alloy is a homogeneous mixture of two or more metals, or a metal and a non-metal.<br><b>Brass Preparation:</b> Brass is prepared by mixing molten copper and molten zinc in definite proportions and then allowing the mixture to cool.</p><p><b>(III)(b) OR</b><br><b>Stainless Steel:</b> It is an alloy of iron.<br><b>Preparation:</b> It is prepared by mixing iron with nickel and chromium.<br><b>Important Property:</b> Stainless steel does not rust or corrode, which makes it more durable and hygienic for cooking utensils compared to pure iron.</p>"
                    },
                    "question_type": "Case-based Subjective",
                    "difficulty_level": "medium",
                    "explanation_html": null
                  }
                ]
              },
              {
                "chapter_name": "Control and Coordination",
                "questions": [
                  {
                    "question_no": "38",
                    "question_html": "<p>The growth movements of plant parts in which the direction of the stimulus determines the direction of the response is known as tropic movements or tropism. ...</p><p><b>(I)</b> Name the movement which causes ‘X' and 'Y' to grow downwards and upwards respectively. (Refer above figure)</p><p><b>(II)</b> Write the name of a hormone that plays a major role in (i) falling of leaves (ii) rapid cell division</p><p><b>(III)(a)</b> Leaves of the sensitive plant move very quickly in response to 'touch'. How is this stimulus of touch communicated and explain how the movement takes place.</p><p><b>(III)(b)</b> OR<br>Name the plant hormone which is synthesized at the shoot tip. How does this hormone helps the plant to bend towards light ?</p>",
                    "images": [
                      {
                        "url": "https://img.testbuddyai.com/Science-31-6-25-Q38.png"
                      }
                    ],
                    "options": [],
                    "correct_answer": {
                      "text": "<p><b>(I) Movement of X (roots):</b> Positive geotropism (growth towards gravity).<br><b>Movement of Y (shoot):</b> Negative geotropism (growth away from gravity) or Positive phototropism (growth towards light).</p><p><b>(II)</b><br><b>(i) Falling of leaves:</b> Abscisic acid (a growth inhibitor).<br><b>(ii) Rapid cell division:</b> Cytokinins (a growth promoter).</p><p><b>(III)(a) Communication:</b> The stimulus of touch is communicated through electrical-chemical signals from cell to cell.<br><b>Movement:</b> The movement occurs due to changes in turgor pressure. The cells at the base of the leaves (pulvinus) lose water rapidly, causing them to become flaccid, which results in the drooping of the leaves. This is a non-growth movement.</p><p><b>(III)(b) OR</b><br><b>Hormone:</b> Auxin.<br><b>Mechanism:</b> When light comes from one side of the plant, auxin diffuses towards the shaded side of the shoot. This higher concentration of auxin on the shaded side stimulates the cells to elongate more than the cells on the illuminated side. This differential growth causes the shoot to bend towards the light.</p>"
                    },
                    "question_type": "Case-based Subjective",
                    "difficulty_level": "medium",
                    "explanation_html": null
                  }
                ]
              },
              {
                "chapter_name": "Electricity",
                "questions": [
                  {
                    "question_no": "39",
                    "question_html": "<p>Study the circuit shown in which two resistors X and Y of resistances 3 Ω and 6 Ω respectively are joined in series with a battery of 2 V.</p><p><b>(I)</b> Draw a circuit diagram showing the above two resistors X and Y joined in parallel with same battery and same ammeter and voltmeter.</p><p><b>(II)</b> In which combination of resistors will the (i) potential difference across X and Y and (ii) current through X and Y, be the same ?</p><p><b>(III)(a)</b> Find the current drawn from the battery by the series combination of the two resistors (X and Y).</p><p><b>(III)(b)</b> OR<br>Determine the equivalent resistance of the parallel combination of the two resistors (X and Y).</p>",
                    "images": [
                      {
                        "url": "https://img.testbuddyai.com/Science-31-6-25-Q39.png"
                      }
                    ],
                    "options": [],
                    "correct_answer": {
                      "text": "<p><b>(I)</b> The circuit diagram should show:<br>1. A 2V battery.<br>2. Resistors X (3 Ω) and Y (6 Ω) connected in parallel to each other.<br>3. This parallel combination connected to the battery.<br>4. An ammeter connected in series with the battery to measure the total current.<br>5. A voltmeter connected in parallel across the combination of resistors X and Y.</p><p><b>(II)</b><br><b>(i) Potential difference will be the same</b> across X and Y in a <b>parallel</b> combination.<br><b>(ii) Current will be the same</b> through X and Y in a <b>series</b> combination.</p><p><b>(III)(a)</b> In series combination, Total Resistance (R_s) = R_x + R_y = 3 Ω + 6 Ω = 9 Ω.<br>Voltage (V) = 2 V.<br>Current (I) = V / R_s = 2 V / 9 Ω ≈ 0.22 A.</p><p><b>(III)(b) OR</b><br>For parallel combination, the equivalent resistance (R_p) is given by:<br>1/R_p = 1/R_x + 1/R_y<br>1/R_p = 1/3 + 1/6<br>1/R_p = (2 + 1) / 6 = 3/6 = 1/2<br>R_p = 2 Ω.</p>"
                    },
                    "question_type": "Case-based Subjective",
                    "difficulty_level": "hard",
                    "explanation_html": null
                  }
                ]
              }
            ]
          }
        ]
      }
    ]
  }
]