[
  {
    "exam_name_actual": "CBSE Board - Class 10",
    "main_exam_id_name_ref": "CBSE Board - Class 10",
    "years": [
      {
        "year": "2023",
        "papers_or_subjects": [
          {
            "paper_name": "CBSE Class 10 Science Paper 2023 (QP Code: 31/4/1)",
            "subject_name": "Science",
            "chapters": [
              {
                "chapter_name": "Acids, Bases and Salts",
                "questions": [
                  {
                    "question_no": 1,
                    "question_html": "<p>When Sodium bicarbonate reacts with dilute hydrochloric acid, the gas evolved is :</p>",
                    "options": [
                      {
                        "id": "a",
                        "text": "Hydrogen; it gives pop sound with burning match stick."
                      },
                      {
                        "id": "b",
                        "text": "Hydrogen; it turns lime water milky."
                      },
                      {
                        "id": "c",
                        "text": "Carbon dioxide; it turns lime water milky."
                      },
                      {
                        "id": "d",
                        "text": "Carbon dioxide; it blows off a burning match stick with a pop sound."
                      }
                    ],
                    "correct_answer": {
                      "ids": [
                        "c"
                      ]
                    },
                    "question_type": "mcq_single",
                    "difficulty_level": "easy",
                    "explanation_html": "<p>When sodium bicarbonate (NaHCO₃), a base, reacts with dilute hydrochloric acid (HCl), an acid, a neutralization reaction occurs. This reaction produces sodium chloride (NaCl), water (H₂O), and carbon dioxide (CO₂) gas. The chemical equation is: NaHCO₃ + HCl → NaCl + H₂O + CO₂. Carbon dioxide gas has the characteristic property of turning lime water (an aqueous solution of calcium hydroxide, Ca(OH)₂) milky due to the formation of a white precipitate of calcium carbonate (CaCO₃).</p>"
                  }
                ]
              },
              {
                "chapter_name": "Chemical Reactions and Equations",
                "questions": [
                  {
                    "question_no": 2,
                    "question_html": "<p>When aqueous solutions of potassium iodide and lead nitrate are mixed, an insoluble substance separates out. The chemical equation for the reaction involved is :</p>",
                    "options": [
                      {
                        "id": "a",
                        "text": "KI + PbNO₃ → PbI + KNO₃"
                      },
                      {
                        "id": "b",
                        "text": "2KI + Pb(NO₃)₂ → PbI₂ + 2KNO₃"
                      },
                      {
                        "id": "c",
                        "text": "KI + Pb(NO₃)₂ → PbI + KNO₃"
                      },
                      {
                        "id": "d",
                        "text": "KI + PbNO₃ → PbI₂ + KNO₃"
                      }
                    ],
                    "correct_answer": {
                      "ids": [
                        "b"
                      ]
                    },
                    "question_type": "mcq_single",
                    "difficulty_level": "medium",
                    "explanation_html": "<p>This is a double displacement reaction, specifically a precipitation reaction. Potassium iodide (KI) reacts with lead(II) nitrate (Pb(NO₃)₂) to form a yellow precipitate of lead(II) iodide (PbI₂) and soluble potassium nitrate (KNO₃). To balance the equation, we need two iodide ions for one lead ion (since lead has a +2 charge and iodide has a -1 charge), and two potassium ions for two nitrate ions. Thus, the balanced chemical equation is 2KI(aq) + Pb(NO₃)₂(aq) → PbI₂(s) + 2KNO₃(aq).</p>"
                  }
                ]
              },
              {
                "chapter_name": "Chemical Reactions and Equations",
                "questions": [
                  {
                    "question_no": 3,
                    "question_html": "<p>A metal ribbon 'X' burns in oxygen with a dazzling white flame forming a white ash 'Y'. The correct description of X, Y and the type of reaction is :</p>",
                    "options": [
                      {
                        "id": "a",
                        "text": "X = Ca ; Y = CaO ; Type of reaction = Decomposition"
                      },
                      {
                        "id": "b",
                        "text": "X = Mg ; Y = MgO ; Type of reaction = Combination"
                      },
                      {
                        "id": "c",
                        "text": "X = Al ; Y = Al₂O₃ ; Type of reaction = Thermal decomposition"
                      },
                      {
                        "id": "d",
                        "text": "X = Zn ; Y = ZnO ; Type of reaction = Endothermic"
                      }
                    ],
                    "correct_answer": {
                      "ids": [
                        "b"
                      ]
                    },
                    "question_type": "mcq_single",
                    "difficulty_level": "easy",
                    "explanation_html": "<p>The description of a metal ribbon burning with a dazzling white flame is a characteristic property of magnesium (Mg). When magnesium burns in the presence of oxygen (O₂), it forms a white, powdery ash of magnesium oxide (MgO). The reaction involves two substances (Mg and O₂) combining to form a single substance (MgO), which defines it as a combination reaction. The balanced equation is 2Mg + O₂ → 2MgO.</p>"
                  }
                ]
              },
              {
                "chapter_name": "Acids, Bases and Salts",
                "questions": [
                  {
                    "question_no": 4,
                    "question_html": "<p>Acid present in tomato is :</p>",
                    "options": [
                      {
                        "id": "a",
                        "text": "Methanoic acid"
                      },
                      {
                        "id": "b",
                        "text": "Acetic acid"
                      },
                      {
                        "id": "c",
                        "text": "Lactic acid"
                      },
                      {
                        "id": "d",
                        "text": "Oxalic acid"
                      }
                    ],
                    "correct_answer": {
                      "ids": [
                        "d"
                      ]
                    },
                    "question_type": "mcq_single",
                    "difficulty_level": "easy",
                    "explanation_html": "<p>Tomatoes contain several organic acids, with citric acid and oxalic acid being the most prominent. Among the given options, oxalic acid is the correct answer. Methanoic acid is found in ant stings, acetic acid is in vinegar, and lactic acid is found in sour milk and curd.</p>"
                  }
                ]
              },
              {
                "chapter_name": "Acids, Bases and Salts",
                "questions": [
                  {
                    "question_no": 5,
                    "question_html": "<p>Sodium hydroxide is termed an alkali while Ferric hydroxide is not because:</p>",
                    "options": [
                      {
                        "id": "a",
                        "text": "Sodium hydroxide is a strong base, while Ferric hydroxide is a weak base."
                      },
                      {
                        "id": "b",
                        "text": "Sodium hydroxide is a base which is soluble in water while Ferric hydroxide is also a base but it is not soluble in water."
                      },
                      {
                        "id": "c",
                        "text": "Sodium hydroxide is a strong base while Ferric hydroxide is a strong acid."
                      },
                      {
                        "id": "d",
                        "text": "Sodium hydroxide and Ferric hydroxide both are strong base but the solubility of Sodium hydroxide in water is comparatively higher than that of Ferric hydroxide."
                      }
                    ],
                    "correct_answer": {
                      "ids": [
                        "b"
                      ]
                    },
                    "question_type": "mcq_single",
                    "difficulty_level": "medium",
                    "explanation_html": "<p>The definition of an alkali is a base that is soluble in water. Both sodium hydroxide (NaOH) and ferric hydroxide (Fe(OH)₃) are bases. However, sodium hydroxide is highly soluble in water, readily dissociating to form Na⁺ and OH⁻ ions. In contrast, ferric hydroxide is insoluble in water. Therefore, sodium hydroxide is called an alkali, while ferric hydroxide is just a base.</p>"
                  }
                ]
              },
              {
                "chapter_name": "Acids, Bases and Salts",
                "questions": [
                  {
                    "question_no": 6,
                    "question_html": "<p>The name of the salt used to remove permanent hardness of water is :</p>",
                    "options": [
                      {
                        "id": "a",
                        "text": "Sodium hydrogen carbonate (NaHCO₃)"
                      },
                      {
                        "id": "b",
                        "text": "Sodium chloride (NaCl)"
                      },
                      {
                        "id": "c",
                        "text": "Sodium carbonate decahydrate (Na₂CO₃.10H₂O)"
                      },
                      {
                        "id": "d",
                        "text": "Calcium sulphate hemihydrate (CaSO₄.½H₂O)"
                      }
                    ],
                    "correct_answer": {
                      "ids": [
                        "c"
                      ]
                    },
                    "question_type": "mcq_single",
                    "difficulty_level": "easy",
                    "explanation_html": "<p>Permanent hardness of water is caused by the presence of soluble chlorides and sulphates of calcium and magnesium. It can be removed by adding washing soda, which is hydrated sodium carbonate (Na₂CO₃.10H₂O). The carbonate ions from washing soda react with the calcium and magnesium ions in the hard water to form insoluble precipitates of calcium carbonate and magnesium carbonate, which can then be removed, thus softening the water.</p>"
                  }
                ]
              },
              {
                "chapter_name": "Life Processes",
                "questions": [
                  {
                    "question_no": 8,
                    "question_html": "<p>Observe the following diagram and identify the process and its significance from the following options :</p>",
                    "images": [
                      {
                        "url": "https://img.testbuddyai.com/Science-31-4-23-Q8.png"
                      }
                    ],
                    "options": [
                      {
                        "id": "a",
                        "text": "Evaporation : maintains water contents in leaf cells."
                      },
                      {
                        "id": "b",
                        "text": "Transpiration : creates a suction force which pulls water inside the plant."
                      },
                      {
                        "id": "c",
                        "text": "Excretion : helps in excreting out waste water from the plant."
                      },
                      {
                        "id": "d",
                        "text": "Translocation: helps in transporting materials from one cell to another."
                      }
                    ],
                    "correct_answer": {
                      "ids": [
                        "b"
                      ]
                    },
                    "question_type": "mcq_single",
                    "difficulty_level": "medium",
                    "explanation_html": "<p>The diagram illustrates the loss of water vapor from the surface of a leaf, which is the process of transpiration. This water loss from the aerial parts of the plant creates a tension or suction pull, known as the transpiration pull. This force is crucial for pulling water and dissolved minerals up from the roots through the xylem to the rest of the plant.</p>"
                  }
                ]
              },
              {
                "chapter_name": "Life Processes",
                "questions": [
                  {
                    "question_no": 9,
                    "question_html": "<p>Opening and closing of stomata is due to :</p>",
                    "options": [
                      {
                        "id": "a",
                        "text": "High pressure of gases inside the cells."
                      },
                      {
                        "id": "b",
                        "text": "Movement of water in and out of the guard cells."
                      },
                      {
                        "id": "c",
                        "text": "Stimulus of light in the guard cells."
                      },
                      {
                        "id": "d",
                        "text": "Diffusion of CO₂ in and out of the guard cells."
                      }
                    ],
                    "correct_answer": {
                      "ids": [
                        "b"
                      ]
                    },
                    "question_type": "mcq_single",
                    "difficulty_level": "easy",
                    "explanation_html": "<p>The opening and closing of the stomatal pore are controlled by the change in turgidity of the two guard cells that surround it. When water flows into the guard cells by osmosis, they become turgid and swell, causing them to bow outwards and open the pore. Conversely, when water moves out of the guard cells, they become flaccid and shrink, causing the pore to close. This movement of water is the direct mechanism for the opening and closing of stomata.</p>"
                  }
                ]
              },
              {
                "chapter_name": "Heredity",
                "questions": [
                  {
                    "question_no": 10,
                    "question_html": "<p>A cross between pea plant with white flowers (vv) and pea plant with violet flowers (VV) resulted in F₂ progeny in which ratio of violet (VV) and white (vv) flowers will be :</p>",
                    "options": [
                      {
                        "id": "a",
                        "text": "1:1"
                      },
                      {
                        "id": "b",
                        "text": "2:1"
                      },
                      {
                        "id": "c",
                        "text": "3:1"
                      },
                      {
                        "id": "d",
                        "text": "1:3"
                      }
                    ],
                    "correct_answer": {
                      "ids": [
                        "a"
                      ]
                    },
                    "question_type": "mcq_single",
                    "difficulty_level": "hard",
                    "explanation_html": "<p>The initial cross is between a homozygous dominant plant (VV, violet) and a homozygous recessive plant (vv, white). The first filial (F₁) generation will all have the genotype Vv and the phenotype violet flowers. When the F₁ generation is self-crossed (Vv × Vv), the resulting F₂ progeny will have genotypes in the ratio of 1 VV : 2 Vv : 1 vv. The question specifically asks for the ratio of violet (VV) to white (vv), referring to the homozygous genotypes. This genotypic ratio is 1:1.</p>"
                  }
                ]
              },
              {
                "chapter_name": "Control and Coordination",
                "questions": [
                  {
                    "question_no": 11,
                    "question_html": "<p>In plants the role of cytokinin is :</p>",
                    "options": [
                      {
                        "id": "a",
                        "text": "Promote cell division."
                      },
                      {
                        "id": "b",
                        "text": "Wilting of leaves."
                      },
                      {
                        "id": "c",
                        "text": "Promote the opening of stomatal pore."
                      },
                      {
                        "id": "d",
                        "text": "Help in the growth of stem."
                      }
                    ],
                    "correct_answer": {
                      "ids": [
                        "a"
                      ]
                    },
                    "question_type": "mcq_single",
                    "difficulty_level": "easy",
                    "explanation_html": "<p>Cytokinins are a class of plant growth substances (phytohormones) that are primarily known for promoting cell division, or cytokinesis, in plant roots and shoots. They are found in high concentrations in areas of rapid cell division, such as meristems. While they also influence other processes like cell enlargement and differentiation, their main role is promoting cell division.</p>"
                  }
                ]
              },
              {
                "chapter_name": "How do Organisms Reproduce?",
                "questions": [
                  {
                    "question_no": 12,
                    "question_html": "<p>The number of chromosomes in parents and offsprings of a particular species undergoing sexual reproduction remain constant due to :</p>",
                    "options": [
                      {
                        "id": "a",
                        "text": "doubling of chromosomes after zygote formation."
                      },
                      {
                        "id": "b",
                        "text": "halving of chromosomes after zygote formation."
                      },
                      {
                        "id": "c",
                        "text": "doubling of chromosomes before gamete formation."
                      },
                      {
                        "id": "d",
                        "text": "halving of chromosomes at the time of gamete formation."
                      }
                    ],
                    "correct_answer": {
                      "ids": [
                        "d"
                      ]
                    },
                    "question_type": "mcq_single",
                    "difficulty_level": "easy",
                    "explanation_html": "<p>To maintain a constant number of chromosomes across generations in sexually reproducing organisms, the number of chromosomes must be halved during the formation of gametes (sperm and egg). This process is called meiosis. The parent organisms are diploid (2n), and they produce haploid (n) gametes. When these haploid gametes fuse during fertilization, they form a diploid (2n) zygote, restoring the original chromosome number in the offspring.</p>"
                  }
                ]
              },
              {
                "chapter_name": "Electricity",
                "questions": [
                  {
                    "question_no": 13,
                    "question_html": "<p>Two LED bulbs of 12W and 6W are connected in series. If the current through 12W bulb is 0.06A the current through 6W bulb will be :</p>",
                    "options": [
                      {
                        "id": "a",
                        "text": "0.04A"
                      },
                      {
                        "id": "b",
                        "text": "0.06A"
                      },
                      {
                        "id": "c",
                        "text": "0.08A"
                      },
                      {
                        "id": "d",
                        "text": "0.12A"
                      }
                    ],
                    "correct_answer": {
                      "ids": [
                        "b"
                      ]
                    },
                    "question_type": "mcq_single",
                    "difficulty_level": "easy",
                    "explanation_html": "<p>In a series circuit, the components are connected end-to-end, providing only one path for the electric current to flow. A fundamental property of a series circuit is that the current is the same at all points. Therefore, if the current flowing through the 12W bulb is 0.06A, the current flowing through the 6W bulb must also be 0.06A.</p>"
                  }
                ]
              },
              {
                "chapter_name": "Electricity",
                "questions": [
                  {
                    "question_no": 15,
                    "question_html": "<p>The resistance of a resistor is reduced to half of its initial value. If other parameters of the electrical circuit remain unaltered, the amount of heat produced in the resistor will become :</p>",
                    "options": [
                      {
                        "id": "a",
                        "text": "four times"
                      },
                      {
                        "id": "b",
                        "text": "two times"
                      },
                      {
                        "id": "c",
                        "text": "half"
                      },
                      {
                        "id": "d",
                        "text": "one fourth"
                      }
                    ],
                    "correct_answer": {
                      "ids": [
                        "b"
                      ]
                    },
                    "question_type": "mcq_single",
                    "difficulty_level": "medium",
                    "explanation_html": "<p>The amount of heat (H) produced in a resistor is given by Joule's law of heating. When the voltage (V) across the resistor is constant, the formula H = (V²/R) × t is used, where R is resistance and t is time. From this formula, heat produced is inversely proportional to resistance (H ∝ 1/R). If the resistance is reduced to half (R' = R/2), the new heat produced (H') will be H' = (V²/R') × t = (V² / (R/2)) × t = 2 × (V²/R) × t = 2H. Thus, the heat produced will become two times the original amount.</p>"
                  }
                ]
              },
              {
                "chapter_name": "Magnetic Effects of Electric Current",
                "questions": [
                  {
                    "question_no": 16,
                    "question_html": "<p>An alpha particle enters a uniform magnetic field as shown. The direction of force experienced by the alpha particle is :</p>",
                    "images": [
                      {
                        "url": "https://img.testbuddyai.com/Science-31-4-23-Q16.png"
                      }
                    ],
                    "options": [
                      {
                        "id": "a",
                        "text": "towards right"
                      },
                      {
                        "id": "b",
                        "text": "towards left"
                      },
                      {
                        "id": "c",
                        "text": "into the page"
                      },
                      {
                        "id": "d",
                        "text": "out of the page"
                      }
                    ],
                    "correct_answer": {
                      "ids": [
                        "d"
                      ]
                    },
                    "question_type": "mcq_single",
                    "difficulty_level": "medium",
                    "explanation_html": "<p>The direction of the magnetic force on a moving charge is determined by Fleming's Left-Hand Rule. An alpha particle is positively charged (it's a helium nucleus), so its direction of motion is the same as the direction of conventional current. According to the diagram:<br>1. The direction of the magnetic field (B) is to the right (represented by the forefinger).<br>2. The direction of the current (velocity of the positive alpha particle, v) is upwards (represented by the middle finger).<br>Applying the rule, the thumb points out of the page, which indicates the direction of the force (F) experienced by the alpha particle.</p>"
                  }
                ]
              },
              {
                "chapter_name": "Chemical Reactions and Equations",
                "questions": [
                  {
                    "question_no": 17,
                    "question_html": "<p><strong>Assertion (A) :</strong> Reaction of Quicklime with water is an exothermic reaction.<br><strong>Reason (R) :</strong> Quicklime reacts vigorously with water releasing a large amount of heat.</p>",
                    "options": [
                      {
                        "id": "a",
                        "text": "Both Assertion (A) and Reason (R) are true and Reason (R) is the correct explanation of Assertion (A)."
                      },
                      {
                        "id": "b",
                        "text": "Both Assertion (A) and Reason (R) are true, but Reason (R) is not the correct explanation of Assertion (A)."
                      },
                      {
                        "id": "c",
                        "text": "Assertion (A) is true, but Reason (R) is false."
                      },
                      {
                        "id": "d",
                        "text": "Assertion (A) is false, but Reason (R) is true."
                      }
                    ],
                    "correct_answer": {
                      "ids": [
                        "a"
                      ]
                    },
                    "question_type": "mcq_single",
                    "difficulty_level": "easy",
                    "explanation_html": "<p>Assertion (A) is true. The reaction of quicklime (calcium oxide, CaO) with water (H₂O) to form slaked lime (calcium hydroxide, Ca(OH)₂) is indeed an exothermic reaction. Reason (R) is also true. The reaction is characterized by its vigor and the release of a substantial amount of heat, often causing the water to boil. Since the release of a large amount of heat is the definition of a vigorous exothermic reaction, Reason (R) is the correct explanation for Assertion (A).</p>"
                  }
                ]
              },
              {
                "chapter_name": "Heredity",
                "questions": [
                  {
                    "question_no": 18,
                    "question_html": "<p><strong>Assertion (A) :</strong> In humans, if gene (B) is responsible for black eyes and gene (b) is responsible for brown eyes, then the colour of eyes of the progeny having gene combination Bb, bb or BB will be black only.<br><strong>Reason (R) :</strong> The black colour of the eyes is a dominant trait.</p>",
                    "options": [
                      {
                        "id": "a",
                        "text": "Both Assertion (A) and Reason (R) are true and Reason (R) is the correct explanation of Assertion (A)."
                      },
                      {
                        "id": "b",
                        "text": "Both Assertion (A) and Reason (R) are true, but Reason (R) is not the correct explanation of Assertion (A)."
                      },
                      {
                        "id": "c",
                        "text": "Assertion (A) is true, but Reason (R) is false."
                      },
                      {
                        "id": "d",
                        "text": "Assertion (A) is false, but Reason (R) is true."
                      }
                    ],
                    "correct_answer": {
                      "ids": [
                        "d"
                      ]
                    },
                    "question_type": "mcq_single",
                    "difficulty_level": "medium",
                    "explanation_html": "<p>Reason (R) is true. It states that black eye color (B) is a dominant trait. Assertion (A) is false. It claims that progeny with genotypes Bb, bb, or BB will all have black eyes. While BB (homozygous dominant) and Bb (heterozygous) individuals will have black eyes due to the dominance of the 'B' allele, an individual with the genotype 'bb' (homozygous recessive) will express the recessive trait, which is brown eyes. Therefore, the assertion is incorrect.</p>"
                  }
                ]
              },
              {
                "chapter_name": "Life Processes",
                "questions": [
                  {
                    "question_no": 19,
                    "question_html": "<p><strong>Assertion (A) :</strong> The inner walls of the small intestine have finger like projections called villi which are rich in blood.<br><strong>Reason (R) :</strong> These villi have a large surface area to help the small intestine in completing the digestion of food.</p>",
                    "options": [
                      {
                        "id": "a",
                        "text": "Both Assertion (A) and Reason (R) are true and Reason (R) is the correct explanation of Assertion (A)."
                      },
                      {
                        "id": "b",
                        "text": "Both Assertion (A) and Reason (R) are true, but Reason (R) is not the correct explanation of Assertion (A)."
                      },
                      {
                        "id": "c",
                        "text": "Assertion (A) is true, but Reason (R) is false."
                      },
                      {
                        "id": "d",
                        "text": "Assertion (A) is false, but Reason (R) is true."
                      }
                    ],
                    "correct_answer": {
                      "ids": [
                        "c"
                      ]
                    },
                    "question_type": "mcq_single",
                    "difficulty_level": "medium",
                    "explanation_html": "<p>Assertion (A) is true. The inner lining of the small intestine is folded into numerous finger-like projections called villi, which are densely supplied with blood capillaries and lymph vessels (lacteals). Reason (R) is false. While the villi do vastly increase the surface area of the intestine, their primary function is to facilitate the efficient *absorption* of digested nutrients into the bloodstream and lymph, not to complete digestion. The final chemical digestion is completed by enzymes present in the intestinal juice on the surface of the cells lining the villi.</p>"
                  }
                ]
              },
              {
                "chapter_name": "Magnetic Effects of Electric Current",
                "questions": [
                  {
                    "question_no": 20,
                    "question_html": "<p><strong>Assertion (A) :</strong> A current carrying straight conductor experiences a force when placed perpendicular to the direction of magnetic field.<br><strong>Reason (R) :</strong> The net charge on a current carrying conductor is always zero.</p>",
                    "options": [
                      {
                        "id": "a",
                        "text": "Both Assertion (A) and Reason (R) are true and Reason (R) is the correct explanation of Assertion (A)."
                      },
                      {
                        "id": "b",
                        "text": "Both Assertion (A) and Reason (R) are true, but Reason (R) is not the correct explanation of Assertion (A)."
                      },
                      {
                        "id": "c",
                        "text": "Assertion (A) is true, but Reason (R) is false."
                      },
                      {
                        "id": "d",
                        "text": "Assertion (A) is false, but Reason (R) is true."
                      }
                    ],
                    "correct_answer": {
                      "ids": [
                        "b"
                      ]
                    },
                    "question_type": "mcq_single",
                    "difficulty_level": "medium",
                    "explanation_html": "<p>Assertion (A) is true. It is a fundamental principle of electromagnetism that a conductor carrying an electric current experiences a force when placed in an external magnetic field. The force is maximum when the conductor is perpendicular to the field. Reason (R) is also true. In a current-carrying conductor, for every electron that enters one end, another electron leaves the other end. The moving electrons are balanced by the stationary positive ions of the conductor's lattice, making the conductor electrically neutral overall. However, the reason (electrical neutrality) does not explain the assertion. The force arises because the magnetic field interacts with the moving charges (the current), not because of any net charge. Therefore, both statements are true, but R is not the correct explanation for A.</p>"
                  }
                ]
              },
              {
                "chapter_name": "Acids, Bases and Salts",
                "questions": [
                  {
                    "question_no": 21,
                    "question_html": "<p><b>(A)</b> A student took a small amount of copper oxide in a conical flask and added dilute hydrochloric acid to it with constant stirring. He observed a change in colour of the solution.<br><b>(i)</b> Write the name of the compound formed and its colour.<br><b>(ii)</b> Write a balanced chemical equation for the reaction involved.<br><b>OR</b><br><b>(B)</b> The industrial process used for the manufacture of caustic soda involves electrolysis of an aqueous solution of compound 'X'. In this process, two gases 'Y' and 'Z' are liberated. 'Y' is liberated at cathode and 'Z', which is liberated at anode, on treatment with dry slaked lime forms a compound 'B'. Name X, Y, Z and B.</p>",
                    "options": [],
                    "correct_answer": {
                      "text": "<p><b>(A)</b><br><b>(i)</b> The compound formed is Copper(II) chloride / CuCl₂. Its colour is blue-green.<br><b>(ii)</b> The balanced chemical equation is: CuO + 2HCl → CuCl₂ + H₂O.<br><b>OR</b><br><b>(B)</b><br><b>X:</b> Sodium Chloride / NaCl<br><b>Y:</b> Hydrogen / H₂<br><b>Z:</b> Chlorine / Cl₂<br><b>B:</b> Bleaching powder / CaOCl₂</p>"
                    },
                    "question_type": "Very Short Answer (2 marks)",
                    "difficulty_level": "medium",
                    "explanation_html": null
                  }
                ]
              },
              {
                "chapter_name": "Control and Coordination",
                "questions": [
                  {
                    "question_no": 22,
                    "question_html": "<p><b>(A)</b> Name the part of brain which is responsible for the following actions :<br><b>(i)</b> Maintaining posture and balance<br><b>(ii)</b> Beating of heart<br><b>(iii)</b> Thinking<br><b>(iv)</b> Blood pressure<br><b>OR</b><br><b>(B)</b> Where are auxins synthesized in a plant ? Which organ of the plant shows:<br><b>(i)</b> Positive phototropism<br><b>(ii)</b> Negative geotropism<br><b>(iii)</b> Positive hydrotropism</p>",
                    "options": [],
                    "correct_answer": {
                      "text": "<p><b>(A)</b><br><b>(i)</b> Cerebellum / Hind brain<br><b>(ii)</b> Medulla / Hind brain<br><b>(iii)</b> Cerebrum / Forebrain<br><b>(iv)</b> Medulla / Hind brain<br><b>OR</b><br><b>(B)</b><br>Auxins are synthesized at the tip of the shoot / tip of the root.<br><b>(i)</b> Shoot / stem<br><b>(ii)</b> Shoot / stem<br><b>(iii)</b> Roots</p>"
                    },
                    "question_type": "Very Short Answer (2 marks)",
                    "difficulty_level": "medium",
                    "explanation_html": null
                  }
                ]
              },
              {
                "chapter_name": "Life Processes",
                "questions": [
                  {
                    "question_no": 23,
                    "question_html": "<p>Write one specific function each of the following organs in relation with excretion in human beings :<br><b>(i)</b> Renal Artery<br><b>(ii)</b> Urethra<br><b>(iii)</b> Glomerulus<br><b>(iv)</b> Tubular part of nephron</p>",
                    "options": [],
                    "correct_answer": {
                      "text": "<p><b>(i)</b> Brings the blood containing nitrogenous waste into the kidney.<br><b>(ii)</b> Removal of urine / passing out of urine.<br><b>(iii)</b> Filtration of blood.<br><b>(iv)</b> Selective reabsorption of useful materials.</p>"
                    },
                    "question_type": "Very Short Answer (2 marks)",
                    "difficulty_level": "easy",
                    "explanation_html": null
                  }
                ]
              },
              {
                "chapter_name": "Life Processes",
                "questions": [
                  {
                    "question_no": 24,
                    "question_html": "<p>Two green plants are kept separately in oxygen free containers, one in the dark and other in sunlight. It was observed that plant kept in dark could not survive longer. Give reason for this observation.</p>",
                    "options": [],
                    "correct_answer": {
                      "text": "<p>• The plant kept in the dark is unable to carry out photosynthesis to produce oxygen. Without oxygen, it cannot respire and therefore cannot survive.<br>• The plant kept in sunlight is able to photosynthesize, converting CO₂ into oxygen, which it can then use for respiration to survive.</p>"
                    },
                    "question_type": "Very Short Answer (2 marks)",
                    "difficulty_level": "medium",
                    "explanation_html": null
                  }
                ]
              },
              {
                "chapter_name": "The Human Eye and the Colourful World",
                "questions": [
                  {
                    "question_no": 25,
                    "question_html": "<p><b>(A)</b> Observe the following diagram and answer the questions following it :<br><b>(i)</b> Identify the defect of vision shown.<br><b>(ii)</b> List its two causes.<br><b>(iii)</b> Name the type of lens used for the correction of this defect.<br><b>OR</b><br><b>(B)</b> The colour of clear sky from the earth appears blue but from the space it appears black. Why ?</p>",
                    "images": [
                      {
                        "url": "https://img.testbuddyai.com/Science-31-4-23-Q25a.png"
                      }
                    ],
                    "options": [],
                    "correct_answer": {
                      "text": "<p><b>(A)</b><br><b>(i)</b> Myopia / Short Sightedness.<br><b>(ii)</b> The two causes are: 1. Excessive curvature of the eye lens. 2. Elongation of the eyeball.<br><b>(iii)</b> Concave lens / Diverging Lens.<br><b>OR</b><br><b>(B)</b><br>• On Earth, the atmosphere contains fine particles smaller than the wavelength of visible light. These particles scatter light of shorter wavelengths (like blue) more effectively. This scattered blue light enters our eyes, making the sky appear blue.<br>• In space, there is no atmosphere and therefore no particles to scatter sunlight. As a result, the sky appears black.</p>"
                    },
                    "question_type": "Very Short Answer (2 marks)",
                    "difficulty_level": "medium",
                    "explanation_html": null
                  }
                ]
              },
              {
                "chapter_name": "Our Environment",
                "questions": [
                  {
                    "question_no": 26,
                    "question_html": "<p>Use of several pesticides which results in excessive accumulation of pesticides in rivers or ponds, is a matter of deep concern. Justify this statement.</p>",
                    "options": [],
                    "correct_answer": {
                      "text": "<p>This is a matter of deep concern because these pesticides are non-biodegradable. They enter the food chain and get concentrated at each subsequent trophic level. This phenomenon, known as biomagnification, results in harmful levels of pesticides in organisms at higher trophic levels, including humans, causing health problems.</p>"
                    },
                    "question_type": "Very Short Answer (2 marks)",
                    "difficulty_level": "medium",
                    "explanation_html": null
                  }
                ]
              },
              {
                "chapter_name": "Chemical Reactions and Equations",
                "questions": [
                  {
                    "question_no": 27,
                    "question_html": "<p><b>(i)</b> While electrolysing water before passing the current some drops of an acid are added. Why ? Name the gases liberated at cathode and anode. Write the relationship between the volume of gas collected at anode and the volume of gas collected at cathode.<br><b>(ii)</b> What is observed when silver chloride is exposed to sunlight ? Give the type of reaction involved.</p>",
                    "options": [],
                    "correct_answer": {
                      "text": "<p><b>(i)</b> Acid is added to increase the conductivity of water, as pure water is a poor conductor of electricity.<br>• Gas at cathode: Hydrogen (H₂)<br>• Gas at anode: Oxygen (O₂)<br>• The relationship is: The volume of gas at the cathode (Hydrogen) is twice the volume of gas at the anode (Oxygen). Volume (Cathode) : Volume (Anode) = 2 : 1.<br><b>(ii)</b> When silver chloride is exposed to sunlight, the white solid turns grey.<br>• The type of reaction is a photolytic decomposition reaction.</p>"
                    },
                    "question_type": "Short Answer (3 marks)",
                    "difficulty_level": "medium",
                    "explanation_html": null
                  }
                ]
              },
              {
                "chapter_name": "Acids, Bases and Salts",
                "questions": [
                  {
                    "question_no": 28,
                    "question_html": "<p><b>(i)</b> Suggest a safe procedure of diluting a strong concentrated acid.<br><b>(ii)</b> Name the salt formed when sulphuric acid is added to sodium hydroxide and write its pH.<br><b>(iii)</b> Dry HCl gas does not change the colour of dry blue litmus paper. Why?</p>",
                    "options": [],
                    "correct_answer": {
                      "text": "<p><b>(i)</b> The acid must always be added slowly to water with constant stirring. This allows the heat generated to dissipate safely.<br><b>(ii)</b> The salt formed is Sodium sulphate (Na₂SO₄). Since it is a salt of a strong acid and a strong base, its pH is 7.<br><b>(iii)</b> Dry HCl gas does not dissociate into H⁺ and Cl⁻ ions in the absence of water. Since there are no H⁺ ions (or hydronium ions), it does not exhibit acidic properties and thus does not change the colour of dry litmus paper.</p>"
                    },
                    "question_type": "Short Answer (3 marks)",
                    "difficulty_level": "medium",
                    "explanation_html": null
                  }
                ]
              },
              {
                "chapter_name": "Life Processes",
                "questions": [
                  {
                    "question_no": 29,
                    "question_html": "<p><b>(A) (i)</b> How does Paramecium obtain its food ?<br><b>(A) (ii)</b> List the role of each of the following in our digestive system :<br>(a) Hydrochloric acid<br>(b) Trypsin<br>(c) Muscular walls of stomach<br>(d) Salivary amylase<br><b>OR</b><br><b>(B) (i)</b> What is double circulation?<br><b>(B) (ii)</b> Why is the separation of the right side and the left side of the heart useful ? How does it help birds and mammals ?</p>",
                    "options": [],
                    "correct_answer": {
                      "text": "<p><b>(A) (i)</b> Paramecium uses its cilia to sweep food particles along with water into a specific spot on its cell surface called the oral groove, where the food is ingested.<br><b>(A) (ii)</b><br><b>(a) Hydrochloric acid:</b> Creates an acidic medium in the stomach which facilitates the action of the enzyme pepsin and also kills microorganisms ingested with food.<br><b>(b) Trypsin:</b> It is an enzyme that digests proteins in the small intestine.<br><b>(c) Muscular walls of stomach:</b> They churn and mix the food thoroughly with digestive juices and help in pushing the food forward (peristalsis).<br><b>(d) Salivary amylase:</b> It begins the digestion of starch, converting it into sugar, in the mouth.<br><b>OR</b><br><b>(B) (i)</b> Double circulation is a system in which blood flows through the heart twice during each complete cycle of the body.<br><b>(B) (ii)</b> The separation of the right and left sides of the heart is useful to prevent the mixing of oxygenated and deoxygenated blood. This ensures an efficient supply of oxygen to the body. This is particularly helpful for birds and mammals as they have high energy needs to constantly maintain their body temperature.</p>"
                    },
                    "question_type": "Short Answer (3 marks)",
                    "difficulty_level": "medium",
                    "explanation_html": null
                  }
                ]
              },
              {
                "chapter_name": "Light - Reflection and Refraction",
                "questions": [
                  {
                    "question_no": 30,
                    "question_html": "<p><b>(A)</b> Define the following terms in the context of a diverging mirror :<br><b>(i)</b> Principal focus<br><b>(ii)</b> Focal length<br><b>OR</b><br><b>(B)</b> An object of height 10 cm is placed 25 cm away from the optical centre of a converging lens of focal length 15 cm. Calculate the image-distance and height of the image formed.</p>",
                    "options": [],
                    "correct_answer": {
                      "text": "<p><b>(A)</b><br><b>(i) Principal focus:</b> It is a point on the principal axis of a diverging mirror from where light rays parallel to the principal axis appear to diverge after reflection from the mirror.<br><b>(ii) Focal length:</b> The distance between the pole and the principal focus of the mirror.<br><b>OR</b><br><b>(B)</b><br>Given: Object height (h) = 10 cm, Object distance (u) = -25 cm, Focal length (f) = +15 cm.<br>Using the lens formula: 1/v - 1/u = 1/f<br>1/v = 1/f + 1/u = 1/15 + 1/(-25) = (5-3)/75 = 2/75<br>Image distance (v) = 75/2 = 37.5 cm.<br>Magnification (m) = h'/h = v/u<br>Image height (h') = (v/u) * h = (37.5 / -25) * 10 = -1.5 * 10 = -15 cm.<br>The image-distance is 37.5 cm, and the height of the image is 15 cm (inverted).</p>"
                    },
                    "question_type": "Short Answer (3 marks)",
                    "difficulty_level": "hard",
                    "explanation_html": null
                  }
                ]
              },
              {
                "chapter_name": "Light - Reflection and Refraction",
                "questions": [
                  {
                    "question_no": 31,
                    "question_html": "<p>The power of a lens is +4D. Find the focal length of this lens. An object is placed at a distance of 50 cm from the optical centre of this lens. State the nature and magnification of the image formed by the lens and also draw a ray diagram to justify your answer.</p>",
                    "options": [],
                    "correct_answer": {
                      "text": "<p>• <b>Focal length (f):</b> f = 1 / Power = 1 / +4 D = +0.25 m = +25 cm.<br>Given: u = -50 cm. Since u = -2f, the object is placed at 2F₁.<br>• <b>Nature of image:</b> When an object is placed at 2F₁ of a convex lens, a real, inverted, and same-sized image is formed at 2F₂.<br>• <b>Magnification (m):</b> m = v/u. Here, v = +50 cm and u = -50 cm. So, m = 50 / -50 = -1.<br>The magnification is -1, indicating a real, inverted, and same-sized image.</p>"
                    },
                    "question_type": "Short Answer (3 marks)",
                    "difficulty_level": "hard",
                    "explanation_html": null
                  }
                ]
              },
              {
                "chapter_name": "Magnetic Effects of Electric Current",
                "questions": [
                  {
                    "question_no": 32,
                    "question_html": "<p><b>(A) (i)</b> Why is an alternating current (A.C.) considered to be advantageous over direct current (D.C.) for the long distance transmission of electric power ?<br><b>(A) (ii)</b> How is the type of current used in household supply different from the one given by a battery of dry cells ?<br><b>(A) (iii)</b> How does an electric fuse prevent the electric circuit and the appliances from a possible damage due to short circuiting or overloading.<br><b>OR</b><br><b>(B)</b> For the current carrying solenoid as shown, draw magnetic field lines and give reason to explain that out of the three points A, B and C, at which point the field strength is maximum and at which point it is minimum ?</p>",
                    "images": [
                      {
                        "url": "https://img.testbuddyai.com/Science-31-4-23-Q32b.png"
                      }
                    ],
                    "options": [],
                    "correct_answer": {
                      "text": "<p><b>(A) (i)</b> A.C. voltage can be easily stepped up or down using transformers. For long-distance transmission, A.C. voltage is stepped up to a high value, which reduces the current and minimizes power loss (as heat, P = I²R).<br><b>(A) (ii)</b> Household supply uses Alternating Current (AC), which periodically reverses its direction. A battery of dry cells provides Direct Current (DC), which flows in only one direction.<br><b>(A) (iii)</b> An electric fuse is a safety device with a low melting point. When a current higher than its rating flows through it (due to short-circuiting or overloading), it melts and breaks the circuit, stopping the flow of current and preventing damage to appliances.<br><b>OR</b><br><b>(B)</b><br>• The field strength is <b>maximum at point A</b> (inside the solenoid) because the magnetic field lines inside a solenoid are nearly parallel and crowded, indicating a strong and uniform field. The field strength is due to the combined effect of all the turns.<br>• The field strength is <b>minimum at point C</b> (outside the solenoid) because the magnetic field outside a long solenoid is very weak and the field lines are far apart.</p>"
                    },
                    "question_type": "Short Answer (3 marks)",
                    "difficulty_level": "medium",
                    "explanation_html": null
                  }
                ]
              },
              {
                "chapter_name": "Our Environment",
                "questions": [
                  {
                    "question_no": 33,
                    "question_html": "<p>Write one difference between biodegradable and non-biodegradable wastes. List two impacts of each type of the accumulated waste on environment if not disposed off properly.</p>",
                    "options": [],
                    "correct_answer": {
                      "text": "<p><b>Difference:</b><br>• <b>Biodegradable wastes</b> can be broken down into simpler substances by microorganisms, whereas <b>non-biodegradable wastes</b> cannot.<br><b>Impacts of Biodegradable Waste:</b><br><b>1.</b> Emits foul smells during decomposition.<br><b>2.</b> Can become a breeding place for disease-carrying organisms like flies and rodents.<br><b>Impacts of Non-Biodegradable Waste:</b><br><b>1.</b> Causes soil and water pollution.<br><b>2.</b> Can lead to biomagnification of harmful chemicals in the food chain.</p>"
                    },
                    "question_type": "Long Answer (5 marks)",
                    "difficulty_level": "medium",
                    "explanation_html": null
                  }
                ]
              },
              {
                "chapter_name": "Carbon and its Compounds",
                "questions": [
                  {
                    "question_no": 34,
                    "question_html": "<p><b>(A) (i)</b> Draw the structure of the following compounds :<br>(a) Butanoic acid<br>(b) Chloropentane<br><b>(A) (ii)</b> How are structure (i) and structure (ii) given below related to one another ? Give reason to justify your answer. Draw one more possible structure for above case.<br><b>(A) (iii)</b> Differentiate between saturated and unsaturated carbon compounds on the basis of their general formula.<br><b>OR</b><br><b>(B) (i)</b> What happens when a small piece of sodium is dropped in ethanol ? Write the equation for this reaction.<br><b>(B) (ii)</b> Why is glacial acetic acid called so ?<br><b>(B) (iii)</b> What happens when ethanol is heated at 443 K in the presence of conc. H₂SO₄ ? Write the role of conc. H₂SO₄ in this case.<br><b>(B) (iv)</b> Write an equation showing saponification.</p>",
                    "options": [],
                    "correct_answer": {
                      "text": "<p><b>(A) (i)</b><br>(a) Butanoic acid: CH₃-CH₂-CH₂-COOH<br>(b) Chloropentane (1-chloropentane): CH₃-CH₂-CH₂-CH₂-CH₂-Cl<br><b>(A) (ii)</b> They are <b>isomers</b>. They have the same molecular formula (C₆H₁₄) but different structural formulas. Another possible isomer is 2,2-dimethylbutane.<br><b>(A) (iii)</b> Saturated compounds (alkanes) have the general formula CₙH₂ₙ₊₂, while unsaturated compounds have general formulas CₙH₂ₙ (alkenes) or CₙH₂ₙ₋₂ (alkynes).<br><b>OR</b><br><b>(B) (i)</b> Hydrogen gas is evolved and sodium ethoxide is formed. Equation: 2CH₃CH₂OH + 2Na → 2CH₃CH₂ONa + H₂↑.<br><b>(B) (ii)</b> Pure ethanoic acid has a low melting point (290 K) and freezes during winter in cold climates, forming ice-like crystals, hence the name glacial.<br><b>(B) (iii)</b> Ethene is formed. Equation: CH₃CH₂OH --(Hot conc. H₂SO₄)--> CH₂=CH₂ + H₂O. The role of conc. H₂SO₄ is as a dehydrating agent.<br><b>(B) (iv)</b> Saponification is the hydrolysis of an ester with an alkali. Example: CH₃COOC₂H₅ + NaOH → C₂H₅OH + CH₃COONa.</p>"
                    },
                    "question_type": "Long Answer (5 marks)",
                    "difficulty_level": "hard",
                    "explanation_html": null
                  }
                ]
              },
              {
                "chapter_name": "How do Organisms Reproduce?",
                "questions": [
                  {
                    "question_no": 35,
                    "question_html": "<p><b>(i)</b> Name and explain the two modes of asexual reproduction observed in hydra.<br><b>(ii)</b> What is vegetative propagation ? List two advantages of using this technique.</p>",
                    "options": [],
                    "correct_answer": {
                      "text": "<p><b>(i)</b> The two modes of asexual reproduction in hydra are:<br><b>1. Budding:</b> A small outgrowth or bud develops on the parent's body. This bud grows into a tiny individual, and when fully mature, it detaches to become a new, independent organism.<br><b>2. Regeneration:</b> If the body of a hydra is cut into several pieces, each piece can grow and develop into a complete new hydra.<br><b>(ii) Vegetative propagation</b> is a type of asexual reproduction in which new plants are produced from vegetative parts of the parent plant, such as roots, stems, or leaves.<br><b>Two advantages:</b><br><b>1.</b> Plants that have lost the capacity to produce seeds (like bananas, seedless grapes) can be propagated.<br><b>2.</b> It allows for the rapid production of new plants, and the offspring are genetically identical to the parent, preserving desirable traits.</p>"
                    },
                    "question_type": "Long Answer (5 marks)",
                    "difficulty_level": "medium",
                    "explanation_html": null
                  }
                ]
              },
              {
                "chapter_name": "Electricity",
                "questions": [
                  {
                    "question_no": 36,
                    "question_html": "<p><b>(i)</b> How is electric current related to the potential difference across the terminals of a conductor? Draw a labelled circuit diagram to verify this relationship.<br><b>(ii)</b> Why should an ammeter have low resistance ?<br><b>(iii)</b> Two V - I graphs A and B for series and parallel combinations of two resistors are as shown. Giving reason state which graph shows (a) series, (b) parallel combination of the resistors.</p>",
                    "images": [
                      {
                        "url": "https://img.testbuddyai.com/Science-31-4-23-Q36(iii).png"
                      }
                    ],
                    "options": [],
                    "correct_answer": {
                      "text": "<p><b>(i)</b> According to Ohm's Law, the electric current (I) flowing through a conductor is directly proportional to the potential difference (V) across its ends, provided the temperature and other physical conditions remain unchanged (V ∝ I).<br><b>(ii)</b> An ammeter is connected in series in a circuit to measure the current. It should have very low resistance so that it does not significantly change the total resistance of the circuit and hence the current it is intended to measure.<br><b>(iii)</b> The slope of a V-I graph (V/I) represents resistance (R).<br>• The resistance in a series combination (Rₛ) is greater than in a parallel combination (Rₚ).<br>• Graph A has a larger slope (higher V/I ratio), hence it represents higher resistance. Therefore, <b>Graph A shows the series combination.</b><br>• Graph B has a smaller slope (lower V/I ratio), hence it represents lower resistance. Therefore, <b>Graph B shows the parallel combination.</b></p>"
                    },
                    "question_type": "Long Answer (5 marks)",
                    "difficulty_level": "hard",
                    "explanation_html": null
                  }
                ]
              },
              {
                "chapter_name": "Metals and Non-metals",
                "questions": [
                  {
                    "question_no": 37,
                    "question_html": "<p>The melting points and boiling points of some ionic compounds are given below : ... These compounds are termed ionic because they are formed by the transfer of electrons from a metal to a non-metal...<br><b>(i)</b> Show the electron transfer in the formation of magnesium chloride.<br><b>(ii)</b> List two properties of ionic compounds other than their high melting and boiling points.<br><b>(iii) (A)</b> While forming an ionic compound say sodium chloride how does sodium atom attain its stable configuration ?<br><b>OR</b><br><b>(iii) (B)</b> Give reasons :<br>(i) Why do ionic compounds in the solid state not conduct electricity ?<br>(ii) What happens at the cathode when electricity is passed through an aqueous solution of sodium chloride ?</p>",
                    "options": [],
                    "correct_answer": {
                      "text": "<p><b>(i)</b> Magnesium (Mg: 2, 8, 2) atom transfers its two valence electrons, one to each of the two Chlorine (Cl: 2, 8, 7) atoms. This forms one Mg²⁺ ion and two Cl⁻ ions, resulting in MgCl₂.<br><b>(ii)</b> Two other properties are: 1. They are generally hard, crystalline solids due to strong electrostatic forces. 2. They are usually soluble in water but insoluble in organic solvents.<br><b>(iii) (A)</b> A sodium atom (Na: 2, 8, 1) loses its single valence electron to form a positively charged sodium ion (Na⁺: 2, 8), thereby attaining the stable electron configuration of the nearest noble gas, Neon.<br><b>OR</b><br><b>(iii) (B)</b><br>(i) In the solid state, the ions in an ionic compound are held in fixed positions in a crystal lattice and are not free to move. Since the conduction of electricity requires mobile charge carriers, solid ionic compounds do not conduct.<br>(ii) In an aqueous solution of sodium chloride, water molecules are reduced at the cathode in preference to Na⁺ ions. This produces hydrogen gas and hydroxide ions. 2H₂O(l) + 2e⁻ → H₂(g) + 2OH⁻(aq). So, <b>H₂ gas is liberated at the cathode.</b></p>"
                    },
                    "question_type": "Case-based Subjective",
                    "difficulty_level": "hard",
                    "explanation_html": null
                  }
                ]
              },
              {
                "chapter_name": "Heredity",
                "questions": [
                  {
                    "question_no": 38,
                    "question_html": "<p>The most obvious outcome of the reproductive process is the generation of individuals of similar design, but in sexual reproduction they may not be exactly alike... The rules of heredity determine the process by which traits and characteristics are reliably inherited...<br><b>(i)</b> Why an offspring of human being is not a true copy of his parents in sexual reproduction ?<br><b>(ii)</b> While performing experiments on inheritance in plants, what is the difference between F₁ and F₂ generation ?<br><b>(iii) (A)</b> Why do we say that variations are useful for the survival of a species over time ?<br><b>OR</b><br><b>(iii) (B)</b> Study Mendel's cross between two plants with a pair of contrasting characters. RRYY (Round Yellow) × rryy (Wrinkled Green). He observed 4 types of combinations in F₂ generation. Which of these were new combinations ? Why do new features which are not present in the parents, appear in F₂ generation ?</p>",
                    "options": [],
                    "correct_answer": {
                      "text": "<p><b>(i)</b> In sexual reproduction, the offspring inherits a unique combination of genes from two different parents (one set from the male gamete and one from the female gamete), leading to variations.<br><b>(ii)</b> The F₁ (first filial) generation is the immediate offspring of the initial parental cross, and typically only the dominant traits are expressed. The F₂ (second filial) generation results from self-crossing the F₁ generation, and in this generation, both dominant and recessive traits are expressed in a specific ratio.<br><b>(iii) (A)</b> Variations are useful because they increase the chances of a species' survival in a changing environment. If the environment changes, individuals with variations that are well-suited to the new conditions are more likely to survive and reproduce.<br><b>OR</b><br><b>(iii) (B)</b><br>The new combinations were <b>Round green</b> and <b>Wrinkled yellow</b>.<br>These new features appear due to the Law of Independent Assortment, which states that the alleles for different traits (like seed shape and seed colour) are inherited independently of each other during gamete formation. This allows for new combinations of traits in the offspring that were not present in the parents.</p>"
                    },
                    "question_type": "Case-based Subjective",
                    "difficulty_level": "hard",
                    "explanation_html": null
                  }
                ]
              },
              {
                "chapter_name": "Light - Reflection and Refraction",
                "questions": [
                  {
                    "question_no": 39,
                    "question_html": "<p>The ability of a medium to refract light is expressed in terms of its optical density... the one with the large refractive index is optically denser... the speed of light through a given medium is inversely proportional to its optical density.<br><b>(i)</b> Determine the speed of light in diamond if the refractive index of diamond with respect to vacuum is 2.42. Speed of light in vacuum is 3×10⁸ m/s.<br><b>(ii)</b> Refractive indices of glass, water and carbon disulphide are 1.5, 1.33 and 1.62 respectively. If a ray of light is incident in these media at the same angle (say θ), then write the increasing order of the angle of refraction in these media.<br><b>(iii) (A)</b> The speed of light in glass is 2×10⁸ m/s and in water is 2.25×10⁸ m/s.<br>(a) Which one of the two is optically denser and why ?<br>(b) A ray of light is incident normally at the water-glass interface when it enters a thick glass container filled with water. What will happen to the path of the ray after entering the glass ? Give reason.<br><b>OR</b><br><b>(iii) (B)</b> The absolute refractive indices of water and glass are 4/3 and 3/2 respectively. If the speed of light in glass is 2×10⁸ m/s, find the speed of light in (i) vacuum and (ii) water.</p>",
                    "options": [],
                    "correct_answer": {
                      "text": "<p><b>(i)</b> Speed of light in diamond = (Speed of light in vacuum) / (Refractive index of diamond) = (3 × 10⁸ m/s) / 2.42 ≈ 1.24 × 10⁸ m/s.<br><b>(ii)</b> A higher refractive index means the medium is optically denser, causing more bending and a smaller angle of refraction. The increasing order of refractive indices is water (1.33) < glass (1.5) < carbon disulphide (1.62). Therefore, the increasing order of the angle of refraction is: <b>carbon disulphide < glass < water</b>.<br><b>(iii) (A)</b><br>(a) <b>Glass is optically denser</b> because the speed of light is lower in glass compared to water.<br>(b) The ray will pass <b>undeviated</b> into the glass. This is because when a light ray is incident normally (angle of incidence = 0°), the angle of refraction is also 0°, regardless of the change in medium.<br><b>OR</b><br><b>(iii) (B)</b><br><b>(i) Speed of light in vacuum (c):</b> n_glass = c / v_glass => c = n_glass × v_glass = (3/2) × (2 × 10⁸ m/s) = <b>3 × 10⁸ m/s</b>.<br><b>(ii) Speed of light in water (v_water):</b> n_water = c / v_water => v_water = c / n_water = (3 × 10⁸ m/s) / (4/3) = <b>2.25 × 10⁸ m/s</b>.</p>"
                    },
                    "question_type": "Case-based Subjective",
                    "difficulty_level": "hard",
                    "explanation_html": null
                  }
                ]
              }
            ]
          }
        ]
      }
    ]
  }
]