[
  {
    "exam_name_actual": "CBSE Board - Class 10",
    "main_exam_id_name_ref": "CBSE Board - Class 10",
    "years": [
      {
        "year": "2023",
        "papers_or_subjects": [
          {
            "paper_name": "CBSE Class 10 Science Paper 2023 (QP Code: 31/2/1)",
            "subject_name": "Science",
            "chapters": [
              {
                "chapter_name": "Chemical Reactions and Equations",
                "questions": [
                  {
                    "question_no": 1,
                    "question_html": "<p>Which of the following is an example of endothermic process ?</p>",
                    "options": [
                      {
                        "id": "a",
                        "text": "Formation of slaked lime"
                      },
                      {
                        "id": "b",
                        "text": "Decomposition of vegetable matter into compost"
                      },
                      {
                        "id": "c",
                        "text": "Dissolution of ammonium chloride in water"
                      },
                      {
                        "id": "d",
                        "text": "Digestion of food in our body"
                      }
                    ],
                    "correct_answer": {
                      "ids": [
                        "c"
                      ]
                    },
                    "question_type": "mcq_single",
                    "difficulty_level": "easy",
                    "explanation_html": "<p>An endothermic process is a chemical reaction that absorbs heat from its surroundings. When ammonium chloride is dissolved in water, it absorbs heat, causing the temperature of the solution to drop. Therefore, it is an endothermic process. The other options are examples of exothermic processes, which release heat.</p>"
                  }
                ]
              },
              {
                "chapter_name": "Acids, Bases and Salts",
                "questions": [
                  {
                    "question_no": 2,
                    "question_html": "<p>In the given experimental set-up, if the experiment is carried out separately with each of the following solutions the cases in which the bulb will glow is/are :<br>(i) Dilute hydrochloric acid<br>(ii) Dilute sulphuric acid<br>(iii) Glucose solution<br>(iv) Alcohol</p>",
                    "images": [
                      {
                        "url": "https://img.testbuddyai.com/Science-31-2-23-Q2.png"
                      }
                    ],
                    "options": [
                      {
                        "id": "a",
                        "text": "(i) only"
                      },
                      {
                        "id": "b",
                        "text": "(ii) only"
                      },
                      {
                        "id": "c",
                        "text": "(i) and (ii)"
                      },
                      {
                        "id": "d",
                        "text": "(ii), (iii) and (iv)"
                      }
                    ],
                    "correct_answer": {
                      "ids": [
                        "c"
                      ]
                    },
                    "question_type": "mcq_single",
                    "difficulty_level": "medium",
                    "explanation_html": "<p>For the bulb to glow, the solution must conduct electricity. Electrical conductivity in solutions is due to the presence of mobile ions. <br />(i) Dilute hydrochloric acid (HCl) is a strong acid and dissociates into H<sup>+</sup> and Cl<sup>-</sup> ions.<br />(ii) Dilute sulphuric acid (H<sub>2</sub>SO<sub>4</sub>) is a strong acid and dissociates into H<sup>+</sup> and SO<sub>4</sub><sup>2-</sup> ions.<br />(iii) Glucose and (iv) Alcohol are covalent compounds and do not dissociate into ions in water. <br />Therefore, only the acid solutions will conduct electricity and make the bulb glow.</p>"
                  }
                ]
              },
              {
                "chapter_name": "Chemical Reactions and Equations",
                "questions": [
                  {
                    "question_no": 3,
                    "question_html": "<p>In order to balance the following chemical equation, the values of the coefficients x and y respectively are :</p><p>x Pb(NO<sub>3</sub>)<sub>2</sub> &rarr; 2 PbO + y NO<sub>2</sub> + O<sub>2</sub></p>",
                    "options": [
                      {
                        "id": "a",
                        "text": "2, 4"
                      },
                      {
                        "id": "b",
                        "text": "2, 2"
                      },
                      {
                        "id": "c",
                        "text": "2, 3"
                      },
                      {
                        "id": "d",
                        "text": "4, 2"
                      }
                    ],
                    "correct_answer": {
                      "ids": [
                        "a"
                      ]
                    },
                    "question_type": "mcq_single",
                    "difficulty_level": "medium",
                    "explanation_html": "<p>To balance the chemical equation: x Pb(NO<sub>3</sub>)<sub>2</sub> &rarr; 2 PbO + y NO<sub>2</sub> + O<sub>2</sub></p><ol><li><b>Balance Pb atoms:</b> There are 2 Pb atoms on the product side (in 2 PbO). So, x must be 2.</li><li><b>Equation becomes:</b> 2 Pb(NO<sub>3</sub>)<sub>2</sub> &rarr; 2 PbO + y NO<sub>2</sub> + O<sub>2</sub></li><li><b>Balance N atoms:</b> On the reactant side, there are 2 &times; 2 = 4 N atoms. So, y must be 4.</li><li><b>Equation becomes:</b> 2 Pb(NO<sub>3</sub>)<sub>2</sub> &rarr; 2 PbO + 4 NO<sub>2</sub> + O<sub>2</sub></li><li><b>Check O atoms:</b> Reactant side has 2 &times; 3 &times; 2 = 12 O atoms. Product side has (2 &times; 1) + (4 &times; 2) + 2 = 2 + 8 + 2 = 12 O atoms.</li></ol><p>The equation is balanced. Thus, x = 2 and y = 4.</p>"
                  }
                ]
              },
              {
                "chapter_name": "Acids, Bases and Salts",
                "questions": [
                  {
                    "question_no": 4,
                    "question_html": "<p>When zinc reacts with sodium hydroxide, the product formed is :</p>",
                    "options": [
                      {
                        "id": "a",
                        "text": "Sodium oxide"
                      },
                      {
                        "id": "b",
                        "text": "Sodium zincate"
                      },
                      {
                        "id": "c",
                        "text": "Zinc hydroxide"
                      },
                      {
                        "id": "d",
                        "text": "Zinc oxide"
                      }
                    ],
                    "correct_answer": {
                      "ids": [
                        "b"
                      ]
                    },
                    "question_type": "mcq_single",
                    "difficulty_level": "easy",
                    "explanation_html": "<p>Zinc is an amphoteric metal, which means it can react with both acids and strong bases. When zinc reacts with sodium hydroxide (a strong base), it forms sodium zincate and hydrogen gas. The balanced chemical equation is:<br>Zn(s) + 2NaOH(aq) &rarr; Na<sub>2</sub>ZnO<sub>2</sub>(aq) + H<sub>2</sub>(g)</p>"
                  }
                ]
              },
              {
                "chapter_name": "Metals and Non-metals",
                "questions": [
                  {
                    "question_no": 5,
                    "question_html": "<p>Among the following, the metal with lowest density is :</p>",
                    "options": [
                      {
                        "id": "a",
                        "text": "Lithium"
                      },
                      {
                        "id": "b",
                        "text": "Lead"
                      },
                      {
                        "id": "c",
                        "text": "Magnesium"
                      },
                      {
                        "id": "d",
                        "text": "Aluminium"
                      }
                    ],
                    "correct_answer": {
                      "ids": [
                        "a"
                      ]
                    },
                    "question_type": "mcq_single",
                    "difficulty_level": "easy",
                    "explanation_html": "<p>Density is mass per unit volume. Comparing the given metals:</p><ul><li>Lithium (Li): 0.534 g/cm&sup3;</li><li>Lead (Pb): 11.34 g/cm&sup3;</li><li>Magnesium (Mg): 1.738 g/cm&sup3;</li><li>Aluminium (Al): 2.70 g/cm&sup3;</li></ul><p>Lithium has the lowest density among the given options. It is the least dense of all solid elements.</p>"
                  }
                ]
              },
              {
                "chapter_name": "Metals and Non-metals",
                "questions": [
                  {
                    "question_no": 6,
                    "question_html": "<p>The number of electrons in the outermost shell of the atom of a non-metal can be :</p>",
                    "options": [
                      {
                        "id": "a",
                        "text": "1, 2 or 3"
                      },
                      {
                        "id": "b",
                        "text": "3, 4 or 5"
                      },
                      {
                        "id": "c",
                        "text": "5, 6 or 7"
                      },
                      {
                        "id": "d",
                        "text": "5, 6 or 8"
                      }
                    ],
                    "correct_answer": {
                      "ids": [
                        "c"
                      ]
                    },
                    "question_type": "mcq_single",
                    "difficulty_level": "easy",
                    "explanation_html": "<p>Non-metals are elements that tend to gain or share electrons to achieve a stable electron configuration (a full outermost shell). They typically have 4, 5, 6, or 7 electrons in their valence shell. Out of the given options, '5, 6 or 7' is the most accurate range for reactive non-metals. Elements with 1, 2, or 3 valence electrons are typically metals, and those with 8 are noble gases (which are stable and generally unreactive).</p>"
                  }
                ]
              },
              {
                "chapter_name": "Carbon and its Compounds",
                "questions": [
                  {
                    "question_no": 7,
                    "question_html": "<p>The total number of electrons shared in the formation of an ethyne molecule is :</p>",
                    "options": [
                      {
                        "id": "a",
                        "text": "6"
                      },
                      {
                        "id": "b",
                        "text": "3"
                      },
                      {
                        "id": "c",
                        "text": "10"
                      },
                      {
                        "id": "d",
                        "text": "4"
                      }
                    ],
                    "correct_answer": {
                      "ids": [
                        "c"
                      ]
                    },
                    "question_type": "mcq_single",
                    "difficulty_level": "medium",
                    "explanation_html": "<p>The molecular formula for ethyne is C<sub>2</sub>H<sub>2</sub>. Its structure is H-C&equiv;C-H.</p><ul><li>There is one triple covalent bond between the two carbon atoms (C&equiv;C). A triple bond involves the sharing of 3 pairs of electrons, which is 3 &times; 2 = 6 electrons.</li><li>There are two single covalent bonds, one between each carbon atom and a hydrogen atom (C-H). A single bond involves the sharing of 1 pair of electrons, which is 1 &times; 2 = 2 electrons. Since there are two C-H bonds, this accounts for 2 &times; 2 = 4 electrons.</li></ul><p>The total number of shared electrons is the sum of electrons in all the bonds: 6 (from C&equiv;C) + 4 (from two C-H) = 10 electrons.</p>"
                  }
                ]
              },
              {
                "chapter_name": "Life Processes",
                "questions": [
                  {
                    "question_no": 8,
                    "question_html": "<p>Sphincter muscles are present at the exit of :</p>",
                    "options": [
                      {
                        "id": "a",
                        "text": "Stomach and small intestine"
                      },
                      {
                        "id": "b",
                        "text": "Stomach and anus"
                      },
                      {
                        "id": "c",
                        "text": "Small intestine and large intestine"
                      },
                      {
                        "id": "d",
                        "text": "Oesophagus and stomach"
                      }
                    ],
                    "correct_answer": {
                      "ids": [
                        "b"
                      ]
                    },
                    "question_type": "mcq_single",
                    "difficulty_level": "easy",
                    "explanation_html": "<p>Sphincter muscles are ring-like muscles that regulate the passage of substances between different parts of the body. In the digestive system:</p><ul><li>The <b>pyloric sphincter</b> is located at the exit of the stomach, controlling the flow of chyme into the small intestine.</li><li>The <b>anal sphincter</b> is located at the exit of the rectum (anus), controlling the elimination of feces.</li></ul><p>Thus, sphincter muscles are present at the exit of the stomach and the anus.</p>"
                  }
                ]
              },
              {
                "chapter_name": "Life Processes",
                "questions": [
                  {
                    "question_no": 9,
                    "question_html": "<p>In the following diagram, identify the cells through which massive amounts of gaseous exchange takes place for photosynthesis :</p>",
                    "images": [
                      {
                        "url": "https://img.testbuddyai.com/Science-31-2-23-Q9.png"
                      }
                    ],
                    "options": [
                      {
                        "id": "a",
                        "text": "I"
                      },
                      {
                        "id": "b",
                        "text": "IV"
                      },
                      {
                        "id": "c",
                        "text": "III"
                      },
                      {
                        "id": "d",
                        "text": "II"
                      }
                    ],
                    "correct_answer": {
                      "ids": [
                        "b"
                      ]
                    },
                    "question_type": "mcq_single",
                    "difficulty_level": "easy",
                    "explanation_html": "<p>The diagram shows a cross-section of a plant leaf. The labels represent:</p><ul><li>I: Cuticle / Upper Epidermis</li><li>II: Palisade mesophyll</li><li>III: Spongy mesophyll</li><li>IV: Stomatal pore with guard cells</li></ul><p>Massive amounts of gaseous exchange (intake of CO<sub>2</sub> and release of O<sub>2</sub>) for photosynthesis occur through the small pores called stomata, which are regulated by guard cells. Therefore, IV indicates the site of this exchange.</p>"
                  }
                ]
              },
              {
                "chapter_name": "Life Processes",
                "questions": [
                  {
                    "question_no": 10,
                    "question_html": "<p>During vigorous exercise, the occurrence of cramps in the outer muscles of an athlete is due to the conversion of pyruvate to :</p>",
                    "options": [
                      {
                        "id": "a",
                        "text": "Glucose"
                      },
                      {
                        "id": "b",
                        "text": "Ethanol"
                      },
                      {
                        "id": "c",
                        "text": "Lactic acid"
                      },
                      {
                        "id": "d",
                        "text": "Lactose"
                      }
                    ],
                    "correct_answer": {
                      "ids": [
                        "c"
                      ]
                    },
                    "question_type": "mcq_single",
                    "difficulty_level": "easy",
                    "explanation_html": "<p>The breakdown of glucose produces pyruvate in the cytoplasm. Under normal conditions (aerobic respiration), pyruvate enters the mitochondria for further breakdown. However, during vigorous exercise, the oxygen supply to muscle cells is insufficient to meet the energy demand. The cells then switch to anaerobic respiration. In this process, pyruvate is converted into lactic acid. The accumulation of lactic acid in the muscle cells leads to fatigue and cramps.</p>"
                  }
                ]
              },
              {
                "chapter_name": "How do Organisms Reproduce?",
                "questions": [
                  {
                    "question_no": 11,
                    "question_html": "<p>Plants which bear unisexual flowers are :</p>",
                    "options": [
                      {
                        "id": "a",
                        "text": "Mustard and Papaya"
                      },
                      {
                        "id": "b",
                        "text": "Hibiscus and Watermelon"
                      },
                      {
                        "id": "c",
                        "text": "Mustard and Hibiscus"
                      },
                      {
                        "id": "d",
                        "text": "Watermelon and Papaya"
                      }
                    ],
                    "correct_answer": {
                      "ids": [
                        "d"
                      ]
                    },
                    "question_type": "mcq_single",
                    "difficulty_level": "easy",
                    "explanation_html": "<p>Unisexual flowers are flowers that contain either male reproductive parts (stamens) or female reproductive parts (pistil/carpel), but not both. </p><ul><li><b>Papaya</b> and <b>Watermelon</b> are well-known examples of plants that bear unisexual flowers.</li><li><b>Mustard</b> and <b>Hibiscus</b> bear bisexual flowers, which contain both stamens and a pistil.</li></ul><p>Therefore, the correct pair of plants with unisexual flowers is Watermelon and Papaya.</p>"
                  }
                ]
              },
              {
                "chapter_name": "Heredity",
                "questions": [
                  {
                    "question_no": 12,
                    "question_html": "<p>When an 'X' bearing sperm fertilises the egg, the resulting zygote has the following combination of chromosomes :</p>",
                    "options": [
                      {
                        "id": "a",
                        "text": "44 + XX"
                      },
                      {
                        "id": "b",
                        "text": "44 + XY"
                      },
                      {
                        "id": "c",
                        "text": "22 + XX"
                      },
                      {
                        "id": "d",
                        "text": "22 + XY"
                      }
                    ],
                    "correct_answer": {
                      "ids": [
                        "a"
                      ]
                    },
                    "question_type": "mcq_single",
                    "difficulty_level": "easy",
                    "explanation_html": "<p>In humans, somatic (body) cells contain 46 chromosomes: 44 autosomes and 2 sex chromosomes. Gametes (sperm and egg) are haploid, containing half this number.</p><ul><li>An egg cell always contains 22 autosomes and one X chromosome (22+X).</li><li>A sperm cell contains 22 autosomes and either an X or a Y chromosome (22+X or 22+Y).</li></ul><p>When an 'X' bearing sperm (22+X) fertilizes an egg (22+X), the resulting zygote is diploid. The chromosome combination will be (22+22) autosomes + (X+X) sex chromosomes, which is 44 + XX. This results in the development of a female.</p>"
                  }
                ]
              },
              {
                "chapter_name": "Light - Reflection and Refraction",
                "questions": [
                  {
                    "question_no": 13,
                    "question_html": "<p>An object is placed in front of a convex mirror at infinity. According to the New Cartesian Sign Convention, the sign of the focal length and the sign of the image distance in this case are respectively :</p>",
                    "options": [
                      {
                        "id": "a",
                        "text": "+, -"
                      },
                      {
                        "id": "b",
                        "text": "-, +"
                      },
                      {
                        "id": "c",
                        "text": "-, -"
                      },
                      {
                        "id": "d",
                        "text": "+, +"
                      }
                    ],
                    "correct_answer": {
                      "ids": [
                        "d"
                      ]
                    },
                    "question_type": "mcq_single",
                    "difficulty_level": "medium",
                    "explanation_html": "<p>According to the New Cartesian Sign Convention for spherical mirrors:</p><ul><li>All distances are measured from the pole of the mirror.</li><li>Distances measured in the same direction as the incident light are taken as positive.</li><li>The focal length (f) of a convex mirror is considered positive because its principal focus is located behind the mirror.</li><li>When an object is at infinity, a convex mirror forms a highly diminished, virtual, and erect image at the principal focus (F) behind the mirror.</li><li>Since the image is formed behind the mirror (in the direction of positive x-axis), the image distance (v) is also positive.</li></ul><p>Therefore, both the focal length and the image distance are positive (+, +).</p>"
                  }
                ]
              },
              {
                "chapter_name": "Electricity",
                "questions": [
                  {
                    "question_no": 14,
                    "question_html": "<p>For verifying Ohm's law, we design an electric circuit diagram in which we show the arrangement of different circuit components. We find that with respect to the resistor, the :</p>",
                    "options": [
                      {
                        "id": "a",
                        "text": "ammeter is connected in parallel and the voltmeter in series."
                      },
                      {
                        "id": "b",
                        "text": "ammeter is connected in series and the voltmeter in parallel."
                      },
                      {
                        "id": "c",
                        "text": "ammeter and voltmeter are both connected in series."
                      },
                      {
                        "id": "d",
                        "text": "ammeter and voltmeter are both connected in parallel."
                      }
                    ],
                    "correct_answer": {
                      "ids": [
                        "b"
                      ]
                    },
                    "question_type": "mcq_single",
                    "difficulty_level": "easy",
                    "explanation_html": "<p>To verify Ohm's law (V = IR) for a resistor, we need to measure the current (I) flowing through it and the potential difference (V) across it.</p><ul><li>An <b>ammeter</b> measures current and must be connected in <b>series</b> with the component (resistor) so that the total circuit current flows through it. Ammeters have very low resistance.</li><li>A <b>voltmeter</b> measures potential difference (voltage) and must be connected in <b>parallel</b> across the component (resistor). Voltmeters have very high resistance.</li></ul><p>Therefore, the ammeter is connected in series and the voltmeter in parallel.</p>"
                  }
                ]
              },
              {
                "chapter_name": "Electricity",
                "questions": [
                  {
                    "question_no": 15,
                    "question_html": "<p>In a resistive circuit if the current is increased to two times, the percentage change in the amount of heat dissipated in the circuit would be:</p>",
                    "options": [
                      {
                        "id": "a",
                        "text": "400%"
                      },
                      {
                        "id": "b",
                        "text": "300%"
                      },
                      {
                        "id": "c",
                        "text": "200%"
                      },
                      {
                        "id": "d",
                        "text": "100%"
                      }
                    ],
                    "correct_answer": {
                      "ids": [
                        "b"
                      ]
                    },
                    "question_type": "mcq_single",
                    "difficulty_level": "medium",
                    "explanation_html": "<p>According to Joule's law of heating, the heat dissipated (H) in a resistor is proportional to the square of the current (I), the resistance (R), and the time (t) for which the current flows. The formula is H = I<sup>2</sup>Rt.</p><ul><li>Let the initial heat be H<sub>1</sub> = I<sup>2</sup>Rt.</li><li>The new current is I<sub>2</sub> = 2I.</li><li>The new heat dissipated is H<sub>2</sub> = (2I)<sup>2</sup>Rt = 4I<sup>2</sup>Rt = 4H<sub>1</sub>.</li><li>The change in heat is &Delta;H = H<sub>2</sub> - H<sub>1</sub> = 4H<sub>1</sub> - H<sub>1</sub> = 3H<sub>1</sub>.</li><li>The percentage change is calculated as (&Delta;H / H<sub>1</sub>) &times; 100%.</li><li>Percentage change = (3H<sub>1</sub> / H<sub>1</sub>) &times; 100% = 3 &times; 100% = 300%.</li></ul>"
                  }
                ]
              },
              {
                "chapter_name": "Magnetic Effects of Electric Current",
                "questions": [
                  {
                    "question_no": 16,
                    "question_html": "<p>A positron enters a uniform magnetic field at right angles to it as shown. The direction of force experienced by the positron will be :</p>",
                    "images": [
                      {
                        "url": "https://img.testbuddyai.com/Science-31-2-23-Q16.png"
                      }
                    ],
                    "options": [
                      {
                        "id": "a",
                        "text": "to the right"
                      },
                      {
                        "id": "b",
                        "text": "to the left"
                      },
                      {
                        "id": "c",
                        "text": "into the page"
                      },
                      {
                        "id": "d",
                        "text": "out of the page"
                      }
                    ],
                    "correct_answer": {
                      "ids": [
                        "c"
                      ]
                    },
                    "question_type": "mcq_single",
                    "difficulty_level": "medium",
                    "explanation_html": "<p>The direction of the magnetic force on a moving charge can be determined using Fleming's Left-Hand Rule. A positron is a positively charged particle, so the direction of conventional current is the same as the direction of its motion.</p><ul><li><b>Forefinger (Direction of Magnetic Field):</b> Point it to the right.</li><li><b>Middle finger (Direction of Current/Positron's velocity):</b> Point it upwards.</li><li><b>Thumb (Direction of Force):</b> The thumb will point <b>into the page</b>.</li></ul><p>Therefore, the force experienced by the positron will be directed into the page.</p>"
                  }
                ]
              },
              {
                "chapter_name": "Metals and Non-metals",
                "questions": [
                  {
                    "question_no": 17,
                    "question_html": "<p><b>Assertion (A)</b> : Sodium oxide is an amphoteric oxide.</p><p><b>Reason (R)</b> : Metal oxides which react with both acids as well as bases are known as amphoteric oxides.</p>",
                    "options": [
                      {
                        "id": "a",
                        "text": "Both Assertion (A) and Reason (R) are true and Reason (R) is the correct explanation of Assertion (A)."
                      },
                      {
                        "id": "b",
                        "text": "Both Assertion (A) and Reason (R) are true, but Reason (R) is not the correct explanation of Assertion (A)."
                      },
                      {
                        "id": "c",
                        "text": "Assertion (A) is true, but Reason (R) is false."
                      },
                      {
                        "id": "d",
                        "text": "Assertion (A) is false, but Reason (R) is true."
                      }
                    ],
                    "correct_answer": {
                      "ids": [
                        "d"
                      ]
                    },
                    "question_type": "mcq_single",
                    "difficulty_level": "medium",
                    "explanation_html": "<p><b>Reason (R)</b> provides the correct definition of an amphoteric oxide. So, Reason (R) is true.</p><p><b>Assertion (A)</b> states that sodium oxide is an amphoteric oxide. Sodium oxide (Na<sub>2</sub>O) is a metal oxide. Most metal oxides are basic in nature. Na<sub>2</sub>O reacts with acids (e.g., Na<sub>2</sub>O + 2HCl &rarr; 2NaCl + H<sub>2</sub>O) but does not react with bases. Therefore, it is a basic oxide, not an amphoteric oxide. So, Assertion (A) is false.</p><p>Since Assertion (A) is false and Reason (R) is true, the correct option is (d).</p>"
                  }
                ]
              },
              {
                "chapter_name": "How do Organisms Reproduce?",
                "questions": [
                  {
                    "question_no": 18,
                    "question_html": "<p><b>Assertion (A)</b> : When a bacterium divides into two, and the resultant two bacteria divide again, the four bacteria produced would be almost similar.</p><p><b>Reason (R)</b> : DNA copying involves small inaccuracies in the reproduction process.</p>",
                    "options": [
                      {
                        "id": "a",
                        "text": "Both Assertion (A) and Reason (R) are true and Reason (R) is the correct explanation of Assertion (A)."
                      },
                      {
                        "id": "b",
                        "text": "Both Assertion (A) and Reason (R) are true, but Reason (R) is not the correct explanation of Assertion (A)."
                      },
                      {
                        "id": "c",
                        "text": "Assertion (A) is true, but Reason (R) is false."
                      },
                      {
                        "id": "d",
                        "text": "Assertion (A) is false, but Reason (R) is true."
                      }
                    ],
                    "correct_answer": {
                      "ids": [
                        "a"
                      ]
                    },
                    "question_type": "mcq_single",
                    "difficulty_level": "medium",
                    "explanation_html": "<p><b>Assertion (A)</b> is true. Bacteria reproduce asexually by binary fission, where one cell divides into two. This process produces offspring that are genetically very similar to the parent and to each other.</p><p><b>Reason (R)</b> is also true. The process of DNA replication is highly accurate, but not perfect. Small, random errors (mutations) can occur, leading to slight variations in the genetic material. </p><p>The reason correctly explains why the bacteria are 'almost similar' rather than 'exactly identical'. The small inaccuracies in DNA copying are the source of this slight variation. Therefore, both Assertion (A) and Reason (R) are true, and Reason (R) is the correct explanation of Assertion (A).</p>"
                  }
                ]
              },
              {
                "chapter_name": "The Human Eye and the Colourful World",
                "questions": [
                  {
                    "question_no": 19,
                    "question_html": "<p><b>Assertion (A)</b> : A person suffering from myopia cannot see the distant objects clearly.</p><p><b>Reason (R)</b> : A converging lens is used for the correction of myopic eye as it can form real as well as virtual images of the objects placed in front of it.</p>",
                    "options": [
                      {
                        "id": "a",
                        "text": "Both Assertion (A) and Reason (R) are true and Reason (R) is the correct explanation of Assertion (A)."
                      },
                      {
                        "id": "b",
                        "text": "Both Assertion (A) and Reason (R) are true, but Reason (R) is not the correct explanation of Assertion (A)."
                      },
                      {
                        "id": "c",
                        "text": "Assertion (A) is true, but Reason (R) is false."
                      },
                      {
                        "id": "d",
                        "text": "Assertion (A) is false, but Reason (R) is true."
                      }
                    ],
                    "correct_answer": {
                      "ids": [
                        "c"
                      ]
                    },
                    "question_type": "mcq_single",
                    "difficulty_level": "medium",
                    "explanation_html": "<p><b>Assertion (A)</b> is true. Myopia, also known as near-sightedness, is a common vision defect where distant objects appear blurry because the eye focuses images in front of the retina instead of on the retina.</p><p><b>Reason (R)</b> is false. Myopia is corrected using a <b>diverging lens</b> (a concave lens), not a converging lens (a convex lens). A concave lens spreads out the light rays before they reach the eye's lens, allowing the image to be focused correctly on the retina. A converging lens would worsen the condition.</p><p>Since Assertion (A) is true but Reason (R) is false, the correct option is (c).</p>"
                  }
                ]
              },
              {
                "chapter_name": "Magnetic Effects of Electric Current",
                "questions": [
                  {
                    "question_no": 20,
                    "question_html": "<p><b>Assertion (A)</b> : Magnetic field lines do not intersect each other.</p><p><b>Reason (R)</b> : Magnetic field lines are imaginary lines, the tangent to which at any point gives the direction of the field at that point.</p>",
                    "options": [
                      {
                        "id": "a",
                        "text": "Both Assertion (A) and Reason (R) are true and Reason (R) is the correct explanation of Assertion (A)."
                      },
                      {
                        "id": "b",
                        "text": "Both Assertion (A) and Reason (R) are true, but Reason (R) is not the correct explanation of Assertion (A)."
                      },
                      {
                        "id": "c",
                        "text": "Assertion (A) is true, but Reason (R) is false."
                      },
                      {
                        "id": "d",
                        "text": "Assertion (A) is false, but Reason (R) is true."
                      }
                    ],
                    "correct_answer": {
                      "ids": [
                        "b"
                      ]
                    },
                    "question_type": "mcq_single",
                    "difficulty_level": "medium",
                    "explanation_html": "<p><b>Assertion (A)</b> is true. This is a fundamental property of magnetic field lines.</p><p><b>Reason (R)</b> is also true. This is the definition of how magnetic field lines represent the direction of the magnetic field.</p><p>However, the Reason (R) is not the correct explanation for the Assertion (A). The correct explanation is that if two magnetic field lines were to intersect, it would imply that there are two different directions for the magnetic field at the point of intersection. This is physically impossible, as a compass needle placed at that point can only point in one unique direction. Thus, both statements are true, but the reason does not correctly explain the assertion.</p>"
                  }
                ]
              },
              {
                "chapter_name": "Chemical Reactions and Equations",
                "questions": [
                  {
                    "question_no": 21,
                    "question_html": "<p>(a) What is observed when aqueous solutions of potassium iodide and lead nitrate are mixed together ? Name the type of reaction and write the chemical equation for the reaction that occurs.</p><p><b>OR</b></p><p>(b) When copper powder is heated in a watch glass, a black substance is formed.</p><p>(i) Why is this black substance formed ? Name it.</p><p>(ii) How can this black substance be reversed to its original form?</p>",
                    "options": [],
                    "correct_answer": {
                      "text": "<p><b>(a)</b></p><ul><li>A yellow precipitate of lead iodide is formed.</li><li>The reaction is a double displacement reaction or a precipitation reaction.</li><li>The chemical equation is: Pb(NO<sub>3</sub>)<sub>2</sub>(aq) + 2KI(aq) &rarr; PbI<sub>2</sub>(s) + 2KNO<sub>3</sub>(aq)</li></ul><p><b>OR</b></p><p><b>(b)</b></p><ul><li><b>(i)</b> The black substance is formed because oxygen from the air is added to copper, causing it to be oxidized. The substance is copper(II) oxide (CuO). The reaction is: 2Cu + O<sub>2</sub> &rarr; 2CuO.</li><li><b>(ii)</b> This black substance can be reversed to its original form (copper) by passing hydrogen gas over the heated copper oxide. The reaction is: CuO + H<sub>2</sub> &rarr; Cu + H<sub>2</sub>O.</li></ul>"
                    },
                    "question_type": "Very Short Answer (2 marks)",
                    "difficulty_level": "medium",
                    "explanation_html": null
                  }
                ]
              },
              {
                "chapter_name": "Life Processes",
                "questions": [
                  {
                    "question_no": 22,
                    "question_html": "<p>(a) Why is it important to prevent oxygenated and deoxygenated blood from mixing in birds and mammals ?</p><p>(b) Which animals can tolerate some mixing of the oxygenated and deoxygenated blood streams ? On what factor does the body temperature of these animals depend ?</p>",
                    "options": [],
                    "correct_answer": {
                      "text": "<p><b>(a)</b> Birds and mammals are warm-blooded animals and have high energy needs to maintain a constant body temperature. The separation of oxygenated and deoxygenated blood ensures a highly efficient supply of oxygen to the body's cells. This efficient oxygen supply supports their high metabolic rate and energy production, which is necessary to maintain their body temperature irrespective of the surrounding environment.</p><p><b>(b)</b></p><ul><li>Amphibians and reptiles can tolerate some mixing of oxygenated and deoxygenated blood streams because they have a three-chambered heart (except for crocodiles).</li><li>The body temperature of these animals depends on the temperature of the environment. They are cold-blooded animals (poikilotherms) and cannot regulate their internal body temperature.</li></ul>"
                    },
                    "question_type": "Very Short Answer (2 marks)",
                    "difficulty_level": "medium",
                    "explanation_html": null
                  }
                ]
              },
              {
                "chapter_name": "Heredity",
                "questions": [
                  {
                    "question_no": 23,
                    "question_html": "<p>Mendel crossed a pure tall pea plant (TT) with a pure short pea plant (tt) and obtained all tall plants in F₁ generation.</p><p>(a) What is the gene combination present in the plants of F₁ generation ?</p><p>(b) Give reason why only tall plants are observed in F₁ progeny.</p><p>(c) What will be the ratio of the plants obtained in the F₂ generation when F₁ plants are self-pollinated ?</p>",
                    "options": [],
                    "correct_answer": {
                      "text": "<p><b>(a)</b> The gene combination present in the plants of the F₁ generation is Tt.</p><p><b>(b)</b> Only tall plants are observed in the F₁ progeny because the trait for tallness (T) is dominant over the trait for shortness (t). According to the Law of Dominance, when two different alleles are present, only the dominant allele is expressed in the phenotype.</p><p><b>(c)</b> When F₁ plants (Tt) are self-pollinated, the phenotypic ratio of the plants obtained in the F₂ generation will be 3 Tall : 1 short.</p>"
                    },
                    "question_type": "Very Short Answer (2 marks)",
                    "difficulty_level": "easy",
                    "explanation_html": null
                  }
                ]
              },
              {
                "chapter_name": "The Human Eye and the Colourful World",
                "questions": [
                  {
                    "question_no": 24,
                    "question_html": "<p>(a) When and where does a rainbow appear in the sky ? Draw a labelled ray diagram to show its formation.</p><p><b>OR</b></p><p>(b) What is scattering of light ? Why does the clear sky appear blue ?</p>",
                    "options": [],
                    "correct_answer": {
                      "text": "<p><b>(a)</b> A rainbow appears in the sky after a rain shower when the sun is shining. It is always formed in the direction opposite to that of the Sun.</p><p><b>Ray Diagram:</b> A ray of sunlight enters a spherical raindrop. It undergoes refraction and dispersion upon entry. Then, it undergoes total internal reflection at the back surface of the drop. Finally, it undergoes refraction and dispersion again as it exits the drop. The diagram should show the incoming white light ray, the raindrop, the path of light inside, and the dispersed colors (violet at the bottom, red at the top) exiting the drop.</p><p><b>OR</b></p><p><b>(b) Scattering of light</b> is the phenomenon in which light rays are redirected in different directions upon striking an obstacle such as a dust particle, gas molecule, or water vapor. It is the change in the direction of propagation of light caused by large-sized molecules or colloidal particles.</p><p>A clear sky appears blue because when sunlight passes through the atmosphere, the fine particles in the air (like nitrogen and oxygen molecules) scatter the blue light (which has a shorter wavelength) more strongly than the red light (which has a longer wavelength). This scattered blue light enters our eyes, making the sky appear blue.</p>"
                    },
                    "question_type": "Very Short Answer (2 marks)",
                    "difficulty_level": "medium",
                    "explanation_html": null
                  }
                ]
              },
              {
                "chapter_name": "Electricity",
                "questions": [
                  {
                    "question_no": 25,
                    "question_html": "<p>V - I graph for two conducting wires A and B are as shown. If both wires are of the same length and same diameter, which of the two is made of a material of high resistivity ? Give reasons to justify your answer.</p>",
                    "images": [
                      {
                        "url": "https://img.testbuddyai.com/Science-31-2-23-Q25.png"
                      }
                    ],
                    "options": [],
                    "correct_answer": {
                      "text": "<p><b>Wire B</b> is made of a material of high resistivity.</p><p><b>Reason:</b> According to Ohm's law, Resistance (R) = V/I, which is the slope of the V-I graph. From the graph, the slope of wire B is greater than the slope of wire A. Since resistance is directly proportional to resistivity (&rho;) for wires of the same length and diameter (R = &rho;L/A), a greater resistance implies a higher resistivity. Therefore, wire B has a higher resistivity.</p>"
                    },
                    "question_type": "Very Short Answer (2 marks)",
                    "difficulty_level": "medium",
                    "explanation_html": null
                  }
                ]
              },
              {
                "chapter_name": "Our Environment",
                "questions": [
                  {
                    "question_no": 26,
                    "question_html": "<p>We do not clean ponds or lakes but an aquarium needs to be cleaned regularly. Why?</p>",
                    "options": [],
                    "correct_answer": {
                      "text": "<p>Ponds and lakes are natural, self-sustaining ecosystems. They contain a variety of organisms, including producers (plants), consumers (animals), and decomposers (bacteria, fungi). The decomposers break down waste products and dead organisms, recycling nutrients back into the ecosystem and naturally cleaning the water.</p><p>An aquarium, on the other hand, is an artificial and incomplete ecosystem. It typically lacks a sufficient number of decomposers to break down the waste products (like ammonia) produced by fish. This waste accumulates and can become toxic, so the aquarium needs to be cleaned regularly to remove these harmful substances.</p>"
                    },
                    "question_type": "Very Short Answer (2 marks)",
                    "difficulty_level": "easy",
                    "explanation_html": null
                  }
                ]
              },
              {
                "chapter_name": "Chemical Reactions and Equations",
                "questions": [
                  {
                    "question_no": 27,
                    "question_html": "<p>Silver chloride kept in a china dish turns grey in sunlight.</p><p>(a) Write the colour of silver chloride when it was kept in the china dish.</p><p>(b) Name the type of chemical reaction taking place and write the chemical equation for the reaction.</p><p>(c) State one use of the reaction. Name one more chemical which can be used for the same purpose.</p>",
                    "options": [],
                    "correct_answer": {
                      "text": "<p><b>(a)</b> The colour of silver chloride is white.</p><p><b>(b)</b></p><ul><li><b>Type of reaction:</b> Photolytic decomposition reaction (or photochemical decomposition).</li><li><b>Chemical equation:</b> 2AgCl(s) &mdash;<sup>Sunlight</sup>&rarr; 2Ag(s) + Cl<sub>2</sub>(g)</li></ul><p><b>(c)</b></p><ul><li><b>Use:</b> This reaction is used in black and white photography.</li><li><b>Another chemical:</b> Silver bromide (AgBr) can also be used for the same purpose.</li></ul>"
                    },
                    "question_type": "Short Answer (3 marks)",
                    "difficulty_level": "easy",
                    "explanation_html": null
                  }
                ]
              },
              {
                "chapter_name": "Metals and Non-metals",
                "questions": [
                  {
                    "question_no": 28,
                    "question_html": "<p>With the help of suitable chemical equations, list the two main differences between roasting and calcination. How is metal reduced from the product obtained after roasting/calcination of the ore ? Write the chemical equation for the reaction involved.</p>",
                    "options": [],
                    "correct_answer": {
                      "text": "<p><b>Differences between Roasting and Calcination:</b></p><ol><li><b>Roasting:</b> It is carried out for sulphide ores and involves heating the ore in the presence of excess air.<br/><i>Equation:</i> 2ZnS + 3O<sub>2</sub> &rarr; 2ZnO + 2SO<sub>2</sub></li><li><b>Calcination:</b> It is carried out for carbonate ores and involves heating the ore in the absence or limited supply of air.<br/><i>Equation:</i> ZnCO<sub>3</sub> &rarr; ZnO + CO<sub>2</sub></li></ol><p><b>Reduction of Metal Oxide:</b> The metal oxide (e.g., ZnO) obtained after roasting or calcination is reduced to the metal. This is typically done by heating the metal oxide with a reducing agent like carbon (coke).</p><p><b>Chemical Equation for Reduction:</b> ZnO(s) + C(s) &rarr; Zn(s) + CO(g)</p>"
                    },
                    "question_type": "Short Answer (3 marks)",
                    "difficulty_level": "medium",
                    "explanation_html": null
                  }
                ]
              },
              {
                "chapter_name": "Life Processes",
                "questions": [
                  {
                    "question_no": 29,
                    "question_html": "<p>(a) (i) What is the first step in the breakdown of glucose during aerobic and anaerobic respiration ? Where does it take place?</p><p>(a) (ii) ATP is called the energy currency of the cell. Why ?</p><p>(a) (iii) What is meant by &ldquo;residual volume of air&rdquo; in a breathing cycle?</p><p><b>OR</b></p><p>(b) Write in sequence the steps for experimental verification of the fact that &ldquo;sunlight is essential for photosynthesis&rdquo;.</p>",
                    "options": [],
                    "correct_answer": {
                      "text": "<p><b>(a) (i)</b> The first step in the breakdown of glucose during both aerobic and anaerobic respiration is <b>glycolysis</b>. In this process, the 6-carbon glucose molecule is broken down into two molecules of a 3-carbon compound called <b>pyruvic acid (or pyruvate)</b>. This process takes place in the <b>cytoplasm</b> of the cell.</p><p><b>(a) (ii)</b> ATP (Adenosine Triphosphate) is called the energy currency of the cell because it is the molecule that stores and transports chemical energy within cells for metabolism. The energy released during respiration is stored in the high-energy bonds of ATP. When the cell needs energy to perform activities, these bonds are broken, releasing a fixed amount of energy to drive endothermic reactions and other cellular processes.</p><p><b>(a) (iii)</b> The &ldquo;residual volume of air&rdquo; is the volume of air that remains in the lungs even after a maximum forceful exhalation. This volume ensures that there is always some air in the lungs, allowing for continuous gas exchange (absorption of oxygen and release of carbon dioxide) to occur between breaths.</p><p><b>OR</b></p><p><b>(b)</b></p><ol><li><b>Destarching the Plant:</b> Take a potted plant and keep it in a dark room for 24-48 hours to ensure that the leaves are free of starch.</li><li><b>Covering a Part of a Leaf:</b> Cover a part of one of the leaves with a strip of black paper or aluminum foil, which will prevent sunlight from reaching that part.</li><li><b>Exposing to Sunlight:</b> Keep the plant in bright sunlight for several hours (4-6 hours).</li><li><b>Starch Test:</b> Pluck the selected leaf and remove the black paper. Decolorize the leaf by boiling it first in water and then in alcohol to remove chlorophyll.</li><li><b>Adding Iodine:</b> Wash the decolorized leaf with water and place it in a petri dish. Add a few drops of iodine solution over the leaf.</li><li><b>Observation:</b> The part of the leaf that was exposed to sunlight will turn blue-black, indicating the presence of starch. The part that was covered and did not receive sunlight will not show any color change (remains yellowish-brown). This proves that sunlight is essential for photosynthesis (and starch production).</li></ol>"
                    },
                    "question_type": "Short Answer (3 marks)",
                    "difficulty_level": "medium",
                    "explanation_html": null
                  }
                ]
              },
              {
                "chapter_name": "Control and Coordination",
                "questions": [
                  {
                    "question_no": 30,
                    "question_html": "<p>Name the hormone released and the gland which secretes it in human beings during scary situations. How does the body respond to enable it to deal with the situation ?</p>",
                    "options": [],
                    "correct_answer": {
                      "text": "<ul><li><b>Hormone:</b> Adrenaline (or Epinephrine)</li><li><b>Gland:</b> Adrenal gland (specifically, the adrenal medulla)</li></ul><p><b>Body's Response:</b> Adrenaline prepares the body for a 'fight or flight' response. Its effects include:<ul><li><b>Increased Heart Rate:</b> The heart beats faster, resulting in a supply of more oxygen and glucose to the muscles.</li><li><b>Increased Breathing Rate:</b> This provides more oxygen to the blood.</li><li><b>Redirection of Blood Flow:</b> Blood supply to the digestive system and skin is reduced, and it is diverted to the skeletal muscles to prepare them for immediate action.</li></ul>(Any two responses are sufficient)</p>"
                    },
                    "question_type": "Short Answer (3 marks)",
                    "difficulty_level": "easy",
                    "explanation_html": null
                  }
                ]
              },
              {
                "chapter_name": "Light - Reflection and Refraction",
                "questions": [
                  {
                    "question_no": 31,
                    "question_html": "<p>(a) A student has focussed the image of an object of height 3 cm on a white screen using a concave mirror of focal length 12 cm. If the distance of the object from the mirror is 18 cm, find the values of the following :</p><p>(i) Distance of the image from the mirror</p><p>(ii) Height of the image</p><p><b>OR</b></p><p>(b) Define power of a lens. The focal length of a lens is &ndash; 10 cm. Write the nature of the lens and find its power. If an object is placed at a distance of 20 cm from the optical centre of this lens, according to the New Cartesian Sign Convention, what will be the sign of magnification in this case ?</p>",
                    "options": [],
                    "correct_answer": {
                      "text": "<p><b>(a) (i) Distance of the image from the mirror</b></p><p>Given: Object height, h = 3 cm; Focal length (concave mirror), f = -12 cm; Object distance, u = -18 cm. Using the mirror formula: 1/f = 1/v + 1/u &rArr; 1/(-12) = 1/v + 1/(-18) &rArr; 1/v = 1/18 - 1/12 = (2 - 3) / 36 = -1 / 36. So, <b>v = -36 cm</b>. The distance is 36 cm in front of the mirror.</p><p><b>(a) (ii) Height of the image</b></p><p>Using the magnification formula: m = h'/h = -v/u &rArr; h'/3 = -(-36) / (-18) = -2. So, <b>h' = -6 cm</b>. The height is 6 cm, and the image is inverted.</p><p><b>OR</b></p><p><b>(b) Power of a lens:</b> It is defined as the ability of a lens to converge or diverge light rays falling on it. Mathematically, it is the reciprocal of its focal length in metres (P = 1/f(m)).</p><p><b>Nature of the lens:</b> Since the focal length (f = -10 cm) is negative, the lens is a <b>diverging</b> or <b>concave lens</b>.</p><p><b>Power calculation:</b> f = -10 cm = -0.1 m. Power (P) = 1/f(m) = 1/(-0.1) = <b>-10 Dioptres (D)</b>.</p><p><b>Sign of magnification:</b> For a concave lens, the image formed is always virtual, erect, and diminished. Since the image is erect, the sign of the magnification will be <b>positive (+)</b>.</p>"
                    },
                    "question_type": "Short Answer (3 marks)",
                    "difficulty_level": "medium",
                    "explanation_html": null
                  }
                ]
              },
              {
                "chapter_name": "Electricity",
                "questions": [
                  {
                    "question_no": 32,
                    "question_html": "<p>Explain the meaning of overloading of an electrical circuit. List two possible causes due to which overloading may occur in household circuits. Write one preventive measure that should be taken to avoid overloading of domestic circuits.</p>",
                    "options": [],
                    "correct_answer": {
                      "text": "<p><b>Overloading:</b> Overloading of an electrical circuit occurs when an excessive amount of electric current flows through the wires, exceeding the safe limit of the circuit.</p><p><b>Two possible causes of overloading:</b></p><ol><li>Connecting too many high-power appliances to a single socket or circuit.</li><li>An accidental hike in the supply voltage. (Also acceptable: short-circuiting due to contact between live and neutral wires)</li></ol><p><b>One preventive measure:</b></p><ul><li>Use an electrical fuse or a Miniature Circuit Breaker (MCB) in the circuit. A fuse wire will melt and break the circuit if the current exceeds a safe value, thus preventing damage to the appliances and avoiding a fire.</li></ul>"
                    },
                    "question_type": "Short Answer (3 marks)",
                    "difficulty_level": "medium",
                    "explanation_html": null
                  }
                ]
              },
              {
                "chapter_name": "Our Environment",
                "questions": [
                  {
                    "question_no": 33,
                    "question_html": "<p>Explain how some harmful chemicals enter our bodies through the food chain. Why is the concentration of these harmful chemicals found to be maximum in human beings ?</p>",
                    "options": [],
                    "correct_answer": {
                      "text": "<p>Harmful, non-biodegradable chemicals like pesticides and insecticides are used to protect crops. These chemicals are washed down into the soil or into water bodies. From the soil, they are absorbed by plants along with water and minerals, and from water bodies, they are taken up by aquatic plants and animals. When herbivores eat these plants or carnivores eat the herbivores, these chemicals are transferred along the food chain.</p><p>The concentration of these harmful chemicals is found to be maximum in human beings because of a phenomenon called <b>biomagnification</b>. At each trophic level, the concentration of the chemical increases. Since human beings occupy the top level in most food chains, the maximum concentration of these chemicals gets accumulated in our bodies.</p>"
                    },
                    "question_type": "Short Answer (3 marks)",
                    "difficulty_level": "medium",
                    "explanation_html": null
                  }
                ]
              },
              {
                "chapter_name": "Carbon and its Compounds",
                "questions": [
                  {
                    "question_no": 34,
                    "question_html": "<p>(a) An acid 'X' and an alcohol 'Y' react with each other in the presence of an acid catalyst to form a sweet smelling substance 'Z'. Identify 'X', 'Y' and 'Z'. Write the chemical equation for the reaction involved and name it. The substance 'Z' on treatment with sodium hydroxide produces back the alcohol 'Y' and sodium ethanoate. Write the chemical equation for the reaction involved and name it, giving justification for the name.</p><p><b>OR</b></p><p>(b) (i) Name the simplest saturated hydrocarbon. Draw its electron dot structure. Which type of bonds exist in this compound ?</p><p>(b) (ii) Name any two mixtures of the carbon compound used as a fuel in daily life, of which the above mentioned compound is an important component.</p><p>(b) (iii) In which homologous series of carbon compounds can this compound be placed ? Write the general formula of the series.</p><p>(b) (iv) Which type of flame is produced on burning it ?</p>",
                    "options": [],
                    "correct_answer": {
                      "text": "<p><b>(a)</b></p><ul><li><b>Identification:</b> 'X' is Ethanoic Acid (CH<sub>3</sub>COOH), 'Y' is Ethanol (C<sub>2</sub>H<sub>5</sub>OH), 'Z' is Ethyl Ethanoate (CH<sub>3</sub>COOC<sub>2</sub>H<sub>5</sub>).</li><li><b>First Reaction (Esterification):</b> CH<sub>3</sub>COOH + C<sub>2</sub>H<sub>5</sub>OH &mdash;<sup>Acid</sup>&rarr; CH<sub>3</sub>COOC<sub>2</sub>H<sub>5</sub> + H<sub>2</sub>O. This is an Esterification Reaction.</li><li><b>Second Reaction (Saponification):</b> CH<sub>3</sub>COOC<sub>2</sub>H<sub>5</sub> + NaOH &rarr; C<sub>2</sub>H<sub>5</sub>OH + CH<sub>3</sub>COONa. This is a Saponification Reaction, so named because it is used in the preparation of soap.</li></ul><p><b>OR</b></p><p><b>(b) (i)</b> The simplest saturated hydrocarbon is <b>Methane (CH<sub>4</sub>)</b>. Its electron dot structure shows a central carbon sharing one electron pair with each of the four hydrogen atoms. The bonds are <b>single covalent bonds</b>.</p><p><b>(b) (ii)</b> Two mixtures are <b>Biogas</b> and <b>Compressed Natural Gas (CNG)</b>.</p><p><b>(b) (iii)</b> It belongs to the <b>Alkanes</b> homologous series. The general formula is <b>C<sub>n</sub>H<sub>2n+2</sub></b>.</p><p><b>(b) (iv)</b> It produces a <b>clean, blue, non-sooty flame</b> on burning.</p>"
                    },
                    "question_type": "Long Answer (5 marks)",
                    "difficulty_level": "hard",
                    "explanation_html": null
                  }
                ]
              },
              {
                "chapter_name": "Control and Coordination",
                "questions": [
                  {
                    "question_no": 35,
                    "question_html": "<p>(a) (i) List three points of difference between nervous and hormonal mechanisms for control and coordination in animals.</p><p>(a) (ii) How are auxins related with the bending of plant shoot towards unidirectional light ? Explain.</p><p><b>OR</b></p><p>(b) (i) Name the disorder which a person is likely to suffer from due to the following : (I) Over-secretion of growth hormone, (II) Deficiency of oestrogen in females, (III) Less secretion of thyroxine. Also name the gland that secretes each of the hormones mentioned above.</p><p>(b) (ii) How is the timing and amount of hormone released regulated? Explain with the help of an example.</p>",
                    "options": [],
                    "correct_answer": {
                      "text": "<p><b>(a) (i)</b></p><table border='1' cellpadding='5'><tr><th>Feature</th><th>Nervous Control</th><th>Hormonal Control</th></tr><tr><td><b>Transmission</b></td><td>Electrical impulses via neurons</td><td>Chemicals (hormones) via blood</td></tr><tr><td><b>Speed</b></td><td>Very rapid</td><td>Generally slow</td></tr><tr><td><b>Duration</b></td><td>Short-lived effect</td><td>Long-lasting effect</td></tr></table><p><b>(a) (ii)</b> When a plant shoot receives light from one direction, auxins diffuse to the shaded side. The higher concentration of auxins on the shaded side stimulates more cell elongation there compared to the illuminated side. This differential growth causes the shoot to bend towards the light.</p><p><b>OR</b></p><p><b>(b) (i)</b></p><ul><li>(I) Over-secretion of growth hormone: <b>Gigantism</b> (Gland: <b>Pituitary</b>)</li><li>(II) Deficiency of oestrogen: <b>Osteoporosis / Delay in Puberty</b> (Gland: <b>Ovary</b>)</li><li>(III) Less secretion of thyroxine: <b>Goitre</b> (Gland: <b>Thyroid</b>)</li></ul><p><b>(b) (ii)</b> The timing and amount of hormone release are regulated by <b>feedback mechanisms</b>. For example, when blood sugar levels rise, the pancreas secretes insulin. Insulin lowers blood sugar, and this drop in sugar provides feedback to the pancreas to reduce insulin secretion, thus maintaining a stable level.</p>"
                    },
                    "question_type": "Long Answer (5 marks)",
                    "difficulty_level": "hard",
                    "explanation_html": null
                  }
                ]
              },
              {
                "chapter_name": "Light - Reflection and Refraction",
                "questions": [
                  {
                    "question_no": 36,
                    "question_html": "<p>(a) An object is placed in front of a convex lens of focal length f. If the distance of the object from the lens is 2f, draw a ray diagram to show the formation of the image. Write the value of magnification in this case.</p><p>(b) A student has focussed the image of a candle flame on a white screen using a convex lens. The situation is as given below :<br/>Length of the flame = 2 cm<br/>Focal length of the lens = 12 cm<br/>Distance of the flame from the lens = 16 cm<br/>If the flame is perpendicular to the principal axis of the lens, calculate the values of the following :</p><p>(i) Distance of the image from the lens</p><p>(ii) Length of the image formed</p>",
                    "options": [],
                    "correct_answer": {
                      "text": "<p><b>(a)</b> The ray diagram shows an object at 2F₁ forming a real, inverted, and same-sized image at 2F₂. The value of magnification is <b>m = -1</b>.</p><p><b>(b) (i) Distance of the image:</b></p><p>Given: h₀ = 2 cm, f = +12 cm, u = -16 cm. Using the lens formula 1/f = 1/v - 1/u, we get 1/12 = 1/v - 1/(-16) &rArr; 1/v = 1/12 - 1/16 = 1/48. Therefore, <b>v = +48 cm</b>.</p><p><b>(b) (ii) Length of the image:</b></p><p>Using the magnification formula m = hᵢ/h₀ = v/u, we get hᵢ/2 = 48/(-16) = -3. Therefore, <b>hᵢ = -6 cm</b>. The length is 6 cm.</p>"
                    },
                    "question_type": "Long Answer (5 marks)",
                    "difficulty_level": "medium",
                    "explanation_html": null
                  }
                ]
              },
              {
                "chapter_name": "Acids, Bases and Salts",
                "questions": [
                  {
                    "question_no": 37,
                    "question_html": "<p>The teacher while conducting practicals in the laboratory divided the students into three groups and gave them various solutions to find out their pH and classify them into acidic, basic and neutral solutions.</p><p>Group A &mdash; Lemon juice, vinegar, colourless aerated drink<br/>Group B &mdash; Tomato juice, coffee, ginger juice<br/>Group C &mdash; Sodium hydroxide, sodium chloride, lime water</p><p>(a) For the solutions provided, which group is/are likely to have pH value (i) less than 7, and (ii) greater than 7?</p><p>(b) List two ways of determining pH of a solution</p><p>(c) Explain, why the sour substances such as lemon juice are effective in cleaning the tarnished copper vessels.</p><p><b>OR</b></p><p>(c) &ldquo;pH has great importance in our daily life.&rdquo; Justify this statement by giving two examples.</p>",
                    "options": [],
                    "correct_answer": {
                      "text": "<p><b>(a)</b></p><ul><li>(i) pH less than 7: <b>Group A and Group B</b>.</li><li>(ii) pH greater than 7: <b>Group C</b>.</li></ul><p><b>(b)</b> Two ways are using <b>pH paper/universal indicator</b> and using a <b>pH meter</b>.</p><p><b>(c)</b> Copper vessels tarnish due to a layer of basic copper oxide. Lemon juice contains acid which reacts with this basic layer, forming a soluble salt that can be washed away, thus cleaning the vessel.</p><p><b>OR</b></p><p><b>(c)</b> pH is important in: <b>(i) Digestion</b>, where the stomach maintains an acidic pH for enzymes to work, and <b>(ii) Preventing tooth decay</b>, as mouth pH falling below 5.5 causes decay, which is neutralized by basic toothpaste.</p>"
                    },
                    "question_type": "Case-based Subjective",
                    "difficulty_level": "medium",
                    "explanation_html": null
                  }
                ]
              },
              {
                "chapter_name": "How do Organisms Reproduce?",
                "questions": [
                  {
                    "question_no": 38,
                    "question_html": "<p>All the reproductive methods of living organisms are broadly categorized into two types : 1. Asexual reproduction, and 2. Sexual reproduction.</p><p>Asexual reproduction involves the participation of a single parent without the formation of gametes, fertilisation and transfer of genetic material. This method is a common means of rapidly increasing offsprings under favourable conditions.</p><p>(a) Name the type of fission that occurs in Leishmania and Plasmodium.</p><p>(b) Write one advantage of sexual mode of reproduction over asexual reproduction.</p><p>(c) Give reasons why : (i) Colonies of yeast fail to multiply in water but multiply in sugar solution. (ii) Rhizopus individuals do not grow on a dry slice of bread.</p><p><b>OR</b></p><p>(c) Name the filamentous structures a student could identify when he collected water from a pond that appeared dark green. How do these organisms multiply ? Explain.</p>",
                    "options": [],
                    "correct_answer": {
                      "text": "<p><b>(a)</b> Leishmania: <b>Binary fission</b>; Plasmodium: <b>Multiple fission</b>.</p><p><b>(b)</b> Sexual reproduction leads to <b>genetic variation</b>, which helps in the survival and adaptation of a species to changing environments.</p><p><b>(c) (i)</b> Yeast needs sugar as a nutrient source for energy to multiply; water alone does not provide this.</p><p><b>(c) (ii)</b> Rhizopus requires moisture for spore germination and growth, which is absent on a dry slice of bread.</p><p><b>OR</b></p><p><b>(c)</b> The filamentous structure is likely <b>Spirogyra</b>. It multiplies by <b>fragmentation</b>, where the filament breaks into smaller pieces, and each piece grows into a new individual.</p>"
                    },
                    "question_type": "Case-based Subjective",
                    "difficulty_level": "medium",
                    "explanation_html": null
                  }
                ]
              },
              {
                "chapter_name": "Electricity",
                "questions": [
                  {
                    "question_no": 39,
                    "question_html": "<p>Consider the following electrical circuit diagram in which nine identical resistors of 3 &Omega; each are connected as shown. If the reading of the ammeter A₁ is 1 ampere, answer the following questions :</p><p>(a) What is the relationship between the readings of A₁ and A₃ ? Give reasons for your answer.</p><p>(b) What is the relationship between the readings of A₂ and A₃ ?</p><p>(c) Determine the reading of the voltmeter V₁.</p><p><b>OR</b></p><p>(c) Find the total resistance of the circuit.</p>",
                    "images": [
                      {
                        "url": "https://img.testbuddyai.com/Science-31-2-23-Q39.png"
                      }
                    ],
                    "options": [],
                    "correct_answer": {
                      "text": "<p><b>(a)</b> The readings are equal: <b>A₁ = A₃</b>. This is because they are connected in series in the main circuit, where the current is constant.</p><p><b>(b)</b> The relationship is <b>A₂ = (1/4) A₃</b>. The current from A₃ splits equally among four identical parallel resistors, and A₂ measures the current in only one of these paths.</p><p><b>(c)</b> The equivalent resistance for the first parallel block is R<sub>p1</sub> = (1/3 + 1/3)<sup>-1</sup> = 1.5 &Omega;. The reading of voltmeter V₁ is V₁ = I &times; R<sub>p1</sub> = 1 A &times; 1.5 &Omega; = <b>1.5 V</b>.</p><p><b>OR</b></p><p><b>(c)</b> The equivalent resistances of the three parallel blocks are R<sub>p1</sub> = 1.5 &Omega;, R<sub>p2</sub> = 1 &Omega;, and R<sub>p3</sub> = 0.75 &Omega;. The total resistance is the sum of these series blocks: R<sub>total</sub> = 1.5 + 1 + 0.75 = <b>3.25 &Omega;</b>.</p>"
                    },
                    "question_type": "Case-based Subjective",
                    "difficulty_level": "hard",
                    "explanation_html": null
                  }
                ]
              }
            ]
          }
        ]
      }
    ]
  }
]