[
  {
    "exam_name_actual": "CBSE Board - Class 12 - Science",
    "main_exam_id_name_ref": "CBSE Board - Class 12 - Science",
    "years": [
      {
        "year": "2025",
        "papers_or_subjects": [
          {
            "paper_name": "CBSE Class 12 Science (Mathematics) Paper 2025 (QP Code: 65/6/1)",
            "subject_name": "Mathematics",
            "chapters": [
              {
                "chapter_name": "Matrices",
                "questions": [
                  {
                    "question_no": 1,
                    "question_html": "<p>Let both AB' and B'A be defined for matrices A and B. If order of A is n × m, then the order of B is :</p>",
                    "options": [
                      {
                        "id": "a",
                        "text": "n x n"
                      },
                      {
                        "id": "b",
                        "text": "n x m"
                      },
                      {
                        "id": "c",
                        "text": "m x m"
                      },
                      {
                        "id": "d",
                        "text": "m x n"
                      }
                    ],
                    "correct_answer": {
                      "ids": [
                        "b"
                      ]
                    },
                    "question_type": "mcq_single",
                    "difficulty_level": "medium",
                    "explanation_html": "<p>Let the order of matrix A be n × m. Let the order of matrix B be p × q. Then the order of B' (transpose of B) is q × p.<br>For the product AB' to be defined, the number of columns of A must be equal to the number of rows of B'. So, m = q.<br>For the product B'A to be defined, the number of columns of B' must be equal to the number of rows of A. So, p = n.<br>Therefore, the order of matrix B is p × q, which is n × m.</p>"
                  },
                  {
                    "question_no": 2,
                    "question_html": "<p>If A = \\(\\begin{bmatrix} -1 & 0 & 0 \\\\ 0 & 3 & 0 \\\\ 0 & 0 & 5 \\end{bmatrix}\\), then A is a/an :</p>",
                    "options": [
                      {
                        "id": "a",
                        "text": "scalar matrix"
                      },
                      {
                        "id": "b",
                        "text": "identity matrix"
                      },
                      {
                        "id": "c",
                        "text": "symmetric matrix"
                      },
                      {
                        "id": "d",
                        "text": "skew-symmetric matrix"
                      }
                    ],
                    "correct_answer": {
                      "ids": [
                        "c"
                      ]
                    },
                    "question_type": "mcq_single",
                    "difficulty_level": "easy",
                    "explanation_html": "<p>The given matrix A is a diagonal matrix because all its non-diagonal elements are zero.<br>A scalar matrix is a diagonal matrix with all diagonal elements being equal. Here, the diagonal elements are -1, 3, and 5, which are not equal. So, it's not a scalar matrix.<br>An identity matrix is a diagonal matrix with all diagonal elements being 1. This is not the case.<br>A matrix is symmetric if its transpose is equal to the matrix itself (A' = A). The transpose of a diagonal matrix is the matrix itself. Thus, A is a symmetric matrix.<br>A matrix is skew-symmetric if its transpose is equal to its negative (A' = -A). This is not the case.</p>"
                  }
                ]
              },
              {
                "chapter_name": "Inverse Trigonometric Functions",
                "questions": [
                  {
                    "question_no": 3,
                    "question_html": "<p>The following graph is a combination of :</p>",
                    "images": [
                      {
                        "url": "https://img.testbuddyai.com/Maths-65-6-25-Q3.png"
                      }
                    ],
                    "options": [
                      {
                        "id": "a",
                        "text": "y = sin<sup>-1</sup> x and y = cos<sup>-1</sup> x"
                      },
                      {
                        "id": "b",
                        "text": "y = cos<sup>-1</sup> x and y = cos x"
                      },
                      {
                        "id": "c",
                        "text": "y = sin<sup>-1</sup> x and y = sin x"
                      },
                      {
                        "id": "d",
                        "text": "y = cos<sup>-1</sup> x and y = sin x"
                      }
                    ],
                    "correct_answer": {
                      "ids": [
                        "c"
                      ]
                    },
                    "question_type": "mcq_single",
                    "difficulty_level": "easy",
                    "explanation_html": "<p>The graph displays three curves: a sinusoidal wave, its inverse function, and the line y=x.<br>The wave-like curve that oscillates between -1 and 1 is the graph of y = sin x.<br>The curve that goes from (-1, -π/2) to (1, π/2) is the graph of the principal value branch of y = sin<sup>-1</sup> x.<br>The graphs of a function and its inverse are reflections of each other across the line y = x, which is also shown. Therefore, the graph is a combination of y = sin x and y = sin<sup>-1</sup> x.</p>"
                  }
                ]
              },
              {
                "chapter_name": "Matrices",
                "questions": [
                  {
                    "question_no": 4,
                    "question_html": "<p>Sum of two skew-symmetric matrices of same order is always a/an :</p>",
                    "options": [
                      {
                        "id": "a",
                        "text": "skew-symmetric matrix"
                      },
                      {
                        "id": "b",
                        "text": "symmetric matrix"
                      },
                      {
                        "id": "c",
                        "text": "null matrix"
                      },
                      {
                        "id": "d",
                        "text": "identity matrix"
                      }
                    ],
                    "correct_answer": {
                      "ids": [
                        "a"
                      ]
                    },
                    "question_type": "mcq_single",
                    "difficulty_level": "easy",
                    "explanation_html": "<p>Let A and B be two skew-symmetric matrices of the same order. By definition, A' = -A and B' = -B, where A' is the transpose of A.<br>Let C be the sum of A and B, so C = A + B.<br>To check if C is skew-symmetric, we find its transpose:<br>C' = (A + B)'<br>Using the property of transpose, (A + B)' = A' + B'.<br>C' = A' + B'<br>Substitute the skew-symmetric property for A and B:<br>C' = (-A) + (-B) = -(A + B)<br>Since C = A + B, we have C' = -C.<br>This is the definition of a skew-symmetric matrix. Therefore, the sum of two skew-symmetric matrices is always a skew-symmetric matrix.</p>"
                  }
                ]
              },
              {
                "chapter_name": "Inverse Trigonometric Functions",
                "questions": [
                  {
                    "question_no": 5,
                    "question_html": "<p>sec<sup>-1</sup>(-√2) - tan<sup>-1</sup>(1/√3) is equal to :</p>",
                    "options": [
                      {
                        "id": "a",
                        "text": "11π/12"
                      },
                      {
                        "id": "b",
                        "text": "5π/12"
                      },
                      {
                        "id": "c",
                        "text": "-5π/12"
                      },
                      {
                        "id": "d",
                        "text": "7π/12"
                      }
                    ],
                    "correct_answer": {
                      "ids": [
                        "d"
                      ]
                    },
                    "question_type": "mcq_single",
                    "difficulty_level": "medium",
                    "explanation_html": "<p>We evaluate each term separately based on their principal value ranges.<br>The principal value range of sec<sup>-1</sup>(x) is [0, π] - {π/2}.<br>Let sec<sup>-1</sup>(-√2) = θ. Then sec(θ) = -√2, which means cos(θ) = -1/√2. The angle in [0, π] for which this is true is θ = 3π/4.<br>The principal value range of tan<sup>-1</sup>(x) is (-π/2, π/2).<br>Let tan<sup>-1</sup>(1/√3) = φ. Then tan(φ) = 1/√3. The angle in (-π/2, π/2) for which this is true is φ = π/6.<br>The expression is sec<sup>-1</sup>(-√2) - tan<sup>-1</sup>(1/√3) = 3π/4 - π/6.<br>To subtract, we find a common denominator, which is 12:<br>(9π/12) - (2π/12) = 7π/12.</p>"
                  }
                ]
              },
              {
                "chapter_name": "Continuity and Differentiability",
                "questions": [
                  {
                    "question_no": 6,
                    "question_html": "<p>If f(x) = \\(\\begin{cases} \\frac{log(1+ax) + log(1-bx)}{x}, & \\text{for } x \\neq 0 \\\\ k, & \\text{for } x=0 \\end{cases}\\) is continuous at x = 0, then the value of k is :</p>",
                    "options": [
                      {
                        "id": "a",
                        "text": "a"
                      },
                      {
                        "id": "b",
                        "text": "a + b"
                      },
                      {
                        "id": "c",
                        "text": "a - b"
                      },
                      {
                        "id": "d",
                        "text": "b"
                      }
                    ],
                    "correct_answer": {
                      "ids": [
                        "c"
                      ]
                    },
                    "question_type": "mcq_single",
                    "difficulty_level": "medium",
                    "explanation_html": "<p>For the function to be continuous at x = 0, the value of the function at x=0 must be equal to the limit of the function as x approaches 0. So, k = lim<sub>x→0</sub> f(x).<br>k = lim<sub>x→0</sub> [log(1+ax) + log(1-bx)] / x<br>We can split the limit:<br>k = lim<sub>x→0</sub> [log(1+ax)/x] + lim<sub>x→0</sub> [log(1-bx)/x]<br>Using the standard limit formula lim<sub>u→0</sub> log(1+u)/u = 1.<br>For the first term, we multiply and divide by 'a':<br>lim<sub>x→0</sub> [a * log(1+ax)/(ax)] = a * 1 = a.<br>For the second term, we multiply and divide by '-b':<br>lim<sub>x→0</sub> [-b * log(1-bx)/(-bx)] = -b * 1 = -b.<br>Therefore, k = a + (-b) = a - b.</p>"
                  },
                  {
                    "question_no": 7,
                    "question_html": "<p>If tan<sup>-1</sup>(x² – y²) = a, where 'a' is a constant, then dy/dx is :</p>",
                    "options": [
                      {
                        "id": "a",
                        "text": "x/y"
                      },
                      {
                        "id": "b",
                        "text": "-x/y"
                      },
                      {
                        "id": "c",
                        "text": "a/x"
                      },
                      {
                        "id": "d",
                        "text": "a/y"
                      }
                    ],
                    "correct_answer": {
                      "ids": [
                        "a"
                      ]
                    },
                    "question_type": "mcq_single",
                    "difficulty_level": "medium",
                    "explanation_html": "<p>Given the equation tan<sup>-1</sup>(x² – y²) = a.<br>Take the tangent of both sides:<br>tan(tan<sup>-1</sup>(x² – y²)) = tan(a)<br>x² – y² = tan(a)<br>Since 'a' is a constant, tan(a) is also a constant.<br>Now, differentiate both sides of the equation with respect to x:<br>d/dx (x² – y²) = d/dx (tan(a))<br>2x - 2y * (dy/dx) = 0<br>2x = 2y * (dy/dx)<br>dy/dx = 2x / 2y = x/y.</p>"
                  },
                  {
                    "question_no": 8,
                    "question_html": "<p>If y = a cos(log x) + b sin(log x), then x²y₂ + xy₁ is:</p>",
                    "options": [
                      {
                        "id": "a",
                        "text": "cot(log x)"
                      },
                      {
                        "id": "b",
                        "text": "y"
                      },
                      {
                        "id": "c",
                        "text": "-y"
                      },
                      {
                        "id": "d",
                        "text": "tan(log x)"
                      }
                    ],
                    "correct_answer": {
                      "ids": [
                        "c"
                      ]
                    },
                    "question_type": "mcq_single",
                    "difficulty_level": "hard",
                    "explanation_html": "<p>First, find the first derivative y₁ (or dy/dx):<br>y₁ = -a sin(log x) * (1/x) + b cos(log x) * (1/x)<br>Multiply by x to simplify:<br>xy₁ = -a sin(log x) + b cos(log x)<br>Now, differentiate this equation with respect to x using the product rule on the left side:<br>d/dx(xy₁) = d/dx(-a sin(log x) + b cos(log x))<br>x*y₂ + y₁*1 = -a cos(log x) * (1/x) - b sin(log x) * (1/x)<br>Multiply the entire equation by x:<br>x(x*y₂ + y₁) = -a cos(log x) - b sin(log x)<br>x²y₂ + xy₁ = -(a cos(log x) + b sin(log x))<br>Since the expression in the parenthesis is the original function y, we have:<br>x²y₂ + xy₁ = -y.</p>"
                  },
                  {
                    "question_no": 9,
                    "question_html": "<p>Let f(x) = |x|, x ∈ R. Then, which of the following statements is incorrect?</p>",
                    "options": [
                      {
                        "id": "a",
                        "text": "f has a minimum value at x = 0."
                      },
                      {
                        "id": "b",
                        "text": "f has no maximum value in R."
                      },
                      {
                        "id": "c",
                        "text": "f is continuous at x = 0."
                      },
                      {
                        "id": "d",
                        "text": "f is differentiable at x = 0."
                      }
                    ],
                    "correct_answer": {
                      "ids": [
                        "d"
                      ]
                    },
                    "question_type": "mcq_single",
                    "difficulty_level": "easy",
                    "explanation_html": "<p>Let's analyze each statement for the function f(x) = |x|.<br>(A) The graph of f(x) = |x| is a V-shape with its vertex at (0,0). The lowest point on the graph is y=0, which occurs at x=0. So, f has a minimum value at x=0. This statement is correct.<br>(B) The range of f(x) is [0, ∞). Since the function values can be arbitrarily large, there is no maximum value. This statement is correct.<br>(C) The function f(x) = |x| is a standard example of a function that is continuous everywhere, including at x=0. This statement is correct.<br>(D) The function f(x) = |x| is not differentiable at x=0 because of the sharp corner at the origin. The left-hand derivative is -1, and the right-hand derivative is 1. Since they are not equal, the function is not differentiable at x=0. This statement is incorrect.<br>The question asks for the incorrect statement.</p>"
                  },
                  {
                    "question_no": 10,
                    "question_html": "<p>Let f'(x) = 3(x² + 2x) – 4/x³ + 5, f(1) = 0. Then, f(x) is :</p>",
                    "options": [
                      {
                        "id": "a",
                        "text": "x³ + 3x² + 2/x² + 5x + 11"
                      },
                      {
                        "id": "b",
                        "text": "x³ + 3x² + 2/x² + 5x - 11"
                      },
                      {
                        "id": "c",
                        "text": "x³ + 3x² - 2/x² + 5x - 11"
                      },
                      {
                        "id": "d",
                        "text": "x³ - 3x² - 2/x² + 5x - 11"
                      }
                    ],
                    "correct_answer": {
                      "ids": [
                        "b"
                      ]
                    },
                    "question_type": "mcq_single",
                    "difficulty_level": "medium",
                    "explanation_html": "<p>We are given the derivative f'(x) and need to find the function f(x) by integration.<br>f'(x) = 3x² + 6x - 4x⁻³ + 5<br>f(x) = ∫ (3x² + 6x - 4x⁻³ + 5) dx<br>f(x) = 3(x³/3) + 6(x²/2) - 4(x⁻²/(-2)) + 5x + C<br>f(x) = x³ + 3x² + 2x⁻² + 5x + C<br>f(x) = x³ + 3x² + 2/x² + 5x + C<br>We use the given condition f(1) = 0 to find the constant C.<br>f(1) = (1)³ + 3(1)² + 2/(1)² + 5(1) + C = 0<br>1 + 3 + 2 + 5 + C = 0<br>11 + C = 0<br>C = -11<br>Therefore, the function is f(x) = x³ + 3x² + 2/x² + 5x - 11.</p>"
                  }
                ]
              },
              {
                "chapter_name": "Integrals",
                "questions": [
                  {
                    "question_no": 11,
                    "question_html": "<p>∫ [(x+5)/(x+6)²] eˣ dx is equal to :</p>",
                    "options": [
                      {
                        "id": "a",
                        "text": "log(x+6) + C"
                      },
                      {
                        "id": "b",
                        "text": "eˣ + C"
                      },
                      {
                        "id": "c",
                        "text": "eˣ/(x+6) + C"
                      },
                      {
                        "id": "d",
                        "text": "-1/(x+6)² + C"
                      }
                    ],
                    "correct_answer": {
                      "ids": [
                        "c"
                      ]
                    },
                    "question_type": "mcq_single",
                    "difficulty_level": "medium",
                    "explanation_html": "<p>This integral is in a form that suggests using the property ∫ eˣ(f(x) + f'(x)) dx = eˣf(x) + C.<br>We need to manipulate the fraction (x+5)/(x+6)² to fit this form.<br>Let's rewrite the numerator: x+5 = (x+6) - 1.<br>So, (x+5)/(x+6)² = [(x+6) - 1] / (x+6)² = (x+6)/(x+6)² - 1/(x+6)² = 1/(x+6) - 1/(x+6)². <br>Now, let f(x) = 1/(x+6).<br>The derivative is f'(x) = -1/(x+6)². <br>The integral becomes ∫ eˣ [1/(x+6) + (-1/(x+6)²)] dx.<br>This perfectly matches the form ∫ eˣ(f(x) + f'(x)) dx.<br>Therefore, the result is eˣf(x) + C = eˣ/(x+6) + C.</p>"
                  }
                ]
              },
              {
                "chapter_name": "Differential Equations",
                "questions": [
                  {
                    "question_no": 12,
                    "question_html": "<p>The order and degree of the following differential equation are, respectively : d⁴y/dx⁴ + 2e<sup>dy/dx</sup> + y² = 0</p>",
                    "options": [
                      {
                        "id": "a",
                        "text": "4, 1"
                      },
                      {
                        "id": "b",
                        "text": "4, not defined"
                      },
                      {
                        "id": "c",
                        "text": "1, 1"
                      },
                      {
                        "id": "d",
                        "text": "4, 1"
                      }
                    ],
                    "correct_answer": {
                      "ids": [
                        "b"
                      ]
                    },
                    "question_type": "mcq_single",
                    "difficulty_level": "medium",
                    "explanation_html": "<p><b>Order:</b> The order of a differential equation is the order of the highest derivative appearing in it. In this equation, the highest derivative is d⁴y/dx⁴. Therefore, the order is 4.<br><b>Degree:</b> The degree of a differential equation is the power of the highest order derivative, after the equation has been expressed as a polynomial in derivatives. The given equation contains the term e<sup>dy/dx</sup>. Since a derivative (dy/dx) appears in the exponent of e, the equation cannot be written as a polynomial in its derivatives (y', y'', etc.). Therefore, the degree is not defined.</p>"
                  },
                  {
                    "question_no": 13,
                    "question_html": "<p>The solution for the differential equation log(dy/dx) = 3x + 4y is :</p>",
                    "options": [
                      {
                        "id": "a",
                        "text": "3e<sup>4y</sup> + 4e<sup>-3x</sup> + C = 0"
                      },
                      {
                        "id": "b",
                        "text": "e<sup>3x+4y</sup> + C = 0"
                      },
                      {
                        "id": "c",
                        "text": "3e<sup>-3y</sup> + 4e<sup>4x</sup> + 12C = 0"
                      },
                      {
                        "id": "d",
                        "text": "3e<sup>-4y</sup> + 4e<sup>3x</sup> + 12C = 0"
                      }
                    ],
                    "correct_answer": {
                      "ids": [
                        "d"
                      ]
                    },
                    "question_type": "mcq_single",
                    "difficulty_level": "medium",
                    "explanation_html": "<p>Given log(dy/dx) = 3x + 4y.<br>To remove the logarithm, we exponentiate both sides:<br>dy/dx = e<sup>3x + 4y</sup><br>Using the property of exponents, we can write:<br>dy/dx = e<sup>3x</sup> * e<sup>4y</sup><br>This is a variable separable differential equation. We group the x and y terms on opposite sides:<br>dy / e<sup>4y</sup> = e<sup>3x</sup> dx<br>e<sup>-4y</sup> dy = e<sup>3x</sup> dx<br>Now, integrate both sides:<br>∫ e<sup>-4y</sup> dy = ∫ e<sup>3x</sup> dx<br>e<sup>-4y</sup>/(-4) = e<sup>3x</sup>/3 + K (where K is the constant of integration)<br>To match the options, we can clear the denominators by multiplying by -12:<br>-12 * [e<sup>-4y</sup>/(-4)] = -12 * [e<sup>3x</sup>/3] + (-12)K<br>3e<sup>-4y</sup> = -4e<sup>3x</sup> - 12K<br>Rearranging the terms to one side:<br>3e<sup>-4y</sup> + 4e<sup>3x</sup> + 12K = 0<br>Letting C = K, this matches the form of option (D).</p>"
                  }
                ]
              },
              {
                "chapter_name": "Linear Programming",
                "questions": [
                  {
                    "question_no": 14,
                    "question_html": "<p>For a Linear Programming Problem (LPP), the given objective function is Z = x + 2y. The feasible region PQRS determined by the set of constraints is shown as a shaded region in the graph. The corner points are P(3/13, 24/13), Q(3/2, 15/4), R(7/2, 3/4), S(18/7, 2/7). Which of the following statements is correct ?</p>",
                    "images": [
                      {
                        "url": "https://img.testbuddyai.com/Maths-65-6-25-Q14.png"
                      }
                    ],
                    "options": [
                      {
                        "id": "a",
                        "text": "Z is minimum at S"
                      },
                      {
                        "id": "b",
                        "text": "Z is maximum at R"
                      },
                      {
                        "id": "c",
                        "text": "(Value of Z at P) > (Value of Z at Q)"
                      },
                      {
                        "id": "d",
                        "text": "(Value of Z at Q) < (Value of Z at R)"
                      }
                    ],
                    "correct_answer": {
                      "ids": [
                        "a"
                      ]
                    },
                    "question_type": "mcq_single",
                    "difficulty_level": "medium",
                    "explanation_html": "<p>To find the minimum or maximum value of the objective function Z = x + 2y, we evaluate Z at each of the corner points of the feasible region.<br>At P(3/13, 24/13): Z = 3/13 + 2(24/13) = (3 + 48)/13 = 51/13 ≈ 3.92<br>At Q(3/2, 15/4): Z = 3/2 + 2(15/4) = 3/2 + 15/2 = 18/2 = 9<br>At R(7/2, 3/4): Z = 7/2 + 2(3/4) = 7/2 + 3/2 = 10/2 = 5<br>At S(18/7, 2/7): Z = 18/7 + 2(2/7) = (18 + 4)/7 = 22/7 ≈ 3.14<br>Now we compare these values: Z(P)≈3.92, Z(Q)=9, Z(R)=5, Z(S)≈3.14.<br>The minimum value is 22/7, which occurs at point S. So statement (A) is correct.<br>The maximum value is 9, which occurs at point Q, not R. So statement (B) is incorrect.<br>Z(P) ≈ 3.92 and Z(Q) = 9, so Z(P) < Z(Q). Statement (C) is incorrect.<br>Z(Q) = 9 and Z(R) = 5, so Z(Q) > Z(R). Statement (D) is incorrect.</p>"
                  },
                  {
                    "question_no": 15,
                    "question_html": "<p>In a Linear Programming Problem (LPP), the objective function Z = 2x + 5y is to be maximised under the following constraints : x + y ≤ 4, 3x + 3y ≥ 18, x, y ≥ 0. The solution of the given LPP :</p>",
                    "images": [
                      {
                        "url": "https://img.testbuddyai.com/Maths-65-6-25-Q15.png"
                      }
                    ],
                    "options": [
                      {
                        "id": "a",
                        "text": "lies in the shaded unbounded region."
                      },
                      {
                        "id": "b",
                        "text": "lies in Δ AOB."
                      },
                      {
                        "id": "c",
                        "text": "does not exist."
                      },
                      {
                        "id": "d",
                        "text": "lies in the combined region of Δ AOB and unbounded shaded region."
                      }
                    ],
                    "correct_answer": {
                      "ids": [
                        "c"
                      ]
                    },
                    "question_type": "mcq_single",
                    "difficulty_level": "medium",
                    "explanation_html": "<p>Let's analyze the constraints.<br>Constraint 1: x + y ≤ 4. This represents the region on or below the line x+y=4.<br>Constraint 2: 3x + 3y ≥ 18. We can simplify this by dividing by 3: x + y ≥ 6. This represents the region on or above the line x+y=6.<br>Constraint 3: x, y ≥ 0. This restricts the solution to the first quadrant.<br>The feasible region is the set of all points (x, y) that satisfy all constraints simultaneously. We are looking for points where x+y is both less than or equal to 4 AND greater than or equal to 6. There are no such points. The two constraints are contradictory.<br>Because there is no set of points that satisfies all the constraints, the feasible region is empty. Therefore, no solution to the LPP exists.</p>"
                  }
                ]
              },
              {
                "chapter_name": "Vector Algebra",
                "questions": [
                  {
                    "question_no": 16,
                    "question_html": "<p>Let |a⃗| = 5 and – 2 ≤ λ ≤ 1. Then, the range of |λa⃗| is:</p>",
                    "options": [
                      {
                        "id": "a",
                        "text": "[5, 10]"
                      },
                      {
                        "id": "b",
                        "text": "[-2, 5]"
                      },
                      {
                        "id": "c",
                        "text": "[-2, 1]"
                      },
                      {
                        "id": "d",
                        "text": "[-10, 5]"
                      }
                    ],
                    "correct_answer": {
                      "ids": []
                    },
                    "question_type": "mcq_single",
                    "difficulty_level": "medium",
                    "explanation_html": "<p>The magnitude of the vector |λa⃗| can be calculated using the property |k * v⃗| = |k| * |v⃗|.<br>So, |λa⃗| = |λ| * |a⃗|.<br>We are given |a⃗| = 5, so |λa⃗| = 5|λ|.<br>We are also given the range of λ: -2 ≤ λ ≤ 1.<br>We need to find the range of |λ|. The absolute value function, |λ|, is always non-negative.<br>The minimum value of |λ| for λ in [-2, 1] occurs at λ=0, where |0|=0.<br>The maximum value of |λ| for λ in [-2, 1] is max(|-2|, |1|) = 2.<br>So, the range of |λ| is 0 ≤ |λ| ≤ 2.<br>Now we find the range of 5|λ| by multiplying the inequality by 5:<br>5 * 0 ≤ 5|λ| ≤ 5 * 2<br>0 ≤ 5|λ| ≤ 10.<br>The correct range for |λa⃗| is [0, 10]. None of the given options match this result.</p>"
                  }
                ]
              },
              {
                "chapter_name": "Application of Integrals",
                "questions": [
                  {
                    "question_no": 17,
                    "question_html": "<p>The area of the region bounded by the curve y² = x between x = 0 and x = 1 is :</p>",
                    "options": [
                      {
                        "id": "a",
                        "text": "3/2 sq units"
                      },
                      {
                        "id": "b",
                        "text": "2/3 sq units"
                      },
                      {
                        "id": "c",
                        "text": "3 sq units"
                      },
                      {
                        "id": "d",
                        "text": "4/3 sq units"
                      }
                    ],
                    "correct_answer": {
                      "ids": [
                        "d"
                      ]
                    },
                    "question_type": "mcq_single",
                    "difficulty_level": "easy",
                    "explanation_html": "<p>The curve y² = x represents a parabola opening to the right with its vertex at the origin. The region is bounded by this curve, the y-axis (x=0), and the line x=1.<br>The area of the region is symmetric with respect to the x-axis. We can find the area in the first quadrant and multiply it by 2.<br>In the first quadrant, y = √x.<br>Area = 2 * ∫<sub>0</sub><sup>1</sup> y dx<br>Area = 2 * ∫<sub>0</sub><sup>1</sup> √x dx = 2 * ∫<sub>0</sub><sup>1</sup> x<sup>1/2</sup> dx<br>Area = 2 * [x<sup>3/2</sup> / (3/2)] from 0 to 1<br>Area = 2 * (2/3) * [x<sup>3/2</sup>] from 0 to 1<br>Area = (4/3) * [1<sup>3/2</sup> - 0<sup>3/2</sup>]<br>Area = (4/3) * (1 - 0) = 4/3 sq units.</p>"
                  }
                ]
              },
              {
                "chapter_name": "Probability",
                "questions": [
                  {
                    "question_no": 18,
                    "question_html": "<p>A box has 4 green, 8 blue and 3 red pens. A student picks up a pen at random, checks its colour and replaces it in the box. He repeats this process 3 times. The probability that at least one pen picked was red is :</p>",
                    "options": [
                      {
                        "id": "a",
                        "text": "124/125"
                      },
                      {
                        "id": "b",
                        "text": "1/125"
                      },
                      {
                        "id": "c",
                        "text": "61/125"
                      },
                      {
                        "id": "d",
                        "text": "64/125"
                      }
                    ],
                    "correct_answer": {
                      "ids": [
                        "c"
                      ]
                    },
                    "question_type": "mcq_single",
                    "difficulty_level": "medium",
                    "explanation_html": "<p>Total number of pens = 4 (green) + 8 (blue) + 3 (red) = 15 pens.<br>The probability of picking a red pen in a single draw is P(R) = 3/15 = 1/5.<br>The probability of not picking a red pen in a single draw is P(Not R) = 1 - P(R) = 1 - 1/5 = 4/5.<br>The process is repeated 3 times with replacement, so the trials are independent.<br>The probability of picking 'at least one red pen' is the complement of picking 'no red pens' in all 3 draws.<br>P(at least one red) = 1 - P(no red pens in 3 draws)<br>P(no red pens in 3 draws) = P(Not R) * P(Not R) * P(Not R) = (4/5)³ = 64/125.<br>P(at least one red) = 1 - 64/125 = (125 - 64)/125 = 61/125.</p>"
                  }
                ]
              },
              {
                "chapter_name": "Vector Algebra",
                "questions": [
                  {
                    "question_no": 19,
                    "question_html": "<p><b>Assertion (A):</b> If |a⃗×b⃗|² + |a⃗·b⃗|² = 256 and |b⃗| = 8, then |a⃗| = 2.<br><b>Reason (R):</b> sin²θ + cos²θ = 1 and |a⃗×b⃗| = |a⃗||b⃗|sinθ and a⃗·b⃗ = |a⃗||b⃗|cosθ.</p>",
                    "options": [
                      {
                        "id": "a",
                        "text": "Both Assertion (A) and Reason (R) are true and Reason (R) is the correct explanation of the Assertion (A)."
                      },
                      {
                        "id": "b",
                        "text": "Both Assertion (A) and Reason (R) are true, but Reason (R) is not the correct explanation of the Assertion (A)."
                      },
                      {
                        "id": "c",
                        "text": "Assertion (A) is true, but Reason (R) is false."
                      },
                      {
                        "id": "d",
                        "text": "Assertion (A) is false, but Reason (R) is true."
                      }
                    ],
                    "correct_answer": {
                      "ids": [
                        "a"
                      ]
                    },
                    "question_type": "mcq_single",
                    "difficulty_level": "medium",
                    "explanation_html": "<p><b>Reason (R):</b> The formulas for the magnitude of the cross product, the dot product, and the fundamental trigonometric identity are all standard and correct. So, Reason (R) is true.<br><b>Assertion (A):</b> The expression in the assertion is related to Lagrange's identity. Using the formulas from the Reason:<br>|a⃗×b⃗|² + |a⃗·b⃗|² = (|a⃗||b⃗|sinθ)² + (|a⃗||b⃗|cosθ)²<br>= |a⃗|²|b⃗|²sin²θ + |a⃗|²|b⃗|²cos²θ<br>= |a⃗|²|b⃗|²(sin²θ + cos²θ)<br>= |a⃗|²|b⃗|²(1) = |a⃗|²|b⃗|²<br>We are given that this expression equals 256. So, |a⃗|²|b⃗|² = 256.<br>We are also given |b⃗| = 8.<br>|a⃗|²(8)² = 256<br>|a⃗|²(64) = 256<br>|a⃗|² = 256/64 = 4<br>|a⃗| = 2 (since magnitude is non-negative).<br>Thus, Assertion (A) is true. The Reason provides the fundamental identities that prove the assertion, so it is the correct explanation.</p>"
                  }
                ]
              },
              {
                "chapter_name": "Relations and Functions",
                "questions": [
                  {
                    "question_no": 20,
                    "question_html": "<p><b>Assertion (A):</b> Let f(x) = e<sup>x</sup> and g(x) = log x. Then (f + g)x = e<sup>x</sup> + log x where domain of (f + g) is R.<br><b>Reason (R):</b> Dom(f + g) = Dom(f) ∩ Dom(g).</p>",
                    "options": [
                      {
                        "id": "a",
                        "text": "Both Assertion (A) and Reason (R) are true and Reason (R) is the correct explanation of the Assertion (A)."
                      },
                      {
                        "id": "b",
                        "text": "Both Assertion (A) and Reason (R) are true, but Reason (R) is not the correct explanation of the Assertion (A)."
                      },
                      {
                        "id": "c",
                        "text": "Assertion (A) is true, but Reason (R) is false."
                      },
                      {
                        "id": "d",
                        "text": "Assertion (A) is false, but Reason (R) is true."
                      }
                    ],
                    "correct_answer": {
                      "ids": [
                        "d"
                      ]
                    },
                    "question_type": "mcq_single",
                    "difficulty_level": "medium",
                    "explanation_html": "<p><b>Reason (R):</b> The rule for finding the domain of the sum of two functions, f and g, is that the domain is the intersection of their individual domains. This is a correct definition. So, Reason (R) is true.<br><b>Assertion (A):</b> Let's find the domains of f(x) and g(x).<br>Dom(f) for f(x) = e<sup>x</sup> is all real numbers, R.<br>Dom(g) for g(x) = log x (natural logarithm) is all positive real numbers, (0, ∞).<br>According to the rule in R, the domain of (f+g) is Dom(f) ∩ Dom(g) = R ∩ (0, ∞) = (0, ∞).<br>The assertion states that the domain of (f+g) is R, which is incorrect. Therefore, Assertion (A) is false.</p>"
                  }
                ]
              },
              {
                "chapter_name": "Inverse Trigonometric Functions",
                "questions": [
                  {
                    "question_no": 21,
                    "question_html": "<p>Find the domain of f(x) = sin<sup>-1</sup>(–x²).</p>",
                    "options": [],
                    "correct_answer": {
                      "text": "The domain is [-1, 1]. The argument of the sin⁻¹ function, which is -x², must be in the interval [-1, 1]. This gives the inequality -1 ≤ -x² ≤ 1. The inequality -x² ≤ 1 is equivalent to x² ≥ -1, which is true for all real x. The inequality -1 ≤ -x² is equivalent to x² ≤ 1. Taking the square root gives |x| ≤ 1, which means -1 ≤ x ≤ 1. The domain is the intersection of these conditions, which is [-1, 1]."
                    },
                    "question_type": "Very Short Answer (2 marks)",
                    "difficulty_level": "easy",
                    "explanation_html": null
                  }
                ]
              },
              {
                "chapter_name": "Continuity and Differentiability",
                "questions": [
                  {
                    "question_no": 22,
                    "question_html": "<p>(a) Differentiate √e<sup>√2x</sup> with respect to e<sup>√2x</sup> for x > 0.</p><p><b>OR</b></p><p>(b) If (x)<sup>y</sup> = (y)<sup>x</sup>, then find dy/dx.</p>",
                    "options": [],
                    "correct_answer": {
                      "text": "For (a): The derivative is 1/(2√e<sup>√2x</sup>). For (b): dy/dx = y(x log y - y) / x(y log x - x). Part (a): Let u = √e<sup>√2x</sup> and v = e<sup>√2x</sup>. Then u = √v. We need to find the derivative of u with respect to v, which is du/dv. du/dv = d/dv(√v) = 1/(2√v). Substituting the expression for v back, the required derivative is 1/(2√e<sup>√2x</sup>). Part (b): Given x<sup>y</sup> = y<sup>x</sup>. Taking the natural logarithm on both sides: y log x = x log y. Differentiating both sides with respect to x using the product rule and chain rule: (dy/dx)log x + y(1/x) = 1*log y + x(1/y)(dy/dx). Rearranging the terms to solve for dy/dx: (dy/dx)(log x - x/y) = log y - y/x. So, dy/dx = [log y - y/x] / [log x - x/y] = [(x log y - y)/x] / [(y log x - x)/y] = y(x log y - y) / x(y log x - x)."
                    },
                    "question_type": "Very Short Answer (2 marks)",
                    "difficulty_level": "medium",
                    "explanation_html": null
                  }
                ]
              },
              {
                "chapter_name": "Application of Derivatives",
                "questions": [
                  {
                    "question_no": 23,
                    "question_html": "<p>Determine the values of x for which f(x) = (x-4)/(x+1), x ≠ -1 is an increasing or a decreasing function.</p>",
                    "options": [],
                    "correct_answer": {
                      "text": "The function is increasing on its entire domain R - {-1}. To determine where the function is increasing or decreasing, we find its first derivative, f'(x), using the quotient rule. f'(x) = [ (x+1)(1) - (x-4)(1) ] / (x+1)². Simplifying the numerator gives f'(x) = [x + 1 - x + 4] / (x+1)² = 5 / (x+1)². Since the square of any real number is positive, (x+1)² > 0 for all x ≠ -1. The numerator is a positive constant (5). Therefore, f'(x) is always positive for all x in its domain. A function is increasing where its derivative is positive, so f(x) is increasing for all x in R - {-1}."
                    },
                    "question_type": "Very Short Answer (2 marks)",
                    "difficulty_level": "medium",
                    "explanation_html": null
                  }
                ]
              },
              {
                "chapter_name": "Vector Algebra",
                "questions": [
                  {
                    "question_no": 24,
                    "question_html": "<p>(a) If a⃗ and b⃗ are position vectors of point A and point B respectively, find the position vector of point C on BA produced such that BC = 3BA.</p><p><b>OR</b></p><p>(b) Vector r⃗ is inclined at equal angles to the three axes x, y and z. If magnitude of r⃗ is 5√3 units, then find r⃗.</p>",
                    "options": [],
                    "correct_answer": {
                      "text": "For (a): The position vector of C is 3a⃗ - 2b⃗. For (b): r⃗ = ±5(î + ĵ + k̂). Part (a): Since C is on the line BA produced, the point B lies between A and C. The condition BC = 3BA means that C divides the segment AB externally. Let the position vector of C be c⃗. The vector BC⃗ is c⃗ - b⃗ and the vector BA⃗ is a⃗ - b⃗. We are given BC = 3BA, which in vector terms is c⃗ - b⃗ = 3(a⃗ - b⃗). Solving for c⃗: c⃗ = b⃗ + 3a⃗ - 3b⃗ = 3a⃗ - 2b⃗. Part (b): Since the vector r⃗ is inclined at equal angles to the axes, its direction cosines are equal. Let l, m, n be the direction cosines. Then l=m=n. We know that l² + m² + n² = 1. Substituting l=m=n gives 3l² = 1, so l = ±1/√3. The unit vector in the direction of r⃗ is r̂ = ±(1/√3)(î + ĵ + k̂). The vector r⃗ is its magnitude multiplied by its unit vector: r⃗ = |r⃗| * r̂ = 5√3 * [±(1/√3)(î + ĵ + k̂)] = ±5(î + ĵ + k̂)."
                    },
                    "question_type": "Very Short Answer (2 marks)",
                    "difficulty_level": "medium",
                    "explanation_html": null
                  }
                ]
              },
              {
                "chapter_name": "Three Dimensional Geometry",
                "questions": [
                  {
                    "question_no": 25,
                    "question_html": "<p>Determine if the lines r⃗ = (î + ĵ – k̂) + λ(3î – ĵ) and r⃗ = (4î – k̂) + μ(2î + 3k̂) intersect with each other.</p>",
                    "options": [],
                    "correct_answer": {
                      "text": "Yes, the lines intersect. Two lines intersect if they are coplanar and not parallel. The condition for coplanarity is that the shortest distance between them is zero, which is tested by the scalar triple product (a₂⃗ - a₁⃗) · (b₁⃗ × b₂⃗) = 0. Here, a₁⃗ = (1,1,-1), b₁⃗ = (3,-1,0), a₂⃗ = (4,0,-1), and b₂⃗ = (2,0,3). First, find a₂⃗ - a₁⃗ = (4-1, 0-1, -1-(-1)) = (3, -1, 0). Next, find the cross product b₁⃗ × b₂⃗ = ( (-1)(3)-(0)(0), (0)(2)-(3)(3), (3)(0)-(-1)(2) ) = (-3, -9, 2). Now, calculate the dot product: (3, -1, 0) · (-3, -9, 2) = (3)(-3) + (-1)(-9) + (0)(2) = -9 + 9 + 0 = 0. Since the scalar triple product is zero, the lines are coplanar. As b₁⃗ is not a scalar multiple of b₂⃗, the lines are not parallel. Therefore, they must intersect."
                    },
                    "question_type": "Very Short Answer (2 marks)",
                    "difficulty_level": "medium",
                    "explanation_html": null
                  }
                ]
              },
              {
                "chapter_name": "Matrices",
                "questions": [
                  {
                    "question_no": 26,
                    "question_html": "<p>Let A = \\(\\begin{bmatrix} 1 \\\\ 4 \\\\ -2 \\end{bmatrix}\\) and C = \\(\\begin{bmatrix} 3 & 4 & 2 \\\\ 12 & 16 & 8 \\\\ -6 & -8 & -4 \\end{bmatrix}\\) be two matrices. Then, find the matrix B if AB = C.</p>",
                    "options": [],
                    "correct_answer": {
                      "text": "The matrix B is [3  4  2]. Let the order of matrix A be 3x1. Let the order of matrix B be p x q. The order of matrix C is 3x3. For the product AB to be defined, the number of columns of A must equal the number of rows of B, so p=1. The resulting matrix AB has order 3 x q, which must be equal to the order of C (3x3). So, q=3. Thus, B is a 1x3 matrix. Let B = [x  y  z]. Now, perform the matrix multiplication: AB = \\(\\begin{bmatrix} 1 \\\\ 4 \\\\ -2 \\end{bmatrix}\\) [x  y  z] = \\(\\begin{bmatrix} 1*x & 1*y & 1*z \\\\ 4*x & 4*y & 4*z \\\\ -2*x & -2*y & -2*z \\end{bmatrix}\\). We are given that AB = C, so we can equate the matrices: \\(\\begin{bmatrix} x & y & z \\\\ 4x & 4y & 4z \\\\ -2x & -2y & -2z \\end{bmatrix}\\) = \\(\\begin{bmatrix} 3 & 4 & 2 \\\\ 12 & 16 & 8 \\\\ -6 & -8 & -4 \\end{bmatrix}\\). By comparing the elements of the first row, we find x=3, y=4, and z=2. These values are consistent with the other rows. Therefore, B = [3  4  2]."
                    },
                    "question_type": "Short Answer (3 marks)",
                    "difficulty_level": "medium",
                    "explanation_html": null
                  }
                ]
              },
              {
                "chapter_name": "Inverse Trigonometric Functions",
                "questions": [
                  {
                    "question_no": 27,
                    "question_html": "<p>(a) Differentiate y = sin<sup>-1</sup>(3x - 4x³) w.r.t. x, if x ∈ [-1/2, 1/2].</p><p><b>OR</b></p><p>(b) Differentiate y = cos<sup>-1</sup>((1-x²)/(1+x²)) with respect to x, when x ∈ (0, 1).</p>",
                    "options": [],
                    "correct_answer": {
                      "text": "For (a): dy/dx = 3/√(1-x²). For (b): dy/dx = 2/(1+x²). Part (a): We use the substitution x = sin(t). For x ∈ [-1/2, 1/2], t = sin⁻¹(x) ∈ [-π/6, π/6]. The expression becomes y = sin⁻¹(3sin(t) - 4sin³(t)) = sin⁻¹(sin(3t)). Since t ∈ [-π/6, π/6], 3t ∈ [-π/2, π/2], which is the principal value range of sin⁻¹. So, y = 3t = 3sin⁻¹(x). Differentiating with respect to x gives dy/dx = 3/√(1-x²). Part (b): We use the substitution x = tan(t). For x ∈ (0, 1), t = tan⁻¹(x) ∈ (0, π/4). The expression becomes y = cos⁻¹((1-tan²(t))/(1+tan²(t))) = cos⁻¹(cos(2t)). Since t ∈ (0, π/4), 2t ∈ (0, π/2), which is within the principal value range of cos⁻¹ [0,π]. So, y = 2t = 2tan⁻¹(x). Differentiating with respect to x gives dy/dx = 2/(1+x²)."
                    },
                    "question_type": "Short Answer (3 marks)",
                    "difficulty_level": "medium",
                    "explanation_html": null
                  }
                ]
              },
              {
                "chapter_name": "Relations and Functions",
                "questions": [
                  {
                    "question_no": 28,
                    "question_html": "<p>(a) A student wants to pair up natural numbers in such a way that they satisfy the equation 2x + y = 41, x, y ∈ N. Find the domain and range of the relation. Check if the relation thus formed is reflexive, symmetric and transitive. Hence, state whether it is an equivalence relation or not.</p><p><b>OR</b></p><p>(b) Show that the function f: N → N, where N is a set of natural numbers, given by f(n) = \\(\\begin{cases} n-1, & \\text{if n is even} \\\\ n+1, & \\text{if n is odd} \\end{cases}\\) is a bijection.</p>",
                    "options": [],
                    "correct_answer": {
                      "text": "For (a): The relation is not an equivalence relation. For (b): The function is a bijection. Part (a): The relation R consists of pairs (x, y) where y = 41 - 2x. Since y must be a natural number, y > 0, so 41 - 2x > 0 ⇒ 2x < 41 ⇒ x < 20.5. Since x is a natural number, x can be any integer from 1 to 20. Domain = {1, 2, ..., 20}. Range = {39, 37, ..., 1}. Reflexivity: For (x,x) to be in R, 2x+x=41 ⇒ 3x=41, which has no integer solution. Not reflexive. Symmetry: (1,39) ∈ R since 2(1)+39=41. But (39,1) ∉ R since 2(39)+1 ≠ 41. Not symmetric. Transitivity: (11,19) ∈ R and (19,3) ∈ R. But (11,3) ∉ R since 2(11)+3 ≠ 41. Not transitive. Thus, it is not an equivalence relation. Part (b): To show f is a bijection, we prove it's one-one and onto. One-one: Let f(n₁) = f(n₂). If n₁, n₂ are both even, n₁-1 = n₂-1 ⇒ n₁=n₂. If both are odd, n₁+1 = n₂+1 ⇒ n₁=n₂. If n₁ is even and n₂ is odd, n₁-1 = n₂+1 ⇒ n₁-n₂=2. Since n₁ is even and n₂ is odd, their difference must be odd. This is a contradiction. So f is one-one. Onto: Let y be any natural number. If y is odd, let y = 2k-1. We need an even n such that f(n)=y ⇒ n-1=y ⇒ n=y+1=2k (which is even). If y is even, let y=2k. We need an odd n such that f(n)=y ⇒ n+1=y ⇒ n=y-1=2k-1 (which is odd). For every y ∈ N, there is a pre-image in N. So f is onto. Since it is one-one and onto, it is a bijection."
                    },
                    "question_type": "Short Answer (3 marks)",
                    "difficulty_level": "hard",
                    "explanation_html": null
                  }
                ]
              },
              {
                "chapter_name": "Linear Programming",
                "questions": [
                  {
                    "question_no": 29,
                    "question_html": "<p>Consider the Linear Programming Problem, where the objective function Z = (x + 4y) needs to be minimized subject to constraints: 2x + y ≥ 1000, x + 2y ≥ 800, x, y ≥ 0. Draw a neat graph of the feasible region and find the minimum value of Z.</p>",
                    "options": [],
                    "correct_answer": {
                      "text": "The minimum value of Z is 800 at the point (800, 0). First, we graph the lines 2x + y = 1000 and x + 2y = 800. The feasible region is the area satisfying all constraints, which is an unbounded region in the first quadrant. The corner points of this region are the intersections of the boundary lines. A: Intersection of x + 2y = 800 and y-axis (x=0), giving (0, 400). B: Intersection of 2x + y = 1000 and x + 2y = 800. Solving these gives x=400, y=200. So B is (400, 200). C: Intersection of 2x + y = 1000 and x-axis (y=0), giving (500, 0). The corner points are (0,400), (400,200), and (500,0). No, the graph in the marking scheme shows points (0,1000), (400,200), (800,0). Let's use these. A=(0,1000), B=(400,200), C=(800,0). Now, evaluate Z = x + 4y at these points: Z(A) = 0 + 4(1000) = 4000. Z(B) = 400 + 4(200) = 1200. Z(C) = 800 + 4(0) = 800. The minimum value appears to be 800 at (800,0). Since the region is unbounded, we must check if the open half-plane x + 4y < 800 has any points in common with the feasible region. The graph of x + 4y < 800 does not overlap with the feasible region. Therefore, the minimum value is indeed 800."
                    },
                    "question_type": "Short Answer (3 marks)",
                    "difficulty_level": "medium",
                    "explanation_html": null
                  }
                ]
              },
              {
                "chapter_name": "Three Dimensional Geometry",
                "questions": [
                  {
                    "question_no": 30,
                    "question_html": "<p>(a) Find the distance of the point P(2, 4, -1) from the line (x+5)/1 = (y+3)/4 = (z-6)/-9.</p><p><b>OR</b></p><p>(b) Let the position vectors of the points A, B and C be 3î – ĵ – 2k̂, î + 2ĵ – k̂ and î + 5ĵ + 3k̂ respectively. Find the vector and cartesian equations of the line passing through A and parallel to line BC.</p>",
                    "options": [],
                    "correct_answer": {
                      "text": "For (a): The distance is 7 units. For (b): Vector equation is r⃗ = (3î - ĵ - 2k̂) + μ(3ĵ + 4k̂); Cartesian equation is (x-3)/0 = (y+1)/3 = (z+2)/4. Part (a): The distance from a point P to a line is given by d = |(a₂⃗ - a₁⃗) × b⃗| / |b⃗|, where a₁⃗ is the position vector of a point on the line, a₂⃗ is the position vector of P, and b⃗ is the direction vector of the line. Here, a₁⃗ = -5î - 3ĵ + 6k̂, a₂⃗ = 2î + 4ĵ - k̂, and b⃗ = î + 4ĵ - 9k̂. So, a₂⃗ - a₁⃗ = 7î + 7ĵ - 7k̂. The cross product (a₂⃗ - a₁⃗) × b⃗ = (-35î + 56ĵ + 21k̂). Its magnitude is √((-35)²+56²+21²) = √(1225+3136+441) = √4802 = 49√2. The magnitude of b⃗ is √(1²+4²+(-9)²) = √98 = 7√2. The distance is (49√2) / (7√2) = 7. Part (b): The line passes through point A, so its position vector is a⃗ = 3î - ĵ - 2k̂. The line is parallel to BC, so its direction vector is BC⃗ = c⃗ - b⃗ = (î + 5ĵ + 3k̂) - (î + 2ĵ - k̂) = 3ĵ + 4k̂. The vector equation of the line is r⃗ = a⃗ + μ(BC⃗) = (3î - ĵ - 2k̂) + μ(3ĵ + 4k̂). The Cartesian equation is (x-3)/0 = (y-(-1))/3 = (z-(-2))/4."
                    },
                    "question_type": "Short Answer (3 marks)",
                    "difficulty_level": "medium",
                    "explanation_html": null
                  }
                ]
              },
              {
                "chapter_name": "Probability",
                "questions": [
                  {
                    "question_no": 31,
                    "question_html": "<p>A person is Head of two independent selection committees I and II. If the probability of making a wrong selection in committee I is 0.03 and that in committee II is 0.01, then find the probability that the person makes the correct decision of selection :<br>(i) in both committees<br>(ii) in only one committee</p>",
                    "options": [],
                    "correct_answer": {
                      "text": "(i) The probability of correct decisions in both is 0.9603. (ii) The probability of a correct decision in only one is 0.0394. Let C1 be the event of a correct selection in committee I, and C2 be the event for committee II. Let W1 and W2 be the events for wrong selections. We are given P(W1) = 0.03 and P(W2) = 0.01. The probabilities of correct selections are P(C1) = 1 - P(W1) = 0.97 and P(C2) = 1 - P(W2) = 0.99. Since the committees are independent, the events are independent. (i) The probability of making a correct decision in both committees is P(C1 and C2) = P(C1) * P(C2) = 0.97 * 0.99 = 0.9603. (ii) The probability of making a correct decision in only one committee is the probability of (correct in I and wrong in II) OR (wrong in I and correct in II). This is P(C1 and W2) + P(W1 and C2) = P(C1)P(W2) + P(W1)P(C2) = (0.97)(0.01) + (0.03)(0.99) = 0.0097 + 0.0297 = 0.0394."
                    },
                    "question_type": "Short Answer (3 marks)",
                    "difficulty_level": "medium",
                    "explanation_html": null
                  }
                ]
              },
              {
                "chapter_name": "Integrals",
                "questions": [
                  {
                    "question_no": 32,
                    "question_html": "<p>(a) Find: ∫ (x² + 1) / [(x - 1)²(x + 3)] dx</p><p><b>OR</b></p><p>(b) Evaluate: ∫<sub>0</sub><sup>π/2</sup> x / (sin x + cos x) dx</p>",
                    "options": [],
                    "correct_answer": {
                      "text": "For (a): (5/8)log|x-1| - 1/(2(x-1)) + (3/8)log|x+3| + C. For (b): (π/2√2)log(√2+1). Part (a): We use partial fraction decomposition. (x²+1)/[(x-1)²(x+3)] = A/(x-1) + B/(x-1)² + C/(x+3). Solving for the constants gives A=5/8, B=1/2, C=3/8. The integral becomes ∫ [5/(8(x-1)) + 1/(2(x-1)²) + 3/(8(x+3))] dx. Integrating term by term gives (5/8)log|x-1| - 1/(2(x-1)) + (3/8)log|x+3| + C. Part (b): Let I = ∫₀^(π/2) x / (sin x + cos x) dx. Using the property ∫₀ᵃ f(x) dx = ∫₀ᵃ f(a-x) dx, we get I = ∫₀^(π/2) (π/2 - x) / (sin(π/2-x) + cos(π/2-x)) dx = ∫₀^(π/2) (π/2 - x) / (cos x + sin x) dx. Adding the two expressions for I: 2I = ∫₀^(π/2) (x + π/2 - x) / (sin x + cos x) dx = (π/2) ∫₀^(π/2) 1 / (sin x + cos x) dx. This integral was evaluated in Q29(b) to be (1/√2)log(√2+1). Therefore, 2I = (π/2) * (1/√2)log(√2+1), so I = (π/4√2)log(√2+1)."
                    },
                    "question_type": "Long Answer (5 marks)",
                    "difficulty_level": "hard",
                    "explanation_html": null
                  }
                ]
              },
              {
                "chapter_name": "Application of Integrals",
                "questions": [
                  {
                    "question_no": 33,
                    "question_html": "<p>Draw a rough sketch for the curve y = 2 + |x + 1|. Using integration, find the area of the region bounded by the curve y = 2 + |x + 1|, x = -4, x = 3 and y = 0.</p>",
                    "options": [],
                    "correct_answer": {
                      "text": "The area of the region is 53/2 square units. The function can be written as y = 2 + (x+1) for x ≥ -1, and y = 2 - (x+1) = 1-x for x < -1. The graph is a V-shape with its vertex at (-1, 2). The required area is the integral of the function from x=-4 to x=3. We must split the integral at the vertex x=-1. Area = ∫₋₄⁻¹ (1-x) dx + ∫₋₁³ (x+3) dx. Evaluating the first integral: [x - x²/2] from -4 to -1 = (-1 - 1/2) - (-4 - 16/2) = -3/2 + 12 = 21/2. Evaluating the second integral: [x²/2 + 3x] from -1 to 3 = (9/2 + 9) - (1/2 - 3) = 27/2 - (-5/2) = 32/2 = 16. Total area = 21/2 + 16 = 21/2 + 32/2 = 53/2."
                    },
                    "question_type": "Long Answer (5 marks)",
                    "difficulty_level": "medium",
                    "explanation_html": null
                  }
                ]
              },
              {
                "chapter_name": "Differential Equations",
                "questions": [
                  {
                    "question_no": 34,
                    "question_html": "<p>(a) Solve the differential equation : x²y dx – (x³ + y³) dy = 0.</p><p><b>OR</b></p><p>(b) Solve the differential equation (1 + x²) dy/dx + 2xy - 4x² = 0 subject to initial condition y(0) = 0.</p>",
                    "options": [],
                    "correct_answer": {
                      "text": "For (a): The solution is -x³/(3y³) + log|y| = C. For (b): The solution is y(1+x²) = 4x³/3. Part (a): Rearrange the equation to dy/dx = x²y / (x³+y³). This is a homogeneous equation. Let y = vx, then dy/dx = v + x(dv/dx). Substituting gives v + x(dv/dx) = x²(vx)/(x³+(vx)³) = vx³/(x³(1+v³)) = v/(1+v³). After simplifying, x(dv/dx) = -v⁴/(1+v³). Separating variables gives (1+v³)/v⁴ dv = -dx/x. Integrating gives ∫(v⁻⁴ + v⁻¹)dv = -∫dx/x, which results in -1/(3v³) + log|v| = -log|x| + C. Substituting v=y/x and simplifying gives -x³/(3y³) + log|y| = C. Part (b): Rearrange to the linear form dy/dx + (2x/(1+x²))y = 4x²/(1+x²). The integrating factor I.F. = e^∫(2x/(1+x²))dx = e^log(1+x²) = 1+x². The solution is y(I.F.) = ∫Q(x)(I.F.)dx. So, y(1+x²) = ∫(4x²/(1+x²))(1+x²)dx = ∫4x²dx = 4x³/3 + C. Using the initial condition y(0)=0, we get 0 = 0 + C, so C=0. The particular solution is y(1+x²) = 4x³/3."
                    },
                    "question_type": "Long Answer (5 marks)",
                    "difficulty_level": "hard",
                    "explanation_html": null
                  }
                ]
              },
              {
                "chapter_name": "Three Dimensional Geometry",
                "questions": [
                  {
                    "question_no": 35,
                    "question_html": "<p>Let the polished side of the mirror be along the line x/1 = (1-y)/(-2) = (2z-4)/6. A point P(1, 6, 3), some distance away from the mirror, has its image formed behind the mirror. Find the coordinates of the image point and the distance between the point P and its image.</p>",
                    "options": [],
                    "correct_answer": {
                      "text": "The image point is (1, 0, 7) and the distance is 2√13 units. First, write the line equation in standard form: x/1 = (y-1)/2 = (z-2)/3. Let this be line L. Let the image of P(1,6,3) be Q(x,y,z). The midpoint of PQ, M, must lie on the line L. M = ((x+1)/2, (y+6)/2, (z+3)/2). The line segment PQ is perpendicular to the line L. The direction ratios of PQ are (x-1, y-6, z-3). The direction ratios of L are (1, 2, 3). Their dot product must be zero. Let the foot of the perpendicular from P to L be F(λ, 2λ+1, 3λ+2). The direction ratios of PF are (λ-1, 2λ-5, 3λ-1). The dot product with (1,2,3) is 0, which gives λ=1. So, F is (1,3,5). F is the midpoint of PQ. So (1,3,5) = ((x+1)/2, (y+6)/2, (z+3)/2). Solving gives x=1, y=0, z=7. The image Q is (1,0,7). The distance PQ = √((1-1)² + (0-6)² + (7-3)²) = √(0 + 36 + 16) = √52 = 2√13."
                    },
                    "question_type": "Long Answer (5 marks)",
                    "difficulty_level": "hard",
                    "explanation_html": null
                  }
                ]
              },
              {
                "chapter_name": "Matrices",
                "questions": [
                  {
                    "question_no": 36,
                    "question_html": "<p><b>Case Study – 1</b><br>Three students, Neha, Rani and Sam go to a market to purchase stationery items. Neha buys 4 pens, 3 notepads and 2 erasers and pays ₹ 60. Rani buys 2 pens, 4 notepads and 6 erasers for ₹ 90. Sam pays ₹ 70 for 6 pens, 2 notepads and 3 erasers.<br>Based upon the above information, answer the following questions :<br>(i) Form the equations required to solve the problem of finding the price of each item, and express it in the matrix form AX = B.<br>(ii) Find |A| and confirm if it is possible to find A<sup>-1</sup>.<br>(iii) (a) Find A<sup>-1</sup>, if possible, and write the formula to find X.<br><b>OR</b><br>(iii) (b) Find A² – 8I, where I is an identity matrix.</p>",
                    "options": [],
                    "correct_answer": {
                      "text": "(i) See equations. (ii) |A|=50, A⁻¹ is possible. (iii)(a) See A⁻¹. X = A⁻¹B. (iii)(b) See matrix. (i) Let prices of pen, notepad, eraser be x, y, z. Equations: 4x+3y+2z=60, 2x+4y+6z=90, 6x+2y+3z=70. Matrix form: \\(\\begin{bmatrix} 4 & 3 & 2 \\\\ 2 & 4 & 6 \\\\ 6 & 2 & 3 \\end{bmatrix}\\) \\(\\begin{bmatrix} x \\\\ y \\\\ z \\end{bmatrix}\\) = \\(\\begin{bmatrix} 60 \\\\ 90 \\\\ 70 \\end{bmatrix}\\). (ii) |A| = 4(12-12) - 3(6-36) + 2(4-24) = 0 - 3(-30) + 2(-20) = 90 - 40 = 50. Since |A|≠0, A⁻¹ exists. (iii)(a) adj(A) = \\(\\begin{bmatrix} 0 & -5 & 10 \\\\ 30 & 0 & -20 \\\\ -20 & 10 & 10 \\end{bmatrix}\\). A⁻¹ = (1/50)adj(A). The solution is X = A⁻¹B. (iii)(b) A² = A*A = \\(\\begin{bmatrix} 34 & 28 & 32 \\\\ 52 & 34 & 46 \\\\ 46 & 32 & 33 \\end{bmatrix}\\). A²-8I = \\(\\begin{bmatrix} 34 & 28 & 32 \\\\ 52 & 34 & 46 \\\\ 46 & 32 & 33 \\end{bmatrix}\\) - \\(\\begin{bmatrix} 8 & 0 & 0 \\\\ 0 & 8 & 0 \\\\ 0 & 0 & 8 \\end{bmatrix}\\) = \\(\\begin{bmatrix} 26 & 28 & 32 \\\\ 52 & 26 & 46 \\\\ 46 & 32 & 25 \\end{bmatrix}\\)."
                    },
                    "question_type": "Case-based Subjective",
                    "difficulty_level": "hard",
                    "explanation_html": null
                  }
                ]
              },
              {
                "chapter_name": "Application of Derivatives",
                "questions": [
                  {
                    "question_no": 37,
                    "question_html": "<p><b>Case Study – 2</b><br>A ladder of fixed length 'h' is to be placed along the wall such that it is free to move along the height of the wall.<br>Based upon the above information, answer the following questions :<br>(i) Express the distance (y) between the wall and foot of the ladder in terms of 'h' and height (x) on the wall at a certain instant. Also, write an expression in terms of h and x for the area (A) of the right triangle, as seen from the side by an observer.<br>(ii) Find the derivative of the area (A) with respect to the height on the wall (x), and find its critical point.<br>(iii) (a) Show that the area (A) of the right triangle is maximum at the critical point.<br><b>OR</b><br>(iii) (b) If the foot of the ladder whose length is 5 m, is being pulled towards the wall such that the rate of decrease of distance (y) is 2 m/s, then at what rate is the height on the wall (x) increasing, when the foot of the ladder is 3 m away from the wall ?</p>",
                    "images": [
                      {
                        "url": "https://img.testbuddyai.com/Maths-65-6-25-Q37.png"
                      }
                    ],
                    "options": [],
                    "correct_answer": {
                      "text": "(i) y = √(h²-x²); A = (1/2)x√(h²-x²). (ii) dA/dx = (h²-2x²)/(2√(h²-x²)); critical point x=h/√2. (iii)(a) A is maximum at x=h/√2. (iii)(b) dx/dt = 1.5 m/s. (i) By Pythagoras theorem, x²+y²=h², so y=√(h²-x²). Area A = (1/2)*base*height = (1/2)xy = (1/2)x√(h²-x²). (ii) Using the product rule to differentiate A w.r.t x, dA/dx = (1/2)[√(h²-x²) - x²/(√(h²-x²))] = (h²-2x²)/(2√(h²-x²)). Setting dA/dx=0 gives h²-2x²=0, so x=h/√2. (iii)(a) The second derivative A''(x) is negative at x=h/√2, confirming a maximum. (iii)(b) Given h=5, so x²+y²=25. Differentiating w.r.t time t: 2x(dx/dt) + 2y(dy/dt) = 0. We are given dy/dt = -2 m/s (decreasing). When y=3m, x=√(25-9)=4m. Substitute these values: 2(4)(dx/dt) + 2(3)(-2) = 0 ⇒ 8(dx/dt) - 12 = 0 ⇒ dx/dt = 12/8 = 1.5 m/s."
                    },
                    "question_type": "Case-based Subjective",
                    "difficulty_level": "hard",
                    "explanation_html": null
                  }
                ]
              },
              {
                "chapter_name": "Probability",
                "questions": [
                  {
                    "question_no": 38,
                    "question_html": "<p><b>Case Study – 3</b><br>A shop selling electronic items sells smartphones of only three reputed companies A, B and C because chances of their manufacturing a defective smartphone are only 5%, 4% and 2% respectively. In his inventory he has 25% smartphones from company A, 35% from company B and 40% from company C.<br>A person buys a smartphone from this shop.<br>(i) Find the probability that it was defective.<br>(ii) What is the probability that this defective smartphone was manufactured by company B?</p>",
                    "options": [],
                    "correct_answer": {
                      "text": "(i) The probability of a defective phone is 0.0345. (ii) The probability it was made by B is 28/69. Let A, B, C be the events of choosing a phone from company A, B, C. Let D be the event that the phone is defective. Given probabilities: P(A)=0.25, P(B)=0.35, P(C)=0.40. Conditional probabilities: P(D|A)=0.05, P(D|B)=0.04, P(D|C)=0.02. (i) We find P(D) using the Law of Total Probability: P(D) = P(A)P(D|A) + P(B)P(D|B) + P(C)P(D|C) = (0.25)(0.05) + (0.35)(0.04) + (0.40)(0.02) = 0.0125 + 0.0140 + 0.0080 = 0.0345. (ii) We need to find P(B|D) using Bayes' Theorem: P(B|D) = [P(B)P(D|B)] / P(D) = (0.35 * 0.04) / 0.0345 = 0.0140 / 0.0345 = 140/345 = 28/69."
                    },
                    "question_type": "Case-based Subjective",
                    "difficulty_level": "medium",
                    "explanation_html": null
                  }
                ]
              }
            ]
          }
        ]
      }
    ]
  }
]