[
  {
    "exam_name_actual": "CBSE Board - Class 12 - Science",
    "main_exam_id_name_ref": "CBSE Board - Class 12 - Science",
    "years": [
      {
        "year": "2025",
        "papers_or_subjects": [
          {
            "paper_name": "CBSE Class 12 Science (Mathematics) Paper 2025 (QP Code: 65/7/1)",
            "subject_name": "Mathematics",
            "chapters": [
              {
                "chapter_name": "Inverse Trigonometric Functions",
                "questions": [
                  {
                    "question_no": 1,
                    "question_html": "<p>The given graph illustrates :</p>",
                    "images": [
                      {
                        "url": "https://img.testbuddyai.com/Maths-65-7-25-Q1.png"
                      }
                    ],
                    "options": [
                      {
                        "id": "a",
                        "text": "y = tan<sup>-1</sup> x"
                      },
                      {
                        "id": "b",
                        "text": "y = cosec<sup>-1</sup> x"
                      },
                      {
                        "id": "c",
                        "text": "y = cot<sup>-1</sup> x"
                      },
                      {
                        "id": "d",
                        "text": "y = sec<sup>-1</sup> x"
                      }
                    ],
                    "correct_answer": {
                      "ids": [
                        "a"
                      ]
                    },
                    "question_type": "mcq_single",
                    "difficulty_level": "easy",
                    "explanation_html": "<p>The graph shows a function with domain as all real numbers (R) and the principal value branch (range) as (-&pi;/2, &pi;/2). This is characteristic of the inverse tangent function, y = tan<sup>-1</sup>(x).</p>"
                  },
                  {
                    "question_no": 2,
                    "question_html": "<p>Domain of f(x) = cos<sup>-1</sup> x + sin x is :</p>",
                    "options": [
                      {
                        "id": "a",
                        "text": "R"
                      },
                      {
                        "id": "b",
                        "text": "(-1, 1)"
                      },
                      {
                        "id": "c",
                        "text": "[-1, 1]"
                      },
                      {
                        "id": "d",
                        "text": "&phi;"
                      }
                    ],
                    "correct_answer": {
                      "ids": [
                        "c"
                      ]
                    },
                    "question_type": "mcq_single",
                    "difficulty_level": "easy",
                    "explanation_html": "<p>The domain of a function is the intersection of the domains of its constituent parts. The domain of cos<sup>-1</sup>(x) is the interval [-1, 1]. The domain of sin(x) is the set of all real numbers, R. The intersection of [-1, 1] and R is [-1, 1].</p>"
                  }
                ]
              },
              {
                "chapter_name": "Matrices",
                "questions": [
                  {
                    "question_no": 3,
                    "question_html": "<p>What is the total number of possible matrices of order 3 &times; 3 with each entry as &radic;2 or &radic;3 ?</p>",
                    "options": [
                      {
                        "id": "a",
                        "text": "9"
                      },
                      {
                        "id": "b",
                        "text": "512"
                      },
                      {
                        "id": "c",
                        "text": "615"
                      },
                      {
                        "id": "d",
                        "text": "64"
                      }
                    ],
                    "correct_answer": {
                      "ids": [
                        "b"
                      ]
                    },
                    "question_type": "mcq_single",
                    "difficulty_level": "easy",
                    "explanation_html": "<p>A matrix of order 3 &times; 3 has 3 &times; 3 = 9 elements. Each of these 9 elements can be chosen in 2 ways (either &radic;2 or &radic;3). By the fundamental principle of counting, the total number of possible matrices is 2<sup>9</sup> = 512.</p>"
                  },
                  {
                    "question_no": 4,
                    "question_html": "<p>The matrix A = <pre><code>&radic;3  0    0\n 0   &radic;2   0\n 0    0   &radic;5</code></pre> is a/an :</p>",
                    "options": [
                      {
                        "id": "a",
                        "text": "scalar matrix"
                      },
                      {
                        "id": "b",
                        "text": "identity matrix"
                      },
                      {
                        "id": "c",
                        "text": "null matrix"
                      },
                      {
                        "id": "d",
                        "text": "symmetric matrix"
                      }
                    ],
                    "correct_answer": {
                      "ids": [
                        "d"
                      ]
                    },
                    "question_type": "mcq_single",
                    "difficulty_level": "easy",
                    "explanation_html": "<p>The given matrix is a diagonal matrix. A matrix A is symmetric if its transpose is equal to itself (A<sup>T</sup> = A). The transpose of the given diagonal matrix is the matrix itself. Therefore, it is a symmetric matrix. It is not a scalar matrix because the diagonal elements are not equal.</p>"
                  }
                ]
              },
              {
                "chapter_name": "Determinants",
                "questions": [
                  {
                    "question_no": 5,
                    "question_html": "<p>If A and B are two square matrices each of order 3 with |A| = 3 and |B| = 5, then |2AB| is :</p>",
                    "options": [
                      {
                        "id": "a",
                        "text": "30"
                      },
                      {
                        "id": "b",
                        "text": "120"
                      },
                      {
                        "id": "c",
                        "text": "15"
                      },
                      {
                        "id": "d",
                        "text": "225"
                      }
                    ],
                    "correct_answer": {
                      "ids": [
                        "b"
                      ]
                    },
                    "question_type": "mcq_single",
                    "difficulty_level": "easy",
                    "explanation_html": "<p>Using the properties of determinants, |kM| = k<sup>n</sup>|M| for a matrix M of order n, and |XY| = |X||Y|. Here, n=3 and k=2. So, |2AB| = 2<sup>3</sup>|A||B| = 8 &times; 3 &times; 5 = 120.</p>"
                  },
                  {
                    "question_no": 6,
                    "question_html": "<p>Let A be a square matrix of order 3. If |A| = 5, then |adj A| is :</p>",
                    "options": [
                      {
                        "id": "a",
                        "text": "5"
                      },
                      {
                        "id": "b",
                        "text": "125"
                      },
                      {
                        "id": "c",
                        "text": "25"
                      },
                      {
                        "id": "d",
                        "text": "-5"
                      }
                    ],
                    "correct_answer": {
                      "ids": [
                        "c"
                      ]
                    },
                    "question_type": "mcq_single",
                    "difficulty_level": "easy",
                    "explanation_html": "<p>For a square matrix A of order n, we have the property |adj A| = |A|<sup>n-1</sup>. Here, n=3. Therefore, |adj A| = |A|<sup>3-1</sup> = |A|<sup>2</sup> = 5<sup>2</sup> = 25.</p>"
                  }
                ]
              },
              {
                "chapter_name": "Matrices",
                "questions": [
                  {
                    "question_no": 7,
                    "question_html": "<p>If <pre><code>2x-1   3x\n 0    y<sup>2</sup>-1</code></pre> = <pre><code>x+3   12\n 0     35</code></pre>, then the value of (x-y) is :</p>",
                    "options": [
                      {
                        "id": "a",
                        "text": "2 or 10"
                      },
                      {
                        "id": "b",
                        "text": "-2 or 10"
                      },
                      {
                        "id": "c",
                        "text": "2 or -10"
                      },
                      {
                        "id": "d",
                        "text": "-2 or -10"
                      }
                    ],
                    "correct_answer": {
                      "ids": [
                        "b"
                      ]
                    },
                    "question_type": "mcq_single",
                    "difficulty_level": "medium",
                    "explanation_html": "<p>By the equality of matrices, we equate the corresponding elements.<br>From the element (1,1): 2x - 1 = x + 3 &rArr; x = 4.<br>From the element (1,2): 3x = 12 &rArr; x = 4.<br>From the element (2,2): y<sup>2</sup> - 1 = 35 &rArr; y<sup>2</sup> = 36 &rArr; y = &plusmn;6.<br>If y = 6, then x - y = 4 - 6 = -2.<br>If y = -6, then x - y = 4 - (-6) = 10.<br>Thus, the possible values of (x-y) are -2 or 10.</p>"
                  }
                ]
              },
              {
                "chapter_name": "Continuity and Differentiability",
                "questions": [
                  {
                    "question_no": 8,
                    "question_html": "<p>If f(x) = <pre><code>1,        if x &le; 3\nax + b,   if 3 < x < 5\n7,        if 5 &le; x</code></pre> is continuous in R, then the values of a and b are :</p>",
                    "options": [
                      {
                        "id": "a",
                        "text": "a = 3, b = -8"
                      },
                      {
                        "id": "b",
                        "text": "a = 3, b = 8"
                      },
                      {
                        "id": "c",
                        "text": "a = -3, b = -8"
                      },
                      {
                        "id": "d",
                        "text": "a = -3, b = 8"
                      }
                    ],
                    "correct_answer": {
                      "ids": [
                        "a"
                      ]
                    },
                    "question_type": "mcq_single",
                    "difficulty_level": "medium",
                    "explanation_html": "<p>For continuity at x=3: lim<sub>x&rarr;3<sup>-</sup></sub> f(x) = lim<sub>x&rarr;3<sup>+</sup></sub> f(x) &rArr; 1 = 3a + b.<br>For continuity at x=5: lim<sub>x&rarr;5<sup>-</sup></sub> f(x) = lim<sub>x&rarr;5<sup>+</sup></sub> f(x) &rArr; 5a + b = 7.<br>Solving the system of equations:<br>5a + b = 7<br>3a + b = 1<br>Subtracting the second from the first gives 2a = 6, so a = 3.<br>Substituting a=3 into 3a+b=1 gives 3(3) + b = 1 &rArr; 9 + b = 1 &rArr; b = -8.</p>"
                  },
                  {
                    "question_no": 9,
                    "question_html": "<p>If f(x) = -2x<sup>8</sup>, then the correct statement is :</p>",
                    "options": [
                      {
                        "id": "a",
                        "text": "f'(1/2) = f'(-1/2)"
                      },
                      {
                        "id": "b",
                        "text": "f'(1/2) = -f'(-1/2)"
                      },
                      {
                        "id": "c",
                        "text": "-f'(1/2) = f'(-1/2)"
                      },
                      {
                        "id": "d",
                        "text": "f'(1/2) = -f(-1/2)"
                      }
                    ],
                    "correct_answer": {
                      "ids": [
                        "b"
                      ]
                    },
                    "question_type": "mcq_single",
                    "difficulty_level": "medium",
                    "explanation_html": "<p>First, find the derivative: f'(x) = -16x<sup>7</sup>.<br>The function f'(x) is an odd function, because f'(-x) = -16(-x)<sup>7</sup> = -16(-x<sup>7</sup>) = 16x<sup>7</sup> = -f'(x).<br>For any odd function g(x), it holds that g(a) = -g(-a).<br>Therefore, f'(1/2) = -f'(-1/2).</p>"
                  }
                ]
              },
              {
                "chapter_name": "Application of Derivatives",
                "questions": [
                  {
                    "question_no": 10,
                    "question_html": "<p>A spherical ball has a variable diameter (5/2)(3x + 1). The rate of change of its volume w.r.t. x, when x = 1, is :</p>",
                    "options": [
                      {
                        "id": "a",
                        "text": "225&pi;"
                      },
                      {
                        "id": "b",
                        "text": "300&pi;"
                      },
                      {
                        "id": "c",
                        "text": "375&pi;"
                      },
                      {
                        "id": "d",
                        "text": "125&pi;"
                      }
                    ],
                    "correct_answer": {
                      "ids": [
                        "c"
                      ]
                    },
                    "question_type": "mcq_single",
                    "difficulty_level": "medium",
                    "explanation_html": "<p>Radius r = (1/2) &times; Diameter = (1/2) &times; (5/2)(3x+1) = (5/4)(3x+1).<br>Volume V = (4/3)&pi;r<sup>3</sup> = (4/3)&pi;[(5/4)(3x+1)]<sup>3</sup> = (125&pi;/48)(3x+1)<sup>3</sup>.<br>We need to find dV/dx.<br>dV/dx = (125&pi;/48) &times; 3(3x+1)<sup>2</sup> &times; 3 = (125&pi;/48) &times; 9(3x+1)<sup>2</sup>.<br>At x=1, dV/dx = (125&pi;/48) &times; 9(4)<sup>2</sup> = (125&pi;/48) &times; 144 = 125&pi; &times; 3 = 375&pi;.</p>"
                  },
                  {
                    "question_no": 11,
                    "question_html": "<p>If f: R &rarr; R is defined as f(x) = 2x - sin x, then f is :</p>",
                    "options": [
                      {
                        "id": "a",
                        "text": "a decreasing function"
                      },
                      {
                        "id": "b",
                        "text": "an increasing function"
                      },
                      {
                        "id": "c",
                        "text": "maximum at x = &pi;/2"
                      },
                      {
                        "id": "d",
                        "text": "maximum at x = 0"
                      }
                    ],
                    "correct_answer": {
                      "ids": [
                        "b"
                      ]
                    },
                    "question_type": "mcq_single",
                    "difficulty_level": "easy",
                    "explanation_html": "<p>To determine if the function is increasing or decreasing, we check the sign of its derivative.<br>f'(x) = 2 - cos x.<br>Since the range of cos x is [-1, 1], the value of f'(x) will always be between 2-1=1 and 2-(-1)=3.<br>Because f'(x) > 0 for all x in R, the function f(x) is an increasing function.</p>"
                  }
                ]
              },
              {
                "chapter_name": "Integrals",
                "questions": [
                  {
                    "question_no": 12,
                    "question_html": "<p>&int; (e<sup>9logx</sup> - e<sup>8logx</sup>) / (e<sup>6logx</sup> - e<sup>5logx</sup>) dx is equal to :</p>",
                    "options": [
                      {
                        "id": "a",
                        "text": "x + C"
                      },
                      {
                        "id": "b",
                        "text": "x<sup>2</sup>/2 + C"
                      },
                      {
                        "id": "c",
                        "text": "x<sup>4</sup>/4 + C"
                      },
                      {
                        "id": "d",
                        "text": "x<sup>3</sup>/3 + C"
                      }
                    ],
                    "correct_answer": {
                      "ids": [
                        "c"
                      ]
                    },
                    "question_type": "mcq_single",
                    "difficulty_level": "easy",
                    "explanation_html": "<p>Using the property e<sup>alogb</sup> = b<sup>a</sup>, we can simplify the integrand:<br>&int; (x<sup>9</sup> - x<sup>8</sup>) / (x<sup>6</sup> - x<sup>5</sup>) dx = &int; [x<sup>8</sup>(x-1)] / [x<sup>5</sup>(x-1)] dx.<br>For x &ne; 1, this simplifies to &int; x<sup>3</sup> dx.<br>The integral of x<sup>3</sup> is x<sup>4</sup>/4 + C.</p>"
                  },
                  {
                    "question_no": 13,
                    "question_html": "<p>For a function f(x), which of the following holds true ?</p>",
                    "options": [
                      {
                        "id": "a",
                        "text": "&int;<sub>a</sub><sup>b</sup> f(x) dx = &int;<sub>a</sub><sup>b</sup> f(a+b-x) dx"
                      },
                      {
                        "id": "b",
                        "text": "&int;<sub>-a</sub><sup>a</sup> f(x) dx = 0, if f is an even function"
                      },
                      {
                        "id": "c",
                        "text": "&int;<sub>-a</sub><sup>a</sup> f(x) dx = 2&int;<sub>0</sub><sup>a</sup> f(x) dx, if f is an odd function"
                      },
                      {
                        "id": "d",
                        "text": "&int;<sub>0</sub><sup>2a</sup> f(x) dx = &int;<sub>0</sub><sup>a</sup> f(x) dx - &int;<sub>0</sub><sup>a</sup> f(2a+x) dx"
                      }
                    ],
                    "correct_answer": {
                      "ids": [
                        "a"
                      ]
                    },
                    "question_type": "mcq_single",
                    "difficulty_level": "easy",
                    "explanation_html": "<p>Option (A) is a standard property of definite integrals. Option (B) is incorrect; the integral is 0 for an odd function. Option (C) is incorrect; this property holds for an even function. Option (D) is incorrect. Therefore, the only true statement is (A).</p>"
                  },
                  {
                    "question_no": 14,
                    "question_html": "<p>&int; e<sup>x</sup> / &radic;(4 - e<sup>2x</sup>) dx is equal to :</p>",
                    "options": [
                      {
                        "id": "a",
                        "text": "(1/2)cos<sup>-1</sup>(e<sup>x</sup>) + C"
                      },
                      {
                        "id": "b",
                        "text": "(1/2)sin<sup>-1</sup>(e<sup>x</sup>) + C"
                      },
                      {
                        "id": "c",
                        "text": "e<sup>x</sup>/2 + C"
                      },
                      {
                        "id": "d",
                        "text": "sin<sup>-1</sup>(e<sup>x</sup>/2) + C"
                      }
                    ],
                    "correct_answer": {
                      "ids": [
                        "d"
                      ]
                    },
                    "question_type": "mcq_single",
                    "difficulty_level": "medium",
                    "explanation_html": "<p>Let u = e<sup>x</sup>. Then du = e<sup>x</sup> dx. The integral becomes &int; du / &radic;(4 - u<sup>2</sup>), which matches the standard form &int; du / &radic;(a<sup>2</sup> - u<sup>2</sup>) = sin<sup>-1</sup>(u/a). Here a=2. The result is sin<sup>-1</sup>(u/2) + C = sin<sup>-1</sup>(e<sup>x</sup>/2) + C.</p>"
                  }
                ]
              },
              {
                "chapter_name": "Vector Algebra",
                "questions": [
                  {
                    "question_no": 15,
                    "question_html": "<p>A student tries to tie ropes, parallel to each other from one end of the wall to the other. If one rope is along the vector 3i&#x302; + 15j&#x302; + 6k&#x302; and the other is along the vector 2i&#x302; + 10j&#x302; + &lambda;k&#x302;, then the value of &lambda; is :</p>",
                    "options": [
                      {
                        "id": "a",
                        "text": "6"
                      },
                      {
                        "id": "b",
                        "text": "1"
                      },
                      {
                        "id": "c",
                        "text": "1/4"
                      },
                      {
                        "id": "d",
                        "text": "4"
                      }
                    ],
                    "correct_answer": {
                      "ids": [
                        "d"
                      ]
                    },
                    "question_type": "mcq_single",
                    "difficulty_level": "easy",
                    "explanation_html": "<p>For two vectors to be parallel, their corresponding components must be proportional. So, 3/2 = 15/10 = 6/&lambda;. From 3/2 = 6/&lambda;, we get 3&lambda; = 12, which gives &lambda; = 4.</p>"
                  },
                  {
                    "question_no": 16,
                    "question_html": "<p>If |a&#x20d7; + b&#x20d7;| = |a&#x20d7; - b&#x20d7;| for any two vectors, then vectors a&#x20d7; and b&#x20d7; are :</p>",
                    "options": [
                      {
                        "id": "a",
                        "text": "orthogonal vectors"
                      },
                      {
                        "id": "b",
                        "text": "parallel to each other"
                      },
                      {
                        "id": "c",
                        "text": "unit vectors"
                      },
                      {
                        "id": "d",
                        "text": "collinear vectors"
                      }
                    ],
                    "correct_answer": {
                      "ids": [
                        "a"
                      ]
                    },
                    "question_type": "mcq_single",
                    "difficulty_level": "easy",
                    "explanation_html": "<p>Squaring both sides of |a&#x20d7; + b&#x20d7;| = |a&#x20d7; - b&#x20d7;| gives |a&#x20d7; + b&#x20d7;|<sup>2</sup> = |a&#x20d7; - b&#x20d7;|<sup>2</sup>.<br>Expanding this using the dot product: (a&#x20d7; + b&#x20d7;)&middot;(a&#x20d7; + b&#x20d7;) = (a&#x20d7; - b&#x20d7;)&middot;(a&#x20d7; - b&#x20d7;)<br>|a&#x20d7;|<sup>2</sup> + 2(a&#x20d7;&middot;b&#x20d7;) + |b&#x20d7;|<sup>2</sup> = |a&#x20d7;|<sup>2</sup> - 2(a&#x20d7;&middot;b&#x20d7;) + |b&#x20d7;|<sup>2</sup><br>This simplifies to 4(a&#x20d7;&middot;b&#x20d7;) = 0, which means a&#x20d7;&middot;b&#x20d7; = 0. Therefore, the vectors are orthogonal.</p>"
                  }
                ]
              },
              {
                "chapter_name": "Probability",
                "questions": [
                  {
                    "question_no": 17,
                    "question_html": "<p>If P(A) = 1/7, P(B) = 5/7 and P(A &cap; B) = 4/7, then P(A&oline; | B) is :</p>",
                    "options": [
                      {
                        "id": "a",
                        "text": "6/7"
                      },
                      {
                        "id": "b",
                        "text": "3/4"
                      },
                      {
                        "id": "c",
                        "text": "4/5"
                      },
                      {
                        "id": "d",
                        "text": "1/5"
                      }
                    ],
                    "correct_answer": {
                      "ids": [
                        "d"
                      ]
                    },
                    "question_type": "mcq_single",
                    "difficulty_level": "medium",
                    "explanation_html": "<p>P(A&oline; | B) = P(A&oline; &cap; B) / P(B).<br>We know that P(A&oline; &cap; B) = P(B) - P(A &cap; B) = 5/7 - 4/7 = 1/7.<br>Therefore, P(A&oline; | B) = (1/7) / (5/7) = 1/5.</p>"
                  },
                  {
                    "question_no": 18,
                    "question_html": "<p>A coin is tossed and a card is selected at random from a well shuffled pack of 52 playing cards. The probability of getting head on the coin and a face card from the pack is :</p>",
                    "options": [
                      {
                        "id": "a",
                        "text": "2/13"
                      },
                      {
                        "id": "b",
                        "text": "3/26"
                      },
                      {
                        "id": "c",
                        "text": "19/26"
                      },
                      {
                        "id": "d",
                        "text": "3/13"
                      }
                    ],
                    "correct_answer": {
                      "ids": [
                        "b"
                      ]
                    },
                    "question_type": "mcq_single",
                    "difficulty_level": "easy",
                    "explanation_html": "<p>The probability of getting a head is 1/2. There are 12 face cards in a deck of 52, so the probability of drawing a face card is 12/52 = 3/13. Since the events are independent, the combined probability is the product of individual probabilities: (1/2) &times; (3/13) = 3/26.</p>"
                  }
                ]
              },
              {
                "chapter_name": "Continuity and Differentiability",
                "questions": [
                  {
                    "question_no": 19,
                    "question_html": "<p><strong>Assertion (A) :</strong> f(x) = <pre><code>x sin(1/x), x &ne; 0\n0,         x = 0</code></pre> is continuous at x = 0.<br><strong>Reason (R) :</strong> When x &rarr; 0, sin(1/x) is a finite value between -1 and 1.</p>",
                    "options": [
                      {
                        "id": "a",
                        "text": "Both Assertion (A) and Reason (R) are true and Reason (R) is the correct explanation of the Assertion (A)."
                      },
                      {
                        "id": "b",
                        "text": "Both Assertion (A) and Reason (R) are true, but Reason (R) is not the correct explanation of the Assertion (A)."
                      },
                      {
                        "id": "c",
                        "text": "Assertion (A) is true, but Reason (R) is false."
                      },
                      {
                        "id": "d",
                        "text": "Assertion (A) is false, but Reason (R) is true."
                      }
                    ],
                    "correct_answer": {
                      "ids": [
                        "a"
                      ]
                    },
                    "question_type": "mcq_single",
                    "difficulty_level": "medium",
                    "explanation_html": "<p><strong>Assertion (A):</strong> To check for continuity at x=0, we evaluate the limit of f(x) as x approaches 0. lim<sub>x&rarr;0</sub> x sin(1/x). Since -1 &le; sin(1/x) &le; 1, by the Squeeze Theorem, lim<sub>x&rarr;0</sub> x sin(1/x) = 0. As this limit equals f(0), the function is continuous. So, (A) is true.<br><strong>Reason (R):</strong> The statement that sin(1/x) is a finite value between -1 and 1 is true. This property is the basis for using the Squeeze Theorem. Therefore, (R) is true and is the correct explanation for (A).</p>"
                  }
                ]
              },
              {
                "chapter_name": "Inverse Trigonometric Functions",
                "questions": [
                  {
                    "question_no": 20,
                    "question_html": "<p><strong>Assertion (A) :</strong> Set of values of sec<sup>-1</sup>(&radic;3/2) is a null set.<br><strong>Reason (R) :</strong> sec<sup>-1</sup>x is defined for x &isin; R - (-1, 1).</p>",
                    "options": [
                      {
                        "id": "a",
                        "text": "Both Assertion (A) and Reason (R) are true and Reason (R) is the correct explanation of the Assertion (A)."
                      },
                      {
                        "id": "b",
                        "text": "Both Assertion (A) and Reason (R) are true, but Reason (R) is not the correct explanation of the Assertion (A)."
                      },
                      {
                        "id": "c",
                        "text": "Assertion (A) is true, but Reason (R) is false."
                      },
                      {
                        "id": "d",
                        "text": "Assertion (A) is false, but Reason (R) is true."
                      }
                    ],
                    "correct_answer": {
                      "ids": [
                        "a"
                      ]
                    },
                    "question_type": "mcq_single",
                    "difficulty_level": "medium",
                    "explanation_html": "<p><strong>Reason (R):</strong> The domain of sec<sup>-1</sup>x is |x| &ge; 1, which is equivalent to x &isin; R - (-1, 1). So, (R) is true.<br><strong>Assertion (A):</strong> The value to be evaluated is sec<sup>-1</sup>(&radic;3/2). Since &radic;3 &asymp; 1.732, &radic;3/2 &asymp; 0.866. This value lies in the interval (-1, 1), which is excluded from the domain of sec<sup>-1</sup>x. Therefore, sec<sup>-1</sup>(&radic;3/2) is undefined, and its set of values is the null set. So, (A) is true. Reason (R) correctly explains why (A) is true.</p>"
                  }
                ]
              },
              {
                "chapter_name": "Relations and Functions",
                "questions": [
                  {
                    "question_no": 21,
                    "question_html": "<p>Let f: A &rarr; B be defined by f(x) = (x-2)/(x-3), where A = R - {3} and B = R - {1}. Discuss the bijectivity of the function.</p>",
                    "options": [],
                    "correct_answer": {
                      "text": "<p><strong>One-one:</strong> Let x<sub>1</sub>, x<sub>2</sub> &isin; A such that f(x<sub>1</sub>) = f(x<sub>2</sub>).<br>(x<sub>1</sub>-2)/(x<sub>1</sub>-3) = (x<sub>2</sub>-2)/(x<sub>2</sub>-3) &rArr; (x<sub>1</sub>-2)(x<sub>2</sub>-3) = (x<sub>2</sub>-2)(x<sub>1</sub>-3)<br>&rArr; x<sub>1</sub>x<sub>2</sub> - 3x<sub>1</sub> - 2x<sub>2</sub> + 6 = x<sub>1</sub>x<sub>2</sub> - 3x<sub>2</sub> - 2x<sub>1</sub> + 6<br>&rArr; -x<sub>1</sub> = -x<sub>2</sub> &rArr; x<sub>1</sub> = x<sub>2</sub>. Thus, 'f' is one-one.</p><p><strong>Onto:</strong> For each y &isin; B, there exists x such that f(x) = y.<br>y = (x-2)/(x-3) &rArr; y(x-3) = x-2 &rArr; yx - 3y = x-2 &rArr; x(y-1) = 3y-2 &rArr; x = (3y-2)/(y-1).<br>Since y &isin; R-{1}, x is defined. Also, x &ne; 3. Thus, 'f' is onto.</p><p>Since 'f' is one-one and onto, it is a bijective function.</p>"
                    },
                    "question_type": "Very Short Answer (2 marks)",
                    "difficulty_level": "medium",
                    "explanation_html": ""
                  }
                ]
              },
              {
                "chapter_name": "Matrices",
                "questions": [
                  {
                    "question_no": 22,
                    "question_html": "<p>If A = <pre><code> 2  3\n-1  2</code></pre>, then show that A<sup>2</sup> - 4A + 7I = 0.</p>",
                    "options": [],
                    "correct_answer": {
                      "text": "<p>A<sup>2</sup> = A &times; A = <pre><code> 2  3\n-1  2</code></pre><pre><code> 2  3\n-1  2</code></pre> = <pre><code>4-3  6+6\n-2-2 -3+4</code></pre> = <pre><code> 1  12\n-4   1</code></pre></p><p>L.H.S. = A<sup>2</sup> - 4A + 7I<br>= <pre><code> 1  12\n-4   1</code></pre> - 4<pre><code> 2  3\n-1  2</code></pre> + 7<pre><code>1  0\n0  1</code></pre><br>= <pre><code> 1  12\n-4   1</code></pre> - <pre><code> 8  12\n-4   8</code></pre> + <pre><code>7  0\n0  7</code></pre><br>= <pre><code>1-8+7  12-12+0\n-4+4+0  1-8+7</code></pre> = <pre><code>0  0\n0  0</code></pre> = 0 = R.H.S.</p>"
                    },
                    "question_type": "Very Short Answer (2 marks)",
                    "difficulty_level": "easy",
                    "explanation_html": ""
                  }
                ]
              },
              {
                "chapter_name": "Continuity and Differentiability",
                "questions": [
                  {
                    "question_no": 23,
                    "question_html": "<p>(a) Differentiate (5<sup>x</sup>/x<sup>5</sup>) with respect to x.</p><p><strong>OR</strong></p><p>(b) If -2x<sup>2</sup> - 5xy + y<sup>3</sup> = 76, then find dy/dx.</p>",
                    "options": [],
                    "correct_answer": {
                      "text": "<p><strong>(a)</strong> Let y = 5<sup>x</sup>x<sup>-5</sup>. Using the product rule:<br>dy/dx = (d/dx(5<sup>x</sup>))x<sup>-5</sup> + 5<sup>x</sup>(d/dx(x<sup>-5</sup>))<br>= (5<sup>x</sup>log 5)x<sup>-5</sup> + 5<sup>x</sup>(-5x<sup>-6</sup>)<br>= (5<sup>x</sup>/x<sup>6</sup>)(x log 5 - 5)</p><p><strong>OR</strong></p><p><strong>(b)</strong> Differentiating -2x<sup>2</sup> - 5xy + y<sup>3</sup> = 76 with respect to x:<br>-4x - (5y + 5x(dy/dx)) + 3y<sup>2</sup>(dy/dx) = 0<br>-4x - 5y - 5x(dy/dx) + 3y<sup>2</sup>(dy/dx) = 0<br>(dy/dx)(3y<sup>2</sup> - 5x) = 4x + 5y<br>dy/dx = (4x + 5y) / (3y<sup>2</sup> - 5x)</p>"
                    },
                    "question_type": "Very Short Answer (2 marks)",
                    "difficulty_level": "medium",
                    "explanation_html": ""
                  }
                ]
              },
              {
                "chapter_name": "Linear Programming",
                "questions": [
                  {
                    "question_no": 24,
                    "question_html": "<p>In a Linear Programming Problem, the objective function Z = 5x + 4y needs to be maximised under constraints 3x + y &le; 6, x &le; 1, x, y &ge; 0. Express the LPP on the graph and shade the feasible region and mark the corner points.</p>",
                    "options": [],
                    "correct_answer": {
                      "text": "<p>To solve the LPP graphically, we first plot the lines corresponding to the constraints:</p><ol><li><b>3x + y = 6:</b> The intercepts are (2, 0) and (0, 6). The region satisfying 3x + y &le; 6 is on and below this line.</li><li><b>x = 1:</b> This is a vertical line. The region satisfying x &le; 1 is on and to the left of this line.</li><li><b>x = 0 and y = 0:</b> These represent the y-axis and x-axis, respectively. The region satisfying x, y &ge; 0 is the first quadrant.</li></ol><p>The feasible region is the area that satisfies all these conditions simultaneously. It is a quadrilateral.</p><p>The corner points of this shaded feasible region are the points of intersection of these boundary lines:</p><ul><li><b>O(0, 0):</b> Intersection of x = 0 and y = 0.</li><li><b>C(1, 0):</b> Intersection of x = 1 and y = 0.</li><li><b>B(1, 3):</b> Intersection of x = 1 and 3x + y = 6. (3(1) + y = 6 &rArr; y = 3).</li><li><b>A(0, 6):</b> Intersection of x = 0 and 3x + y = 6. (3(0) + y = 6 &rArr; y = 6).</li></ul><p>The corner points are O(0, 0), C(1, 0), B(1, 3), and A(0, 6).</p>"
                    },
                    "question_type": "Very Short Answer (2 marks)",
                    "difficulty_level": "medium",
                    "explanation_html": ""
                  }
                ]
              },
              {
                "chapter_name": "Probability",
                "questions": [
                  {
                    "question_no": 25,
                    "question_html": "<p>(a) 10 identical blocks are marked with '0' on two of them, '1' on three of them, '2' on four of them and '3' on one of them and put in a box. If X denotes the number written on the block, then write the probability distribution of X and calculate its mean.</p><p><strong>OR</strong></p><p>(b) In a village of 8000 people, 3000 go out of the village to work and 4000 are women. It is noted that 30% of women go out of the village to work. What is the probability that a randomly chosen individual is either a woman or a person working outside the village?</p>",
                    "options": [],
                    "correct_answer": {
                      "text": "<p><strong>(a)</strong> The probability distribution of X is:</p><table border='1'><tr><td>X</td><td>0</td><td>1</td><td>2</td><td>3</td></tr><tr><td>P(X)</td><td>2/10</td><td>3/10</td><td>4/10</td><td>1/10</td></tr></table><p>Mean E(X) = &Sigma;[x<sub>i</sub> &middot; P(X=x<sub>i</sub>)]<br>= 0(2/10) + 1(3/10) + 2(4/10) + 3(1/10)<br>= (0 + 3 + 8 + 3)/10 = 14/10 = 1.4</p><p><strong>OR</strong></p><p><strong>(b)</strong> Let A be the event that the person is a woman, and B be the event that the person works outside the village.<br>P(A) = 4000/8000 = 1/2.<br>P(B) = 3000/8000 = 3/8.<br>Number of women who go out to work = 30% of 4000 = 1200.<br>P(A &cap; B) = 1200/8000 = 3/20.<br>The required probability is P(A &cup; B) = P(A) + P(B) - P(A &cap; B)<br>= 1/2 + 3/8 - 3/20 = (20 + 15 - 6)/40 = 29/40.</p>"
                    },
                    "question_type": "Very Short Answer (2 marks)",
                    "difficulty_level": "medium",
                    "explanation_html": ""
                  }
                ]
              },
              {
                "chapter_name": "Relations and Functions",
                "questions": [
                  {
                    "question_no": 26,
                    "question_html": "<p>(a) Show that the function f: R &rarr; R defined by f(x) = 4x<sup>3</sup> - 5, &forall;x &isin; R is one-one and onto.</p><p><strong>OR</strong></p><p>(b) Let R be a relation defined on a set N of natural numbers such that R = {(x, y) : xy is a square of a natural number, x, y &isin; N}. Determine if the relation R is an equivalence relation.</p>",
                    "options": [],
                    "correct_answer": {
                      "text": "<p><strong>(a) One-One:</strong> Let f(x<sub>1</sub>) = f(x<sub>2</sub>). Then 4x<sub>1</sub><sup>3</sup> - 5 = 4x<sub>2</sub><sup>3</sup> - 5 &rArr; 4x<sub>1</sub><sup>3</sup> = 4x<sub>2</sub><sup>3</sup> &rArr; x<sub>1</sub><sup>3</sup> = x<sub>2</sub><sup>3</sup> &rArr; x<sub>1</sub> = x<sub>2</sub>. Thus, 'f' is one-one.</p><p><strong>Onto:</strong> For any y &isin; R, let f(x) = y. Then 4x<sup>3</sup> - 5 = y &rArr; x<sup>3</sup> = (y+5)/4 &rArr; x = <sup>3</sup>&radic;((y+5)/4). Since this x is a real number for every real y, 'f' is onto.</p><p><strong>OR</strong></p><p><strong>(b) Reflexive:</strong> For any x &isin; N, x &middot; x = x<sup>2</sup>, which is a square of a natural number. So (x,x) &isin; R. 'R' is reflexive.</p><p><strong>Symmetric:</strong> Let (x,y) &isin; R. Then xy = k<sup>2</sup> for some natural number k. Since xy = yx, yx is also a square. So (y,x) &isin; R. 'R' is symmetric.</p><p><strong>Transitive:</strong> Let (x,y) &isin; R and (y,z) &isin; R. Then xy = a<sup>2</sup> and yz = b<sup>2</sup> for some a,b &isin; N. Multiplying these gives xzy<sup>2</sup> = a<sup>2</sup>b<sup>2</sup> &rArr; xz = (ab/y)<sup>2</sup>. This does not guarantee that xz is a square of a natural number. For example, let x=2, y=8, z=32. (2,8) &isin; R since 2*8=16=4<sup>2</sup>. (8,32) &isin; R since 8*32=256=16<sup>2</sup>. But (2,32) &notin; R since 2*32=64=8<sup>2</sup>. This works. Let's try another counterexample. Let x=2, y=18, z=50. (2,18) in R since 36=6^2. (18,50) not in R. Let x=2, y=8, z=18. (2,8) in R. (8,18) not in R. Let x=3, y=12, z=48. (3,12) in R. (12,48) in R. (3,48) in R. Let's reconsider. xz = a<sup>2</sup>b<sup>2</sup>/y<sup>2</sup> = (ab/y)<sup>2</sup>. We need to show ab/y is a natural number. Since y=a<sup>2</sup>/x, ab/y = abx/a<sup>2</sup> = bx/a. Not necessarily an integer. Let x=2, y=2, z=3. (2,2) in R. (2,3) not in R. The relation is transitive. 'R' is transitive. Thus, R is an equivalence relation.</p>"
                    },
                    "question_type": "Short Answer (3 marks)",
                    "difficulty_level": "medium",
                    "explanation_html": ""
                  }
                ]
              },
              {
                "chapter_name": "Matrices",
                "questions": [
                  {
                    "question_no": 27,
                    "question_html": "<p>(a) Let 2x + 5y - 1 = 0 and 3x + 2y - 7 = 0 represent the equations of two lines on which the ants are moving on the ground. Using matrix method, find a point common to the paths of the ants.</p><p><strong>OR</strong></p><p>(b) A shopkeeper sells 50 Chemistry, 60 Physics and 35 Maths books on day I and sells 40 Chemistry, 45 Physics and 50 Maths books on day II. If the selling price for each such subject book is ₹ 150 (Chemistry), ₹ 175 (Physics) and ₹ 180 (Maths), then find his total sale in two days, using matrix method. If cost price of all the books together is ₹ 35,000, what profit did he earn after the sale of two days?</p>",
                    "options": [],
                    "correct_answer": {
                      "text": "<p><strong>(a)</strong> The system of equations is 2x+5y=1, 3x+2y=7. In matrix form AX=B:<br><pre><code>2 5\n3 2</code></pre><pre><code>x\ny</code></pre> = <pre><code>1\n7</code></pre><br>|A| = 4 - 15 = -11. A<sup>-1</sup> = (1/-11)<pre><code> 2 -5\n-3  2</code></pre>.<br>X = A<sup>-1</sup>B = (1/-11)<pre><code> 2 -5\n-3  2</code></pre><pre><code>1\n7</code></pre> = (1/-11)<pre><code>2-35\n-3+14</code></pre> = (1/-11)<pre><code>-33\n 11</code></pre> = <pre><code> 3\n-1</code></pre>.<br>The common point is (3, -1).</p><p><strong>OR</strong></p><p><strong>(b)</strong> Let A be the sales matrix and B be the price matrix.<br>A = <pre><code>50 60 35\n40 45 50</code></pre>, B = <pre><code>150\n175\n180</code></pre><br>Total Sales = AB = <pre><code>50 60 35\n40 45 50</code></pre><pre><code>150\n175\n180</code></pre> = <pre><code>7500+10500+6300\n6000+7875+9000</code></pre> = <pre><code>24300\n22875</code></pre>.<br>Total sale in two days = 24300 + 22875 = ₹ 47,175.<br>Profit = Total Sale - Cost Price = 47175 - 35000 = ₹ 12,175.</p>"
                    },
                    "question_type": "Short Answer (3 marks)",
                    "difficulty_level": "medium",
                    "explanation_html": ""
                  }
                ]
              },
              {
                "chapter_name": "Continuity and Differentiability",
                "questions": [
                  {
                    "question_no": 28,
                    "question_html": "<p>Differentiate y = &radic;(log(sin(x<sup>3</sup>/3 - 1))) with respect to x.</p>",
                    "options": [],
                    "correct_answer": {
                      "text": "<p>Using the chain rule:<br>dy/dx = (1 / (2&radic;(log(sin(x<sup>3</sup>/3 - 1))))) &middot; d/dx(log(sin(x<sup>3</sup>/3 - 1)))<br>= (1 / (2&radic;(log(sin(x<sup>3</sup>/3 - 1))))) &middot; (1 / sin(x<sup>3</sup>/3 - 1)) &middot; d/dx(sin(x<sup>3</sup>/3 - 1))<br>= (1 / (2&radic;(log(sin(x<sup>3</sup>/3 - 1))))) &middot; (1 / sin(x<sup>3</sup>/3 - 1)) &middot; cos(x<sup>3</sup>/3 - 1) &middot; d/dx(x<sup>3</sup>/3 - 1)<br>= (1 / (2&radic;(log(sin(x<sup>3</sup>/3 - 1))))) &middot; cot(x<sup>3</sup>/3 - 1) &middot; (3x<sup>2</sup>/3)<br>= (x<sup>2</sup>cot(x<sup>3</sup>/3 - 1)) / (2&radic;(log(sin(x<sup>3</sup>/3 - 1))))</p>"
                    },
                    "question_type": "Short Answer (3 marks)",
                    "difficulty_level": "hard",
                    "explanation_html": ""
                  }
                ]
              },
              {
                "chapter_name": "Application of Derivatives",
                "questions": [
                  {
                    "question_no": 29,
                    "question_html": "<p>Amongst all pairs of positive integers with product as 289, find which of the two numbers add up to the least.</p>",
                    "options": [],
                    "correct_answer": {
                      "text": "<p>Let the two positive integers be x and y. Given xy = 289.<br>Let S be their sum, S = x + y = x + 289/x.<br>For the sum to be the least, dS/dx = 0.<br>dS/dx = 1 - 289/x<sup>2</sup>.<br>Setting dS/dx = 0 &rArr; 1 - 289/x<sup>2</sup> = 0 &rArr; x<sup>2</sup> = 289 &rArr; x = 17 (since x is positive).<br>If x = 17, then y = 289/17 = 17.<br>To check if this is a minimum, find the second derivative:<br>d<sup>2</sup>S/dx<sup>2</sup> = 578/x<sup>3</sup>. At x=17, d<sup>2</sup>S/dx<sup>2</sup> > 0. Hence, the sum is minimum.<br>The pair of numbers is (17, 17).</p>"
                    },
                    "question_type": "Short Answer (3 marks)",
                    "difficulty_level": "medium",
                    "explanation_html": ""
                  }
                ]
              },
              {
                "chapter_name": "Linear Programming",
                "questions": [
                  {
                    "question_no": 30,
                    "question_html": "<p>In the Linear Programming Problem for objective function Z = 18x + 10y subject to constraints 4x + y &ge; 20, 2x + 3y &ge; 30, x, y &ge; 0 find the minimum value of Z.</p>",
                    "options": [],
                    "correct_answer": {
                      "text": "<p>The feasible region is unbounded. The corner points are:<br>A: Intersection of 4x+y=20 with y-axis (x=0) &rArr; (0, 20).<br>B: Intersection of 4x+y=20 and 2x+3y=30. Solving gives x=3, y=8 &rArr; (3, 8).<br>C: Intersection of 2x+3y=30 with x-axis (y=0) &rArr; (15, 0).<br>Evaluate Z at these points:<br>Z(A) = 18(0) + 10(20) = 200.<br>Z(B) = 18(3) + 10(8) = 54 + 80 = 134.<br>Z(C) = 18(15) + 10(0) = 270.<br>The minimum value appears to be 134. Since the region is unbounded, we check if 18x + 10y < 134 has any common points with the feasible region. The graph shows it does not. Therefore, the minimum value is 134 at (3, 8).</p>"
                    },
                    "question_type": "Short Answer (3 marks)",
                    "difficulty_level": "medium",
                    "explanation_html": ""
                  }
                ]
              },
              {
                "chapter_name": "Vector Algebra",
                "questions": [
                  {
                    "question_no": 31,
                    "question_html": "<p>(a) The scalar product of the vector a&#x20d7; = i&#x302; - j&#x302; + 2k&#x302; with a unit vector along sum of vectors b&#x20d7; = 2i&#x302; - 4j&#x302; + 5k&#x302; and c&#x20d7; = &lambda;i&#x302; - 2j&#x302; - 3k&#x302; is equal to 1. Find the value of &lambda;.</p><p><strong>OR</strong></p><p>(b) Find the shortest distance between the lines: r&#x20d7; = (2i&#x302; - j&#x302; + 3k&#x302;) + &lambda;(i&#x302; - 2j&#x302; + 3k&#x302;) and r&#x20d7; = (i&#x302; + 4k&#x302;) + &mu;(3i&#x302; - 6j&#x302; + 9k&#x302;).</p>",
                    "options": [],
                    "correct_answer": {
                      "text": "<p><strong>(a)</strong> Let d&#x20d7; = b&#x20d7; + c&#x20d7; = (2+&lambda;)i&#x302; - 6j&#x302; + 2k&#x302;.<br>The unit vector along d&#x20d7; is d&#x302; = d&#x20d7;/|d&#x20d7;| = ((2+&lambda;)i&#x302; - 6j&#x302; + 2k&#x302;) / &radic;((2+&lambda;)<sup>2</sup> + 40).<br>Given a&#x20d7; &middot; d&#x302; = 1.<br>((i&#x302; - j&#x302; + 2k&#x302;) &middot; ((2+&lambda;)i&#x302; - 6j&#x302; + 2k&#x302;)) / &radic;((2+&lambda;)<sup>2</sup> + 40) = 1.<br>(2+&lambda;) + 6 + 4 = &radic;((2+&lambda;)<sup>2</sup> + 40).<br>&lambda; + 12 = &radic;((&lambda;+2)<sup>2</sup> + 40). Squaring both sides gives (&lambda;+12)<sup>2</sup> = (&lambda;+2)<sup>2</sup>+40. Solving this gives &lambda;=-5.</p><p><strong>OR</strong></p><p><strong>(b)</strong> The direction vectors are b<sub>1</sub>&#x20d7; = i-2j+3k and b<sub>2</sub>&#x20d7; = 3i-6j+9k. Since b<sub>2</sub>&#x20d7; = 3b<sub>1</sub>&#x20d7;, the lines are parallel.<br>a<sub>1</sub>&#x20d7; = 2i-j+3k, a<sub>2</sub>&#x20d7; = i+4k.<br>a<sub>2</sub>&#x20d7; - a<sub>1</sub>&#x20d7; = -i+j+k.<br>Shortest distance = |(a<sub>2</sub>-a<sub>1</sub>) &times; b<sub>1</sub>| / |b<sub>1</sub>| = |(-i+j+k) &times; (i-2j+3k)| / &radic;(1+4+9) = |5i+4j+k| / &radic;14 = &radic;42 / &radic;14 = &radic;3.</p>"
                    },
                    "question_type": "Short Answer (3 marks)",
                    "difficulty_level": "hard",
                    "explanation_html": ""
                  }
                ]
              },
              {
                "chapter_name": "Integrals",
                "questions": [
                  {
                    "question_no": 32,
                    "question_html": "<p>(a) Find: &int; (x<sup>2</sup>+1)/((x<sup>2</sup>+2)(2x<sup>2</sup>+1)) dx</p><p><strong>OR</strong></p><p>(b) Evaluate: &int;<sub>0</sub><sup>&pi;</sup> (x tan x)/(sec x + tan x) dx</p>",
                    "options": [],
                    "correct_answer": {
                      "text": "<p><strong>(a)</strong> Let y=x<sup>2</sup>. Using partial fractions for (y+1)/((y+2)(2y+1)) gives (1/3)/(y+2) - (1/3)/(2y+1).<br>The integral is (1/3)&int;dx/(x<sup>2</sup>+2) - (1/3)&int;dx/(2x<sup>2</sup>+1) = (1/(3&radic;2))tan<sup>-1</sup>(x/&radic;2) - (1/(3&radic;2))tan<sup>-1</sup>(&radic;2x) + C.</p><p><strong>OR</strong></p><p><strong>(b)</strong> Let I = &int;<sub>0</sub><sup>&pi;</sup> (x tan x)/(sec x + tan x) dx. Using the property &int;f(x)dx=&int;f(a-x)dx, 2I = &pi;&int;<sub>0</sub><sup>&pi;</sup>(tan x)/(sec x + tan x) dx.<br>2I = &pi;&int;<sub>0</sub><sup>&pi;</sup> tanx(secx-tanx) dx = &pi;[secx - tanx + x]<sub>0</sub><sup>&pi;</sup> = &pi;(&pi;-2). So I = (&pi;/2)(&pi;-2).</p>"
                    },
                    "question_type": "Long Answer (5 marks)",
                    "difficulty_level": "hard",
                    "explanation_html": ""
                  }
                ]
              },
              {
                "chapter_name": "Application of Integrals",
                "questions": [
                  {
                    "question_no": 33,
                    "question_html": "<p>A woman discovered a scratch along a straight line on a circular table top of radius 8 cm. She divided the table top into 4 equal quadrants and discovered the scratch passing through the origin inclined at an angle &pi;/4 anticlockwise along the positive direction of x-axis. Find the area of the region enclosed by the x-axis, the scratch and the circular table top in the first quadrant, using integration.</p>",
                    "options": [],
                    "correct_answer": {
                      "text": "<p>The equations are: Circle: x<sup>2</sup>+y<sup>2</sup>=64; Scratch line: y=x; X-axis: y=0.<br>The intersection of y=x and x<sup>2</sup>+y<sup>2</sup>=64 is at x=4&radic;2.<br>Area = &int;<sub>0</sub><sup>4&radic;2</sup> x dx + &int;<sub>4&radic;2</sub><sup>8</sup> &radic;(64-x<sup>2</sup>) dx<br>= [x<sup>2</sup>/2]<sub>0</sub><sup>4&radic;2</sup> + [(x/2)&radic;(64-x<sup>2</sup>) + 32sin<sup>-1</sup>(x/8)]<sub>4&radic;2</sub><sup>8</sup><br>= 16 + (0 + 32sin<sup>-1</sup>(1)) - ( (4&radic;2/2)&radic;(64-32) + 32sin<sup>-1</sup>(1/&radic;2) )<br>= 16 + 16&pi; - (16 + 8&pi;) = 8&pi; cm<sup>2</sup>.</p>"
                    },
                    "question_type": "Long Answer (5 marks)",
                    "difficulty_level": "hard",
                    "explanation_html": ""
                  }
                ]
              },
              {
                "chapter_name": "Differential Equations",
                "questions": [
                  {
                    "question_no": 34,
                    "question_html": "<p>Solve the differential equation dy/dx = cos x - 2y.</p>",
                    "options": [],
                    "correct_answer": {
                      "text": "<p>The equation is dy/dx + 2y = cos x, which is a linear differential equation.<br>The integrating factor (I.F.) is e<sup>&int;2dx</sup> = e<sup>2x</sup>.<br>Solution: y &middot; e<sup>2x</sup> = &int; e<sup>2x</sup>cos x dx.<br>Using integration by parts for the integral, we get y &middot; e<sup>2x</sup> = (e<sup>2x</sup>/5)(2cos x + sin x) + C.<br>So, y = (1/5)(2cos x + sin x) + Ce<sup>-2x</sup>.</p>"
                    },
                    "question_type": "Long Answer (5 marks)",
                    "difficulty_level": "medium",
                    "explanation_html": ""
                  }
                ]
              },
              {
                "chapter_name": "Three Dimensional Geometry",
                "questions": [
                  {
                    "question_no": 35,
                    "question_html": "<p>(a) Find the point Q on the line (2x+4)/6 = (y+1)/2 = (-2z+6)/(-4) at a distance of 3&radic;2 from the point P(1, 2, 3).</p><p><strong>OR</strong></p><p>(b) Find the image of the point (-1, 5, 2) in the line (2x-4)/2 = y/2 = (2-z)/3. Find the length of the line segment joining the points (given point and the image point).</p>",
                    "options": [],
                    "correct_answer": {
                      "text": "<p><strong>(a)</strong> Standard form of the line is (x+2)/3 = (y+1)/2 = (z-3)/2 = &lambda;.<br>General point Q is (3&lambda;-2, 2&lambda;-1, 2&lambda;+3).<br>(PQ)<sup>2</sup> = (3&lambda;-3)<sup>2</sup> + (2&lambda;-3)<sup>2</sup> + (2&lambda;)<sup>2</sup> = (3&radic;2)<sup>2</sup> = 18.<br>Solving gives 17&lambda;<sup>2</sup> - 30&lambda; = 0, so &lambda;=0 or &lambda;=30/17.<br>The points are Q(-2, -1, 3) or Q(56/17, 43/17, 111/17).</p><p><strong>OR</strong></p><p><strong>(b)</strong> Standard form of line is (x-2)/1 = y/2 = (z-2)/-3 = &lambda;.<br>Let A=(-1,5,2). General point on line M is (&lambda;+2, 2&lambda;, -3&lambda;+2).<br>Direction ratios of AM are <&lambda;+3, 2&lambda;-5, -3&lambda;>. Since AM is perpendicular to the line, 1(&lambda;+3)+2(2&lambda;-5)-3(-3&lambda;)=0, so &lambda;=1/2.<br>M is (5/2, 1, 1/2). Image A' is (6, -3, -1).<br>Length AA' = &radic;(7<sup>2</sup>+(-8)<sup>2</sup>+(-3)<sup>2</sup>) = &radic;122.</p>"
                    },
                    "question_type": "Long Answer (5 marks)",
                    "difficulty_level": "hard",
                    "explanation_html": ""
                  }
                ]
              },
              {
                "chapter_name": "Vector Algebra",
                "questions": [
                  {
                    "question_no": 36,
                    "question_html": "<p><strong>Case Study 1:</strong> Three friends A, B and C move out from the same location O at the same time in three different directions to reach their destinations. They move out on straight paths and decide that A and B after reaching their destinations will meet up with C at his predecided destination, following straight paths from A to C and B to C in such a way that OA&#x20d7; = a&#x20d7;, OB&#x20d7; = b&#x20d7; and OC&#x20d7; = 5a&#x20d7; - 2b&#x20d7; respectively.</p><p>(i) Complete the given figure to explain their entire movement plan along the respective vectors.</p><p>(ii) Find vectors AC&#x20d7; and BC&#x20d7;.</p><p>(iii) (a) If a&#x20d7;&middot;b&#x20d7; = 1, distance of O to A is 1 km and that from O to B is 2 km, then find the angle between OA&#x20d7; and OB&#x20d7;. Also, find |a&#x20d7; &times; b&#x20d7; |.</p><p><strong>OR</strong></p><p>(iii) (b) If a&#x20d7; = 2i&#x302; - j&#x302; + 4k&#x302; and b&#x20d7; = j&#x302; - k&#x302;, then find a unit vector perpendicular to (a&#x20d7; + b&#x20d7;) and (a&#x20d7; - b&#x20d7;).</p>",
                    "images": [
                      {
                        "url": "https://img.testbuddyai.com/Maths-65-7-25-Q36.png"
                      }
                    ],
                    "options": [],
                    "correct_answer": {
                      "text": "<p><strong>(i)</strong> The figure would show vectors a&#x20d7; and b&#x20d7; originating from O to points A and B. Then vectors from A to C and B to C would be drawn to point C.</p><p><strong>(ii)</strong> AC&#x20d7; = OC&#x20d7; - OA&#x20d7; = (5a&#x20d7; - 2b&#x20d7;) - a&#x20d7; = 4a&#x20d7; - 2b&#x20d7;.<br>BC&#x20d7; = OC&#x20d7; - OB&#x20d7; = (5a&#x20d7; - 2b&#x20d7;) - b&#x20d7; = 5a&#x20d7; - 3b&#x20d7;.</p><p><strong>(iii) (a)</strong> |a&#x20d7;|=1, |b&#x20d7;|=2. cos&theta; = (a&#x20d7;&middot;b&#x20d7;)/(|a&#x20d7;||b&#x20d7;|) = 1/(1*2) = 1/2. So &theta; = &pi;/3.<br>|a&#x20d7; &times; b&#x20d7;| = |a&#x20d7;||b&#x20d7;|sin&theta; = 1*2*sin(&pi;/3) = 2*(&radic;3/2) = &radic;3.</p><p><strong>OR</strong></p><p><strong>(iii) (b)</strong> a&#x20d7;+b&#x20d7; = 2i+3k. a&#x20d7;-b&#x20d7; = 2i-2j+5k. Let c&#x20d7; be perpendicular to both.<br>c&#x20d7; = (a&#x20d7;+b&#x20d7;) &times; (a&#x20d7;-b&#x20d7;) = 6i-4j-4k. |c&#x20d7;|=&radic;68.<br>The unit vector is (1/&radic;68)(6i-4j-4k) = (1/&radic;17)(3i-2j-2k).</p>"
                    },
                    "question_type": "Case-based Subjective",
                    "difficulty_level": "medium",
                    "explanation_html": ""
                  }
                ]
              },
              {
                "chapter_name": "Differential Equations",
                "questions": [
                  {
                    "question_no": 37,
                    "question_html": "<p><strong>Case Study 2:</strong> Camphor is a waxy, colourless solid with strong aroma that evaporates through the process of sublimation... A cylindrical camphor tablet whose height is equal to its radius (r) evaporates... dV/dt = kS is the differential equation...</p><p>(i) Write the order and degree of the given differential equation.</p><p>(ii) Substituting V = &pi;r<sup>3</sup> and S = 2&pi;r<sup>2</sup>, we get the differential equation dr/dt = (2/3)k. Solve it, given that r(0) = 5 mm.</p><p>(iii) (a) If it is given that r = 3 mm when t = 1 hour, find the value of k. Hence, find t for r = 0 mm.</p><p><strong>OR</strong></p><p>(iii) (b) If it is given that r = 1 mm when t = 1 hour, find the value of k. Hence, find t for r = 0 mm.</p>",
                    "images": [
                      {
                        "url": "https://img.testbuddyai.com/Maths-65-7-25-Q37.png"
                      }
                    ],
                    "options": [],
                    "correct_answer": {
                      "text": "<p><strong>(i)</strong> The order is 1 and the degree is 1.</p><p><strong>(ii)</strong> dr/dt = (2/3)k. Integrating gives r = (2/3)kt + C. At t=0, r=5, so C=5. The solution is r = (2/3)kt + 5.</p><p><strong>(iii) (a)</strong> At t=1, r=3. So 3 = (2/3)k(1) + 5 &rArr; k=-3. The equation is r = -2t + 5. For r=0, t=5/2 = 2.5 hours.</p><p><strong>OR</strong></p><p><strong>(iii) (b)</strong> At t=1, r=1. So 1 = (2/3)k(1) + 5 &rArr; k=-6. The equation is r = -4t + 5. For r=0, t=5/4 = 1.25 hours.</p>"
                    },
                    "question_type": "Case-based Subjective",
                    "difficulty_level": "medium",
                    "explanation_html": ""
                  }
                ]
              },
              {
                "chapter_name": "Probability",
                "questions": [
                  {
                    "question_no": 38,
                    "question_html": "<p><strong>Case Study 3:</strong> Based upon the results of regular medical check-ups in a hospital, it was found that out of 1000 people, 700 were very healthy, 200 maintained average health and 100 had a poor health record. Let A<sub>1</sub>: People with good health, A<sub>2</sub>: People with average health, and A<sub>3</sub>: People with poor health. During a pandemic, the data expressed that the chances of people contracting the disease from category A<sub>1</sub>, A<sub>2</sub> and A<sub>3</sub> are 25%, 35% and 50%, respectively.</p><p>(i) A person was tested randomly. What is the probability that he/she has contracted the disease?</p><p>(ii) Given that the person has not contracted the disease, what is the probability that the person is from category A<sub>2</sub>?</p>",
                    "options": [],
                    "correct_answer": {
                      "text": "<p>P(A<sub>1</sub>)=0.7, P(A<sub>2</sub>)=0.2, P(A<sub>3</sub>)=0.1. Let C be the event of contracting the disease.<br>P(C|A<sub>1</sub>)=0.25, P(C|A<sub>2</sub>)=0.35, P(C|A<sub>3</sub>)=0.50.</p><p><strong>(i)</strong> By Law of Total Probability:<br>P(C) = P(A<sub>1</sub>)P(C|A<sub>1</sub>) + P(A<sub>2</sub>)P(C|A<sub>2</sub>) + P(A<sub>3</sub>)P(C|A<sub>3</sub>)<br>= (0.7)(0.25) + (0.2)(0.35) + (0.1)(0.50) = 0.175 + 0.070 + 0.050 = 0.295 or 59/200.</p><p><strong>(ii)</strong> Let C' be the event of not contracting the disease. P(C') = 1 - P(C) = 1 - 0.295 = 0.705.<br>P(C'|A<sub>1</sub>)=0.75, P(C'|A<sub>2</sub>)=0.65, P(C'|A<sub>3</sub>)=0.50.<br>By Bayes' Theorem:<br>P(A<sub>2</sub>|C') = [P(A<sub>2</sub>)P(C'|A<sub>2</sub>)] / P(C')<br>= [(0.2)(0.65)] / 0.705 = 0.130 / 0.705 = 130/705 = 26/141.</p>"
                    },
                    "question_type": "Case-based Subjective",
                    "difficulty_level": "medium",
                    "explanation_html": ""
                  }
                ]
              }
            ]
          }
        ]
      }
    ]
  }
]