[
  {
    "exam_name_actual": "CBSE Board - Class 10",
    "main_exam_id_name_ref": "CBSE Board - Class 10",
    "years": [
      {
        "year": "2022",
        "papers_or_subjects": [
          {
            "paper_name": "CBSE Class 10 Social Studies Paper 2022 (QP Code: 32/3/1)",
            "subject_name": "Social Studies",
            "chapters": [
              {
                "chapter_name": "Nationalism in India",
                "questions": [
                  {
                    "question_no": 1,
                    "question_html": "<p>Mention the views of Mahatma Gandhi on Satyagraha.</p>",
                    "options": [],
                    "correct_answer": {
                      "text": "<p>The idea of Satyagraha, according to Mahatma Gandhi, was based on the following views:</p>\n<ol>\n  <li><strong>Power of Truth:</strong> It emphasized the power of truth and the need to search for truth.</li>\n  <li><strong>Struggle Against Injustice:</strong> It suggested that if the cause was true, if the struggle was against injustice, then physical force was not necessary to fight the oppressor.</li>\n  <li><strong>Non-violence:</strong> A satyagrahi could win the battle through non-violence. This could be done by appealing to the conscience of the oppressor.</li>\n  <li><strong>Dharma of Non-violence:</strong> Gandhi believed that this dharma of non-violence could unite all Indians.</li>\n</ol>\n<p>(Any two points to be mentioned.)</p>"
                    },
                    "question_type": "Very Short Answer (2 marks)",
                    "difficulty_level": "easy",
                    "explanation_html": null
                  }
                ]
              },
              {
                "chapter_name": "Manufacturing Industries",
                "questions": [
                  {
                    "question_no": 2,
                    "question_html": "<p>Explain the major concerns of Jute Textile industry.</p>",
                    "options": [],
                    "correct_answer": {
                      "text": "<p>The major concerns of the Jute Textile industry are:</p>\n<ol>\n  <li><strong>Stiff Competition from Synthetic Substitutes:</strong> The industry faces intense competition in the international market from synthetic substitutes like nylon and polypropylene, which are often cheaper and more durable.</li>\n  <li><strong>Competition from Other Countries:</strong> It faces competition from other jute-producing countries such as Bangladesh, Brazil, the Philippines, Egypt, and Thailand, which often have lower production costs.</li>\n  <li><strong>Need to Stimulate Demand:</strong> There is a constant need to stimulate domestic and international demand for jute products.</li>\n  <li><strong>Product Diversification:</strong> The industry needs to diversify its product range beyond traditional items like sacking and hessian to include items like carpets, decorative fabrics, and geotextiles to cater to new markets.</li>\n</ol>\n<p>(Any two points to be explained)</p>"
                    },
                    "question_type": "Very Short Answer (2 marks)",
                    "difficulty_level": "medium",
                    "explanation_html": null
                  }
                ]
              },
              {
                "chapter_name": "Outcomes of Democracy",
                "questions": [
                  {
                    "question_no": 3,
                    "question_html": "<p>Mention the two conditions that democracy must fulfil in order to achieve a harmonious social life.</p>",
                    "options": [],
                    "correct_answer": {
                      "text": "<p>To achieve a harmonious social life, democracy must fulfil the following two conditions:</p>\n<ol>\n  <li><strong>Accommodation of Social Groups:</strong> It is necessary to understand that democracy is not simply the rule of the majority opinion. The minority and majority must work together to ensure that the government functions to represent the general view. Majority rule should not become rule by the majority community in terms of religion, race, or linguistic group.</li>\n  <li><strong>Accommodative Rule:</strong> Democratic rule needs to be accommodative. It must provide a mechanism to negotiate the differences among various social groups, thereby reducing the possibility of social tensions becoming explosive or violent.</li>\n</ol>\n<p>(Any two points to be mentioned.)</p>"
                    },
                    "question_type": "Very Short Answer (2 marks)",
                    "difficulty_level": "medium",
                    "explanation_html": null
                  }
                ]
              },
              {
                "chapter_name": "Money and Credit",
                "questions": [
                  {
                    "question_no": 4,
                    "question_html": "<p>Analyse the situation in which credit pushes the borrower into a situation from which recovery is painful.</p>",
                    "options": [],
                    "correct_answer": {
                      "text": "<p>This situation is known as a <strong>debt trap</strong>. It occurs when credit, instead of improving the borrower's condition, makes it worse. This happens particularly in high-risk situations, for example:</p>\n<ol>\n  <li><strong>Crop Failure:</strong> A farmer might take a loan for cultivation, but if the crop fails due to lack of rain or pests, loan repayment becomes impossible. To repay the loan, the farmer might have to take another loan.</li>\n  <li><strong>Selling Assets:</strong> In such cases, the borrower might have to sell a part of their land or other assets to repay the loan, leading to a worsening of their financial condition. The credit pushes the borrower into a situation from which recovery is very painful.</li>\n</ol>\n<p>(Any two points to be analysed.)</p>"
                    },
                    "question_type": "Very Short Answer (2 marks)",
                    "difficulty_level": "easy",
                    "explanation_html": null
                  }
                ]
              },
              {
                "chapter_name": "Lifelines of National Economy",
                "questions": [
                  {
                    "question_no": 5,
                    "question_html": "<p>Read the following table and answer the questions that follow :</p>\n<p><strong>The Indian Railway network</strong></p>\n<table border='1' cellpadding='5' cellspacing='0' style='border-collapse: collapse; width: 100%;'>\n  <thead>\n    <tr>\n      <th>Gauge in metres</th>\n      <th>Route (km)</th>\n      <th>Running Track (km)</th>\n      <th>Total Track (km)</th>\n    </tr>\n  </thead>\n  <tbody>\n    <tr>\n      <td>Broad Gauge (1.676)</td>\n      <td>63,491</td>\n      <td>89,521</td>\n      <td>1,17,560</td>\n    </tr>\n    <tr>\n      <td>Metre Gauge (1.000)</td>\n      <td>3,200</td>\n      <td>3,462</td>\n      <td>3,775</td>\n    </tr>\n    <tr>\n      <td>Narrow Gauge (0.762 and 0.610)</td>\n      <td>1,751</td>\n      <td>1,752</td>\n      <td>1,901</td>\n    </tr>\n    <tr>\n      <td><strong>Total</strong></td>\n      <td><strong>68,442</strong></td>\n      <td><strong>94,735</strong></td>\n      <td><strong>1,23,236</strong></td>\n    </tr>\n  </tbody>\n</table>\n<p>(5.1) Which gauge covers maximum of track length in hilly areas in India?</p>\n<p>(5.2) Which gauge has the highest length in India?</p>",
                    "options": [],
                    "correct_answer": {
                      "text": "<p><strong>(5.1)</strong> The <strong>Narrow Gauge</strong> is typically used in hilly and mountainous areas in India. While the table doesn't explicitly state the length in hilly areas, the narrow gauge is the railway type primarily constructed for such terrains.</p>\n<p><strong>(5.2)</strong> The <strong>Broad Gauge</strong> has the highest length in India, with a total track length of 1,17,560 km according to the table provided for the year 2017-18.</p>"
                    },
                    "question_type": "Very Short Answer (2 marks)",
                    "difficulty_level": "easy",
                    "explanation_html": null
                  }
                ]
              },
              {
                "chapter_name": "Globalization and the Indian Economy",
                "questions": [
                  {
                    "question_no": 6,
                    "question_html": "<p>(a) Examine the debate that took place in the World Trade Organisation for the developing countries.</p>\n<p><strong>OR</strong></p>\n<p>(b) Examine the steps taken by the Central and State governments to attract foreign companies to invest in India.</p>",
                    "options": [],
                    "correct_answer": {
                      "text": "<p><strong>(a) The debate in the World Trade Organisation (WTO) for developing countries:</strong></p>\n<p>The role of the WTO has been a subject of debate, particularly concerning developing countries. The key points of this debate are:</p>\n<ol>\n  <li><strong>Unfair Trade Practices:</strong> Although the WTO is supposed to allow free trade for all, in practice, it is seen that developed countries have unfairly retained trade barriers. For example, they continue to provide huge subsidies to their farmers, allowing them to sell farm products at abnormally low prices in other countries, which adversely affects farmers in developing nations.</li>\n  <li><strong>Pressure to Remove Barriers:</strong> On the other hand, WTO rules have forced developing countries to remove their trade barriers, exposing their domestic industries to stiff competition from foreign goods.</li>\n  <li><strong>Domination by Developed Countries:</strong> The functioning of the WTO is often criticized as being dominated by the interests of developed countries, with the concerns of developing nations not being adequately addressed. The current debate on trade in agricultural products is a prominent example of this.</li>\n</ol>\n<p>(Any three points to be examined)</p>\n<hr>\n<p><strong>OR</strong></p>\n<p><strong>(b) Steps taken by governments in India to attract foreign investment:</strong></p>\n<p>The Central and State governments in India have taken several steps to attract foreign companies to invest in India:</p>\n<ol>\n  <li><strong>Setting up Special Economic Zones (SEZs):</strong> Industrial zones called SEZs are being set up. These zones are equipped with world-class facilities such as electricity, water, roads, transport, storage, and educational facilities.</li>\n  <li><strong>Tax Incentives:</strong> Companies who set up production units in the SEZs do not have to pay taxes for an initial period, typically five years. This significantly reduces their operational costs.</li>\n  <li><strong>Flexibility in Labour Laws:</strong> The government has also allowed flexibility in labour laws to attract foreign investment. Companies in the organized sector can now hire workers 'flexibly' for short periods when there is intense pressure of work, without having to provide them with the benefits of permanent employment.</li>\n</ol>\n<p>(Any three points to be examined)</p>"
                    },
                    "question_type": "Short Answer (3 marks)",
                    "difficulty_level": "medium",
                    "explanation_html": null
                  }
                ]
              },
              {
                "chapter_name": "Nationalism in India",
                "questions": [
                  {
                    "question_no": 7,
                    "question_html": "<p>“Mahatma Gandhi found, in ‘salt’, a powerful symbol that could unite the nation.” Support the statement with three arguments.</p>",
                    "options": [],
                    "correct_answer": {
                      "text": "<p>Mahatma Gandhi's choice of salt as a symbol for the Civil Disobedience Movement was a masterful strategic move that united the nation. This can be supported by the following arguments:</p>\n<ol>\n  <li><strong>Universal Commodity:</strong> Salt was something consumed by everyone, the rich and the poor alike, and it was one of the most essential items of food. This made the salt tax an issue that touched every Indian personally, allowing for mass mobilization.</li>\n  <li><strong>Symbol of Oppressive Rule:</strong> The British government had a monopoly over salt production and imposed a tax on it. Gandhi declared this tax to be the most oppressive face of British rule, as it affected the poorest of the poor. By challenging the Salt Law, he was challenging the legitimacy and authority of the British government itself.</li>\n  <li><strong>Mobilizing Mass Participation:</strong> The Salt March, which Gandhiji started with 78 volunteers from Sabarmati to Dandi, garnered massive public attention and participation. He urged Indians to peacefully defy the British by making their own salt. This simple act of defiance was something everyone could participate in, and as a result, students, teachers, lawyers, farmers, workers, and women joined the movement in large numbers across the country.</li>\n</ol>\n<p>(Any three points to be explained.)</p>"
                    },
                    "question_type": "Short Answer (3 marks)",
                    "difficulty_level": "easy",
                    "explanation_html": null
                  }
                ]
              },
              {
                "chapter_name": "Outcomes of Democracy",
                "questions": [
                  {
                    "question_no": 8,
                    "question_html": "<p>“Democracy’s ability to generate its own support is itself an outcome that cannot be ignored.” Analyse the statement with three examples.</p>",
                    "options": [],
                    "correct_answer": {
                      "text": "<p>The statement highlights a unique strength of democracy: it is a form of government that is preferred by its citizens, and this widespread support is one of its most important outcomes. This can be analysed with the following examples:</p>\n<ol>\n  <li><strong>Legitimacy and People's Choice:</strong> A democratic government is a legitimate government because it is elected by the people. People have the right to choose their rulers and have control over them. The fact that people consistently choose democracy over other alternatives like dictatorship shows its inherent support.</li>\n  <li><strong>Accountability and Transparency:</strong> Democracy is an accountable and transparent form of government. It ensures that decision-making is based on established norms and procedures. Every citizen has the right and the means to examine the process of decision-making. This transparency builds trust and generates support among the populace.</li>\n  <li><strong>Right to Participate:</strong> Democracy provides citizens with fundamental rights, such as the right to information and the right to vote. This active participation in the political process gives people a stake in the system, making them supporters of the democratic framework itself, even when they may be dissatisfied with a particular government.</li>\n</ol>\n<p>(Any three points to be analysed)</p>"
                    },
                    "question_type": "Short Answer (3 marks)",
                    "difficulty_level": "medium",
                    "explanation_html": null
                  }
                ]
              },
              {
                "chapter_name": "Political Parties",
                "questions": [
                  {
                    "question_no": 9,
                    "question_html": "<p>(a) “Political parties have become omnipresent in democracies all over the world.” Explain the statement with examples.</p>\n<p><strong>OR</strong></p>\n<p>(b) “There are various reforms taken to strengthen parties in India so that they perform their function well.” Explain the statement with examples.</p>",
                    "options": [],
                    "correct_answer": {
                      "text": "<p><strong>(a) Explanation for \"Political parties have become omnipresent in democracies all over the world\":</strong></p>\n<p>Political parties are an essential and visible institution of any democracy. Their omnipresence can be explained by the vital functions they perform:</p>\n<ol>\n  <li><strong>Contesting Elections:</strong> Parties select candidates and contest elections. In most democracies, elections are fought mainly among the candidates put up by political parties.</li>\n  <li><strong>Forming Policies and Programs:</strong> Parties put forward different policies and programs, and voters choose from them. A party reduces a vast multitude of opinions into a few basic positions which it supports.</li>\n  <li><strong>Making Laws:</strong> Parties play a decisive role in making laws for a country. Formally, laws are debated and passed in the legislature, but since most of the members belong to a party, they go by the direction of the party leadership.</li>\n  <li><strong>Forming and Running Governments:</strong> The party that wins a majority in the election forms and runs the government. The party recruits leaders, trains them, and then makes them ministers to run the government in the way they want.</li>\n  <li><strong>Shaping Public Opinion and Providing Access:</strong> Parties shape public opinion by raising and highlighting issues. They also provide people access to government machinery and welfare schemes implemented by the government.</li>\n</ol>\n<p>(Any five points to be explained.)</p>\n<hr>\n<p><strong>OR</strong></p>\n<p><strong>(b) Reforms to strengthen political parties in India:</strong></p>\n<p>Several reforms have been undertaken in India to strengthen political parties and improve their functioning:</p>\n<ol>\n  <li><strong>Anti-Defection Law:</strong> The Constitution was amended to prevent elected MLAs and MPs from changing parties. This was done because many elected representatives were indulging in defection in order to become ministers or for cash rewards. Now, if any MLA or MP changes parties, he or she will lose the seat in the legislature.</li>\n  <li><strong>Affidavit on Criminal and Financial Status:</strong> The Supreme Court passed an order to reduce the influence of money and criminals. It is now mandatory for every candidate who contests elections to file an affidavit giving details of their property and criminal cases pending against them.</li>\n  <li><strong>Income Tax Returns:</strong> It has been made necessary for political parties to hold their organizational elections and file their income tax returns.</li>\n  <li><strong>Organizational Elections:</strong> The Election Commission has passed an order making it necessary for political parties to hold regular organizational elections.</li>\n</ol>\n<p>(Any five points to be explained.)</p>"
                    },
                    "question_type": "Long Answer (5 marks)",
                    "difficulty_level": "medium",
                    "explanation_html": null
                  }
                ]
              },
              {
                "chapter_name": "Money and Credit",
                "questions": [
                  {
                    "question_no": 10,
                    "question_html": "<p>(a) How are ‘self-help groups’ the building blocks of the rural poor? Explain with examples.</p>\n<p><strong>OR</strong></p>\n<p>(b) How does the credit vary substantially between formal and informal lenders ? Explain with examples.</p>",
                    "options": [],
                    "correct_answer": {
                      "text": "<p><strong>(a) How 'Self-Help Groups' (SHGs) are the building blocks of the rural poor:</strong></p>\n<p>Self-Help Groups (SHGs) have emerged as a crucial tool for the economic empowerment of the rural poor, especially women. They function as building blocks in the following ways:</p>\n<ol>\n  <li><strong>Promoting Savings:</strong> SHGs are small groups of poor people (typically 15-20 members) who promote small savings among their members. These savings are pooled together, creating a financial resource for the group.</li>\n  <li><strong>Overcoming Lack of Collateral:</strong> One of the major reasons why the poor cannot get loans from banks is the lack of collateral. SHGs help borrowers overcome this problem as the group as a whole is responsible for the loan.</li>\n  <li><strong>Access to Timely Loans:</strong> Members can get timely loans for a variety of purposes at a reasonable interest rate. For example, a member can take a loan to buy seeds and fertilizers for farming, or to purchase a sewing machine for self-employment.</li>\n  <li><strong>Financial Self-Reliance:</strong> SHGs help mainly women to become financially self-reliant. If the group is regular in savings, it can also avail a loan from the bank, which further helps in creating self-employment opportunities.</li>\n  <li><strong>Platform for Social Issues:</strong> The regular meetings of the group provide a platform for members to discuss and act on various social issues such as health, nutrition, and domestic violence, thus empowering them socially as well.</li>\n</ol>\n<p>(Any five points to be explained)</p>\n<hr>\n<p><strong>OR</strong></p>\n<p><strong>(b) Variation of credit between formal and informal lenders:</strong></p>\n<p>Credit from formal and informal sources varies substantially. The key differences are:</p>\n<ol>\n  <li><strong>Supervision:</strong> Formal lenders like banks and cooperatives are supervised by the Reserve Bank of India (RBI), which ensures they follow certain rules and regulations. Informal lenders like moneylenders, traders, and relatives are not supervised by any organization.</li>\n  <li><strong>Interest Rates:</strong> Formal lenders charge a relatively low and fixed rate of interest. For example, a bank might offer a housing loan at 8-10% per annum. Informal lenders charge a much higher rate of interest, which is often not regulated. A moneylender might charge an interest rate of 3-5% per month (36-60% per annum).</li>\n  <li><strong>Collateral Requirement:</strong> Formal lenders almost always require collateral (an asset as security) against loans. For instance, a loan against property requires the property papers as collateral. Informal lenders may or may not ask for collateral, often relying on personal knowledge of the borrower.</li>\n  <li><strong>Target Group:</strong> Formal credit sources mainly serve the urban population and richer households who can provide documentation and collateral. Informal sources are the primary source of credit for the rural poor and those who cannot access bank credit.</li>\n  <li><strong>Motive:</strong> The main motive of formal lenders is social welfare along with profit. The primary motive of informal lenders is profit-making, and they may use unfair means to get their money back.</li>\n</ol>\n<p>(Any five points of difference to be examined.)</p>"
                    },
                    "question_type": "Long Answer (5 marks)",
                    "difficulty_level": "medium",
                    "explanation_html": null
                  }
                ]
              },
              {
                "chapter_name": "Nationalism in India",
                "questions": [
                  {
                    "question_no": 11,
                    "question_html": "<p>Read the case given below carefully and answer the questions that follow :</p>\n<p><strong>The Sense of Collective Belonging</strong></p>\n<p>This sense of collective belonging came partly through the experience of united struggles. But there were also a variety of cultural processes through which nationalism captured people's imagination. History and fiction, folklore and songs, popular prints and symbols, all played a part in the making of nationalism.</p>\n<p>The identity of the nation, as you know, is most often symbolised in a figure or image. This helps create an image with which people can identify the nation. It was in the twentieth century, with the growth of nationalism, that the identity of India came to be visually associated with the image of Bharat Mata. The image was first created by Bankim Chandra Chattopadhyay. In the 1870s he wrote 'Vande Mataram' as a hymn to the motherland. Later it was included in his novel Anandamath and widely sung during the Swadeshi movement in Bengal. Moved by the Swadeshi movement, Abanindranath Tagore painted his famous image of Bharat Mata. In this painting, Bharat Mata is portrayed as an ascetic figure; she is calm, composed, divine and spiritual. In subsequent years, the image of Bharat Mata acquired many different forms, as it circulated in popular prints, and was painted by different artists. Devotion to this mother figure came to be seen as evidence of one's nationalism.</p>\n<p>(11.1) How did the 'nation' become a reality in the minds of people?</p>\n<p>(11.2) How did nationalism capture the people's imagination?</p>\n<p>(11.3) How did people belonging to different groups develop a sense of collective belonging?</p>",
                    "options": [],
                    "correct_answer": {
                      "text": "<p><strong>(11.1) How the 'nation' became a reality in the minds of people:</strong></p>\n<p>The 'nation' became a reality in the minds of people through various cultural processes that symbolized it in a figure or image. This created a visual identity, like the image of Bharat Mata, with which people could identify the nation.</p>\n<p><strong>(11.2) How nationalism captured the people's imagination:</strong></p>\n<p>Nationalism captured people's imagination through cultural processes that included history and fiction, folklore and songs, and popular prints and symbols. These elements helped to create and spread nationalist feelings among the masses.</p>\n<p><strong>(11.3) How people developed a sense of collective belonging:</strong></p>\n<p>People belonging to different groups developed a sense of collective belonging through shared experiences and cultural expressions:</p>\n<ol>\n  <li><strong>United Struggles:</strong> The experience of united struggles against colonialism provided a shared bond.</li>\n  <li><strong>Cultural Symbols:</strong> The creation and popularization of symbols like the image of Bharat Mata, first by Bankim Chandra Chattopadhyay and later painted by Abanindranath Tagore, gave a concrete form to the idea of the nation.</li>\n  <li><strong>Nationalist Literature and Songs:</strong> The hymn 'Vande Mataram' and the novel 'Anandamath' instilled a sense of devotion to the motherland.</li>\n</ol>\n<p>(Any two points to be explained.)</p>"
                    },
                    "question_type": "Case-based Subjective",
                    "difficulty_level": "easy",
                    "explanation_html": null
                  }
                ]
              },
              {
                "chapter_name": "Manufacturing Industries",
                "questions": [
                  {
                    "question_no": 12,
                    "question_html": "<p>Read the case given below carefully and answer the questions that follow :</p>\n<p><strong>National Thermal Power Corporation (NTPC) shows the way</strong></p>\n<p>NTPC is a major power providing corporation in India. It has ISO certification for EMS (Environment Management System) 14001. The corporation has a proactive approach for preserving the natural environment and resources like water, oil, gas and fuels in places where it is setting up power plants. This has been possible through :</p>\n<p>(a) Optimum utilisation of equipment adopting latest techniques and upgrading existing equipment.</p>\n<p>(b) Minimising waste generation by maximising ash utilisation.</p>\n<p>(c) Providing green belts for nurturing ecological balance and addressing the question of special purpose vehicles for afforestation.</p>\n<p>(d) Reducing environmental pollution through ash pond management, ash water recycling system and liquid waste management.</p>\n<p>(e) Ecological monitoring, reviews and online database management for all its power stations.</p>\n<p>(12.1) Define the term 'sustainable development'.</p>\n<p>(12.2) What is the idea behind ISO certification?</p>\n<p>(12.3) Examine the proactive approach of National Thermal Power Corporation (NTPC).</p>",
                    "options": [],
                    "correct_answer": {
                      "text": "<p><strong>(12.1) Definition of 'Sustainable Development':</strong></p>\n<p>Sustainable development means that development should take place without damaging the environment, and the development in the present should not compromise with the needs of future generations.</p>\n<p><strong>(12.2) The idea behind ISO certification:</strong></p>\n<p>ISO certification, specifically ISO 14001 for Environment Management System (EMS), is a mark of quality and credibility for a company. It signifies that the organization adheres to international standards for managing its environmental responsibilities in a systematic manner.</p>\n<p><strong>(12.3) NTPC's proactive approach for preserving the environment:</strong></p>\n<p>NTPC's proactive approach involves several measures to preserve the natural environment and resources. These include:</p>\n<ol>\n  <li><strong>Modern Technology:</strong> Optimum utilisation of equipment by adopting the latest techniques and upgrading existing equipment to improve efficiency and reduce emissions.</li>\n  <li><strong>Waste Management:</strong> Minimising waste generation by maximising the utilisation of ash (a by-product of thermal power plants) and implementing effective liquid waste management and ash water recycling systems.</li>\n  <li><strong>Promoting Greenery:</strong> Providing green belts for nurturing ecological balance and undertaking afforestation to compensate for environmental impact.</li>\n</ol>\n<p>(Any two points to be explained)</p>"
                    },
                    "question_type": "Case-based Subjective",
                    "difficulty_level": "easy",
                    "explanation_html": null
                  }
                ]
              },
              {
                "chapter_name": "Nationalism in India",
                "questions": [
                  {
                    "question_no": 13,
                    "question_html": "<p>(i) On the given political outline map of India, identify the place marked as 'A' with the help of the following information and write its correct name on the line marked near it.</p>\n<p>A. The place where Jallianwala Bagh massacre took place.</p>\n<p>(ii) On the same given map of India, locate and label the following :</p>\n<p>(a) (I) Singrauli Thermal Plant <strong>OR</strong> (II) Mumbai Software Technology Park</p>\n<p>(b) Kolkata (Netaji Subhash Chandra Bose) International Airport</p>",
                    "images": [
                      {
                        "url": "https://img.testbuddyai.com/SocialScience-32-3-22-Q13.png"
                      }
                    ],
                    "options": [],
                    "correct_answer": {
                      "text": "<p><strong>(i) Identification on the Map:</strong></p>\n<ul>\n  <li><strong>A. The place where Jallianwala Bagh massacre took place:</strong> This place is <strong>Amritsar</strong> in Punjab. It should be identified at the location marked 'A' on the map.</li>\n</ul>\n<p><strong>(ii) Location and Labeling on the Map:</strong></p>\n<ul>\n  <li><strong>(a) (I) Singrauli Thermal Plant:</strong> This should be located and labeled in the state of <strong>Uttar Pradesh / Madhya Pradesh</strong> (as the Singrauli region spans both states).</li>\n  <li><strong>OR</strong></li>\n  <li><strong>(a) (II) Mumbai Software Technology Park:</strong> This should be located and labeled in the city of <strong>Mumbai</strong> in the state of Maharashtra.</li>\n  <li><strong>(b) Kolkata (Netaji Subhash Chandra Bose) International Airport:</strong> This should be located and labeled in the city of <strong>Kolkata</strong> in the state of West Bengal.</li>\n</ul>"
                    },
                    "question_type": "Map-based question",
                    "difficulty_level": "medium",
                    "explanation_html": null
                  }
                ]
              }
            ]
          }
        ]
      }
    ]
  }
]