[
  {
    "exam_name_actual": "CBSE Board - Class 10",
    "main_exam_id_name_ref": "CBSE Board - Class 10",
    "years": [
      {
        "year": "2022",
        "papers_or_subjects": [
          {
            "paper_name": "CBSE Class 10 Social Studies Paper 2022 (QP Code: 32/1/1)",
            "subject_name": "Social Studies",
            "chapters": [
              {
                "chapter_name": "Nationalism in India",
                "questions": [
                  {
                    "question_no": 1,
                    "question_html": "<p>Why did Indian merchants and industrialists support the Civil Disobedience Movement? Explain.</p>",
                    "options": [],
                    "correct_answer": {
                      "text": "<p>Indian merchants and industrialists supported the Civil Disobedience Movement for the following reasons:</p>\n<ol>\n  <li><strong>Protection against Imports:</strong> They wanted protection against imports of foreign goods which were cheaper and competed with their own products.</li>\n  <li><strong>Favourable Rupee-Sterling Ratio:</strong> They desired a rupee-sterling foreign exchange ratio that would discourage imports and make Indian goods more competitive.</li>\n  <li><strong>Organizing Business Interests:</strong> To organize their business interests and present a united front, they formed organizations like the Indian Industrial and Commercial Congress in 1920 and the Federation of the Indian Chamber of Commerce and Industries (FICCI) in 1927.</li>\n  <li><strong>Opposition to Colonial Control:</strong> They criticized the colonial government's control over the Indian economy and supported the Civil Disobedience Movement as a way to challenge these restrictive policies.</li>\n  <li><strong>Vision of Swaraj:</strong> For them, Swaraj meant an end to colonial restrictions on business, allowing trade and industry to flourish without constraints.</li>\n</ol>\n<p>(Any two points to be explained)</p>"
                    },
                    "question_type": "Very Short Answer (2 marks)",
                    "difficulty_level": "medium",
                    "explanation_html": null
                  }
                ]
              },
              {
                "chapter_name": "Lifelines of National Economy",
                "questions": [
                  {
                    "question_no": 2,
                    "question_html": "<p>Examine the significance of pipeline as a means of transportation in the country.</p>",
                    "options": [],
                    "correct_answer": {
                      "text": "<p>The significance of pipelines as a means of transportation in the country is as follows:</p>\n<ol>\n  <li><strong>Cost-Effective:</strong> While the initial cost of laying pipelines is high, the subsequent running and maintenance costs are minimal, making them a cost-effective mode of transport in the long run.</li>\n  <li><strong>Reduced Trans-shipment Losses and Delays:</strong> Pipelines ensure a continuous and unobstructed supply, which rules out trans-shipment (loading and unloading) losses and delays that are common in other forms of transport.</li>\n  <li><strong>Transporting Liquids and Gases:</strong> They are ideal for transporting crude oil, petroleum products, and natural gas from oil and natural gas fields to refineries, fertilizer factories, and big thermal power plants.</li>\n  <li><strong>Transporting Solids:</strong> Solids can also be transported through a pipeline when converted into a slurry (a semi-liquid mixture). This is particularly useful for transporting minerals like iron ore from mines to ports.</li>\n</ol>\n<p>(Any two points to be examined)</p>"
                    },
                    "question_type": "Very Short Answer (2 marks)",
                    "difficulty_level": "easy",
                    "explanation_html": null
                  }
                ]
              },
              {
                "chapter_name": "Political Parties",
                "questions": [
                  {
                    "question_no": 3,
                    "question_html": "<p>Why has India adopted a multi-party system? Explain.</p>",
                    "options": [],
                    "correct_answer": {
                      "text": "<p>India has adopted a multi-party system due to the following reasons:</p>\n<ol>\n  <li><strong>Social and Geographical Diversity:</strong> India is a vast country with immense social, cultural, religious, linguistic, and geographical diversity. A multi-party system allows for the representation of these varied interests and regional aspirations in the political process.</li>\n  <li><strong>Representation of Various Interests:</strong> In such a diverse society, it is not easy for two or even a single party to absorb all the different interests and opinions. A multi-party system provides a platform for various social groups and communities to form their own political parties and gain political representation.</li>\n  <li><strong>Historical Context:</strong> The evolution of politics in India since independence has led to the emergence of numerous parties at the national and regional levels, making the multi-party system a natural outcome of its democratic history.</li>\n</ol>\n<p>(Any two points to be explained)</p>"
                    },
                    "question_type": "Very Short Answer (2 marks)",
                    "difficulty_level": "medium",
                    "explanation_html": null
                  }
                ]
              },
              {
                "chapter_name": "Money and Credit",
                "questions": [
                  {
                    "question_no": 4,
                    "question_html": "<p>How is 'Demand Deposit' an essential feature of money?</p>",
                    "options": [],
                    "correct_answer": {
                      "text": "<p>'Demand Deposits' are an essential feature of money in the modern economy for the following reasons:</p>\n<ol>\n  <li><strong>Medium of Exchange:</strong> Demand deposits share the essential feature of money as they can be used as a medium of exchange. Payments can be settled through cheques, debit cards, or net banking linked to these deposits, instead of using physical cash.</li>\n  <li><strong>Accessibility:</strong> The deposits in bank accounts can be withdrawn on demand by the depositor at any time. This liquidity makes them a convenient and readily available form of money.</li>\n  <li><strong>Constitute Modern Money:</strong> In a modern economy, demand deposits, along with currency, are widely accepted as a means of payment and thus constitute the most common form of money.</li>\n</ol>\n<p>(Any two points to be explained)</p>"
                    },
                    "question_type": "Very Short Answer (2 marks)",
                    "difficulty_level": "easy",
                    "explanation_html": null
                  }
                ]
              },
              {
                "chapter_name": "Manufacturing Industries",
                "questions": [
                  {
                    "question_no": 5,
                    "question_html": "<p>Study the given flowchart and answer the questions that follow :</p>\n<p>Fibre Production &rarr; Spinning &rarr; Weaving/Knitting &rarr; Dyeing and Finishing &rarr; Garment manufacture</p>\n<p>Raw fibre &rarr; Yarn &rarr; Fabric &rarr; Garments</p>\n<p>(5.1) Which is the basic material required for garment manufacturing ?</p>\n<p>(5.2) Give one example of value addition in the textile industry.</p>",
                    "images": [
                      {
                        "url": "https://img.testbuddyai.com/SocialScience-32-1-22-Q5.png"
                      }
                    ],
                    "options": [],
                    "correct_answer": {
                      "text": "<p><strong>(5.1)</strong> The basic material required for garment manufacturing is <strong>Fabric</strong>. As shown in the flowchart, fabric is the input that undergoes dyeing, finishing, and manufacturing processes to become a garment.</p>\n<p><strong>(5.2)</strong> An example of value addition in the textile industry is the process of <strong>Spinning</strong>, where raw fibre (like cotton) is converted into yarn. This process adds value by transforming a raw material into a more useful intermediate product. Other examples include Weaving (yarn to fabric), Dyeing (adding color to fabric), and Stitching (fabric to garment).</p>"
                    },
                    "question_type": "Very Short Answer (2 marks)",
                    "difficulty_level": "easy",
                    "explanation_html": null
                  }
                ]
              },
              {
                "chapter_name": "Money and Credit",
                "questions": [
                  {
                    "question_no": 6,
                    "question_html": "<p>(a) Differentiate between formal and informal sources of Credit.</p>\n<p><strong>OR</strong></p>\n<p>(b) How does a bank work as a key component of the financial system ? Explain.</p>",
                    "options": [],
                    "correct_answer": {
                      "text": "<p><strong>(a) Differentiation between Formal and Informal Sources of Credit:</strong></p>\n<table border='1' cellpadding='5' cellspacing='0' style='border-collapse: collapse; width: 100%;'>\n  <thead>\n    <tr>\n      <th style='background-color: #f2f2f2;'>Basis</th>\n      <th style='background-color: #f2f2f2;'>Formal Sources of Credit</th>\n      <th style='background-color: #f2f2f2;'>Informal Sources of Credit</th>\n    </tr>\n  </thead>\n  <tbody>\n    <tr>\n      <td><strong>Supervision</strong></td>\n      <td>These are supervised by the Reserve Bank of India (RBI).</td>\n      <td>There is no organization to supervise their lending activities.</td>\n    </tr>\n    <tr>\n      <td><strong>Interest Rate</strong></td>\n      <td>They generally charge a lower and nominal rate of interest.</td>\n      <td>They charge a much higher rate of interest.</td>\n    </tr>\n    <tr>\n      <td><strong>Collateral</strong></td>\n      <td>Collateral is an essential condition to get loans.</td>\n      <td>Collateral is often not required.</td>\n    </tr>\n    <tr>\n      <td><strong>Examples</strong></td>\n      <td>Banks and cooperatives.</td>\n      <td>Moneylenders, traders, employers, relatives, friends, etc.</td>\n    </tr>\n  </tbody>\n</table>\n<p>(Any three points of differentiation)</p>\n<hr>\n<p><strong>OR</strong></p>\n<p><strong>(b) How a Bank Works as a Key Component of the Financial System:</strong></p>\n<p>A bank works as a key component of the financial system by acting as an intermediary between people who have surplus money and those who are in need of money. The process is as follows:</p>\n<ol>\n  <li><strong>Accepting Deposits:</strong> Banks accept deposits from the public (depositors) who have surplus funds. They offer a certain rate of interest on these deposits, ensuring the safety of the money.</li>\n  <li><strong>Extending Loans:</strong> Banks use a major portion of these deposits (typically keeping a small proportion as reserves) to extend loans to people who need money (borrowers) for various economic activities.</li>\n  <li><strong>Mediating and Earning Income:</strong> Banks charge a higher rate of interest on loans than what they offer on deposits. The difference between these two rates is the main source of income for the bank. In this way, banks mediate between depositors and borrowers, facilitating the flow of funds in the economy and promoting investment and economic growth.</li>\n</ol>\n<p>(Any three points to be explained)</p>"
                    },
                    "question_type": "Short Answer (3 marks)",
                    "difficulty_level": "medium",
                    "explanation_html": null
                  }
                ]
              },
              {
                "chapter_name": "Nationalism in India",
                "questions": [
                  {
                    "question_no": 7,
                    "question_html": "<p>\"It was essential to preserve folk tradition in order to discover one's national identity and restore a sense of pride in one's past.\" Support the statement in reference to India.</p>",
                    "options": [],
                    "correct_answer": {
                      "text": "<p>The statement is accurate in the context of India's struggle for independence. The preservation of folk tradition was essential in fostering a national identity and a sense of pride for the following reasons:</p>\n<ol>\n  <li><strong>Revival of Indian Folklore:</strong> As the nationalist movement developed, leaders understood the importance of folklore in shaping a collective identity. They began collecting and recording folk songs, tales, and legends sung by bards in villages to promote the idea of nationalism. This was seen as a way to revive the true and uncorrupted culture of the nation, which had been damaged by colonial rule.</li>\n  <li><strong>Creating a Sense of Common Past:</strong> These folk traditions were considered a manifestation of the people's real thoughts and characteristics. They helped in creating a sense of a shared past and collective belonging among diverse communities, uniting them against the foreign oppressor.</li>\n  <li><strong>Instilling a Sense of Pride:</strong> Figures like Rabindranath Tagore in Bengal and Natesa Sastri in Madras played a pivotal role. Sastri published a massive four-volume collection of Tamil folk tales, 'The Folklore of Southern India', believing that folklore was national literature and 'the most trustworthy manifestation of people’s real thoughts and characteristics'. By showcasing the richness of their past, they sought to instill a sense of pride in the Indian folk history and culture.</li>\n</ol>\n<p>(Any three points to be explained)</p>"
                    },
                    "question_type": "Short Answer (3 marks)",
                    "difficulty_level": "hard",
                    "explanation_html": null
                  }
                ]
              },
              {
                "chapter_name": "Political Parties",
                "questions": [
                  {
                    "question_no": 8,
                    "question_html": "<p>Explain the role of Election Commission in the 'registration and recognition' of political parties in India.</p>",
                    "options": [],
                    "correct_answer": {
                      "text": "<p>The Election Commission of India plays a crucial role in the registration and recognition of political parties. Its key functions in this regard are:</p>\n<ol>\n  <li><strong>Registration:</strong> Every political party in the country has to register with the Election Commission. The Commission examines their application, ensuring they adhere to the principles of democracy, socialism, and secularism as enshrined in the Indian Constitution.</li>\n  <li><strong>Equality and Symbol Allotment:</strong> The Commission treats all registered parties equally. It allots a unique election symbol to recognized parties. Only the official candidates of that party can use that election symbol, which helps voters identify candidates.</li>\n  <li><strong>Recognition as State and National Parties:</strong> Based on a party's performance in elections, the Election Commission grants recognition as a 'State party' or a 'National party'. Specific criteria, such as a minimum percentage of total votes or a certain number of seats won in elections (Lok Sabha or Legislative Assembly), must be met for this recognition. For example, to be a National party, a party needs at least 6% of total votes in Lok Sabha or Assembly elections in four states and must win at least four seats in the Lok Sabha. Recognized parties are offered certain privileges, such as a unique symbol and free airtime on state-owned television and radio during elections.</li>\n</ol>\n<p>(Any three points to be explained)</p>"
                    },
                    "question_type": "Short Answer (3 marks)",
                    "difficulty_level": "medium",
                    "explanation_html": null
                  }
                ]
              },
              {
                "chapter_name": "Outcomes of Democracy",
                "questions": [
                  {
                    "question_no": 9,
                    "question_html": "<p>(a) \"Democracy is a better form of government than any other alternative.\" Analyse the statement.</p>\n<p><strong>OR</strong></p>\n<p>(b) Analyse the reasons for the overwhelming support for the idea of democracy all over the world.</p>",
                    "options": [],
                    "correct_answer": {
                      "text": "<p><strong>(a) Analysis of the statement \"Democracy is a better form of government than any other alternative\":</strong></p>\n<p>Democracy is considered a better form of government when compared to alternatives like dictatorship or monarchy for several reasons:</p>\n<ol>\n  <li><strong>Promotes Equality:</strong> Democracy is based on the principle of political equality. It guarantees all citizens the right to vote and contest elections, regardless of their caste, creed, religion, race, or gender.</li>\n  <li><strong>Enhances Dignity of the Individual:</strong> By giving citizens fundamental rights and the power to choose their own rulers, democracy enhances the dignity and freedom of the individual.</li>\n  <li><strong>Improves Quality of Decision-Making:</strong> Democratic decisions are made after consultation and discussion among various groups and representatives. While this process can be time-consuming, it reduces the chances of rash or irresponsible decisions and leads to more acceptable and effective outcomes.</li>\n  <li><strong>Provides a Method to Resolve Conflicts:</strong> In diverse countries like India, democracy provides a peaceful mechanism to manage social differences and conflicts. Open discussion and negotiation help in accommodating different social groups.</li>\n  <li><strong>Allows Room to Correct Mistakes:</strong> Democracy allows for public debate on the government's mistakes and provides a space for correction. If a government fails to meet the expectations of the people, it can be changed in the next election.</li>\n  <li><strong>Accountable and Legitimate Government:</strong> A democratic government is accountable to the people. It has to respond to the needs and demands of its citizens. It is also a legitimate government as it is elected by the people.</li>\n</ol>\n<p>(Any five points to be analysed)</p>\n<hr>\n<p><strong>OR</strong></p>\n<p><strong>(b) Reasons for the overwhelming support for the idea of democracy all over the world:</strong></p>\n<p>The idea of democracy enjoys overwhelming support across the world due to the following reasons:</p>\n<ol>\n  <li><strong>People's Own Government:</strong> A democratic government is a government of the people, for the people, and by the people. It is the people's own government, and citizens want to be rulers of themselves by electing their representatives.</li>\n  <li><strong>Dignity and Freedom:</strong> Democracy provides dignity and freedom to its citizens. It is based on the principle of political equality and recognizes that the poorest and the least educated have the same status as the rich and the educated. This commitment to individual freedom and dignity is a major draw.</li>\n  <li><strong>Accommodation of Social Diversity:</strong> Democratic systems are better equipped to handle social differences, divisions, and conflicts. They develop procedures to conduct competition and reduce the possibility of tensions becoming explosive or violent, which is attractive in diverse societies.</li>\n  <li><strong>Idea of Discussion and Negotiation:</strong> Democracy is based on the idea of deliberation and negotiation. Decision-making involves norms and procedures, which ensures that decisions are more acceptable to the people and are more effective.</li>\n  <li><strong>Legitimacy and Accountability:</strong> A democratic government is a legitimate government because it is elected by the people. This legitimacy and the fact that it is accountable to the citizens make it a preferred form of governance.</li>\n</ol>\n<p>(Any five points to be analysed)</p>"
                    },
                    "question_type": "Long Answer (5 marks)",
                    "difficulty_level": "medium",
                    "explanation_html": null
                  }
                ]
              },
              {
                "chapter_name": "Globalization and the Indian Economy",
                "questions": [
                  {
                    "question_no": 10,
                    "question_html": "<p>(a) Examine the factors which facilitate globalization in India.</p>\n<p><strong>OR</strong></p>\n<p>(b) Assess, how globalization has touched the lives of larger society.</p>",
                    "options": [],
                    "correct_answer": {
                      "text": "<p><strong>(a) Factors that facilitate globalization in India:</strong></p>\n<p>Globalization is the process of rapid integration or interconnection between countries. Several factors have facilitated this process in India:</p>\n<ol>\n  <li><strong>Technology:</strong> Rapid improvements in technology have been a major factor. The development of information and communication technology (computers, internet, telecommunications) has made it easier to communicate across the globe and access information instantly, enabling service-based industries to expand globally.</li>\n  <li><strong>Transportation:</strong> Improvements in transportation technology have made it much faster and cheaper to move goods across long distances. The development of container services for shipping, for example, has significantly reduced port handling costs and increased the speed with which exports can reach markets.</li>\n  <li><strong>Liberalization of Policies:</strong> The Indian government's adoption of liberalized policies since 1991 has been a key driver. This involved removing barriers or restrictions on foreign trade and foreign investment, allowing for a freer flow of goods, services, and capital between countries.</li>\n  <li><strong>Foreign Investment:</strong> Liberalization has encouraged Multi-National Corporations (MNCs) to increase their foreign investment in India, bringing in new technology, creating jobs, and integrating the Indian economy with the global market.</li>\n  <li><strong>International Organizations (WTO):</strong> The establishment of organizations like the World Trade Organization (WTO) has also facilitated globalization. The WTO aims to liberalize international trade and sets rules for its member countries, encouraging a more open global economy.</li>\n</ol>\n<p>(Any five points to be examined)</p>\n<hr>\n<p><strong>OR</strong></p>\n<p><strong>(b) Assessment of how globalization has touched the lives of larger society:</strong></p>\n<p>Globalization has had a profound impact on the lives of the larger society, with both positive and negative effects:</p>\n<ol>\n  <li><strong>Greater Choice for Consumers:</strong> Consumers now have a wider variety of goods and services available to them from across the world. This greater choice often comes with improved quality and lower prices due to increased competition among producers.</li>\n  <li><strong>Improved Quality of Life:</strong> For many, especially in urban areas, globalization has led to an improved quality of life. Access to new technology-oriented products like cellphones, automobiles, and electronics has become widespread.</li>\n  <li><strong>Creation of New Job Opportunities:</strong> The arrival of MNCs and the growth of industries like IT, BPOs (call centers), and manufacturing have created new job opportunities for a large number of people, particularly the educated, English-speaking youth.</li>\n  <li><strong>Advantage to Producers:</strong> Globalization has been advantageous for both local and foreign producers. Local companies have had opportunities to collaborate with foreign firms, adopt new technologies, and access global markets.</li>\n  <li><strong>Increased Competition:</strong> While competition has benefited consumers, it has posed challenges for small, local producers who may struggle to compete with large MNCs in terms of price, quality, and marketing.</li>\n</ol>\n<p>(Any five points to be assessed)</p>"
                    },
                    "question_type": "Long Answer (5 marks)",
                    "difficulty_level": "medium",
                    "explanation_html": null
                  }
                ]
              },
              {
                "chapter_name": "Nationalism in India",
                "questions": [
                  {
                    "question_no": 11,
                    "question_html": "<p>Read the case given below carefully and answer the questions that follow :</p>\n<p><strong>The Independence Day Pledge, 26 January, 1930</strong></p>\n<p>'We believe that it is the inalienable right of the Indian people, as of any other people, to have freedom and to enjoy the fruits of their toil and have the necessities of life, so that they may have full opportunities of growth. We believe also that if any government deprives a people of these rights and oppresses them, the people have a further right to alter it or to abolish it. The British Government in India has not only deprived the Indian people of their freedom but has based itself on the exploitation of the masses, and has ruined India economically, politically, culturally, and spiritually. We believe, therefore, that India must sever the British connection and attain Purna Swaraj or Complete Independence.'</p>\n<p>(11.1) Why was freedom considered an inalienable right of the Indian people?</p>\n<p>(11.2) Why was Purna Swaraj considered essential by the people of India?</p>\n<p>(11.3) Explain the significance of the Lahore Session of Congress (1929).</p>",
                    "options": [],
                    "correct_answer": {
                      "text": "<p><strong>(11.1) Why freedom was considered an inalienable right of the Indian people:</strong></p>\n<p>According to the pledge, freedom was considered an inalienable right because it allows people to enjoy the fruits of their hard work, have the basic necessities of life, and thereby get full opportunities for growth and development.</p>\n<p><strong>(11.2) Why Purna Swaraj was considered essential by the people of India:</strong></p>\n<p>Purna Swaraj (Complete Independence) was considered essential because the British government had not only deprived Indians of their freedom but had also ruined the country economically, politically, culturally, and spiritually through exploitation. Therefore, severing all ties with Britain was necessary for India's revival.</p>\n<p><strong>(11.3) Significance of the Lahore Session of Congress (1929):</strong></p>\n<p>The Lahore Session of Congress in December 1929 holds great significance for two main reasons:</p>\n<ol>\n  <li><strong>Declaration of Purna Swaraj:</strong> The Congress, under the presidency of Jawaharlal Nehru, passed the historic 'Purna Swaraj' (Complete Independence) resolution. This marked a shift in the goal of the nationalist movement from dominion status to complete independence from British rule.</li>\n  <li><strong>Decision to celebrate Independence Day:</strong> It was decided that 26th January 1930 would be celebrated as the 'Purna Swaraj' or Independence Day, and people would take a pledge to struggle for complete independence. This date was chosen to be commemorated, and later, the Constitution of India was adopted on January 26, 1950, to honor its significance.</li>\n</ol>\n<p>(Any two points to be explained for 11.3)</p>"
                    },
                    "question_type": "Case-based Subjective",
                    "difficulty_level": "medium",
                    "explanation_html": null
                  }
                ]
              },
              {
                "chapter_name": "Lifelines of National Economy",
                "questions": [
                  {
                    "question_no": 12,
                    "question_html": "<p>Read the case given below carefully and answer the questions that follow :</p>\n<p><strong>Lifelines of National Economy</strong></p>\n<p>For a long time, trade and transport were restricted to a limited space. With the development in science and technology, the area of influence of trade and transport expanded far and wide. Today, the world has been converted into a large village with the help of efficient and fast moving transport. Transport has been able to achieve this with the help of equally developed communication system. Therefore, transport, communication and trade are complementary to each other.</p>\n<p>Today, India is well-linked with the rest of the world despite its vast size, diversity and linguistic and socio-cultural plurality. Railways, airways, waterways, newspapers, radio, television, cinema and internet, etc. have been contributing to its socio-economic progress in many ways. The trades from local to international levels have added to the vitality of its economy. It has enriched our life and added substantially to growing amenities and facilities for the comforts of life.</p>\n<p>(12.1) How is science an important factor in the development of transport?</p>\n<p>(12.2) How has transport integrated socio-cultural plurality ? Explain.</p>\n<p>(12.3) Analyse the significance of communication for a nation.</p>",
                    "options": [],
                    "correct_answer": {
                      "text": "<p><strong>(12.1) How science is an important factor in the development of transport:</strong></p>\n<p>Science and technology are crucial factors in the development of transport as they have led to the creation of efficient and fast-moving modes of transportation (like modern railways, aircraft, and large ships). This development has expanded the influence of trade and transport far and wide, effectively shrinking distances and turning the world into a 'large village'.</p>\n<p><strong>(12.2) How transport has integrated socio-cultural plurality:</strong></p>\n<p>Transport systems like railways, airways, and waterways have played a key role in integrating India's socio-cultural plurality. By connecting different regions of the vast country, they facilitate the movement of people, ideas, and cultures. This interaction helps in the assimilation of diverse cultures, promotes national unity, and links India effectively with the rest of the world, despite its internal diversities.</p>\n<p><strong>(12.3) The significance of communication for a nation:</strong></p>\n<p>Communication is significant for a nation for the following reasons:</p>\n<ol>\n  <li><strong>Source of Information and Awareness:</strong> Mass communication channels like newspapers, radio, and television create awareness among people about national programmes and policies. They are a primary source of information and entertainment.</li>\n  <li><strong>Enables Economic Activity:</strong> Communication is essential for trade, commerce, and other economic activities. It enables the exchange of information, facilitates transactions, and connects producers with consumers.</li>\n  <li><strong>Economic Growth and Integration:</strong> An efficient communication system is vital for economic growth and for connecting a country with the global economy. It offers social, economic, and political advantages by making the world closer and more accessible.</li>\n</ol>\n<p>(Any two points to be analysed for 12.3)</p>"
                    },
                    "question_type": "Case-based Subjective",
                    "difficulty_level": "easy",
                    "explanation_html": null
                  }
                ]
              },
              {
                "chapter_name": "Nationalism in India",
                "questions": [
                  {
                    "question_no": 13,
                    "question_html": "<p>(i) On the given political outline map of India, identify the place marked as ‘A' with the help of the following information and write its correct name on the line marked near it.</p>\n<p>A. The place where Non-Cooperation Movement was called off due to violence.</p>\n<p>(ii) On the same given map of India, locate and label the following :</p>\n<p>(a) (I) Narora Nuclear Power Plant <strong>OR</strong> (II) Bengaluru Software Technology Park</p>\n<p>(b) Indira Gandhi International Airport</p>",
                    "images": [
                      {
                        "url": "https://img.testbuddyai.com/SocialScience-32-1-22-Q13.png"
                      }
                    ],
                    "options": [],
                    "correct_answer": {
                      "text": "<p>The answers for the map-based questions are as follows:</p>\n<p><strong>(i) A. The place where Non-Cooperation Movement was called off due to violence:</strong></p>\n<ul>\n  <li><strong>Chauri Chaura</strong> (in Uttar Pradesh). Mahatma Gandhi called off the Non-Cooperation Movement in 1922 after a violent incident at this location.</li>\n</ul>\n<p><strong>(ii) Location and labeling on the map of India:</strong></p>\n<ul>\n  <li><strong>(a) (I) Narora Nuclear Power Plant:</strong> This should be located and labeled in the state of <strong>Uttar Pradesh</strong>.</li>\n  <li><strong>(a) (II) Bengaluru Software Technology Park:</strong> This should be located and labeled in the city of Bengaluru in the state of <strong>Karnataka</strong>.</li>\n  <li><strong>(b) Indira Gandhi International Airport:</strong> This should be located and labeled in <strong>Delhi</strong>.</li>\n</ul>"
                    },
                    "question_type": "Short Answer (3 marks)",
                    "difficulty_level": "medium",
                    "explanation_html": null
                  }
                ]
              }
            ]
          }
        ]
      }
    ]
  }
]