[
  {
    "exam_name_actual": "CBSE Board - Class 10",
    "main_exam_id_name_ref": "CBSE Board - Class 10",
    "years": [
      {
        "year": "2022",
        "papers_or_subjects": [
          {
            "paper_name": "CBSE Class 10 Social Studies Paper 2022 (QP Code: 32/4/1)",
            "subject_name": "Social Studies",
            "chapters": [
              {
                "chapter_name": "Nationalism in India",
                "questions": [
                  {
                    "question_no": 1,
                    "question_html": "<p>Why did Mahatma Gandhiji travel to Champaran in Bihar in 1917? Explain.</p>",
                    "options": [],
                    "correct_answer": {
                      "text": "<p>Mahatma Gandhiji travelled to Champaran in Bihar in 1917 for the following reasons:</p>\n<ol>\n  <li>To inspire the peasants, who were primarily indigo planters, to struggle against the oppressive plantation system imposed by the British.</li>\n  <li>He aimed to organize a Satyagraha movement for the indigo planters to fight for their rights and against the injustice they faced.</li>\n</ol>"
                    },
                    "question_type": "Very Short Answer (2 marks)",
                    "difficulty_level": "easy",
                    "explanation_html": null
                  }
                ]
              },
              {
                "chapter_name": "Lifelines of National Economy",
                "questions": [
                  {
                    "question_no": 2,
                    "question_html": "<p>Explain the importance of National Highways in India.</p>",
                    "options": [],
                    "correct_answer": {
                      "text": "<p>The importance of National Highways in India is as follows:</p>\n<ol>\n  <li><strong>Primary Road System:</strong> They are the primary road systems in the country, linking extreme parts of India.</li>\n  <li><strong>Maintenance and Connectivity:</strong> They are laid and maintained by the Central Public Works Department (C.P.W.D.). A number of major National Highways run in North-South and East-West directions, connecting major cities and state capitals.</li>\n</ol>\n<p>(Any two points to be explained)</p>"
                    },
                    "question_type": "Very Short Answer (2 marks)",
                    "difficulty_level": "easy",
                    "explanation_html": null
                  }
                ]
              },
              {
                "chapter_name": "Manufacturing Industries",
                "questions": [
                  {
                    "question_no": 3,
                    "question_html": "<p>Classify industries on the basis of source of raw materials.</p>",
                    "options": [],
                    "correct_answer": {
                      "text": "<p>On the basis of the source of raw materials, industries are classified as:</p>\n<ol>\n  <li><strong>Agro-based Industries:</strong> These industries use agricultural products as their raw materials. Examples include cotton, woollen, jute, sugar, and rubber industries.</li>\n  <li><strong>Mineral-based Industries:</strong> These industries use minerals as raw materials. Examples include iron and steel, cement, aluminium, and machine tools industries.</li>\n</ol>"
                    },
                    "question_type": "Very Short Answer (2 marks)",
                    "difficulty_level": "easy",
                    "explanation_html": null
                  }
                ]
              },
              {
                "chapter_name": "Political Parties",
                "questions": [
                  {
                    "question_no": 4,
                    "question_html": "<p>How is one-party system different from two-party system? Explain with examples.</p>",
                    "options": [],
                    "correct_answer": {
                      "text": "<p>The difference between a one-party and a two-party system is as follows:</p>\n<ol>\n  <li><strong>One-Party System:</strong> In this system, only one party is allowed to control and run the government. Citizens do not have a choice of candidates or parties. For example, in China, only the Communist Party is allowed to rule.</li>\n  <li><strong>Two-Party System:</strong> In this system, power usually changes between two main parties. Several other parties may exist, but only the two main parties have a serious chance of winning a majority of seats to form the government. For example, the United States of America (USA) and the United Kingdom (UK) have two-party systems.</li>\n</ol>"
                    },
                    "question_type": "Very Short Answer (2 marks)",
                    "difficulty_level": "easy",
                    "explanation_html": null
                  }
                ]
              },
              {
                "chapter_name": "Money and Credit",
                "questions": [
                  {
                    "question_no": 5,
                    "question_html": "<p>How do double coincidence of wants arise?</p>",
                    "options": [],
                    "correct_answer": {
                      "text": "<p>Double coincidence of wants arises in a barter system where goods are directly exchanged without the use of money. It is a situation where two parties have to agree to sell and buy each other's commodities. For instance, if a person wants to exchange wheat for shoes, they must find someone who has shoes and is also willing to exchange them for wheat. This mutual agreement on the exchange of goods is the double coincidence of wants, and it is an essential feature of the barter system.</p>\n<p>(Any two points to be mentioned)</p>"
                    },
                    "question_type": "Very Short Answer (2 marks)",
                    "difficulty_level": "easy",
                    "explanation_html": null
                  }
                ]
              },
              {
                "chapter_name": "Nationalism in India",
                "questions": [
                  {
                    "question_no": 6,
                    "question_html": "<p>(a) Why did Mahatma Gandhi decide to withdraw the Non-Cooperation Movement in February 1922? Explain.</p>\n<p><strong>OR</strong></p>\n<p>(b) How did the First World War create a new economic situation in India? Explain.</p>",
                    "options": [],
                    "correct_answer": {
                      "text": "<p><strong>(a) Withdrawal of the Non-Cooperation Movement:</strong></p>\n<p>Mahatma Gandhi decided to withdraw the Non-Cooperation Movement in February 1922 because:</p>\n<ol>\n  <li><strong>Chauri-Chaura Incident:</strong> In February 1922, a peaceful demonstration at Chauri-Chaura in Gorakhpur, Uttar Pradesh, turned into a violent clash with the police, resulting in the death of 22 policemen.</li>\n  <li><strong>Movement Turning Violent:</strong> Hearing of this incident, Mahatma Gandhi called a halt to the movement. He felt that the movement was turning violent in many places and that the satyagrahis needed to be properly trained for mass struggles before they were ready for another movement.</li>\n</ol>\n<hr>\n<p><strong>OR</strong></p>\n<p><strong>(b) New Economic Situation in India due to the First World War:</strong></p>\n<p>The First World War created a new economic situation in India in the following ways:</p>\n<ol>\n  <li><strong>Increase in Defence Expenditure:</strong> The war led to a huge increase in defence expenditure, which was financed by war loans and increasing taxes.</li>\n  <li><strong>Taxation and Price Rise:</strong> Customs duties were raised, and income tax was introduced. The prices of goods increased, doubling between 1913 and 1918, which led to extreme hardship for the common people.</li>\n  <li><strong>Acute Food Shortage:</strong> The war years were accompanied by crop failures in many parts of India, leading to acute shortages of food. This was worsened by an influenza epidemic.</li>\n</ol>\n<p>(Any three points to be explained)</p>"
                    },
                    "question_type": "Short Answer (3 marks)",
                    "difficulty_level": "medium",
                    "explanation_html": null
                  }
                ]
              },
              {
                "chapter_name": "Outcomes of Democracy",
                "questions": [
                  {
                    "question_no": 7,
                    "question_html": "<p>Analyse the outcomes of democracies in terms of economic growth and development.</p>",
                    "options": [],
                    "correct_answer": {
                      "text": "<p>The outcomes of democracies in terms of economic growth and development are varied:</p>\n<ol>\n  <li><strong>Limited Economic Development:</strong> Evidence shows that in practice, most democracies have had a slightly lower rate of economic growth compared to some dictatorships for a similar period (1950-2000). However, this difference is negligible.</li>\n  <li><strong>Influencing Factors:</strong> Economic development is affected by several factors, such as the country's population size, its global situation, and cooperation from other countries. The form of government is just one of the factors.</li>\n  <li><strong>Economic Inequalities:</strong> In most democratic countries, significant economic inequalities have been observed. A small number of ultra-rich individuals enjoy a highly disproportionate share of wealth and incomes.</li>\n  <li><strong>Focus on Equitable Distribution:</strong> Despite potentially slower growth, most democracies try to distribute wealth in a way that all citizens of the country will have a share and can lead a better life, which is a key aspect of development.</li>\n</ol>\n<p>(Any three points to be analysed)</p>"
                    },
                    "question_type": "Short Answer (3 marks)",
                    "difficulty_level": "hard",
                    "explanation_html": null
                  }
                ]
              },
              {
                "chapter_name": "Money and Credit",
                "questions": [
                  {
                    "question_no": 8,
                    "question_html": "<p>Explain the three important ‘terms of Credit’.</p>",
                    "options": [],
                    "correct_answer": {
                      "text": "<p>The three important 'terms of credit' are:</p>\n<ol>\n  <li><strong>Interest Rate:</strong> This is the rate at which interest is to be paid on the principal amount of the loan. It is usually expressed as a percentage per annum. The borrower must pay this amount to the lender along with the repayment of the principal.</li>\n  <li><strong>Collateral:</strong> This is an asset that the borrower owns (such as land, building, vehicle, or deposits with banks) and uses as a guarantee to a lender until the loan is repaid. If the borrower fails to repay the loan, the lender has the right to sell the collateral to obtain payment.</li>\n  <li><strong>Documentation Requirement:</strong> This refers to the documents that the lender requires from the borrower before sanctioning a loan. These typically include proof of identity, address, and income or employment to assess the creditworthiness of the borrower.</li>\n</ol>\n<p>(Also includes: The mode of repayment)</p>"
                    },
                    "question_type": "Short Answer (3 marks)",
                    "difficulty_level": "easy",
                    "explanation_html": null
                  }
                ]
              },
              {
                "chapter_name": "Political Parties",
                "questions": [
                  {
                    "question_no": 9,
                    "question_html": "<p>(a) Examine any five major challenges faced by the political parties in India.</p>\n<p><strong>OR</strong></p>\n<p>(b) “Political parties play an important role in democratic countries.” Justify the statement.</p>",
                    "options": [],
                    "correct_answer": {
                      "text": "<p><strong>(a) Five major challenges faced by political parties in India:</strong></p>\n<ol>\n  <li><strong>Lack of Internal Democracy:</strong> Many political parties do not practice internal democracy. Power tends to be concentrated in the hands of one or a few leaders at the top. Ordinary members often do not get sufficient information on what happens inside the party and have no say in the decisions.</li>\n  <li><strong>Dynastic Succession:</strong> Since most political parties do not have transparent procedures, the leaders are in a position to favour people close to them or even their family members. In many parties, the top positions are always controlled by members of one family.</li>\n  <li><strong>Money and Muscle Power:</strong> Parties tend to nominate those candidates who have or can raise a lot of money. The increasing role of rich people and big companies in the democratic process is a concern. Parties also sometimes support criminals who can win elections.</li>\n  <li><strong>Lack of Meaningful Choice:</strong> In recent years, there has been a decline in the ideological differences among parties in most parts of the world. This means that voters often do not have a meaningful choice. For example, the difference between the economic policies of major parties is often very little.</li>\n  <li><strong>Defection:</strong> A significant challenge is the tendency of elected representatives to switch parties for personal gain, which undermines the mandate given by the voters.</li>\n</ol>\n<p>(Any five points to be examined)</p>\n<hr>\n<p><strong>OR</strong></p>\n<p><strong>(b) The important role of political parties in democratic countries:</strong></p>\n<p>Political parties are essential to democracies as they perform several key functions:</p>\n<ol>\n  <li><strong>Contesting Elections:</strong> Parties select their candidates and contest elections to win political power.</li>\n  <li><strong>Formulating Policies and Programmes:</strong> Parties put forward different policies and programmes and voters choose from them. They shape public policies that reflect the interests of the people they represent.</li>\n  <li><strong>Making Laws:</strong> Parties play a decisive role in making laws for the country. Members of the legislature belonging to a party vote according to the party's direction.</li>\n  <li><strong>Forming and Running the Government:</strong> The party that wins a majority in elections forms and runs the government, implementing its policies and programmes.</li>\n  <li><strong>Playing the Role of Opposition:</strong> Parties that lose the election play the role of opposition. They voice different views and criticise the government for its failures or wrong policies.</li>\n</ol>\n<p>(Any five points to be examined)</p>"
                    },
                    "question_type": "Long Answer (5 marks)",
                    "difficulty_level": "medium",
                    "explanation_html": null
                  }
                ]
              },
              {
                "chapter_name": "Globalization and the Indian Economy",
                "questions": [
                  {
                    "question_no": 10,
                    "question_html": "<p>(a) How are our markets transformed in recent years? Explain with examples.</p>\n<p><strong>OR</strong></p>\n<p>(b) How do Multi National Corporations (MNCs) interlink production across countries? Explain with examples.</p>",
                    "options": [],
                    "correct_answer": {
                      "text": "<p><strong>(a) Transformation of markets in recent years:</strong></p>\n<p>In recent years, especially after 1991, markets have been transformed due to the process of globalization and liberalization:</p>\n<ol>\n  <li><strong>Integration with Foreign Markets:</strong> Indian markets have been integrated with foreign markets. Barriers on foreign trade and foreign investment have been removed to a large extent.</li>\n  <li><strong>Wider Choice of Goods:</strong> There is a wide choice of goods and services available in the market. For example, the latest models of digital cameras, mobile phones, and televisions made by leading companies of the world are now within the reach of consumers in India.</li>\n  <li><strong>Increased Foreign Trade:</strong> Producers can sell their products not only in domestic markets but also in foreign markets. Import and export decisions are now taken more freely by businesses.</li>\n  <li><strong>Increased Investment by MNCs:</strong> MNCs have increased their investments in India in the last few years, leading to new products, choices, and jobs. For example, new models of automobiles from various global brands can be seen on Indian roads.</li>\n  <li><strong>Emergence of Indian MNCs:</strong> Globalization has enabled some large Indian companies, like Tata Motors and Infosys, to emerge as MNCs themselves.</li>\n</ol>\n<p>(Any five points to be explained)</p>\n<hr>\n<p><strong>OR</strong></p>\n<p><strong>(b) How MNCs interlink production across countries:</strong></p>\n<p>MNCs interlink production across countries in various ways:</p>\n<ol>\n  <li><strong>Setting up Production Units:</strong> MNCs set up production units (offices and factories) in different countries where they can get cheap labour and other resources. They often choose locations close to the markets.</li>\n  <li><strong>Acquiring Local Companies:</strong> A common route for MNCs to expand production is to buy up local companies. The wealth of an MNC often exceeds the entire budget of a developing country's government, making it easy for them to do so.</li>\n  <li><strong>Joint Ventures:</strong> At times, MNCs set up production jointly with some of the local companies. The local company benefits from the additional investment and the latest technology that the MNC provides.</li>\n  <li><strong>Placing Orders with Small Producers:</strong> Large MNCs in developed countries place orders for production with small producers in developing countries. For example, garments, footwear, and sports items are produced by a large number of small producers around the world for MNCs.</li>\n  <li><strong>Global Supply Chains:</strong> By doing this, MNCs spread their production and interact with local producers in various countries across the globe, creating a global supply chain.</li>\n</ol>\n<p>(Any five points to be explained)</p>"
                    },
                    "question_type": "Long Answer (5 marks)",
                    "difficulty_level": "medium",
                    "explanation_html": null
                  }
                ]
              },
              {
                "chapter_name": "Nationalism in India",
                "questions": [
                  {
                    "question_no": 11,
                    "question_html": "<p>Read the given case and answer the questions that follow :</p>\n<p><strong>Mahatma Gandhi's thoughts on Satyagraha</strong></p>\n<p>'It is said of “passive resistance\" that it is the weapon of the weak, but the power which is the subject of this article can be used only by the strong. This power is not passive resistance; indeed it calls for intense activity. The movement in South Africa was not passive but active ...'</p>\n<p>'Satyagraha is not physical force. A satyagrahi does not inflict pain on the adversary; he does not seek his destruction ... In the use of satyagraha, there is no ill-will whatever.'</p>\n<p>'Satyagraha is pure soul-force. Truth is the very substance of the soul. That is why this force is called satyagraha. The soul is informed with knowledge. In it burns the flame of love ... Non-violence is the supreme dharma ...'</p>\n<p>'It is certain that India cannot rival Britain or Europe in force of arms. The British worship the war-god and they can all of them become, as they are becoming, bearers of arms. The hundreds of millions in India can never carry arms. They have made the religion of non-violence their own ...'</p>\n<p>(11.1) What type of movement Gandhiji organised in South Africa?</p>\n<p>(11.2) Why is satyagraha considered as pure soul-force?</p>\n<p>(11.3) How has Gandhiji described passive resistance?</p>",
                    "options": [],
                    "correct_answer": {
                      "text": "<p><strong>(11.1) Movement organised by Gandhiji in South Africa:</strong></p>\n<p>Gandhiji organised a Satyagraha movement in South Africa against the racial discrimination by the white regime. According to him, this movement was not passive but an active form of resistance.</p>\n<p><strong>(11.2) Why Satyagraha is considered pure soul-force:</strong></p>\n<p>Satyagraha is considered pure soul-force because its very substance is Truth. 'Satya' means truth, and as truth is the substance of the soul, the force derived from it is pure soul-force. It is based on love and non-violence, not physical force.</p>\n<p><strong>(11.3) Gandhiji's description of passive resistance:</strong></p>\n<p>Gandhiji distinguished Satyagraha from passive resistance. He described passive resistance as a weapon of the weak, whereas Satyagraha, the power he advocated, could only be used by the strong. He clarified that Satyagraha is not passive but an active force that requires intense activity and is not based on any ill-will towards the adversary.</p>\n<p>(Any two points to be described)</p>"
                    },
                    "question_type": "Case-based Subjective",
                    "difficulty_level": "medium",
                    "explanation_html": null
                  }
                ]
              },
              {
                "chapter_name": "Manufacturing Industries",
                "questions": [
                  {
                    "question_no": 12,
                    "question_html": "<p>Read the given case and answer the questions that follow:</p>\n<p>Challenges faced by the Jute industry include stiff competition in the international market from synthetic substitutes and from other competitors like Bangladesh, Brazil, Philippines, Egypt and Thailand. However, the internal demand has been on the increase due to the Government policy of mandatory use of jute packaging. To stimulate demand, the products need to be diversified. In 2005, National Jute Policy was formulated with the objective of increasing productivity, improving quality, ensuring good prices to the jute farmers and enhancing the yield per hectare. The main markets are U.S.A., Canada, Russia, United Arab Republic, U.K. and Australia. The growing global concern for environment friendly, biodegradable materials, has once again opened the opportunity for jute products.</p>\n<p>(12.1) Mention any two challenges faced by 'jute industry' in India.</p>\n<p>(12.2) What was the main objective of National Jute Policy formulated in 2005?</p>\n<p>(12.3) How has jute industry once again opened the new opportunities for its products?</p>",
                    "options": [],
                    "correct_answer": {
                      "text": "<p><strong>(12.1) Two challenges faced by the jute industry in India:</strong></p>\n<ol>\n  <li>Stiff competition in the international market from synthetic substitutes like nylon.</li>\n  <li>Competition from other jute-producing countries like Bangladesh, Brazil, and Thailand.</li>\n</ol>\n<p>(Any two points)</p>\n<p><strong>(12.2) Main objective of the National Jute Policy (2005):</strong></p>\n<p>The main objective of the National Jute Policy formulated in 2005 was to increase productivity, improve the quality of jute, ensure good prices for the jute farmers, and enhance the yield per hectare.</p>\n<p>(Any one point)</p>\n<p><strong>(12.3) New opportunities for the jute industry:</strong></p>\n<p>The jute industry has found new opportunities for its products due to:</p>\n<ol>\n  <li>The growing global concern for environment-friendly and biodegradable materials. Since jute is a natural fibre, its products are seen as a sustainable alternative.</li>\n  <li>The increasing global demand for eco-friendly products is leading to the avoidance of synthetic substitutes, thus opening up new markets for jute.</li>\n</ol>\n<p>(Any two points)</p>"
                    },
                    "question_type": "Case-based Subjective",
                    "difficulty_level": "easy",
                    "explanation_html": null
                  }
                ]
              },
              {
                "chapter_name": "Nationalism in India",
                "questions": [
                  {
                    "question_no": 13,
                    "question_html": "<p>(13.1) On the given outline political Map of India, identify the place marked as (A) with the help of following information and write its correct name on the line marked near it.</p>\n<p>(A) The place where National Congress Session was held in September 1920.</p>\n<p>(13.2) On the same given Map of India, locate and label the following with appropriate symbols.</p>\n<p>(i) (a) Tarapur – Nuclear Power Plant <strong>OR</strong> (b) Kalpakkam – Nuclear Power Plant</p>\n<p>(ii) Hyderabad – Rajiv Gandhi International Airport</p>",
                    "images": [
                      {
                        "url": "https://img.testbuddyai.com/SocialScience-32-4-22-Q13.png"
                      }
                    ],
                    "options": [],
                    "correct_answer": {
                      "text": "<p><strong>(13.1) Identification on the Map:</strong></p>\n<ul>\n  <li><strong>(A) The place where the National Congress Session was held in September 1920:</strong> This place is <strong>Kolkata</strong> (Calcutta).</li>\n</ul>\n<p><strong>(13.2) Location and Labeling on the Map:</strong></p>\n<ul>\n  <li><strong>(i) (a) Tarapur – Nuclear Power Plant:</strong> Located and labeled in <strong>Maharashtra</strong>.</li>\n  <li><strong>OR</strong></li>\n  <li><strong>(i) (b) Kalpakkam – Nuclear Power Plant:</strong> Located and labeled in <strong>Tamil Nadu</strong>.</li>\n  <li><strong>(ii) Hyderabad – Rajiv Gandhi International Airport:</strong> Located and labeled in <strong>Telangana / Andhra Pradesh</strong>.</li>\n</ul>"
                    },
                    "question_type": "Map-based question",
                    "difficulty_level": "medium",
                    "explanation_html": null
                  }
                ]
              }
            ]
          }
        ]
      }
    ]
  }
]