[
  {
    "exam_name_actual": "CBSE Board - Class 10",
    "main_exam_id_name_ref": "CBSE Board - Class 10",
    "years": [
      {
        "year": "2022",
        "papers_or_subjects": [
          {
            "paper_name": "CBSE Class 10 Social Studies Paper 2022 (QP Code: 32/2/1)",
            "subject_name": "Social Studies",
            "chapters": [
              {
                "chapter_name": "Nationalism in India",
                "questions": [
                  {
                    "question_no": 1,
                    "question_html": "<p>Mention any two causes that led to the Civil Disobedience Movement.</p>",
                    "options": [],
                    "correct_answer": {
                      "text": "<p>The Civil Disobedience Movement was initiated due to several causes, including:</p>\n<ol>\n  <li><strong>The Salt Law:</strong> The movement was a direct protest against the Salt Law introduced by the British, which imposed a tax on salt and monopolized its production.</li>\n  <li><strong>Gandhi's Eleven Demands:</strong> Lord Irwin, the Viceroy, neglected the eleven demands put forth by Mahatma Gandhi, which included the abolition of the Salt Tax.</li>\n  <li><strong>Lahore Session of Congress (1929):</strong> The Congress session demanded 'Purna Swaraj' or complete independence, setting the stage for a larger movement.</li>\n  <li><strong>Anti-Simon Commission Protests:</strong> The widespread protests against the Simon Commission and the death of Lala Lajpat Rai during one such protest fueled nationalist sentiments.</li>\n</ol>\n<p>(Any two points to be mentioned)</p>"
                    },
                    "question_type": "Very Short Answer (2 marks)",
                    "difficulty_level": "easy",
                    "explanation_html": null
                  }
                ]
              },
              {
                "chapter_name": "Manufacturing Industries",
                "questions": [
                  {
                    "question_no": 2,
                    "question_html": "<p>How is chemical industry in India diversified? Explain.</p>",
                    "options": [],
                    "correct_answer": {
                      "text": "<p>The chemical industry in India is highly diversified in the following ways:</p>\n<ol>\n  <li><strong>Scale of Units:</strong> It comprises both large-scale and small-scale manufacturing units, contributing to its diverse structure.</li>\n  <li><strong>Inorganic and Organic Sectors:</strong> Rapid growth has been recorded in both inorganic and organic sectors. Inorganic chemicals include products like sulphuric acid and soda ash, while organic chemicals include petrochemicals used for plastics, dyes, and pharmaceuticals.</li>\n  <li><strong>Wide Range of Products:</strong> The industry produces a vast array of products. For instance, inorganic chemicals are crucial for the manufacturing of fertilizers, plastics, and synthetic fibres. Soda ash is used in the production of glass, soaps, and detergents.</li>\n</ol>\n<p>(Any two points to be mentioned)</p>"
                    },
                    "question_type": "Very Short Answer (2 marks)",
                    "difficulty_level": "medium",
                    "explanation_html": null
                  }
                ]
              },
              {
                "chapter_name": "Political Parties",
                "questions": [
                  {
                    "question_no": 3,
                    "question_html": "<p>Differentiate between ruling and opposition parties.</p>",
                    "options": [],
                    "correct_answer": {
                      "text": "<p>The key differences between ruling and opposition parties are:</p>\n<ol>\n  <li><strong>Role in Government:</strong> The political party that wins the majority of seats in an election forms the government and is called the ruling party. Parties that lose the election but secure a significant number of seats play the role of the opposition party.</li>\n  <li><strong>Function:</strong> The ruling party runs the government and is responsible for making and implementing policies. The opposition party's main role is to scrutinize the government's actions, criticize its failures or wrong policies, and present alternative policies, thereby keeping the ruling party in check.</li>\n</ol>\n<p>(Any two points to be mentioned)</p>"
                    },
                    "question_type": "Very Short Answer (2 marks)",
                    "difficulty_level": "easy",
                    "explanation_html": null
                  }
                ]
              },
              {
                "chapter_name": "Manufacturing Industries",
                "questions": [
                  {
                    "question_no": 4,
                    "question_html": "<p>Classify industries on the basis of raw materials.</p>",
                    "options": [],
                    "correct_answer": {
                      "text": "<p>On the basis of the source of raw materials used, industries can be classified into two main types:</p>\n<ol>\n  <li><strong>Agro-based Industries:</strong> These industries derive their raw materials from agricultural products. Examples include cotton, woollen, jute, and silk textile industries, as well as rubber, sugar, tea, coffee, and edible oil industries.</li>\n  <li><strong>Mineral-based Industries:</strong> These industries use minerals and metals as raw materials. Examples include the iron and steel industry, cement, aluminium, machine tools, and petrochemicals industries.</li>\n</ol>\n<p>(Any two points to be mentioned)</p>"
                    },
                    "question_type": "Very Short Answer (2 marks)",
                    "difficulty_level": "easy",
                    "explanation_html": null
                  }
                ]
              },
              {
                "chapter_name": "Money and Credit",
                "questions": [
                  {
                    "question_no": 5,
                    "question_html": "<p>Read the following source and answer the questions that follow :</p>\n<p><strong>A House Loan</strong></p>\n<p>Megha has taken a loan of ₹ 5 lakhs from the bank to purchase a house. The annual interest rate on the loan is 12 per cent and the loan is to be repaid in 10 years in monthly instalments. Megha had to submit to the bank, documents showing her employment records and salary before the bank agreed to give her the loan. The bank retained as collateral the papers of the new house, which will be returned to Megha only when she repays the entire loan with interest.</p>\n<p>5.1 From which source of credit Megha has taken loan?</p>\n<p>5.2 Explain the terms of credit given in the source.</p>",
                    "options": [],
                    "correct_answer": {
                      "text": "<p><strong>5.1 Source of Credit:</strong></p>\n<p>Megha has taken the loan from a <strong>Formal Sector</strong> source of credit, which is the bank.</p>\n<p><strong>5.2 Terms of Credit:</strong></p>\n<p>The terms of credit mentioned in the source are:</p>\n<ol>\n  <li><strong>Documentation:</strong> Megha had to submit documents showing her employment records and salary.</li>\n  <li><strong>Collateral:</strong> The bank retained the papers of the new house as collateral, which is an asset that the borrower owns and uses as a guarantee to the lender until the loan is repaid.</li>\n  <li><strong>Interest Rate:</strong> The annual interest rate is 12 per cent.</li>\n  <li><strong>Mode of Repayment:</strong> The loan is to be repaid in monthly instalments over a period of 10 years.</li>\n</ol>"
                    },
                    "question_type": "Very Short Answer (2 marks)",
                    "difficulty_level": "easy",
                    "explanation_html": null
                  }
                ]
              },
              {
                "chapter_name": "Money and Credit",
                "questions": [
                  {
                    "question_no": 6,
                    "question_html": "<p>(a) Explain, why the banks do not lend credit to certain borrowers?</p>\n<p><strong>OR</strong></p>\n<p>(b) Explain the functions of “Self Help Group”.</p>",
                    "options": [],
                    "correct_answer": {
                      "text": "<p><strong>(a) Why banks do not lend credit to certain borrowers:</strong></p>\n<p>Banks may not lend credit to certain borrowers for several reasons:</p>\n<ol>\n  <li><strong>Lack of Documentation:</strong> Borrowers who cannot provide the required documents, such as proof of identity, address, and income, are often denied loans.</li>\n  <li><strong>No Repayment of Previous Loans:</strong> Individuals with a poor credit history, meaning they have not repaid previous loans on time, are considered high-risk and are less likely to receive new credit.</li>\n  <li><strong>Lack of Collateral:</strong> Many loans from formal sources require collateral (an asset to be used as a guarantee). Poor households, in particular, may lack assets to offer as collateral.</li>\n  <li><strong>Irregular Incomes:</strong> People with irregular or uncertain incomes may be perceived as having a lower chance of repaying the loan, making banks hesitant to lend to them.</li>\n</ol>\n<p>(Any three points to be explained)</p>\n<hr>\n<p><strong>OR</strong></p>\n<p><strong>(b) Functions of a Self-Help Group (SHG):</strong></p>\n<p>Self-Help Groups (SHGs) are small, informal associations of people who come together to find ways to improve their living conditions. Their main functions are:</p>\n<ol>\n  <li><strong>Pooling Savings:</strong> SHGs encourage regular savings from their members. These savings are pooled together to form a common fund. Members can take small loans from this fund to meet their needs at a reasonable interest rate.</li>\n  <li><strong>Access to Formal Credit:</strong> If an SHG is regular in savings, it becomes eligible for availing loans from the bank. The loan is sanctioned in the name of the group and is used to create self-employment opportunities for the members.</li>\n  <li><strong>Building Blocks of Rural Poor Organization:</strong> SHGs act as a platform to discuss and act on various social issues such as health, nutrition, and domestic violence, thus empowering their members, especially women. They are the building blocks of the organization of the rural poor.</li>\n</ol>\n<p>(Any three points to be explained)</p>"
                    },
                    "question_type": "Short Answer (3 marks)",
                    "difficulty_level": "medium",
                    "explanation_html": null
                  }
                ]
              },
              {
                "chapter_name": "Nationalism in India",
                "questions": [
                  {
                    "question_no": 7,
                    "question_html": "<p>“The effects of Non-Cooperation Movement on the economic front were more dramatic.” Support the statement with examples.</p>",
                    "options": [],
                    "correct_answer": {
                      "text": "<p>The statement is accurate. The effects of the Non-Cooperation Movement on the economic front were indeed dramatic and widespread. This can be supported by the following examples:</p>\n<ol>\n  <li><strong>Boycott of Foreign Goods:</strong> People widely boycotted foreign goods. Liquor shops were picketed, and foreign cloth was burnt in huge bonfires, symbolizing a rejection of British economic dominance.</li>\n  <li><strong>Drastic Drop in Imports:</strong> The boycott movement led to a significant decline in the import of foreign cloth. Between 1921 and 1922, its value dropped from ₹ 102 crore to ₹ 57 crore, showcasing the immediate economic impact.</li>\n  <li><strong>Rejection by Merchants and Traders:</strong> In many places, merchants and traders refused to trade in foreign goods or finance foreign trade. This disruption in the supply chain further hampered British economic interests.</li>\n  <li><strong>Boost to Indian Industries:</strong> As people discarded imported clothes and started wearing only Indian ones, the production of Indian textile mills and handlooms went up, providing a boost to the indigenous industry.</li>\n</ol>\n<p>(Any three points to be explained)</p>"
                    },
                    "question_type": "Short Answer (3 marks)",
                    "difficulty_level": "medium",
                    "explanation_html": null
                  }
                ]
              },
              {
                "chapter_name": "Political Parties",
                "questions": [
                  {
                    "question_no": 8,
                    "question_html": "<p>Explain, how the rise of political parties are directly linked to the emergence of representative democracies.</p>",
                    "options": [],
                    "correct_answer": {
                      "text": "<p>The rise of political parties is directly linked to the emergence of representative democracies in the following ways:</p>\n<ol>\n  <li><strong>Necessity in Large Societies:</strong> As societies became large and complex, they needed a system of representative democracy where elected officials would govern on behalf of the people. Political parties emerged as a mechanism to facilitate this representation.</li>\n  <li><strong>Gathering and Presenting Views:</strong> Large-scale societies have a multitude of views on various issues. Political parties provide an agency to gather these different views, formulate them into coherent policies, and present them to the government.</li>\n  <li><strong>Bringing Representatives Together:</strong> Parties bring together various representatives who might otherwise have very different local interests. They create a platform for these representatives to unite on a common national policy or program.</li>\n  <li><strong>Mechanism for Governance:</strong> Political parties provide a necessary mechanism to support or restrain the government, make policies, and justify or oppose them. They contest elections, form governments, and play the role of opposition, which are all essential functions of a representative democracy.</li>\n</ol>\n<p>(Any three points to be examined)</p>"
                    },
                    "question_type": "Short Answer (3 marks)",
                    "difficulty_level": "medium",
                    "explanation_html": null
                  }
                ]
              },
              {
                "chapter_name": "Outcomes of Democracy",
                "questions": [
                  {
                    "question_o": 9,
                    "question_html": "<p>(a) “Democracy is attentive to the needs and demands of the people.” Justify the statement.</p>\n<p><strong>OR</strong></p>\n<p>(b) “Democracies accomodate social diversities and provide dignity and freedom to the citizens.” Justify the statement.</p>",
                    "options": [],
                    "correct_answer": {
                      "text": "<p><strong>(a) Justification for \"Democracy is attentive to the needs and demands of the people\":</strong></p>\n<p>Democracy is considered an attentive form of government because of its inherent characteristics:</p>\n<ol>\n  <li><strong>Accountable Government:</strong> Democratic governments are accountable to the people. Since people have the right to choose their rulers, the elected officials must be responsive to the needs and expectations of the citizens to stay in power.</li>\n  <li><strong>Based on Deliberation:</strong> Democracy ensures that decision-making is based on norms and procedures, involving deliberation and negotiation. This process, while sometimes slow, allows for different viewpoints to be considered, making the government more attentive to diverse demands.</li>\n  <li><strong>Right to Information:</strong> Democracy gives its citizens the right to information about the government and its functioning. This transparency empowers citizens to hold the government accountable for its actions and decisions.</li>\n  <li><strong>People's Own Government:</strong> A democratic government is the people's own government, run by the people. This fundamental principle ensures that the system is oriented towards serving the interests of the public.</li>\n  <li><strong>Legitimate Government:</strong> It is a legitimate government as it is elected by the citizens. This legitimacy stems from its attentiveness to the will of the people.</li>\n</ol>\n<p>(Any five points to be justified)</p>\n<hr>\n<p><strong>OR</strong></p>\n<p><strong>(b) Justification for \"Democracies accommodate social diversities and provide dignity and freedom to the citizens\":</strong></p>\n<p>Democracies are superior to other forms of government in accommodating social diversity and ensuring individual dignity:</p>\n<ol>\n  <li><strong>Accommodation of Social Diversity:</strong> No society can permanently resolve conflicts among different groups. However, democracy is best suited to handle social differences, divisions, and conflicts by providing a mechanism for competition among social groups to be conducted peacefully. It develops procedures to accommodate various social groups.</li>\n  <li><strong>Dignity and Freedom of the Individual:</strong> Democracy promotes the dignity and freedom of the individual. Every individual wants to receive respect from fellow beings. The passion for respect and freedom are the basis of democracy.</li>\n  <li><strong>Empowerment of Women:</strong> Long struggles by women have earned them respect and equal treatment in many democracies. Women can now wage a struggle against what is legally and morally unacceptable.</li>\n  <li><strong>Equality for Disadvantaged Groups:</strong> Democracy has strengthened the claims of the disadvantaged and discriminated castes for equal status and equal opportunity, which is often not possible in non-democratic regimes.</li>\n  <li><strong>Constitutional Protection:</strong> Constitutions in democratic countries often provide provisions for the protection of citizens' rights and freedoms, ensuring their dignity is upheld.</li>\n</ol>\n<p>(Any five points to be justified)</p>"
                    },
                    "question_type": "Long Answer (5 marks)",
                    "difficulty_level": "hard",
                    "explanation_html": null
                  }
                ]
              },
              {
                "chapter_name": "Globalization and the Indian Economy",
                "questions": [
                  {
                    "question_no": 10,
                    "question_html": "<p>(a) “Technology is the vital force in the modern form of globalisation.” Explain the statement with suitable examples.</p>\n<p><strong>OR</strong></p>\n<p>(b) “The impact of globalisation has not been uniform.” Explain the statement with suitable examples.</p>",
                    "options": [],
                    "correct_answer": {
                      "text": "<p><strong>(a) Explanation for \"Technology is the vital force in the modern form of globalisation\":</strong></p>\n<p>Technology has been a crucial driver of globalization, connecting the world in unprecedented ways. Suitable examples include:</p>\n<ol>\n  <li><strong>Rapidly Changing Technology:</strong> The pace of technological advancement has been extremely fast, enabling greater integration of markets.</li>\n  <li><strong>Telecommunications:</strong> Telecommunication facilities like the telegraph, telephone (including mobile phones), and fax are used to contact people and access information instantly across the globe. This helps in managing global operations efficiently.</li>\n  <li><strong>Computers and the Internet:</strong> Computers have entered almost every field of activity. The internet allows for obtaining and sharing information on almost anything, from anywhere. Electronic mail (e-mail) and voice mail allow communication at negligible costs.</li>\n  <li><strong>Satellite Communication:</strong> The development of satellite communication devices has facilitated communication even from remote areas, further integrating the global economy.</li>\n  <li><strong>Global Production of Services:</strong> Technology has played a major role in spreading out the production of services across countries. For instance, a company in a developed country can have its customer service operations based in a country like India due to advancements in IT.</li>\n</ol>\n<p>(Any five points to be explained)</p>\n<hr>\n<p><strong>OR</strong></p>\n<p><strong>(b) Explanation for \"The impact of globalisation has not been uniform\":</strong></p>\n<p>The impact of globalization has been varied across different sections of society. Suitable examples to explain this include:</p>\n<ol>\n  <li><strong>Benefits for Consumers:</strong> Globalization has resulted in more choices for consumers, who now have access to a wide variety of goods and services of better quality and at lower prices. This has improved the standard of living for many, especially in urban areas.</li>\n  <li><strong>Creation of New Jobs:</strong> MNCs have increased their investments in developing countries like India, especially in industries like cell-phones, automobiles, and services. This has led to the creation of new jobs.</li>\n  <li><strong>Emergence of Indian MNCs:</strong> Globalization has enabled some large Indian companies, such as Tata Motors and Infosys, to emerge as multinational corporations themselves.</li>\n  <li><strong>Challenges for Small Producers:</strong> Globalization has hit small producers hard as they are unable to compete with large MNCs that have superior technology, massive wealth, and marketing power. Many small manufacturing units have been forced to shut down.</li>\n  <li><strong>Worsening Condition of Workers:</strong> Increased competition has led many employers to prefer 'flexibility' in labor laws. This means workers' jobs are no longer secure, and they are often employed on a temporary basis without benefits, leading to a worsening of their condition.</li>\n</ol>\n<p>(Any five points to be explained)</p>"
                    },
                    "question_type": "Long Answer (5 marks)",
                    "difficulty_level": "medium",
                    "explanation_html": null
                  }
                ]
              },
              {
                "chapter_name": "Nationalism in India",
                "questions": [
                  {
                    "question_no": 11,
                    "question_html": "<p>Read the following case carefully and answer the questions that follows :</p>\n<p><strong>Nationalism in India</strong></p>\n<p>Modern nationalism in Europe came to be associated with the formation of nation-states. It also meant a change in people's understanding of who they were, and what defined their identity and sense of belonging. New symbols and icons, new songs and ideas forged new links and redefined the boundaries of communities. In most countries the making of this new national identity was a long process. How did this consciousness emerge in India?</p>\n<p>In India and as in many other colonies, the growth of modern nationalism is intimately connected to the anti-colonial movement. People began discovering their unity in the process of their struggle with colonialism. The sense of being oppressed under colonialism provided a shared bond that tied many different groups together. But each class and group felt the effects of colonialism differently, their experiences were varied, and their notions of freedom were not always the same. The Congress under Mahatma Gandhi tried to forge these groups together within one movement. But the unity did not emerge without conflict.</p>\n<p>11.1 What was people's understanding of nation?</p>\n<p>11.2 How was the growth of modern nationalism intimately connected to the anti-colonial movement ?</p>\n<p>11.3 How did people in India develop a sense of collective belonging ? Explain.</p>",
                    "options": [],
                    "correct_answer": {
                      "text": "<p><strong>11.1 People's understanding of nation:</strong></p>\n<p>People's understanding of a nation involved a change in their perception of their own identity and sense of belonging. They began to identify the nation based on a combination of shared features such as a common language, history, culture, and territory.</p>\n<p><strong>11.2 Connection between modern nationalism and the anti-colonial movement:</strong></p>\n<p>The growth of modern nationalism in India was intimately connected to the anti-colonial movement. The shared experience of oppression under colonialism provided a common bond that united different groups of people. They began discovering their unity in the process of their struggle against the colonial power.</p>\n<p><strong>11.3 Development of a sense of collective belonging in India:</strong></p>\n<p>People in India developed a sense of collective belonging through various means:</p>\n<ol>\n  <li><strong>Symbols and Icons:</strong> The identity of the nation was often associated with symbols and icons, the most prominent being the image of 'Bharat Mata' (Mother India).</li>\n  <li><strong>National Songs:</strong> New songs like 'Vande Mataram', written by Bankim Chandra Chattopadhyay, served as a hymn to the motherland and were widely sung during the nationalist movement.</li>\n  <li><strong>Rediscovery of the Past:</strong> There was a movement to revive Indian folklore and rediscover a sense of pride in India's past history and culture, which had been distorted by colonial narratives.</li>\n  <li><strong>The Swadeshi Movement:</strong> Movements like the Swadeshi movement fostered a sense of national pride by encouraging the use of Indian goods and the boycott of foreign products.</li>\n</ol>\n<p>(Any two points to be explained)</p>"
                    },
                    "question_type": "Case-based Subjective",
                    "difficulty_level": "medium",
                    "explanation_html": null
                  }
                ]
              },
              {
                "chapter_name": "Lifelines of National Economy",
                "questions": [
                  {
                    "question_no": 12,
                    "question_html": "<p>Read the following case and answer the questions that follows :</p>\n<p><strong>Tourism</strong></p>\n<p>Tourism in India has grown substantially over the last three decades. More than 15 million people are directly engaged in the tourism industry. Tourism also promotes national integration, provides support to local handicrafts and cultural pursuits. It also helps in the development of international understanding about our culture and heritage. Foreign tourists visit India for heritage tourism, eco tourism, adventure tourism, cultural tourism, medical tourism and business tourism.</p>\n<p>There is a vast potential for development of tourism in all parts of the country. Efforts are being made to promote different types of tourism for this upcoming industry.</p>\n<p>12.1 Explain the importance of tourism.</p>\n<p>12.2 Give an example of ‘Heritage tourism’.</p>\n<p>12.3 Assess the benefits of improving tourism in India.</p>",
                    "options": [],
                    "correct_answer": {
                      "text": "<p><strong>12.1 The importance of Tourism:</strong></p>\n<p>Tourism is important for several reasons:</p>\n<ul>\n    <li>It promotes national integration by encouraging people to travel and learn about different parts of their country.</li>\n    <li>It helps in the development of international understanding of a country's culture and heritage.</li>\n    <li>It provides employment to a large number of people.</li>\n    <li>It helps in earning foreign exchange, which is crucial for the country's economy.</li>\n</ul>\n<p>(Any one point to be explained)</p>\n<p><strong>12.2 Example of 'Heritage tourism':</strong></p>\n<p>An example of heritage tourism is visiting historical monuments and sites. For instance, tourists visiting the <strong>Taj Mahal in Agra</strong>, the forts in Udaipur, Rajasthan, or the ancient temples at Mahabalipuram in Tamil Nadu are engaging in heritage tourism.</p>\n<p>(Any one example to be mentioned)</p>\n<p><strong>12.3 Benefits of improving tourism in India:</strong></p>\n<p>Improving tourism in India has numerous benefits:</p>\n<ul>\n    <li><strong>Increased Foreign Exchange:</strong> More foreign tourists will visit India, which will help in increasing the country's foreign exchange earnings.</li>\n    <li><strong>Regional Development:</strong> The development of tourist spots leads to the overall development of the regions where they are located, including better infrastructure.</li>\n    <li><strong>National and Cultural Integration:</strong> Enhanced tourism will foster greater national and cultural integration as more people travel and interact with different cultures within the country.</li>\n    <li><strong>Transformation of Trade:</strong> It can transform the nature of international trade by boosting the services sector of the economy.</li>\n</ul>\n<p>(Any two points to be explained)</p>"
                    },
                    "question_type": "Case-based Subjective",
                    "difficulty_level": "easy",
                    "explanation_html": null
                  }
                ]
              },
              {
                "chapter_name": "Nationalism in India",
                "questions": [
                  {
                    "question_no": 13,
                    "question_html": "<p>13.1 On the given outline Political Map of India, identify the place marked as 'A' with the help of following information and write its correct name on the line marked near it :</p>\n<p>(A) The place where Indian National Congress Session was held in September, 1920.</p>\n<p>13.2 On the same given Map of India, locate and label the following :</p>\n<p>I. (a) Ramagundam Thermal Plant <strong>OR</strong> (b) Pune Software Technology Park.</p>\n<p>II. Chennai (Meenambakam) International Airport.</p>",
                    "images": [
                      {
                        "url": "https://img.testbuddyai.com/SocialScience-32-2-22-Q13.png"
                      }
                    ],
                    "options": [],
                    "correct_answer": {
                      "text": "<p><strong>13.1 Identification on the Map:</strong></p>\n<ul>\n    <li><strong>(A) The place where the Indian National Congress Session was held in September 1920:</strong> This place is <strong>Calcutta (now Kolkata)</strong>. It should be identified and marked on the map.</li>\n</ul>\n<p><strong>13.2 Location and Labeling on the Map:</strong></p>\n<ul>\n    <li><strong>I. (a) Ramagundam Thermal Plant:</strong> This should be located and labeled in the state of <strong>Telangana</strong>.</li>\n    <li><strong>OR</strong></li>\n    <li><strong>I. (b) Pune Software Technology Park:</strong> This should be located and labeled in the state of <strong>Maharashtra</strong>.</li>\n    <li><strong>II. Chennai (Meenambakam) International Airport:</strong> This should be located and labeled in the state of <strong>Tamil Nadu</strong>.</li>\n</ul>"
                    },
                    "question_type": "Short Answer (3 marks)",
                    "difficulty_level": "medium",
                    "explanation_html": null
                  }
                ]
              }
            ]
          }
        ]
      }
    ]
  }
]