[
  {
    "exam_name_actual": "CBSE Board - Class 10",
    "main_exam_id_name_ref": "CBSE Board - Class 10",
    "years": [
      {
        "year": "2024",
        "papers_or_subjects": [
          {
            "paper_name": "CBSE Class 10 Social Studies Paper 2024 (QP Code: 32/4/1)",
            "subject_name": "Social Studies",
            "chapters": [
              {
                "chapter_name": "The Rise of Nationalism in Europe",
                "questions": [
                  {
                    "question_no": 1,
                    "question_html": "<p>Arrange the following incidents in chronological order and choose the correct option.</p>\n<p>I. French Revolution</p>\n<p>II. Napoleon's invasion of Italy</p>\n<p>III. Unification of Italy</p>\n<p>IV. Vienna Peace Treaty</p>",
                    "options": [
                      {
                        "id": "a",
                        "text": "I, II, IV, III"
                      },
                      {
                        "id": "b",
                        "text": "II, IV, I, III"
                      },
                      {
                        "id": "c",
                        "text": "II, III, I, IV"
                      },
                      {
                        "id": "d",
                        "text": "I, III, II, IV"
                      }
                    ],
                    "correct_answer": {
                      "ids": [
                        "a"
                      ]
                    },
                    "question_type": "mcq_single",
                    "difficulty_level": "medium",
                    "explanation_html": "<p>The correct chronological order of the events is:</p>\n<p>I. French Revolution - Started in 1789.</p>\n<p>II. Napoleon's invasion of Italy - Began in 1796-97.</p>\n<p>IV. Vienna Peace Treaty - Concluded in 1815 after the Napoleonic Wars.</p>\n<p>III. Unification of Italy - Was a lengthy process that culminated between 1861 and 1871.</p>\n<p>Therefore, the correct sequence is I, II, IV, III.</p>"
                  }
                ]
              },
              {
                "chapter_name": "The Making of a Global World",
                "questions": [
                  {
                    "question_no": 2,
                    "question_html": "<p>Choose the correct option to fill in the blank.</p>\n<p>__________ from India and Southeast Asia travelled through 'Silk Route' to other parts of the world.</p>",
                    "options": [
                      {
                        "id": "a",
                        "text": "Gold and silver ornaments"
                      },
                      {
                        "id": "b",
                        "text": "Clothes and spices"
                      },
                      {
                        "id": "c",
                        "text": "Grain and pulses"
                      },
                      {
                        "id": "d",
                        "text": "Iron and other metals"
                      }
                    ],
                    "correct_answer": {
                      "ids": [
                        "b"
                      ]
                    },
                    "question_type": "mcq_single",
                    "difficulty_level": "easy",
                    "explanation_html": "<p>The ancient 'Silk Route' was not only used for the trade of silk from China but also served as a vital network for the exchange of other goods. India and Southeast Asia were famous for their textiles (clothes) and various spices, which were in high demand in Europe and the Middle East and were traded extensively along these routes.</p>"
                  }
                ]
              },
              {
                "chapter_name": "Nationalism in India",
                "questions": [
                  {
                    "question_no": 3,
                    "question_html": "<p>Choose the correct option, related to the founders of the 'Swaraj Party' within the Congress.</p>",
                    "options": [
                      {
                        "id": "a",
                        "text": "Subhas Chandra Bose and Jawaharlal Nehru"
                      },
                      {
                        "id": "b",
                        "text": "Acharya Kripalani and Jayaprakash Narayan"
                      },
                      {
                        "id": "c",
                        "text": "C.R. Das and Motilal Nehru"
                      },
                      {
                        "id": "d",
                        "text": "Mahatma Gandhi and Sardar Patel"
                      }
                    ],
                    "correct_answer": {
                      "ids": [
                        "c"
                      ]
                    },
                    "question_type": "mcq_single",
                    "difficulty_level": "easy",
                    "explanation_html": "<p>The Swaraj Party was formed on 1 January 1923 by Indian politicians C.R. Das and Motilal Nehru. They were Congress leaders who were dissatisfied with the suspension of the Non-Cooperation Movement and wanted to advocate for council entry to obstruct British government policies from within.</p>"
                  }
                ]
              },
              {
                "chapter_name": "Print Culture and the Modern World",
                "questions": [
                  {
                    "question_no": 4,
                    "question_html": "<p>Who among the following said – “Printing is the ultimate gift of God and the greatest one.”?</p>",
                    "options": [
                      {
                        "id": "a",
                        "text": "Martin Luther"
                      },
                      {
                        "id": "b",
                        "text": "Mahatma Gandhi"
                      },
                      {
                        "id": "c",
                        "text": "Johannes Gutenberg"
                      },
                      {
                        "id": "d",
                        "text": "Rashsundari Devi"
                      }
                    ],
                    "correct_answer": {
                      "ids": [
                        "a"
                      ]
                    },
                    "question_type": "mcq_single",
                    "difficulty_level": "easy",
                    "explanation_html": "<p>Martin Luther, a key figure in the Protestant Reformation, made this statement. He recognized the revolutionary power of the printing press in disseminating his ideas, such as the 'Ninety-five Theses', which challenged the authority of the Catholic Church and were widely circulated thanks to printing.</p>"
                  }
                ]
              },
              {
                "chapter_name": "Forest and Wildlife Resources",
                "questions": [
                  {
                    "question_no": 5,
                    "question_html": "<p>Two statements are given below. They are Assertion (A) and Reason (R). Read both the statements and choose the correct option.</p>\n<p><strong>Assertion (A) :</strong> The famous 'Chipko Movement' in the Himalayas successfully resisted deforestation in several areas.</p>\n<p><strong>Reason (R) :</strong> Through this, community afforestation campaign with indigenous species was made enormously successful.</p>",
                    "options": [
                      {
                        "id": "a",
                        "text": "Both (A) and (R) are true, but (R) is not the correct explanation of (A)."
                      },
                      {
                        "id": "b",
                        "text": "Both (A) and (R) are true and (R) is the correct explanation of (A)."
                      },
                      {
                        "id": "c",
                        "text": "(A) is true, but (R) is false."
                      },
                      {
                        "id": "d",
                        "text": "(A) is false, but (R) is true."
                      }
                    ],
                    "correct_answer": {
                      "ids": [
                        "b"
                      ]
                    },
                    "question_type": "mcq_single",
                    "difficulty_level": "medium",
                    "explanation_html": "<p>The Assertion (A) is true; the Chipko Movement was a successful environmental movement against deforestation. The Reason (R) is also true; the movement wasn't just about protesting but also involved positive actions like community-led afforestation. The reason correctly explains a key element of the movement's success and philosophy, which was active community participation in conservation and regeneration, thereby making it an effective resistance to deforestation.</p>"
                  }
                ]
              },
              {
                "chapter_name": "Water Resources",
                "questions": [
                  {
                    "question_no": 6,
                    "question_html": "<p>Match Column I with Column II and choose the correct option.</p>\n<table>\n<thead>\n<tr>\n<th>Column I (Dams)</th>\n<th>Column II (Rivers)</th>\n</tr>\n</thead>\n<tbody>\n<tr>\n<td>i. Sardar Sarovar</td>\n<td>a. Sutlej</td>\n</tr>\n<tr>\n<td>ii. Hirakud</td>\n<td>b. Krishna</td>\n</tr>\n<tr>\n<td>iii. Bhakra Nangal</td>\n<td>c. Narmada</td>\n</tr>\n<tr>\n<td>iv. Nagarjuna Sagar</td>\n<td>d. Mahanadi</td>\n</tr>\n</tbody>\n</table>",
                    "options": [
                      {
                        "id": "a",
                        "text": "i-a, ii-b, iii-c, iv-d"
                      },
                      {
                        "id": "b",
                        "text": "i-b, ii-a, iii-d, iv-c"
                      },
                      {
                        "id": "c",
                        "text": "i-c, ii-d, iii-b, iv-a"
                      },
                      {
                        "id": "d",
                        "text": "i-c, ii-d, iii-a, iv-b"
                      }
                    ],
                    "correct_answer": {
                      "ids": [
                        "d"
                      ]
                    },
                    "question_type": "mcq_single",
                    "difficulty_level": "medium",
                    "explanation_html": "<p>The correct pairings of dams and their respective rivers are:</p>\n<ul>\n<li>Sardar Sarovar Dam is built on the Narmada river. (i-c)</li>\n<li>Hirakud Dam is built on the Mahanadi river. (ii-d)</li>\n<li>Bhakra Nangal Dam is built on the Sutlej river. (iii-a)</li>\n<li>Nagarjuna Sagar Dam is built on the Krishna river. (iv-b)</li>\n</ul>\n<p>Therefore, the correct option is (D).</p>"
                  }
                ]
              },
              {
                "chapter_name": "Minerals and Energy Resources",
                "questions": [
                  {
                    "question_no": 7,
                    "question_html": "<p>Choose the correct option for the following States' share (in percentage) in the production of ‘manganese’ in India from the highest to the lowest order.</p>",
                    "options": [
                      {
                        "id": "a",
                        "text": "Madhya Pradesh, Maharashtra, Karnataka, Odisha"
                      },
                      {
                        "id": "b",
                        "text": "Madhya Pradesh, Maharashtra, Odisha, Karnataka"
                      },
                      {
                        "id": "c",
                        "text": "Maharashtra, Madhya Pradesh, Karnataka, Odisha"
                      },
                      {
                        "id": "d",
                        "text": "Maharashtra, Odisha, Madhya Pradesh, Karnataka"
                      }
                    ],
                    "correct_answer": {
                      "ids": [
                        "b"
                      ]
                    },
                    "question_type": "mcq_single",
                    "difficulty_level": "hard",
                    "explanation_html": "<p>According to mineral production statistics in India, the leading producer of manganese is Madhya Pradesh. It is followed by Maharashtra, then Odisha, and then Karnataka in terms of production volume. Therefore, the correct descending order of production share is Madhya Pradesh, Maharashtra, Odisha, Karnataka.</p>"
                  }
                ]
              },
              {
                "chapter_name": "Power Sharing",
                "questions": [
                  {
                    "question_no": 8,
                    "question_html": "<p>Read the arguments given in the favour of power sharing and choose the correct option.</p>\n<p>I. Reduces the likelihood of bias.</p>\n<p>II. Barricades the decision-making process.</p>\n<p>III. Accommodates diversities.</p>\n<p>IV. Increases the participation of people in power.</p>",
                    "options": [
                      {
                        "id": "a",
                        "text": "Only I, II and III are correct."
                      },
                      {
                        "id": "b",
                        "text": "Only II, III and IV are correct."
                      },
                      {
                        "id": "c",
                        "text": "Only I, III and IV are correct."
                      },
                      {
                        "id": "d",
                        "text": "Only I, II and IV are correct."
                      }
                    ],
                    "correct_answer": {
                      "ids": [
                        "c"
                      ]
                    },
                    "question_type": "mcq_single",
                    "difficulty_level": "medium",
                    "explanation_html": "<p>Power sharing is favored for several reasons:</p>\n<ul>\n<li>It helps to reduce the possibility of conflict between different social groups, thus accommodating diversities (III) and reducing bias (I).</li>\n<li>It is the very spirit of democracy as it involves sharing power with those affected by its exercise, thereby increasing people's participation (IV).</li>\n<li>The argument that it 'barricades the decision-making process' (II) is a potential criticism (that it can slow things down), not an argument in its favor.</li>\n</ul>\n<p>Therefore, I, III, and IV are the correct arguments in favor of power sharing.</p>"
                  }
                ]
              },
              {
                "chapter_name": "Federalism",
                "questions": [
                  {
                    "question_no": 9,
                    "question_html": "<p>‘Education’ falls under which one of the following lists given in the Indian Constitution?</p>",
                    "options": [
                      {
                        "id": "a",
                        "text": "Union List"
                      },
                      {
                        "id": "b",
                        "text": "State List"
                      },
                      {
                        "id": "c",
                        "text": "Concurrent List"
                      },
                      {
                        "id": "d",
                        "text": "Residuary Subjects"
                      }
                    ],
                    "correct_answer": {
                      "ids": [
                        "c"
                      ]
                    },
                    "question_type": "mcq_single",
                    "difficulty_level": "easy",
                    "explanation_html": "<p>The subject of 'Education' was initially in the State List, but it was moved to the Concurrent List through the 42nd Amendment to the Constitution in 1976. This allows both the Central and the State Governments to legislate on matters of education.</p>"
                  }
                ]
              },
              {
                "chapter_name": "Gender, Religion and Caste",
                "questions": [
                  {
                    "question_no": 10,
                    "question_html": "<p>In which one of the following institutions in India was a system of reservation for women made by amending the Constitution in 1992 ?</p>",
                    "options": [
                      {
                        "id": "a",
                        "text": "Lok Sabha"
                      },
                      {
                        "id": "b",
                        "text": "Rajya Sabha"
                      },
                      {
                        "id": "c",
                        "text": "Legislative Council"
                      },
                      {
                        "id": "d",
                        "text": "Panchayat"
                      }
                    ],
                    "correct_answer": {
                      "ids": [
                        "d"
                      ]
                    },
                    "question_type": "mcq_single",
                    "difficulty_level": "easy",
                    "explanation_html": "<p>The 73rd Constitutional Amendment Act of 1992 gave constitutional status to the Panchayati Raj institutions. A key provision of this amendment was the reservation of not less than one-third of the total number of seats for women in all Panchayats at the village, intermediate, and district levels.</p>"
                  }
                ]
              },
              {
                "chapter_name": "Political Parties",
                "questions": [
                  {
                    "question_no": 11,
                    "question_html": "<p>Two statements are given below. They are Assertion (A) and Reason (R). Read both the statements and choose the correct option.</p>\n<p><strong>Assertion (A) :</strong> Modern democracy cannot function without political parties.</p>\n<p><strong>Reason (R) :</strong> Elected representatives will be accountable only to their constituencies, not towards the country.</p>",
                    "options": [
                      {
                        "id": "a",
                        "text": "(A) is true, but (R) is false."
                      },
                      {
                        "id": "b",
                        "text": "(A) is false, but (R) is true."
                      },
                      {
                        "id": "c",
                        "text": "Both (A) and (R) are true and (R) is the correct explanation of (A)."
                      },
                      {
                        "id": "d",
                        "text": "Both (A) and (R) are true, but (R) is not the correct explanation of (A)."
                      }
                    ],
                    "correct_answer": {
                      "ids": [
                        "c"
                      ]
                    },
                    "question_type": "mcq_single",
                    "difficulty_level": "medium",
                    "explanation_html": "<p>Assertion (A) is true because political parties perform crucial functions like contesting elections, forming governments, shaping public opinion, and providing a mechanism for accountability. Reason (R) correctly explains the situation that would arise without parties: if every candidate were independent, they would be accountable only for their local constituency. There would be no mechanism to form a stable government or take responsibility for national policies. Therefore, the reason explains why parties are necessary for a democracy to function at a national level.</p>"
                  }
                ]
              },
              {
                "chapter_name": "Political Parties",
                "questions": [
                  {
                    "question_no": 12,
                    "question_html": "<p>Which one of the following countries has a two-party system ?</p>",
                    "options": [
                      {
                        "id": "a",
                        "text": "China"
                      },
                      {
                        "id": "b",
                        "text": "Pakistan"
                      },
                      {
                        "id": "c",
                        "text": "United States of America"
                      },
                      {
                        "id": "d",
                        "text": "France"
                      }
                    ],
                    "correct_answer": {
                      "ids": [
                        "c"
                      ]
                    },
                    "question_type": "mcq_single",
                    "difficulty_level": "easy",
                    "explanation_html": "<p>A two-party system is one where two major political parties dominate the political landscape. The United States of America is a classic example, with the Democratic and Republican parties being the dominant forces. China has a one-party system, while Pakistan and France have multi-party systems.</p>"
                  }
                ]
              },
              {
                "chapter_name": "Gender, Religion and Caste",
                "questions": [
                  {
                    "question_no": 13,
                    "question_html": "<p>In which of the following regions was women representation the highest in their respective National Parliaments (2018) ?</p>",
                    "options": [
                      {
                        "id": "a",
                        "text": "Nordic countries"
                      },
                      {
                        "id": "b",
                        "text": "America (North and South)"
                      },
                      {
                        "id": "c",
                        "text": "Europe"
                      },
                      {
                        "id": "d",
                        "text": "Asia"
                      }
                    ],
                    "correct_answer": {
                      "ids": [
                        "a"
                      ]
                    },
                    "question_type": "mcq_single",
                    "difficulty_level": "easy",
                    "explanation_html": "<p>The Nordic countries (which include Denmark, Finland, Iceland, Norway, and Sweden) are globally recognized for their high levels of gender equality and consistently have one of the highest proportions of women in their national parliaments. This was true in 2018 and remains a consistent trend.</p>"
                  }
                ]
              },
              {
                "chapter_name": "Outcomes of Democracy",
                "questions": [
                  {
                    "question_no": 14,
                    "question_html": "<p>Read the following characteristics of democracy and choose the correct option.</p>\n<p>I. Free and fair elections</p>\n<p>II. Equality before law</p>\n<p>III. Dignity of a person</p>\n<p>IV. Majority rule</p>",
                    "options": [
                      {
                        "id": "a",
                        "text": "Only I, II and III are correct."
                      },
                      {
                        "id": "b",
                        "text": "Only II, III and IV are correct."
                      },
                      {
                        "id": "c",
                        "text": "Only I, III and IV are correct."
                      },
                      {
                        "id": "d",
                        "text": "Only I, II and IV are correct."
                      }
                    ],
                    "correct_answer": {
                      "ids": [
                        "a"
                      ]
                    },
                    "question_type": "mcq_single",
                    "difficulty_level": "medium",
                    "explanation_html": "<p>The core characteristics and positive outcomes of a democracy are free and fair elections (I), equality before the law (II), and the enhancement of the dignity of the individual (III). While democracy operates on the principle of majority rule (IV), this principle must be balanced with the protection of minority rights and opinions. Therefore, 'majority rule' by itself is an incomplete and potentially misleading characteristic without this qualification. The first three options represent the most fundamental and universally accepted ideals of democracy.</p>"
                  }
                ]
              },
              {
                "chapter_name": "Money and Credit",
                "questions": [
                  {
                    "question_no": 15,
                    "question_html": "<p>Read the following situation regarding credit and identify the positive impact of credit.</p>\n<p>Salim obtains credit to meet the working capital needs of production. The credit helps him to meet the ongoing expenses and complete production on time.</p>\n<p><strong>Impacts :</strong></p>",
                    "options": [
                      {
                        "id": "a",
                        "text": "The burden of credit will increase on Salim."
                      },
                      {
                        "id": "b",
                        "text": "Salim's income will increase."
                      },
                      {
                        "id": "c",
                        "text": "The production will decrease."
                      },
                      {
                        "id": "d",
                        "text": "Salim may get stuck in a debt trap."
                      }
                    ],
                    "correct_answer": {
                      "ids": [
                        "b"
                      ]
                    },
                    "question_type": "mcq_single",
                    "difficulty_level": "easy",
                    "explanation_html": "<p>The question asks for the positive impact of credit in this specific scenario. The credit allows Salim to complete his production, which he can then sell. The revenue from the sale, after covering costs and repaying the loan, will lead to an increase in his income. While taking a loan does create a burden (A) and carries a risk of a debt trap (D), the intended and positive outcome of a productive loan is increased earnings (B).</p>"
                  }
                ]
              },
              {
                "chapter_name": "Sectors of the Indian Economy",
                "questions": [
                  {
                    "question_no": 16,
                    "question_html": "<p>Study the following picture. The work done in the picture comes under which one of the following sectors of the economy ?</p>",
                    "images": [
                      {
                        "url": "https://img.testbuddyai.com/SocialScience-32-4-24-Q16.png"
                      }
                    ],
                    "options": [
                      {
                        "id": "a",
                        "text": "Primary"
                      },
                      {
                        "id": "b",
                        "text": "Secondary"
                      },
                      {
                        "id": "c",
                        "text": "Tertiary"
                      },
                      {
                        "id": "d",
                        "text": "Quaternary"
                      }
                    ],
                    "correct_answer": {
                      "ids": [
                        "c"
                      ]
                    },
                    "question_type": "mcq_single",
                    "difficulty_level": "easy",
                    "explanation_html": "<p>The picture depicts a retail store where finished goods (clothes) are being sold to a customer. This activity of trade and retail is a service. The service sector is also known as the Tertiary sector. The Primary sector deals with raw material extraction (like growing cotton), and the Secondary sector deals with manufacturing (like making clothes from cotton). Since this is a sale of a finished product, it falls under the Tertiary sector.</p>"
                  }
                ]
              },
              {
                "chapter_name": "Money and Credit",
                "questions": [
                  {
                    "question_no": 17,
                    "question_html": "<p>Two statements are given below. They are Assertion (A) and Reason (R). Read both the statements and choose the correct option.</p>\n<p><strong>Assertion (A) :</strong> No individual in India can legally refuse a payment made in rupees.</p>\n<p><strong>Reason (R) :</strong> In India the rupee is authorized by the State Governments.</p>",
                    "options": [
                      {
                        "id": "a",
                        "text": "Both (A) and (R) are true and (R) is the correct explanation of (A)."
                      },
                      {
                        "id": "b",
                        "text": "Both (A) and (R) are true, but (R) is not the correct explanation of (A)."
                      },
                      {
                        "id": "c",
                        "text": "(A) is true, but (R) is false."
                      },
                      {
                        "id": "d",
                        "text": "(A) is false, but (R) is true."
                      }
                    ],
                    "correct_answer": {
                      "ids": [
                        "c"
                      ]
                    },
                    "question_type": "mcq_single",
                    "difficulty_level": "medium",
                    "explanation_html": "<p>Assertion (A) is true. The Indian rupee is the official currency and is designated as 'legal tender,' which means it must be accepted for settling any debt. However, Reason (R) is false. The authority to issue and authorize currency in India rests with the central government and the Reserve Bank of India (RBI), not with individual state governments. Therefore, (A) is true, but (R) is false.</p>"
                  }
                ]
              },
              {
                "chapter_name": "Globalization and the Indian Economy",
                "questions": [
                  {
                    "question_no": 18,
                    "question_html": "<p>Which one of the following statements best describes the meaning of ‘Globalization’?</p>",
                    "options": [
                      {
                        "id": "a",
                        "text": "Removal of tax barriers on trade"
                      },
                      {
                        "id": "b",
                        "text": "Providing higher standard of living"
                      },
                      {
                        "id": "c",
                        "text": "Process of rapid integration between countries"
                      },
                      {
                        "id": "d",
                        "text": "Taking special steps to attract foreign companies"
                      }
                    ],
                    "correct_answer": {
                      "ids": [
                        "c"
                      ]
                    },
                    "question_type": "mcq_single",
                    "difficulty_level": "easy",
                    "explanation_html": "<p>Globalization is a broad concept referring to the increasing interconnectedness of countries. The most accurate and comprehensive definition among the options is the 'process of rapid integration between countries.' This integration occurs through the movement of goods, services, capital, technology, and people across borders. Options (A) and (D) are policies that facilitate globalization, and option (B) is a potential outcome, not the definition itself.</p>"
                  }
                ]
              },
              {
                "chapter_name": "Development",
                "questions": [
                  {
                    "question_no": 19,
                    "question_html": "<p>On which of the following basis does the United Nations Development Programme (UNDP) publish the ‘Human Development Report’?</p>",
                    "options": [
                      {
                        "id": "a",
                        "text": "Manufacturing, Infrastructure and Health"
                      },
                      {
                        "id": "b",
                        "text": "Education, Health and Per Capita Income"
                      },
                      {
                        "id": "c",
                        "text": "National Income, Health and Banking"
                      },
                      {
                        "id": "d",
                        "text": "Gross Domestic Product, Technology and Innovation"
                      }
                    ],
                    "correct_answer": {
                      "ids": [
                        "b"
                      ]
                    },
                    "question_type": "mcq_single",
                    "difficulty_level": "easy",
                    "explanation_html": "<p>The Human Development Report (HDR) by the UNDP uses the Human Development Index (HDI) to rank countries. The HDI is a composite index that measures three key dimensions of human development: a long and healthy life (measured by life expectancy, i.e., Health), access to knowledge (measured by years of schooling, i.e., Education), and a decent standard of living (measured by Gross National Income per capita, i.e., Per Capita Income).</p>"
                  }
                ]
              },
              {
                "chapter_name": "Money and Credit",
                "questions": [
                  {
                    "question_no": 20,
                    "question_html": "<p>Two statements are given below. They are Assertion (A) and Reason (R). Read both the statements and choose the correct option.</p>\n<p><strong>Assertion (A) :</strong> Banks are not ready to lend money to certain borrowers.</p>\n<p><strong>Reason (R) :</strong> Some people do not have collateral.</p>",
                    "options": [
                      {
                        "id": "a",
                        "text": "Both (A) and (R) are true and (R) is the correct explanation of (A)."
                      },
                      {
                        "id": "b",
                        "text": "Both (A) and (R) are true, but (R) is not the correct explanation of (A)."
                      },
                      {
                        "id": "c",
                        "text": "(A) is true, but (R) is false."
                      },
                      {
                        "id": "d",
                        "text": "(A) is false, but (R) is true."
                      }
                    ],
                    "correct_answer": {
                      "ids": [
                        "a"
                      ]
                    },
                    "question_type": "mcq_single",
                    "difficulty_level": "easy",
                    "explanation_html": "<p>Assertion (A) is true; formal sector lenders like banks are often hesitant to lend to borrowers they perceive as high-risk. Reason (R) is also true; many potential borrowers, especially from poorer sections, lack assets like land or property to offer as collateral. The reason provides a direct and primary explanation for the assertion. Banks require collateral as security against loan default. Therefore, the lack of collateral is a major reason why banks are unwilling to lend to certain people, making (R) the correct explanation of (A).</p>"
                  }
                ]
              },
              {
                "chapter_name": "The Making of a Global World",
                "questions": [
                  {
                    "question_no": 21,
                    "question_html": "<p>“Until the nineteenth century, poverty and hunger were common in Europe.” Analyse the statement.</p>",
                    "options": [],
                    "correct_answer": {
                      "text": "<p>Until the nineteenth century, poverty and hunger were common in Europe due to several factors:</p>\n<ul>\n<li><strong>Overpopulation:</strong> Cities were crowded, leading to a strain on resources and jobs.</li>\n<li><strong>Food Shortages:</strong> Agricultural practices were not yet modernized, leading to frequent shortages of food grains.</li>\n<li><strong>Widespread Diseases:</strong> Poor sanitation and crowded living conditions led to the spread of deadly diseases.</li>\n<li><strong>Religious Conflicts:</strong> Religious issues and wars were common, disrupting social and economic life.</li>\n</ul>\n<p><em>(Any two points to be analysed.)</em></p>"
                    },
                    "question_type": "Very Short Answer (2 marks)",
                    "difficulty_level": "medium",
                    "explanation_html": null
                  }
                ]
              },
              {
                "chapter_name": "Minerals and Energy Resources",
                "questions": [
                  {
                    "question_no": "22",
                    "question_html": "<p><b>(a)</b> \"Minerals occur in igneous and metamorphic rocks.\" Explain the statement with example.</p><p><b>(b)</b> OR<br>\"The ocean waters contain vast quantities of minerals.\" Explain the statement with example.</p>",
                    "options": [],
                    "correct_answer": {
                      "text": "<p><b>(a)</b> Minerals occur in igneous and metamorphic rocks in the following ways (any two):</p><p>1. Minerals can be found in cracks, crevices, faults, or joints within these rocks.</p><p>2. Smaller occurrences of minerals in these formations are called veins, while larger ones are known as lodes.</p><p>3. They are often formed when minerals in liquid, molten, or gaseous states are forced upwards through cavities towards the Earth's surface and then solidify. Examples include tin, copper, zinc, and lead.</p><p><b>(b)</b> Ocean waters contain vast quantities of minerals, but they are often hard to extract economically (any two points):</p><p>1. Most minerals are too widely diffused in the water to be of economic significance.</p><p>2. However, some minerals like common salt, magnesium, and bromine are largely derived commercially from ocean water.</p><p>3. The ocean beds are also rich sources of minerals, particularly manganese nodules.</p>"
                    },
                    "question_type": "Very Short Answer (2 marks)",
                    "difficulty_level": "medium",
                    "explanation_html": null
                  }
                ]
              },
              {
                "chapter_name": "Federalism",
                "questions": [
                  {
                    "question_no": "23",
                    "question_html": "<p><b>(a)</b> Examine the role of the Constitution in the Federal System of India in two points.</p><p><b>(b)</b> OR<br>Examine the role of the Supreme Court in the Federal System of India in two points.</p>",
                    "options": [],
                    "correct_answer": {
                      "text": "<p><b>(a)</b> The Constitution plays a crucial role in India's federal system in the following ways:</p>\n<ul>\n<li><strong>Specifies Jurisdiction:</strong> The Constitution clearly specifies the jurisdictions of the respective tiers of government (Union, State, and Local). This division of power is detailed in the Union List, State List, and Concurrent List.</li>\n<li><strong>Guarantees Authority:</strong> The existence and authority of each tier of government are constitutionally guaranteed. No single level of government can unilaterally change the power-sharing arrangement.</li>\n<li><strong>Provides Rules for Coordination:</strong> The Constitution provides the rules and mechanisms for coordination and dispute resolution between the Centre and the States.</li>\n</ul>\n<p><em>(Any two points to be examined.)</em></p><p><b>(b)</b> The Supreme Court plays a vital role as the guardian of the federal system in India:</p>\n<ul>\n<li><strong>Oversees Implementation:</strong> The judiciary, with the Supreme Court at its apex, plays an important role in overseeing the implementation of constitutional provisions and procedures. It ensures that both the Union and State governments function within their respective jurisdictions.</li>\n<li><strong>Resolves Disputes:</strong> In case of any dispute about the division of powers between the different levels of government, the High Courts and the Supreme Court have the authority to make a final decision.</li>\n<li><strong>Acts as an Interpreter:</strong> The Supreme Court acts as the final interpreter of the Constitution, and its rulings on federal matters are binding on all authorities.</li>\n</ul>\n<p><em>(Any two points to be examined.)</em></p>"
                    },
                    "question_type": "Very Short Answer (2 marks)",
                    "difficulty_level": "medium",
                    "explanation_html": null
                  }
                ]
              },
              {
                "chapter_name": "Globalization and the Indian Economy",
                "questions": [
                  {
                    "question_no": 24,
                    "question_html": "<p>How is technology an important factor of globalisation? Explain with examples.</p>",
                    "options": [],
                    "correct_answer": {
                      "text": "<p>Technology has been a major driver of globalization by enabling faster and cheaper connections across the globe:</p>\n<ul>\n<li><strong>Telecommunication Facilities:</strong> Innovations like the telegraph, telephone, and now the internet, voicemail, and email have revolutionized communication, allowing for instant contact across vast distances for business and personal interaction.</li>\n<li><strong>Transport System:</strong> Improvements in transportation technology, such as container ships and air freight, have significantly reduced the cost and time of shipping goods internationally, boosting global trade.</li>\n<li><strong>Information Technology (IT):</strong> The IT revolution, particularly the internet, allows for the instantaneous sharing of information and services across borders. For example, a software company in India can provide services to a client in the USA seamlessly.</li>\n</ul>\n<p><em>(Any two points to be explained.)</em></p>"
                    },
                    "question_type": "Very Short Answer (2 marks)",
                    "difficulty_level": "medium",
                    "explanation_html": null
                  }
                ]
              },
              {
                "chapter_name": "Nationalism in India",
                "questions": [
                  {
                    "question_no": "25",
                    "question_html": "<p><b>(a)</b> How did people belonging to different communities, regions or language groups develop a sense of collective belonging in the National Movement? Explain with examples.</p><p><b>(b)</b> OR<br>“Workers had their own understanding of Mahatma Gandhi and the notion of ‘Swaraj’.” Explain the statement with examples.</p>",
                    "options": [],
                    "correct_answer": {
                      "text": "<p><b>(a)</b> A sense of collective belonging was forged through various cultural processes during the National Movement:</p>\n<ul>\n<li><strong>Use of Allegories (Images):</strong> The identity of the nation was often visualized in images. The image of Bharat Mata, first created by Bankim Chandra Chattopadhyay, became a symbol of the motherland, and devotion to this mother figure was seen as evidence of one's nationalism.</li>\n<li><strong>Reinterpretation of History:</strong> Nationalists began reinterpreting history to counter the British portrayal of Indians as backward and incapable of self-government. They wrote about India's glorious past and achievements in art, architecture, science, and governance to instill a sense of pride.</li>\n<li><strong>Exploration of Common Folklore:</strong> Nationalists like Rabindranath Tagore collected ballads, nursery rhymes, and myths to discover a national identity and restore a sense of pride in one's past. The preservation of folk traditions was seen as a way to preserve the national soul.</li>\n<li><strong>Creation of National Symbols:</strong> The design and use of national flags, like the Swadeshi tricolour, became a symbol of defiance and unity.</li>\n</ul>\n<p><em>(Any three points to be explained.)</em></p><p><b>(b)</b> The statement is true as different groups interpreted the call for 'Swaraj' in their own way, often aligning it with their specific grievances. For plantation workers in Assam, their understanding was shaped by their oppressive working conditions:</p>\n<ul>\n<li><strong>Freedom of Movement:</strong> For them, freedom meant the right to move freely in and out of the confined spaces of the tea gardens where they were enclosed. The Inland Emigration Act of 1859 restricted their ability to leave without permission.</li>\n<li><strong>Link to Home Village:</strong> Swaraj meant retaining a link with the village from which they had come. They believed that under 'Gandhi Raj', they would be allowed to go home.</li>\n<li><strong>Land in their own Village:</strong> When they heard of the Non-Cooperation Movement, thousands of workers defied the authorities, left the plantations, and headed home, believing that Gandhi Raj was coming and everyone would be given land in their own village.</li>\n</ul>\n<p><em>(Any three points to be explained.)</em></p>"
                    },
                    "question_type": "Short Answer (3 marks)",
                    "difficulty_level": "medium",
                    "explanation_html": null
                  }
                ]
              },
              {
                "chapter_name": "Agriculture",
                "questions": [
                  {
                    "question_no": 26,
                    "question_html": "<p>Describe any three features of cultivation of millets in India.</p>",
                    "options": [],
                    "correct_answer": {
                      "text": "<p>Millets, such as Jowar, Bajra, and Ragi, are important coarse grains grown in India with the following features:</p>\n<ul>\n<li><strong>Drought Resistant:</strong> They are rain-fed crops mostly grown in moist areas which hardly need irrigation, making them suitable for arid and semi-arid regions.</li>\n<li><strong>Soil Adaptability:</strong> They can be grown on less fertile soils. For example, Bajra grows well on sandy soils and shallow black soil, while Ragi grows well on red, black, sandy, and loamy soils.</li>\n<li><strong>High Nutritional Value:</strong> Despite being coarse grains, millets have very high nutritional value. For instance, Ragi is very rich in iron, calcium, other micro-nutrients and roughage.</li>\n<li><strong>Major Producing States:</strong> Major Jowar producing states are Maharashtra, Karnataka, Andhra Pradesh, and Madhya Pradesh. Rajasthan is the largest producer of Bajra, followed by Uttar Pradesh and Maharashtra.</li>\n</ul>\n<p><em>(Any three points to be described.)</em></p>"
                    },
                    "question_type": "Short Answer (3 marks)",
                    "difficulty_level": "medium",
                    "explanation_html": null
                  }
                ]
              },
              {
                "chapter_name": "Political Parties",
                "questions": [
                  {
                    "question_no": 27,
                    "question_html": "<p>Analyse the role of political parties in shaping public opinion.</p>",
                    "options": [],
                    "correct_answer": {
                      "text": "<p>Political parties play a crucial role in shaping public opinion through various activities:</p>\n<ul>\n<li><strong>Highlighting Issues:</strong> Parties raise and highlight important social, economic, and political issues. They frame these issues in a way that resonates with the public and puts them on the national agenda.</li>\n<li><strong>Mobilizing People:</strong> Parties have lakhs of members and activists spread all over the country. Through rallies, meetings, and campaigns, they mobilize support for their views and try to persuade people to adopt their perspective.</li>\n<li><strong>Crystallizing Opinions:</strong> Through debates in media and public forums, parties present different sides of an issue. The opinions that form in society often crystallise along the lines that political parties take, providing people with clear choices.</li>\n<li><strong>Launching Movements:</strong> Parties sometimes launch movements for the resolution of problems faced by people, which helps in drawing widespread attention and shaping public opinion on those specific problems.</li>\n</ul>\n<p><em>(Any three points to be analysed.)</em></p>"
                    },
                    "question_type": "Short Answer (3 marks)",
                    "difficulty_level": "medium",
                    "explanation_html": null
                  }
                ]
              },
              {
                "chapter_name": "Federalism",
                "questions": [
                  {
                    "question_no": 28,
                    "question_html": "<p>“Federal form of government is in direct contrast to the Unitary form of Government”. Explain the statement.</p>",
                    "options": [],
                    "correct_answer": {
                      "text": "<p>The federal and unitary forms of government are contrasted by their distribution of power:</p>\n<ul>\n<li><strong>Levels of Government:</strong> In a unitary system, there is either only one level of government or the sub-units are subordinate to the central government. In a federal system, power is divided between a central authority and various constituent units of the country.</li>\n<li><strong>Authority of Central Government:</strong> The central government in a unitary system can pass orders to the provincial or the local government. In a federal system, the central government cannot order the state government to do something, as the state government has its own constitutionally guaranteed powers.</li>\n<li><strong>Accountability:</strong> In a unitary system, sub-units are answerable to the central government. In a federal system, both the central and state governments are separately answerable to the people.</li>\n</ul>"
                    },
                    "question_type": "Short Answer (3 marks)",
                    "difficulty_level": "medium",
                    "explanation_html": null
                  }
                ]
              },
              {
                "chapter_name": "Development",
                "questions": [
                  {
                    "question_no": 29,
                    "question_html": "<p>Why could different persons have different notions of a country's development? Explain with examples.</p>",
                    "options": [],
                    "correct_answer": {
                      "text": "<p>Different persons have different notions of development because their life situations, needs, and aspirations are different. What may be development for one may not be for another; it may even be destructive for the other.</p>\n<ul>\n<li><strong>Example 1: Dams:</strong> To get more electricity, an industrialist may want more dams. This is their notion of development. However, this may submerge the land and disrupt the lives of people who are displaced, such as tribals. For them, it is not development. They might prefer small check dams or tanks to irrigate their land instead.</li>\n<li><strong>Example 2: Urban vs. Rural:</strong> A city dweller might see development as better roads, more shopping malls, and uninterrupted power supply. A landless rural labourer might define development as more days of work, better wages, and quality education for their children.</li>\n<li><strong>Example 3: Gender:</strong> A girl from a rich urban family may aspire to as much freedom as her brother and the opportunity to study abroad. This is development for her. For a woman in a rural patriarchal society, development might simply mean having access to basic education and not facing gender discrimination.</li>\n</ul>\n<p><em>(Any three examples to be explained.)</em></p>"
                    },
                    "question_type": "Short Answer (3 marks)",
                    "difficulty_level": "medium",
                    "explanation_html": null
                  }
                ]
              },
              {
                "chapter_name": "The Rise of Nationalism in Europe",
                "questions": [
                  {
                    "question_no": "30",
                    "question_html": "<p><b>(a)</b> “The French Revolution created a sense of collective identity amongst the French people.” Explain the statement with suitable arguments.</p><p><b>(b)</b> OR<br>“The Greek war of independence mobilised nationalist feelings among the educated elite across Europe.” Explain the statement with suitable arguments.</p>",
                    "options": [],
                    "correct_answer": {
                      "text": "<p><b>(a)</b> The French Revolution introduced various measures that created a sense of collective identity among the French people:</p>\n<ul>\n<li><strong>The idea of the Fatherland and the Citizen:</strong> The ideas of <em>la patrie</em> (the fatherland) and <em>le citoyen</em> (the citizen) emphasised the notion of a united community enjoying equal rights under a constitution.</li>\n<li><strong>New National Symbols:</strong> A new French flag, the tricolour, was chosen to replace the former royal standard.</li>\n<li><strong>Centralised Administration:</strong> A centralised administrative system was put in place, and it formulated uniform laws for all citizens within its territory.</li>\n<li><strong>Uniform System of Weights and Measures:</strong> Internal customs duties and dues were abolished, and a uniform system of weights and measures was adopted, promoting economic unity.</li>\n<li><strong>Common Language:</strong> Regional dialects were discouraged, and French, as it was spoken and written in Paris, became the common language of the nation.</li>\n<li><strong>National Anthem and Oaths:</strong> New hymns were composed, oaths were taken, and martyrs commemorated, all in the name of the nation.</li>\n</ul>\n<p><em>(Any five points to be explained.)</em></p><p><b>(b)</b> The Greek war of independence (1821-1829) played a key role in mobilizing nationalist feelings across Europe:</p>\n<ul>\n<li><strong>Cradle of European Civilisation:</strong> Poets and artists lauded Greece as the cradle of European civilization. This created immense sympathy for their struggle against the Ottoman Empire.</li>\n<li><strong>Support from Exiles and West Europeans:</strong> Nationalists in Greece got support from other Greeks living in exile and also from many West Europeans who had sympathies for ancient Greek culture.</li>\n<li><strong>Mobilising Public Opinion:</strong> Public opinion across Europe was mobilised to support Greece's struggle against a Muslim empire. The shared Christian identity and reverence for ancient Greece were powerful unifying factors.</li>\n<li><strong>Role of Poets and Artists:</strong> Romantic artists and poets romanticized the Greek struggle. For example, the English poet Lord Byron organised funds and later went to fight in the war, where he died of fever in 1824. His involvement became a powerful symbol of international support.</li>\n<li><strong>Inspiration for Nationalism:</strong> The eventual victory of Greece and its recognition as an independent nation in the Treaty of Constantinople (1832) served as a powerful inspiration for other nationalist movements across Europe.</li>\n</ul>\n<p><em>(Any five points to be explained.)</em></p>"
                    },
                    "question_type": "Long Answer (5 marks)",
                    "difficulty_level": "hard",
                    "explanation_html": null
                  }
                ]
              },
              {
                "chapter_name": "Manufacturing Industries",
                "questions": [
                  {
                    "question_no": "31",
                    "question_html": "<p><b>(a)</b> Describe the role of manufacturing industries in the economic development of a country.</p><p><b>(b)</b> OR<br>Describe any five steps taken to save fresh water from industrial pollution.</p>",
                    "options": [],
                    "correct_answer": {
                      "text": "<p><b>(a)</b> Manufacturing industries are considered the backbone of economic development for several reasons:</p>\n<ul>\n<li><strong>Modernises Agriculture:</strong> Manufacturing industries help in modernising agriculture by providing machinery, fertilisers, pesticides, etc., which reduces the heavy dependence of people on agricultural income.</li>\n<li><strong>Reduces Unemployment:</strong> It helps in the reduction of unemployment and poverty by providing jobs in secondary and tertiary sectors.</li>\n<li><strong>Bridges Regional Disparities:</strong> The establishment of industries in tribal and backward areas helps in bridging down regional disparities by bringing employment and development.</li>\n<li><strong>Boosts Trade and Commerce:</strong> The expansion of trade and commerce is facilitated by the export of manufactured goods, which brings in much-needed foreign exchange.</li>\n<li><strong>Increases National Prosperity:</strong> Countries that transform their raw materials into a wide variety of finished goods of higher value are prosperous. India’s prosperity lies in increasing and diversifying its manufacturing industries as quickly as possible.</li>\n</ul>\n<p><em>(Any five points to be described.)</em></p><p><b>(b)</b> Several steps can be taken to reduce industrial pollution of fresh water:</p>\n<ul>\n<li><strong>Minimising Water Usage:</strong> Minimising the use of water for processing by reusing and recycling it in two or more successive stages.</li>\n<li><strong>Rainwater Harvesting:</strong> Harvesting of rainwater to meet water requirements, reducing dependence on groundwater and surface water bodies.</li>\n<li><strong>Treating Effluents:</strong> Treating hot water and effluents before releasing them in rivers and ponds. This can be done in three phases: primary (mechanical screening), secondary (biological process), and tertiary (biological, chemical, and physical processes).</li>\n<li><strong>Stricter Government Regulations:</strong> Implementing and enforcing stricter legal provisions to regulate the discharge of industrial effluents into water bodies.</li>\n<li><strong>Creating Green Belts:</strong> Providing green belts for nurturing ecological balances and helping in the filtration of pollutants.</li>\n</ul>\n<p><em>(Any five points to be described.)</em></p>"
                    },
                    "question_type": "Long Answer (5 marks)",
                    "difficulty_level": "medium",
                    "explanation_html": null
                  }
                ]
              },
              {
                "chapter_name": "Outcomes of Democracy",
                "questions": [
                  {
                    "question_no": "32",
                    "question_html": "<p><b>(a)</b> Analyse the importance of democracy in accommodation of social diversity.</p><p><b>(b)</b> OR<br>Analyse the importance of democracy in reducing poverty and inequality.</p>",
                    "options": [],
                    "correct_answer": {
                      "text": "<p><b>(a)</b> Democracy is considered the best form of government to accommodate social diversity due to the following reasons:</p>\n<ul>\n<li><strong>Negotiating Differences:</strong> Democracies develop procedures to conduct competition and negotiate differences among various social groups. This reduces the possibility of social tensions becoming explosive or violent. For example, Belgium has successfully negotiated differences among its ethnic populations.</li>\n<li><strong>Inclusive Nature:</strong> It ensures that the majority always works with the minority. The rule by majority does not mean rule by a single religious or linguistic community; it means that in case of every decision, different persons and groups can form a majority.</li>\n<li><strong>Respect for Differences:</strong> No society can permanently resolve conflicts among different groups. Democracy teaches us to respect these differences and evolve mechanisms to negotiate them, leading to a more harmonious social life.</li>\n<li><strong>Mechanism for Dialogue:</strong> Democracy provides a platform for dialogue and discussion, which is essential for resolving conflicts peacefully.</li>\n<li><strong>Reduces Possibility of Domination:</strong> It is best suited to produce a more harmonious outcome and prevent the domination of one social group over others.</li>\n</ul>\n<p><em>(Any five points to be analyzed.)</em></p><p><b>(b)</b> Democracy plays a significant role in addressing poverty and inequality, although its success is often debated:</p>\n<ul>\n<li><strong>Promotes Political Equality:</strong> Democracy is based on the principle of political equality, supporting universal adult franchise, which gives all citizens the right to vote and choose their representatives, regardless of their economic status.</li>\n<li><strong>Enhances Dignity:</strong> It enhances the dignity of individuals by recognizing them as citizens with rights and not just subjects of a ruler. This empowers them to demand their economic rights.</li>\n<li><strong>Allows for Correction:</strong> Democracy allows room to correct mistakes. If policies to reduce poverty are not working, citizens can vote out the government and choose one with better policies.</li>\n<li><strong>Government Schemes:</strong> Democratic governments in many countries have launched numerous schemes to reduce poverty and disparity, such as employment guarantee schemes, food security programs, and subsidies for the poor.</li>\n<li><strong>Affirmative Action:</strong> Policies like reservation in jobs and education have helped to uplift the marginalized sections of society, thereby addressing long-standing inequalities.</li>\n</ul>\n<p><em>(Any five points to be analyzed.)</em></p>"
                    },
                    "question_type": "Long Answer (5 marks)",
                    "difficulty_level": "hard",
                    "explanation_html": null
                  }
                ]
              },
              {
                "chapter_name": "Sectors of the Indian Economy",
                "questions": [
                  {
                    "question_no": "33",
                    "question_html": "<p><b>(a)</b> “There is a need for protection and support of the workers in the unorganised sector.” Examine the statement with examples.</p><p><b>(b)</b> OR<br>“Activities in the private sector are guided by the motive to earn profits.” Examine the statement with examples.</p>",
                    "options": [],
                    "correct_answer": {
                      "text": "<p><b>(a)</b> Workers in the unorganised sector require protection and support because they are highly vulnerable:</p>\n<ul>\n<li><strong>Lack of Regulations:</strong> There are rules and regulations, but these are often not followed. The sector is characterised by small and scattered units which are largely outside the control of the government.</li>\n<li><strong>Low and Irregular Pay:</strong> Jobs are low-paid and often not regular. For example, a daily wage labourer in construction is not assured of work every day.</li>\n<li><strong>No Job Security:</strong> There is no provision for overtime, paid leave, holidays, or leave due to sickness. Employment is not secure; workers can be asked to leave without any reason.</li>\n<li><strong>Lack of Benefits:</strong> Workers do not get benefits like provident fund or health insurance, which are common in the organised sector.</li>\n<li><strong>Social Vulnerability:</strong> This sector includes a large number of people from scheduled castes, tribes, and backward communities who, besides having irregular and low-paid work, also face social discrimination.</li>\n</ul>\n<p><em>(Any five points to be examined.)</em></p><p><b>(b)</b> The primary motive of the private sector is profit, which guides its activities and decisions:</p>\n<ul>\n<li><strong>Ownership and Profit Motive:</strong> In the private sector, ownership of assets and delivery of services is in the hands of private individuals or companies. Their main objective is to maximize profit from their investments. For example, companies like Reliance Industries or Tata Motors operate to earn profits for their shareholders.</li>\n<li><strong>Pricing of Services:</strong> To earn profits, private sector entities charge for their services. For instance, private schools charge fees, and private hospitals charge for medical treatment. They do not have a primary motive of public welfare.</li>\n<li><strong>Market-Based Decisions:</strong> Activities are based on market approach and analysis. They invest in sectors where the potential for profit is high and may not provide services that are not profitable, even if they are necessary for the public.</li>\n<li><strong>Competitive Advantage:</strong> They seek competitive advantage through efficiency, innovation, and marketing to increase their market share and profitability.</li>\n<li><strong>Limited Social Services:</strong> While some private companies engage in corporate social responsibility (CSR), they will not provide essential public services like rural roads or nationwide electricity at a reasonable cost because it is not profitable. This is why such services are typically handled by the public sector.</li>\n</ul>\n<p><em>(Any five points to be examined.)</em></p>"
                    },
                    "question_type": "Long Answer (5 marks)",
                    "difficulty_level": "medium",
                    "explanation_html": null
                  }
                ]
              },
              {
                "chapter_name": "Print Culture and the Modern World",
                "questions": [
                  {
                    "question_no": "34",
                    "question_html": "<p><b>(i)</b> On which rule was the ‘Vernacular Press Act’ based?</p><p><b>(ii)</b> Why did the attitude of the British change towards the freedom of press after the Revolt of 1857? Explain.</p><p><b>(iii)</b> Explain any two impacts of passing the ‘Vernacular Press Act.’</p>",
                    "options": [],
                    "correct_answer": {
                      "text": "<p><b>(i)</b> The Vernacular Press Act of 1878 was modelled on the Irish Press Laws.</p><p><b>(ii)</b> The attitude of the British changed because, after the Revolt, vernacular newspapers became assertively nationalist. Enraged Englishmen demanded a clampdown as they felt these newspapers were spreading nationalist and seditious ideas, which threatened the stability of the colonial government.</p><p><b>(iii)</b> Two impacts of the Vernacular Press Act were:</p>\n<ol>\n<li><strong>Extensive Censorship Rights:</strong> It provided the government with extensive rights to censor reports and editorials in the vernacular press. The government could issue warnings and, if unheeded, seize the press and confiscate printing machinery.</li>\n<li><strong>Regular Tracking:</strong> From then on, the government kept regular track of the vernacular newspapers published in different provinces, effectively curbing the freedom of the Indian press to criticize government policies.</li>\n</ol>"
                    },
                    "question_type": "Case-based Subjective",
                    "difficulty_level": "medium",
                    "explanation_html": null
                  }
                ]
              },
              {
                "chapter_name": "Resources and Development",
                "questions": [
                  {
                    "question_no": "35",
                    "question_html": "<p><b>(i)</b> Define the term ‘Resource Planning’.</p><p><b>(ii)</b> Explain the need for conservation of resources.</p><p><b>(iii)</b> Why did Gandhiji say – “There is enough for everybody’s need and not for any body’s greed”? Analyse any two reasons.</p>",
                    "options": [],
                    "correct_answer": {
                      "text": "<p><b>(i)</b> Resource planning is a complex process which involves the identification and inventory of resources across the regions of the country, followed by evolving a planning structure endowed with appropriate technology, skill and institutional set up for implementing resource development plans.</p><p><b>(ii)</b> The conservation of resources is needed because the irrational consumption and over-utilisation of resources may lead to various socio-economic and environmental problems, such as resource depletion, environmental degradation, and increased inequality.</p><p><b>(iii)</b> Gandhiji made this statement to highlight the root cause of resource depletion at the global level. The two main reasons behind his concern were:</p>\n<ol>\n<li><strong>Greed and Selfishness:</strong> He placed the greedy and selfish individuals as a root cause for resource depletion. He believed that the earth provides enough to satisfy every person's needs, but the insatiable greed of some leads to over-exploitation.</li>\n<li><strong>Exploitative Technology and Mass Production:</strong> He was critical of the exploitative nature of modern technology and was against mass production, which leads to the rapid depletion of resources. He wanted to replace it with production by the masses, which would be more sustainable and equitable.</li>\n</ol>"
                    },
                    "question_type": "Case-based Subjective",
                    "difficulty_level": "medium",
                    "explanation_html": null
                  }
                ]
              },
              {
                "chapter_name": "Money and Credit",
                "questions": [
                  {
                    "question_no": "36",
                    "question_html": "<p><b>(i)</b> ‘Cooperative society’ is an example of which source of ‘credit’?</p><p><b>(ii)</b> Explain the contribution of Cooperative Societies in rural development.</p><p><b>(iii)</b> Mention any two sources of capital for Self-Help Groups.</p>",
                    "options": [],
                    "correct_answer": {
                      "text": "<p><b>(i)</b> A cooperative society is an example of a formal source of credit.</p><p><b>(ii)</b> Cooperative societies contribute to rural development by providing cheap credit to their members. They meet the requirements of rural people for various purposes, such as purchasing agricultural implements, loans for cultivation and agricultural trade, fishery loans, and loans for the construction of houses, thus promoting economic activity and reducing dependence on informal lenders.</p><p><b>(iii)</b> Two sources of capital for Self-Help Groups (SHGs) are:</p>\n<ol>\n<li><strong>Contribution of members:</strong> The primary source is the regular savings contributed by the members themselves.</li>\n<li><strong>Loans from banks:</strong> Once an SHG is regular in savings, it becomes eligible for availing loans from the bank. The loan is sanctioned in the name of the group.</li>\n</ol>"
                    },
                    "question_type": "Case-based Subjective",
                    "difficulty_level": "medium",
                    "explanation_html": null
                  }
                ]
              },
              {
                "chapter_name": "Map Work (For Visually Impaired Candidates)",
                "questions": [
                  {
                    "question_no": "37",
                    "question_html": "<p><b>(i)</b> Name the state where the session of Indian National Congress was held in 1927.</p><p><b>(ii)</b> Name the place where Gandhiji broke the salt law.</p><p><b>(iii)</b> Name the state where Bailadila iron ore mines are located.</p><p><b>(iv)</b> In which state is Namrup Thermal Power Plant located?</p><p><b>(v)</b> Name the state where Kandla sea port is located.</p><p><b>(vi)</b> Name the state where Meenam Bakkam international airport is located.</p>",
                    "images": [
                      {
                        "url": "https://img.testbuddyai.com/SocialScience-32-4-24-Q37.png"
                      }
                    ],
                    "options": [],
                    "correct_answer": {
                      "text": "<p><b>(i)</b> The 1927 session of the Indian National Congress was held in Madras, which is in the present-day state of <b>Tamil Nadu</b>.</p><p><b>(ii)</b> Gandhiji broke the salt law at <b>Dandi</b>, a coastal village in Gujarat.</p><p><b>(iii)</b> The Bailadila iron ore mines are located in the state of <b>Chhattisgarh</b>.</p><p><b>(iv)</b> The Namrup Thermal Power Plant is located in the state of <b>Assam</b>.</p><p><b>(v)</b> The Kandla sea port (now known as Deendayal Port) is located in the state of <b>Gujarat</b>.</p><p><b>(vi)</b> The Meenam Bakkam International Airport (Chennai International Airport) is located in the state of <b>Tamil Nadu</b>.</p>"
                    },
                    "question_type": "Very Short Answer (2 marks)",
                    "difficulty_level": "easy",
                    "explanation_html": null
                  }
                ]
              }
            ]
          }
        ]
      }
    ]
  }
]