[
  {
    "exam_name_actual": "CBSE Board - Class 10",
    "main_exam_id_name_ref": "CBSE Board - Class 10",
    "years": [
      {
        "year": "2024",
        "papers_or_subjects": [
          {
            "paper_name": "CBSE Class 10 Social Studies Paper 2024 (QP Code: 32/5/1)",
            "subject_name": "Social Studies",
            "chapters": [
              {
                "chapter_name": "The Rise of Nationalism in Europe",
                "questions": [
                  {
                    "question_no": 1,
                    "question_html": "<p>Who among the following hosted the 'Vienna Congress' in 1815 ?</p>",
                    "options": [
                      {
                        "id": "a",
                        "text": "Chancellor Duke Metternich"
                      },
                      {
                        "id": "b",
                        "text": "Ernst Renan"
                      },
                      {
                        "id": "c",
                        "text": "William I"
                      },
                      {
                        "id": "d",
                        "text": "Otto von Bismarck"
                      }
                    ],
                    "correct_answer": {
                      "ids": [
                        "a"
                      ]
                    },
                    "question_type": "mcq_single",
                    "difficulty_level": "easy",
                    "explanation_html": "<p>The Congress of Vienna, held in 1815 to redraw the political map of Europe after the defeat of Napoleon, was hosted by the Austrian Chancellor, Duke Metternich. He was a key figure in European politics and aimed to restore the old order.</p>"
                  }
                ]
              },
              {
                "chapter_name": "The Making of a Global World",
                "questions": [
                  {
                    "question_no": 2,
                    "question_html": "<p>Which one of the following religions emerged from eastern India and spread in several directions through intersecting points on the ‘silk routes'?</p>",
                    "options": [
                      {
                        "id": "a",
                        "text": "Hinduism"
                      },
                      {
                        "id": "b",
                        "text": "Christianity"
                      },
                      {
                        "id": "c",
                        "text": "Buddhism"
                      },
                      {
                        "id": "d",
                        "text": "Jainism"
                      }
                    ],
                    "correct_answer": {
                      "ids": [
                        "c"
                      ]
                    },
                    "question_type": "mcq_single",
                    "difficulty_level": "easy",
                    "explanation_html": "<p>Buddhism, which originated in eastern India, spread across Asia through the network of silk routes. These trade routes facilitated not only the exchange of goods but also the transmission of cultural and religious ideas, with Buddhist missionaries and traders playing a key role in its dissemination.</p>"
                  }
                ]
              },
              {
                "chapter_name": "Nationalism in India",
                "questions": [
                  {
                    "question_no": 3,
                    "question_html": "<p>Arrange the following events in chronological order and choose the correct option.</p><p>I. Formation of Khilafat Committee in Bombay</p><p>II. Jallianwala Bagh Massacre</p><p>III. Bardoli Satyagraha</p><p>IV. Withdrawal of Non-Cooperation Movement</p>",
                    "options": [
                      {
                        "id": "a",
                        "text": "I, II, III, IV"
                      },
                      {
                        "id": "b",
                        "text": "II, I, IV, III"
                      },
                      {
                        "id": "c",
                        "text": "I, II, IV, III"
                      },
                      {
                        "id": "d",
                        "text": "III, IV, II, I"
                      }
                    ],
                    "correct_answer": {
                      "ids": [
                        "c"
                      ]
                    },
                    "question_type": "mcq_single",
                    "difficulty_level": "medium",
                    "explanation_html": "<p>The correct chronological order of the events is as follows:</p><p>I. Formation of Khilafat Committee in Bombay - March 1919</p><p>II. Jallianwala Bagh Massacre - April 1919</p><p>IV. Withdrawal of Non-Cooperation Movement - February 1922 (after the Chauri Chaura incident)</p><p>III. Bardoli Satyagraha - 1928</p><p>Therefore, the correct sequence is I, II, IV, III.</p>"
                  }
                ]
              },
              {
                "chapter_name": "Print Culture and the Modern World",
                "questions": [
                  {
                    "question_no": 4,
                    "question_html": "<p>Choose the correct option to fill in the blank.</p><p>In the beginning of the 19th century, __________ a girl married in a very orthodox household wrote an autobiography called 'Amar Jiban'.</p>",
                    "options": [
                      {
                        "id": "a",
                        "text": "Pandita Ramabai"
                      },
                      {
                        "id": "b",
                        "text": "Rashsundari Devi"
                      },
                      {
                        "id": "c",
                        "text": "Tarabai Shinde"
                      },
                      {
                        "id": "d",
                        "text": "Kailashbashini Debi"
                      }
                    ],
                    "correct_answer": {
                      "ids": [
                        "b"
                      ]
                    },
                    "question_type": "mcq_single",
                    "difficulty_level": "medium",
                    "explanation_html": "<p>Rashsundari Devi, a woman from an orthodox family in Bengal, secretly learned to read and write and wrote her autobiography, 'Amar Jiban' (My Life). It was the first full-length autobiography published in the Bengali language, with the first part published in 1876.</p>"
                  }
                ]
              },
              {
                "chapter_name": "Forest and Wildlife Resources",
                "questions": [
                  {
                    "question_no": 5,
                    "question_html": "<p>Match Column I with Column II and choose the correct option.</p><p><b>Column I (National Park)</b></p><p>i. Kaziranga</p><p>ii. Jim Corbett</p><p>iii. Sunderbans</p><p>iv. Bandhavgarh</p><p><b>Column II (State)</b></p><p>a. Madhya Pradesh</p><p>b. Assam</p><p>c. Uttarakhand</p><p>d. West Bengal</p>",
                    "options": [
                      {
                        "id": "a",
                        "text": "i-a, ii-b, iii-c, iv-d"
                      },
                      {
                        "id": "b",
                        "text": "i-d, ii-c, iii-b, iv-a"
                      },
                      {
                        "id": "c",
                        "text": "i-c, ii-b, iii-d, iv-a"
                      },
                      {
                        "id": "d",
                        "text": "i-b, ii-c, iii-d, iv-a"
                      }
                    ],
                    "correct_answer": {
                      "ids": [
                        "d"
                      ]
                    },
                    "question_type": "mcq_single",
                    "difficulty_level": "easy",
                    "explanation_html": "<p>The correct matching of National Parks to their respective states is:</p><p>- Kaziranga National Park is in Assam (i-b).</p><p>- Jim Corbett National Park is in Uttarakhand (ii-c).</p><p>- Sunderbans National Park is in West Bengal (iii-d).</p><p>- Bandhavgarh National Park is in Madhya Pradesh (iv-a).</p>"
                  }
                ]
              },
              {
                "chapter_name": "Water Resources",
                "questions": [
                  {
                    "question_no": 6,
                    "question_html": "<p>In which one of the following states is 'bamboo drip irrigation system' prevalent ?</p>",
                    "options": [
                      {
                        "id": "a",
                        "text": "Tamil Nadu"
                      },
                      {
                        "id": "b",
                        "text": "West Bengal"
                      },
                      {
                        "id": "c",
                        "text": "Meghalaya"
                      },
                      {
                        "id": "d",
                        "text": "Odisha"
                      }
                    ],
                    "correct_answer": {
                      "ids": [
                        "c"
                      ]
                    },
                    "question_type": "mcq_single",
                    "difficulty_level": "easy",
                    "explanation_html": "<p>The bamboo drip irrigation system is an ancient practice of water conservation and irrigation primarily found in the state of Meghalaya. It involves using bamboo pipes to transport water from streams and springs over long distances to plantations.</p>"
                  }
                ]
              },
              {
                "chapter_name": "Minerals and Energy Resources",
                "questions": [
                  {
                    "question_no": 7,
                    "question_html": "<p>Which one of the following is the highest 'bauxite' producing state of India?</p>",
                    "options": [
                      {
                        "id": "a",
                        "text": "Maharashtra"
                      },
                      {
                        "id": "b",
                        "text": "Jharkhand"
                      },
                      {
                        "id": "c",
                        "text": "Gujarat"
                      },
                      {
                        "id": "d",
                        "text": "Odisha"
                      }
                    ],
                    "correct_answer": {
                      "ids": [
                        "d"
                      ]
                    },
                    "question_type": "mcq_single",
                    "difficulty_level": "easy",
                    "explanation_html": "<p>Odisha is the largest producer of bauxite in India, contributing over half of the country's total production. Bauxite is the primary ore of aluminium.</p>"
                  }
                ]
              },
              {
                "chapter_name": "Power Sharing",
                "questions": [
                  {
                    "question_no": 8,
                    "question_html": "<p>Two statements, I and II are given below. Read both the statements and choose the correct option.</p><p><b>Statement I :</b> Division of power is good for democratic systems.</p><p><b>Statement II :</b> It helps to reduce the possibility of conflict between social groups.</p>",
                    "options": [
                      {
                        "id": "a",
                        "text": "Statement I is true, but II is false."
                      },
                      {
                        "id": "b",
                        "text": "Statement I is false, but II is true."
                      },
                      {
                        "id": "c",
                        "text": "Statements I and II are true and II is the correct explanation of I."
                      },
                      {
                        "id": "d",
                        "text": "Statements I and II are true, but II is not the correct explanation of I."
                      }
                    ],
                    "correct_answer": {
                      "ids": [
                        "c"
                      ]
                    },
                    "question_type": "mcq_single",
                    "difficulty_level": "easy",
                    "explanation_html": "<p>Statement I is correct; power sharing is considered the spirit of democracy. Statement II provides the prudential reason for this, explaining that by giving different social groups a stake in the government, it reduces social conflicts and ensures political stability. Therefore, both statements are true, and Statement II is the correct explanation for Statement I.</p>"
                  }
                ]
              },
              {
                "chapter_name": "Federalism",
                "questions": [
                  {
                    "question_no": 9,
                    "question_html": "<p>Choose the most appropriate option regarding the division of legislative rights in India.</p>",
                    "options": [
                      {
                        "id": "a",
                        "text": "Union List – Defence and Commerce"
                      },
                      {
                        "id": "b",
                        "text": "State List – Police and Agriculture"
                      },
                      {
                        "id": "c",
                        "text": "Concurrent List – Forest and Communication"
                      },
                      {
                        "id": "d",
                        "text": "Residuary Subjects – Computer Software and Trade"
                      }
                    ],
                    "correct_answer": {
                      "ids": [
                        "b"
                      ]
                    },
                    "question_type": "mcq_single",
                    "difficulty_level": "medium",
                    "explanation_html": "<p>The Indian Constitution divides legislative powers into three lists:</p><p>- <b>Union List:</b> Includes subjects of national importance like Defence, Foreign Affairs, and Commerce. (Option A is partially correct, but Commerce is also on the Union List)</p><p>- <b>State List:</b> Includes subjects of state and local importance like Police, Trade, Commerce, and Agriculture. (Option B is correct).</p><p>- <b>Concurrent List:</b> Includes subjects of common interest like Education, Forest, and Marriage. (Option C is incorrect as Communication is on the Union List).</p><p>- <b>Residuary Subjects:</b> Subjects not mentioned in any list, like Computer Software, fall under the Union Government's jurisdiction. (Option D is incorrect as Trade is on the State List).</p>"
                  }
                ]
              },
              {
                "chapter_name": "Federalism",
                "questions": [
                  {
                    "question_no": 10,
                    "question_html": "<p>Read the following provisions regarding Secularism in the Indian Constitution and choose the correct option.</p><p>I. The Indian State has not adopted any religion as its official religion.</p><p>II. The Constitution gives freedom to all the citizens to practice and propagate any religion.</p><p>III. The Constitution declares any kind of discrimination done on the basis of religion to be legal.</p><p>IV. It gives the government the right to intervene in religious matters for ensuring equality within religious communities.</p>",
                    "options": [
                      {
                        "id": "a",
                        "text": "Only I, II and III are correct."
                      },
                      {
                        "id": "b",
                        "text": "Only I, II and IV are correct."
                      },
                      {
                        "id": "c",
                        "text": "Only I, III and IV are correct."
                      },
                      {
                        "id": "d",
                        "text": "Only II, III and IV are correct."
                      }
                    ],
                    "correct_answer": {
                      "ids": [
                        "b"
                      ]
                    },
                    "question_type": "mcq_single",
                    "difficulty_level": "medium",
                    "explanation_html": "<p>Analyzing the statements on Indian Secularism:</p><p>- <b>Statement I:</b> Correct. India has no official state religion.</p><p>- <b>Statement II:</b> Correct. Article 25 of the Constitution guarantees freedom of conscience and the right to freely profess, practice, and propagate religion.</p><p>- <b>Statement III:</b> Incorrect. The Constitution prohibits discrimination on grounds of religion and declares it illegal.</p><p>- <b>Statement IV:</b> Correct. The state can intervene in religious matters to ensure social welfare and reform, for example, by banning practices like untouchability or triple talaq.</p><p>Thus, statements I, II, and IV are correct.</p>"
                  }
                ]
              },
              {
                "chapter_name": "Political Parties",
                "questions": [
                  {
                    "question_no": 11,
                    "question_html": "<p>Which one of the following steps has been taken by the Election Commission of India to reform political parties ?</p>",
                    "options": [
                      {
                        "id": "a",
                        "text": "Amended the Constitution to prevent defection."
                      },
                      {
                        "id": "b",
                        "text": "Candidates will have to give the details of criminal cases on affidavit."
                      },
                      {
                        "id": "c",
                        "text": "Candidates will have to give details of their property on affidavit."
                      },
                      {
                        "id": "d",
                        "text": "It has been made mandatory for all parties to conduct organizational elections and file income tax returns."
                      }
                    ],
                    "correct_answer": {
                      "ids": [
                        "d"
                      ]
                    },
                    "question_type": "mcq_single",
                    "difficulty_level": "medium",
                    "explanation_html": "<p>Among the given options, the step taken by the Election Commission is making it mandatory for political parties to hold regular organizational elections and file their income tax returns. The anti-defection law (A) was a constitutional amendment passed by the Parliament. The requirement for affidavits on criminal cases (B) and property details (C) was mandated by the Supreme Court.</p>"
                  }
                ]
              },
              {
                "chapter_name": "Political Parties",
                "questions": [
                  {
                    "question_no": 12,
                    "question_html": "<p>Two statements are given below. They are Assertion (A) and Reason (R). Read both the statements and choose the correct option.</p><p><b>Assertion (A) :</b> Multi-party system has been adopted in India.</p><p><b>Reason (R) :</b> It is capable of accommodating all the social and geographical differences in India.</p>",
                    "options": [
                      {
                        "id": "a",
                        "text": "Both (A) and (R) are true and (R) is the correct explanation of (A)."
                      },
                      {
                        "id": "b",
                        "text": "Both (A) and (R) are true, but (R) is not the correct explanation of (A)."
                      },
                      {
                        "id": "c",
                        "text": "(A) is true, but (R) is false."
                      },
                      {
                        "id": "d",
                        "text": "(A) is false, but (R) is true."
                      }
                    ],
                    "correct_answer": {
                      "ids": [
                        "a"
                      ]
                    },
                    "question_type": "mcq_single",
                    "difficulty_level": "easy",
                    "explanation_html": "<p>Assertion (A) is true; India has a multi-party system where several parties compete for power. Reason (R) is also true and provides the correct explanation for the assertion. India's vast social, cultural, and geographical diversity makes it difficult for just two or three parties to represent all interests, leading to the evolution of a multi-party system that allows for the accommodation of this diversity.</p>"
                  }
                ]
              },
              {
                "chapter_name": "Federalism",
                "questions": [
                  {
                    "question_no": 13,
                    "question_html": "<p>Which one of the following is a scheduled language as per the Constitution of India?</p>",
                    "options": [
                      {
                        "id": "a",
                        "text": "Bhojpuri"
                      },
                      {
                        "id": "b",
                        "text": "Garhwali"
                      },
                      {
                        "id": "c",
                        "text": "Nepali"
                      },
                      {
                        "id": "d",
                        "text": "Rajasthani"
                      }
                    ],
                    "correct_answer": {
                      "ids": [
                        "c"
                      ]
                    },
                    "question_type": "mcq_single",
                    "difficulty_level": "medium",
                    "explanation_html": "<p>The Eighth Schedule of the Indian Constitution recognizes 22 languages as Scheduled Languages. Among the given options, Nepali is included in this list. Bhojpuri, Garhwali, and Rajasthani, despite being widely spoken, are not listed in the Eighth Schedule.</p>"
                  }
                ]
              },
              {
                "chapter_name": "Gender, Religion and Caste",
                "questions": [
                  {
                    "question_no": 14,
                    "question_html": "<p>Two statements, I and II are given below. Read both the statements and choose the correct option.</p><p><b>Statement I:</b> Women are now actively contributing to various professions including roles as doctors, engineers, lawyers, managers and university teachers.</p><p><b>Statement II :</b> Political expression of gender division and political mobilization helped to improve women's role in public life.</p>",
                    "options": [
                      {
                        "id": "a",
                        "text": "Statement I is true, but II is false."
                      },
                      {
                        "id": "b",
                        "text": "Statement I is false, but II is true."
                      },
                      {
                        "id": "c",
                        "text": "Statements I and II are true and II is the correct explanation of I."
                      },
                      {
                        "id": "d",
                        "text": "Statements I and II are true, but II is not the correct explanation of I."
                      }
                    ],
                    "correct_answer": {
                      "ids": [
                        "c"
                      ]
                    },
                    "question_type": "mcq_single",
                    "difficulty_level": "easy",
                    "explanation_html": "<p>Statement I is an observable fact; women's participation in various high-skilled professions has increased significantly. Statement II provides the underlying reason for this change. The feminist movements and political mobilization on gender issues have raised awareness, challenged traditional roles, and led to policies that have improved women's access to education and employment, thereby enhancing their role in public life. Thus, both statements are true, and II correctly explains I.</p>"
                  }
                ]
              },
              {
                "chapter_name": "Money and Credit",
                "questions": [
                  {
                    "question_no": 15,
                    "question_html": "<p>In one of the small villages, a farmer borrows money from the village moneylender at a high monthly interest rate but is not able to repay it back. Next, he borrows it from a bank at a lower interest rate. Gradually he earns and pays back the loan to the moneylender and the bank. Which of the following best describes the role of the bank in this credit situation?</p>",
                    "options": [
                      {
                        "id": "a",
                        "text": "The bank acts as a cooperative lender."
                      },
                      {
                        "id": "b",
                        "text": "The bank facilitates a debt-trap situation."
                      },
                      {
                        "id": "c",
                        "text": "The bank ensures a fair exchange of goods."
                      },
                      {
                        "id": "d",
                        "text": "The bank saves the farmer from debt-trap."
                      }
                    ],
                    "correct_answer": {
                      "ids": [
                        "d"
                      ]
                    },
                    "question_type": "mcq_single",
                    "difficulty_level": "easy",
                    "explanation_html": "<p>The farmer was in a potential debt-trap due to the high-interest loan from the moneylender. A debt trap is a situation where a borrower is unable to repay a loan due to high-interest costs, forcing them to take out new loans to service the old ones. By providing a loan at a lower interest rate, the bank provides the farmer a way out of this cycle, enabling him to repay his debts and save him from the debt trap.</p>"
                  }
                ]
              },
              {
                "chapter_name": "Sectors of the Indian Economy",
                "questions": [
                  {
                    "question_no": 16,
                    "question_html": "<p>Look at the given picture. The work being done in the picture comes under which one of the following economic sectors ?</p>",
                    "images": [
                      {
                        "url": "https://img.testbuddyai.com/SocialScience-32-5-24-Q16.png"
                      }
                    ],
                    "options": [
                      {
                        "id": "a",
                        "text": "Primary"
                      },
                      {
                        "id": "b",
                        "text": "Secondary"
                      },
                      {
                        "id": "c",
                        "text": "Tertiary"
                      },
                      {
                        "id": "d",
                        "text": "Quaternary"
                      }
                    ],
                    "correct_answer": {
                      "ids": [
                        "c"
                      ]
                    },
                    "question_type": "mcq_single",
                    "difficulty_level": "easy",
                    "explanation_html": "<p>The picture shows doctors providing healthcare services. The economic sectors are classified as:</p><p>- <b>Primary Sector:</b> Extraction of raw materials (e.g., agriculture, mining).</p><p>- <b>Secondary Sector:</b> Manufacturing and processing of raw materials (e.g., industry).</p><p>- <b>Tertiary Sector:</b> Providing services (e.g., healthcare, banking, transport).</p><p>Since healthcare is a service, it falls under the Tertiary sector.</p>"
                  }
                ]
              },
              {
                "chapter_name": "Money and Credit",
                "questions": [
                  {
                    "question_no": 17,
                    "question_html": "<p>Two statements are given below. They are Assertion (A) and Reason (R). Read both the statements and choose the correct option.</p><p><b>Assertion (A) :</b> Rural poor families are still dependent on informal sources of credit.</p><p><b>Reason (R) :</b> For obtaining loan from banks, collateral and special documents are required.</p>",
                    "options": [
                      {
                        "id": "a",
                        "text": "Both (A) and (R) are true and (R) is the correct explanation of (A)."
                      },
                      {
                        "id": "b",
                        "text": "Both (A) and (R) are true, but (R) is not the correct explanation of (A)."
                      },
                      {
                        "id": "c",
                        "text": "(A) is true, but (R) is false."
                      },
                      {
                        "id": "d",
                        "text": "(A) is false, but (R) is true."
                      }
                    ],
                    "correct_answer": {
                      "ids": [
                        "a"
                      ]
                    },
                    "question_type": "mcq_single",
                    "difficulty_level": "easy",
                    "explanation_html": "<p>Assertion (A) is correct; a large proportion of the credit needs of poor households in rural areas are met from informal sources like moneylenders. Reason (R) is also correct and explains why this is the case. Banks and formal lenders require collateral (like land or assets) and proper documentation, which poor families often lack. This 'bank-loan-barrier' forces them to turn to informal lenders, despite higher interest rates. Therefore, (R) is the correct explanation of (A).</p>"
                  }
                ]
              },
              {
                "chapter_name": "Globalization and the Indian Economy",
                "questions": [
                  {
                    "question_no": 18,
                    "question_html": "<p>Which one of the following is included in ‘liberalization'?</p>",
                    "options": [
                      {
                        "id": "a",
                        "text": "Promoting trade barriers"
                      },
                      {
                        "id": "b",
                        "text": "Removing trade barriers"
                      },
                      {
                        "id": "c",
                        "text": "Controlling the other country through trade"
                      },
                      {
                        "id": "d",
                        "text": "Increasing import, export duty on goods"
                      }
                    ],
                    "correct_answer": {
                      "ids": [
                        "b"
                      ]
                    },
                    "question_type": "mcq_single",
                    "difficulty_level": "easy",
                    "explanation_html": "<p>Liberalization, in the context of trade and economy, means removing or reducing restrictions or barriers set by the government. This includes lowering tariffs, eliminating quotas, and generally making it easier for foreign trade and investment to occur. Therefore, 'Removing trade barriers' is a core component of liberalization.</p>"
                  }
                ]
              },
              {
                "chapter_name": "Sectors of the Indian Economy",
                "questions": [
                  {
                    "question_no": 19,
                    "question_html": "<p>Which one of the following sectors has the highest share in employment in India?</p>",
                    "options": [
                      {
                        "id": "a",
                        "text": "Primary"
                      },
                      {
                        "id": "b",
                        "text": "Secondary"
                      },
                      {
                        "id": "c",
                        "text": "Tertiary"
                      },
                      {
                        "id": "d",
                        "text": "Quaternary"
                      }
                    ],
                    "correct_answer": {
                      "ids": [
                        "a"
                      ]
                    },
                    "question_type": "mcq_single",
                    "difficulty_level": "easy",
                    "explanation_html": "<p>Even though the share of the primary sector (mainly agriculture) in India's GDP has fallen significantly, it continues to be the largest employer, providing livelihoods for a substantial portion of the country's workforce. This indicates a situation of underemployment or disguised unemployment in the agricultural sector.</p>"
                  }
                ]
              },
              {
                "chapter_name": "Money and Credit",
                "questions": [
                  {
                    "question_no": 20,
                    "question_html": "<p>Select the formal sources of credit from the given sources and choose the correct option.</p><p>I. Bank</p><p>II. Moneylender</p><p>III. Cooperatives</p><p>IV. Businessman</p>",
                    "options": [
                      {
                        "id": "a",
                        "text": "Only I and II"
                      },
                      {
                        "id": "b",
                        "text": "Only II and III"
                      },
                      {
                        "id": "c",
                        "text": "Only I and III"
                      },
                      {
                        "id": "d",
                        "text": "Only I and IV"
                      }
                    ],
                    "correct_answer": {
                      "ids": [
                        "c"
                      ]
                    },
                    "question_type": "mcq_single",
                    "difficulty_level": "easy",
                    "explanation_html": "<p>Formal sources of credit are institutions that are registered with the government and are supervised by the Reserve Bank of India. Their rates and terms are regulated. Banks and Cooperative Societies fall under this category. Moneylenders and businessmen are considered informal sources of credit as they are not regulated by a central body and their lending practices can be arbitrary.</p>"
                  }
                ]
              },
              {
                "chapter_name": "The Making of a Global World",
                "questions": [
                  {
                    "question_no": 21,
                    "question_html": "<p>Why was the Indian subcontinent central to the flows of the trading network before the sixteenth century ? Explain.</p>",
                    "options": [],
                    "correct_answer": {
                      "text": "<p>The Indian subcontinent was central to the trading network before the sixteenth century due to the following reasons (any two):</p><p>1. The silk routes serve as a prime example of vibrant pre-modern trade and cultural connections.</p><p>2. These routes connected Europe and Africa in the west with China in the east, placing India at a crucial junction.</p><p>3. The routes existed and flourished from before the Christian era until almost the 15th century.</p><p>4. Goods like Chinese pottery, and spices and textiles from India and Southeast Asia were transported along these routes.</p><p>5. Due to its strategic location, India was at the center of this trade network, actively participating in the exchange between continents.</p>"
                    },
                    "question_type": "Very Short Answer (2 marks)",
                    "difficulty_level": "medium",
                    "explanation_html": null
                  }
                ]
              },
              {
                "chapter_name": "Minerals and Energy Resources",
                "questions": [
                  {
                    "question_no": "22",
                    "question_html": "<p><b>(a)</b> \"Minerals occur in igneous and metamorphic rocks.\" Explain the statement with example.</p><p><b>(b)</b> OR<br>\"The ocean waters contain vast quantities of minerals.\" Explain the statement with example.</p>",
                    "options": [],
                    "correct_answer": {
                      "text": "<p><b>(a)</b> Minerals occur in igneous and metamorphic rocks in the following ways (any two):</p><p>1. Minerals can be found in cracks, crevices, faults, or joints within these rocks.</p><p>2. Smaller occurrences of minerals in these formations are called veins, while larger ones are known as lodes.</p><p>3. They are often formed when minerals in liquid, molten, or gaseous states are forced upwards through cavities towards the Earth's surface and then solidify. Examples include tin, copper, zinc, and lead.</p><p><b>(b)</b> Ocean waters contain vast quantities of minerals, but they are often hard to extract economically (any two points):</p><p>1. Most minerals are too widely diffused in the water to be of economic significance.</p><p>2. However, some minerals like common salt, magnesium, and bromine are largely derived commercially from ocean water.</p><p>3. The ocean beds are also rich sources of minerals, particularly manganese nodules.</p>"
                    },
                    "question_type": "Very Short Answer (2 marks)",
                    "difficulty_level": "medium",
                    "explanation_html": null
                  }
                ]
              },
              {
                "chapter_name": "Federalism",
                "questions": [
                  {
                    "question_no": 23,
                    "question_html": "<p>Why was the need for decentralisation recognized in the Indian Constitution ? Explain.</p>",
                    "options": [],
                    "correct_answer": {
                      "text": "<p>The need for decentralization was recognized for the following reasons (any two):</p><p>1. India is a vast and diverse country, making it difficult to govern effectively from a single central point.</p><p>2. Accommodating this diversity requires power sharing at different levels.</p><p>3. Many problems and issues are best managed and settled at the local level.</p><p>4. People at the local level have a better understanding of their problems and how to solve them.</p><p>5. Decentralization promotes democratic participation and helps to deepen democracy by involving citizens in governance.</p>"
                    },
                    "question_type": "Very Short Answer (2 marks)",
                    "difficulty_level": "easy",
                    "explanation_html": null
                  }
                ]
              },
              {
                "chapter_name": "Globalization and the Indian Economy",
                "questions": [
                  {
                    "question_no": 24,
                    "question_html": "<p>How have the developments in information and communication technology been the major factor to enable globalisation ? Explain.</p>",
                    "options": [],
                    "correct_answer": {
                      "text": "<p>Developments in information and communication technology have been a major enabler of globalization in the following ways (any two):</p><p>1. Telecommunication facilities like mobile phones and fax allow for instant contact and information access across the globe.</p><p>2. The internet facilitates the easy sharing of information and communication from remote areas.</p><p>3. Technologies like email and voice mail allow for communication across the world at a negligible cost.</p><p>4. ICT has played a crucial role in spreading the production of services across different countries.</p>"
                    },
                    "question_type": "Very Short Answer (2 marks)",
                    "difficulty_level": "easy",
                    "explanation_html": null
                  }
                ]
              },
              {
                "chapter_name": "Nationalism in India",
                "questions": [
                  {
                    "question_no": "25",
                    "question_html": "<p><b>(a)</b> Explain the role of women in the Civil Disobedience Movement, with examples.</p><p><b>(b)</b> OR<br>How did the Indian folklore and symbols strengthen the idea of nationalism during the twentieth century ? Explain with examples.</p>",
                    "options": [],
                    "correct_answer": {
                      "text": "<p><b>(a)</b> Women played a significant role in the Civil Disobedience Movement (any three points):</p><p>1. Inspired by Gandhiji's Salt March, thousands of women came out of their homes to participate in the movement.</p><p>2. They actively participated in protest marches and took part in manufacturing salt, defying the British salt laws.</p><p>3. Women picketed shops selling foreign cloth and liquor, which was a key part of the boycott strategy.</p><p>4. Many women faced police action and were arrested and sent to jail for their participation.</p><p>5. Moved by Gandhi's call, they began to view service to the nation as a sacred duty, marking a significant step in their public life participation.</p><p><b>(b)</b> Indian folklore and symbols strengthened nationalism in the following ways (any three points):</p><p>1. A movement to revive Indian folklore emerged, as nationalists believed it gave a true picture of traditional culture untainted by external forces.</p><p>2. Nationalists began recording folk tales and legends, touring villages to preserve this oral tradition and foster a sense of shared heritage.</p><p>3. Icons and symbols were used to unify people. During the Swadeshi movement in Bengal, a tricolour flag (red, green, and yellow) was designed.</p><p>4. The idea of Bharat Mata (Mother India) as a symbol of the nation was popularized, creating a sense of devotion and unity.</p><p>5. By 1921, Gandhiji designed the Swaraj flag, a tricolour (red, green, and white) with a charkha in the center, which became a symbol of defiance and self-reliance.</p>"
                    },
                    "question_type": "Short Answer (3 marks)",
                    "difficulty_level": "medium",
                    "explanation_html": null
                  }
                ]
              },
              {
                "chapter_name": "Globalization and the Indian Economy",
                "questions": [
                  {
                    "question_no": 26,
                    "question_html": "<p>Describe any three impacts of globalisation on Indian agriculture.</p>",
                    "options": [],
                    "correct_answer": {
                      "text": "<p>Globalization has had the following impacts on Indian agriculture (any three points):</p><p>1. Farmers are increasingly investing in new technologies, including genetically modified seeds and organic farming methods, to compete in the global market.</p><p>2. There is a diversification of crops, with farmers shifting from traditional staples to high-value crops like horticulture, millets, herbs, and mushrooms.</p><p>3. Small and marginal farmers are adopting inexpensive and sustainable organic farming techniques.</p><p>4. Farmers are exploring new markets for their produce outside India, leading to increased agricultural exports.</p><p>5. The government has introduced support systems like insurance schemes for farmers to mitigate risks associated with global market fluctuations.</p>"
                    },
                    "question_type": "Short Answer (3 marks)",
                    "difficulty_level": "medium",
                    "explanation_html": null
                  }
                ]
              },
              {
                "chapter_name": "Political Parties",
                "questions": [
                  {
                    "question_no": 27,
                    "question_html": "<p>Analyse any three challenges faced by political parties in India.</p>",
                    "options": [],
                    "correct_answer": {
                      "text": "<p>Political parties in India face several challenges (any three points):</p><p>1. <b>Lack of Internal Democracy:</b> Power within parties is often concentrated in the hands of one or a few leaders, with little room for ordinary members to have a say in decision-making.</p><p>2. <b>Dynastic Succession:</b> Leadership positions are often passed down through families, preventing talented individuals from rising to the top based on merit.</p><p>3. <b>Role of Money and Muscle Power:</b> Parties often rely on wealthy candidates or criminal elements to win elections, which undermines the democratic process.</p><p>4. <b>Lack of Meaningful Choice:</b> In recent years, ideological differences between major parties have narrowed, offering voters limited meaningful choices in policies and programs.</p>"
                    },
                    "question_type": "Short Answer (3 marks)",
                    "difficulty_level": "easy",
                    "explanation_html": null
                  }
                ]
              },
              {
                "chapter_name": "Federalism",
                "questions": [
                  {
                    "question_no": 28,
                    "question_html": "<p>Describe any three characteristics of the Indian federal system.</p>",
                    "options": [],
                    "correct_answer": {
                      "text": "<p>The Indian federal system has the following characteristics (any three points):</p><p>1. <b>Two or More Tiers of Government:</b> India has a government at the central level and governments at the state level (and now also at the local level).</p><p>2. <b>Separate Jurisdiction:</b> Different tiers of government govern the same citizens, but each tier has its own jurisdiction in specific matters of legislation, taxation, and administration, as specified in the Constitution.</p><p>3. <b>Constitutional Guarantee of Authority:</b> The existence and authority of each tier of government are constitutionally guaranteed.</p><p>4. <b>Rigid Constitution:</b> Fundamental provisions of the Constitution cannot be unilaterally changed by one level of government; such changes require the consent of both the central and state governments.</p><p>5. <b>Role of Courts:</b> The judiciary has the power to interpret the Constitution and resolve disputes between different levels of government.</p>"
                    },
                    "question_type": "Short Answer (3 marks)",
                    "difficulty_level": "easy",
                    "explanation_html": null
                  }
                ]
              },
              {
                "chapter_name": "Development",
                "questions": [
                  {
                    "question_no": 29,
                    "question_html": "<p>Why has the issue of sustainability become essential for development in present times ? Explain with example.</p>",
                    "options": [],
                    "correct_answer": {
                      "text": "<p>The issue of sustainability has become essential for development for the following reasons (any three points):</p><p>1. <b>Desire for Continuous Development:</b> We want the level of development to continue to rise in the future, which requires careful management of resources.</p><p>2. <b>Environmental Protection:</b> Sustainable development is an environment-friendly approach to economic growth that ensures the natural world is not irreversibly damaged.</p><p>3. <b>Resource Depletion:</b> Non-renewable resources, such as fossil fuels, will be exhausted after a few years. Sustainability focuses on finding and using alternative, renewable sources like solar, wind, and tidal energy.</p><p>4. <b>Resource Management:</b> Sustainability emphasizes the principles of Reduce, Reuse, and Recycle to use resources judiciously and minimize waste.</p><p><b>Example:</b> Overusing groundwater for agriculture may lead to immediate high yields, but it depletes the water table, making future farming and access to drinking water difficult. A sustainable approach would be to use irrigation methods like drip irrigation that conserve water for future generations.</p>"
                    },
                    "question_type": "Short Answer (3 marks)",
                    "difficulty_level": "easy",
                    "explanation_html": null
                  }
                ]
              },
              {
                "chapter_name": "The Rise of Nationalism in Europe",
                "questions": [
                  {
                    "question_no": "30",
                    "question_html": "<p><b>(a)</b> Evaluate the role of Giuseppe Mazzini in the unification of the Italian Republic.</p><p><b>(b)</b> OR<br>Evaluate the role of Otto von Bismarck in the unification of Germany.</p>",
                    "options": [],
                    "correct_answer": {
                      "text": "<p><b>(a)</b> Giuseppe Mazzini played a crucial role in the unification of Italy in the following ways (any five points):</p><p>1. At a time when Italy was divided into seven states under different rulers, Mazzini envisioned a united Italian Republic.</p><p>2. During the 1830s, he developed a coherent program for unifying Italy, moving beyond scattered uprisings to a structured political goal.</p><p>3. He founded the secret society 'Young Italy' to spread his ideas and goals among the Italian youth and inspire them to fight for unification.</p><p>4. Although his revolutionary uprisings in 1831 and 1848 failed, they laid the ideological foundation for the unification movement.</p><p>5. His relentless efforts kept the spirit of nationalism alive and inspired other leaders, eventually leading Sardinia-Piedmont under King Victor Emmanuel II to take up the cause of unification.</p><p>6. His ideas offered a vision of economic development and political dominance for the ruling elites through a unified Italy.</p><p><b>(b)</b> Otto von Bismarck was the chief architect of German unification, and his role can be evaluated as follows (any five points):</p><p>1. After 1848, he shifted the nationalist movement in Europe away from its democratic and revolutionary ideals towards a more conservative and state-led approach.</p><p>2. As the Chief Minister of Prussia, he carried out the process of unification with the support of the Prussian army and the landed aristocracy (Junkers).</p><p>3. Under his leadership, Prussia took charge of the movement for national unification.</p><p>4. He followed a policy of 'Blood and Iron,' fighting three wars over seven years against Austria, Denmark, and France, which ended in Prussian victory and completed the unification process.</p><p>5. On 18 January 1871, in the Hall of Mirrors at Versailles, he proclaimed the Prussian King, William I, as the Emperor of a unified Germany.</p><p>6. The new German state, under his guidance, emphasized modernizing the currency, banking, legal, and judicial systems.</p>"
                    },
                    "question_type": "Long Answer (5 marks)",
                    "difficulty_level": "medium",
                    "explanation_html": null
                  }
                ]
              },
              {
                "chapter_name": "Manufacturing Industries",
                "questions": [
                  {
                    "question_no": "31",
                    "question_html": "<p><b>(a)</b> \"Manufacturing sector is considered the backbone of development of the country.\" Justify the statement.</p><p><b>(b)</b> OR<br>\"Agriculture and Industry move hand in hand.\" Justify the statement.</p>",
                    "options": [],
                    "correct_answer": {
                      "text": "<p><b>(a)</b> The manufacturing sector is considered the backbone of a country's development for the following reasons (any five points):</p><p>1. <b>Modernizes Agriculture:</b> It provides machinery, fertilizers, and other inputs that help in modernizing and increasing agricultural productivity.</p><p>2. <b>Reduces Dependence on Agriculture:</b> By providing jobs in secondary and tertiary sectors, it reduces the heavy dependence of the population on agricultural income.</p><p>3. <b>Eradicates Poverty and Unemployment:</b> Industrial development is a prerequisite for creating jobs and thus helps in eradicating unemployment and poverty.</p><p>4. <b>Reduces Regional Disparities:</b> Establishing industries in tribal and backward areas helps in their development and reduces regional inequalities.</p><p>5. <b>Earns Foreign Exchange:</b> The export of manufactured goods expands trade and commerce, bringing in much-needed foreign exchange.</p><p>6. <b>Increases National Income:</b> Manufacturing contributes significantly to the GDP and helps increase the per capita income of the country.</p><p><b>(b)</b> Agriculture and industry are not exclusive of each other; they move hand in hand. This can be justified with the following points (any five):</p><p>1. <b>Boost to Agriculture:</b> Agro-based industries have significantly boosted agriculture by raising its productivity.</p><p>2. <b>Raw Materials:</b> Industries depend on agriculture for their raw materials, such as cotton for textiles or sugarcane for sugar.</p><p>3. <b>Market for Industrial Products:</b> Industries sell their products like irrigation pumps, fertilizers, pesticides, and machinery to farmers, creating a market for industrial goods.</p><p>4. <b>Increased Efficiency:</b> The development of the manufacturing industry has not only assisted farmers in increasing their production but has also made the production process much more efficient.</p><p>5. <b>Job Creation:</b> Both sectors are interdependent for creating job markets in agriculture, manufacturing, and related service sectors like transport and trade.</p>"
                    },
                    "question_type": "Long Answer (5 marks)",
                    "difficulty_level": "easy",
                    "explanation_html": null
                  }
                ]
              },
              {
                "chapter_name": "Outcomes of Democracy",
                "questions": [
                  {
                    "question_no": "32",
                    "question_html": "<p><b>(a)</b> Explain with examples the role of democracy in the reduction of inequality and poverty.</p><p><b>(b)</b> OR<br>How is democracy a legitimate government? Explain with examples.</p>",
                    "options": [],
                    "correct_answer": {
                      "text": "<p><b>(a)</b> Democracy plays a role in reducing inequality and poverty, although with mixed results (any five points):</p><p>1. <b>Political Equality:</b> Democracy promotes political equality by granting universal adult franchise, giving every citizen the right to vote, regardless of their economic status.</p><p>2. <b>Dignity of Individuals:</b> It enhances the dignity of individuals by recognizing them as citizens with rights, not as subjects.</p><p>3. <b>Quality of Decision Making:</b> Democratic decisions are made through debate and discussion, which improves the quality of outcomes, potentially leading to better policies for the poor.</p><p>4. <b>Growing Inequalities:</b> Despite these ideals, democracies worldwide are witnessing growing economic inequalities, with the ultra-rich controlling a disproportionate share of wealth.</p><p>5. <b>Difficulty for the Poor:</b> Those at the bottom of society often find it difficult to meet their basic needs, and their share in the total income has been declining.</p><p>6. <b>Government Schemes:</b> Central and State governments in democracies have implemented various welfare schemes (e.g., MGNREGA in India) to reduce disparity and support the poor.</p><p>7. <b>Affirmative Action:</b> Policies like reservation have helped to uplift marginalized sections of society, reducing social inequality.</p><p><b>(b)</b> A democracy is considered a legitimate government for the following reasons (any five points):</p><p>1. <b>Consent of the People:</b> It is a lawful government formed on the basis of the consent of the people, who choose their rulers.</p><p>2. <b>Citizen Participation:</b> Citizens have the right to participate in decision-making, either directly or through their elected representatives.</p><p>3. <b>Free and Fair Elections:</b> Legitimacy is derived from regular, free, and fair elections where people can change their government if they are not satisfied.</p><p>4. <b>Accountability and Responsiveness:</b> A democratic government is answerable to the people and is expected to be responsive to their needs and demands.</p><p>5. <b>Transparency:</b> Citizens have the right to information about the government and its functioning, which ensures transparency.</p><p>6. <b>Norms and Procedures:</b> Democratic governments follow established norms and procedures, making their decisions more predictable and acceptable.</p><p><b>Example:</b> In India, the government is formed through general elections held every five years. The government is accountable to the Parliament and the people. Citizens can use the Right to Information (RTI) Act to access information about government decisions.</p>"
                    },
                    "question_type": "Long Answer (5 marks)",
                    "difficulty_level": "medium",
                    "explanation_html": null
                  }
                ]
              },
              {
                "chapter_name": "Sectors of the Indian Economy",
                "questions": [
                  {
                    "question_no": "33",
                    "question_html": "<p><b>(a)</b> Explain the differences between public and private sector of economic activities.</p><p><b>(b)</b> OR<br>Explain the differences between the organised and unorganised sector of economic activities.</p>",
                    "options": [],
                    "correct_answer": {
                      "text": "<p><b>(a)</b> The differences between the public and private sectors are as follows (any five points):</p><p>| Feature | Public Sector | Private Sector |</p><p>| :--- | :--- | :--- |</p><p>| **1. Ownership** | The government owns most of the assets and provides all the services. | Ownership of assets and delivery of services is in the hands of private individuals or companies. |</p><p>| **2. Example** | Indian Railways, BHEL, etc. | TISCO, Reliance Industries Ltd (RIL), etc. |</p><p>| **3. Motive** | The primary motive is public welfare, not profit. | The primary motive is to earn profits. |</p><p>| **4. Funding** | Governments raise money through taxes and other means to fund services. | Funded by private owners or shareholders. |</p><p>| **5. Scale of Activities**| Spends on large-scale activities that require huge investment, like building roads, bridges, and railways. | Cannot spend such large sums of money on infrastructure projects with long gestation periods. |</p><p>| **6. Accessibility**| Services are meant for everyone. | Services are not accessible to everyone, as they are priced for profit. |</p><p><b>(b)</b> The differences between the organised and unorganised sectors are as follows (any five points):</p><p>| Feature | Organised Sector | Unorganised Sector |</p><p>| :--- | :--- | :--- |</p><p>| **1. Employment Terms**| Terms of employment are regular and secure. | Employment is not regular and secure. |</p><p>| **2. Regulation** | Registered with the government and must follow rules and regulations (e.g., Factory Act, Minimum Wages Act). | Outside the control of the government and not registered. Rules and regulations are not followed. |</p><p>| **3. Job Security** | Jobs are secure, and workers have a fixed number of working hours. They are paid for overtime. | Jobs are insecure, and workers often have to work for longer hours without overtime pay. |</p><p>| **4. Benefits** | Workers receive several benefits like paid leave, medical benefits, provident fund, and gratuity. | Workers do not get any benefits or facilities from their employer. |</p><p>| **5. Working Conditions**| Facilities like safe drinking water and a safe working environment are provided. | Basic facilities are often not available. |</p>"
                    },
                    "question_type": "Long Answer (5 marks)",
                    "difficulty_level": "easy",
                    "explanation_html": null
                  }
                ]
              },
              {
                "chapter_name": "Print Culture and the Modern World",
                "questions": [
                  {
                    "question_no": "34",
                    "question_html": "<p><b>(i)</b> In which language was ‘Bengal Gazette’ edited by James Augustus Hickey published ?</p><p><b>(ii)</b> Why was James Augustus Hickey persecuted ?</p><p><b>(iii)</b> Which newspapers were encouraged during the 1780s ? Why were they encouraged ?</p>",
                    "options": [],
                    "correct_answer": {
                      "text": "<p><b>(i)</b> The 'Bengal Gazette' edited by James Augustus Hickey was published in <b>English</b>.</p><p><b>(ii)</b> James Augustus Hickey was persecuted because he published a lot of gossip about the senior officials of the East India Company in his newspaper.</p><p><b>(iii)</b> <b>Newspapers Encouraged:</b> Officially sanctioned newspapers that were supported by the colonial government were encouraged during the 1780s.<br><b>Reason:</b> They were encouraged to counter the flow of information from independent papers like Hickey's, which damaged the image of the colonial government.</p>"
                    },
                    "question_type": "Case-based Subjective",
                    "difficulty_level": "medium",
                    "explanation_html": null
                  }
                ]
              },
              {
                "chapter_name": "Resources and Development",
                "questions": [
                  {
                    "question_no": "35",
                    "question_html": "<p><b>(i)</b> Explain the meaning of sustainable development.</p><p><b>(ii)</b> In which international conference was 'Agenda-21' accepted?</p><p><b>(iii)</b> Explain any two outcomes of the Summit.</p>",
                    "options": [],
                    "correct_answer": {
                      "text": "<p><b>(i)</b> Sustainable development means development that takes place without damaging the environment, and ensures that the development in the present does not compromise with the needs of future generations.</p><p><b>(ii)</b> 'Agenda-21' was accepted at the Rio de Janeiro Earth Summit in Brazil in 1992.</p><p><b>(iii)</b> Two outcomes of the Rio de Janeiro Earth Summit were:</p><p>1. <b>Global Cooperation:</b> It fostered global cooperation on common interests like protecting the environment and socio-economic development.</p><p>2. <b>Shared Responsibility:</b> It established the idea of shared responsibilities among nations to address global environmental damage.</p><p>3. <b>Agenda 21:</b> The adoption of Agenda 21 provided a comprehensive plan of action to be taken globally, nationally, and locally by organizations of the UN System, Governments, and Major Groups in every area in which humans impact the environment.</p>"
                    },
                    "question_type": "Case-based Subjective",
                    "difficulty_level": "medium",
                    "explanation_html": null
                  }
                ]
              },
              {
                "chapter_name": "Money and Credit",
                "questions": [
                  {
                    "question_no": "36",
                    "question_html": "<p><b>(i)</b> How do 'Krishak Cooperatives' secure funds for providing loans to their members?</p><p><b>(ii)</b> What are the different types of loans that 'Krishak Cooperatives' offer to their members ?</p><p><b>(iii)</b> Why are such cooperatives desirable in the rural areas ?</p>",
                    "options": [],
                    "correct_answer": {
                      "text": "<p><b>(i)</b> 'Krishak Cooperatives' secure funds in two main ways:</p><p>1. They accept deposits from their members.</p><p>2. They use these deposits as collateral to obtain large loans from the bank.</p><p><b>(ii)</b> 'Krishak Cooperatives' offer various types of loans, including loans for the purchase of agricultural implements, loans for cultivation and agricultural trade, fishery loans, loans for the construction of houses, and for a variety of other expenses.</p><p><b>(iii)</b> Cooperatives are desirable in rural areas for the following reasons (any two):</p><p>1. They offer cheap and affordable credit, protecting farmers from high-interest informal loans.</p><p>2. They reduce the dependence on informal sources of credit like moneylenders.</p><p>3. They often require less documentation compared to formal banks, making credit more accessible.</p><p>4. Once loans are repaid, another round of lending can take place, ensuring a continuous flow of credit in the community.</p>"
                    },
                    "question_type": "Case-based Subjective",
                    "difficulty_level": "easy",
                    "explanation_html": null
                  }
                ]
              },
              {
                "chapter_name": "Map Work (For Visually Impaired Candidates)",
                "questions": [
                  {
                    "question_no": "37",
                    "question_html": "<p><b>(i)</b> Name the state where the session of Indian National Congress was held in 1927.</p><p><b>(ii)</b> Name the place where Gandhiji broke the salt law.</p><p><b>(iii)</b> Name the state where Bailadila iron ore mines are located.</p><p><b>(iv)</b> In which state is Namrup Thermal Power Plant located?</p><p><b>(v)</b> Name the state where Kandla sea port is located.</p><p><b>(vi)</b> Name the state where Meenam Bakkam international airport is located.</p>",
                    "images": [
                      {
                        "url": "https://img.testbuddyai.com/SocialScience-32-5-24-Q37.png"
                      }
                    ],
                    "options": [],
                    "correct_answer": {
                      "text": "<p><b>(i)</b> The 1927 session of the Indian National Congress was held in Madras, which is in the present-day state of <b>Tamil Nadu</b>.</p><p><b>(ii)</b> Gandhiji broke the salt law at <b>Dandi</b>, a coastal village in Gujarat.</p><p><b>(iii)</b> The Bailadila iron ore mines are located in the state of <b>Chhattisgarh</b>.</p><p><b>(iv)</b> The Namrup Thermal Power Plant is located in the state of <b>Assam</b>.</p><p><b>(v)</b> The Kandla sea port (now known as Deendayal Port) is located in the state of <b>Gujarat</b>.</p><p><b>(vi)</b> The Meenam Bakkam International Airport (Chennai International Airport) is located in the state of <b>Tamil Nadu</b>.</p>"
                    },
                    "question_type": "Very Short Answer (2 marks)",
                    "difficulty_level": "easy",
                    "explanation_html": null
                  }
                ]
              }
            ]
          }
        ]
      }
    ]
  }
]