[
  {
    "exam_name_actual": "CBSE Board - Class 10",
    "main_exam_id_name_ref": "CBSE Board - Class 10",
    "years": [
      {
        "year": "2024",
        "papers_or_subjects": [
          {
            "paper_name": "CBSE Class 10 Social Studies Paper 2024 (QP Code: 32/2/1)",
            "subject_name": "Social Studies",
            "chapters": [
              {
                "chapter_name": "The Rise of Nationalism in Europe",
                "questions": [
                  {
                    "question_no": 1,
                    "question_html": "<p>The German philosopher ‘Johann Gottfried' belonged to which one of the following schools of thought?</p>",
                    "options": [
                      {
                        "id": "a",
                        "text": "Socialist"
                      },
                      {
                        "id": "b",
                        "text": "Liberalist"
                      },
                      {
                        "id": "c",
                        "text": "Romanticist"
                      },
                      {
                        "id": "d",
                        "text": "Marxist"
                      }
                    ],
                    "correct_answer": {
                      "ids": [
                        "c"
                      ]
                    },
                    "question_type": "mcq_single",
                    "difficulty_level": "easy",
                    "explanation_html": "<p>Johann Gottfried Herder was a German philosopher who was a central figure in the development of German Romanticism. He argued that true culture arose from the common people (das volk) and their folk songs, poetry, and dances.</p>"
                  }
                ]
              },
              {
                "chapter_name": "The Rise of Nationalism in Europe",
                "questions": [
                  {
                    "question_no": 2,
                    "question_html": "<p>Two statements are given below. They are Assertion (A) and Reason (R). Read both the statements and choose the correct option.</p><p><strong>Assertion (A):</strong> ‘The Act of Union 1707' between England and Scotland resulted in the formation of ‘United Kingdom of Great Britain'.</p><p><strong>Reason (R) :</strong> England wanted to impose its influence on Scotland.</p>",
                    "options": [
                      {
                        "id": "a",
                        "text": "Both (A) and (R) are true and (R) is the correct explanation of (A)."
                      },
                      {
                        "id": "b",
                        "text": "Both (A) and (R) are true but (R) is not the correct explanation of (A)."
                      },
                      {
                        "id": "c",
                        "text": "(A) is true but (R) is false."
                      },
                      {
                        "id": "d",
                        "text": "(A) is false but (R) is true."
                      }
                    ],
                    "correct_answer": {
                      "ids": [
                        "a"
                      ]
                    },
                    "question_type": "mcq_single",
                    "difficulty_level": "medium",
                    "explanation_html": "<p>The Assertion (A) is factually correct. The Act of Union of 1707 did lead to the creation of the United Kingdom of Great Britain. The Reason (R) is also correct as the Act allowed the English Parliament to effectively impose its influence and control over Scotland. Thus, the reason directly explains the assertion.</p>"
                  }
                ]
              },
              {
                "chapter_name": "The Rise of Nationalism in Europe",
                "questions": [
                  {
                    "question_no": 3,
                    "question_html": "<p>Arrange the following events in chronological order and choose the correct option.</p><p>I. Treaty of Constantinople</p><p>II. Hamburg granted autonomy to Hungary</p><p>III. Balkan Conflict</p><p>IV. Napoleonic Civil Code</p>",
                    "options": [
                      {
                        "id": "a",
                        "text": "IV, II, I & III"
                      },
                      {
                        "id": "b",
                        "text": "III, II, IV & I"
                      },
                      {
                        "id": "c",
                        "text": "IV, I, II & III"
                      },
                      {
                        "id": "d",
                        "text": "I, IV, III & II"
                      }
                    ],
                    "correct_answer": {
                      "ids": [
                        "c"
                      ]
                    },
                    "question_type": "mcq_single",
                    "difficulty_level": "hard",
                    "explanation_html": "<p>The correct chronological order is:</p><p>IV. Napoleonic Civil Code (1804)</p><p>I. Treaty of Constantinople (1832), which recognized Greece as an independent nation.</p><p>II. The event of Hamburg granting autonomy to Hungary is likely a reference to movements around the 1848 revolutions or the Austro-Hungarian compromise of 1867.</p><p>III. The Balkan Conflict (First Balkan War) began in 1912.</p><p>Therefore, the sequence is IV, I, II, III.</p>"
                  }
                ]
              },
              {
                "chapter_name": "Print Culture and the Modern World",
                "questions": [
                  {
                    "question_no": 4,
                    "question_html": "<p>Which one of the following pairs is correctly matched?</p><table><thead><tr><th></th><th>List-I (Author)</th><th></th><th>List-II (Book)</th></tr></thead><tbody><tr><td>(A)</td><td>Jyotiba Phule</td><td></td><td>Amar Jiban</td></tr><tr><td>(B)</td><td>Sudarshan Chakra</td><td></td><td>Sachhi Kavitayen</td></tr><tr><td>(C)</td><td>Rash Sundari Debi</td><td></td><td>Gulamgiri</td></tr><tr><td>(D)</td><td>Kashi Baba</td><td></td><td>Chotte aur Bade Sawal</td></tr></tbody></table>",
                    "options": [
                      {
                        "id": "a",
                        "text": ""
                      },
                      {
                        "id": "b",
                        "text": ""
                      },
                      {
                        "id": "c",
                        "text": ""
                      },
                      {
                        "id": "d",
                        "text": ""
                      }
                    ],
                    "correct_answer": {
                      "ids": [
                        "d"
                      ]
                    },
                    "question_type": "mcq_single",
                    "difficulty_level": "medium",
                    "explanation_html": "<p>Let's check the pairs:</p><p>(A) Jyotiba Phule wrote 'Gulamgiri', not 'Amar Jiban'.</p><p>(B) Sudarshan Chakra, a millworker, wrote 'Sachhi Kavitayen'. This is correct.</p><p>(C) Rash Sundari Debi wrote 'Amar Jiban', not 'Gulamgiri'.</p><p>(D) Kashi Baba, a Kanpur millworker, wrote 'Chhote Aur Bade Ka Sawal'. This is also correct.</p><p>As per the marking scheme, both (B) and (D) are considered correct.</p>"
                  }
                ]
              },
              {
                "chapter_name": "Minerals and Energy Resources",
                "questions": [
                  {
                    "question_no": 5,
                    "question_html": "<p>Choose the correct option to fill the blank.</p><p><strong>Non Metallic Mineral :</strong> Mica</p><p><strong>Energy Mineral :</strong> ..........</p>",
                    "options": [
                      {
                        "id": "a",
                        "text": "Natural Gas"
                      },
                      {
                        "id": "b",
                        "text": "Bauxite"
                      },
                      {
                        "id": "c",
                        "text": "Manganese"
                      },
                      {
                        "id": "d",
                        "text": "Platinum"
                      }
                    ],
                    "correct_answer": {
                      "ids": [
                        "a"
                      ]
                    },
                    "question_type": "mcq_single",
                    "difficulty_level": "easy",
                    "explanation_html": "<p>Energy minerals are used to produce power. Among the options, Natural Gas is an energy mineral. Bauxite, Manganese, and Platinum are metallic minerals.</p>"
                  }
                ]
              },
              {
                "chapter_name": "Resources and Development",
                "questions": [
                  {
                    "question_no": 6,
                    "question_html": "<p>Read the following characteristics of a soil and identify the soil from the given options.</p><ul><li>It is widely spread and important soil.</li><li>Northern plains are made of it.</li><li>It consists of sand, silt and clay.</li></ul>",
                    "options": [
                      {
                        "id": "a",
                        "text": "Yellow soil"
                      },
                      {
                        "id": "b",
                        "text": "Black soil"
                      },
                      {
                        "id": "c",
                        "text": "Laterite soil"
                      },
                      {
                        "id": "d",
                        "text": "Alluvial soil"
                      }
                    ],
                    "correct_answer": {
                      "ids": [
                        "d"
                      ]
                    },
                    "question_type": "mcq_single",
                    "difficulty_level": "easy",
                    "explanation_html": "<p>The characteristics described—being widespread, forming the Northern Plains, and consisting of sand, silt, and clay—are definitive features of Alluvial soil, which is deposited by rivers.</p>"
                  }
                ]
              },
              {
                "chapter_name": "Agriculture",
                "questions": [
                  {
                    "question_no": 7,
                    "question_html": "<p>Match Column-I with Column-II and choose the correct option :</p><table><thead><tr><th></th><th>Column-I (Crop)</th><th></th><th>Column-II (Type)</th></tr></thead><tbody><tr><td>I.</td><td>Wheat</td><td>a.</td><td>Millet Crop</td></tr><tr><td>II.</td><td>Ragi</td><td>b.</td><td>Beverage Crop</td></tr><tr><td>III.</td><td>Tea</td><td>c.</td><td>Food Crop</td></tr><tr><td>IV.</td><td>Maize</td><td>d.</td><td>Food & Fodder Crop</td></tr></tbody></table>",
                    "options": [
                      {
                        "id": "a",
                        "text": "I-d, II-a, III-c, IV-b"
                      },
                      {
                        "id": "b",
                        "text": "I-c, II-d, III-b, IV-a"
                      },
                      {
                        "id": "c",
                        "text": "I-c, II-a, III-b, IV-d"
                      },
                      {
                        "id": "d",
                        "text": "I-d, II-b, III-a, IV-c"
                      }
                    ],
                    "correct_answer": {
                      "ids": [
                        "c"
                      ]
                    },
                    "question_type": "mcq_single",
                    "difficulty_level": "medium",
                    "explanation_html": "<p>The correct matches are: Wheat is a Food Crop (I-c). Ragi is a Millet Crop (II-a). Tea is a Beverage Crop (III-b). Maize is used as both Food & Fodder Crop (IV-d).</p>"
                  }
                ]
              },
              {
                "chapter_name": "Federalism",
                "questions": [
                  {
                    "question_no": 8,
                    "question_html": "<p>Read the following statements and choose the correct term mentioned in the Indian Constitution from the given options :</p><ul><li>There is no official religion for the Indian State.</li><li>There is freedom to profess, practise and propagate any religion in India.</li></ul>",
                    "options": [
                      {
                        "id": "a",
                        "text": "Republic"
                      },
                      {
                        "id": "b",
                        "text": "Sovereign"
                      },
                      {
                        "id": "c",
                        "text": "Socialist"
                      },
                      {
                        "id": "d",
                        "text": "Secular"
                      }
                    ],
                    "correct_answer": {
                      "ids": [
                        "d"
                      ]
                    },
                    "question_type": "mcq_single",
                    "difficulty_level": "easy",
                    "explanation_html": "<p>These two statements are the core principles of secularism as enshrined in the Indian Constitution. A secular state does not have an official religion and guarantees religious freedom to all its citizens.</p>"
                  }
                ]
              },
              {
                "chapter_name": "Federalism",
                "questions": [
                  {
                    "question_no": 9,
                    "question_html": "<p>Which one of the following pairs is correctly matched?</p><table><thead><tr><th></th><th>(Subject List in the Indian Constitution)</th><th></th><th>(Subject)</th></tr></thead><tbody><tr><td>(A)</td><td>Union List Subjects</td><td>—</td><td>Communication</td></tr><tr><td>(B)</td><td>State List Subjects</td><td>—</td><td>Education</td></tr><tr><td>(C)</td><td>Concurrent List Subjects</td><td>—</td><td>Adoption</td></tr><tr><td>(D)</td><td>Residuary Subjects</td><td>—</td><td>Marriages</td></tr></tbody></table>",
                    "options": [
                      {
                        "id": "a",
                        "text": ""
                      },
                      {
                        "id": "b",
                        "text": ""
                      },
                      {
                        "id": "c",
                        "text": ""
                      },
                      {
                        "id": "d",
                        "text": ""
                      }
                    ],
                    "correct_answer": {
                      "ids": [
                        "a"
                      ]
                    },
                    "question_type": "mcq_single",
                    "difficulty_level": "medium",
                    "explanation_html": "<p>Let's examine the options:</p><p>(A) Communication is a subject under the Union List. This is correct.</p><p>(B) Education is under the Concurrent List.</p><p>(C) Adoption is under the Concurrent List. This is also correct.</p><p>(D) Marriages is under the Concurrent List.</p><p>As per the marking scheme, both (A) and (C) are considered correct.</p>"
                  }
                ]
              },
              {
                "chapter_name": "Power-sharing",
                "questions": [
                  {
                    "question_no": 10,
                    "question_html": "<p>Read the following statements about power sharing arrangement in Belgium and choose the correct option.</p><p>I. Brussels has a separate govt. with equal representation.</p><p>II. Dutch & French speaking ministers are equal in Central Govt.</p><p>III. Community Govt. is elected by People belonging to one language.</p><p>IV. Series of majoritarian measures adopted in Belgium.</p>",
                    "options": [
                      {
                        "id": "a",
                        "text": "I, II and IV"
                      },
                      {
                        "id": "b",
                        "text": "I, III and IV"
                      },
                      {
                        "id": "c",
                        "text": "II, III and IV"
                      },
                      {
                        "id": "d",
                        "text": "I, II and III"
                      }
                    ],
                    "correct_answer": {
                      "ids": [
                        "d"
                      ]
                    },
                    "question_type": "mcq_single",
                    "difficulty_level": "medium",
                    "explanation_html": "<p>Statements I, II, and III accurately describe the power-sharing arrangements in Belgium designed to accommodate its linguistic diversity. Statement IV is incorrect because Belgium specifically rejected majoritarian measures in favor of accommodation.</p>"
                  }
                ]
              },
              {
                "chapter_name": "Political Parties",
                "questions": [
                  {
                    "question_no": 11,
                    "question_html": "<p>Which one of the following countries has ‘one-party system’?</p>",
                    "options": [
                      {
                        "id": "a",
                        "text": "United States of America"
                      },
                      {
                        "id": "b",
                        "text": "United Kingdom"
                      },
                      {
                        "id": "c",
                        "text": "India"
                      },
                      {
                        "id": "d",
                        "text": "China"
                      }
                    ],
                    "correct_answer": {
                      "ids": [
                        "d"
                      ]
                    },
                    "question_type": "mcq_single",
                    "difficulty_level": "easy",
                    "explanation_html": "<p>China operates under a one-party system where the Communist Party of China holds a monopoly on political power. The other countries listed have multi-party systems (India) or dominant two-party systems (USA, UK).</p>"
                  }
                ]
              },
              {
                "chapter_name": "Outcomes of Democracy",
                "questions": [
                  {
                    "question_no": 12,
                    "question_html": "<p>Which one of the following is a fundamental principle of democracy?</p>",
                    "options": [
                      {
                        "id": "a",
                        "text": "Rule of single individual"
                      },
                      {
                        "id": "b",
                        "text": "Rule with hereditary norms"
                      },
                      {
                        "id": "c",
                        "text": "Rule of people with freedom"
                      },
                      {
                        "id": "d",
                        "text": "Rule of military chiefs"
                      }
                    ],
                    "correct_answer": {
                      "ids": [
                        "c"
                      ]
                    },
                    "question_type": "mcq_single",
                    "difficulty_level": "easy",
                    "explanation_html": "<p>The core principle of democracy is the 'rule of the people' (from the Greek 'demos' and 'kratos'). This implies that citizens have the power and freedom to govern themselves, either directly or through elected representatives. The other options describe non-democratic forms of rule.</p>"
                  }
                ]
              },
              {
                "chapter_name": "Federalism",
                "questions": [
                  {
                    "question_no": 13,
                    "question_html": "<p>Which one of the following languages is included in Eighth Schedule in Indian Constitution?</p>",
                    "options": [
                      {
                        "id": "a",
                        "text": "Hariyanavi"
                      },
                      {
                        "id": "b",
                        "text": "Rajasthani"
                      },
                      {
                        "id": "c",
                        "text": "Garhwali"
                      },
                      {
                        "id": "d",
                        "text": "Odia"
                      }
                    ],
                    "correct_answer": {
                      "ids": [
                        "d"
                      ]
                    },
                    "question_type": "mcq_single",
                    "difficulty_level": "medium",
                    "explanation_html": "<p>The Eighth Schedule of the Indian Constitution lists the 22 scheduled languages of India. Among the given options, only Odia is included in this list. The others are considered dialects or languages that do not have scheduled status.</p>"
                  }
                ]
              },
              {
                "chapter_name": "Development",
                "questions": [
                  {
                    "question_no": 14,
                    "question_html": "<p>Choose the correct option to fill the blank.</p><p>Literacy Rate measures the proportion of literate population in the ____ years and above age group.</p>",
                    "options": [
                      {
                        "id": "a",
                        "text": "10"
                      },
                      {
                        "id": "b",
                        "text": "7"
                      },
                      {
                        "id": "c",
                        "text": "5"
                      },
                      {
                        "id": "d",
                        "text": "8"
                      }
                    ],
                    "correct_answer": {
                      "ids": [
                        "b"
                      ]
                    },
                    "question_type": "mcq_single",
                    "difficulty_level": "easy",
                    "explanation_html": "<p>In India, the National Literacy Mission defines literacy rate as the percentage of the population of an area at a particular time aged seven years or above who can read and write with understanding.</p>"
                  }
                ]
              },
              {
                "chapter_name": "Development",
                "questions": [
                  {
                    "question_no": 15,
                    "question_html": "<p>Assume there are four families in a locality. If the incomes of these four families in a week are ₹ 2,000, ₹ 5,000, ₹ 3,000 and ₹ 6,000, then the weekly average income of the locality will be –</p>",
                    "options": [
                      {
                        "id": "a",
                        "text": "₹ 4,000"
                      },
                      {
                        "id": "b",
                        "text": "₹ 5,000"
                      },
                      {
                        "id": "c",
                        "text": "₹ 2,000"
                      },
                      {
                        "id": "d",
                        "text": "₹ 1,000"
                      }
                    ],
                    "correct_answer": {
                      "ids": [
                        "a"
                      ]
                    },
                    "question_type": "mcq_single",
                    "difficulty_level": "easy",
                    "explanation_html": "<p>To find the average income, we sum the incomes and divide by the number of families.</p><p>Total Income = 2,000 + 5,000 + 3,000 + 6,000 = ₹ 16,000</p><p>Number of families = 4</p><p>Average Income = 16,000 / 4 = ₹ 4,000</p>"
                  }
                ]
              },
              {
                "chapter_name": "Sectors of the Indian Economy",
                "questions": [
                  {
                    "question_no": 16,
                    "question_html": "<p>Which one of the following pairs is correctly matched?</p><table><thead><tr><th></th><th>(Sector of the Economy)</th><th></th><th>(Example)</th></tr></thead><tbody><tr><td>(A)</td><td>Primary Sector</td><td>—</td><td>Tailor</td></tr><tr><td>(B)</td><td>Secondary Sector</td><td>—</td><td>Fisherman</td></tr><tr><td>(C)</td><td>Tertiary Sector</td><td>—</td><td>Astronaut</td></tr><tr><td>(D)</td><td>Primary Sector</td><td>—</td><td>Courier</td></tr></tbody></table>",
                    "options": [
                      {
                        "id": "a",
                        "text": ""
                      },
                      {
                        "id": "b",
                        "text": ""
                      },
                      {
                        "id": "c",
                        "text": ""
                      },
                      {
                        "id": "d",
                        "text": ""
                      }
                    ],
                    "correct_answer": {
                      "ids": [
                        "c"
                      ]
                    },
                    "question_type": "mcq_single",
                    "difficulty_level": "medium",
                    "explanation_html": "<p>A tailor (Secondary), fisherman (Primary), and courier (Tertiary) are mismatched. An astronaut provides a highly specialized service, which falls under the tertiary (or quaternary) sector. Therefore, this is the correctly matched pair.</p>"
                  }
                ]
              },
              {
                "chapter_name": "Sectors of the Indian Economy",
                "questions": [
                  {
                    "question_no": 17,
                    "question_html": "<p>Look at the given image. The work done in the image comes under which one of the following sectors?</p>",
                    "images": [
                      {
                        "url": "https://img.testbuddyai.com/SocialScience-32-2-24-Q17.png"
                      }
                    ],
                    "options": [
                      {
                        "id": "a",
                        "text": "Organized sector"
                      },
                      {
                        "id": "b",
                        "text": "Primary sector"
                      },
                      {
                        "id": "c",
                        "text": "Unorganized sector"
                      },
                      {
                        "id": "d",
                        "text": "Public sector"
                      }
                    ],
                    "correct_answer": {
                      "ids": [
                        "c"
                      ]
                    },
                    "question_type": "mcq_single",
                    "difficulty_level": "easy",
                    "explanation_html": "<p>The image depicts brick-making, which is a manufacturing activity (secondary sector). However, the question's options relate to employment conditions. The scene suggests a lack of formal contracts, job security, and benefits, which are characteristic of the unorganized sector.</p>"
                  }
                ]
              },
              {
                "chapter_name": "Money and Credit",
                "questions": [
                  {
                    "question_no": 18,
                    "question_html": "<p>Which of the following is the primary purpose of loan activities offered by banks?</p>",
                    "options": [
                      {
                        "id": "a",
                        "text": "To compete with other financial institutions"
                      },
                      {
                        "id": "b",
                        "text": "To generate profits for the primary sector only"
                      },
                      {
                        "id": "c",
                        "text": "To increase income of MNCs"
                      },
                      {
                        "id": "d",
                        "text": "To support economic growth"
                      }
                    ],
                    "correct_answer": {
                      "ids": [
                        "d"
                      ]
                    },
                    "question_type": "mcq_single",
                    "difficulty_level": "medium",
                    "explanation_html": "<p>The fundamental role of banks in an economy is to act as financial intermediaries, channeling funds from savers to borrowers for investment and consumption. This process of providing credit is essential for business expansion, infrastructure development, and personal spending, thereby supporting overall economic growth.</p>"
                  }
                ]
              },
              {
                "chapter_name": "Globalisation and the Indian Economy",
                "questions": [
                  {
                    "question_no": 19,
                    "question_html": "<p>Match the following aspects of globalization with their descriptions and choose the correct option.</p><table><thead><tr><th></th><th>List-I (Global Aspect)</th><th></th><th>List-II (Description)</th></tr></thead><tbody><tr><td>I.</td><td>Technological Advancement</td><td>a.</td><td>Interaction of ideas, values and traditions</td></tr><tr><td>II.</td><td>Liberalization of Trade</td><td>b.</td><td>Companies operating in many countries</td></tr><tr><td>III.</td><td>Cultural Exchange</td><td>c.</td><td>Innovation in manufacturing, communication and information</td></tr><tr><td>IV.</td><td>Multinational Corporations</td><td>d.</td><td>The removal of restriction on trade</td></tr></tbody></table>",
                    "options": [
                      {
                        "id": "a",
                        "text": "I-a, II-b, III-c, IV-d"
                      },
                      {
                        "id": "b",
                        "text": "I-c, II-d, III-a, IV-b"
                      },
                      {
                        "id": "c",
                        "text": "I-d, II-c, III-b, IV-a"
                      },
                      {
                        "id": "d",
                        "text": "I-b, II-a, III-d, IV-c"
                      }
                    ],
                    "correct_answer": {
                      "ids": [
                        "b"
                      ]
                    },
                    "question_type": "mcq_single",
                    "difficulty_level": "medium",
                    "explanation_html": "<p>The correct matches are:</p><p>I. Technological Advancement corresponds to (c) Innovation in manufacturing, communication and information.</p><p>II. Liberalization of Trade corresponds to (d) The removal of restriction on trade.</p><p>III. Cultural Exchange corresponds to (a) Interaction of ideas, values and traditions.</p><p>IV. Multinational Corporations corresponds to (b) Companies operating in many countries.</p>"
                  }
                ]
              },
              {
                "chapter_name": "Development",
                "questions": [
                  {
                    "question_no": 20,
                    "question_html": "<p>Choose the correct option regarding ‘Body Mass Index' (BMI) from the following.</p>",
                    "options": [
                      {
                        "id": "a",
                        "text": "Assessment of Blood Pressure"
                      },
                      {
                        "id": "b",
                        "text": "Assessment of Blood Sugar Level"
                      },
                      {
                        "id": "c",
                        "text": "Assessment of Body Composition"
                      },
                      {
                        "id": "d",
                        "text": "Assessment of under Nutrition"
                      }
                    ],
                    "correct_answer": {
                      "ids": [
                        "c"
                      ]
                    },
                    "question_type": "mcq_single",
                    "difficulty_level": "easy",
                    "explanation_html": "<p>Body Mass Index (BMI) is a measure that uses a person's weight and height to gauge body fat. It provides a simple metric to assess whether someone has a healthy body weight for their height and is therefore used as a general assessment of body composition.</p>"
                  }
                ]
              },
              {
                "chapter_name": "The Rise of Nationalism in Europe",
                "questions": [
                  {
                    "question_no": 21,
                    "question_html": "<p>“Conservative regimes set up in Europe in 1815 were autocratic.\" Support the statement by giving any two arguments.</p>",
                    "options": [],
                    "correct_answer": {
                      "text": "<ul><li>(i) Conservatives wanted to restore traditional institutions of state and society.</li><li>(ii) Conservative regimes did not tolerate criticism and dissent.</li><li>(iii) They sought to curb activities that questioned the legitimacy of these governments.</li><li>(iv) Most of them imposed censorship laws to control what was said in newspaper, books etc.</li><li>(v) Any other relevant point.</li></ul><p><em>Any two arguments to be mentioned.</em></p>"
                    },
                    "question_type": "Very Short Answer (2 marks)",
                    "difficulty_level": "medium",
                    "explanation_html": null
                  }
                ]
              },
              {
                "chapter_name": "Power-sharing",
                "questions": [
                  {
                    "question_no": 22,
                    "question_html": "<p>How is horizontal power sharing different from vertical ? Explain.</p>",
                    "options": [],
                    "correct_answer": {
                      "text": "<p><strong>Horizontal power sharing</strong></p><ul><li>(i) Power is shared among different organs of the government such as legislature, executive and judiciary.</li><li>(ii) It allows different organs of government placed at the same level to exercise different powers.</li><li>(iii) Such a separation ensures that none of the organ exercises unlimited powers.</li></ul><p><strong>Vertical Power Sharing</strong></p><ul><li>(i) Powers is shared among governments at different levels such as General or Union Government for the entire country and government at provincial or regional level.</li><li>(ii) The constitution clearly lays down the powers of different levels of government. This is called federal division of power.</li><li>(iii) Different level exercise their powers independent of each other.</li><li>(iv) Any other relevant point of difference.</li></ul><p><em>Any two points to be explained.</em></p>"
                    },
                    "question_type": "Very Short Answer (2 marks)",
                    "difficulty_level": "medium",
                    "explanation_html": null
                  }
                ]
              },
              {
                "chapter_name": "Agriculture",
                "questions": [
                  {
                    "question_no": 23,
                    "question_html": "<p>(a) Differentiate between Primitive Subsistence and Commercial Farming.</p><p><strong>OR</strong></p><p>(b) Differentiate between Rabi and Kharif cropping seasons.</p>",
                    "options": [],
                    "correct_answer": {
                      "text": "<p><strong>(a) Primitive subsistence</strong></p><ul><li>(i) Primitive subsistence agriculture is practiced on small patches of land with the help of primitive tools like hoe, dao and digging sticks and family/ community labour.</li><li>(ii) This type of farming depends upon monsoons, natural fertility of the soil and suitability of other environmental conditions to the crops grown.</li><li>(iii) It is 'slash and burn' agriculture. Farmers clear a patch of land and produce crops. When soil fertility decreases, the farmers shift and clear a fresh patch of land for cultivation.</li></ul><p><strong>Commercial Farming</strong></p><ul><li>(i) In this type of farming higher dose of modern inputs is used.</li><li>(ii) High Yielding Variety (HYV) seeds, chemical fertilizers, insecticides and pesticides etc. are used to obtain higher productivity.</li><li>(iii) Commercial farming is done with the view to sell the crops and gain profit.</li></ul><p><em>Any two points to be differentiated.</em></p><p><strong>OR</strong></p><p><strong>(b) Rabi Crops</strong></p><ul><li>(i) Rabi crops are sown in winter from October to December and harvested in summer from April to June.</li><li>(ii) Some of the important rabi crops are wheat, barley, peas, gram and mustard.</li></ul><p><strong>Kharif Crops</strong></p><ul><li>(i) Kharif crops are grown with the onset of monsoon in different parts of the country and these are harvested in September-October.</li><li>(ii) Important crops grown during this season are paddy, maize, jowar, bajra, tur (arhar), moong, urad, cotton, groundnut and soyabean.</li></ul><p><em>Any two points to be differentiated.</em></p>"
                    },
                    "question_type": "Very Short Answer (2 marks)",
                    "difficulty_level": "medium",
                    "explanation_html": null
                  }
                ]
              },
              {
                "chapter_name": "Development",
                "questions": [
                  {
                    "question_no": 24,
                    "question_html": "<p>How can a nation achieve a balance between economic growth and environment sustainability ? Explain by giving any two arguments.</p>",
                    "options": [],
                    "correct_answer": {
                      "text": "<ul><li>(i) Sustainable development is environment friendly economic development which advocates for conserving resources for future generations.</li><li>(ii) Development can be sustained in any economy by using renewable resources such as hydel energy, wind energy and solar energy.</li><li>(iii) Non-renewable resources are those which get exhausted after years of use. We have a fixed stock of these on earth which cannot be replenished. So their use should be reduced.</li><li>(iv) Renewable resources are replenished by nature. However, even these resources may be overused. For example, in case of groundwater, if we use more than what is being replenished by rain then we would be overusing these resources. So they also should be used wisely.</li><li>(v) Use of public transport, conservation of resources, reducing, recycling and reusing of resources.</li></ul><p><em>Any two arguments to be explained.</em></p>"
                    },
                    "question_type": "Very Short Answer (2 marks)",
                    "difficulty_level": "easy",
                    "explanation_html": null
                  }
                ]
              },
              {
                "chapter_name": "The Making of a Global World",
                "questions": [
                  {
                    "question_no": 25,
                    "question_html": "<p>(a) How was the ‘Silk Route' an example of vibrant pre-modern trade ? Explain.</p><p><strong>OR</strong></p><p>(b) How did food promote long-distance cultural contacts in the pre-modern world ? Explain.</p>",
                    "options": [],
                    "correct_answer": {
                      "text": "<p><strong>(a) Silk Route as an example of vibrant pre-modern trade:</strong></p><ul><li>(i) There were several silk routes over land and sea, knitting together vast regions of Asia with Europe and Northern Africa.</li><li>(ii) West bound Chinese silk cargoes passed through these routes.</li><li>(iii) Chinese pottery, textiles and spices from India and Southeast Asia travelled the silk routes.</li><li>(iv) In return, Precious metals-gold and silver-flowed from Europe to Asia.</li></ul><p><em>Any three points to be explained.</em></p><p><strong>OR</strong></p><p><strong>(b) How food promoted long-distance cultural contacts:</strong></p><ul><li>(i) Traders and travelers introduced new foods/crops to the lands they travelled.</li><li>(ii) Noodles travelled from China to western countries to become spaghetti.</li><li>(iii) Arab traders took pasta to Sicily (now parts of Italy).</li><li>(iv) Potatoes, tomatoes, soya, groundnuts, maize, chillies, sweet potatoes etc. were introduced in Europe and Asia after discovery of the Americas.</li></ul><p><em>Any three points to be explained.</em></p>"
                    },
                    "question_type": "Short Answer (3 marks)",
                    "difficulty_level": "medium",
                    "explanation_html": null
                  }
                ]
              },
              {
                "chapter_name": "Manufacturing Industries",
                "questions": [
                  {
                    "question_no": 26,
                    "question_html": "<p>\"India's prosperity lies in expanding and diversifying its manufacturing industries.\" Justify the statement.</p>",
                    "options": [],
                    "correct_answer": {
                      "text": "<ul><li>(i) Manufacturing industries help in modernizing agriculture, which forms the backbone of our economy, they also reduce the heavy dependence of people on agricultural income by providing them jobs in secondary and tertiary sectors.</li><li>(ii) Industrial development is a precondition for eradication of unemployment and poverty from our country.</li><li>(iii) It aims at bringing down regional disparities by establishing industries in tribal and backward areas.</li><li>(iv) Export of manufactured goods expands trade and commerce, and brings in much needed foreign exchange.</li><li>(v) Countries that transform their raw materials into a wide variety of finished goods of higher value are prosperous.</li></ul><p><em>Any three points to be explained.</em></p>"
                    },
                    "question_type": "Short Answer (3 marks)",
                    "difficulty_level": "medium",
                    "explanation_html": null
                  }
                ]
              },
              {
                "chapter_name": "Political Parties",
                "questions": [
                  {
                    "question_no": 27,
                    "question_html": "<p>Explain any three responsibilities carried out by the political parties in a democracy.</p>",
                    "options": [],
                    "correct_answer": {
                      "text": "<ul><li>(i) Political Parties contest elections.</li><li>(ii) Parties put forward different policies and programmes and the voters choose from them.</li><li>(iii) Parties play a decisive role in making laws for a country.</li><li>(iv) Parties form and run the government.</li><li>(v) Parties recruit and train the leaders.</li><li>(vi) Parties play the role of opposition.</li><li>(vii) Parties shape public opinion.</li><li>(viii) Parties provide people access to government machinery and welfare schemes implemented by governments.</li></ul><p><em>Any three points to be explained.</em></p>"
                    },
                    "question_type": "Short Answer (3 marks)",
                    "difficulty_level": "easy",
                    "explanation_html": null
                  }
                ]
              },
              {
                "chapter_name": "Money and Credit",
                "questions": [
                  {
                    "question_no": 28,
                    "question_html": "<p>Examine the significance of credit in economic development of the country.</p>",
                    "options": [],
                    "correct_answer": {
                      "text": "<ul><li>(i) A large number of transactions in our day-to-day activities involve credit in some form or the other.</li><li>(ii) Credit refers to an agreement in which the lender supplies the borrower with money, goods or services in return for the promise of future payment.</li><li>(iii) The credit helps people to meet the ongoing expenses of production, complete production on time and thereby increase his earnings.</li><li>(iv) Credit plays a vital and positive role in case people need working capital for production. Like crop production involves considerable costs on seeds, fertilizers, pesticides, water, electricity, repair of equipment etc.</li></ul><p><em>Any three points to be examined.</em></p>"
                    },
                    "question_type": "Short Answer (3 marks)",
                    "difficulty_level": "medium",
                    "explanation_html": null
                  }
                ]
              },
              {
                "chapter_name": "Sectors of the Indian Economy",
                "questions": [
                  {
                    "question_no": 29,
                    "question_html": "<p>\"Tertiary sector has a pivotal role in the economy of the country.\" Support your answer with day-to-day examples.</p>",
                    "options": [],
                    "correct_answer": {
                      "text": "<ul><li>(i) Tertiary sector is the third category of activities after primary and secondary sectors.</li><li>(ii) The activities of tertiary sector help in the development of the primary and tertiary sector.</li><li>(iii) These activities by themselves do not produce a good but they are an aid or a support for the production process.</li><li>(iv) Tertiary sector provides services like transport, banking, communication, storage, trade etc.</li><li>(v) Since these activities generate services rather than goods, the tertiary sector is also called service sector. It includes some essential services that may not directly help in production of goods. For traders and doctors etc.</li></ul><p><em>Any three examples to be explained.</em></p>"
                    },
                    "question_type": "Short Answer (3 marks)",
                    "difficulty_level": "easy",
                    "explanation_html": null
                  }
                ]
              },
              {
                "chapter_name": "Nationalism in India",
                "questions": [
                  {
                    "question_no": 30,
                    "question_html": "<p>(a) “The Gandhian idea of Satyagraha, emphasized the power of truth and struggle against injustice.\" Explain the statement with examples.</p><p><strong>OR</strong></p><p>(b) How did people belonging to different communities, regions and language groups develop a sense of collective belonging in the late nineteenth century India ? Explain with examples.</p>",
                    "options": [],
                    "correct_answer": {
                      "text": "<p><strong>(a) The Gandhian idea of Satyagraha:</strong></p><ul><li>(i) The idea of satyagraha highlighted the power of truth and the need to search for the truth.</li><li>(ii) Satyagraha was a novel method of mass agitation. It stressed the principle of truth, tolerance, non-violence and peaceful protests.</li><li>(iii) The idea was to resist injustice without use of force.</li><li>(iv) He organized Satyagrahas against oppressive plantation system in Champaran.</li><li>(v) Organised satyagraha to help people in Kheda adversely affected by crop failure who were demanding relaxation of revenue collection.</li></ul><p><em>Any five points to be explained.</em></p><p><strong>OR</strong></p><p><strong>(b) Developing a sense of collective belonging:</strong></p><ul><li>(i) With the growth of nationalism the identity of India was associated with the image of Bharat Mata.</li><li>(ii) The image was first created by Bankim Chandra Chattopadhyay. In the 1870s he wrote ‘Vande Mataram' as a hymn to the motherland.</li><li>(iii) During Swadeshi movement, Abanindranath Tagore painted his famous image of Bharat Mata.</li><li>(iv) Ideas of nationalism also developed through a movement to revive Indian folklore.</li><li>(v) In late-nineteenth-century India, nationalists like Rabindra Nath Tagore and Natesa Sastri began recording folk tales sung by bards.</li><li>(vi) During the Swadeshi movement in Bengal, a tricolour flag was designed.</li></ul><p><em>Any five points to be explained.</em></p>"
                    },
                    "question_type": "Long Answer (5 marks)",
                    "difficulty_level": "hard",
                    "explanation_html": null
                  }
                ]
              },
              {
                "chapter_name": "Minerals and Energy Resources",
                "questions": [
                  {
                    "question_no": 31,
                    "question_html": "<p>(a) “Promotion of energy conservation is important plank of sustainable energy.\" Explain the statement with examples.</p><p><strong>OR</strong></p><p>(b) \"Energy is required for all kinds of activities.\" Explain this statement with examples.</p>",
                    "options": [],
                    "correct_answer": {
                      "text": "<p><strong>(a) Promotion of energy conservation:</strong></p><ul><li>(i) Judicious use of limited energy resources.</li><li>(ii) For example, as concerned citizens we can do our bit by using public transport systems instead of individual vehicles.</li><li>(iii) Switching off electricity when not in use.</li><li>(iv) Using power saving devices.</li><li>(v) Using non-conventional sources of energy.</li></ul><p><em>Any five points to be explained with examples.</em></p><p><strong>OR</strong></p><p><strong>(b) Energy is required for all kinds of activities:</strong></p><ul><li>(i) Energy is a basic requirement for economic development as it is needed for all types of activities.</li><li>(ii) In agriculture, energy is required for water pumps, tractor and other harvesting machines.</li><li>(iii) No industry can run without energy. With growth of industrial sector the need of energy is rapidly rising all over the country.</li><li>(iv) Transport sector has high consumption of energy.</li><li>(v) Commercial and domestic sectors of the economy need inputs of energy.</li></ul><p><em>Any five points to be explained with examples.</em></p>"
                    },
                    "question_type": "Long Answer (5 marks)",
                    "difficulty_level": "medium",
                    "explanation_html": null
                  }
                ]
              },
              {
                "chapter_name": "Outcomes of Democracy",
                "questions": [
                  {
                    "question_no": 32,
                    "question_html": "<p>(a) Democracy is a better form of govt. than dictatorship. Analyse.</p><p><strong>OR</strong></p><p>(b) Democracy accommodates social diversities. Analyse.</p>",
                    "options": [],
                    "correct_answer": {
                      "text": "<p><strong>(a) Democracy is better than Dictatorship:</strong></p><ul><li>(i) In democracy people have right to choose their rulers and have control over rulers whereas in dictatorship people cannot exercise this right.</li><li>(ii) There are regular free and fair elections, open public debates on major policies in democracy whereas in dictatorship people don't get these rights.</li><li>(iii) Citizens' right to information about government and its functioning ensures accountability of government whereas this accountability is missing in dictatorship.</li><li>(iv) Democratic governments attend to the needs of people as they want to be elected again. In dictatorship, rulers don't have to bother about elections.</li><li>(v) Equal political rights, freedom of speech and expression enhance dignity of citizens.</li></ul><p><em>Any five points to be analyzed.</em></p><p><strong>OR</strong></p><p><strong>(b) Democracy accommodates social diversities:</strong></p><ul><li>(i) Accommodation of social diversity in democracy helps the citizens to lead a peaceful and harmonious life. For example, Belgium successfully negotiated differences among ethnic populations.</li><li>(ii) Democracies usually develop a procedure to accommodate competition amongst various social groups.</li><li>(iii) Democracies are better able to evolve mechanism to handle and negotiate the social differences, divisions and conflicts.</li><li>(iv) Majority works with minority so that governments function to represent general view.</li><li>(v) It is tried that rule of majority doesn't become rule of majority community in terms of religion, race or language etc.</li></ul><p><em>Any five points to be analyzed.</em></p>"
                    },
                    "question_type": "Long Answer (5 marks)",
                    "difficulty_level": "medium",
                    "explanation_html": null
                  }
                ]
              },
              {
                "chapter_name": "Globalisation and the Indian Economy",
                "questions": [
                  {
                    "question_no": 33,
                    "question_html": "<p>(a) “Rapid improvement in technology has been one major factor that has stimulated the globalisation process.\" Explain the statement with examples.</p><p><strong>OR</strong></p><p>(b) \"Foreign trade and foreign investment policies are the aspects of liberalisation and globalisation.\" Explain the statement with examples.</p>",
                    "options": [],
                    "correct_answer": {
                      "text": "<p><strong>(a) Technology stimulating globalisation:</strong></p><ul><li>(i) Rapid improvement in technology has been one major factor that has stimulated the globalisation process.</li><li>(ii) For instance, the past fifty years have seen several improvements in transportation technology.</li><li>(iii) This has made much faster delivery of goods across long distances possible at lower costs.</li><li>(iv) Even more remarkable have been the developments in information and communication technology.</li><li>(v) Telecommunication facilities (telegraph, telephone including mobile phones, fax) are used to contact one another around the world.</li></ul><p><em>Any five points to be explained.</em></p><p><strong>OR</strong></p><p><strong>(b) Foreign trade/investment and liberalisation/globalisation:</strong></p><ul><li>(i) Foreign Trade creates opportunities for producers to reach beyond domestic markets and invest outside for better returns.</li><li>(ii) Gives consumers more choices at less cost across the countries.</li><li>(iii) Liberal policies of government i.e. removing barriers on imports and exports facilitate foreign trade and foreign investment.</li><li>(iv) Liberalisation leads to expansion of foreign trade resulting in connecting of markets of various countries.</li><li>(v) Multinational Corporations expand their production and invest capital in various countries and produce the goods globally.</li></ul><p><em>Any five points to be explained.</em></p>"
                    },
                    "question_type": "Long Answer (5 marks)",
                    "difficulty_level": "medium",
                    "explanation_html": null
                  }
                ]
              },
              {
                "chapter_name": "Print Culture and the Modern World",
                "questions": [
                  {
                    "question_no": 34,
                    "question_html": "<p><strong>Read the following source and answer the questions that follow :</strong></p><p><strong>Print and Censorship</strong></p><p>The power of the printed word is most often seen in the way governments seek to regulate and suppress print. The colonial government kept continuous track of all books and newspapers published in India and passed numerous laws to control the press. During the First World War, under the Defense of India Rules, 22 newspapers had to furnish securities. Of these, 18 shut down rather than comply with government orders. The Sedition Committee Report under Rowlatt in 1919 further strengthened controls that led to imposition of penalties on various newspapers. At the outbreak of the Second World War, the Defense of India Act was passed, allowing censoring of reports of war-related topics. All reports about the Quit India Movement came under its purview. In August 1942, about 90 newspapers were suppressed.</p><p><strong>(34.1)</strong> What method did the colonial government employ to keep track of Indian newspapers ?</p><p><strong>(34.2)</strong> How did the colonial government's laws affect the press ?</p><p><strong>(34.3)</strong> Analyse the impact of ‘Sedition Committee' on Newspapers.</p>",
                    "options": [],
                    "correct_answer": {
                      "text": "<p><strong>(34.1) Method to track newspapers:</strong></p><ul><li>(i) Colonial Government passed Vernacular Press Act and other rules to control the press.</li><li>(ii) Imposition of penalties.</li><li>(iii) Government kept regular track of the vernacular newspapers.</li><li>(iv) Censoring of reports of war related topics.</li></ul><p><em>Any one point to be mentioned.</em></p><p><strong>(34.2) Effect of laws on the press:</strong></p><ul><li>(i) During the First World War, under the Defence of India Rules 22 newspapers had to furnish securities and 18 of these shut down.</li><li>(ii) There were strong protest by Indians.</li><li>(iii) Liberty of Press was lost.</li></ul><p><em>Any one point to be mentioned.</em></p><p><strong>(34.3) Impact of 'Sedition Committee':</strong></p><ul><li>(i) When a report was judged as seditious, the newspaper was warned.</li><li>(ii) If the warning was ignored, the press was liable to be seized and the printing machinery to be confiscated.</li></ul>"
                    },
                    "question_type": "Case-based Subjective",
                    "difficulty_level": "medium",
                    "explanation_html": null
                  }
                ]
              },
              {
                "chapter_name": "Forest and Wildlife Resources",
                "questions": [
                  {
                    "question_no": 35,
                    "question_html": "<p><strong>Read the following source and answer the questions that follow :</strong></p><p><strong>Project Tiger</strong></p><p>Tiger is one of the key wildlife species in the faunal web. In 1973, the authorities realized that the tiger population had dwindled to 1,827 from an estimated 55,000 at the turn of the 20th century. The major threats to tiger population are numerous, such as poaching for trade, shrinking habitat, depletion of prey base species, growing human population, etc. The trade of tiger skins and the use of their bones in traditional medicines, especially in the Asian countries left the tiger population on the verge of extinction. Since India and Nepal provide habitat to about two-thirds of the surviving tiger population in the world, these two nations become prime targets for poaching and illegal trading. \"Project Tiger”, one of the well publicised wildlife campaigns in the world, was launched in 1973...</p><p><strong>(35.1)</strong> Why was 'Project Tiger' considered a significant step for Tiger Conservation ?</p><p><strong>(35.2)</strong> What role did India play in the global tiger population ?</p><p><strong>(35.3)</strong> Mention any two major threats to the wildlife species.</p>",
                    "options": [],
                    "correct_answer": {
                      "text": "<p><strong>(35.1) Why 'Project Tiger' was significant:</strong></p><ul><li>(i) 'Project Tiger' is an effort to save a single species on a large scale.</li><li>(ii) Project aimed to address the decline in tiger numbers caused by threats like poaching, habitat loss, depletion of prey species and human encroachment.</li><li>(iii) Played vital role in safeguarding the tiger population while indirectly protecting entire ecosystems.</li></ul><p><em>Any one point to be mentioned.</em></p><p><strong>(35.2) India's role in global tiger population:</strong></p><ul><li>(i) India and Nepal provide habitat to about two-third of the surviving tiger population in the world.</li><li>(ii) Project Tiger was launched to protect tigers and their habitats.</li></ul><p><em>Any one point to be mentioned.</em></p><p><strong>(35.3) Two major threats to wildlife:</strong></p><ul><li>(i) Poaching for trade: Illegal hunting of tigers for their valuable skin and bones used in traditional medicines.</li><li>(ii) Habitat Loss: Human activities like deforestation, urban expansion and agricultural activities etc.</li><li>(iii) Depletion of prey base species: Reduction in the number of animals that tiger prey upon, resulting in food scarcity.</li></ul><p><em>Any two points to be mentioned.</em></p>"
                    },
                    "question_type": "Case-based Subjective",
                    "difficulty_level": "medium",
                    "explanation_html": null
                  }
                ]
              },
              {
                "chapter_name": "Federalism",
                "questions": [
                  {
                    "question_no": 36,
                    "question_html": "<p><strong>Read the following extract and answer the questions that follow :</strong></p><p><strong>Linguistic diversity of India</strong></p><p>How many languages do we have in India? ... The latest information that we have is from the Census of India held in 2011. This census recorded more than 1300 distinct languages which people mentioned as their mother tongues. These languages were grouped together under some major languages. For example, languages like Bhojpuri, Magadhi, Bundelkhandi, Chhattisgarhi, Rajasthani and many others were grouped together under 'Hindi'. Even after this grouping, the Census found 121 major languages. Of these, 22 languages are now included in the Eighth Schedule of the Indian Constitution and are therefore called 'Scheduled Languages'. Others are called ‘Non-Scheduled Languages'. In terms of languages, India is perhaps the most diverse country in the world.</p><p><strong>(36.1)</strong> How many languages were recorded as mother tongues in the 2011 Census of India?</p><p><strong>(36.2)</strong> How were the languages grouped together in the Census report ?</p><p><strong>(36.3)</strong> How does the inclusion of languages in the Eighth Schedule of the Indian Constitution contribute to linguistic diversity ? Explain.</p>",
                    "options": [],
                    "correct_answer": {
                      "text": "<p><strong>(36.1) Languages recorded in 2011 Census:</strong></p><ul><li>The census of India recorded more than 1300 distinct languages as mother tongues.</li></ul><p><strong>(36.2) How languages were grouped:</strong></p><ul><li>The languages like Bhojpuri, Magadhi, Bundelkhandi, Chhattisgarhi, Rajasthani were grouped under the category of \"Hindi\".</li></ul><p><strong>(36.3) Contribution of Eighth Schedule to linguistic diversity:</strong></p><ul><li>(i) It recognizes their cultural and linguistic significance.</li><li>(ii) It helps protect and promote these languages, ensuring that speakers have access to education and government services in their native languages.</li><li>(iii) Most of these languages are also the official languages of their respective states.</li></ul><p><em>Any two points to be mentioned.</em></p>"
                    },
                    "question_type": "Case-based Subjective",
                    "difficulty_level": "medium",
                    "explanation_html": null
                  }
                ]
              },
              {
                "chapter_name": "Map Work",
                "questions": [
                  {
                    "question_no": "37",
                    "question_html": "<p><b>(a)</b> Two places A and B have been marked on the given political outline map of India. Identify them with the help of the following information and write their correct names on the lines drawn near them:</p><p>(i) The place where Gandhiji broke Salt Law.</p><p>(ii) The place where the Indian National Congress Session was held in 1920.</p><p><b>(b)</b> On the same political outline map of India, locate and label any <strong>three</strong> of the following with suitable symbols :</p><p>(i) Salal - Dam</p><p>(ii) Kalpakkam – Nuclear Power Plant</p><p>(iii) Bengaluru – Software Technology Park</p><p>(iv) Mormugao – Major Sea Port</p><p><em>Note: The following questions are for the Visually Impaired Candidates only, in lieu of Q. No. 37.</em></p><p><b>(a)</b></p><p>(i) Name the place where Gandhiji broke Salt Law.</p><p>(ii) Name the place where the Indian National Congress Session was held in 1920.</p><p><b>(b)</b> Attempt any three questions.</p><p>(i) Name the location of Salal Dam.</p><p>(ii) Name the location of Kalpakkam Nuclear Power Plant.</p><p>(iii) Name the location of Bengaluru Software Technology Park.</p><p>(iv) Name the location of Mormugao Major Sea Port.</p>",
                    "images": [
                      {
                        "url": "https://img.testbuddyai.com/SocialScience-32-2-24-Q37.png"
                      }
                    ],
                    "options": [],
                    "correct_answer": {
                      "text": "<p><b>(a)</b></p><p><strong>(i)</strong> Dandi</p><p><strong>(ii)</strong> Nagpur / Calcutta (Kolkata)</p><p><b>(b)</b></p><p>Locations to be marked on the political map of India:</p><ul><li><strong>(i) Salal-Dam:</strong> In Jammu and Kashmir</li><li><strong>(ii) Kalpakkam- Nuclear Power Plant:</strong> In Tamil Nadu</li><li><strong>(iii) Bengaluru -Software Technology Park:</strong> In Karnataka</li><li><strong>(iv) Mormugao-Major Sea Port:</strong> In Goa</li></ul><p><strong>For Visually Impaired Candidates:</strong></p><p><b>(a)</b></p><p><strong>(i)</strong> Dandi</p><p><strong>(ii)</strong> Nagpur / Calcutta (Kolkata)</p><p><b>(b)</b></p><p><strong>(i)</strong> Jammu and Kashmir</p><p><strong>(ii)</strong> Tamil Nadu</p><p><strong>(iii)</strong> Karnataka</p><p><strong>(iv)</strong> Goa</p>"
                    },
                    "question_type": "Map Skill Based Questions",
                    "difficulty_level": "medium",
                    "explanation_html": null
                  }
                ]
              }
            ]
          }
        ]
      }
    ]
  }
]