[
  {
    "exam_name_actual": "CBSE Board - Class 10",
    "main_exam_id_name_ref": "CBSE Board - Class 10",
    "years": [
      {
        "year": "2024",
        "papers_or_subjects": [
          {
            "paper_name": "CBSE Class 10 Social Studies Paper 2024 (QP Code: 32/1/1)",
            "subject_name": "Social Studies",
            "chapters": [
              {
                "chapter_name": "The Rise of Nationalism in Europe",
                "questions": [
                  {
                    "question_no": 1,
                    "question_html": "<p>From which of the following countries Giuseppe Garibaldi belonged to ?</p>",
                    "options": [
                      {
                        "id": "a",
                        "text": "Austria"
                      },
                      {
                        "id": "b",
                        "text": "Italy"
                      },
                      {
                        "id": "c",
                        "text": "Greece"
                      },
                      {
                        "id": "d",
                        "text": "Spain"
                      }
                    ],
                    "correct_answer": {
                      "ids": [
                        "b"
                      ]
                    },
                    "question_type": "mcq_single",
                    "difficulty_level": "easy",
                    "explanation_html": "<p>Giuseppe Garibaldi was an Italian general, patriot, revolutionary and republican. He contributed to the Italian unification and the creation of the Kingdom of Italy.</p>"
                  }
                ]
              },
              {
                "chapter_name": "The Rise of Nationalism in Europe",
                "questions": [
                  {
                    "question_no": 2,
                    "question_html": "<p>Two statements are given below. They are Assertion (A) and Reason (R). Read both the statements and choose the correct option.</p><p><b>Assertion (A):</b> The most serious source of nationalist tension in Europe after 1871 was Balkan.</p><p><b>Reason (R) :</b> A large part of the Balkan was under the control of Ottoman Empire.</p><p>Options:</p>",
                    "options": [
                      {
                        "id": "a",
                        "text": "Both, (A) and (R) are true and (R) is the correct explanation of (A)."
                      },
                      {
                        "id": "b",
                        "text": "Both, (A) and (R) are true but (R) is not the correct explanation of (A)."
                      },
                      {
                        "id": "c",
                        "text": "(A) is true but (R) is false."
                      },
                      {
                        "id": "d",
                        "text": "(A) is false but (R) is true."
                      }
                    ],
                    "correct_answer": {
                      "ids": [
                        "a"
                      ]
                    },
                    "question_type": "mcq_single",
                    "difficulty_level": "medium",
                    "explanation_html": "<p>The Assertion is correct as the Balkan region became an area of intense conflict due to spreading nationalist ideas. The Reason is also correct and explains the Assertion because the weakening and disintegration of the Ottoman Empire, which controlled the region, allowed various Slavic nationalities to struggle for independence, leading to intense tension.</p>"
                  }
                ]
              },
              {
                "chapter_name": "The Rise of Nationalism in Europe",
                "questions": [
                  {
                    "question_no": 3,
                    "question_html": "<p>Arrange the following events in chronological order and choose the correct option from the following :</p><p>I. Treaty of Constantinople</p><p>II. Defeat of Napoleon</p><p>III. Unification of Italy</p><p>IV. Unification of Germany</p><p>Options:</p>",
                    "options": [
                      {
                        "id": "a",
                        "text": "I, II, IV and III"
                      },
                      {
                        "id": "b",
                        "text": "II, III, I and IV"
                      },
                      {
                        "id": "c",
                        "text": "II, I, IV and III"
                      },
                      {
                        "id": "d",
                        "text": "IV, I, III and II"
                      }
                    ],
                    "correct_answer": {
                      "ids": [
                        "c"
                      ]
                    },
                    "question_type": "mcq_single",
                    "difficulty_level": "hard",
                    "explanation_html": "<p>The correct chronological order is:</p><p>II. Defeat of Napoleon (Battle of Waterloo) - 1815</p><p>I. Treaty of Constantinople (recognized Greece as an independent nation) - 1832</p><p>IV. Unification of Germany - Proclaimed in January 1871</p><p>III. Unification of Italy - Completed with the capture of Rome in September 1871</p><p>Therefore, the sequence is II, I, IV, III.</p>"
                  }
                ]
              },
              {
                "chapter_name": "Nationalism in India",
                "questions": [
                  {
                    "question_no": 4,
                    "question_html": "<p>Which one of the following pairs regarding Indian nationalism is correctly matched ?</p><table><tbody><tr><td></td><td><b>Leaders</b></td><td><b>Contribution</b></td></tr><tr><td>(a)</td><td>Sardar Patel</td><td>:</td><td>Hindustan Socialist Republican Army</td></tr><tr><td>(b)</td><td>Bhagat Singh</td><td>:</td><td>Swaraj Party</td></tr><tr><td>(c)</td><td>C.R. Das</td><td>:</td><td>Bardoli Satyagraha</td></tr><tr><td>(d)</td><td>Jawahar Lal Nehru</td><td>:</td><td>Oudh Kisan Sabha</td></tr></tbody></table>",
                    "options": [
                      {
                        "id": "a",
                        "text": "Sardar Patel : Hindustan Socialist Republican Army"
                      },
                      {
                        "id": "b",
                        "text": "Bhagat Singh : Swaraj Party"
                      },
                      {
                        "id": "c",
                        "text": "C.R. Das : Bardoli Satyagraha"
                      },
                      {
                        "id": "d",
                        "text": "Jawahar Lal Nehru : Oudh Kisan Sabha"
                      }
                    ],
                    "correct_answer": {
                      "ids": [
                        "d"
                      ]
                    },
                    "question_type": "mcq_single",
                    "difficulty_level": "medium",
                    "explanation_html": "<p>The Oudh Kisan Sabha was set up in 1920, headed by Baba Ramchandra and supported by Jawaharlal Nehru. The other pairs are incorrect: Sardar Patel led the Bardoli Satyagraha, Bhagat Singh was associated with the Hindustan Socialist Republican Army, and C.R. Das was a founder of the Swaraj Party.</p>"
                  }
                ]
              },
              {
                "chapter_name": "Minerals and Energy Resources",
                "questions": [
                  {
                    "question_no": 5,
                    "question_html": "<p>Choose the correctly matched pair.</p>",
                    "options": [
                      {
                        "id": "a",
                        "text": "Ferrous — Natural Gas"
                      },
                      {
                        "id": "b",
                        "text": "Non-Ferrous — Nickel"
                      },
                      {
                        "id": "c",
                        "text": "Non-Metallic Minerals — Limestone"
                      },
                      {
                        "id": "d",
                        "text": "Energy Minerals — Cobalt"
                      }
                    ],
                    "correct_answer": {
                      "ids": [
                        "c"
                      ]
                    },
                    "question_type": "mcq_single",
                    "difficulty_level": "easy",
                    "explanation_html": "<p>Limestone is a type of non-metallic mineral, used primarily in the cement industry. The other pairs are incorrect: Natural gas is an energy mineral, Nickel is a non-ferrous mineral (which is correctly classified, but the question likely seeks the best match from the options given by the board), and Cobalt is a ferrous/metallic mineral.</p>"
                  }
                ]
              },
              {
                "chapter_name": "Agriculture",
                "questions": [
                  {
                    "question_no": 6,
                    "question_html": "<p>Read the given statements and choose the correct option with regard to Rabi cropping season from the following :</p><p>I. Rabi crops are sown in winter.</p><p>II. Sown from October to December and harvested from April to June.</p><p>III. Important crops are Maize, Cotton, Jute.</p><p>IV. Punjab, Haryana, Uttar Pradesh are important for the production of wheat.</p><p>Options:</p>",
                    "options": [
                      {
                        "id": "a",
                        "text": "I, III and IV"
                      },
                      {
                        "id": "b",
                        "text": "II, III and IV"
                      },
                      {
                        "id": "c",
                        "text": "I, II and IV"
                      },
                      {
                        "id": "d",
                        "text": "I, II and III"
                      }
                    ],
                    "correct_answer": {
                      "ids": [
                        "c"
                      ]
                    },
                    "question_type": "mcq_single",
                    "difficulty_level": "medium",
                    "explanation_html": "<p>Statements I, II, and IV correctly describe the Rabi cropping season and its major crop, wheat. Statement III is incorrect because Maize, Cotton, and Jute are Kharif crops, not Rabi crops.</p>"
                  }
                ]
              },
              {
                "chapter_name": "Resources and Development",
                "questions": [
                  {
                    "question_no": 7,
                    "question_html": "<p>Identify the soil with the help of following information.</p><p>• It develops in areas with high temperature.</p><p>• It is the result of intense leaching due to heavy rain.</p><p>• Humus content is low.</p><p>Soil:</p>",
                    "options": [
                      {
                        "id": "a",
                        "text": "Arid soil"
                      },
                      {
                        "id": "b",
                        "text": "Yellow soil"
                      },
                      {
                        "id": "c",
                        "text": "Laterite soil"
                      },
                      {
                        "id": "d",
                        "text": "Black soil"
                      }
                    ],
                    "correct_answer": {
                      "ids": [
                        "c"
                      ]
                    },
                    "question_type": "mcq_single",
                    "difficulty_level": "easy",
                    "explanation_html": "<p>The given characteristics—development in high-temperature and heavy rainfall areas, intense leaching, and low humus content—are distinctive features of Laterite soil.</p>"
                  }
                ]
              },
              {
                "chapter_name": "Gender, Religion and Caste",
                "questions": [
                  {
                    "question_no": 8,
                    "question_html": "<p>Which of the following term refers to the belief in and advocacy for the social, political and economic equality of women ?</p>",
                    "options": [
                      {
                        "id": "a",
                        "text": "Patriarchy"
                      },
                      {
                        "id": "b",
                        "text": "Matriarchy"
                      },
                      {
                        "id": "c",
                        "text": "Socialist"
                      },
                      {
                        "id": "d",
                        "text": "Feminists"
                      }
                    ],
                    "correct_answer": {
                      "ids": [
                        "d"
                      ]
                    },
                    "question_type": "mcq_single",
                    "difficulty_level": "easy",
                    "explanation_html": "<p>Feminism is a range of socio-political movements and ideologies that aim to define and establish the political, economic, personal, and social equality of the sexes. A person who believes in this is known as a feminist.</p>"
                  }
                ]
              },
              {
                "chapter_name": "Federalism",
                "questions": [
                  {
                    "question_no": 9,
                    "question_html": "<p>Read the given statements :</p><p>• India has no official religion.</p><p>• All the communities have freedom to profess and practice any religion in India.</p><p>Which one of the following constitutional term is used for the above statements?</p>",
                    "options": [
                      {
                        "id": "a",
                        "text": "Republic"
                      },
                      {
                        "id": "b",
                        "text": "Secular"
                      },
                      {
                        "id": "c",
                        "text": "Sovereign"
                      },
                      {
                        "id": "d",
                        "text": "Socialist"
                      }
                    ],
                    "correct_answer": {
                      "ids": [
                        "b"
                      ]
                    },
                    "question_type": "mcq_single",
                    "difficulty_level": "easy",
                    "explanation_html": "<p>The term 'Secular' means that there is no official religion for the state and all citizens are free to profess, practice, and propagate any religion of their choice. The given statements are the core principles of Indian secularism.</p>"
                  }
                ]
              },
              {
                "chapter_name": "Federalism",
                "questions": [
                  {
                    "question_no": 10,
                    "question_html": "<p>Match the Column I with Column II and choose the correct option :</p><table><tbody><tr><td></td><td><b>Column I (List)</b></td><td></td><td><b>Column II (Jurisdiction Sphere)</b></td></tr><tr><td>I.</td><td>Union list subjects</td><td>A.</td><td>State Governments alone make laws on it.</td></tr><tr><td>II.</td><td>State list subjects</td><td>B.</td><td>For uniformity Central Government Legislates on it.</td></tr><tr><td>III.</td><td>Concurrent subjects</td><td>C.</td><td>Subjects under Jurisdiction of Centre and State Governments.</td></tr><tr><td>IV.</td><td>Residuary subjects</td><td>D.</td><td>Central Government legislates on new subjects.</td></tr></tbody></table>",
                    "options": [
                      {
                        "id": "a",
                        "text": "I-A, II-B, III-C, IV-D"
                      },
                      {
                        "id": "b",
                        "text": "I-C, II-D, III-A, IV-B"
                      },
                      {
                        "id": "c",
                        "text": "I-D, II-C, III-B, IV-A"
                      },
                      {
                        "id": "d",
                        "text": "I-B, II-A, III-C, IV-D"
                      }
                    ],
                    "correct_answer": {
                      "ids": [
                        "d"
                      ]
                    },
                    "question_type": "mcq_single",
                    "difficulty_level": "medium",
                    "explanation_html": "<p>The correct matching is:</p><p>I. Union list subjects are legislated upon by the Central Government for national uniformity (B).</p><p>II. State list subjects are under the exclusive jurisdiction of State Governments (A).</p><p>III. Concurrent subjects can be legislated upon by both Centre and State Governments (C).</p><p>IV. Residuary subjects (new subjects not in any list) are legislated upon by the Central Government (D).</p>"
                  }
                ]
              },
              {
                "chapter_name": "Power Sharing",
                "questions": [
                  {
                    "question_no": 11,
                    "question_html": "<p>Which of the following was the primary objective of Belgium to form the separate government in Brussels ?</p>",
                    "options": [
                      {
                        "id": "a",
                        "text": "Promoting cultural events."
                      },
                      {
                        "id": "b",
                        "text": "Managing international relations."
                      },
                      {
                        "id": "c",
                        "text": "Enforcing local laws."
                      },
                      {
                        "id": "d",
                        "text": "Ensuring linguistic accommodation."
                      }
                    ],
                    "correct_answer": {
                      "ids": [
                        "d"
                      ]
                    },
                    "question_type": "mcq_single",
                    "difficulty_level": "easy",
                    "explanation_html": "<p>In Brussels, there was a special problem: the Dutch-speaking people constituted a minority in the capital, contrary to their majority in the country. A separate government was formed in Brussels with equal representation for both communities to ensure a fair power-sharing arrangement and accommodate the linguistic diversity, thus preventing conflict.</p>"
                  }
                ]
              },
              {
                "chapter_name": "Political Parties",
                "questions": [
                  {
                    "question_no": 12,
                    "question_html": "<p>Which one of the following countries has two-party system ?</p>",
                    "options": [
                      {
                        "id": "a",
                        "text": "China"
                      },
                      {
                        "id": "b",
                        "text": "United Kingdom"
                      },
                      {
                        "id": "c",
                        "text": "India"
                      },
                      {
                        "id": "d",
                        "text": "Pakistan"
                      }
                    ],
                    "correct_answer": {
                      "ids": [
                        "b"
                      ]
                    },
                    "question_type": "mcq_single",
                    "difficulty_level": "easy",
                    "explanation_html": "<p>The United Kingdom and the United States of America are examples of countries with a two-party system, where power mainly alternates between two major political parties. India has a multi-party system, and China has a one-party system.</p>"
                  }
                ]
              },
              {
                "chapter_name": "Power Sharing",
                "questions": [
                  {
                    "question_no": 13,
                    "question_html": "<p>What role do 'checks and balances' play in a democratic country ? Choose the most suitable option from the following.</p>",
                    "options": [
                      {
                        "id": "a",
                        "text": "To establish a direct form of government without representatives."
                      },
                      {
                        "id": "b",
                        "text": "To create a separation of powers to prevent from authoritarianism."
                      },
                      {
                        "id": "c",
                        "text": "To prevent any change to the Constitution."
                      },
                      {
                        "id": "d",
                        "text": "To ensure absolute power for one branch of government."
                      }
                    ],
                    "correct_answer": {
                      "ids": [
                        "b"
                      ]
                    },
                    "question_type": "mcq_single",
                    "difficulty_level": "medium",
                    "explanation_html": "<p>The system of 'checks and balances' ensures that each organ of the government (legislature, executive, and judiciary) checks the others. This results in a balance of power among various institutions and prevents any one branch from becoming authoritarian.</p>"
                  }
                ]
              },
              {
                "chapter_name": "Development",
                "questions": [
                  {
                    "question_no": 14,
                    "question_html": "<p>Suppose, the monthly income of the family members is as follows respectively :</p><p>• Mother – Rs. 50,000/-</p><p>• Father – Rs. 40,000/-</p><p>• Son – Rs. 20,000/-</p><p>• Daughter – Rs. 20,000/-</p><p>The average income of the family would be :</p>",
                    "options": [
                      {
                        "id": "a",
                        "text": "Rs. 32,000/-"
                      },
                      {
                        "id": "b",
                        "text": "Rs. 30,000/-"
                      },
                      {
                        "id": "c",
                        "text": "Rs. 32,500/-"
                      },
                      {
                        "id": "d",
                        "text": "Rs. 33,000/-"
                      }
                    ],
                    "correct_answer": {
                      "ids": [
                        "c"
                      ]
                    },
                    "question_type": "mcq_single",
                    "difficulty_level": "easy",
                    "explanation_html": "<p>To find the average income, sum the incomes of all members and divide by the number of members.</p><p>Total Income = 50,000 + 40,000 + 20,000 + 20,000 = Rs. 1,30,000</p><p>Number of members = 4</p><p>Average Income = 1,30,000 / 4 = Rs. 32,500</p>"
                  }
                ]
              },
              {
                "chapter_name": "Development",
                "questions": [
                  {
                    "question_no": 15,
                    "question_html": "<p>Which one of the following indices is given priority by the World Bank with respect to development ?</p>",
                    "options": [
                      {
                        "id": "a",
                        "text": "Infant Mortality Rate"
                      },
                      {
                        "id": "b",
                        "text": "Equality"
                      },
                      {
                        "id": "c",
                        "text": "Body Mass Index"
                      },
                      {
                        "id": "d",
                        "text": "Per Capita Income"
                      }
                    ],
                    "correct_answer": {
                      "ids": [
                        "d"
                      ]
                    },
                    "question_type": "mcq_single",
                    "difficulty_level": "easy",
                    "explanation_html": "<p>In its World Development Reports, the World Bank uses per capita income as the main criterion for classifying countries into high-income, middle-income, and low-income categories. Other indicators like IMR are used by organisations like UNDP but per capita income is the primary one for the World Bank.</p>"
                  }
                ]
              },
              {
                "chapter_name": "Globalization and the Indian Economy",
                "questions": [
                  {
                    "question_no": 16,
                    "question_html": "<p>Choose the correct option to fill the blank.</p><p>Removing barriers or restrictions on business and trade set by the government is called as __________.</p>",
                    "options": [
                      {
                        "id": "a",
                        "text": "Disinvestment"
                      },
                      {
                        "id": "b",
                        "text": "Special Economic Zones"
                      },
                      {
                        "id": "c",
                        "text": "Liberalisation"
                      },
                      {
                        "id": "d",
                        "text": "Foreign Direct Investment"
                      }
                    ],
                    "correct_answer": {
                      "ids": [
                        "c"
                      ]
                    },
                    "question_type": "mcq_single",
                    "difficulty_level": "easy",
                    "explanation_html": "<p>Liberalisation of the economy means to free it from direct or physical controls imposed by the government. It involves removing trade barriers set by the government, allowing businesses greater freedom in taking their own decisions.</p>"
                  }
                ]
              },
              {
                "chapter_name": "Sectors of the Indian Economy",
                "questions": [
                  {
                    "question_no": 17,
                    "question_html": "<p>Which one of the following is an example of organized sector activities ?</p>",
                    "options": [
                      {
                        "id": "a",
                        "text": "A farmer irrigating his field."
                      },
                      {
                        "id": "b",
                        "text": "A handloom weaver working in her house."
                      },
                      {
                        "id": "c",
                        "text": "A headload worker carrying cement."
                      },
                      {
                        "id": "d",
                        "text": "A teacher taking classes in a government school."
                      }
                    ],
                    "correct_answer": {
                      "ids": [
                        "d"
                      ]
                    },
                    "question_type": "mcq_single",
                    "difficulty_level": "medium",
                    "explanation_html": "<p>The organized sector covers those enterprises where the terms of employment are regular and people have assured work. They are registered by the government and have to follow its rules and regulations. A teacher in a government school fits this description. The other options are examples of activities in the unorganized sector.</p>"
                  }
                ]
              },
              {
                "chapter_name": "Development",
                "questions": [
                  {
                    "question_no": 18,
                    "question_html": "<p>Which of the following are developmental goals of a prosperous farmer ? Choose the correct from the given options.</p><p>I. Better wages</p><p>II. Higher support prices for crops</p><p>III. Assured high family income</p><p>IV. More days for work</p><p>Options:</p>",
                    "options": [
                      {
                        "id": "a",
                        "text": "Only I and II are correct."
                      },
                      {
                        "id": "b",
                        "text": "Only II and IV are correct."
                      },
                      {
                        "id": "c",
                        "text": "Only II and III are correct."
                      },
                      {
                        "id": "d",
                        "text": "Only I and IV are correct."
                      }
                    ],
                    "correct_answer": {
                      "ids": [
                        "c"
                      ]
                    },
                    "question_type": "mcq_single",
                    "difficulty_level": "medium",
                    "explanation_html": "<p>A prosperous farmer would primarily seek higher support prices for their crops to increase profitability and an assured high family income to maintain their standard of living. 'Better wages' and 'more days for work' are developmental goals for landless agricultural labourers, not prosperous farmers who may be employers themselves.</p>"
                  }
                ]
              },
              {
                "chapter_name": "Money and Credit",
                "questions": [
                  {
                    "question_no": 19,
                    "question_html": "<p>Why do lenders often require collateral before lending loan ? Choose the most suitable option from the following.</p>",
                    "options": [
                      {
                        "id": "a",
                        "text": "To lower interest rates for borrowers."
                      },
                      {
                        "id": "b",
                        "text": "To establish personal relations."
                      },
                      {
                        "id": "c",
                        "text": "To increase their profit margins."
                      },
                      {
                        "id": "d",
                        "text": "To mitigate the risk of loan default."
                      }
                    ],
                    "correct_answer": {
                      "ids": [
                        "d"
                      ]
                    },
                    "question_type": "mcq_single",
                    "difficulty_level": "easy",
                    "explanation_html": "<p>Collateral is an asset that the borrower owns (such as land, building, vehicle, etc.) and uses as a guarantee to a lender until the loan is repaid. The primary purpose of collateral is to provide security to the lender. If the borrower fails to repay the loan, the lender has the right to sell the collateral to recover the payment, thus mitigating the risk of financial loss from loan default.</p>"
                  }
                ]
              },
              {
                "chapter_name": "Money and Credit",
                "questions": [
                  {
                    "question_no": 20,
                    "question_html": "<p>Look at the given picture carefully and infer the income of the bank.</p><p>Choose the correct option from the following.</p>",
                    "images": [
                      {
                        "url": "https://img.testbuddyai.com/SocialScience-32-1-24-Q20.png"
                      }
                    ],
                    "options": [
                      {
                        "id": "a",
                        "text": "The difference between the amount deposited and borrowed by the bank to Reserve Bank of India."
                      },
                      {
                        "id": "b",
                        "text": "The difference of amount of interest between what is charged from borrowers and what is paid to depositors."
                      },
                      {
                        "id": "c",
                        "text": "The difference of interest rate between what is charged from borrowers and what is charged from depositor."
                      },
                      {
                        "id": "d",
                        "text": "The difference between the amount deposited by the depositor and borrowed by the borrower."
                      }
                    ],
                    "correct_answer": {
                      "ids": [
                        "b"
                      ]
                    },
                    "question_type": "mcq_single",
                    "difficulty_level": "medium",
                    "explanation_html": "<p>The diagram illustrates that banks act as intermediaries between those who have surplus money (depositors) and those who are in need of money (borrowers). Banks pay a certain amount of interest on deposits and charge a higher interest on loans. The difference between the total interest earned from borrowers and the total interest paid to depositors constitutes the main source of income for the bank.</p>"
                  }
                ]
              },
              {
                "chapter_name": "The Making of a Global World",
                "questions": [
                  {
                    "question_no": 21,
                    "question_html": "<p>\"The Silk route was a good example of vibrant pre-modern trade and cultural links between distant parts of the world.\" Explain the statement with any two examples.</p>",
                    "options": [],
                    "correct_answer": {
                      "text": "<p>i. The Silk routes are the good example of vibrant pre-modern trade and cultural links between distant parts of the world.</p><p>ii. The name silk route points to be the importance of West –bound Chinese silk cargoes along this route.</p><p>iii. Historians have identified several silk routes, over land and by sea, knitting together vast regions of Asia, and linking Asia with Europe and northern Africa.</p><p>iv. They are known to have existed since before the Christian Era and thrived almost till the fifteenth century.</p><p>v. Chinese pottery also travelled the same route, as did textiles and spices from India and Southeast Asia. In return precious metals- gold and silver- flowed from Europe.</p>"
                    },
                    "question_type": "Very Short Answer (2 marks)",
                    "difficulty_level": "medium",
                    "explanation_html": null
                  }
                ]
              },
              {
                "chapter_name": "The Making of a Global World",
                "questions": [
                  {
                    "question_no": "22",
                    "question_html": "<p><b>(A)</b> Suggest any two measures for the conservation of forest.</p><p><b>(B)</b> Suggest any two measures for the conservation of wildlife.</p>",
                    "options": [],
                    "correct_answer": {
                      "text": "<p><b>(A)</b></p><p>i. Excessive cutting down of forest trees should not be allowed by the Government to conserve forests.</p><p>ii. More trees should be planted in the forest in place of cut down trees to conserve forests.</p><p>iii. Paper products such as old newspapers, magazines, books and notebooks etc. should be recycled.</p><p>iv. Laws should be implemented to save the forest.</p><p>v. Communities should be made aware about conservations of forests.</p><p><b>(B)</b></p><p>i. To survey and collect all the information about wildlife, especially, their number of growth.</p><p>ii. To protect habitat by protecting forests.</p><p>iii. To delimit the areas of their natural habitat.</p><p>iv. To protect wildlife from pollution and from natural hazard.</p><p>v. In order to protect animals, many national parks, sanctuaries and biosphere reserves should be set up.</p><p>vi. Laws should be implemented to save the wildlife.</p>"
                    },
                    "question_type": "Very Short Answer (2 marks)",
                    "difficulty_level": "easy",
                    "explanation_html": null
                  }
                ]
              },
              {
                "chapter_name": "Power Sharing",
                "questions": [
                  {
                    "question_no": 23,
                    "question_html": "<p>Why is power sharing desirable ? Explain.</p>",
                    "options": [],
                    "correct_answer": {
                      "text": "<p>i. Power sharing helps to reduce the possibility of conflict between social groups.</p><p>ii. Power sharing is a good way to ensure the stability of political order.</p><p>iii. It controls social conflicts, violence and political instability.</p><p>iv. It helps to unite the nation.</p><p>v. A legitimate government is one where citizens, through participation, acquire a stake in the system.</p><p>vi. Power Sharing is the very spirit of democracy.</p>"
                    },
                    "question_type": "Very Short Answer (2 marks)",
                    "difficulty_level": "easy",
                    "explanation_html": null
                  }
                ]
              },
              {
                "chapter_name": "Sectors of the Indian Economy",
                "questions": [
                  {
                    "question_no": 24,
                    "question_html": "<p>Differentiate between Public and Private Sector.</p>",
                    "options": [],
                    "correct_answer": {
                      "text": "<table><thead><tr><th>Public Sector</th><th>Private Sector</th></tr></thead><tbody><tr><td>i. The government owns most of the assets.</td><td>i. The ownership of assets is in the hands of private individuals or companies.</td></tr><tr><td>ii. Activities in the public sectors are guided by the motive towards the welfare of society.</td><td>ii. Activities in the private sectors are guided by the motive to earn profits.</td></tr><tr><td>iii. Railways or Post offices are some examples.</td><td>iii. Tata Steel, Reliance Industries are some examples.</td></tr></tbody></table>"
                    },
                    "question_type": "Very Short Answer (2 marks)",
                    "difficulty_level": "easy",
                    "explanation_html": null
                  }
                ]
              },
              {
                "chapter_name": "Nationalism in India",
                "questions": [
                  {
                    "question_no": "25",
                    "question_html": "<p><b>(A)</b> Describe any three causes that led to the Non-Cooperation Movement.</p><p><b>(B)</b> OR<br>Describe any three causes of ‘Civil Disobedience Movement.’</p>",
                    "options": [],
                    "correct_answer": {
                      "text": "<p><b>(A)</b></p><p>i. Rowlatt Act</p><p>ii. Government of India Act 1919.</p><p>iii. Jallianwala Bagh incident.</p><p>iv. Khilafat Movement.</p><p>v. Demand of Swaraj</p><p>vi. Congress Session of 1920s</p><p><b>(B)</b></p><p>i. The constituent of the Simon Commission with no Indian members.</p><p>ii. The death of Lala Lajpat Rai while protesting against the Commission enraged the entire nation.</p><p>iii. Oppression by the British government in response to anti Simon protest.</p><p>iv. Imposition of Salt law.</p><p>v. Vague offers of Lord Irwin for dominion status</p><p>vi. Lahore Session of Congress (1929).</p><p>vii. Demand of 'Poorna Swaraj'</p><p>viii. Neglecting seven demands of Gandhi.</p>"
                    },
                    "question_type": "Short Answer (3 marks)",
                    "difficulty_level": "medium",
                    "explanation_html": null
                  }
                ]
              },
              {
                "chapter_name": "Manufacturing Industries",
                "questions": [
                  {
                    "question_no": 26,
                    "question_html": "<p>'Manufacturing industries are considered the backbone of economic development.' Justify the statement.</p>",
                    "options": [],
                    "correct_answer": {
                      "text": "<p>i. Manufacturing industries help in modernizing agriculture.</p><p>ii. They reduce the heavy dependence of people on agricultural income by providing them jobs in secondary and tertiary sectors.</p><p>iii. Industrial development is a precondition for eradication of unemployment and poverty from our country.</p><p>iv. Public sector industries and joint sector ventures in India also aimed at bringing down regional disparities by establishing industries in tribal and backward areas.</p><p>v. Export of manufactured goods expands trade and commerce, and brings in much needed foreign exchange.</p>"
                    },
                    "question_type": "Short Answer (3 marks)",
                    "difficulty_level": "medium",
                    "explanation_html": null
                  }
                ]
              },
              {
                "chapter_name": "Political Parties",
                "questions": [
                  {
                    "question_no": 27,
                    "question_html": "<p>Analyse the role of political parties in a democracy.</p>",
                    "options": [],
                    "correct_answer": {
                      "text": "<p>i. Political parties exercise political power and form government.</p><p>ii. Parties contest election.</p><p>iii. Parties put forward different policies and programs.</p><p>iv. Parties play a decisive role in making laws for the country.</p><p>v. Parties play the role of opposition.</p><p>vi. Parties shape public opinion.</p><p>vii. Parties provide people access to government machinery and welfare schemes, implemented by government.</p>"
                    },
                    "question_type": "Short Answer (3 marks)",
                    "difficulty_level": "easy",
                    "explanation_html": null
                  }
                ]
              },
              {
                "chapter_name": "Money and Credit",
                "questions": [
                  {
                    "question_no": 28,
                    "question_html": "<p>How is credit essential for economic activities ? Explain with examples.</p>",
                    "options": [],
                    "correct_answer": {
                      "text": "<p>i. Credit helps to set up Industries.</p><p>ii. Credit helps to start businesses.</p><p>iii. It helps to improve the standard of living of the people.</p><p>iv. In rural areas credit helps in the development of agriculture by providing funds to farmers to buy seeds, fertilizers, expensive pesticides etc.</p><p>v. It helps to generate employment.</p>"
                    },
                    "question_type": "Short Answer (3 marks)",
                    "difficulty_level": "easy",
                    "explanation_html": null
                  }
                ]
              },
              {
                "chapter_name": "Development",
                "questions": [
                  {
                    "question_no": 29,
                    "question_html": "<p>How is the issue of sustainability important for development ? Explain.</p>",
                    "options": [],
                    "correct_answer": {
                      "text": "<p>i. Sustainability is important for development because it results in protecting the people against pollution ensuring their quality of life and health.</p><p>ii. Conserving the environment which is necessary for development.</p><p>iii. Development can be sustained in any economy by using renewable resources such as groundwater, wind energy and solar energy.</p><p>iv. Groundwater is an example of renewable resource. These resources are replenished by nature as in the case of crops and plants. However, even these resources may be overused.</p><p>v. Non-renewable resources are those which will get exhausted after a few years of use.</p>"
                    },
                    "question_type": "Short Answer (3 marks)",
                    "difficulty_level": "medium",
                    "explanation_html": null
                  }
                ]
              },
              {
                "chapter_name": "The Rise of Nationalism in Europe",
                "questions": [
                  {
                    "question_no": "30",
                    "question_html": "<p><b>(A)</b> How did the ideology of 'liberalism' affect the Europe in early nineteenth century? Explain.</p><p><b>(B)</b> OR<br>Explain the process of formation of ‘United Kingdom of Great Britain'.</p>",
                    "options": [],
                    "correct_answer": {
                      "text": "<p><b>(A)</b></p><p>i. Ideas of national unity in early-nineteenth – century Europe were closely allied to the ideology of liberalism.</p><p>ii. Since the French Revolution, liberalism had stood for the end of autocracy and clergical privileges.</p><p>iii. Politically, it emphasized the concept of government by consent.</p><p>iv. In the economic sphere, liberalism stood for the freedom of markets and the abolition of state – imposed restrictions on the movement of goods and capital.</p><p>v. It also stood for constitution and representative government through Parliament.</p><p><b>(B)</b></p><p>i. Britain was not a nation-state prior to the 18th century. England had people of many ethnic groups such as English, Welsh, Scot and Irish with their own cultural and political traditions.</p><p>ii. The English nation steadily grew in wealth, importance, and power and extended its influence over other nations of the islands.</p><p>iii. In 1688, nation – state with England at its center came to be forged English parliament seized power from the monarchy.</p><p>iv. In 1707 the Act of Union between England and Scotland led to the formation of the ‘United Kingdom of Great Britain.’</p><p>v. England dominated Scotland and Ireland in all spheres.</p>"
                    },
                    "question_type": "Long Answer (5 marks)",
                    "difficulty_level": "medium",
                    "explanation_html": null
                  }
                ]
              },
              {
                "chapter_name": "Minerals and Energy Resources",
                "questions": [
                  {
                    "question_no": "31",
                    "question_html": "<p><b>(A)</b> How is energy a basic requirement for economic development ? Explain.</p><p><b>(B)</b> OR<br>How are conventional sources of energy different from non-conventional sources ? Explain.</p>",
                    "options": [],
                    "correct_answer": {
                      "text": "<p><b>(A)</b></p><p>i. Energy is required for all activities for example cooking, light, propelling vehicles, run machinery in industries, etc.</p><p>ii. Energy can be classified as conventional and non- conventional sources of energy.</p><p>iii. Energy is required for large scale manufacturing that is essential for economic development.</p><p>iv. Energy is also required for the development of small scale industries.</p><p>v. Energy is required to modernise agriculture and increase agricultural production.</p><p><b>(B)</b></p><p>i. Conventional sources of energy are exhaustible, non-conventional sources are renewable.</p><p>ii. Conventional sources of energy take a long time to form. Non-conventional forms of energy are readily available</p><p>iii. Conventional forms of energy are usually derived from fossil fuels. Non-conventional sources of energy are derived from sources like sun, wind and Earth.</p><p>iv. Conventional sources of energy are relatively cheaper. Non-Conventional energy sources are initially expensive but become cheaper in due course of time.</p><p>v. Non-conventional sources of energy are sustainable while Conventional sources of energy are not sustainable.</p>"
                    },
                    "question_type": "Long Answer (5 marks)",
                    "difficulty_level": "medium",
                    "explanation_html": null
                  }
                ]
              },
              {
                "chapter_name": "Outcomes of Democracy",
                "questions": [
                  {
                    "question_no": "32",
                    "question_html": "<p><b>(A)</b> How are democratic governments better than other forms of government ? Explain.</p><p><b>(B)</b> OR<br>How do democracies lead to peaceful and harmonious life among citizens ? Explain.</p>",
                    "options": [],
                    "correct_answer": {
                      "text": "<p><b>(A)</b></p><p>i. Democratic government promote equality among its citizens.</p><p>ii. Democratic government enhances the dignity of the individual.</p><p>iii. Democratic government improves the quality of decision – making.</p><p>iv. Democratic government provides a method to resolve conflicts.</p><p>v. Democratic government allows room to correct mistakes.</p><p>vi. Democratic government is accountable to its citizens.</p><p><b>(B)</b></p><p>i. Democracies try to produce harmonious social life</p><p>ii. Democracies can better accommodate various social divisions.</p><p>iii. Democracies usually develop a procedure to conduct their competition. This reduces the possibility of tensions becoming explosive or violent.</p><p>iv. Democracies are better able to evolve mechanisms to handle and negotiate the social differences, divisions and conflict.</p><p>v. Democracy is not simply rule by majority opinion. Majority works with minority so that governments function to represent the general view.</p>"
                    },
                    "question_type": "Long Answer (5 marks)",
                    "difficulty_level": "medium",
                    "explanation_html": null
                  }
                ]
              },
              {
                "chapter_name": "Globalization and the Indian Economy",
                "questions": [
                  {
                    "question_no": "33",
                    "question_html": "<p><b>(A)</b> “Globalisation is the process of rapid integration or interconnection between countries.” Explain the statement with examples.</p><p><b>(B)</b> OR<br>'Improvement in technology has stimulated the globalisation process.' Explain the statement with examples.</p>",
                    "options": [],
                    "correct_answer": {
                      "text": "<p><b>(A)</b></p><p>i. Globalisation has encouraged foreign investments.</p><p>ii. MNCs set up production close to the markets and availability of skilled and unskilled labour at low costs.</p><p>iii. MNCs will choose countries which have policies which enable easy operations.</p><p>iv. MNCs set up production jointly with local companies.</p><p>v. There is better exchange of technologies.</p><p>vi. Globalisation has increased the interdependence between countries.</p><p><b>(B)</b></p><p>i. Rapid improvement in technology has been one major factor that has stimulated the globalisation process.</p><p>ii. For instance, the past fifty years have seen several improvements in transportation technology.</p><p>iii. This has made much faster delivery of goods across long distances possible at lower costs.</p><p>iv. Even more remarkable have been the developments in information and communication technology. In recent times, technology in the areas of telecommunications, computers, Internet has been changing rapidly.</p><p>v. Telecommunication facilities (telegraph, telephone including mobile phones, fax) are used to contact one another around the world.</p>"
                    },
                    "question_type": "Long Answer (5 marks)",
                    "difficulty_level": "medium",
                    "explanation_html": null
                  }
                ]
              },
              {
                "chapter_name": "Print Culture and the Modern World",
                "questions": [
                  {
                    "question_no": "34",
                    "question_html": "<p>Read the following source carefully and answer the questions that follow :</p><h6>Printed Words</h6><p>This is how Mercier describes the impact of the printed word, and the power of reading in one of his books :</p><p>'Anyone who had seen me reading would have compared me to a man dying of thirst who was gulping down some fresh, pure water.... Lighting my lamp with extraordinary caution, I threw myself hungrily into the reading. An easy eloquence, effortless and animated, carried me from one page to the next without my noticing it. A clock struck off the hours in the silence of the shadows, and I heard nothing. My lamp began to run out of oil and produced only a pale light, but still I read on. I could not even take out time to raise the wick for fear of interrupting my pleasure. How those new ideas rushed into my brain! How my intelligence adopted them!'</p><p><b>(i)</b> How does the passage reflect the immersive nature of reading of Mercier ?</p><p><b>(ii)</b> Why did Mercier describe himself as a virtual writer ?</p><p><b>(iii)</b> How did reading influence Mercier's intellectual capacity and his engagement with new concepts ? Explain in any two points.</p>",
                    "options": [],
                    "correct_answer": {
                      "text": "<p><b>(i)</b></p><p>i. Reading was like, thrust of fresh pure water.</p><p>ii. External distractions did not bother him.</p><p>iii. Pale light even did not affects his attention.</p><p>iv. Mercier's description of being carried effortlessly from one page to the next by the eloquence of the text highlights the engrossing nature of his reading experience.</p><p><b>(ii)</b></p><p>i. Mercier became deeply engaged with the text.</p><p>ii. He was immersed to the creation point.</p><p>iii. He was connected to the process of writing so intimately that he reading it and was absorbing new ideas.</p><p><b>(iii)</b></p><p>i. Mercier is so deeply immersed in reading that he loses track of time and running out of oil for his lamp.</p><p>ii. He mentions new ideas rushing into his brain and his intelligence adopting them.</p><p>iii. New concepts fuelled his ideas and sparked his intellectual ability.</p><p>iv. Receptiveness towards knowledge was reflected.</p>"
                    },
                    "question_type": "Case-based Subjective",
                    "difficulty_level": "medium",
                    "explanation_html": null
                  }
                ]
              },
              {
                "chapter_name": "Water Resources",
                "questions": [
                  {
                    "question_no": "35",
                    "question_html": "<p>Read the following source carefully and answer the questions that follow :</p><h6>FLOODS</h6><p><b>Basic safety Precautions To Be Taken :</b></p><ul><li>Listen to radio/TV for the latest weather bulletins and flood warnings. Pass on the information to others.</li><li>Make a family emergency kit which should include; a portable radio/transistor, torch, spare batteries, a first aid box along with essential medicines, ORS, dry food items, drinking water, matchboxes, candles and other essential items.</li><li>Keep hurricane lamp, ropes, rubber tubes, umbrella and bamboo stick in your house. These could be useful.</li><li>Keep your cash, jewellery, valuables, important documents etc. in a safe place.</li><li>If there is a flood, move along with your family members and cattle to safe areas like relief camps, evacuation centers, elevated grounds where you can take shelter.</li><li>Turn off power and gas connections before leaving your house.</li></ul><p><b>(i)</b> Mention any two essential items that should be included in a 'family emergency kit'.</p><p><b>(ii)</b> Why are the items of family emergency kit important during flood situation?</p><p><b>(iii)</b> In case of a flood, what are the recommended actions to ensure the safety of your family and belongings ? Describe any two.</p>",
                    "options": [],
                    "correct_answer": {
                      "text": "<p><b>(i)</b> The family emergency kit should include items such as:</p><p>i. Portable radio/ transistors</p><p>ii. Torch</p><p>iii. Spare Batteries</p><p>iv. First Aid Box</p><p>v. Essential Medicines (such as ORS)</p><p>vi. Essential Foods (dry food items, drinking water)</p><p><b>(ii)</b> These items are crucial to ensuring survival and maintaining basic necessities during flood situations.</p><p><b>(iii)</b></p><p>i. It is recommended to move to safe areas along with your family members.</p><p>ii. To move to safe areas such as relief camps, evacuation centers, or elevated grounds where shelter can be taken.</p><p>iii. Additionally, individuals should turn off power and gas connections before leaving their houses to prevent potential hazards.</p>"
                    },
                    "question_type": "Case-based Subjective",
                    "difficulty_level": "medium",
                    "explanation_html": null
                  }
                ]
              },
              {
                "chapter_name": "Federalism",
                "questions": [
                  {
                    "question_no": "36",
                    "question_html": "<p>Read the following source carefully and answer the questions that follow :</p><h6>LOCAL GOVERNMENT</h6><p>This new system of local government is the largest experiment in democracy conducted anywhere in the world. There are now about 36 lakh elected representatives in the panchayats and municipalities etc., all over the country. This number is bigger than the population of many countries in the world. Constitutional status for local government has helped to deepen democracy in our country. It has also increased women's representation and voice in our democracy. At the same time, there are many difficulties. While elections are held regularly and enthusiastically, gram sabhas are not held regularly. Most state governments have not transferred significant powers to the local governments. Nor have they given adequate resources. We are thus still a long way from realising the ideal of self-government.</p><p><b>(i)</b> Analyse the significance of the elected representatives in the Panchayats.</p><p><b>(ii)</b> In what way has the representation of women in democracy influenced by Constitutional status for local government ?</p><p><b>(iii)</b> What has been the impact of granting Constitutional status to local government on the democratic landscape of the country? Analyse any two impacts.</p>",
                    "options": [],
                    "correct_answer": {
                      "text": "<p><b>(i)</b></p><p>i. The Large number of elected representatives in panchayats and municipalities signifies the extensive scale of the democratic experiment in India.</p><p>ii. Large number of problems and issues are settled at the local level.</p><p>iii. Direct participation of people in the decision making and socio-political participation process.</p><p><b>(ii)</b></p><p>i. It deepens democracy.</p><p>ii. Constitutional status for local government has led to increased representation and voice of women in democracy.</p><p>iii. It promotes inclusivity</p><p>iv. It promotes gender equality.</p><p><b>(iii)</b></p><p>i. Granting constitutional status to local government is described as having deepened democracy in the country.</p><p>ii. It has also enhanced women's representation and women's participation in the democratic process.</p><p>iii. This constitutional recognition has played a role in empowering grassroots governance.</p><p>iv. It promotes inclusive decision – making.</p>"
                    },
                    "question_type": "Case-based Subjective",
                    "difficulty_level": "medium",
                    "explanation_html": null
                  }
                ]
              },
              {
                "chapter_name": "Map Work (For Visually Impaired Candidates)",
                "questions": [
                  {
                    "question_no": "37",
                    "question_html": "<p><em>Note : The following questions are for Visually Impaired Candidates only in Lieu of Q. No. 37.</em></p><p><b>(i)</b> (a) The place where Mahatma Gandhi broke the salt law.<br>(b) The place where Session of Indian National Congress was held in 1927.</p><p><b>(ii)</b> (a) Hirakud – Dam<br>(b) Mumbai – Software Technology Park<br>(c) Raja Sansi – International Airport<br>(d) Naraura – Nuclear Power Plant</p>",
                    "images": [
                      {
                        "url": "https://img.testbuddyai.com/SocialScience-32-1-24-Q37.png"
                      }
                    ],
                    "options": [],
                    "correct_answer": {
                      "text": "<p><b>(i)</b> (a) Dandi</p><p>(b) Madras/Chennai</p><p><b>(ii)</b> (a) Hirakud Dam is located in the state of Odisha.</p><p>(b) Mumbai Software Technology Park is located in the state of Maharashtra.</p><p>(c) Raja Sansi International Airport is located in Amritsar, Punjab.</p><p>(d) Naraura Nuclear Power Plant is located in Uttar Pradesh.</p>"
                    },
                    "question_type": "Short Answer (3 marks)",
                    "difficulty_level": "easy",
                    "explanation_html": null
                  }
                ]
              }
            ]
          }
        ]
      }
    ]
  }
]