[
  {
    "exam_name_actual": "CBSE Board - Class 12 - Science",
    "main_exam_id_name_ref": "CBSE Board - Class 12 - Science",
    "years": [
      {
        "year": "2022",
        "papers_or_subjects": [
          {
            "paper_name": "CBSE Class 12 Science (Chemistry) Paper 2022 (QP Code: 56/5/1)",
            "subject_name": "Chemistry",
            "chapters": [
              {
                "chapter_name": "Chemical Kinetics",
                "questions": [
                  {
                    "question_no": 1,
                    "question_html": "<p>Answer the following questions (Do any two) :</p><p>(a) Identify the order of reaction from the following unit for its rate constant :<br>Lmol<sup>-1</sup>s<sup>-1</sup></p><p>(b) The conversion of molecules A to B follow second order kinetics. If concentration of A is increased to three times, how will it affect the rate of formation of B?</p><p>(c) Write the expression of integrated rate equation for zero order reaction.</p>",
                    "options": [],
                    "correct_answer": {
                      "text": "<p>(a) Second order</p><p>(b) The rate of formation of B will increase by nine times.</p><p>(c) k = ([R]₀ - [R]) / t</p>"
                    },
                    "question_type": "Very Short Answer (2 marks)",
                    "difficulty_level": "easy",
                    "explanation_html": null
                  }
                ]
              },
              {
                "chapter_name": "Aldehydes, Ketones and Carboxylic Acids",
                "questions": [
                  {
                    "question_no": 2,
                    "question_html": "<p>Arrange the following in the increasing order of their property indicated :</p><p>(a) Ethanal, Propanone, Propanal, Butanone (reactivity towards nucleophilic addition)</p><p>(b) 4-Nitrobenzoic acid, benzoic acid, 3,4-Dinitrobenzoic acid, 4-Methoxy benzoic acid (Acid strength)</p>",
                    "options": [],
                    "correct_answer": {
                      "text": "<p>(a) Butanone < Propanone < Propanal < Ethanal</p><p>(b) 4-Methoxybenzoic acid < Benzoic acid < 4-Nitrobenzoic acid < 3,4-Dinitrobenzoic acid.</p>"
                    },
                    "question_type": "Very Short Answer (2 marks)",
                    "difficulty_level": "medium",
                    "explanation_html": null
                  }
                ]
              },
              {
                "chapter_name": "Aldehydes, Ketones and Carboxylic Acids",
                "questions": [
                  {
                    "question_no": 3,
                    "question_html": "<p>Explain the following reactions :</p><p>(a) Wolff Kishner reduction</p><p>(b) Cannizzaro reaction</p>",
                    "options": [],
                    "correct_answer": {
                      "text": "<p>(a) <b>Wolff Kishner reduction:</b> Aldehydes and ketones are reduced to corresponding alkanes on treatment with hydrazine followed by heating with sodium or potassium hydroxide in a high boiling solvent such as ethylene glycol.</p><p>(b) <b>Cannizzaro reaction:</b> Aldehydes which do not have an α-hydrogen atom, undergo self oxidation and reduction (disproportionation) reaction on heating with concentrated alkali. In this reaction, one molecule of the aldehyde is reduced to alcohol while another is oxidised to carboxylic acid salt.</p>"
                    },
                    "question_type": "Very Short Answer (2 marks)",
                    "difficulty_level": "medium",
                    "explanation_html": null
                  }
                ]
              },
              {
                "chapter_name": "Chemical Kinetics",
                "questions": [
                  {
                    "question_no": 4,
                    "question_html": "<p>Observe the graph shown in figure and answer the following questions :</p><p>(a) What is the order of the reaction ?</p><p>(b) What is the slope of the curve?</p><p>(c) Write the relationship between k and t<sub>1/2</sub> (half life period)</p>",
                    "images": [
                      {
                        "url": "https://img.testbuddyai.com/Chem-56-5-22-Q4.png"
                      }
                    ],
                    "options": [],
                    "correct_answer": {
                      "text": "<p>(a) First order</p><p>(b) Slope = k / 2.303</p><p>(c) k = 0.693 / t<sub>1/2</sub></p>"
                    },
                    "question_type": "Short Answer (3 marks)",
                    "difficulty_level": "medium",
                    "explanation_html": null
                  }
                ]
              },
              {
                "chapter_name": "Coordination Compounds",
                "questions": [
                  {
                    "question_no": 5,
                    "question_html": "<p>(a) (i) Write the IUPAC name of the following complex : K<sub>2</sub>[PdCl<sub>4</sub>]</p><p>(ii) Using crystal field theory, write the electronic configuration of d<sup>4</sup> ion, if Δ<sub>o</sub> > P.</p><p>(iii) What are Homoleptic complexes?</p><p><b>OR</b></p><p>(b) (i) Why chelate complexes are more stable than complexes with unidentate ligands ?</p><p>(ii) What is \"spectrochemical series\"? What is the difference between a weak field ligand and a strong field ligand ?</p>",
                    "options": [],
                    "correct_answer": {
                      "text": "<p>(a) (i) Potassium tetrachloridopalladate (II)</p><p>(ii) t<sub>2g</sub><sup>4</sup> e<sub>g</sub><sup>0</sup></p><p>(iii) <b>Homoleptic complexes:</b> These are the complexes in which the metal atom/ion is bound to only one kind of donor group or ligand.</p><p><b>OR</b></p><p>(b) (i) Chelate complexes are more stable due to the chelate effect. When a bidentate or polydentate ligand binds to a metal ion, it forms a ring structure, which is more stable than a complex formed with unidentate ligands. The formation of these rings leads to an increase in entropy, which makes the complex formation process more favorable.</p><p>(ii) <b>Spectrochemical series:</b> It is a series in which ligands are arranged in the order of increasing field strength or their ability to cause d-orbital splitting.<br><b>Difference between weak and strong field ligand:</b></p><table><thead><tr><th>Weak Field Ligand</th><th>Strong Field Ligand</th></tr></thead><tbody><tr><td>Causes small splitting of d-orbitals (Δ<sub>o</sub> < P).</td><td>Causes large splitting of d-orbitals (Δ<sub>o</sub> > P).</td></tr><tr><td>Does not favor pairing of electrons.</td><td>Favors pairing of electrons.</td></tr></tbody></table>"
                    },
                    "question_type": "Short Answer (3 marks)",
                    "difficulty_level": "medium",
                    "explanation_html": null
                  }
                ]
              },
              {
                "chapter_name": "Electrochemistry",
                "questions": [
                  {
                    "question_no": 6,
                    "question_html": "<p>(a) (i) Define coagulation.</p><p>(ii) State Hardy-Schulze rule.</p><p>(iii) What is Electrophoresis?</p><p><b>OR</b></p><p>(b) Write three differences between Physisorption and Chemisorption.</p>",
                    "options": [],
                    "correct_answer": {
                      "text": "<p>(a) (i) <b>Coagulation:</b> It is the process of settling of colloidal particles or the conversion of a colloidal sol into a precipitate.</p><p>(ii) <b>Hardy-Schulze rule:</b> The greater the valency of the flocculating ion (the ion carrying charge opposite to that of the colloidal particles), the greater is its power to cause coagulation.</p><p>(iii) <b>Electrophoresis:</b> It is the movement of colloidal particles under the influence of an applied electric field.</p><p><b>OR</b></p><p>(b) Differences between Physisorption and Chemisorption:</p><table><thead><tr><th>Basis</th><th>Physisorption</th><th>Chemisorption</th></tr></thead><tbody><tr><td>Forces</td><td>Arises from weak van der Waals forces.</td><td>Involves formation of strong chemical bonds.</td></tr><tr><td>Reversibility</td><td>It is a reversible process.</td><td>It is an irreversible process.</td></tr><tr><td>Layers</td><td>It results in multimolecular layers.</td><td>It results in a unimolecular layer.</td></tr></tbody></table>"
                    },
                    "question_type": "Short Answer (3 marks)",
                    "difficulty_level": "medium",
                    "explanation_html": null
                  }
                ]
              },
              {
                "chapter_name": "The d- and f-Block Elements",
                "questions": [
                  {
                    "question_no": 7,
                    "question_html": "<p>(a) Write any two consequences of Lanthanoid Contraction.</p><p>(b) Name the element of 3d series which exhibits the largest number of oxidation states. Give reason.</p>",
                    "options": [],
                    "correct_answer": {
                      "text": "<p>(a) Two consequences of Lanthanoid Contraction are:</p><ol><li><b>Similarity in atomic sizes:</b> The atomic radii of the second (4d) and third (5d) transition series are almost identical. For example, Zr (160 pm) and Hf (159 pm).</li><li><b>Difficulty in separation:</b> Due to the similar chemical properties and ionic radii, the separation of lanthanoids from each other in their pure state is very difficult.</li></ol><p>(b) <b>Manganese (Mn)</b> exhibits the largest number of oxidation states in the 3d series. This is because it has the maximum number of unpaired electrons (3d<sup>5</sup>4s<sup>2</sup>) and it can use all its (n-1)d and ns electrons for bonding.</p>"
                    },
                    "question_type": "Short Answer (3 marks)",
                    "difficulty_level": "medium",
                    "explanation_html": null
                  }
                ]
              },
              {
                "chapter_name": "Electrochemistry",
                "questions": [
                  {
                    "question_no": 8,
                    "question_html": "<p>Give reasons for the following statements :</p><p>(a) Copper does not displace hydrogen from acids.</p><p>(b) Transition metals and most of their compounds show paramagnetic behaviour.</p><p>(c) Zn, Cd and Hg are soft metals.</p>",
                    "options": [],
                    "correct_answer": {
                      "text": "<p>(a) Copper does not displace hydrogen from acids because it has a positive standard electrode potential (E° = +0.34 V). This indicates that copper is less reactive than hydrogen and cannot reduce H<sup>+</sup> ions to H<sub>2</sub> gas.</p><p>(b) Transition metals and their compounds show paramagnetic behaviour due to the presence of one or more unpaired electrons in their (n-1)d orbitals. These unpaired electrons create a magnetic moment, causing the substance to be attracted to an external magnetic field.</p><p>(c) Zn, Cd, and Hg are soft metals because they have fully filled d-orbitals (d<sup>10</sup> configuration). This results in weak metallic bonding and a low enthalpy of atomization, making them soft compared to other transition metals.</p>"
                    },
                    "question_type": "Short Answer (3 marks)",
                    "difficulty_level": "medium",
                    "explanation_html": null
                  }
                ]
              },
              {
                "chapter_name": "Amines",
                "questions": [
                  {
                    "question_no": 9,
                    "question_html": "<p>(a) Account for the following :</p><p>(i) pk<sub>b</sub> of aniline is more than that of methylamine.</p><p>(ii) Aniline does not undergo Friedel-Crafts reaction.</p><p>(iii) Primary amines have higher boiling points than tertiary amines.</p><p><b>OR</b></p><p>(b) (i) Arrange the following compounds in the increasing order of their basic strength in aqueous solution :<br>CH<sub>3</sub>NH<sub>2</sub>, (CH<sub>3</sub>)<sub>3</sub>N, (CH<sub>3</sub>)<sub>2</sub>NH</p><p>(ii) What is Hinsberg's reagent ?</p><p>(iii) What is the role of pyridine in the acylation reaction of amines?</p>",
                    "options": [],
                    "correct_answer": {
                      "text": "<p>(a) (i) The pK<sub>b</sub> of aniline is more than that of methylamine because aniline is a weaker base. The lone pair of electrons on the nitrogen atom in aniline is delocalized over the benzene ring due to resonance, making it less available for protonation. In contrast, the methyl group in methylamine is electron-donating, which increases the electron density on the nitrogen atom and makes it a stronger base.</p><p>(ii) Aniline does not undergo Friedel-Crafts reaction because it is a Lewis base and reacts with the Lewis acid catalyst (like AlCl<sub>3</sub>) to form a salt. This deactivates the benzene ring towards electrophilic substitution.</p><p>(iii) Primary amines have higher boiling points than tertiary amines due to the presence of intermolecular hydrogen bonding between the molecules of primary amines. Tertiary amines cannot form hydrogen bonds with each other as they have no hydrogen atom attached to the nitrogen atom.</p><p><b>OR</b></p><p>(b) (i) The increasing order of basic strength in aqueous solution is: (CH<sub>3</sub>)<sub>3</sub>N < CH<sub>3</sub>NH<sub>2</sub> < (CH<sub>3</sub>)<sub>2</sub>NH</p><p>(ii) Hinsberg's reagent is benzenesulphonyl chloride (C<sub>6</sub>H<sub>5</sub>SO<sub>2</sub>Cl).</p><p>(iii) In the acylation reaction of amines, pyridine is used as a base to remove the HCl formed during the reaction, which shifts the equilibrium to the right and facilitates the reaction.</p>"
                    },
                    "question_type": "Short Answer (3 marks)",
                    "difficulty_level": "hard",
                    "explanation_html": null
                  }
                ]
              },
              {
                "chapter_name": "Amines",
                "questions": [
                  {
                    "question_no": 10,
                    "question_html": "<p>A compound 'A' on reduction with iron scrap and hydrochloric acid gives compound 'B' with molecular formula C<sub>6</sub>H<sub>7</sub>N. Compound 'B' on reaction with CHCl<sub>3</sub> and alcoholic KOH produces an obnoxious smell of carbylamine due to the formation of 'C'. Identify 'A', ‘B’and 'C' and write the chemical reactions involved.</p>",
                    "options": [],
                    "correct_answer": {
                      "text": "<p><b>Identification:</b></p><ul><li><b>Compound 'A'</b> is Nitrobenzene (C<sub>6</sub>H<sub>5</sub>NO<sub>2</sub>).</li><li><b>Compound 'B'</b> is Aniline (C<sub>6</sub>H<sub>5</sub>NH<sub>2</sub>).</li><li><b>Compound 'C'</b> is Phenylisocyanide (C<sub>6</sub>H<sub>5</sub>NC).</li></ul><p><b>Chemical Reactions:</b></p><ol><li><b>Formation of B from A:</b> Nitrobenzene is reduced to aniline using iron scrap and hydrochloric acid.</li><li><b>Formation of C from B (Carbylamine reaction):</b> Aniline reacts with chloroform (CHCl<sub>3</sub>) and alcoholic potassium hydroxide (KOH) to form phenylisocyanide.</li></ol>"
                    },
                    "question_type": "Short Answer (3 marks)",
                    "difficulty_level": "medium",
                    "explanation_html": null
                  }
                ]
              },
              {
                "chapter_name": "Aldehydes, Ketones and Carboxylic Acids",
                "questions": [
                  {
                    "question_no": 11,
                    "question_html": "<p>(a) Complete the following :<br>(i) CH<sub>3</sub>CN --(1. AlH(i-Bu)<sub>2</sub> / 2. H<sub>2</sub>O)--> 'A' --(H<sub>2</sub>N-OH / H<sup>+</sup>)--> 'B'<br>(ii) Write IUPAC name of the following compound: 3-bromobenzaldehyde<br>(iii) Write chemical test to distinguish between the following compounds : Phenol and Benzoic acid</p><p><b>OR</b></p><p>(b) Convert the following :<br>(i) Benzoic acid to Benzaldehyde<br>(ii) Propan-1-ol to 2-Bromopropanoic acid<br>(iii) Acetaldehyde to But-2-enal</p>",
                    "options": [],
                    "correct_answer": {
                      "text": "<p>(a) (i) 'A' is Ethanal (CH<sub>3</sub>CHO) and 'B' is Ethanoxime (CH<sub>3</sub>CH=N-OH).<br>(ii) The IUPAC name is 3-Bromobenzaldehyde or 3-Bromobenzenecarbaldehyde.<br>(iii) <b>Sodium Bicarbonate Test:</b> Benzoic acid gives brisk effervescence with sodium bicarbonate solution due to the liberation of CO<sub>2</sub> gas, whereas phenol does not give this test.</p><p><b>OR</b></p><p>(b) (i) <b>Benzoic acid to Benzaldehyde (Rosenmund Reduction):</b> Benzoic acid is first converted to benzoyl chloride using SOCl₂, which is then reduced to benzaldehyde using H₂ in the presence of Pd-BaSO₄ catalyst.</p><p>(ii) <b>Propan-1-ol to 2-Bromopropanoic acid (HVZ Reaction):</b> Propan-1-ol is oxidized to propanoic acid using an oxidizing agent like alkaline KMnO₄. The propanoic acid then undergoes Hell-Volhard-Zelinsky reaction with Br₂ in the presence of red phosphorus to give 2-bromopropanoic acid.</p><p>(iii) <b>Acetaldehyde to But-2-enal (Aldol Condensation):</b> Two molecules of acetaldehyde undergo aldol condensation in the presence of a dilute base (like NaOH) to form 3-hydroxybutanal, which on heating dehydrates to form But-2-enal.</p>"
                    },
                    "question_type": "Short Answer (3 marks)",
                    "difficulty_level": "hard",
                    "explanation_html": null
                  }
                ]
              },
              {
                "chapter_name": "Electrochemistry",
                "questions": [
                  {
                    "question_no": 12,
                    "question_html": "<p>Read the passage given below and answer the questions that follow :</p><p>Oxidation-reduction reactions are commonly known as redox reactions. They involve transfer of electrons from one species to another. In a spontaneous reaction, energy is released which can be used to do useful work. The reaction is split into two half reactions. Two different containers are used and a wire is used to drive the electrons from one side to the other and a Voltaic/Galvanic cell is created. It is an electrochemical cell that uses spontaneous redox reactions to generate electricity. A salt bridge also connects to the half cells. The reading of the voltmeter gives the cell voltage or cell potential or electromotive force. If E°<sub>cell</sub> is positive the reaction is spontaneous and if it is negative the reaction is non-spontaneous and is referred to as electrolytic cell. Electrolysis refers to the decomposition of a substance by an electric current. One mole of electric charge when passed through a cell will discharge half a mole of a divalent metal ion such as Cu<sup>2+</sup>. This was first formulated by Faraday in the form of laws of electrolysis.</p><p>The conductance of material is the property of materials due to which a material allows the flow of ions through itself and thus conducts electricity. Conductivity is represented by k and it depends upon nature and concentration of electrolyte, temperature etc. A more common term molar conductivity of a solution at a given concentration is conductance of the volume of solution containing one mole of electrolyte kept between two electrodes with the unit area of cross-section and distance of unit length. Limiting molar conductivity of weak electrolytes cannot be obtained graphically.</p><p>(a) Is silver plate the anode or cathode?</p><p>(b) What will happen if the salt bridge is removed?</p><p>(c) When does electrochemical cell behaves like an electrolytic cell?</p><p>(d) (i) What will happen to the concentration of Zn<sup>2+</sup> and Ag<sup>+</sup> when E<sub>cell</sub> = 0.</p><p>(ii) Why does conductivity of a solution decreases with dilution?</p><p><b>OR</b></p><p>(d) The molar conductivity of a 1.5 M solution of an electrolyte is found to be 138.9 S cm<sup>2</sup> mol<sup>-1</sup>. Calculate the conductivity of this solution.</p>",
                    "images": [
                      {
                        "url": "https://img.testbuddyai.com/Chem-56-5-22-Q12.png"
                      }
                    ],
                    "options": [],
                    "correct_answer": {
                      "text": "<p>(a) The silver plate acts as the cathode, as reduction occurs at the silver electrode (Ag<sup>+</sup> + e<sup>-</sup> → Ag).</p><p>(b) If the salt bridge is removed, the cell will stop working. The flow of current will cease as the electrical neutrality of the two half-cell solutions will be disturbed.</p><p>(c) An electrochemical cell behaves like an electrolytic cell when an external potential greater than its cell potential (E<sub>ext</sub> > E<sub>cell</sub>) is applied.</p><p>(d) (i) When E<sub>cell</sub> = 0, the cell reaction attains equilibrium. The concentrations of Zn<sup>2+</sup> and Ag<sup>+</sup> ions will not change further.</p><p>(ii) The conductivity of a solution decreases with dilution because the number of ions per unit volume that carry the current decreases.</p><p><b>OR</b></p><p>(d) Given:<br>Molar conductivity (Λ<sub>m</sub>) = 138.9 S cm<sup>2</sup> mol<sup>-1</sup><br>Molarity (M) = 1.5 M<br>We know that, Λ<sub>m</sub> = (κ × 1000) / M<br>where κ is the conductivity.<br>Rearranging the formula for conductivity:<br>κ = (Λ<sub>m</sub> × M) / 1000<br>κ = (138.9 × 1.5) / 1000<br>κ = 208.35 / 1000<br>κ = 0.20835 S cm<sup>-1</sup></p>"
                    },
                    "question_type": "Case-based Subjective",
                    "difficulty_level": "hard",
                    "explanation_html": null
                  }
                ]
              }
            ]
          }
        ]
      }
    ]
  }
]