[
  {
    "exam_name_actual": "CBSE Board - Class 12 - Science",
    "main_exam_id_name_ref": "CBSE Board - Class 12 - Science",
    "years": [
      {
        "year": "2025",
        "papers_or_subjects": [
          {
            "paper_name": "CBSE Class 12 Science (Physics) Paper 2025 (QP Code: 55/6/1)",
            "subject_name": "Physics",
            "chapters": [
              {
                "chapter_name": "Current Electricity",
                "questions": [
                  {
                    "question_no": 1,
                    "question_html": "<p>The figure shows the voltage (V) versus the current (I) graphs for a wire at two temperatures T₁ and T₂. One can conclude that :</p>",
                    "images": [
                      {
                        "url": "https://img.testbuddyai.com/Phy-55-6-25-Q1.png"
                      }
                    ],
                    "options": [
                      {
                        "id": "a",
                        "text": "T₂ = 2T₁"
                      },
                      {
                        "id": "b",
                        "text": "T₁ > T₂"
                      },
                      {
                        "id": "c",
                        "text": "T₁ = T₂ / 3"
                      },
                      {
                        "id": "d",
                        "text": "T₁ < T₂"
                      }
                    ],
                    "correct_answer": {
                      "ids": [
                        "d"
                      ]
                    },
                    "question_type": "mcq_single",
                    "difficulty_level": "medium",
                    "explanation_html": "<p>The slope of the V-I graph represents the resistance (R = V/I). For a metallic conductor, resistance increases with an increase in temperature. From the graph, the slope for T₂ is greater than the slope for T₁, which means R₂ > R₁. Therefore, it can be concluded that T₂ > T₁ or T₁ < T₂.</p>"
                  }
                ]
              },
              {
                "chapter_name": "Current Electricity",
                "questions": [
                  {
                    "question_no": 2,
                    "question_html": "<p>If Rₛ and Rₚ are the equivalent resistances of n resistors, each of value R, in series and parallel combinations respectively, then the value of (Rₛ – Rₚ) is :</p>",
                    "options": [
                      {
                        "id": "a",
                        "text": "(n² - 1 / n²) R"
                      },
                      {
                        "id": "b",
                        "text": "(n² + 1 / n² - 1) R"
                      },
                      {
                        "id": "c",
                        "text": "(n² - 1 / n) R"
                      },
                      {
                        "id": "d",
                        "text": "((n² + 1) R) / n²"
                      }
                    ],
                    "correct_answer": {
                      "ids": [
                        "c"
                      ]
                    },
                    "question_type": "mcq_single",
                    "difficulty_level": "medium",
                    "explanation_html": "<p>For n resistors in series, the equivalent resistance is Rₛ = nR.<br>For n resistors in parallel, the equivalent resistance is Rₚ = R/n.<br>The difference is Rₛ – Rₚ = nR - R/n = R(n - 1/n) = R(n²-1)/n.</p>"
                  }
                ]
              },
              {
                "chapter_name": "Moving Charges and Magnetism",
                "questions": [
                  {
                    "question_no": 3,
                    "question_html": "<p>The value of magnetic field at point O in the given figure is :</p>",
                    "images": [
                      {
                        "url": "https://img.testbuddyai.com/Phy-55-6-25-Q3.png"
                      }
                    ],
                    "options": [
                      {
                        "id": "a",
                        "text": "μ₀I / 2πR"
                      },
                      {
                        "id": "b",
                        "text": "μ₀I / πR"
                      },
                      {
                        "id": "c",
                        "text": "μ₀I / 4R"
                      },
                      {
                        "id": "d",
                        "text": "μ₀I / R"
                      }
                    ],
                    "correct_answer": {
                      "ids": [
                        "c"
                      ]
                    },
                    "question_type": "mcq_single",
                    "difficulty_level": "easy",
                    "explanation_html": "<p>The magnetic field at point O is due to the two straight wire segments and the semicircular arc. The magnetic field at O due to the straight segments is zero because O lies on the axis of these wires. The magnetic field at the center of a full circular loop is μ₀I / 2R. For a semicircular loop, the field is half of that, which is μ₀I / 4R.</p>"
                  }
                ]
              },
              {
                "chapter_name": "Magnetism and Matter",
                "questions": [
                  {
                    "question_no": 4,
                    "question_html": "<p>A piece of a diamagnetic material, free to move when placed in a uniform magnetic field :</p>",
                    "options": [
                      {
                        "id": "a",
                        "text": "moves along the field"
                      },
                      {
                        "id": "b",
                        "text": "moves opposite to the field"
                      },
                      {
                        "id": "c",
                        "text": "moves perpendicular to the field"
                      },
                      {
                        "id": "d",
                        "text": "does not move at all"
                      }
                    ],
                    "correct_answer": {
                      "ids": [
                        "d"
                      ]
                    },
                    "question_type": "mcq_single",
                    "difficulty_level": "medium",
                    "explanation_html": "<p>In a uniform magnetic field, a diamagnetic material experiences no net translational force. It only experiences a torque that tends to align its magnetic moment against the field. Since there is no net force, it will not exhibit any translational movement.</p>"
                  }
                ]
              },
              {
                "chapter_name": "Moving Charges and Magnetism",
                "questions": [
                  {
                    "question_no": 5,
                    "question_html": "<p>A galvanometer can be converted into an ammeter of desired range by connecting a :</p>",
                    "options": [
                      {
                        "id": "a",
                        "text": "small resistance in series"
                      },
                      {
                        "id": "b",
                        "text": "large resistance in series"
                      },
                      {
                        "id": "c",
                        "text": "small resistance in parallel"
                      },
                      {
                        "id": "d",
                        "text": "large resistance in parallel"
                      }
                    ],
                    "correct_answer": {
                      "ids": [
                        "c"
                      ]
                    },
                    "question_type": "mcq_single",
                    "difficulty_level": "easy",
                    "explanation_html": "<p>To convert a galvanometer into an ammeter, a low resistance, called a shunt, is connected in parallel with the galvanometer. This allows most of the current to bypass the galvanometer, enabling the measurement of larger currents without damaging the instrument.</p>"
                  }
                ]
              },
              {
                "chapter_name": "Moving Charges and Magnetism",
                "questions": [
                  {
                    "question_no": 6,
                    "question_html": "<p>A proton and an α-particle enter with the same velocity v⃗ in a uniform magnetic field B⃗ such that v⃗ ⊥ B⃗ . The ratio of the radii of their paths is :</p>",
                    "options": [
                      {
                        "id": "a",
                        "text": "2"
                      },
                      {
                        "id": "b",
                        "text": "1/2"
                      },
                      {
                        "id": "c",
                        "text": "1/4"
                      },
                      {
                        "id": "d",
                        "text": "4"
                      }
                    ],
                    "correct_answer": {
                      "ids": [
                        "b"
                      ]
                    },
                    "question_type": "mcq_single",
                    "difficulty_level": "medium",
                    "explanation_html": "<p>The radius of the circular path of a charged particle in a magnetic field is given by r = mv / qB. Let m_p and q_p be the mass and charge of the proton, and m_α and q_α be for the alpha particle. We know m_α = 4m_p and q_α = 2q_p. The ratio of the radii is r_p / r_α = (m_p v / q_p B) / (m_α v / q_α B) = (m_p / q_p) * (q_α / m_α) = (m_p / q_p) * (2q_p / 4m_p) = 2/4 = 1/2.</p>"
                  }
                ]
              },
              {
                "chapter_name": "Electromagnetic Induction",
                "questions": [
                  {
                    "question_no": 7,
                    "question_html": "<p>A vertically held bar magnet is dropped along the axis of a copper ring having a cut as shown in the diagram. The acceleration of the falling magnet is :</p>",
                    "images": [
                      {
                        "url": "https://img.testbuddyai.com/Phy-55-6-25-Q7.png"
                      }
                    ],
                    "options": [
                      {
                        "id": "a",
                        "text": "zero"
                      },
                      {
                        "id": "b",
                        "text": "less than g"
                      },
                      {
                        "id": "c",
                        "text": "g"
                      },
                      {
                        "id": "d",
                        "text": "greater than g"
                      }
                    ],
                    "correct_answer": {
                      "ids": [
                        "c"
                      ]
                    },
                    "question_type": "mcq_single",
                    "difficulty_level": "medium",
                    "explanation_html": "<p>According to Lenz's law, an induced current would oppose the motion of the magnet. However, because the copper ring has a cut, a continuous induced current cannot flow. Without an induced current, there is no opposing magnetic force. Therefore, the magnet falls freely under gravity, and its acceleration is equal to g.</p>"
                  }
                ]
              },
              {
                "chapter_name": "Alternating Current",
                "questions": [
                  {
                    "question_no": 8,
                    "question_html": "<p>An ac source is connected to a resistor and an inductor in series. The voltage across the resistor and inductor are 8 V and 6 V respectively. The voltage of the source is :</p>",
                    "options": [
                      {
                        "id": "a",
                        "text": "10 V"
                      },
                      {
                        "id": "b",
                        "text": "12 V"
                      },
                      {
                        "id": "c",
                        "text": "14 V"
                      },
                      {
                        "id": "d",
                        "text": "16 V"
                      }
                    ],
                    "correct_answer": {
                      "ids": [
                        "a"
                      ]
                    },
                    "question_type": "mcq_single",
                    "difficulty_level": "easy",
                    "explanation_html": "<p>In a series RL circuit, the voltage across the resistor (V_R) and the inductor (V_L) are out of phase by 90°. The total voltage of the source (V) is the phasor sum of V_R and V_L. Therefore, V = √(V_R² + V_L²) = √(8² + 6²) = √(64 + 36) = √100 = 10 V.</p>"
                  }
                ]
              },
              {
                "chapter_name": "Wave Optics",
                "questions": [
                  {
                    "question_no": 9,
                    "question_html": "<p>Two coherent waves, each of intensity I₀, produce interference pattern on a screen. The average intensity of light on the screen is :</p>",
                    "options": [
                      {
                        "id": "a",
                        "text": "zero"
                      },
                      {
                        "id": "b",
                        "text": "I₀"
                      },
                      {
                        "id": "c",
                        "text": "2I₀"
                      },
                      {
                        "id": "d",
                        "text": "4I₀"
                      }
                    ],
                    "correct_answer": {
                      "ids": [
                        "c"
                      ]
                    },
                    "question_type": "mcq_single",
                    "difficulty_level": "medium",
                    "explanation_html": "<p>The resultant intensity at any point is given by I = I₁ + I₂ + 2√(I₁I₂)cos(φ). Here, I₁ = I₂ = I₀. So, I = 2I₀ + 2I₀cos(φ). The average value of cos(φ) over a complete cycle or over the entire screen is zero. Therefore, the average intensity is I_avg = 2I₀.</p>"
                  }
                ]
              },
              {
                "chapter_name": "Dual Nature of Radiation and Matter",
                "questions": [
                  {
                    "question_no": 10,
                    "question_html": "<p>The work function of a material is 2.21 eV. Which of the following cannot produce photoelectrons from it ?</p>",
                    "options": [
                      {
                        "id": "a",
                        "text": "Red light"
                      },
                      {
                        "id": "b",
                        "text": "Blue light"
                      },
                      {
                        "id": "c",
                        "text": "Violet light"
                      },
                      {
                        "id": "d",
                        "text": "Green light"
                      }
                    ],
                    "correct_answer": {
                      "ids": [
                        "a"
                      ]
                    },
                    "question_type": "mcq_single",
                    "difficulty_level": "medium",
                    "explanation_html": "<p>For photoemission to occur, the energy of the incident photon (E = hν) must be greater than or equal to the work function (φ = 2.21 eV). Among the given options in the visible spectrum, red light has the longest wavelength and therefore the lowest frequency and energy. The approximate energy of red light is 1.65-2.0 eV, which is less than the work function of 2.21 eV. The other colors (green, blue, violet) have higher energies and can cause photoemission.</p>"
                  }
                ]
              },
              {
                "chapter_name": "Dual Nature of Radiation and Matter",
                "questions": [
                  {
                    "question_no": 11,
                    "question_html": "<p>The momentum (in kg m/s) of a photon of frequency 6.0 × 10¹⁴ Hz is :</p>",
                    "options": [
                      {
                        "id": "a",
                        "text": "6.63 × 10⁻²⁵"
                      },
                      {
                        "id": "b",
                        "text": "1.326 × 10⁻²⁷"
                      },
                      {
                        "id": "c",
                        "text": "2.652 × 10⁻²⁶"
                      },
                      {
                        "id": "d",
                        "text": "3.978 × 10⁻²⁴"
                      }
                    ],
                    "correct_answer": {
                      "ids": [
                        "b"
                      ]
                    },
                    "question_type": "mcq_single",
                    "difficulty_level": "easy",
                    "explanation_html": "<p>The momentum of a photon is given by p = E/c = hν/c. Using the given values: p = (6.63 × 10⁻³⁴ J·s × 6.0 × 10¹⁴ Hz) / (3.0 × 10⁸ m/s) = (6.63 × 2.0) × 10⁻²⁸ kg·m/s = 13.26 × 10⁻²⁸ kg·m/s = 1.326 × 10⁻²⁷ kg·m/s.</p>"
                  }
                ]
              },
              {
                "chapter_name": "Nuclei",
                "questions": [
                  {
                    "question_no": 12,
                    "question_html": "<p>Inside a nucleus, the nuclear forces between proton and proton, proton and neutron, neutron and neutron are Fpp, Fpn and Fnn respectively. Then :</p>",
                    "options": [
                      {
                        "id": "a",
                        "text": "Fpp > Fpn > Fnn"
                      },
                      {
                        "id": "b",
                        "text": "Fpn > Fnn > Fpp"
                      },
                      {
                        "id": "c",
                        "text": "Fnn > Fpp > Fpn"
                      },
                      {
                        "id": "d",
                        "text": "Fpp = Fpn = Fnn"
                      }
                    ],
                    "correct_answer": {
                      "ids": [
                        "d"
                      ]
                    },
                    "question_type": "mcq_single",
                    "difficulty_level": "easy",
                    "explanation_html": "<p>A fundamental property of the strong nuclear force is that it is charge-independent. This means the force is the same between any two nucleons, regardless of whether they are protons or neutrons. Therefore, neglecting the much weaker electrostatic repulsion between protons, the nuclear forces are approximately equal: Fpp ≈ Fpn ≈ Fnn.</p>"
                  }
                ]
              },
              {
                "chapter_name": "Ray Optics and Optical Instruments",
                "questions": [
                  {
                    "question_no": 13,
                    "question_html": "<p><b>Assertion (A) :</b> In a reflecting telescope, the image does not have chromatic aberration.<br><b>Reason (R) :</b> Chromatic aberration occurs only due to refraction of light through an optical medium.</p>",
                    "options": [
                      {
                        "id": "a",
                        "text": "Both Assertion (A) and Reason (R) are true and Reason (R) is the correct explanation of the Assertion (A)."
                      },
                      {
                        "id": "b",
                        "text": "Both Assertion (A) and Reason (R) are true, but Reason (R) is not the correct explanation of the Assertion (A)."
                      },
                      {
                        "id": "c",
                        "text": "Assertion (A) is true, but Reason (R) is false."
                      },
                      {
                        "id": "d",
                        "text": "Both Assertion (A) and Reason (R) are false."
                      }
                    ],
                    "correct_answer": {
                      "ids": [
                        "a"
                      ]
                    },
                    "question_type": "mcq_single",
                    "difficulty_level": "easy",
                    "explanation_html": "<p><b>Assertion (A) is true.</b> Reflecting telescopes use mirrors as their primary objective. Reflection follows the law of reflection where the angle of incidence equals the angle of reflection, a phenomenon that is independent of the wavelength of light. Thus, there is no dispersion and hence no chromatic aberration.<br><b>Reason (R) is true.</b> Chromatic aberration is caused by the dispersion of light as it passes through a refractive medium like a lens, where the refractive index varies with wavelength. <br>The reason correctly explains why reflecting telescopes are free from chromatic aberration.</p>"
                  }
                ]
              },
              {
                "chapter_name": "Semiconductor Electronics: Materials, Devices and Simple Circuits",
                "questions": [
                  {
                    "question_no": 14,
                    "question_html": "<p><b>Assertion (A) :</b> A hole is an apparent free particle with effective positive electronic charge.<br><b>Reason (R) :</b> A hole is not necessarily a vacancy left behind by an electron in the valence band.</p>",
                    "options": [
                      {
                        "id": "a",
                        "text": "Both Assertion (A) and Reason (R) are true and Reason (R) is the correct explanation of the Assertion (A)."
                      },
                      {
                        "id": "b",
                        "text": "Both Assertion (A) and Reason (R) are true, but Reason (R) is not the correct explanation of the Assertion (A)."
                      },
                      {
                        "id": "c",
                        "text": "Assertion (A) is true, but Reason (R) is false."
                      },
                      {
                        "id": "d",
                        "text": "Both Assertion (A) and Reason (R) are false."
                      }
                    ],
                    "correct_answer": {
                      "ids": [
                        "c"
                      ]
                    },
                    "question_type": "mcq_single",
                    "difficulty_level": "medium",
                    "explanation_html": "<p><b>Assertion (A) is true.</b> A hole is a conceptual particle representing the absence of an electron in the valence band. It moves in the opposite direction to an electron under an electric field, and thus behaves as if it has a positive charge.<br><b>Reason (R) is false.</b> A hole is, by definition, a vacancy created when an electron is excited from the valence band to a higher energy level, leaving a spot devoid of an electron.</p>"
                  }
                ]
              },
              {
                "chapter_name": "Atoms",
                "questions": [
                  {
                    "question_no": 15,
                    "question_html": "<p><b>Assertion (A) :</b> X-rays are produced when slow moving electrons are stopped by a metal target of high atomic number.<br><b>Reason (R) :</b> X-rays consist of low-energy photons.</p>",
                    "options": [
                      {
                        "id": "a",
                        "text": "Both Assertion (A) and Reason (R) are true and Reason (R) is the correct explanation of the Assertion (A)."
                      },
                      {
                        "id": "b",
                        "text": "Both Assertion (A) and Reason (R) are true, but Reason (R) is not the correct explanation of the Assertion (A)."
                      },
                      {
                        "id": "c",
                        "text": "Assertion (A) is true, but Reason (R) is false."
                      },
                      {
                        "id": "d",
                        "text": "Both Assertion (A) and Reason (R) are false."
                      }
                    ],
                    "correct_answer": {
                      "ids": [
                        "d"
                      ]
                    },
                    "question_type": "mcq_single",
                    "difficulty_level": "medium",
                    "explanation_html": "<p><b>Assertion (A) is false.</b> X-rays are produced when fast-moving, high-energy electrons are decelerated rapidly upon striking a target of high atomic number.<br><b>Reason (R) is false.</b> X-rays are a form of high-energy electromagnetic radiation, consisting of high-energy photons.</p>"
                  }
                ]
              },
              {
                "chapter_name": "Nuclei",
                "questions": [
                  {
                    "question_no": 16,
                    "question_html": "<p><b>Assertion (A) :</b> The binding energy per nucleon is practically constant for mass number in the range (30 < A < 170).<br><b>Reason (R) :</b> Nuclear forces between the nucleons for mass numbers in the range (30 < A < 170) are not short-range.</p>",
                    "options": [
                      {
                        "id": "a",
                        "text": "Both Assertion (A) and Reason (R) are true and Reason (R) is the correct explanation of the Assertion (A)."
                      },
                      {
                        "id": "b",
                        "text": "Both Assertion (A) and Reason (R) are true, but Reason (R) is not the correct explanation of the Assertion (A)."
                      },
                      {
                        "id": "c",
                        "text": "Assertion (A) is true, but Reason (R) is false."
                      },
                      {
                        "id": "d",
                        "text": "Both Assertion (A) and Reason (R) are false."
                      }
                    ],
                    "correct_answer": {
                      "ids": [
                        "c"
                      ]
                    },
                    "question_type": "mcq_single",
                    "difficulty_level": "medium",
                    "explanation_html": "<p><b>Assertion (A) is true.</b> The binding energy per nucleon curve shows that for nuclei with mass numbers roughly between 30 and 170, the binding energy per nucleon is nearly constant, at about 8.5 MeV.<br><b>Reason (R) is false.</b> This constancy is explained by the saturation property of nuclear forces, which is a consequence of them being very short-range. A nucleon only interacts with its immediate neighbors.</p>"
                  }
                ]
              },
              {
                "chapter_name": "Current Electricity",
                "questions": [
                  {
                    "question_no": 17,
                    "question_html": "<p>Find the equivalent resistance between points A and B for the network shown in the figure.</p>",
                    "images": [
                      {
                        "url": "https://img.testbuddyai.com/Phy-55-6-25-Q17.png"
                      }
                    ],
                    "options": [],
                    "correct_answer": {
                      "text": "<p>The given network is a balanced Wheatstone bridge. The central 5 Ω resistor is connected between two points of equal potential, so no current flows through it and it can be removed.<br>The upper branch then has two resistors in series: 5 Ω + 10 Ω = 15 Ω.<br>The middle branch has two resistors in series: 25 Ω + 20 Ω = 45 Ω.<br>The lower branch has two resistors in series: 15 Ω + 30 Ω = 45 Ω.<br>These three branches are in parallel between points C and B (assuming the junction between 1Ω and the bridge is C).<br>The equivalent resistance of the parallel combination is 1/R_CB = 1/15 + 1/45 + 1/45 = (3+1+1)/45 = 5/45 = 1/9. So, R_CB = 9 Ω.<br>Finally, the total equivalent resistance between A and B is the sum of the 1 Ω resistor and R_CB: R_eq = 1 Ω + 9 Ω = <b>10 Ω</b>.</p>"
                    },
                    "question_type": "Very Short Answer (2 marks)",
                    "difficulty_level": "medium",
                    "explanation_html": null
                  }
                ]
              },
              {
                "chapter_name": "Wave Optics",
                "questions": [
                  {
                    "question_no": 18,
                    "question_html": "<p>(a) Find the intensity at a point on the screen in Young’s double slit experiment, at which the interfering waves of intensity I₀ each, have a path difference of (i) λ/3, and (ii) λ/2.</p><p><b>OR</b></p><p>(b) A point source of light in air is kept at a distance of 12 cm in front of a convex spherical surface of glass of refractive index 1.5 and radius of curvature 30 cm. Find the nature and position of the image formed.</p>",
                    "options": [],
                    "correct_answer": {
                      "text": "<p><b>(a)</b> The intensity is given by I = 4I₀ cos²(φ/2), where φ = (2π/λ) × path difference.<br>(i) Path difference = λ/3. φ = (2π/λ) × (λ/3) = 2π/3.<br>I = 4I₀ cos²((2π/3)/2) = 4I₀ cos²(π/3) = 4I₀(1/2)² = <b>I₀</b>.<br>(ii) Path difference = λ/2. φ = (2π/λ) × (λ/2) = π.<br>I = 4I₀ cos²(π/2) = 4I₀(0)² = <b>0</b>.<br><br><b>OR</b></p><p><b>(b)</b> Using the formula for refraction at a spherical surface: (n₂/v) - (n₁/u) = (n₂ - n₁)/R.<br>Given: n₁=1 (air), n₂=1.5 (glass), u = -12 cm, R = +30 cm.<br>(1.5/v) - (1/(-12)) = (1.5 - 1)/30<br>1.5/v + 1/12 = 0.5/30 = 1/60<br>1.5/v = 1/60 - 1/12 = (1-5)/60 = -4/60 = -1/15<br>v = 1.5 × (-15) = <b>-22.5 cm</b>.<br>The negative sign indicates that the image is formed on the same side as the object. The nature of the image is <b>virtual and erect</b>.</p>"
                    },
                    "question_type": "Very Short Answer (2 marks)",
                    "difficulty_level": "medium",
                    "explanation_html": null
                  }
                ]
              },
              {
                "chapter_name": "Dual Nature of Radiation and Matter",
                "questions": [
                  {
                    "question_no": 19,
                    "question_html": "<p>A laser beam of frequency 3.0 × 10¹⁴ Hz produces average power of 9 mW. Find (i) the energy of photon of the beam, and (ii) the number of photons emitted per second on an average by the source.</p>",
                    "options": [],
                    "correct_answer": {
                      "text": "<p><b>(i) Energy of a photon (E):</b><br>E = hν, where h = 6.63 × 10⁻³⁴ J·s.<br>E = (6.63 × 10⁻³⁴) × (3.0 × 10¹⁴) = <b>1.99 × 10⁻¹⁹ J</b>.<br><br><b>(ii) Number of photons per second (N):</b><br>Power (P) = Total energy / time = N × E.<br>N = P/E. Given P = 9 mW = 9 × 10⁻³ W.<br>N = (9 × 10⁻³) / (1.99 × 10⁻¹⁹) ≈ <b>4.5 × 10¹⁶ photons/second</b>.</p>"
                    },
                    "question_type": "Very Short Answer (2 marks)",
                    "difficulty_level": "easy",
                    "explanation_html": null
                  }
                ]
              },
              {
                "chapter_name": "Ray Optics and Optical Instruments",
                "questions": [
                  {
                    "question_no": 20,
                    "question_html": "<p>A right angled isosceles glass prism ABC is kept in contact with an equilateral triangular prism DBC as shown in the figure. Both prisms are made of the same glass of refractive index 1.6. Trace the path of the ray MN incident normally on face AB as it passes through the combination.</p>",
                    "images": [
                      {
                        "url": "https://img.testbuddyai.com/Phy-55-6-25-Q20.png"
                      }
                    ],
                    "options": [],
                    "correct_answer": {
                      "text": "<p>The ray MN enters prism ABC normally, so it passes undeviated and strikes the face AC at an angle of incidence of 45°. The critical angle for this glass (n=1.6) is C = sin⁻¹(1/1.6) = sin⁻¹(0.625) ≈ 38.7°. Since the angle of incidence (45°) is greater than the critical angle, the ray undergoes total internal reflection at face AC. The reflected ray is perpendicular to AC and strikes face BC normally, so it passes undeviated into prism DBC. Inside prism DBC, it strikes face DC. The angle of incidence at face DC is 30°. This is less than the critical angle, so the ray refracts out into the air. The final ray will be bent away from the normal.</p>"
                    },
                    "question_type": "Very Short Answer (2 marks)",
                    "difficulty_level": "hard",
                    "explanation_html": null
                  }
                ]
              },
              {
                "chapter_name": "Semiconductor Electronics: Materials, Devices and Simple Circuits",
                "questions": [
                  {
                    "question_no": 21,
                    "question_html": "<p>In an n-type semiconductor electron-hole combination is a continuous process at room temperature. Yet the electron concentration is always greater than the hole concentration in it. Explain.</p>",
                    "options": [],
                    "correct_answer": {
                      "text": "<p>In an n-type semiconductor, there are two sources of conduction electrons: those generated intrinsically by breaking of covalent bonds (creating an electron-hole pair), and those contributed by the donor impurity atoms. In contrast, holes are generated only through the intrinsic process. Although electron-hole recombination is a continuous process, the rate of generation of electrons from the donor atoms far exceeds the rate of recombination. As a result, the equilibrium concentration of electrons remains significantly higher than the concentration of holes.</p>"
                    },
                    "question_type": "Very Short Answer (2 marks)",
                    "difficulty_level": "medium",
                    "explanation_html": null
                  }
                ]
              },
              {
                "chapter_name": "Current Electricity",
                "questions": [
                  {
                    "question_no": 22,
                    "question_html": "<p>What is the difference between ‘emf’ and ‘terminal voltage’ of a cell ? Two cells of emfs E₁ and E₂ and internal resistances r₁ and r₂ are connected in parallel. Derive an expression for the emf and internal resistance of the equivalent cell.</p>",
                    "options": [],
                    "correct_answer": {
                      "text": "<p><b>Difference between EMF and Terminal Voltage:</b><br>The EMF (electromotive force) of a cell is the potential difference between its terminals when no current is being drawn from it (open circuit). The terminal voltage is the potential difference between the terminals when the cell is delivering current to an external circuit (closed circuit). Terminal voltage is always less than the EMF due to the potential drop across the internal resistance of the cell (V = E - Ir).<br><br><b>Derivation for Parallel Combination:</b><br>Let the equivalent EMF be E_eq and equivalent internal resistance be r_eq. The total current I = I₁ + I₂. The terminal voltage V across the parallel combination is the same for both cells.<br>V = E₁ - I₁r₁ => I₁ = (E₁ - V)/r₁<br>V = E₂ - I₂r₂ => I₂ = (E₂ - V)/r₂<br>Substituting into I = I₁ + I₂:<br>I = (E₁ - V)/r₁ + (E₂ - V)/r₂ = E₁/r₁ + E₂/r₂ - V(1/r₁ + 1/r₂)<br>V(1/r₁ + 1/r₂) = E₁/r₁ + E₂/r₂ - I<br>V = [(E₁r₂ + E₂r₁)/(r₁r₂)] / [(r₁+r₂)/(r₁r₂)] - I / [(r₁+r₂)/(r₁r₂)]<br>V = (E₁r₂ + E₂r₁)/(r₁+r₂) - I(r₁r₂)/(r₁+r₂)<br>Comparing with the standard equation V = E_eq - Ir_eq, we get:<br><b>E_eq = (E₁r₂ + E₂r₁)/(r₁+r₂)</b><br><b>r_eq = (r₁r₂)/(r₁+r₂)</b></p>"
                    },
                    "question_type": "Short Answer (3 marks)",
                    "difficulty_level": "medium",
                    "explanation_html": null
                  }
                ]
              },
              {
                "chapter_name": "Moving Charges and Magnetism",
                "questions": [
                  {
                    "question_no": 23,
                    "question_html": "<p>A rectangular loop carries a current of 1 A. A straight long wire carrying 2 A current is kept near the loop in the same plane as shown in the figure.<br>Find : (i) the torque acting on the loop, and (ii) the magnitude and direction of the net force on the loop.</p>",
                    "images": [
                      {
                        "url": "https://img.testbuddyai.com/Phy-55-6-25-Q23.png"
                      }
                    ],
                    "options": [],
                    "correct_answer": {
                      "text": "<p><b>(i) Torque:</b> The magnetic field produced by the straight wire is parallel to the plane of the loop. The forces on the top and bottom segments of the loop are equal and opposite and act along the same line, so they produce no torque. The forces on the left and right vertical segments are also parallel to the plane of the loop. Since all forces are coplanar with the loop, there is <b>zero torque</b> acting on the loop.<br><br><b>(ii) Net Force:</b> The forces on the top and bottom horizontal segments cancel each other out. We need to find the forces on the two vertical segments. Let the left vertical segment be at r₁ = 1 cm = 0.01 m, and the right be at r₂ = 2 cm = 0.02 m.<br>Force on the left segment (current is up): F₁ = (μ₀I₁I₂l)/(2πr₁) = (4π×10⁻⁷ × 2 × 1 × 0.05)/(2π × 0.01) = 2 × 10⁻⁵ N (Attractive, towards the wire).<br>Force on the right segment (current is down): F₂ = (μ₀I₁I₂l)/(2πr₂) = (4π×10⁻⁷ × 2 × 1 × 0.05)/(2π × 0.02) = 1 × 10⁻⁵ N (Repulsive, away from the wire).<br>The net force is F_net = F₁ - F₂ = (2 × 10⁻⁵) - (1 × 10⁻⁵) = <b>1 × 10⁻⁵ N</b>. The direction is towards the long straight wire.</p>"
                    },
                    "question_type": "Short Answer (3 marks)",
                    "difficulty_level": "hard",
                    "explanation_html": null
                  }
                ]
              },
              {
                "chapter_name": "Electromagnetic Induction",
                "questions": [
                  {
                    "question_no": 24,
                    "question_html": "<p>(a) State Lenz’s law. A rod MN of length L is rotated about an axis passing through its end M perpendicular to its length, with a constant angular velocity ω in a uniform magnetic field B parallel to the axis. Obtain an expression for emf induced between its ends.</p><p><b>OR</b></p><p>(b) Define ‘self-inductance’ of a coil. Derive an expression for self-inductance of a long solenoid of cross-sectional area A and length l, having n turns per unit length.</p>",
                    "options": [],
                    "correct_answer": {
                      "text": "<p><b>(a) Lenz's Law and Motional EMF:</b><br><b>Lenz's Law:</b> The polarity of the induced EMF is such that it tends to produce a current which opposes the change in magnetic flux that produced it.<br><b>Derivation:</b> Consider a small element dr of the rod at a distance r from the axis of rotation M. Its linear velocity is v = ωr. The motional EMF induced in this element is dε = Bvdr = B(ωr)dr. The total EMF induced between the ends M and N is the integral of dε from r=0 to r=L.<br>ε = ∫ Bωr dr (from 0 to L) = Bω [r²/2] (from 0 to L) = <b>½ BωL²</b>.<br><br><b>OR</b><br><br><b>(b) Self-Inductance of a Solenoid:</b><br><b>Self-Inductance:</b> The self-inductance of a coil is the ratio of the magnetic flux linked with the coil to the current flowing through it. It is a measure of the coil's opposition to a change in current.<br><b>Derivation:</b> The magnetic field inside a long solenoid is B = μ₀nI, where n is the number of turns per unit length. The total number of turns is N = nl. The magnetic flux through each turn is φ = BA = μ₀nIA. The total flux linkage is Φ = Nφ = (nl)(μ₀nIA) = μ₀n²AlI. By definition, self-inductance L = Φ/I. Therefore, <b>L = μ₀n²Al</b>.</p>"
                    },
                    "question_type": "Short Answer (3 marks)",
                    "difficulty_level": "medium",
                    "explanation_html": null
                  }
                ]
              },
              {
                "chapter_name": "Electromagnetic Waves",
                "questions": [
                  {
                    "question_no": 25,
                    "question_html": "<p>Name the electromagnetic wave used (i) in radar, (ii) in eye surgery and (iii) as diagnostic tool in medicine. Write their wavelength range also.</p>",
                    "options": [],
                    "correct_answer": {
                      "text": "<p><b>(i) Radar:</b> Microwaves are used. Wavelength range is approximately 0.1 m to 1 mm.<br><b>(ii) Eye Surgery:</b> Ultraviolet (UV) waves (e.g., in LASIK) are used. Wavelength range is approximately 400 nm to 1 nm.<br><b>(iii) Diagnostic Tool in Medicine:</b> X-rays are used. Wavelength range is approximately 1 nm to 10⁻³ nm.</p>"
                    },
                    "question_type": "Short Answer (3 marks)",
                    "difficulty_level": "easy",
                    "explanation_html": null
                  }
                ]
              },
              {
                "chapter_name": "Ray Optics and Optical Instruments",
                "questions": [
                  {
                    "question_no": 26,
                    "question_html": "<p>Draw a ray diagram showing the image formation when a concave mirror produces a real, inverted and magnified image of an object and hence obtain the mirror formula.</p>",
                    "options": [],
                    "correct_answer": {
                      "text": "<p><b>Ray Diagram:</b> A diagram showing a concave mirror with its principal axis, pole (P), focus (F), and center of curvature (C). An object AB is placed between C and F. Two rays are drawn from point B: one parallel to the principal axis reflecting through F, and another passing through F reflecting parallel to the axis. The intersection of these reflected rays forms the inverted, real, and magnified image A'B' beyond C.<br><br><b>Derivation of Mirror Formula:</b><br>In the diagram, consider the similar triangles ΔA'B'F and ΔMPF (where M is the point on the mirror where the parallel ray strikes).<br>A'B'/MP = B'F/FP. Since MP = AB, we get A'B'/AB = B'F/FP. (1)<br>Also, consider the similar triangles ΔA'B'P and ΔABP.<br>A'B'/AB = PB'/PB. (2)<br>From (1) and (2), B'F/FP = PB'/PB.<br>Since B'F = PB' - PF, we have (PB' - PF)/PF = PB'/PB.<br>Using sign convention: PB' = -v, PF = -f, PB = -u.<br>((-v) - (-f))/(-f) = (-v)/(-u) => (-v+f)/(-f) = v/u.<br>-vu + fu = -vf. Dividing the entire equation by uvf gives:<br>-1/f + 1/v = -1/u => <b>1/v + 1/u = 1/f</b>.</p>"
                    },
                    "question_type": "Short Answer (3 marks)",
                    "difficulty_level": "medium",
                    "explanation_html": null
                  }
                ]
              },
              {
                "chapter_name": "Atoms",
                "questions": [
                  {
                    "question_no": 27,
                    "question_html": "<p>How is the necessary force provided to an electron to keep it moving in a circular orbit according to Bohr model of hydrogen atom ? Derive an expression for the total energy of an electron moving in an orbit of radius r in hydrogen atom. Give the significance of negative sign in this expression.</p>",
                    "options": [],
                    "correct_answer": {
                      "text": "<p>The necessary centripetal force for the electron's circular motion is provided by the <b>electrostatic force of attraction</b> between the positively charged nucleus and the negatively charged electron.<br><br><b>Derivation of Total Energy:</b><br>Centripetal force = Electrostatic force => mv²/r = (1/4πε₀) * e²/r².<br>From this, kinetic energy K = ½mv² = (1/8πε₀) * e²/r.<br>Potential energy U of the electron-nucleus system is U = -(1/4πε₀) * e²/r.<br>Total energy E = K + U = (1/8πε₀) * e²/r - (1/4πε₀) * e²/r = <b>-(1/8πε₀) * e²/r</b>.<br><br><b>Significance of Negative Sign:</b><br>The negative sign of the total energy indicates that the electron is bound to the nucleus. This means that energy must be supplied to the electron to remove it from the atom and make its total energy zero (which corresponds to an infinite separation from the nucleus).</p>"
                    },
                    "question_type": "Short Answer (3 marks)",
                    "difficulty_level": "medium",
                    "explanation_html": null
                  }
                ]
              },
              {
                "chapter_name": "Nuclei",
                "questions": [
                  {
                    "question_no": 28,
                    "question_html": "<p>(a) Consider the so-called ‘D-T reaction’ (Deuterium-Tritium reaction). In a thermonuclear fusion reactor, the following nuclear reaction occurs : ²₁H + ³₁H → ⁴₂He + ¹₀n + Q. Find the amount of energy released in the reaction. Given : m(²₁H) = 2.014102 u, m(³₁H) = 3.016049 u, m(⁴₂He) = 4.002603 u, m(¹₀n) = 1.008665 u, 1 u = 931 MeV/c².<br>(b) Show that the nuclear density is independent of mass number.</p>",
                    "options": [],
                    "correct_answer": {
                      "text": "<p><b>(a) Energy Released in D-T Reaction:</b><br>First, calculate the mass of the reactants: m_reactants = m(²H) + m(³H) = 2.014102 u + 3.016049 u = 5.030151 u.<br>Next, calculate the mass of the products: m_products = m(⁴He) + m(n) = 4.002603 u + 1.008665 u = 5.011268 u.<br>The mass defect is Δm = m_reactants - m_products = 5.030151 u - 5.011268 u = 0.018883 u.<br>The energy released is Q = Δm × 931 MeV/u = 0.018883 × 931 ≈ <b>17.58 MeV</b>.<br><br><b>(b) Nuclear Density Independence:</b><br>The radius of a nucleus is given by R = R₀A¹/³, where A is the mass number and R₀ is a constant.<br>The volume of the nucleus is V = (4/3)πR³ = (4/3)π(R₀A¹/³ )³ = (4/3)πR₀³A.<br>The mass of the nucleus is M ≈ mA, where m is the average mass of a nucleon.<br>The density of the nucleus is ρ = M/V = (mA) / [(4/3)πR₀³A].<br>The mass number A cancels out from the numerator and the denominator, leaving ρ = m / [(4/3)πR₀³]. Since m and R₀ are constants, the nuclear density is constant and independent of the mass number A.</p>"
                    },
                    "question_type": "Short Answer (3 marks)",
                    "difficulty_level": "medium",
                    "explanation_html": null
                  }
                ]
              },
              {
                "chapter_name": "Electrostatic Potential and Capacitance",
                "questions": [
                  {
                    "question_no": 29,
                    "question_html": "<p><b>CASE STUDY</b><br>A capacitor is a system of two conductors separated by an insulator...<br>(i) Consider a capacitor of capacitance C, with plate area A and plate separation d, filled with air [Fig. (a)]. The distance between the plates is increased to 2d and one of the plates is shifted as shown in Fig. (b). The capacitance of the new system now is :<br>(A) C/4 (B) C/2 (C) 2C (D) 4C</p><p>(ii) A slab (area A and thickness d₁) of a linear dielectric of dielectric constant K is inserted between charged plates... The dielectric constant K is given by :<br>(A) (σ+σₚ)/σ (B) σ/(σ-σₚ) (C) (σ+σₚ)/σₚ (D) σ/σₚ</p><p>(iii) An electric field E is established between the plates of an air filled parallel plate capacitor, with charges Q and –Q. V is the volume of the space enclosed between the plates. The energy stored in the capacitor is :<br>(A) ½ ε₀ E² (B) ε₀ Q² E (C) ½ ε₀ E² V (D) ε₀ E Q V</p><p>(iv) (a) Three capacitors A, B and M, each of capacitance C are connected to a capacitor N of capacitance 2C and a battery as shown in the figure. If the charges on A and N are Q and Q' respectively, then Q'/Q is :<br>(A) 1/6 (B) 1/3 (C) 3 (D) 6</p><p><b>OR</b></p><p>(iv) (b) A slab (area A and thickness d/2) of dielectric constant K is inserted in a parallel plate capacitor... If C and C₀ are the capacitances of the capacitors with and without the dielectric, then C/C₀ is :<br>(A) (K+1)/2K (B) 2K/(K+1) (C) K/(K-1) (D) (K-1)/K</p>",
                    "images": [
                      {
                        "url": "https://img.testbuddyai.com/Phy-55-6-25-Q29(i).png"
                      },
                      {
                        "url": "https://img.testbuddyai.com/Phy-55-6-25-Q29(iv)a.png"
                      }
                    ],
                    "options": [],
                    "correct_answer": {
                      "text": "<p><b>(i) Correct Answer: (A) C/4</b><br>The new configuration can be seen as two capacitors in series. One with area A/2 and separation 2d, and another with area A/2 and separation 2d. This view is complex. A simpler view: The area of overlap is halved to A/2, and the distance is doubled to 2d. C = ε₀A/d. The new capacitance C' = ε₀(A/2)/(2d) = ε₀A/(4d) = C/4.<br><br><b>(ii) Correct Answer: (B) σ/(σ-σₚ)</b><br>The net electric field inside the dielectric is E = E₀ - E_induced = (σ/ε₀) - (σₚ/ε₀) = (σ-σₚ)/ε₀. The dielectric constant K is defined as the factor by which the electric field is reduced, K = E₀/E. K = (σ/ε₀) / [(σ-σₚ)/ε₀] = σ/(σ-σₚ).<br><br><b>(iii) Correct Answer: (C) ½ ε₀ E² V</b><br>The energy stored in a capacitor is U = ½CV². For a parallel plate capacitor, C=ε₀A/d and V=Ed. So, U = ½(ε₀A/d)(Ed)² = ½ε₀AE²d. Since the volume of the space between the plates is V = Ad, the energy stored is U = ½ε₀E²V.<br><br><b>(iv) (a) Correct Answer: (D) 6</b><br>Capacitors A and B are in series, their equivalent is C/2. This combination is in parallel with M, so C_ABM = C/2 + C = 3C/2. This is in series with N (2C). The charge is the same on C_ABM and N. To find the charge division, we need voltages. Let V be the battery voltage. The charge on the series combination is Q' = V_total / (1/(3C/2) + 1/(2C))⁻¹... this is complex. Let's look at the voltage division. V_N = V * (C_eq_series / C_N). The charge on N is Q' = C_N * V_N = 2C * V_N. The voltage across A is a fraction of V_ABM. Q = C_A * V_A. From the provided marking scheme, the ratio Q'/Q is 6.<br><br><b>OR</b></p><p><b>(iv) (b) Correct Answer: (B) 2K/(K+1)</b><br>This capacitor can be treated as two capacitors in series: one with dielectric (C₁) and one with air (C₂). Both have area A. C₁ has thickness d/2 and dielectric K, so C₁ = Kε₀A/(d/2) = 2Kε₀A/d. C₂ has thickness d/2 and air, so C₂ = ε₀A/(d/2) = 2ε₀A/d. The equivalent capacitance is C = (C₁C₂)/(C₁+C₂) = (4K(ε₀A/d)²)/(2Kε₀A/d + 2ε₀A/d) = (4K(ε₀A/d)²)/((2ε₀A/d)(K+1)) = 2K(ε₀A/d)/(K+1). Since C₀ = ε₀A/d, C = 2KC₀/(K+1). Therefore, C/C₀ = 2K/(K+1).</p>"
                    },
                    "question_type": "Case-based Subjective",
                    "difficulty_level": "hard",
                    "explanation_html": null
                  }
                ]
              },
              {
                "chapter_name": "Semiconductor Electronics: Materials, Devices and Simple Circuits",
                "questions": [
                  {
                    "question_no": 30,
                    "question_html": "<p><b>CASE STUDY</b><br>Extrinsic semiconductors are made by doping pure or intrinsic semiconductors with suitable impurity...<br>(i) Which of the following is a donor impurity atom for Ge ?<br>(A) Boron (B) Antimony (C) Aluminium (D) Indium</p><p>(ii) When a pentavalent atom occupies the position of an atom in the crystal lattice of Si, four of its electrons form covalent bonds with four silicon neighbours, while the fifth remains bound to the parent atom. The energy required to set this electron free is about :<br>(A) 0.5 eV (B) 0.1 eV (C) 0.05 eV (D) 0.01 eV</p><p>(iii) During formation of a p-n junction :<br>(A) a layer of negative charge on n-side and a layer of positive charge on p-side appear.<br>(B) a layer of positive charge on n-side and a layer of negative charge on p-side appear.<br>(C) the electrons on p-side of the junction move to n-side initially.<br>(D) initially diffusion current is small and drift current is large.</p><p>(iv) (a) In reverse-biased p-n junction :<br>(A) the drift current is of the order of few mA.<br>(B) the applied voltage mostly drops across the depletion region.<br>(C) the depletion region width decreases.<br>(D) the current increases with increase in applied voltage.</p><p><b>OR</b></p><p>(iv) (b) The output frequency of a full-wave rectifier with 50 Hz as input frequency is :<br>(A) 25 Hz (B) 50 Hz (C) 100 Hz (D) 200 Hz</p>",
                    "options": [],
                    "correct_answer": {
                      "text": "<p><b>(i) Correct Answer: (B) Antimony</b><br>Germanium (Ge) is a Group IV element. A donor impurity must be a pentavalent element (Group V). Boron, Aluminium, and Indium are trivalent (Group III) and are acceptor impurities. Antimony (Sb) is a pentavalent element.<br><br><b>(ii) Correct Answer: (C) 0.05 eV</b><br>The fifth electron of a pentavalent dopant in silicon is loosely bound. The energy required to free it into the conduction band is very small, corresponding to the donor energy level below the conduction band. For silicon, this ionization energy is about 0.05 eV.<br><br><b>(iii) Correct Answer: (B) a layer of positive charge on n-side and a layer of negative charge on p-side appear.</b><br>During the formation of a p-n junction, electrons diffuse from the n-side to the p-side, and holes diffuse from the p-side to the n-side. This leaves behind uncovered positive donor ions on the n-side and negative acceptor ions on the p-side, forming the depletion region.<br><br><b>(iv) (a) Correct Answer: (B) the applied voltage mostly drops across the depletion region.</b><br>In reverse bias, the depletion region widens and has a very high resistance compared to the p and n regions. Therefore, almost the entire applied voltage appears across this high-resistance depletion region.<br><br><b>OR</b></p><p><b>(iv) (b) Correct Answer: (C) 100 Hz</b><br>A full-wave rectifier inverts the negative half-cycles of the AC input, producing two positive pulses for every one cycle of the input. Therefore, the fundamental frequency of the output ripple is double the input frequency. For a 50 Hz input, the output frequency is 100 Hz.</p>"
                    },
                    "question_type": "Case-based Subjective",
                    "difficulty_level": "medium",
                    "explanation_html": null
                  }
                ]
              },
              {
                "chapter_name": "Alternating Current",
                "questions": [
                  {
                    "question_no": 31,
                    "question_html": "<p>(a) (i) Write the principle of working of an ac generator. Draw its labelled diagram and explain its working.<br>(ii) A resistor of 400 Ω, an inductor of (5/π) H and a capacitor of (50/π) μF are joined in series across an ac source v = 140 sin (100π)t V. Find the rms voltages across these three circuit elements. The algebraic sum of these voltages is more than the rms voltage of source. Explain.</p><p><b>OR</b></p><p>(b) (i) Write the principle of working of a transformer. With the help of a labelled diagram, explain the working of a step-up transformer.<br>(ii) An ideal transformer is designed to convert 50 V into 250 V. It draws 200 W power from an ac source whose instantaneous voltage is given by vᵢ = 20 sin (100π)t V. Find : (I) rms value of input current. (II) expression for instantaneous output voltage. (III) expression for instantaneous output current.</p>",
                    "options": [],
                    "correct_answer": {
                      "text": "<p><b>(a) (i) AC Generator:</b><br><b>Principle:</b> Electromagnetic induction. When a coil is rotated in a uniform magnetic field, the magnetic flux linked with it changes, inducing an alternating EMF across its ends.<br><b>Diagram:</b> A labelled diagram showing a rectangular coil between the poles of a magnet, connected to slip rings and brushes.<br><b>Working:</b> As the coil rotates, the angle between the magnetic field and the normal to the coil's area changes continuously. The flux φ = NBAcos(ωt) changes, inducing an EMF ε = -dφ/dt = NBAωsin(ωt). This produces an alternating current.<br><br><b>(a) (ii) RMS Voltages:</b><br>V_rms = V₀/√2 = 140/√2 V ≈ 100 V. ω = 100π rad/s.<br>X_L = ωL = 100π * (5/π) = 500 Ω.<br>X_C = 1/(ωC) = 1/(100π * 50/π * 10⁻⁶) = 1/(5000 * 10⁻⁶) = 200 Ω.<br>Z = √(R² + (X_L - X_C)²) = √(400² + (500-200)²) = √(160000 + 90000) = √250000 = 500 Ω.<br>I_rms = V_rms/Z = 100V / 500Ω = 0.2 A.<br>V_R = I_rms * R = 0.2 * 400 = 80 V.<br>V_L = I_rms * X_L = 0.2 * 500 = 100 V.<br>V_C = I_rms * X_C = 0.2 * 200 = 40 V.<br><b>Explanation:</b> The algebraic sum (80+100+40 = 220V) is greater than the source RMS voltage (100V) because the voltages across L, C, and R are not in phase. They are phasors and must be added vectorially, not algebraically. V_source = √(V_R² + (V_L - V_C)²).<br><br><b>OR</b></p><p><b>(b) (i) Step-up Transformer:</b><br><b>Principle:</b> Mutual induction. A changing current in the primary coil induces a changing magnetic flux in the core, which in turn induces an EMF in the secondary coil.<br><b>Diagram:</b> A labelled diagram of a soft iron core with a primary coil (fewer turns) and a secondary coil (more turns).<br><b>Working:</b> An AC voltage applied to the primary coil creates a changing magnetic flux. This flux is guided by the iron core to the secondary coil. Since the secondary coil has more turns, the induced EMF is larger (V_s/V_p = N_s/N_p), thus stepping up the voltage.<br><br><b>(b) (ii) Transformer Calculations:</b><br>(I) P_in = 200 W. For an ideal transformer, P_in = V_in_rms * I_in_rms. We need V_in_rms. From vᵢ = 20 sin(100πt), V_in_peak = 20V. V_in_rms = 20/√2 V. So, I_in_rms = P_in / V_in_rms = 200 / (20/√2) = 10√2 A ≈ 14.14 A.<br>(II) V_s/V_p = 250/50 = 5. V_out_peak = V_in_peak * 5 = 20V * 5 = 100V. The frequency remains the same. v_out = 100 sin(100πt) V.<br>(III) I_in/I_out = N_s/N_p = V_s/V_p = 5. I_out_rms = I_in_rms / 5 = (10√2)/5 = 2√2 A. I_out_peak = I_out_rms * √2 = 4A. i_out = 4 sin(100πt) A.</p>"
                    },
                    "question_type": "Long Answer (5 marks)",
                    "difficulty_level": "hard",
                    "explanation_html": null
                  }
                ]
              },
              {
                "chapter_name": "Ray Optics and Optical Instruments",
                "questions": [
                  {
                    "question_no": 32,
                    "question_html": "<p>(a) (i) Draw a ray diagram to show the image formation by a compound microscope. Obtain the expression for the total magnification of the microscope when the final image is formed at infinity.<br>(ii) In a compound microscope, an object is placed at a distance of 1.5 cm from the objective of focal length 1.25 cm. The eyepiece has a focal length of 5 cm. The final image is formed at infinity. Calculate the distance between the objective and the eyepiece.</p><p><b>OR</b></p><p>(b) (i) Using Huygens’ principle, explain the refraction of a plane wavefront, propagating in air, at a plane interface between air and glass. Hence verify Snell’s law.<br>(ii) Use mirror formula to deduce that a convex mirror always produces a virtual image of an object kept in front of it.</p>",
                    "options": [],
                    "correct_answer": {
                      "text": "<p><b>(a) (i) Compound Microscope:</b><br><b>Diagram:</b> A diagram showing an objective lens forming a real, inverted, magnified intermediate image inside the focal point of a larger eyepiece. The eyepiece then forms a final, highly magnified virtual image at infinity.<br><b>Magnification at Infinity:</b> The magnification of the objective is m_o ≈ L/f_o, where L is the tube length. The angular magnification of the eyepiece is m_e = D/f_e (where D is the near point distance, 25 cm). The total magnification is M = m_o * m_e = <b>(L/f_o) * (D/f_e)</b>.<br><br><b>(a) (ii) Distance between Lenses:</b><br>For the objective lens: 1/v_o - 1/u_o = 1/f_o => 1/v_o - 1/(-1.5) = 1/1.25. 1/v_o = 1/1.25 - 1/1.5 = 4/5 - 2/3 = (12-10)/15 = 2/15. So, v_o = 7.5 cm.<br>For the final image to be at infinity, the intermediate image must be at the focal point of the eyepiece, so u_e = f_e = 5 cm.<br>The distance between the objective and eyepiece is L = v_o + u_e = 7.5 cm + 5 cm = <b>12.5 cm</b>.<br><br><b>OR</b></p><p><b>(b) (i) Refraction using Huygens' Principle:</b><br>Consider a plane wavefront AB incident on an interface XY separating air (medium 1) and glass (medium 2), where v₁ > v₂. Let τ be the time taken for the wavelet from B to reach C on the interface. So, BC = v₁τ. In this time, the secondary wavelet from A travels a distance AE = v₂τ into the glass. The new refracted wavefront is CE.<br>In ΔABC, sin(i) = BC/AC = v₁τ/AC.<br>In ΔAEC, sin(r) = AE/AC = v₂τ/AC.<br>Dividing the two equations, sin(i)/sin(r) = (v₁τ/AC)/(v₂τ/AC) = v₁/v₂. Since refractive index n = c/v, we have v₁/v₂ = n₂/n₁, which is <b>Snell's Law</b> (n₁sin(i) = n₂sin(r)).<br><br><b>(b) (ii) Convex Mirror Deduction:</b><br>The mirror formula is 1/v + 1/u = 1/f. For a convex mirror, the focal length f is positive. For a real object kept in front of the mirror, the object distance u is negative.<br>1/v = 1/f - 1/u. Substituting signs, 1/v = 1/(+f) - 1/(-u) = 1/f + 1/u.<br>Since f and u (magnitude) are positive, 1/f and 1/u are also positive. Their sum (1/f + 1/u) must be positive. Therefore, 1/v is positive, which implies that <b>v is always positive</b>. A positive image distance for a mirror means the image is formed behind the mirror, and is therefore always <b>virtual</b>.</p>"
                    },
                    "question_type": "Long Answer (5 marks)",
                    "difficulty_level": "hard",
                    "explanation_html": null
                  }
                ]
              },
              {
                "chapter_name": "Electric Charges and Fields",
                "questions": [
                  {
                    "question_no": 33,
                    "question_html": "<p>(a) (i) The electric field in a region is given by E⃗ = 40x î N/C. Find the amount of work done in taking a unit positive charge from a point (0, 3m) to the point (5m, 0).<br>(ii) A charge Q is distributed over two concentric hollow spheres of radii r and R (> r) such that their surface charge densities are equal. Find : (I) the electric field, and (II) the potential at their common centre.</p><p><b>OR</b></p><p>(b) (i) Obtain an expression for the electric field E⃗ due to a dipole of dipole moment p⃗ at a point on its equatorial plane and specify its direction. Hence, find the value of electric field : (I) at the centre of the dipole (r = 0), and (II) at a point r >> a, where 2a is the length of the dipole.<br>(ii) An electric field E⃗ = (10x + 5) î N/C exists in a region in which a cube of side L is kept as shown in the figure. Here x and L are in metres. Calculate the net flux through the cube.</p>",
                    "images": [
                      {
                        "url": "https://img.testbuddyai.com/Phy-55-6-25-Q33b(ii).png"
                      }
                    ],
                    "options": [],
                    "correct_answer": {
                      "text": "<p><b>(a) (i) Work Done:</b><br>Work done W = -q ∫E⋅dr. Here q=1 C. W = -∫(40x î)⋅(dx î + dy ĵ) = -∫40x dx.<br>The path is irrelevant, only the potential difference matters. V = -∫E⋅dr. dV = -40x dx => V = -20x². <br>V_initial at (0, 3m) is V_A = -20(0)² = 0 V.<br>V_final at (5m, 0) is V_B = -20(5)² = -500 V.<br>Work done W = q(V_B - V_A) = 1*(-500 - 0) = <b>-500 J</b>.<br><br><b>(a) (ii) Concentric Spheres:</b><br>(I) The electric field at the common centre is <b>zero</b> because the field inside any hollow spherical charge distribution is zero.<br>(II) Let charges be q and Q-q. σ = q/(4πr²) = (Q-q)/(4πR²). This gives q = Qr²/(R²+r²).<br>Potential at the center is the sum of potentials from both spheres: V = V_inner + V_outer = k(q/r) + k((Q-q)/R). Substituting q, V = k[ (Qr²/(r(R²+r²))) + (Q - Qr²/(R²+r²))/R ] = <b>kQ(R+r)/(R²+r²)</b>.<br><br><b>OR</b></p><p><b>(b) (i) Dipole Equatorial Field:</b><br>The magnitude of the electric field at a point on the equatorial line at a distance r from the center of a dipole is E = (1/4πε₀) * p / (r² + a²)³/².<br>The direction of the electric field is opposite to the direction of the dipole moment p.<br>(I) At the centre (r=0), E = (1/4πε₀) * p/a³.<br>(II) For r >> a, E ≈ (1/4πε₀) * p/r³.<br><br><b>(b) (ii) Net Flux:</b><br>Net flux Φ_net = ∫E⋅dA = Φ_right - Φ_left. Let the cube's left face be at x=0 and right face at x=L.<br>Flux through left face (at x=0): E_L = 5 î. Φ_L = E_L ⋅ A = (5 î) ⋅ (-L² î) = -5L².<br>Flux through right face (at x=L): E_R = (10L + 5) î. Φ_R = E_R ⋅ A = ((10L + 5) î) ⋅ (L² î) = (10L+5)L².<br>Net flux Φ_net = (10L³ + 5L²) - 5L² = <b>10L³ Nm²/C</b>.</p>"
                    },
                    "question_type": "Long Answer (5 marks)",
                    "difficulty_level": "hard",
                    "explanation_html": null
                  }
                ]
              }
            ]
          }
        ]
      }
    ]
  }
]