[
  {
    "exam_name_actual": "CBSE Board - Class 12 - Science",
    "main_exam_id_name_ref": "CBSE Board - Class 12 - Science",
    "years": [
      {
        "year": "2025",
        "papers_or_subjects": [
          {
            "paper_name": "CBSE Class 12 Science (Physics) Paper 2025 (QP Code: 55/2/1)",
            "subject_name": "Physics",
            "chapters": [
              {
                "chapter_name": "Electric Charges and Fields",
                "questions": [
                  {
                    "question_no": 1,
                    "question_html": "<p>Two charges –q each are placed at the vertices A and B of an equilateral triangle ABC. If M is the mid-point of AB, the net electric field at C will point along</p>",
                    "options": [
                      {
                        "id": "a",
                        "text": "CA"
                      },
                      {
                        "id": "b",
                        "text": "CB"
                      },
                      {
                        "id": "c",
                        "text": "MC"
                      },
                      {
                        "id": "d",
                        "text": "CM"
                      }
                    ],
                    "correct_answer": {
                      "ids": [
                        "d"
                      ]
                    },
                    "question_type": "mcq_single",
                    "difficulty_level": "medium",
                    "explanation_html": "<p>The electric field at point C due to the charge -q at vertex A (E_A) will be directed along the line CA (towards A). The electric field at C due to the charge -q at vertex B (E_B) will be directed along the line CB (towards B). Since the triangle is equilateral and the charges are equal, the magnitudes of the two electric fields are equal, i.e., |E_A| = |E_B|. The net electric field at C is the vector sum of E_A and E_B. By the parallelogram law of vector addition, the resultant of two equal vectors lies along the bisector of the angle between them. The line CM is the median and also the angle bisector of angle C. Therefore, the net electric field will point along the direction from C to M (CM).</p>"
                  }
                ]
              },
              {
                "chapter_name": "Current Electricity",
                "questions": [
                  {
                    "question_no": 2,
                    "question_html": "<p>A student has three resistors, each of resistance R. To obtain a resistance of 2/3 R, she should connect</p>",
                    "options": [
                      {
                        "id": "a",
                        "text": "all the three resistors in series."
                      },
                      {
                        "id": "b",
                        "text": "all the three resistors in parallel."
                      },
                      {
                        "id": "c",
                        "text": "two resistors in series and then this combination in parallel with the third resistor."
                      },
                      {
                        "id": "d",
                        "text": "two resistors in parallel and then this combination in series with the third resistor."
                      }
                    ],
                    "correct_answer": {
                      "ids": [
                        "c"
                      ]
                    },
                    "question_type": "mcq_single",
                    "difficulty_level": "medium",
                    "explanation_html": "<p>Let's evaluate the equivalent resistance for each option:</p><p>(A) All three in series: R_eq = R + R + R = 3R.</p><p>(B) All three in parallel: 1/R_eq = 1/R + 1/R + 1/R = 3/R  => R_eq = R/3.</p><p>(C) Two resistors in series gives a resistance of R_s = R + R = 2R. When this is connected in parallel with the third resistor (R), the equivalent resistance R_eq is given by 1/R_eq = 1/(2R) + 1/R = (1 + 2)/(2R) = 3/(2R). Therefore, R_eq = 2R/3.</p><p>(D) Two resistors in parallel gives a resistance of R_p where 1/R_p = 1/R + 1/R = 2/R, so R_p = R/2. When this is connected in series with the third resistor, R_eq = R_p + R = R/2 + R = 3R/2.</p><p>The required resistance is 2R/3, which corresponds to option (C).</p>"
                  }
                ]
              },
              {
                "chapter_name": "Moving Charges and Magnetism",
                "questions": [
                  {
                    "question_no": 3,
                    "question_html": "<p>A 1 cm straight segment of a conductor carrying 1 A current in x direction lies symmetrically at origin of Cartesian coordinate system. The magnetic field due to this segment at point (1m, 1m, 0) is</p>",
                    "options": [
                      {
                        "id": "a",
                        "text": "1.0 × 10⁻⁹ k̂ T"
                      },
                      {
                        "id": "b",
                        "text": "–1.0 × 10⁻⁹ k̂ T"
                      },
                      {
                        "id": "c",
                        "text": "5.0/√2 × 10⁻¹⁰ k̂ T"
                      },
                      {
                        "id": "d",
                        "text": "–5.0/√2 × 10⁻¹⁰ k̂ T"
                      }
                    ],
                    "correct_answer": {
                      "ids": [
                        "c"
                      ]
                    },
                    "question_type": "mcq_single",
                    "difficulty_level": "hard",
                    "explanation_html": "<p>We can use the Biot-Savart Law. For a small current element, the magnetic field is given by dB = (μ₀/4π) * (I dl × r) / r³. </p><p>Given:</p><p>Current I = 1 A</p><p>Current element vector dl = 1 cm î = 0.01 î m</p><p>Position vector of the point r = 1 î + 1 ĵ m</p><p>Magnitude of r is |r| = √(1² + 1²) = √2 m</p><p>First, we find the cross product dl × r:</p><p>dl × r = (0.01 î) × (1 î + 1 ĵ) = 0.01 (î × î) + 0.01 (î × ĵ) = 0 + 0.01 k̂ = 0.01 k̂</p><p>Now substitute the values into the Biot-Savart Law formula:</p><p>B ≈ (μ₀/4π) * (I (dl × r)) / r³ = 10⁻⁷ * (1 * (0.01 k̂)) / (√2)³</p><p>B ≈ (10⁻⁹ k̂) / (2√2) = (10⁻⁹ / (2 * 1.414)) k̂ ≈ 3.53 × 10⁻¹⁰ k̂ T</p><p>Now let's check the options. Option (C) is 5.0/√2 × 10⁻¹⁰ k̂ T = (5.0 / 1.414) × 10⁻¹⁰ k̂ T ≈ 3.53 × 10⁻¹⁰ k̂ T. This matches our calculated value.</p>"
                  }
                ]
              },
              {
                "chapter_name": "Magnetism and Matter",
                "questions": [
                  {
                    "question_no": 4,
                    "question_html": "<p>The magnetic field due to a small magnetic dipole of dipole moment ‘M’ at a distance ‘r’ from the centre along the axis of the dipole is given by</p>",
                    "options": [
                      {
                        "id": "a",
                        "text": "(μ₀/4π) × 2M/r³"
                      },
                      {
                        "id": "b",
                        "text": "(μ₀/4π) × M/r³"
                      },
                      {
                        "id": "c",
                        "text": "(μ₀/4π) × M/2r³"
                      },
                      {
                        "id": "d",
                        "text": "(μ₀/4π) × 2M/r²"
                      }
                    ],
                    "correct_answer": {
                      "ids": [
                        "a"
                      ]
                    },
                    "question_type": "mcq_single",
                    "difficulty_level": "easy",
                    "explanation_html": "<p>This is a standard result from the study of magnetism. The magnetic field produced by a short magnetic dipole at a point on its axial line is given by the formula:</p><p>B_axial = (μ₀/4π) * (2M/r³)</p><p>where μ₀ is the permeability of free space, M is the magnetic dipole moment, and r is the distance from the center of the dipole to the point on the axis.</p>"
                  }
                ]
              },
              {
                "chapter_name": "Electromagnetic Induction",
                "questions": [
                  {
                    "question_no": 5,
                    "question_html": "<p>In the figure X is a coil wound over a hollow wooden pipe. A permanent magnet is pushed at a constant speed v from the right into the pipe and it comes out at the left end of the pipe. During the entry and the exit of the magnet, the current in the wire YZ will be from</p>",
                    "images": [
                      {
                        "url": "https://img.testbuddyai.com/Phy-55-2-25-Q5.png"
                      }
                    ],
                    "options": [
                      {
                        "id": "a",
                        "text": "Y to Z and then Y to Z"
                      },
                      {
                        "id": "b",
                        "text": "Z to Y and then Y to Z"
                      },
                      {
                        "id": "c",
                        "text": "Y to Z and then Z to Y"
                      },
                      {
                        "id": "d",
                        "text": "Z to Y and then Z to Y"
                      }
                    ],
                    "correct_answer": {
                      "ids": [
                        "b"
                      ]
                    },
                    "question_type": "mcq_single",
                    "difficulty_level": "medium",
                    "explanation_html": "<p>We apply Lenz's Law, which states that the induced current will flow in a direction that opposes the change in magnetic flux that produced it.</p><p><strong>During entry (from the right):</strong> The North pole of the magnet is approaching the right face of the coil. The magnetic flux through the coil is increasing. To oppose this increase, the right face of the coil must become a North pole to repel the incoming magnet. Using the right-hand grip rule, to create a North pole on the right face, the current in the coil windings on the top must flow from back to front. This corresponds to a current flow from Z to Y in the external wire.</p><p><strong>During exit (from the left):</strong> The South pole of the magnet is moving away from the left face of the coil. The magnetic flux is decreasing. To oppose this decrease, the left face of the coil must become a North pole to attract the receding South pole. To create a North pole on the left face, the current in the top windings must flow from front to back. This corresponds to a current flow from Y to Z in the external wire.</p><p>Therefore, the current is from Z to Y during entry and then from Y to Z during exit.</p>"
                  }
                ]
              },
              {
                "chapter_name": "Alternating Current",
                "questions": [
                  {
                    "question_no": 7,
                    "question_html": "<p>A transformer is connected to a 200 V ac source. The transformer supplies 3000 V to a device. If the number of turns in the primary coil is 450, then the number of turns in its secondary coil is –</p>",
                    "options": [
                      {
                        "id": "a",
                        "text": "30"
                      },
                      {
                        "id": "b",
                        "text": "450"
                      },
                      {
                        "id": "c",
                        "text": "4500"
                      },
                      {
                        "id": "d",
                        "text": "6750"
                      }
                    ],
                    "correct_answer": {
                      "ids": [
                        "d"
                      ]
                    },
                    "question_type": "mcq_single",
                    "difficulty_level": "easy",
                    "explanation_html": "<p>For an ideal transformer, the ratio of the secondary voltage (V_s) to the primary voltage (V_p) is equal to the ratio of the number of turns in the secondary coil (N_s) to the number of turns in the primary coil (N_p). This is expressed by the transformer equation:</p><p>V_s / V_p = N_s / N_p</p><p>Given values are:</p><p>V_p = 200 V</p><p>V_s = 3000 V</p><p>N_p = 450</p><p>We need to find N_s. Rearranging the formula:</p><p>N_s = N_p × (V_s / V_p)</p><p>N_s = 450 × (3000 / 200)</p><p>N_s = 450 × 15</p><p>N_s = 6750</p><p>So, the number of turns in the secondary coil is 6750.</p>"
                  }
                ]
              },
              {
                "chapter_name": "Electric Charges and Fields",
                "questions": [
                  {
                    "question_no": 8,
                    "question_html": "<p>Which one of the following statements is correct ? Electric field due to static charges is –</p>",
                    "options": [
                      {
                        "id": "a",
                        "text": "conservative and field lines do not form closed loops."
                      },
                      {
                        "id": "b",
                        "text": "conservative and field lines form closed loops."
                      },
                      {
                        "id": "c",
                        "text": "non-conservative and field lines do not form closed loops."
                      },
                      {
                        "id": "d",
                        "text": "non-conservative and field lines form closed loops."
                      }
                    ],
                    "correct_answer": {
                      "ids": [
                        "a"
                      ]
                    },
                    "question_type": "mcq_single",
                    "difficulty_level": "easy",
                    "explanation_html": "<p>The electric field created by static charges (an electrostatic field) has two fundamental properties:</p><p>1.  <strong>It is a conservative field:</strong> This means the work done by the electric field on a charge moved between two points is independent of the path taken. Equivalently, the line integral of the electric field around any closed path is zero (∮ E⋅dl = 0).</p><p>2.  <strong>Field lines do not form closed loops:</strong> This is a direct consequence of the field being conservative. Electric field lines originate on positive charges and terminate on negative charges (or extend to infinity). They cannot loop back on themselves.</p><p>Therefore, the correct statement is that the field is conservative and its field lines do not form closed loops.</p>"
                  }
                ]
              },
              {
                "chapter_name": "Ray Optics and Optical Instruments",
                "questions": [
                  {
                    "question_no": 9,
                    "question_html": "<p>A tub is filled with a transparent liquid to a height of 30.0 cm. The apparent depth of a coin lying at the bottom of the tub is found to be 16.0 cm. The speed of light in the liquid will be</p>",
                    "options": [
                      {
                        "id": "a",
                        "text": "1.6 × 10⁸ m s⁻¹"
                      },
                      {
                        "id": "b",
                        "text": "2.0 × 10⁸ m s⁻¹"
                      },
                      {
                        "id": "c",
                        "text": "3.0 × 10⁸ m s⁻¹"
                      },
                      {
                        "id": "d",
                        "text": "2.5 × 10⁸ m s⁻¹"
                      }
                    ],
                    "correct_answer": {
                      "ids": [
                        "a"
                      ]
                    },
                    "question_type": "mcq_single",
                    "difficulty_level": "medium",
                    "explanation_html": "<p>The refractive index (n) of a medium is defined in two ways:</p><p>1. n = Real Depth / Apparent Depth</p><p>2. n = Speed of light in vacuum (c) / Speed of light in the medium (v)</p><p>First, we calculate the refractive index of the liquid:</p><p>Real Depth = 30.0 cm</p><p>Apparent Depth = 16.0 cm</p><p>n = 30.0 / 16.0 = 1.875</p><p>Now, we can find the speed of light in the liquid using the second formula. The speed of light in vacuum is c ≈ 3.0 × 10⁸ m/s.</p><p>v = c / n</p><p>v = (3.0 × 10⁸ m/s) / 1.875</p><p>v = 1.6 × 10⁸ m/s</p>"
                  }
                ]
              },
              {
                "chapter_name": "Atoms",
                "questions": [
                  {
                    "question_no": 10,
                    "question_html": "<p>Atomic spectral emission lines of hydrogen atom are incident on a zinc surface. The lines which can emit photoelectrons from the surface are members of</p>",
                    "options": [
                      {
                        "id": "a",
                        "text": "Balmer series"
                      },
                      {
                        "id": "b",
                        "text": "Paschen series"
                      },
                      {
                        "id": "c",
                        "text": "Lyman series"
                      },
                      {
                        "id": "d",
                        "text": "Neither Balmer, nor Paschen nor Lyman series"
                      }
                    ],
                    "correct_answer": {
                      "ids": [
                        "c"
                      ]
                    },
                    "question_type": "mcq_single",
                    "difficulty_level": "hard",
                    "explanation_html": "<p>For photoemission to occur, the energy of the incident photons (E = hν) must be greater than the work function (Φ) of the metal. The work function of zinc is approximately 4.3 eV.</p><p>Let's calculate the energy range for the different series of the hydrogen spectrum:</p><p>1.  <strong>Lyman series (transitions to n=1):</strong> These transitions are in the ultraviolet region. The minimum energy corresponds to the transition from n=2 to n=1: E = 13.6(1/1² - 1/2²) = 13.6 × (3/4) = 10.2 eV. All photons in the Lyman series have energy E ≥ 10.2 eV.</p><p>2.  <strong>Balmer series (transitions to n=2):</strong> These transitions are in the visible region. The maximum energy (series limit) corresponds to the transition from n=∞ to n=2: E = 13.6(1/2²) = 13.6/4 = 3.4 eV. All photons in the Balmer series have energy E ≤ 3.4 eV.</p><p>3.  <strong>Paschen series (transitions to n=3):</strong> These are in the infrared region and have even lower energies than the Balmer series.</p><p>Since the work function of zinc is 4.3 eV, only photons with energy greater than 4.3 eV can cause photoemission. Comparing the energy ranges, only the photons from the Lyman series (E ≥ 10.2 eV) have sufficient energy. </p>"
                  }
                ]
              },
              {
                "chapter_name": "Atoms",
                "questions": [
                  {
                    "question_no": 11,
                    "question_html": "<p>The energy of an electron in a hydrogen atom in ground state is –13.6 eV. Its energy in an orbit corresponding to quantum number n is –0.544 eV. The value of n is</p>",
                    "options": [
                      {
                        "id": "a",
                        "text": "2"
                      },
                      {
                        "id": "b",
                        "text": "3"
                      },
                      {
                        "id": "c",
                        "text": "4"
                      },
                      {
                        "id": "d",
                        "text": "5"
                      }
                    ],
                    "correct_answer": {
                      "ids": [
                        "d"
                      ]
                    },
                    "question_type": "mcq_single",
                    "difficulty_level": "easy",
                    "explanation_html": "<p>The energy of an electron in the n-th orbit of a hydrogen atom is given by the formula:</p><p>E_n = E₁ / n²</p><p>where E₁ is the energy of the ground state (n=1).</p><p>Given:</p><p>E₁ = -13.6 eV</p><p>E_n = -0.544 eV</p><p>We can substitute these values into the formula and solve for n:</p><p>-0.544 = -13.6 / n²</p><p>n² = -13.6 / -0.544</p><p>n² = 25</p><p>n = √25 = 5</p><p>Therefore, the value of the quantum number n is 5.</p>"
                  }
                ]
              },
              {
                "chapter_name": "Semiconductor Electronics: Materials, Devices and Simple Circuits",
                "questions": [
                  {
                    "question_no": 12,
                    "question_html": "<p>When the resistance measured between p and n ends of a p-n junction diode is high, it can act as a/an –</p>",
                    "options": [
                      {
                        "id": "a",
                        "text": "resistor"
                      },
                      {
                        "id": "b",
                        "text": "inductor"
                      },
                      {
                        "id": "c",
                        "text": "capacitor"
                      },
                      {
                        "id": "d",
                        "text": "switch"
                      }
                    ],
                    "correct_answer": {
                      "ids": [
                        "a",
                        "c"
                      ]
                    },
                    "question_type": "mcq_single",
                    "difficulty_level": "medium",
                    "explanation_html": "<p>A high resistance between the p and n ends of a p-n junction diode indicates that the diode is reverse-biased. In this state:</p><p>1. It opposes the flow of current significantly, acting like a device with very high resistance. In this sense, it behaves like a **resistor** (though it is non-ohmic).</p><p>2. The depletion region, which is devoid of free charge carriers, widens and acts as an insulator (dielectric) sandwiched between the p-type and n-type semiconductor materials (which act as conductors). This structure is analogous to a parallel-plate **capacitor**.</p><p>3. Functionally, by having a very high resistance and allowing almost no current to flow, it acts like an open **switch**.</p><p>Given the options, 'resistor' and 'capacitor' describe physical properties of the reverse-biased diode. 'Switch' describes its functional application. The marking scheme accepts both resistor and capacitor as correct answers, acknowledging the multiple valid physical interpretations of a reverse-biased diode's behavior.</p>"
                  }
                ]
              },
              {
                "chapter_name": "Semiconductor Electronics: Materials, Devices and Simple Circuits",
                "questions": [
                  {
                    "question_no": 13,
                    "question_html": "<p><strong>Assertion (A) :</strong> In a semiconductor diode the thickness of depletion layer is not fixed.</p><p><strong>Reason (R) :</strong> Thickness of depletion layer in a semiconductor device depends upon many factors such as biasing of the semiconductor.</p>",
                    "options": [
                      {
                        "id": "a",
                        "text": "If both Assertion (A) and Reason (R) are true and Reason (R) is the correct explanation of Assertion (A)."
                      },
                      {
                        "id": "b",
                        "text": "If both Assertion (A) and Reason (R) are true but Reason (R) is not the correct explanation of Assertion (A)."
                      },
                      {
                        "id": "c",
                        "text": "If Assertion (A) is true but Reason (R) is false."
                      },
                      {
                        "id": "d",
                        "text": "If both Assertion (A) and Reason (R) are false."
                      }
                    ],
                    "correct_answer": {
                      "ids": [
                        "a"
                      ]
                    },
                    "question_type": "mcq_single",
                    "difficulty_level": "easy",
                    "explanation_html": "<p><strong>Assertion (A):</strong> This statement is true. The thickness of the depletion layer in a p-n junction diode is not a fixed value; it changes based on the conditions applied to the diode.</p><p><strong>Reason (R):</strong> This statement is also true. The primary factor that controls the depletion layer thickness is the external voltage, or bias, applied across the diode. Applying a forward bias voltage decreases the width of the depletion layer, while applying a reverse bias voltage increases it. The doping concentration of the semiconductor also affects the initial width.</p><p><strong>Conclusion:</strong> The Reason provides the correct explanation for the Assertion. The depletion layer thickness is not fixed precisely because it depends on factors like the applied bias. Therefore, both A and R are true, and R is the correct explanation of A.</p>"
                  }
                ]
              },
              {
                "chapter_name": "Atoms",
                "questions": [
                  {
                    "question_no": 14,
                    "question_html": "<p><strong>Assertion (A) :</strong> In Bohr model of hydrogen atom, the angular momentum of an electron in nᵗʰ orbit is proportional to the square root of its orbit radius rₙ.</p><p><strong>Reason (R) :</strong> According to Bohr model, electron can jump to its nearest orbits only.</p>",
                    "options": [
                      {
                        "id": "a",
                        "text": "If both Assertion (A) and Reason (R) are true and Reason (R) is the correct explanation of Assertion (A)."
                      },
                      {
                        "id": "b",
                        "text": "If both Assertion (A) and Reason (R) are true but Reason (R) is not the correct explanation of Assertion (A)."
                      },
                      {
                        "id": "c",
                        "text": "If Assertion (A) is true but Reason (R) is false."
                      },
                      {
                        "id": "d",
                        "text": "If both Assertion (A) and Reason (R) are false."
                      }
                    ],
                    "correct_answer": {
                      "ids": [
                        "c"
                      ]
                    },
                    "question_type": "mcq_single",
                    "difficulty_level": "medium",
                    "explanation_html": "<p><strong>Assertion (A):</strong> According to Bohr's model, the radius of the nᵗʰ orbit is rₙ ∝ n². This means n ∝ √rₙ. Bohr's second postulate states that the angular momentum (L) is quantized as L = n(h/2π). Substituting the proportionality for n, we get L ∝ √rₙ. Thus, the assertion is true.</p><p><strong>Reason (R):</strong> Bohr's model allows for electron transitions between any two allowed orbits, not just adjacent or 'nearest' ones. For example, an electron can jump from n=3 to n=1, emitting a photon. Therefore, the reason is false.</p><p><strong>Conclusion:</strong> Since Assertion (A) is true and Reason (R) is false, the correct option is (C).</p>"
                  }
                ]
              },
              {
                "chapter_name": "Electromagnetic Waves",
                "questions": [
                  {
                    "question_no": 15,
                    "question_html": "<p><strong>Assertion (A) :</strong> Out of Infrared and radio waves, the radio waves show more diffraction effect.</p><p><strong>Reason (R) :</strong> Radio waves have greater frequency than infrared waves.</p>",
                    "options": [
                      {
                        "id": "a",
                        "text": "If both Assertion (A) and Reason (R) are true and Reason (R) is the correct explanation of Assertion (A)."
                      },
                      {
                        "id": "b",
                        "text": "If both Assertion (A) and Reason (R) are true but Reason (R) is not the correct explanation of Assertion (A)."
                      },
                      {
                        "id": "c",
                        "text": "If Assertion (A) is true but Reason (R) is false."
                      },
                      {
                        "id": "d",
                        "text": "If both Assertion (A) and Reason (R) are false."
                      }
                    ],
                    "correct_answer": {
                      "ids": [
                        "c"
                      ]
                    },
                    "question_type": "mcq_single",
                    "difficulty_level": "medium",
                    "explanation_html": "<p><strong>Assertion (A):</strong> Diffraction is the bending of waves as they pass around an obstacle or through an aperture. The effect is most pronounced when the wavelength of the wave is comparable to or larger than the size of the obstacle. Radio waves have wavelengths ranging from meters to kilometers, while infrared waves have wavelengths in the micrometer range. Since radio waves have much longer wavelengths, they diffract much more significantly around everyday objects than infrared waves do. Thus, the assertion is true.</p><p><strong>Reason (R):</strong> For electromagnetic waves, frequency and wavelength are inversely related (c = fλ). Since radio waves have a longer wavelength than infrared waves, they must have a lower frequency. The reason states the opposite. Thus, the reason is false.</p><p><strong>Conclusion:</strong> Since Assertion (A) is true and Reason (R) is false, the correct option is (C).</p>"
                  }
                ]
              },
              {
                "chapter_name": "Alternating Current",
                "questions": [
                  {
                    "question_no": 16,
                    "question_html": "<p><strong>Assertion (A) :</strong> In an ideal step-down transformer, the electrical energy is not lost.</p><p><strong>Reason (R) :</strong> In a step-down transformer, voltage decreases but the current increases.</p>",
                    "options": [
                      {
                        "id": "a",
                        "text": "If both Assertion (A) and Reason (R) are true and Reason (R) is the correct explanation of Assertion (A)."
                      },
                      {
                        "id": "b",
                        "text": "If both Assertion (A) and Reason (R) are true but Reason (R) is not the correct explanation of Assertion (A)."
                      },
                      {
                        "id": "c",
                        "text": "If Assertion (A) is true but Reason (R) is false."
                      },
                      {
                        "id": "d",
                        "text": "If both Assertion (A) and Reason (R) are false."
                      }
                    ],
                    "correct_answer": {
                      "ids": [
                        "a"
                      ]
                    },
                    "question_type": "mcq_single",
                    "difficulty_level": "medium",
                    "explanation_html": "<p><strong>Assertion (A):</strong> An 'ideal' transformer is a theoretical concept defined as a transformer with 100% efficiency. This means there are no energy losses of any kind (e.g., no heat loss in windings, no eddy current loss, no hysteresis loss). Therefore, in an ideal transformer, the electrical energy is conserved (not lost), and the input power equals the output power. The assertion is true.</p><p><strong>Reason (R):</strong> For an ideal transformer, input power equals output power (P_p = P_s), which means V_p * I_p = V_s * I_s. In a step-down transformer, the secondary voltage is less than the primary voltage (V_s < V_p). To maintain the equality of power, the secondary current must be greater than the primary current (I_s > I_p). So, the statement that voltage decreases while current increases is true for a step-down transformer.</p><p><strong>Conclusion:</strong> The reason explains the mechanism by which energy is transferred without loss in a step-down transformer. The inverse relationship between voltage and current is a direct consequence of the principle of conservation of energy (or power). Therefore, the Reason is the correct explanation for the Assertion. </p>"
                  }
                ]
              },
              {
                "chapter_name": "Current Electricity",
                "questions": [
                  {
                    "question_no": 17,
                    "question_html": "<p>(a) Two wires of the same material and the same radius have their lengths in the ratio 2 : 3. They are connected in parallel to a battery which supplies a current of 15 A. Find the current through the wires.</p><p>OR</p><p>(b) In the circuit three ideal cells of e.m.f. V, V and 2V are connected to a resistor of resistance R, a capacitor of capacitance C and another resistor of resistance 2R as shown in figure. In the steady state find</p><p>(i) the potential difference between P and Q and (ii) potential difference across capacitor C.</p>",
                    "images": [
                      {
                        "url": "https://img.testbuddyai.com/Phy-55-2-25-Q17b.png"
                      }
                    ],
                    "options": [],
                    "correct_answer": {
                      "text": "<p><strong>Part (a)</strong></p><p>The resistance R of a wire is given by R = ρl/A. Since the material and radius are the same, ρ and A are constant. Therefore, R ∝ l.</p><p>R₁/R₂ = l₁/l₂ = 2/3.</p><p>When connected in parallel, the current divides inversely to the resistance, so I ∝ 1/R.</p><p>I₁/I₂ = R₂/R₁ = 3/2.</p><p>Also, the total current is I₁ + I₂ = 15 A.</p><p>From the ratio, I₁ = (3/2)I₂. Substituting this into the sum:</p><p>(3/2)I₂ + I₂ = 15 => (5/2)I₂ = 15 => I₂ = (15 × 2)/5 = 6 A.</p><p>Then, I₁ = 15 - I₂ = 15 - 6 = 9 A.</p><p>So, the currents are 9 A and 6 A.</p><hr><p><strong>Part (b)</strong></p><p>In the steady state, the capacitor C acts as an open circuit, and no current flows through the arm containing the capacitor.</p><p>The current 'i' flows through the outer loop containing the cells and resistors R and 2R. Applying Kirchhoff's loop law to this loop (starting from the bottom left corner, clockwise):</p><p>+2V - i(2R) - i(R) - V = 0  (The V cell in the top branch is opposing the 2V cell)</p><p>V = 3iR => i = V/(3R).</p><p><strong>(i) Potential difference between P and Q (V_P - V_Q):</strong></p><p>We can trace the path from Q to P. Let's go through the top branch:</p><p>V_Q - iR - V = V_P</p><p>V_Q - V_P = V + iR = V + (V/3R)R = V + V/3 = 4V/3.</p><p>So, V_P - V_Q = -4V/3.</p><p><strong>(ii) Potential difference across capacitor C (V_C):</strong></p><p>The potential difference across the capacitor is the same as the potential difference between points P and Q, since no current flows through the capacitor arm. </p><p>V_C = V_P - V_Q = -4V/3. The magnitude is 4V/3.</p>"
                    },
                    "question_type": "Very Short Answer (2 marks)",
                    "difficulty_level": "hard",
                    "explanation_html": null
                  }
                ]
              },
              {
                "chapter_name": "Wave Optics",
                "questions": [
                  {
                    "question_no": 18,
                    "question_html": "<p>In a double-slit experiment, 6ᵗʰ dark fringe is observed at a certain point of the screen. A transparent sheet of thickness t and refractive index n is now introduced in the path of one of the two interfering waves to increase its phase by 2π(n − 1)t/λ. The pattern is shifted and 8ᵗʰ bright fringe is observed at the same point. Find the relation for thickness t in terms of n and λ.</p>",
                    "options": [],
                    "correct_answer": {
                      "text": "<p>The position of the nᵗʰ dark fringe is given by y_dark = (n - 1/2)λD/d. For the 6ᵗʰ dark fringe (n=6), the position is y = (6 - 1/2)λD/d = (11/2)λD/d.</p><p>The position of the mᵗʰ bright fringe is given by y_bright = mλD/d. For the 8ᵗʰ bright fringe (m=8), the position is y = 8λD/d.</p><p>When the transparent sheet is introduced, the entire pattern shifts. The shift in the pattern is given by Δy = (n-1)tD/d.</p><p>The new position of the 8ᵗʰ bright fringe is at the old position of the 6ᵗʰ dark fringe.</p><p>The shift is the difference between these two positions:</p><p>Δy = y_bright(new) - y_bright(old) = (Position of 6ᵗʰ dark) - (Position of 8ᵗʰ bright)</p><p>Wait, the wording is that the *new* 8th bright fringe is at the *same point* as the *old* 6th dark fringe. This means the original 8th bright fringe has been shifted to that point.</p><p>Let the original position of the 8ᵗʰ bright fringe be y₈_old = 8λD/d. Let the position of the 6ᵗʰ dark fringe be y₆_dark = (11/2)λD/d.</p><p>The shift Δy moves the 8ᵗʰ bright fringe to the location of the 6ᵗʰ dark fringe. The direction of shift is away from the slit with the sheet. So, y₈_new = y₈_old + Δy = y₆_dark. This is incorrect logic.</p><p>Let's use path difference. The path difference for the 6ᵗʰ dark fringe is Δx = (2*6 - 1)λ/2 = 11λ/2.</p><p>The path difference for the 8ᵗʰ bright fringe is Δx' = 8λ.</p><p>Introducing the sheet adds an optical path of (n-1)t. The new path difference at the same point is the old path difference minus the added path. Let's assume the sheet is in path 1. New path difference = (S₂P - S₁P) - (n-1)t. For the 8th bright fringe to be here, this must equal 8λ.</p><p>(11λ/2) - (n-1)t = 8λ. This gives a negative thickness.</p><p>Let's reconsider. The shift is such that the entire pattern moves. The position of the 8th bright fringe after the shift is the same as the position of the 6th dark fringe before the shift. </p><p>y_shifted = y_original + (n-1)tD/d. </p><p>The new 8th bright fringe is at y' = 8λD/d + (n-1)tD/d. This point is the same as the old 6th dark fringe position y = (11/2)λD/d. This also seems wrong.</p><p>Let's go back to the phase difference. Phase difference for 6ᵗʰ dark fringe = (2*6 - 1)π = 11π. Phase difference for 8ᵗʰ bright fringe = 2*8π = 16π. The phase is increased by ΔΦ = 2π(n-1)t/λ. So, 11π + 2π(n-1)t/λ = 16π. 2π(n-1)t/λ = 5π. (n-1)t = 5λ/2. t = 5λ / [2(n-1)].</p>"
                    },
                    "question_type": "Very Short Answer (2 marks)",
                    "difficulty_level": "hard",
                    "explanation_html": null
                  }
                ]
              },
              {
                "chapter_name": "Ray Optics and Optical Instruments",
                "questions": [
                  {
                    "question_no": 19,
                    "question_html": "<p>Two concave lenses A and B, each of focal length 8.0 cm are placed coaxially 16 cm apart as shown in figure. An object P is placed at a distance of 4.0 cm from A. Find the position and nature of the final image formed.</p>",
                    "images": [
                      {
                        "url": "https://img.testbuddyai.com/Phy-55-2-25-Q19.png"
                      }
                    ],
                    "options": [],
                    "correct_answer": {
                      "text": "<p><strong>For the first lens (A):</strong></p><p>The lens is concave, so its focal length is negative, f₁ = -8.0 cm.</p><p>The object P is placed to the left, so the object distance is u₁ = -4.0 cm.</p><p>Using the lens formula: 1/v₁ - 1/u₁ = 1/f₁</p><p>1/v₁ - 1/(-4.0) = 1/(-8.0)</p><p>1/v₁ + 1/4 = -1/8</p><p>1/v₁ = -1/8 - 1/4 = (-1 - 2)/8 = -3/8</p><p>v₁ = -8/3 cm ≈ -2.67 cm.</p><p>The first image (I₁) is virtual and formed 8/3 cm to the left of lens A.</p><p><strong>For the second lens (B):</strong></p><p>The image I₁ formed by lens A acts as a virtual object for lens B.</p><p>The distance of this object from lens B is u₂ = -(16 cm + 8/3 cm) = -(48/3 + 8/3) = -56/3 cm.</p><p>The focal length of lens B is also f₂ = -8.0 cm.</p><p>Using the lens formula again: 1/v₂ - 1/u₂ = 1/f₂</p><p>1/v₂ - 1/(-56/3) = 1/(-8.0)</p><p>1/v₂ + 3/56 = -1/8</p><p>1/v₂ = -1/8 - 3/56 = (-7 - 3)/56 = -10/56</p><p>v₂ = -56/10 = -5.6 cm.</p><p>The final image is formed 5.6 cm to the left of lens B. Since v₂ is negative, the final image is **virtual**.</p>"
                    },
                    "question_type": "Very Short Answer (2 marks)",
                    "difficulty_level": "hard",
                    "explanation_html": null
                  }
                ]
              },
              {
                "chapter_name": "Dual Nature of Radiation and Matter",
                "questions": [
                  {
                    "question_no": 20,
                    "question_html": "<p>A light of wavelength 400 nm is incident on metal surface whose work function is 3.0 × 10⁻¹⁹ J. Calculate the speed of the fastest photoelectrons emitted.</p>",
                    "options": [],
                    "correct_answer": {
                      "text": "<p>We use Einstein's photoelectric equation: K_max = E - Φ₀, where K_max is the maximum kinetic energy of the photoelectrons, E is the energy of the incident photon, and Φ₀ is the work function.</p><p>1.  <strong>Calculate the energy of the incident photon (E):</strong></p><p>E = hc/λ</p><p>Given: h = 6.63 × 10⁻³⁴ J·s, c = 3 × 10⁸ m/s, λ = 400 nm = 400 × 10⁻⁹ m.</p><p>E = (6.63 × 10⁻³⁴ × 3 × 10⁸) / (400 × 10⁻⁹) J</p><p>E = 19.89 × 10⁻²⁶ / (4 × 10⁻⁷) J = 4.97 × 10⁻¹⁹ J.</p><p>2.  <strong>Calculate the maximum kinetic energy (K_max):</strong></p><p>Φ₀ = 3.0 × 10⁻¹⁹ J.</p><p>K_max = E - Φ₀ = 4.97 × 10⁻¹⁹ J - 3.0 × 10⁻¹⁹ J = 1.97 × 10⁻¹⁹ J.</p><p>3.  <strong>Calculate the speed (v_max):</strong></p><p>K_max = (1/2)mv_max², where m is the mass of an electron (9.1 × 10⁻³¹ kg).</p><p>v_max² = 2K_max / m = (2 × 1.97 × 10⁻¹⁹) / (9.1 × 10⁻³¹) ≈ 0.433 × 10¹²</p><p>v_max = √(0.433 × 10¹²) ≈ 0.66 × 10⁶ m/s = 6.6 × 10⁵ m/s.</p><p>Checking the provided solution: The solution calculates E = 19.89/4 x 10⁻¹⁹ J which is correct. The next step shows 19.89/4 x 10⁻¹⁹ = 3x10⁻¹⁹ + Kmax. This leads to Kmax = (4.97 - 3) x 10⁻¹⁹ = 1.97 x 10⁻¹⁹ J. The final calculation in the solution is v = 2/3 x 10⁶ m/s, which is approximately 0.67 x 10⁶ m/s. This matches our result.</p>"
                    },
                    "question_type": "Very Short Answer (2 marks)",
                    "difficulty_level": "medium",
                    "explanation_html": null
                  }
                ]
              },
              {
                "chapter_name": "Semiconductor Electronics: Materials, Devices and Simple Circuits",
                "questions": [
                  {
                    "question_no": 21,
                    "question_html": "<p>The threshold voltage of a silicon diode is 0.7 V. It is operated at this point by connecting the diode in series with a battery of V volt and a resistor of 1000 Ω. Find the value of V when the current drawn is 15 mA.</p>",
                    "options": [],
                    "correct_answer": {
                      "text": "<p>When the diode is operating, it has a forward voltage drop equal to its threshold voltage, V_diode = 0.7 V.</p><p>The diode is in series with a resistor (R = 1000 Ω) and a battery (voltage V). The current flowing in the circuit is I = 15 mA = 15 × 10⁻³ A.</p><p>We can apply Kirchhoff's voltage law to the series circuit:</p><p>V (battery) - V_resistor - V_diode = 0</p><p>The voltage drop across the resistor is given by Ohm's law: V_resistor = I × R.</p><p>V_resistor = (15 × 10⁻³ A) × 1000 Ω = 15 V.</p><p>Now substitute the values back into Kirchhoff's law:</p><p>V - 15 V - 0.7 V = 0</p><p>V = 15 V + 0.7 V</p><p>V = 15.7 V.</p>"
                    },
                    "question_type": "Very Short Answer (2 marks)",
                    "difficulty_level": "easy",
                    "explanation_html": null
                  }
                ]
              },
              {
                "chapter_name": "Current Electricity",
                "questions": [
                  {
                    "question_no": 22,
                    "question_html": "<p>(a) A cell of e.m.f. E and internal resistance r is connected with a variable external resistance R and a voltmeter showing potential drop V across R. Obtain the relationship between V, E, R and r.</p><p>(b) Draw the shape of the graph showing the variation of terminal voltage V of the cell as a function of current I drawn from it. How one can determine the e.m.f. of the cell and its internal resistance from this graph ?</p>",
                    "options": [],
                    "correct_answer": {
                      "text": "<p><strong>Part (a)</strong></p><p>The current (I) drawn from the cell is given by Ohm's law for the complete circuit:</p><p>I = Total EMF / Total Resistance = E / (R + r).</p><p>The voltmeter measures the potential drop V across the external resistance R. According to Ohm's law applied to the external resistor:</p><p>V = I × R.</p><p>Substitute the expression for I into this equation:</p><p>V = [E / (R + r)] × R.</p><p>This is the relationship between V, E, R, and r. It is also known as the terminal voltage equation.</p><p>Alternatively, V = E - Ir. Since I = V/R, we get V = E - (V/R)r.</p><hr><p><strong>Part (b)</strong></p><p><strong>Graph of V vs I:</strong></p><p>The relationship between terminal voltage V and current I is given by the equation V = E - Ir. This is an equation of a straight line of the form y = c + mx, where y = V, x = I, the slope m = -r, and the y-intercept c = E.</p><p>The graph is a straight line with a negative slope that intercepts the V-axis at E and the I-axis at the short-circuit current (I_sc = E/r).</p><p><strong>Determining EMF and Internal Resistance:</strong></p><ol><li><strong>EMF (E):</strong> The EMF of the cell is equal to the y-intercept of the V-I graph. This is the value of the terminal voltage when the current drawn is zero (I=0), which corresponds to the open-circuit voltage.</li><li><strong>Internal Resistance (r):</strong> The internal resistance of the cell is equal to the negative of the slope of the V-I graph.  Slope = ΔV / ΔI, so r = - (Slope).</li></ol>"
                    },
                    "question_type": "Short Answer (3 marks)",
                    "difficulty_level": "medium",
                    "explanation_html": null
                  }
                ]
              },
              {
                "chapter_name": "Moving Charges and Magnetism",
                "questions": [
                  {
                    "question_no": 23,
                    "question_html": "<p>(a) In a region of a uniform electric field E, a negatively charged particle is moving with a constant velocity v = -v₀ î near a long straight conductor coinciding with XX’ axis and carrying current I towards –X axis. The particle remains at a distance d from the conductor.</p><p>(i) Draw diagram, showing direction of electric and magnetic fields.</p><p>(ii) What are the various forces acting on the charged particle ?</p><p>(iii) Find the value of v₀ in terms of E, d and I.</p><p>OR</p><p>(b) Two infinitely long conductors kept along XX’ and YY’ axes are carrying current I₁ and I₂ along –X axis and –Y axis respectively. Find the magnitude and direction of the net magnetic field produced at point P(X, Y).</p>",
                    "options": [],
                    "correct_answer": {
                      "text": "<p><strong>Part (a)</strong></p><p><strong>(i) Diagram:</strong> The diagram should show the XX' axis with current I to the left (–X direction). The negatively charged particle is below the axis at distance d, moving left with velocity v₀. The magnetic field (B) produced by the wire at the particle's location is directed into the page (–Z direction, by the right-hand rule). Since the particle moves at a constant velocity, the net force on it is zero. There is an electric force (F_e) and a magnetic force (F_m) that must balance. The magnetic force on a negative charge moving left in a field directed inwards is F_m = q(v × B) = (-e)(-v₀î × -B_z k̂) = -ev₀B_z(î × k̂) = -ev₀B_z(-ĵ) = ev₀B_z ĵ (upwards). To balance this, the electric force F_e = qE = (-e)E must be downwards. This means the electric field E must be directed upwards (E = Eĵ).</p><p><strong>(ii) Forces:</strong> The two forces acting on the particle are: 1. The electric force, F_e = qE, directed downwards. 2. The magnetic force (Lorentz force), F_m = q(v × B), directed upwards.</p><p><strong>(iii) Value of v₀:</strong> For the particle to move with constant velocity, the net force must be zero, so F_e + F_m = 0, or |F_e| = |F_m|. The magnitude of the electric force is |F_e| = eE. The magnitude of the magnetic field due to the long straight conductor at distance d is B = (μ₀I)/(2πd). The magnitude of the magnetic force is |F_m| = ev₀B = ev₀(μ₀I)/(2πd). Equating the magnitudes: eE = ev₀(μ₀I)/(2πd). v₀ = (2πdE)/(μ₀I).</p><hr><p><strong>Part (b)</strong></p><p>The point P is at (X, Y). We need to find the magnetic field from each wire at this point.</p><p><strong>Wire along XX' (current I₁ in –X direction):</strong> The distance from this wire to point P is Y. Using the right-hand rule for a current in the –X direction, the magnetic field at a point with positive Y is into the page (–Z direction). The magnitude is B₁ = (μ₀I₁)/(2πY). So, B₁ = - (μ₀I₁)/(2πY) k̂.</p><p><strong>Wire along YY' (current I₂ in –Y direction):</strong> The distance from this wire to point P is X. Using the right-hand rule for a current in the –Y direction, the magnetic field at a point with positive X is out of the page (+Z direction). The magnitude is B₂ = (μ₀I₂)/(2πX). So, B₂ = (μ₀I₂)/(2πX) k̂.</p><p><strong>Net Magnetic Field (B_net):</strong> The net field is the vector sum B_net = B₁ + B₂.</p><p>B_net = [ (μ₀I₂)/(2πX) - (μ₀I₁)/(2πY) ] k̂.</p><p>The **magnitude** is |B_net| = | (μ₀/2π) * (I₂/X - I₁/Y) |.</p><p>The **direction** is along the Z-axis (k̂ direction) if I₂/X > I₁/Y, and along the –Z-axis (–k̂ direction) if I₂/X < I₁/Y.</p>"
                    },
                    "question_type": "Short Answer (3 marks)",
                    "difficulty_level": "hard",
                    "explanation_html": null
                  }
                ]
              },
              {
                "chapter_name": "Electromagnetic Induction",
                "questions": [
                  {
                    "question_no": 24,
                    "question_html": "<p>(a) State Lenz’s law.</p><p>(b) In the given figure :</p><p>(i) Identify the machine.</p><p>(ii) Name the parts P and Q and R of the machine.</p><p>(iii) Give the polarities of the magnetic poles.</p><p>(iv) Write two ways of increasing the output voltage.</p>",
                    "images": [
                      {
                        "url": "https://img.testbuddyai.com/Phy-55-2-25-Q24b.png"
                      }
                    ],
                    "options": [],
                    "correct_answer": {
                      "text": "<p><strong>Part (a)</strong></p><p><strong>Lenz's Law:</strong> Lenz's law states that the polarity of the induced electromotive force (e.m.f.) is such that it tends to produce a current which opposes the change in magnetic flux that produced it.</p><hr><p><strong>Part (b)</strong></p><p><strong>(i) Identify the machine:</strong> The machine shown is an AC generator (or AC dynamo).</p><p><strong>(ii) Name the parts:</strong></p><ul><li>P: Slip rings</li><li>Q: Carbon brushes</li><li>R: Armature coil (or rotor)</li></ul><p><strong>(iii) Give the polarities of the magnetic poles:</strong> Based on the direction of rotation shown and the current direction indicated by Fleming's right-hand rule, the left side of the magnet is the North pole and the right side is the South pole.</p><p><strong>(iv) Two ways of increasing the output voltage:</strong> The induced e.m.f. is proportional to the number of turns (N), magnetic field strength (B), area of the coil (A), and angular speed of rotation (ω). To increase the output voltage, one can:</p><ol><li>Increase the number of turns in the armature coil (R).</li><li>Increase the speed of rotation of the armature coil.</li><li>Increase the strength of the magnetic field.</li></ol>"
                    },
                    "question_type": "Short Answer (3 marks)",
                    "difficulty_level": "medium",
                    "explanation_html": null
                  }
                ]
              },
              {
                "chapter_name": "Electromagnetic Waves",
                "questions": [
                  {
                    "question_no": 25,
                    "question_html": "<p>(a) The electric field E of an electromagnetic wave propagating in north direction is oscillating in up and down direction. Describe the direction of magnetic field B of the wave.</p><p>(b) Are the wave length of radio waves and microwaves longer or shorter than those detectable by human eyes ?</p><p>(c) Write main use of each of the following in human life :</p><p>(i) Infrared waves (ii) Gamma rays</p>",
                    "options": [],
                    "correct_answer": {
                      "text": "<p><strong>Part (a)</strong></p><p>The direction of propagation of an electromagnetic wave (k), the direction of the electric field oscillation (E), and the direction of the magnetic field oscillation (B) are mutually perpendicular. The direction of propagation is given by the vector cross product E × B.</p><p>Given: Direction of propagation is North. Direction of E is Up/Down.</p><p>Let Up be the +Y direction and North be the +Z direction. So, E is along the Y-axis and k is along the Z-axis. For the wave to propagate along the Z-axis, E × B must be in the Z direction. If E is along +Y, then B must be along +X for (Y × X) to be -Z... wait. Let's use the standard right-hand rule: E (Y) × B (?) = k (Z). This means B must be in the X direction. In geographical terms, if propagation is North and E is Up, then B must oscillate in the East-West direction.</p><hr><p><strong>Part (b)</strong></p><p>The wavelengths detectable by human eyes constitute the visible spectrum (approximately 400 nm to 700 nm). Both radio waves (wavelengths from meters to kilometers) and microwaves (wavelengths from millimeters to meters) have wavelengths that are **longer** than those of visible light.</p><hr><p><strong>Part (c)</strong></p><p><strong>(i) Use of Infrared waves:</strong> Infrared waves are used in remote controls for televisions and other electronic devices, for physical therapy (heat lamps), in night vision equipment, and for thermal imaging.</p><p><strong>(ii) Use of Gamma rays:</strong> Gamma rays are used in medicine for radiotherapy to destroy cancerous cells (cancer treatment) and to sterilize medical equipment. They are also used in diagnostic imaging techniques.</p>"
                    },
                    "question_type": "Short Answer (3 marks)",
                    "difficulty_level": "easy",
                    "explanation_html": null
                  }
                ]
              },
              {
                "chapter_name": "Ray Optics and Optical Instruments",
                "questions": [
                  {
                    "question_no": 26,
                    "question_html": "<p>(a) When a parallel beam of light enters water surface obliquely at some angle, what is the effect on the width of the beam ?</p><p>(b) With the help of a ray diagram, show that a straw appears bent when it is partly dipped in water and explain it.</p><p>(c) Explain the transmission of optical signal through an optical fibre by a diagram.</p>",
                    "options": [],
                    "correct_answer": {
                      "text": "<p><strong>Part (a)</strong></p><p>When a parallel beam of light enters water (a denser medium) from air (a rarer medium) obliquely, it bends towards the normal due to refraction. This bending causes the width of the beam, measured parallel to the surface, to increase. Let the width of the incident beam be w. The width projected on the surface is w/cos(i). After refraction, the width of the refracted beam is w'. The width projected on the surface is w'/cos(r). Since these must be equal, w/cos(i) = w'/cos(r), so w' = w * cos(r)/cos(i). By Snell's law, sin(i)/sin(r) = n > 1, so i > r. This means cos(r) > cos(i), and therefore the width of the refracted beam w' is greater than the incident width w. The width of the beam increases.</p><hr><p><strong>Part (b)</strong></p><p><strong>Ray Diagram and Explanation:</strong> The diagram should show a straight straw partly in air and partly in water. From a point P on the submerged part of the straw, draw two rays of light travelling upwards towards the air-water interface. As these rays emerge from water (denser) into air (rarer), they bend away from the normal. When these refracted rays are extended backwards, they appear to meet at a point P' which is at a shallower depth than P. The eye, positioned in the air, perceives the submerged part of the straw as being at this shallower position P'. This makes the straw appear bent at the point where it enters the water.</p><hr><p><strong>Part (c)</strong></p><p><strong>Transmission through Optical Fibre:</strong> The diagram should show a cross-section of an optical fibre with a central core (higher refractive index, n_core) and an outer cladding (lower refractive index, n_cladding). A light ray is shown entering the core at one end at an angle such that its angle of incidence at the core-cladding interface is greater than the critical angle. The diagram should then show this ray undergoing a series of total internal reflections (TIR) as it bounces off the interface and propagates down the length of the fibre. The explanation is that the light signal is confined within the core due to the principle of total internal reflection, allowing it to travel long distances with very little loss of intensity.</p>"
                    },
                    "question_type": "Short Answer (3 marks)",
                    "difficulty_level": "medium",
                    "explanation_html": null
                  }
                ]
              },
              {
                "chapter_name": "Nuclei",
                "questions": [
                  {
                    "question_no": 27,
                    "question_html": "<p>(a) Show the variation of binding energy per nucleon with mass number. Write the significance of the binding energy curve.</p><p>(b) Two nuclei with lower binding energy per nucleon form a nuclei with more binding energy per nucleon.</p><p>(i) What type of nuclear reaction is it ?</p><p>(ii) Whether the total mass of nuclei increases, decreases or remains unchanged ?</p><p>(iii) Does the process require energy or produce energy ?</p>",
                    "options": [],
                    "correct_answer": {
                      "text": "<p><strong>Part (a)</strong></p><p><strong>Binding Energy Curve:</strong> The graph shows Mass Number (A) on the x-axis and Binding Energy per Nucleon (BE/A) in MeV on the y-axis. The curve starts low for light nuclei, rises sharply to a broad peak around A = 56 (Iron) at about 8.8 MeV, and then gradually decreases for heavier nuclei.</p><p><strong>Significance:</strong> The binding energy curve shows the relative stability of atomic nuclei. Nuclei with a higher binding energy per nucleon are more stable. The peak of the curve around iron indicates that these are the most stable elements. The curve's shape explains why energy is released in both nuclear fission (a heavy nucleus splits into lighter, more stable nuclei) and nuclear fusion (light nuclei combine to form a heavier, more stable nucleus).</p><hr><p><strong>Part (b)</strong></p><p><strong>(i) Type of reaction:</strong> The process described, where two lighter nuclei combine to form a heavier nucleus with a higher binding energy per nucleon, is called **nuclear fusion**.</p><p><strong>(ii) Change in total mass:</strong> According to the mass-energy equivalence principle (E=mc²), an increase in binding energy corresponds to a decrease in the total mass of the system. The difference in mass (mass defect) is converted into the energy released. Therefore, the total mass of the nuclei **decreases**.</p><p><strong>(iii) Energy requirement:</strong> Since the final nucleus is more stable (higher binding energy), the system has moved to a lower energy state. This means that energy is released by the process. Therefore, the process **produces energy**.</p>"
                    },
                    "question_type": "Short Answer (3 marks)",
                    "difficulty_level": "medium",
                    "explanation_html": null
                  }
                ]
              },
              {
                "chapter_name": "Semiconductor Electronics: Materials, Devices and Simple Circuits",
                "questions": [
                  {
                    "question_no": 28,
                    "question_html": "<p>(a) What are majority and minority charge carriers in an extrinsic semiconductor ?</p><p>(b) A p-n junction is forward biased. Describe the movement of the charge carriers which produce current in it.</p><p>(c) The graph shows the variation of current with voltage for a p-n junction diode. Estimate the dynamic resistance of diode at V = –0.6 volt.</p>",
                    "images": [
                      {
                        "url": "https://img.testbuddyai.com/Phy-55-2-25-Q28c.png"
                      }
                    ],
                    "options": [],
                    "correct_answer": {
                      "text": "<p><strong>Part (a)</strong></p><p>In an extrinsic semiconductor, the charge carriers whose number density is large due to doping are known as **majority charge carriers**. The charge carriers which are thermally generated and whose number density is small are known as **minority charge carriers**.</p><ul><li>In n-type semiconductors, electrons are the majority carriers and holes are the minority carriers.</li><li>In p-type semiconductors, holes are the majority carriers and electrons are the minority carriers.</li></ul><hr><p><strong>Part (b)</strong></p><p>When a p-n junction is forward biased, the applied positive voltage to the p-side repels the majority carriers (holes) towards the junction, and the applied negative voltage to the n-side repels its majority carriers (electrons) towards the junction. This reduces the width of the depletion layer and lowers the potential barrier. As a result, the majority carriers from both sides have enough energy to cross the junction. Holes from the p-side cross into the n-side, and electrons from the n-side cross into the p-side. This movement of majority charge carriers across the junction constitutes the forward current.</p><hr><p><strong>Part (c)</strong></p><p>Dynamic resistance (r_d) is defined as the ratio of a small change in voltage (ΔV) to the corresponding small change in current (ΔI), i.e., r_d = ΔV/ΔI. It is the reciprocal of the slope of the V-I graph.</p><p>Looking at the provided graph, at V = -0.6 volt, the diode is in reverse bias. The graph shows that the current (I) in this region is zero and does not change for small changes in voltage around -0.6 V. Therefore, ΔI = 0.</p><p>Since ΔI = 0, the dynamic resistance r_d = ΔV/0, which is **infinite**.</p>"
                    },
                    "question_type": "Short Answer (3 marks)",
                    "difficulty_level": "medium",
                    "explanation_html": null
                  }
                ]
              },
              {
                "chapter_name": "Electrostatic Potential and Capacitance",
                "questions": [
                  {
                    "question_no": 29,
                    "question_html": "<p>A parallel plate capacitor has two parallel plates which are separated by an insulating medium like air, mica etc. When the plates are connected to the terminals of a battery, they get equal and opposite charges and an electric field is set up in between them. This electric field between the two plates depends upon the potential difference applied, the separation of the plates and of the medium between the plates.</p><p>(i) The electric field between the plates of a parallel plate capacitor is E. Now the separation between the plates is doubled and simultaneously the applied potential difference between the plates is reduced to half of its initial value. The new value of the electric field between the plates will be :</p><p>(A) E (B) 2E (C) E/4 (D) E/2</p><p>(iv) Three parallel plates are placed above each other with equal displacement d between neighbouring plates. The electric field between the first pair of the plates is E₁ and the electric field between the second pair of the plates is E₂. The potential difference between the first plate and the third plate is –</p><p>(A) (E₁ + E₂) ⋅ d (B) (E₁ – E₂) ⋅ d (C) (E₂ – E₁) ⋅ d (D) d(E₁ + E₂)/2</p><p>OR</p><p>(iv) A material of dielectric constant K is filled in a parallel plate capacitor of capacitance C. The new value of its capacitance becomes</p><p>(A) C (B) C/K (C) CK (D) C(1 + 1/K)</p>",
                    "options": [],
                    "correct_answer": {
                      "text": "<p><strong>(i) Answer: (C) E/4</strong></p><p>The electric field E between the plates of a parallel plate capacitor is given by E = V/d, where V is the potential difference and d is the separation.</p><p>Initial field: E = V/d.</p><p>New conditions: d' = 2d and V' = V/2.</p><p>New field: E' = V'/d' = (V/2) / (2d) = (1/4)(V/d) = E/4.</p><hr><p><strong>(iv) Answer: (A) (E₁ + E₂) ⋅ d</strong></p><p>The potential difference is the line integral of the electric field. Let the plates be P₁, P₂, and P₃. The potential difference between P₁ and P₃ is V₁₃ = V₁₂ + V₂₃. Assuming the fields E₁ and E₂ are in the same direction, the potential difference across the first gap is V₁₂ = E₁d, and across the second gap is V₂₃ = E₂d. The total potential difference is V₁₃ = E₁d + E₂d = (E₁ + E₂)d. Since E and d are vectors, this is more accurately written as (E₁ + E₂) ⋅ d, assuming d is the displacement vector from one plate to the next.</p><p><strong>OR</strong></p><p><strong>(iv) Answer: (C) CK</strong></p><p>The capacitance of an air-filled parallel plate capacitor is C = ε₀A/d. When a dielectric material of constant K is filled between the plates, the permittivity of the medium becomes Kε₀. The new capacitance C' is given by C' = (Kε₀)A/d = K(ε₀A/d) = KC. The new capacitance is K times the original capacitance.</p>"
                    },
                    "question_type": "Case-based Subjective",
                    "difficulty_level": "medium",
                    "explanation_html": null
                  }
                ]
              },
              {
                "chapter_name": "Dual Nature of Radiation and Matter",
                "questions": [
                  {
                    "question_no": 30,
                    "question_html": "<p>When a photon of suitable frequency is incident on a metal surface, photoelectron is emitted from it. If the frequency is below a threshold frequency (ν₀), no photoelectron is emitted. For a photon of frequency ν(> ν₀), the kinetic energy of the emitted photoelectrons is h(ν − ν₀). The current can be stopped by applying a potential V₀ called ‘stopping potential’ on the anode. Thus maximum kinetic energy of photoelectrons is K_m = eV₀ = h(ν − ν₀). The experimental graph between V₀ and ν for a metal is shown in figure. This is a straight line of slope m.</p><p>(i) The straight line graphs obtained for two metals</p><p>(A) coincide each other (B) are parallel to each other (C) are not parallel to each other and cross at a point on ν-axis. (D) are not parallel to each other and do not cross at a point on ν-axis.</p><p>(ii) The value of Planck’s constant for this metal is</p><p>(A) e/m (B) 1/me (C) me (D) m/e</p><p>(iii) The intercepts on ν-axis and V₀-axis of the graph are respectively :</p><p>(A) hν₀/e, ν₀ (B) ν₀, hν₀ (C) hν₀/e, -ν₀ (D) hν₀, ν₀</p><p>OR</p><p>(iii) When the wavelength of a photon is doubled, how many times its wave number and frequency become, respectively ?</p><p>(A) 2, 1/2 (B) 1/2, 1/2 (C) 1/2, 2 (D) 2, 2</p><p>(iv) The momentum of a photon is 5.0 × 10⁻²⁹ kg. m/s. Ignoring relativistic effects (if any), the wavelength of the photon is</p><p>(A) 1.33 μm (B) 3.3 μm (C) 16.6 μm (D) 13.3 μm</p>",
                    "images": [
                      {
                        "url": "https://img.testbuddyai.com/Phy-55-2-25-Q30.png"
                      }
                    ],
                    "options": [],
                    "correct_answer": {
                      "text": "<p><strong>(i) (B) are parallel to each other</strong></p><p>Equation: V₀ = (h/e)ν − (hν₀/e). This is of the form y = mx + c, where y = V₀, x = ν, and slope m = h/e. Since h (Planck’s constant) and e (electron charge) are universal constants, the slope of the V₀ vs ν graph is the same for all metals. Different metals have different threshold frequencies ν₀, so their intercepts differ, but the graphs are parallel.</p><hr><p><strong>(ii) Answer: (C) me</strong></p><p>Given slope m = h/e. Therefore, Planck’s constant h = m·e. Option (C) correctly represents h = me.</p><hr><p><strong>(iii) Answer (first case):</strong></p><p>Equation: V₀ = (h/e)ν − (hν₀/e). Intercept on ν-axis is found by setting V₀ = 0: ν = ν₀. Intercept on V₀-axis is found by setting ν = 0: V₀ = −hν₀/e. So the intercepts are (ν₀, 0) on ν-axis and (0, −hν₀/e) on V₀-axis. None of the given options matches exactly, but if only magnitudes are considered, the pair is (hν₀/e, ν₀). Intended correct option: (A) hν₀/e, ν₀ (though notation seems inconsistent).</p><p><strong>OR</strong></p><p><strong>(iii) Answer: (B) 1/2, 1/2</strong></p><p>If the wavelength λ is doubled, new wave number k = 1/λ′ = 1/(2λ) = (1/2)(1/λ). Similarly, new frequency f = c/λ′ = c/(2λ) = (1/2)f. Thus both wave number and frequency reduce to half. Correct option: (B).</p><hr><p><strong>(iv) Answer: (D) 13.3 μm</strong></p><p>Momentum of a photon p = h/λ → λ = h/p. Substituting h = 6.63 × 10⁻³⁴ J·s and p = 5.0 × 10⁻²⁹ kg·m/s: λ = (6.63 × 10⁻³⁴)/(5.0 × 10⁻²⁹) = 1.326 × 10⁻⁵ m = 13.3 μm. Correct option: (D).</p>"
                    },
                    "question_type": "Case-based Subjective",
                    "difficulty_level": "medium",
                    "explanation_html": null
                  }
                ]
              },
              {
                "chapter_name": "Electrostatic Potential and Capacitance",
                "questions": [
                  {
                    "question_no": 31,
                    "question_html": "<p>(a) (i) A small conducting sphere A of radius r charged to a potential V, is enclosed by a spherical conducting shell B of radius R. If A and B are connected by a thin wire, calculate the final potential on sphere A and shell B.</p><p>(ii) Write two characteristics of equipotential surfaces. A uniform electric field of 50 NC⁻¹ is set up in a region along +x axis. If the potential at the origin (0, 0) is 220 V, find the potential at a point (4m, 3m).</p><p>OR</p><p>(b) (i) What is difference between an open surface and a closed surface ? Draw elementary surface vector dS for a spherical surface S.</p><p>(ii) Define electric flux through a surface. Give the significance of a Gaussian surface. A charge outside a Gaussian surface does not contribute to total electric flux through the surface. Why ?</p><p>(iii) A small spherical shell S₁ has point charges q₁ = –3 μC, q₂ = –2 μC and q₃ = 9 μC inside it. This shell is enclosed by another big spherical shell S₂. A point charge Q is placed in between the two surfaces S₁ and S₂. If the electric flux through the surface S₂ is four times the flux through surface S₁, find charge Q.</p>",
                    "options": [],
                    "correct_answer": {
                      "text": "<p><strong>Part (a)</strong></p><p><strong>(i) Final Potential:</strong> Initially, sphere A has charge Q = 4πε₀rV. When A and B are connected by a wire, they form a single conductor. The charge Q from sphere A will redistribute and move to the outer surface of the shell B. The final charge on A will be zero, and the final charge on shell B will be Q. Since the charge is on the outer shell, the potential of both A and B will be the same and equal to the potential of shell B. The final potential V' is given by V' = Q / (4πε₀R) = (4πε₀rV) / (4πε₀R) = (r/R)V.</p><p><strong>(ii) Characteristics and Potential Calculation:</strong> Two characteristics of equipotential surfaces are: 1. No work is done in moving a charge from one point to another on an equipotential surface. 2. The electric field is always perpendicular to the equipotential surface at every point. For a uniform electric field E along the +x axis, the potential V changes with x according to the relation ΔV = -E⋅Δx. The potential does not depend on the y-coordinate. Potential at P(4,3) is V_p. Potential at origin O(0,0) is V_o = 220 V. V_p - V_o = -E(x_p - x_o) = -50(4 - 0) = -200 V. V_p = V_o - 200 = 220 - 200 = 20 V.</p><hr><p><strong>Part (b)</strong></p><p><strong>(i) Open vs Closed Surface:</strong> An open surface is a surface that does not enclose a volume (e.g., a flat disk). A closed surface is a surface that completely encloses a volume (e.g., a sphere). The elementary surface vector dS for a spherical surface is a vector with magnitude equal to the area element dS, and its direction is radially outwards, normal to the surface.</p><p><strong>(ii) Electric Flux and Gaussian Surface:</strong> Electric flux is a measure of the total number of electric field lines passing through a given surface. Significance of Gaussian surface: It is a convenient imaginary closed surface used in Gauss's law to simplify the calculation of the electric field, especially in situations with high symmetry. A charge outside a Gaussian surface does not contribute to the total flux because any electric field line from the external charge that enters the closed surface must also exit it. The incoming flux is negative, and the outgoing flux is positive, so the net flux through the surface due to the external charge is zero.</p><p><strong>(iii) Charge Calculation:</strong> According to Gauss's law, flux Φ = q_enclosed / ε₀. Flux through S₁, Φ₁ = (q₁ + q₂ + q₃) / ε₀ = (-3 - 2 + 9)μC / ε₀ = 4 μC / ε₀. Total charge enclosed by S₂, q_enc,₂ = (q₁ + q₂ + q₃) + Q = (4 + Q) μC. Flux through S₂, Φ₂ = (4 + Q) μC / ε₀. Given Φ₂ = 4Φ₁. (4 + Q) / ε₀ = 4 * (4 / ε₀). 4 + Q = 16. Q = 12 μC.</p>"
                    },
                    "question_type": "Long Answer (5 marks)",
                    "difficulty_level": "hard",
                    "explanation_html": null
                  }
                ]
              },
              {
                "chapter_name": "Moving Charges and Magnetism",
                "questions": [
                  {
                    "question_no": 32,
                    "question_html": "<p>(a) (i) What is the source of force acting on a current-carrying conductor placed in a magnetic field ? Obtain the expression for force acting between two long straight parallel conductors carrying steady currents and hence define ‘ampere’.</p><p>(ii) A point charge q is moving with velocity v in a uniform magnetic field B. Find the work done by the magnetic force on the charge.</p><p>(iii) Explain the necessary conditions in which the trajectory of a charged particle is helical in a uniform magnetic field.</p><p>OR</p><p>(b) (i) A current carrying loop can be considered as a magnetic dipole placed along its axis. Explain.</p><p>(ii) Obtain the relation for magnetic dipole moment M of a current carrying coil. Give the direction of M.</p><p>(iii) A current carrying coil is placed in an external uniform magnetic field. The coil is free to turn in the magnetic field. What is the net force acting on the coil ? Obtain the orientation of the coil in stable equilibrium. Show that in this orientation the flux of the total field (field produced by the loop + external field) through the coil is maximum.</p>",
                    "options": [],
                    "correct_answer": {
                      "text": "<p><strong>Part (a)</strong></p><p><strong>(i) Source of Force and Expression:</strong> The source of the force is the interaction between the external magnetic field and the magnetic field produced by the moving charges (current) within the conductor. A current-carrying conductor experiences a force because the magnetic field exerts a Lorentz force on each individual charge carrier moving within it. The net force is the vector sum of all these individual forces. The force on a length L of wire 2 due to wire 1 is F₂₁ = I₂(L × B₁). The field B₁ from wire 1 at distance d is B₁ = (μ₀I₁)/(2πd). Thus, the force per unit length is F/L = (μ₀I₁I₂)/(2πd). <strong>Definition of Ampere:</strong> One ampere is defined as that constant current which, if maintained in two long, straight, parallel conductors of negligible circular cross-section, and placed one meter apart in vacuum, would produce between these conductors a force equal to 2 × 10⁻⁷ newton per meter of length.</p><p><strong>(ii) Work Done:</strong> The magnetic force on a charge q is given by F = q(v × B). This force is always perpendicular to the velocity vector v. Since work done is W = ∫ F ⋅ ds = ∫ F ⋅ v dt, and F is perpendicular to v, the dot product F ⋅ v is always zero. Therefore, the work done by the magnetic force on the charge is always zero.</p><p><strong>(iii) Helical Trajectory:</strong> For a charged particle to follow a helical path in a uniform magnetic field, its initial velocity vector must have a component parallel to the magnetic field and a component perpendicular to it. The perpendicular component causes the particle to move in a circular path, while the parallel component causes it to drift along the direction of the field. The combination of these two motions results in a helical trajectory.</p><hr><p><strong>Part (b)</strong></p><p><strong>(i) Loop as a Dipole:</strong> A current-carrying loop produces a magnetic field that, at large distances, is identical to the field of a magnetic dipole. The field lines emerge from one face (the North pole) and enter the other (the South pole), similar to a bar magnet. Thus, it can be treated as a magnetic dipole.</p><p><strong>(ii) Magnetic Dipole Moment:</strong> The magnetic dipole moment M of a coil with N turns, area A, and carrying current I is given by the vector relation M = NIA. The magnitude is M = NIA. The direction of M is given by the right-hand thumb rule: if the fingers of the right hand curl in the direction of the current, the thumb points in the direction of the magnetic moment vector M, which is perpendicular to the plane of the loop.</p><p><strong>(iii) Net Force and Stable Equilibrium:</strong> In a uniform magnetic field, the forces on opposite sides of the rectangular loop are equal and opposite, resulting in a zero net force. However, these forces form a couple that exerts a torque τ = M × B. The potential energy is U = -M ⋅ B. Stable equilibrium occurs when the potential energy is at a minimum. This happens when the angle θ between M and B is 0°, meaning M is aligned parallel to B. In this orientation, the magnetic field produced by the coil itself is in the same direction as the external field. Therefore, the flux of the total field (B_coil + B_external) through the coil is maximum.</p>"
                    },
                    "question_type": "Long Answer (5 marks)",
                    "difficulty_level": "hard",
                    "explanation_html": null
                  }
                ]
              },
              {
                "chapter_name": "Ray Optics and Optical Instruments",
                "questions": [
                  {
                    "question_no": 33,
                    "question_html": "<p>(a) (i) A thin pencil of length (f/4) is placed along the principal axis of a concave mirror of focal length f. The image is real, enlarged and just touches the pencil. Find the magnification.</p><p>(ii) A ray of light is incident on face AB of a prism ABC at an angle of 45°. The angle of prism is 30° and the angle of deviation is 15°. Show that the emergent ray is normal to face AC and find the refractive index of the prism.</p><p><b>OR</b></p><p>(b) (i) In Young’s double slit experiment, light of wavelength 600 nm is used. The slit separation is 1 mm and the distance of the screen from the slits is 1 m. Find the distance of the 3rd bright fringe from the central maximum. Also find the least distance from the central maximum where bright fringes for 600 nm and 480 nm coincide.</p><p>(ii) (1) Draw the variation of intensity with angle in single slit diffraction and write the condition for minima. (2) State how diffraction of light differs from diffraction of sound.</p>",
                    "options": [],
                    "correct_answer": {
                      "text": "<p><b>(a)</b><br>(i) Magnification = −4/3.<br>(ii) Angle of emergence e = 0°, hence the emergent ray is normal to face AC. Refractive index μ = √2.<br><br><b>OR</b><br><br><b>(b)</b><br>(i) Distance of 3rd bright fringe for 600 nm = 1.8 mm. Least distance where fringes coincide = 2.4 mm.<br>(ii) For single slit diffraction, the central maximum is the brightest and widest, with successive secondary maxima of decreasing intensity. Condition for minima: a sinθ = nλ (n = 1, 2, 3, …). Diffraction is more pronounced for sound than for light because sound has a much larger wavelength.</p>"
                    },
                    "question_type": "Long Answer (5 marks)",
                    "difficulty_level": "hard",
                    "explanation_html": null
                  }
                ]
              }
            ]
          }
        ]
      }
    ]
  }
]