[
  {
    "exam_name_actual": "CBSE Board - Class 12 - Science",
    "main_exam_id_name_ref": "CBSE Board - Class 12 - Science",
    "years": [
      {
        "year": "2024",
        "papers_or_subjects": [
          {
            "paper_name": "CBSE Class 12 Science (Physics) Paper 2024 (QP Code: 55/1/1)",
            "subject_name": "Physics",
            "chapters": [
              {
                "chapter_name": "Electric Charges and Fields",
                "questions": [
                  {
                    "question_no": 1,
                    "question_html": "<p>A thin plastic rod is bent into a circular ring of radius R. It is uniformly charged with charge density λ. The magnitude of the electric field at its centre is :</p>",
                    "options": [
                      {
                        "id": "a",
                        "text": "<p>λ/2ε₀R</p>"
                      },
                      {
                        "id": "b",
                        "text": "<p>Zero</p>"
                      },
                      {
                        "id": "c",
                        "text": "<p>λ/4πε₀R</p>"
                      },
                      {
                        "id": "d",
                        "text": "<p>λ/4ε₀R</p>"
                      }
                    ],
                    "correct_answer": {
                      "ids": [
                        "b"
                      ]
                    },
                    "question_type": "mcq_single",
                    "difficulty_level": "easy",
                    "explanation_html": "<p>The electric field at the center of a uniformly charged circular ring is zero. This is due to symmetry; the electric field produced by any small segment of the ring is canceled out by the field from the diametrically opposite segment.</p>"
                  }
                ]
              },
              {
                "chapter_name": "Electrostatic Potential and Capacitance",
                "questions": [
                  {
                    "question_no": 2,
                    "question_html": "<p>Ten capacitors, each of capacitance 1 μF, are connected in parallel to a source of 100 V. The total energy stored in the system is equal to :</p>",
                    "options": [
                      {
                        "id": "a",
                        "text": "<p>10<sup>-2</sup> J</p>"
                      },
                      {
                        "id": "b",
                        "text": "<p>10<sup>-3</sup> J</p>"
                      },
                      {
                        "id": "c",
                        "text": "<p>0.5 × 10<sup>-3</sup> J</p>"
                      },
                      {
                        "id": "d",
                        "text": "<p>5.0 × 10<sup>-2</sup> J</p>"
                      }
                    ],
                    "correct_answer": {
                      "ids": [
                        "d"
                      ]
                    },
                    "question_type": "mcq_single",
                    "difficulty_level": "medium",
                    "explanation_html": "<p>When capacitors are connected in parallel, the total capacitance is the sum of the individual capacitances.<br>C_total = 10 × 1 μF = 10 μF = 10 × 10<sup>-6</sup> F.<br>The energy stored in a capacitor system is given by the formula U = (1/2)CV<sup>2</sup>.<br>U = (1/2) × (10 × 10<sup>-6</sup> F) × (100 V)<sup>2</sup><br>U = 5 × 10<sup>-6</sup> × 10000<br>U = 5 × 10<sup>-2</sup> J.</p>"
                  }
                ]
              },
              {
                "chapter_name": "Current Electricity",
                "questions": [
                  {
                    "question_no": 3,
                    "question_html": "<p>Consider the circuit shown in the figure. The potential difference between points A and B is :</p>",
                    "images": [
                      {
                        "url": "https://img.testbuddyai.com/Phy-55-1-24-Q3.png"
                      }
                    ],
                    "options": [
                      {
                        "id": "a",
                        "text": "<p>6 V</p>"
                      },
                      {
                        "id": "b",
                        "text": "<p>8 V</p>"
                      },
                      {
                        "id": "c",
                        "text": "<p>9 V</p>"
                      },
                      {
                        "id": "d",
                        "text": "<p>12 V</p>"
                      }
                    ],
                    "correct_answer": {
                      "ids": [
                        "b"
                      ]
                    },
                    "question_type": "mcq_single",
                    "difficulty_level": "medium",
                    "explanation_html": "<p>The two cells in the circuit are connected in opposition. The net EMF is E_net = 12 V - 6 V = 6 V.<br>The total resistance in the circuit is R_total = 1 Ω + 0.5 Ω = 1.5 Ω.<br>The current flowing through the circuit is I = E_net / R_total = 6 V / 1.5 Ω = 4 A.<br>The potential difference between points A and B can be calculated across the lower branch. The cell is being charged. So, V_AB = E₂ + Ir₂ = 6 V + (4 A × 0.5 Ω) = 6 V + 2 V = 8 V.</p>"
                  }
                ]
              },
              {
                "chapter_name": "Moving Charges and Magnetism",
                "questions": [
                  {
                    "question_no": 4,
                    "question_html": "<p>A loop carrying a current I clockwise is placed in x – y plane, in a uniform magnetic field directed along z-axis. The tendency of the loop will be to :</p>",
                    "options": [
                      {
                        "id": "a",
                        "text": "move along x-axis"
                      },
                      {
                        "id": "b",
                        "text": "move along y-axis"
                      },
                      {
                        "id": "c",
                        "text": "shrink"
                      },
                      {
                        "id": "d",
                        "text": "expand"
                      }
                    ],
                    "correct_answer": {
                      "ids": [
                        "c"
                      ]
                    },
                    "question_type": "mcq_single",
                    "difficulty_level": "medium",
                    "explanation_html": "<p>Using Fleming's Left-Hand Rule, the magnetic force on any segment of the current-carrying loop is directed radially inward. Since the force on every part of the loop points towards the center, the loop will have a tendency to shrink.</p>"
                  }
                ]
              },
              {
                "chapter_name": "Moving Charges and Magnetism",
                "questions": [
                  {
                    "question_no": 5,
                    "question_html": "<p>A 10 cm long wire lies along y-axis. It carries a current of 1.0 A in positive y-direction. A magnetic field B = (5 mT) ĵ - (8 mT) k̂ exists in the region. The force on the wire is :</p>",
                    "options": [
                      {
                        "id": "a",
                        "text": "<p>(0.8 mN) î</p>"
                      },
                      {
                        "id": "b",
                        "text": "<p>– (0.8 mN) î</p>"
                      },
                      {
                        "id": "c",
                        "text": "<p>(80 mN) î</p>"
                      },
                      {
                        "id": "d",
                        "text": "<p>– (80 mN) î</p>"
                      }
                    ],
                    "correct_answer": {
                      "ids": [
                        "b"
                      ]
                    },
                    "question_type": "mcq_single",
                    "difficulty_level": "medium",
                    "explanation_html": "<p>The force on a current-carrying wire in a magnetic field is given by F = I(L × B).<br>Here, I = 1.0 A, L = 10 cm ĵ = 0.1 m ĵ, and B = (5 × 10<sup>-3</sup> T) ĵ - (8 × 10<sup>-3</sup> T) k̂.<br>F = 1.0 A × [ (0.1 m ĵ) × ( (5 × 10<sup>-3</sup> T) ĵ - (8 × 10<sup>-3</sup> T) k̂ ) ]<br>F = 1.0 × [ (0.1 × 5 × 10<sup>-3</sup>) (ĵ × ĵ) - (0.1 × 8 × 10<sup>-3</sup>) (ĵ × k̂) ]<br>Since ĵ × ĵ = 0 and ĵ × k̂ = î,<br>F = - (0.8 × 10<sup>-3</sup>) î N = -0.8 mN î.</p>"
                  }
                ]
              },
              {
                "chapter_name": "Moving Charges and Magnetism",
                "questions": [
                  {
                    "question_no": 6,
                    "question_html": "<p>A galvanometer of resistance G Ω is converted into an ammeter of range 0 to I A. If the current through the galvanometer is 0.1% of I A, the resistance of the ammeter is :</p>",
                    "options": [
                      {
                        "id": "a",
                        "text": "<p>G/999 Ω</p>"
                      },
                      {
                        "id": "b",
                        "text": "<p>G/1000 Ω</p>"
                      },
                      {
                        "id": "c",
                        "text": "<p>G/1001 Ω</p>"
                      },
                      {
                        "id": "d",
                        "text": "<p>G/(100-1) Ω</p>"
                      }
                    ],
                    "correct_answer": {
                      "ids": [
                        "b"
                      ]
                    },
                    "question_type": "mcq_single",
                    "difficulty_level": "medium",
                    "explanation_html": "<p>Let I_g be the current through the galvanometer and S be the shunt resistance. I_g = 0.1% of I = 0.001 I.<br>The current through the shunt is I_s = I - I_g = I - 0.001 I = 0.999 I.<br>Since the galvanometer and shunt are in parallel, the voltage across them is equal: I_g × G = I_s × S.<br>0.001 I × G = 0.999 I × S  => S = G × (0.001 / 0.999) = G / 999.<br>The total resistance of the ammeter (R_A) is the equivalent resistance of G and S in parallel:<br>R_A = (G × S) / (G + S) = (G × (G/999)) / (G + G/999) = (G²/999) / (1000G/999) = G / 1000 Ω.</p>"
                  }
                ]
              },
              {
                "chapter_name": "Alternating Current",
                "questions": [
                  {
                    "question_no": 7,
                    "question_html": "<p>The reactance of a capacitor of capacitance C connected to an ac source of frequency ω is ‘X'. If the capacitance of the capacitor is doubled and the frequency of the source is tripled, the reactance will become :</p>",
                    "options": [
                      {
                        "id": "a",
                        "text": "<p>X/6</p>"
                      },
                      {
                        "id": "b",
                        "text": "<p>6X</p>"
                      },
                      {
                        "id": "c",
                        "text": "<p>2/3 X</p>"
                      },
                      {
                        "id": "d",
                        "text": "<p>3/2 X</p>"
                      }
                    ],
                    "correct_answer": {
                      "ids": [
                        "a"
                      ]
                    },
                    "question_type": "mcq_single",
                    "difficulty_level": "easy",
                    "explanation_html": "<p>The capacitive reactance is given by the formula X = 1 / (ωC).<br>The new capacitance is C' = 2C and the new frequency is ω' = 3ω.<br>The new reactance X' = 1 / (ω'C') = 1 / ((3ω)(2C)) = 1 / (6ωC).<br>Since X = 1 / (ωC), the new reactance is X' = X / 6.</p>"
                  }
                ]
              },
              {
                "chapter_name": "Electromagnetic Waves",
                "questions": [
                  {
                    "question_no": 8,
                    "question_html": "<p>In the four regions, I, II, III and IV, the electric fields are described as :<br>Region I : Eₓ = E₀ sin (kz – ωt)<br>Region II : Eₓ = E₀<br>Region III : Eₓ = E₀ sin kz<br>Region IV : Eₓ = E₀ cos kz<br>The displacement current will exist in the region :</p>",
                    "options": [
                      {
                        "id": "a",
                        "text": "<p>I</p>"
                      },
                      {
                        "id": "b",
                        "text": "<p>IV</p>"
                      },
                      {
                        "id": "c",
                        "text": "<p>II</p>"
                      },
                      {
                        "id": "d",
                        "text": "<p>III</p>"
                      }
                    ],
                    "correct_answer": {
                      "ids": [
                        "a"
                      ]
                    },
                    "question_type": "mcq_single",
                    "difficulty_level": "medium",
                    "explanation_html": "<p>Displacement current exists when there is a changing electric field with respect to time, as given by J_d = ε₀(dE/dt).<br>Region I: Eₓ = E₀ sin(kz – ωt). The field is time-dependent. dE/dt ≠ 0.<br>Region II: Eₓ = E₀. The field is constant. dE/dt = 0.<br>Region III: Eₓ = E₀ sin kz. The field depends on position (z) but not time. dE/dt = 0.<br>Region IV: Eₓ = E₀ cos kz. The field depends on position (z) but not time. dE/dt = 0.<br>Therefore, displacement current will only exist in Region I.</p>"
                  }
                ]
              },
              {
                "chapter_name": "Atoms",
                "questions": [
                  {
                    "question_no": 9,
                    "question_html": "<p>The transition of electron that gives rise to the formation of the second spectral line of the Balmer series in the spectrum of hydrogen atom corresponds to :</p>",
                    "options": [
                      {
                        "id": "a",
                        "text": "<p>n_f = 2 and n_i = 3</p>"
                      },
                      {
                        "id": "b",
                        "text": "<p>n_f = 3 and n_i = 4</p>"
                      },
                      {
                        "id": "c",
                        "text": "<p>n_f = 2 and n_i = 4</p>"
                      },
                      {
                        "id": "d",
                        "text": "<p>n_f = 2 and n_i = ∞</p>"
                      }
                    ],
                    "correct_answer": {
                      "ids": [
                        "c"
                      ]
                    },
                    "question_type": "mcq_single",
                    "difficulty_level": "easy",
                    "explanation_html": "<p>For the Balmer series, the electron transitions to the final energy level n_f = 2. The first spectral line (H-alpha) corresponds to the transition from n_i = 3 to n_f = 2. The second spectral line (H-beta) corresponds to the transition from the next higher level, n_i = 4, to n_f = 2.</p>"
                  }
                ]
              },
              {
                "chapter_name": "Semiconductor Electronics: Materials, Devices and Simple Circuits",
                "questions": [
                  {
                    "question_no": 10,
                    "question_html": "<p>Ge is doped with As. Due to doping,</p>",
                    "options": [
                      {
                        "id": "a",
                        "text": "the structure of Ge lattice is distorted."
                      },
                      {
                        "id": "b",
                        "text": "the number of conduction electrons increases."
                      },
                      {
                        "id": "c",
                        "text": "the number of holes increases."
                      },
                      {
                        "id": "d",
                        "text": "the number of conduction electrons decreases."
                      }
                    ],
                    "correct_answer": {
                      "ids": [
                        "b"
                      ]
                    },
                    "question_type": "mcq_single",
                    "difficulty_level": "easy",
                    "explanation_html": "<p>Germanium (Ge) is a group 14 element and is a semiconductor. Arsenic (As) is a group 15 element. When Ge is doped with As (a pentavalent impurity), each As atom contributes one extra electron that is not involved in covalent bonding. This extra electron is loosely bound and can easily move to the conduction band, thus increasing the number of conduction electrons and creating an n-type semiconductor.</p>"
                  }
                ]
              },
              {
                "chapter_name": "Dual Nature of Radiation and Matter",
                "questions": [
                  {
                    "question_no": 11,
                    "question_html": "<p>Two beams, A and B whose photon energies are 3.3 eV and 11.3 eV respectively, illuminate a metallic surface (work function 2.3 eV) successively. The ratio of maximum speed of electrons emitted due to beam A to that due to beam B is :</p>",
                    "options": [
                      {
                        "id": "a",
                        "text": "<p>3</p>"
                      },
                      {
                        "id": "b",
                        "text": "<p>9</p>"
                      },
                      {
                        "id": "c",
                        "text": "<p>1/3</p>"
                      },
                      {
                        "id": "d",
                        "text": "<p>1/9</p>"
                      }
                    ],
                    "correct_answer": {
                      "ids": [
                        "c"
                      ]
                    },
                    "question_type": "mcq_single",
                    "difficulty_level": "medium",
                    "explanation_html": "<p>Using Einstein's photoelectric equation, K_max = hν - φ, where K_max = (1/2)mv<sup>2</sup>.<br>For beam A: K_A = 3.3 eV - 2.3 eV = 1.0 eV.<br>For beam B: K_B = 11.3 eV - 2.3 eV = 9.0 eV.<br>The ratio of maximum kinetic energies is (1/2)mv_A<sup>2</sup> / (1/2)mv_B<sup>2</sup> = v_A<sup>2</sup> / v_B<sup>2</sup>.<br>So, v_A<sup>2</sup> / v_B<sup>2</sup> = K_A / K_B = 1.0 eV / 9.0 eV = 1/9.<br>Taking the square root, the ratio of maximum speeds is v_A / v_B = √(1/9) = 1/3.</p>"
                  }
                ]
              },
              {
                "chapter_name": "Dual Nature of Radiation and Matter",
                "questions": [
                  {
                    "question_no": 12,
                    "question_html": "<p>The waves associated with a moving electron and a moving proton have the same wavelength λ. It implies that they have the same :</p>",
                    "options": [
                      {
                        "id": "a",
                        "text": "momentum"
                      },
                      {
                        "id": "b",
                        "text": "angular momentum"
                      },
                      {
                        "id": "c",
                        "text": "speed"
                      },
                      {
                        "id": "d",
                        "text": "energy"
                      }
                    ],
                    "correct_answer": {
                      "ids": [
                        "a"
                      ]
                    },
                    "question_type": "mcq_single",
                    "difficulty_level": "easy",
                    "explanation_html": "<p>According to the de Broglie wavelength formula, λ = h/p, where h is Planck's constant and p is the momentum. If the wavelength (λ) is the same for both the electron and the proton, and h is a constant, then their momenta (p) must also be the same. Since their masses are different, their speeds and kinetic energies will be different.</p>"
                  }
                ]
              },
              {
                "chapter_name": "Dual Nature of Radiation and Matter",
                "questions": [
                  {
                    "question_no": 13,
                    "question_html": "<b>Assertion (A) :</b> In photoelectric effect, the kinetic energy of the emitted photoelectrons increases with increase in the intensity of the incident light.<br><b>Reason (R) :</b> Photoelectric current depends on the wavelength of the incident light.</p>",
                    "options": [
                      {
                        "id": "a",
                        "text": "Both Assertion (A) and Reason (R) are true and Reason (R) is the correct explanation of the Assertion (A)."
                      },
                      {
                        "id": "b",
                        "text": "Both Assertion (A) and Reason (R) are true, but Reason (R) is not the correct explanation of the Assertion (A)."
                      },
                      {
                        "id": "c",
                        "text": "Assertion (A) is true and Reason (R) is false."
                      },
                      {
                        "id": "d",
                        "text": "Assertion (A) is false and Reason (R) is true."
                      }
                    ],
                    "correct_answer": {
                      "ids": [
                        "d"
                      ]
                    },
                    "question_type": "mcq_single",
                    "difficulty_level": "medium",
                    "explanation_html": "<p><b>Assertion (A) is false.</b> The maximum kinetic energy of photoelectrons depends on the frequency of the incident light, not its intensity. Increasing the intensity increases the number of photoelectrons emitted (photocurrent), but not their maximum kinetic energy.<br><b>Reason (R) is false.</b> The photoelectric current is directly proportional to the intensity of the incident light (for a given frequency above the threshold). It does not depend on the wavelength, although a current will only be produced if the wavelength is short enough (frequency is high enough) to overcome the work function.</p>"
                  }
                ]
              },
              {
                "chapter_name": "Electromagnetic Induction",
                "questions": [
                  {
                    "question_no": 14,
                    "question_html": "<p><b>Assertion (A) :</b> The mutual inductance between two coils is maximum when the coils are wound on each other.<br><b>Reason (R) :</b> The flux linkage between two coils is maximum when they are wound on each other.</p>",
                    "options": [
                      {
                        "id": "a",
                        "text": "Both Assertion (A) and Reason (R) are true and Reason (R) is the correct explanation of the Assertion (A)."
                      },
                      {
                        "id": "b",
                        "text": "Both Assertion (A) and Reason (R) are true, but Reason (R) is not the correct explanation of the Assertion (A)."
                      },
                      {
                        "id": "c",
                        "text": "Assertion (A) is true and Reason (R) is false."
                      },
                      {
                        "id": "d",
                        "text": "Assertion (A) is false and Reason (R) is true."
                      }
                    ],
                    "correct_answer": {
                      "ids": [
                        "a"
                      ]
                    },
                    "question_type": "mcq_single",
                    "difficulty_level": "easy",
                    "explanation_html": "<p><b>Reason (R) is true.</b> When coils are wound on each other, the magnetic flux from one coil is almost entirely coupled with the other coil, leading to maximum flux linkage.<br><b>Assertion (A) is true.</b> Mutual inductance (M) is defined as the magnetic flux (Φ) linked with the secondary coil per unit current (I) in the primary coil (M = Φ/I). Since M is directly proportional to the flux linkage, it is maximum when the flux linkage is maximum.<br>The reason correctly explains the assertion.</p>"
                  }
                ]
              },
              {
                "chapter_name": "Moving Charges and Magnetism",
                "questions": [
                  {
                    "question_no": 15,
                    "question_html": "<p><b>Assertion (A) :</b> Two long parallel wires, freely suspended and connected in series to a battery, move apart.<br><b>Reason (R) :</b> Two wires carrying current in opposite directions repel each other.</p>",
                    "options": [
                      {
                        "id": "a",
                        "text": "Both Assertion (A) and Reason (R) are true and Reason (R) is the correct explanation of the Assertion (A)."
                      },
                      {
                        "id": "b",
                        "text": "Both Assertion (A) and Reason (R) are true, but Reason (R) is not the correct explanation of the Assertion (A)."
                      },
                      {
                        "id": "c",
                        "text": "Assertion (A) is true and Reason (R) is false."
                      },
                      {
                        "id": "d",
                        "text": "Assertion (A) is false and Reason (R) is true."
                      }
                    ],
                    "correct_answer": {
                      "ids": [
                        "a"
                      ]
                    },
                    "question_type": "mcq_single",
                    "difficulty_level": "easy",
                    "explanation_html": "<p><b>Reason (R) is true.</b> It is a fundamental principle of electromagnetism that parallel currents in opposite directions exert a repulsive force on each other.<br><b>Assertion (A) is true.</b> When two wires are connected in series, the current flows down one wire and back up the other, meaning the currents are in opposite directions. Due to the repulsive force stated in the reason, the wires will move apart.<br>The reason correctly explains the assertion.</p>"
                  }
                ]
              },
              {
                "chapter_name": "Ray Optics and Optical Instruments",
                "questions": [
                  {
                    "question_no": 16,
                    "question_html": "<p><b>Assertion (A) :</b> Plane and convex mirrors cannot produce real images under any circumstance.<br><b>Reason (R) :</b> A virtual image cannot serve as an object to produce a real image.</p>",
                    "options": [
                      {
                        "id": "a",
                        "text": "Both Assertion (A) and Reason (R) are true and Reason (R) is the correct explanation of the Assertion (A)."
                      },
                      {
                        "id": "b",
                        "text": "Both Assertion (A) and Reason (R) are true, but Reason (R) is not the correct explanation of the Assertion (A)."
                      },
                      {
                        "id": "c",
                        "text": "Assertion (A) is true and Reason (R) is false."
                      },
                      {
                        "id": "d",
                        "text": "Assertion (A) is false and Reason (R) is true."
                      }
                    ],
                    "correct_answer": {
                      "ids": [
                        "d"
                      ]
                    },
                    "question_type": "mcq_single",
                    "difficulty_level": "hard",
                    "explanation_html": "<p><b>Assertion (A) is false.</b> While plane and convex mirrors form virtual images for real objects, they can form real images if the incident rays are converging, i.e., for a virtual object. A converging beam that would have focused behind the mirror can be made to focus in front of the mirror, forming a real image.<br><b>Reason (R) is false.</b> In a system of multiple optical components, a virtual image formed by the first component can act as an object for the second component. For example, the virtual image formed by a simple microscope's eyepiece is created from the real image formed by the objective lens, which serves as the object for the eyepiece.</p>"
                  }
                ]
              },
              {
                "chapter_name": "Current Electricity",
                "questions": [
                  {
                    "question_no": 17,
                    "question_html": "<p>Find the temperature at which the resistance of a wire made of silver will be twice its resistance at 20°C. Take 20°C as the reference temperature and temperature coefficient of resistance of silver at 20°C = 4.0 × 10<sup>-3</sup> K<sup>-1</sup>.</p>",
                    "options": [],
                    "correct_answer": {
                      "text": "<p>The formula for resistance change with temperature is R = R₀[1 + α(T - T₀)].<br>Given: R = 2R₀, T₀ = 20°C, and α = 4.0 × 10<sup>-3</sup> K<sup>-1</sup>.<br>Substituting the values: 2R₀ = R₀[1 + 4.0 × 10<sup>-3</sup>(T - 20)].<br>2 = 1 + 4.0 × 10<sup>-3</sup>(T - 20)<br>1 = 4.0 × 10<sup>-3</sup>(T - 20)<br>T - 20 = 1 / (4.0 × 10<sup>-3</sup>) = 1000 / 4 = 250<br>T = 250 + 20 = 270°C.<br>In Kelvin, T = 270 + 273 = 543 K.</p>"
                    },
                    "question_type": "Very Short Answer (2 marks)",
                    "difficulty_level": "medium",
                    "explanation_html": null
                  }
                ]
              },
              {
                "chapter_name": "Wave Optics",
                "questions": [
                  {
                    "question_no": 18,
                    "question_html": "<p>(a) Monochromatic light of frequency 5.0 × 10¹⁴ Hz passes from air into a medium of refractive index 1.5. Find the wavelength of the light (i) reflected, and (ii) refracted at the interface of the two media.</p><p><b>OR</b></p><p>(b) A plano-convex lens of focal length 16 cm is made of a material of refractive index 1.4. Calculate the radius of the curved surface of the lens.</p>",
                    "options": [],
                    "correct_answer": {
                      "text": "<p><b>(a)</b><br>(i) The wavelength of the light in air is λ_air = c/ν = (3 × 10⁸ m/s) / (5.0 × 10¹⁴ Hz) = 6 × 10⁻⁷ m = 600 nm. For reflected light, the medium is still air, so the wavelength remains <b>600 nm</b>.<br>(ii) For refracted light, the wavelength changes. λ_medium = λ_air / μ = 600 nm / 1.5 = <b>400 nm</b>.</p><p><b>OR</b></p><p><b>(b)</b><br>Using the Lens Maker's formula: 1/f = (μ - 1)(1/R₁ - 1/R₂).<br>For a plano-convex lens, let the curved surface have radius R (so R₁ = R) and the plane surface have radius ∞ (so R₂ = ∞).<br>Given f = 16 cm and μ = 1.4.<br>1/16 = (1.4 - 1)(1/R - 1/∞)<br>1/16 = 0.4 * (1/R)<br>R = 16 × 0.4 = <b>6.4 cm</b>.</p>"
                    },
                    "question_type": "Very Short Answer (2 marks)",
                    "difficulty_level": "medium",
                    "explanation_html": null
                  }
                ]
              },
              {
                "chapter_name": "Ray Optics and Optical Instruments",
                "questions": [
                  {
                    "question_no": 19,
                    "question_html": "<p>An object is placed 30 cm in front of a concave mirror of radius of curvature 40 cm. Find the (i) position of the image formed and (ii) magnification of the image.</p>",
                    "options": [],
                    "correct_answer": {
                      "text": "<p>Given:<br>Object distance, u = -30 cm<br>Radius of curvature, R = -40 cm<br>Focal length, f = R/2 = -20 cm<br><br><b>(i) Position of the image:</b><br>Using the mirror formula: 1/f = 1/v + 1/u<br>1/(-20) = 1/v + 1/(-30)<br>1/v = 1/30 - 1/20<br>1/v = (2 - 3) / 60 = -1/60<br>v = <b>-60 cm</b>. The image is formed 60 cm in front of the mirror.<br><br><b>(ii) Magnification of the image:</b><br>Magnification, m = -v/u<br>m = -(-60) / (-30) = -2.<br>The image is real, inverted, and magnified twice.</p>"
                    },
                    "question_type": "Very Short Answer (2 marks)",
                    "difficulty_level": "easy",
                    "explanation_html": null
                  }
                ]
              },
              {
                "chapter_name": "Dual Nature of Radiation and Matter",
                "questions": [
                  {
                    "question_no": 20,
                    "question_html": "<p>Consider a neutron (mass m) of kinetic energy E and a photon of the same energy. Let λₙ and λₚ be the de Broglie wavelength of neutron and the wavelength of photon respectively. Obtain an expression for λₙ/λₚ.</p>",
                    "options": [],
                    "correct_answer": {
                      "text": "<p>For a photon, the energy is E = hc/λₚ, which gives the wavelength λₚ = hc/E.<br>For a neutron, the de Broglie wavelength is λₙ = h/p, where p is the momentum.<br>The kinetic energy of the neutron is E = p²/(2m), so its momentum is p = √(2mE).<br>Therefore, the de Broglie wavelength of the neutron is λₙ = h/√(2mE).<br>The ratio is:<br>λₙ/λₚ = [h/√(2mE)] / [hc/E]<br>λₙ/λₚ = (h/√(2mE)) × (E/hc)<br>λₙ/λₚ = E / (c√(2mE))<br>λₙ/λₚ = √(E² / (c² * 2mE))<br>λₙ/λₚ = <b>√(E / 2mc²)</b>.</p>"
                    },
                    "question_type": "Very Short Answer (2 marks)",
                    "difficulty_level": "medium",
                    "explanation_html": null
                  }
                ]
              },
              {
                "chapter_name": "Semiconductor Electronics: Materials, Devices and Simple Circuits",
                "questions": [
                  {
                    "question_no": 21,
                    "question_html": "<p>Plot a graph showing the variation of current with voltage for the material GaAs. On the graph, mark the region where : (a) resistance is negative, and (b) Ohm's law is obeyed.</p>",
                    "options": [],
                    "correct_answer": {
                      "text": "<p>The I-V characteristic curve for Gallium Arsenide (GaAs) is plotted with voltage (V) on the x-axis and current (I) on the y-axis.<br>(b) The region near the origin where the graph is a straight line with a positive slope is where <b>Ohm's law is obeyed</b>. In this region, current is directly proportional to voltage.<br>(a) After reaching a peak current, the curve bends downwards, and the current decreases as the voltage continues to increase. This portion of the graph, where the slope (dI/dV) is negative, is the region of <b>negative resistance</b>.</p>"
                    },
                    "question_type": "Very Short Answer (2 marks)",
                    "difficulty_level": "medium",
                    "explanation_html": null
                  }
                ]
              },
              {
                "chapter_name": "Electric Charges and Fields",
                "questions": [
                  {
                    "question_no": 22,
                    "question_html": "<p>A cube of side 0.1 m is placed, as shown in the figure, in a region where electric field E = 500x î exists. Here x is in meters and E in NC⁻¹. Calculate : (a) the flux passing through the cube, and (b) the charge within the cube.</p>",
                    "images": [
                      {
                        "url": "https://img.testbuddyai.com/Phy-55-1-24-Q22b.png"
                      }
                    ],
                    "options": [],
                    "correct_answer": {
                      "text": "<p>The electric field is only in the x-direction, so flux is non-zero only through the faces perpendicular to the x-axis. Let the side of the cube be L = 0.1 m. Let's assume one corner of the cube is at the origin, so it extends from x=0.1 m to x=0.2 m.<br><br><b>(a) Flux passing through the cube:</b><br>The flux through the left face (at x = 0.1 m) is Φ_L = E_L ⋅ A_L.<br>E_L = 500(0.1) î = 50 î N/C. The area vector A_L = -L² î = -0.01 î m².<br>Φ_L = (50 î) ⋅ (-0.01 î) = -0.5 Nm²/C.<br>The flux through the right face (at x = 0.2 m) is Φ_R = E_R ⋅ A_R.<br>E_R = 500(0.2) î = 100 î N/C. The area vector A_R = L² î = 0.01 î m².<br>Φ_R = (100 î) ⋅ (0.01 î) = 1.0 Nm²/C.<br>The net flux through the cube is Φ_net = Φ_L + Φ_R = -0.5 + 1.0 = <b>0.5 Nm²/C</b>.<br><br><b>(b) Charge within the cube:</b><br>Using Gauss's Law, Φ_net = q_enclosed / ε₀.<br>q = Φ_net × ε₀ = 0.5 × (8.854 × 10⁻¹²) C<br>q = <b>4.427 × 10⁻¹² C</b> (or 4.43 pC).</p>"
                    },
                    "question_type": "Short Answer (3 marks)",
                    "difficulty_level": "medium",
                    "explanation_html": null
                  }
                ]
              },
              {
                "chapter_name": "Current Electricity",
                "questions": [
                  {
                    "question_no": 23,
                    "question_html": "<p>(a) Define ‘current density’. Is it a scalar or a vector ? An electric field E is maintained in a metallic conductor. If n be the number of electrons (mass m, charge –e) per unit volume in the conductor and τ its relaxation time, show that the current density j = αE, where α = (ne²τ)/m.</p><p><b>OR</b></p><p>(b) What is a Wheatstone bridge ? Obtain the necessary conditions under which the Wheatstone bridge is balanced.</p>",
                    "options": [],
                    "correct_answer": {
                      "text": "<p><b>(a)</b> Current density (j) is defined as the electric current flowing per unit area of a conductor, where the area is held perpendicular to the direction of the current. It is a <b>vector</b> quantity, with its direction being the direction of flow of positive charge.<br><b>Derivation:</b><br>The force on an electron in an electric field E is F = -eE.<br>The acceleration of the electron is a = F/m = -eE/m.<br>The drift velocity acquired by the electron is v_d = aτ = (-eE/m)τ.<br>The total current is I = nAev_d, where A is the cross-sectional area.<br>The magnitude of current density is j = I/A = nev_d.<br>Substituting the expression for v_d: j = ne(eEτ/m) = (ne²τ/m)E.<br>Since the direction of conventional current (j) is the same as the direction of the electric field (E), we can write this in vector form: j = (ne²τ/m)E.<br>This is of the form j = αE, where α = (ne²τ)/m.<br><br><b>OR</b><br><br><b>(b)</b> A Wheatstone bridge is an electrical circuit consisting of four resistances arranged in a quadrilateral shape. It is used to accurately measure an unknown resistance by comparing it with three known resistances.<br><b>Balancing Condition:</b><br>The bridge is said to be balanced when no current flows through the galvanometer connected between the intermediate junctions (say, B and D). This means the potential at B is equal to the potential at D (V_B = V_D).<br>Applying Kirchhoff's rules, this condition leads to the relation between the four resistors:<br><b>R₁/R₂ = R₃/R₄</b>.<br>This is the necessary condition for a balanced Wheatstone bridge.</p>"
                    },
                    "question_type": "Short Answer (3 marks)",
                    "difficulty_level": "medium",
                    "explanation_html": null
                  }
                ]
              },
              {
                "chapter_name": "Moving Charges and Magnetism",
                "questions": [
                  {
                    "question_no": 24,
                    "question_html": "<p>A proton with kinetic energy 1.3384 × 10⁻¹⁴ J moving horizontally from north to south, enters a uniform magnetic field B of 2.0 mT directed eastward. Calculate : (a) the speed of the proton (b) the magnitude of acceleration of the proton (c) the radius of the path traced by the proton. [Take (q/m) for proton = 1.0 × 10⁸ C/kg]</p>",
                    "options": [],
                    "correct_answer": {
                      "text": "<p>Given: KE = 1.3384 × 10⁻¹⁴ J, B = 2.0 × 10⁻³ T, q/m = 1.0 × 10⁸ C/kg. The proton's velocity is perpendicular to the magnetic field.<br><br><b>(a) Speed of the proton (v):</b><br>KE = (1/2)mv². To find v without knowing m, we can write m = q / (q/m).<br>v = √(2KE/m) = √(2KE * (q/m) / q) = √[2 * (1.3384 × 10⁻¹⁴) * (1.0 × 10⁸) / (1.602 × 10⁻¹⁹)] ≈ 4.0 × 10⁶ m/s. (Using mass of proton m ≈ 1.67 × 10⁻²⁷ kg also gives v = √(2 * 1.3384 × 10⁻¹⁴ / 1.67 × 10⁻²⁷) ≈ 4.0 × 10⁶ m/s).<br>v = <b>4.0 × 10⁶ m/s</b>.<br><br><b>(b) Magnitude of acceleration (a):</b><br>The magnetic force is F = qvB. The acceleration is a = F/m = (q/m)vB.<br>a = (1.0 × 10⁸ C/kg) × (4.0 × 10⁶ m/s) × (2.0 × 10⁻³ T)<br>a = <b>8.0 × 10¹¹ m/s²</b>.<br><br><b>(c) Radius of the path (r):</b><br>The magnetic force provides the centripetal force: qvB = mv²/r.<br>r = mv / (qB) = v / ((q/m)B).<br>r = (4.0 × 10⁶ m/s) / [(1.0 × 10⁸ C/kg) × (2.0 × 10⁻³ T)]<br>r = (4.0 × 10⁶) / (2.0 × 10⁵) = <b>20 m</b>.</p>"
                    },
                    "question_type": "Short Answer (3 marks)",
                    "difficulty_level": "hard",
                    "explanation_html": null
                  }
                ]
              },
              {
                "chapter_name": "Alternating Current",
                "questions": [
                  {
                    "question_no": 25,
                    "question_html": "<p>An inductor, a capacitor and a resistor are connected in series with an ac source v = vₘ sin ωt. Derive an expression for the average power dissipated in the circuit. Also obtain the expression for the resonant frequency of the circuit.</p>",
                    "options": [],
                    "correct_answer": {
                      "text": "<p><b>Average Power Dissipated:</b><br>The instantaneous voltage is v = vₘ sin ωt.<br>The instantaneous current is i = iₘ sin(ωt + φ), where φ is the phase angle between voltage and current.<br>Instantaneous power, P = vi = (vₘ sin ωt)(iₘ sin(ωt + φ)) = vₘiₘ sin ωt sin(ωt + φ).<br>Using the identity sin A sin B = (cos(A-B) - cos(A+B))/2, we get:<br>P = (vₘiₘ/2) [cos(φ) - cos(2ωt + φ)].<br>The average power over a complete cycle is found by averaging this expression. The average of cos(2ωt + φ) over a cycle is zero.<br>So, P_avg = (vₘiₘ/2) cos(φ).<br>Since V_rms = vₘ/√2 and I_rms = iₘ/√2, the expression becomes P_avg = <b>V_rms I_rms cos(φ)</b>.<br><br><b>Resonant Frequency:</b><br>Resonance in a series LCR circuit occurs when the impedance is minimum, which happens when the inductive reactance (X_L) equals the capacitive reactance (X_C).<br>X_L = ωL<br>X_C = 1/(ωC)<br>At resonance (ω = ωᵣ), X_L = X_C.<br>ωᵣL = 1/(ωᵣC)<br>ωᵣ² = 1/(LC)<br>The resonant angular frequency is ωᵣ = <b>1/√(LC)</b>. The resonant frequency is fᵣ = ωᵣ/(2π) = <b>1/(2π√(LC))</b>.</p>"
                    },
                    "question_type": "Short Answer (3 marks)",
                    "difficulty_level": "medium",
                    "explanation_html": null
                  }
                ]
              },
              {
                "chapter_name": "Electromagnetic Waves",
                "questions": [
                  {
                    "question_no": 26,
                    "question_html": "<p>(a) “The wavelength of the electromagnetic wave is often correlated with the characteristic size of the system that radiates.” Give two examples to justify this statement.<br>(b) (i) Long distance radio broadcasts use short-wave bands. Why?<br>(ii) Optical and radio telescopes are built on the ground, but X-ray astronomy is possible only from satellites orbiting the Earth. Why?</p>",
                    "options": [],
                    "correct_answer": {
                      "text": "<p><b>(a)</b> Two examples justifying the statement are:<br>1. <b>Radio Waves:</b> Radio waves are produced by oscillating charges in antennas. The length of an efficient antenna is typically of the order of the wavelength of the waves it radiates (e.g., a half-wave dipole antenna).<br>2. <b>Gamma Rays:</b> Gamma rays are emitted during nuclear transitions. Their wavelengths are extremely short (10⁻¹² m), which correlates with the very small size of the atomic nucleus (~10⁻¹⁴ m).<br><br><b>(b)</b><br>(i) Short-wave bands are used for long-distance radio broadcasts because these waves can be reflected by the Earth's ionosphere. This phenomenon, known as skywave propagation, allows the signals to travel over the horizon and around the curvature of the Earth.<br>(ii) The Earth's atmosphere is transparent to visible light and most radio waves, which allows optical and radio telescopes to be effectively operated from the ground. However, the atmosphere is opaque to X-rays and absorbs them completely. Therefore, to observe cosmic X-ray sources, telescopes must be placed in orbit above the atmosphere.</p>"
                    },
                    "question_type": "Short Answer (3 marks)",
                    "difficulty_level": "medium",
                    "explanation_html": null
                  }
                ]
              },
              {
                "chapter_name": "Atoms",
                "questions": [
                  {
                    "question_no": 27,
                    "question_html": "<p>Write the drawbacks of Rutherford's atomic model. How did Bohr remove them? Show that different orbits in Bohr's atom are not equally spaced.</p>",
                    "options": [],
                    "correct_answer": {
                      "text": "<p><b>Drawbacks of Rutherford's Model:</b><br>1. <b>Instability of the Atom:</b> According to classical electromagnetic theory, an electron revolving around the nucleus is accelerating and should continuously radiate energy. This would cause it to lose energy and spiral into the nucleus, making the atom unstable.<br>2. <b>Inability to Explain Line Spectra:</b> The model predicted that electrons would emit a continuous spectrum of radiation as they spiral inward, which contradicts the observed discrete line spectra of atoms.<br><br><b>How Bohr Removed the Drawbacks:</b><br>Bohr introduced three postulates:<br>1. Electrons revolve in specific circular orbits called stationary orbits, where they do not radiate energy.<br>2. The angular momentum of an electron in these orbits is quantized: L = n(h/2π), where n is an integer.<br>3. An electron emits or absorbs energy only when it jumps from one stationary orbit to another.<br>These postulates explained both the stability of the atom and the origin of discrete spectral lines.<br><br><b>Spacing of Orbits:</b><br>The radius of the nth orbit in Bohr's model is given by the formula rₙ = (n²h²ε₀)/(πme²).<br>This shows that rₙ ∝ n². <br>The spacing between consecutive orbits is rₙ₊₁ - rₙ ∝ (n+1)² - n² = 2n + 1.<br>Since the spacing depends on the integer 'n', it is not constant. The distance between orbits increases as 'n' increases, so the orbits are <b>not equally spaced</b>.</p>"
                    },
                    "question_type": "Short Answer (3 marks)",
                    "difficulty_level": "medium",
                    "explanation_html": null
                  }
                ]
              },
              {
                "chapter_name": "Nuclei",
                "questions": [
                  {
                    "question_o": 28,
                    "question_html": "<p>(a) State any two properties of a nucleus.<br>(b) Why is the density of a nucleus much more than that of an atom ?<br>(c) Show that the density of the nuclear matter is the same for all nuclei.</p>",
                    "options": [],
                    "correct_answer": {
                      "text": "<p><b>(a) Two properties of a nucleus:</b><br>1. Nuclear forces are short-range and the strongest fundamental forces.<br>2. The radius of a nucleus is proportional to the cube root of its mass number (R ∝ A¹/³).<br><br><b>(b)</b> An atom's mass is almost entirely concentrated in its nucleus. However, the volume of the nucleus is extremely small (about 10⁻¹⁵ times the volume of the atom). Since density is mass/volume, this extremely high concentration of mass in a tiny volume results in the nucleus having a density that is vastly greater than the average density of the atom.<br><br><b>(c)</b> Let A be the mass number and m be the average mass of a nucleon.<br>The mass of the nucleus is M ≈ m A.<br>The radius of the nucleus is R = R₀ A¹/³, where R₀ is a constant.<br>The volume of the nucleus is V = (4/3)πR³ = (4/3)π(R₀ A¹/³ )³ = (4/3)πR₀³A.<br>The density of nuclear matter is ρ = M/V = (m A) / [(4/3)πR₀³A].<br>The mass number A cancels out, leaving ρ = m / [(4/3)πR₀³].<br>Since m and R₀ are constants, the density of nuclear matter is constant and independent of the size of the nucleus.</p>"
                    },
                    "question_type": "Short Answer (3 marks)",
                    "difficulty_level": "medium",
                    "explanation_html": null
                  }
                ]
              },
              {
                "chapter_name": "Ray Optics and Optical Instruments",
                "questions": [
                  {
                    "question_no": 29,
                    "question_html": "<p><b>CASE STUDY</b></p><p>A lens is a transparent medium bounded by two surfaces, with one or both surfaces being spherical. The focal length of a lens is determined by the radii of curvature of its two surfaces and the refractive index of its medium with respect to that of the surrounding medium. The power of a lens is reciprocal of its focal length. If a number of lenses are kept in contact, the power of the combination is the algebraic sum of the powers of the individual lenses.</p><p>(i) A double-convex lens, with each face having same radius of curvature R, is made of glass of refractive index n. Its power is :<br>(A) 2(n-1)/R (B) (2n-1)/R (C) (n-1)/2R (D) (2n-1)/2R</p><p>(ii) A double-convex lens of power P, with each face having same radius of curvature, is cut into two equal parts perpendicular to its principal axis. The power of one part of the lens will be :<br>(A) 2P (B) P (C) 4P (D) P/2</p><p>(iii) The above two parts are kept in contact with each other as shown in the figure. The power of the combination will be :<br>(A) P/2 (B) P (C) 2P (D) P/4</p><p>(iv) (a) A double-convex lens of power P, with each face having same radius of curvature, is cut along its principal axis. The two parts are arranged as shown in the figure. The power of the combination will be :<br>(A) Zero (B) P (C) 2P (D) P/2</p><p><b>OR</b></p><p>(iv) (b) Two convex lenses of focal lengths 60 cm and 20 cm are held coaxially in contact with each other. The power of the combination is :<br>(A) 6.6 D (B) 15 D (C) 1/15 D (D) 1/80 D</p>",
                    "images": [
                      {
                        "url": "https://img.testbuddyai.com/Phy-55-1-24-Q29(iii).png"
                      },
                      {
                        "url": "https://img.testbuddyai.com/Phy-55-1-24-Q29(iv)a.png"
                      }
                    ],
                    "options": [],
                    "correct_answer": {
                      "text": "<p><b>(i) Correct Answer: (A) 2(n-1)/R</b><br>Using the Lens Maker's formula, Power P = 1/f = (n-1)(1/R₁ - 1/R₂). For a double-convex lens with equal radii, R₁ = R and R₂ = -R. So, P = (n-1)(1/R - 1/(-R)) = (n-1)(2/R) = 2(n-1)/R.</p><p><b>(ii) Correct Answer: (D) P/2</b><br>The original power is P = 2(n-1)/R. When cut, each part becomes a plano-convex lens with radii R and ∞. The power of one part is P' = (n-1)(1/R - 1/∞) = (n-1)/R. Comparing P and P', we see that P' = P/2.</p><p><b>(iii) Correct Answer: (B) P</b><br>The two parts are two plano-convex lenses. When placed in contact as shown, they reconstruct the original double-convex lens. The total power is the sum of the powers of the parts: P_total = P' + P' = P/2 + P/2 = P.</p><p><b>(iv) (a) Correct Answer: (C) 2P</b><br>When the lens is cut along the principal axis, the focal length of each half remains the same as the original lens. Therefore, the power of each half is still P. When these two halves are arranged in parallel (as implied by the setup), the total power is the sum of their individual powers: P_total = P + P = 2P.</p><p><b>OR</b></p><p><b>(iv) (b) Correct Answer: (A) 6.6 D</b><br>First, convert focal lengths to meters: f₁ = 60 cm = 0.6 m, f₂ = 20 cm = 0.2 m.<br>Calculate the power of each lens: P₁ = 1/f₁ = 1/0.6 = 1.67 D. P₂ = 1/f₂ = 1/0.2 = 5 D.<br>The power of the combination is the sum: P_total = P₁ + P₂ = 1.67 D + 5 D = 6.67 D, which is approximately 6.6 D.</p>"
                    },
                    "question_type": "Case-based Subjective",
                    "difficulty_level": "medium",
                    "explanation_html": null
                  }
                ]
              },
              {
                "chapter_name": "Semiconductor Electronics: Materials, Devices and Simple Circuits",
                "questions": [
                  {
                    "question_no": 30,
                    "question_html": "<p><b>CASE STUDY</b></p><p><b>Junction Diode as a Rectifier :</b><br>The process of conversion of an ac voltage into a dc voltage is called rectification and the device which performs this conversion is called a rectifier. The characteristics of a p-n junction diode reveal that when a p-n junction diode is forward biased, it offers a low resistance and when it is reverse biased, it offers a high resistance. Hence, a p-n junction diode conducts only when it is forward biased. This property of a p-n junction diode makes it suitable for its use as a rectifier. Thus, when an ac voltage is applied across a p-n junction, it conducts only during those alternate half cycles for which it is forward biased. A rectifier which rectifies only half cycle of an ac voltage is called a half-wave rectifier and one that rectifies both the half cycles is known as a full-wave rectifier.</p><p>(i) The root mean square value of an alternating voltage applied to a full-wave rectifier is V₀/√2. Then the root mean square value of the rectified output voltage is :<br>(A) V₀/√2 (B) V₀²/√2 (C) 2V₀/√2 (D) V₀/(2√2)</p><p>(ii) In a full-wave rectifier, the current in each of the diodes flows for :<br>(A) Complete cycle of the input signal (B) Half cycle of the input signal (C) Less than half cycle of the input signal (D) Only for the positive half cycle of the input signal</p><p>(iii) In a full-wave rectifier :<br>(A) Both diodes are forward biased at the same time. (B) Both diodes are reverse biased at the same time. (C) One is forward biased and the other is reverse biased at the same time. (D) Both are forward biased in the first half of the cycle and reverse biased in the second half of the cycle.</p><p>(iv) (a) An alternating voltage of frequency of 50 Hz is applied to a half-wave rectifier. Then the ripple frequency of the output will be :<br>(A) 100 Hz (B) 50 Hz (C) 25 Hz (D) 150 Hz</p>",
                    "options": [],
                    "correct_answer": {
                      "text": "<p><b>(i) Correct Answer: (A) V₀/√2</b><br>If the RMS value of the input is V₀/√2, it means the peak voltage of the input is V_peak = V_rms × √2 = (V₀/√2) × √2 = V₀. The output of a full-wave rectifier is a series of positive half-sine waves with the same peak voltage V₀. The RMS value of this full-wave rectified signal is V_peak/√2, which is V₀/√2.</p><p><b>(ii) Correct Answer: (B) Half cycle of the input signal</b><br>In a full-wave rectifier (either center-tapped or bridge), each diode conducts for one half-cycle of the input AC signal. One diode (or pair of diodes) conducts during the positive half-cycle, and the other conducts during the negative half-cycle.</p><p><b>(iii) Correct Answer: (C) One is forward biased and the other is reverse biased at the same time.</b><br>During any half-cycle of the input AC, one diode (or path) is forward-biased, allowing current to flow, while the other diode (or path) is reverse-biased, blocking current. Their roles reverse in the next half-cycle.</p><p><b>(iv) (a) Correct Answer: (B) 50 Hz</b><br>A half-wave rectifier only conducts during one half of the input cycle, producing one pulse for every input cycle. Therefore, the fundamental frequency of the output ripple is the same as the input frequency, which is 50 Hz.</p>"
                    },
                    "question_type": "Case-based Subjective",
                    "difficulty_level": "medium",
                    "explanation_html": null
                  }
                ]
              },
              {
                "chapter_name": "Electrostatic Potential and Capacitance",
                "questions": [
                  {
                    "question_no": 31,
                    "question_html": "<p>(a) (i) Derive an expression for potential energy of an electric dipole p in an external uniform electric field E. When is the potential energy of the dipole (1) maximum, and (2) minimum ?<br>(ii) An electric dipole consists of point charges –1.0 pC and +1.0 pC located at (0, 0) and (3 mm, 4 mm) respectively in x – y plane. An electric field E = (1000 V/m) î is switched on in the region. Find the torque τ acting on the dipole.</p><p><b>OR</b></p><p>(b) (i) An electric dipole (dipole moment p = pî), consisting of charges –q and q, separated by distance 2a, is placed along the x-axis, with its centre at the origin. Show that the potential V, due to this dipole, at a point x, (x >> a) is equal to (1/4πε₀) * (p⋅î)/x².<br>(ii) Two isolated metallic spheres S₁ and S₂ of radii 1 cm and 3 cm respectively are charged such that both have the same charge density (2/π)×10⁻⁹ C/m². They are placed far away from each other and connected by a thin wire. Calculate the new charge on sphere S₁.</p>",
                    "options": [],
                    "correct_answer": {
                      "text": "<p><b>(a) (i) Potential Energy of a Dipole:</b><br>The torque on a dipole in a uniform electric field is τ = pE sinθ. The work done in rotating the dipole from an angle θ₀ to θ is W = ∫τ dθ = ∫(pE sinθ) dθ from θ₀ to θ = pE[-cosθ] from θ₀ to θ = pE(cosθ₀ - cosθ).<br>If we define the potential energy to be zero at θ₀ = 90°, then the potential energy U at any angle θ is U(θ) = -pE cosθ, or <b>U = -p ⋅ E</b>.<br>(1) Potential energy is <b>maximum</b> when cosθ = -1, which occurs at θ = 180° (dipole is antiparallel to the field). U_max = +pE.<br>(2) Potential energy is <b>minimum</b> when cosθ = +1, which occurs at θ = 0° (dipole is parallel to the field). U_min = -pE.<br><br><b>(a) (ii) Torque Calculation:</b><br>The dipole vector d points from the negative charge at (0,0) to the positive charge at (3mm, 4mm). So, d = (3î + 4ĵ) mm.<br>The magnitude of the dipole moment is |p| = q|d| = (1.0 × 10⁻¹² C) × √(3²+4²) × 10⁻³ m = (1.0 × 10⁻¹²) × (5 × 10⁻³) = 5 × 10⁻¹⁵ C·m.<br>The torque is τ = p × E. We can find the angle θ between p and E (which is along î). cosθ = (d ⋅ î) / |d| = 3/5. Therefore, sinθ = 4/5.<br>The magnitude of the torque is |τ| = |p||E|sinθ = (5 × 10⁻¹⁵ C·m)(1000 V/m)(4/5) = <b>4 × 10⁻¹² Nm</b>.<br>The direction is along p × E, which is proportional to ((3î + 4ĵ) × î) = -4k̂. So the torque is in the -z direction.<br><br><b>OR</b><br><br><b>(b) (i) Potential of a Dipole on its Axis:</b><br>The potential at point x from the origin is the sum of potentials from +q (at x=a) and -q (at x=-a).<br>V = V₊ + V₋ = [1/(4πε₀)] [q/(x-a) - q/(x+a)]<br>V = [q/(4πε₀)] [(x+a - (x-a)) / (x²-a²)] = [q(2a)] / [4πε₀(x²-a²)]<br>Since the dipole moment is p = 2aq, V = p / [4πε₀(x²-a²)].<br>For x >> a, we can neglect a² in the denominator, so V ≈ p / (4πε₀x²).<br>As p = pî, this can be written as V = <b>(1/4πε₀) * (p⋅î)/x²</b>.<br><br><b>(b) (ii) New Charge on Sphere S₁:</b><br>Initial charges: Q₁ = σ(4πr₁²) = (2/π×10⁻⁹)(4π(0.01)²) = 8×10⁻¹³ C. Q₂ = σ(4πr₂²) = (2/π×10⁻⁹)(4π(0.03)²) = 72×10⁻¹³ C.<br>Total charge Q = Q₁+Q₂ = 80×10⁻¹³ C.<br>When connected, they reach a common potential V. Charge distributes such that Q₁'/r₁ = Q₂'/r₂. Also Q₁'+Q₂'=Q.<br>Q₁' = Q * [r₁ / (r₁+r₂)] = (80×10⁻¹³ C) * [1cm / (1cm+3cm)] = (80×10⁻¹³) * (1/4) = 20×10⁻¹³ C = <b>2 × 10⁻¹² C</b>.</p>"
                    },
                    "question_type": "Long Answer (5 marks)",
                    "difficulty_level": "hard",
                    "explanation_html": null
                  }
                ]
              },
              {
                "chapter_name": "Alternating Current",
                "questions": [
                  {
                    "question_no": 32,
                    "question_html": "<p>(a) (i) A resistor and a capacitor are connected in series to an ac source v = vₘ sin ωt. Derive an expression for the impedance of the circuit.<br>(ii) When does an inductor act as a conductor in a circuit ? Give reason for it.<br>(iii) An electric lamp is designed to operate at 110 V dc and 11 A current. If the lamp is operated on 220 V, 50 Hz ac source with a coil in series, then find the inductance of the coil.</p><p><b>OR</b></p><p>(b) (i) Draw a labelled diagram of a step-up transformer and describe its working principle. Explain any three causes for energy losses in a real transformer.<br>(ii) A step-up transformer converts a low voltage into high voltage. Does it violate the principle of conservation of energy ? Explain.<br>(iii) A step-up transformer has 200 and 3000 turns in its primary and secondary coils respectively. The input voltage given to the primary coil is 90 V. Calculate : (1) The output voltage across the secondary coil (2) The current in the primary coil if the current in the secondary coil is 2.0 A.</p>",
                    "options": [],
                    "correct_answer": {
                      "text": "<p><b>(a) (i) Impedance of RC Circuit:</b><br>Using a phasor diagram, the voltage across the resistor (V_R) is in phase with the current (I), and the voltage across the capacitor (V_C) lags the current by 90°. The source voltage V is the vector sum of V_R and V_C. By Pythagoras' theorem, V² = V_R² + V_C². Since V_R = IR and V_C = IX_C, we have V² = (IR)² + (IX_C)². V = I√(R² + X_C²). Impedance Z = V/I, so <b>Z = √(R² + X_C²)</b>, where X_C = 1/(ωC).<br><br><b>(a) (ii) Inductor as a Conductor:</b><br>An inductor acts as a conductor for a <b>direct current (DC)</b> source. The reason is that inductive reactance is given by X_L = 2πfL. For DC, the frequency f is zero, so X_L = 0. The inductor offers zero opposition to the flow of steady direct current.<br><br><b>(a) (iii) Inductance of the Coil:</b><br>The resistance of the lamp is R = V_dc / I_dc = 110 V / 11 A = 10 Ω.<br>When connected to the AC source, the total impedance is Z = V_ac / I = 220 V / 11 A = 20 Ω.<br>The impedance of the series RL circuit is Z = √(R² + X_L²).<br>20² = 10² + X_L² => 400 = 100 + X_L² => X_L² = 300 => X_L = √300 = 10√3 Ω.<br>Since X_L = 2πfL, L = X_L / (2πf) = (10√3) / (2π × 50) = <b>√3 / (10π) H</b> (approx 0.055 H).<br><br><b>OR</b><br><br><b>(b) (i) Step-up Transformer:</b><br><b>Diagram:</b> A diagram showing a laminated soft iron core with a primary coil having fewer turns (N_p) and a secondary coil with more turns (N_s).<br><b>Working Principle:</b> It works on the principle of mutual induction. An alternating voltage applied to the primary coil creates a changing magnetic flux in the core, which then links with the secondary coil and induces a larger alternating EMF in it.<br><b>Energy Losses:</b> 1. Flux Leakage (not all flux from primary links with secondary), 2. Resistance of Windings (I²R losses), 3. Eddy Currents (induced currents in the iron core).<br><br><b>(b) (ii) Conservation of Energy:</b><br>No, it does not violate the principle of conservation of energy. An ideal transformer increases the voltage but simultaneously decreases the current by the same ratio (V_s/V_p = I_p/I_s). Therefore, the output power (P_out = V_s I_s) is equal to the input power (P_in = V_p I_p). In a real transformer, output power is slightly less than input power due to energy losses.<br><br><b>(b) (iii) Calculations:</b><br>Given: N_p = 200, N_s = 3000, V_p = 90 V, I_s = 2.0 A.<br>(1) Using the transformer equation V_s / V_p = N_s / N_p:<br>V_s = V_p × (N_s / N_p) = 90 V × (3000 / 200) = 90 × 15 = <b>1350 V</b>.<br>(2) Assuming an ideal transformer, I_p V_p = I_s V_s, or I_p / I_s = N_s / N_p:<br>I_p = I_s × (N_s / N_p) = 2.0 A × (3000 / 200) = 2.0 × 15 = <b>30 A</b>.</p>"
                    },
                    "question_type": "Long Answer (5 marks)",
                    "difficulty_level": "hard",
                    "explanation_html": null
                  }
                ]
              },
              {
                "chapter_name": "Ray Optics and Optical Instruments",
                "questions": [
                  {
                    "question_no": 33,
                    "question_html": "<p>(a) (i) A ray of light passes through a triangular prism. Show graphically, how the angle of deviation varies with the angle of incidence ? Hence define the angle of minimum deviation.<br>(ii) A ray of light is incident normally on a refracting face of a prism of prism angle A and suffers a deviation of angle δ. Prove that the refractive index n of the material of the prism is given by n = sin(A + δ) / sin A.<br>(iii) The refractive index of the material of a prism is √2. If the refracting angle of the prism is 60°, find the (1) Angle of minimum deviation, and (2) Angle of incidence.</p><p><b>OR</b></p><p>(b) (i) State Huygens' principle. A plane wave is incident at an angle i on a reflecting surface. Construct the corresponding reflected wavefront. Using this diagram, prove that the angle of reflection is equal to the angle of incidence.<br>(ii) What are the coherent sources of light ? Can two independent sodium lamps act like coherent sources ? Explain.<br>(iii) A beam of light consisting of a known wavelength 520 nm and an unknown wavelength λ, used in Young's double slit experiment produces two interference patterns such that the fourth bright fringe of unknown wavelength coincides with the fifth bright fringe of known wavelength. Find the value of λ.</p>",
                    "options": [],
                    "correct_answer": {
                      "text": "<p><b>(a) (i) Deviation vs. Incidence Graph:</b><br>The graph of the angle of deviation (δ) versus the angle of incidence (i) is a non-symmetrical U-shaped curve. As i increases from a small value, δ first decreases, reaches a minimum value (δ_m), and then increases.<br><b>Angle of Minimum Deviation (δ_m):</b> It is the minimum value of the angle of deviation suffered by a ray on passing through a prism. It occurs when the angle of incidence is equal to the angle of emergence (i = e).<br><br><b>(a) (ii) Proof for Normal Incidence:</b><br>For normal incidence, i = 0. By Snell's law, n₁sin(i) = n₂sin(r₁), so 1sin(0) = nsin(r₁), which means r₁ = 0. We know A = r₁ + r₂, so A = r₂. The angle of deviation is δ = (i + e) - A. Substituting i=0 and r₂=A, we get δ = e - A, or e = A + δ. Applying Snell's law at the second face: n sin(r₂) = 1 sin(e). Substituting r₂ and e, we get n sin(A) = sin(A + δ), which proves <b>n = sin(A + δ) / sin A</b>.<br><br><b>(a) (iii) Calculation:</b><br>Given n = √2, A = 60°. At minimum deviation, we use the prism formula n = sin((A+δ_m)/2) / sin(A/2).<br>√2 = sin((60°+δ_m)/2) / sin(60°/2) = sin((60°+δ_m)/2) / sin(30°).<br>sin((60°+δ_m)/2) = √2 × sin(30°) = √2 × (1/2) = 1/√2.<br>(60°+δ_m)/2 = 45° => 60° + δ_m = 90° => (1) <b>δ_m = 30°</b>.<br>The angle of incidence for minimum deviation is i = (A+δ_m)/2 = (60°+30°)/2 = (2) <b>i = 45°</b>.<br><br><b>OR</b><br><br><b>(b) (i) Huygens' Principle and Law of Reflection:</b><br><b>Principle:</b> Every point on a wavefront is a source of secondary wavelets that spread out in all directions with the speed of the wave. The new wavefront is the tangential surface to all these secondary wavelets.<br><b>Proof:</b> A diagram is constructed showing a plane wavefront AB incident on surface XY. By the time point B reaches C on the surface, the wavelet from A has traveled a distance AD = BC = vt. In triangles ABC and ADC, AC is common, AD=BC, and angles ABC and ADC are 90°. The triangles are congruent. Therefore, the angle of incidence (i) equals the angle of reflection (r).<br><br><b>(b) (ii) Coherent Sources:</b><br>Coherent sources are sources of light that emit waves with the same frequency and a constant (or zero) phase difference. Two independent sodium lamps <b>cannot</b> act as coherent sources because light emission from atoms is a random process. The phase relationship between the waves from the two lamps would change randomly and rapidly, preventing the formation of a stable interference pattern.<br><br><b>(b) (iii) Wavelength Calculation:</b><br>The condition for the nth bright fringe is y_n = nλD/d. The 4th bright fringe of λ coincides with the 5th bright fringe of λ_known = 520 nm.<br>y₄(λ) = y₅(λ_known)<br>4(λD/d) = 5(λ_known D/d)<br>4λ = 5 × 520 nm<br>λ = (5 × 520) / 4 = 5 × 130 = <b>650 nm</b>.</p>"
                    },
                    "question_type": "Long Answer (5 marks)",
                    "difficulty_level": "hard",
                    "explanation_html": null
                  }
                ]
              }
            ]
          }
        ]
      }
    ]
  }
]