[
  {
    "exam_name_actual": "CBSE Board - Class 12 - Science",
    "main_exam_id_name_ref": "CBSE Board - Class 12 - Science",
    "years": [
      {
        "year": "2024",
        "papers_or_subjects": [
          {
            "paper_name": "CBSE Class 12 Science (Chemistry) Paper 2024 (QP Code: 56/1/1)",
            "subject_name": "Chemistry",
            "chapters": [
              {
                "chapter_name": "The d- and f-Block Elements",
                "questions": [
                  {
                    "question_no": 1,
                    "question_html": "<p>Which one of the following first row transition elements is expected to have the highest third ionization enthalpy?</p>",
                    "options": [
                      {
                        "id": "a",
                        "text": "Iron (Z = 26)"
                      },
                      {
                        "id": "b",
                        "text": "Manganese (Z = 25)"
                      },
                      {
                        "id": "c",
                        "text": "Chromium (Z = 24)"
                      },
                      {
                        "id": "d",
                        "text": "Vanadium (Z = 23)"
                      }
                    ],
                    "correct_answer": {
                      "ids": [
                        "b"
                      ]
                    },
                    "question_type": "mcq_single",
                    "difficulty_level": "medium",
                    "explanation_html": "<p>Manganese (Z=25) has an electronic configuration of [Ar] 3d<sup>5</sup> 4s<sup>2</sup>. The third ionization enthalpy involves the removal of an electron from the stable half-filled 3d<sup>5</sup> configuration, which requires a very high amount of energy.</p>"
                  }
                ]
              },
              {
                "chapter_name": "Alcohols, Phenols and Ethers",
                "questions": [
                  {
                    "question_no": 2,
                    "question_html": "<p>Which of the following compounds will give a ketone on oxidation with chromic anhydride (CrO<sub>3</sub>)?</p>",
                    "options": [
                      {
                        "id": "a",
                        "text": "(CH<sub>3</sub>)<sub>2</sub>CH – CH<sub>2</sub>OH"
                      },
                      {
                        "id": "b",
                        "text": "CH<sub>3</sub>CH<sub>2</sub>CH<sub>2</sub>OH"
                      },
                      {
                        "id": "c",
                        "text": "(CH<sub>3</sub>)<sub>3</sub>C – OH"
                      },
                      {
                        "id": "d",
                        "text": "CH<sub>3</sub> – CH<sub>2</sub> – CH(OH) – CH<sub>3</sub>"
                      }
                    ],
                    "correct_answer": {
                      "ids": [
                        "d"
                      ]
                    },
                    "question_type": "mcq_single",
                    "difficulty_level": "easy",
                    "explanation_html": "<p>Oxidation of secondary alcohols with chromic anhydride (CrO<sub>3</sub>) yields ketones. CH<sub>3</sub> – CH<sub>2</sub> – CH(OH) – CH<sub>3</sub> (Butan-2-ol) is a secondary alcohol, which on oxidation gives Butan-2-one, a ketone.</p>"
                  }
                ]
              },
              {
                "chapter_name": "Biomolecules",
                "questions": [
                  {
                    "question_no": 3,
                    "question_html": "<p>Two among the three components of DNA are β-D-2-deoxyribose and a heterocyclic base. The third component is :</p>",
                    "options": [
                      {
                        "id": "a",
                        "text": "Adenine"
                      },
                      {
                        "id": "b",
                        "text": "Phosphoric acid"
                      },
                      {
                        "id": "c",
                        "text": "Sulphuric acid"
                      },
                      {
                        "id": "d",
                        "text": "Uracil"
                      }
                    ],
                    "correct_answer": {
                      "ids": [
                        "b"
                      ]
                    },
                    "question_type": "mcq_single",
                    "difficulty_level": "easy",
                    "explanation_html": "<p>DNA is a polymer of nucleotides, and each nucleotide is composed of three components: a pentose sugar (β-D-2-deoxyribose), a heterocyclic nitrogenous base, and a phosphate group derived from phosphoric acid.</p>"
                  }
                ]
              },
              {
                "chapter_name": "Solutions",
                "questions": [
                  {
                    "question_no": 4,
                    "question_html": "<p>For an electrolyte undergoing association in a solvent, the van't Hoff factor :</p>",
                    "options": [
                      {
                        "id": "a",
                        "text": "is always greater than one"
                      },
                      {
                        "id": "b",
                        "text": "has negative value"
                      },
                      {
                        "id": "c",
                        "text": "has zero value"
                      },
                      {
                        "id": "d",
                        "text": "is always less than one"
                      }
                    ],
                    "correct_answer": {
                      "ids": [
                        "d"
                      ]
                    },
                    "question_type": "mcq_single",
                    "difficulty_level": "medium",
                    "explanation_html": "<p>When an electrolyte undergoes association in a solvent, the number of particles in the solution decreases. The van't Hoff factor (i) is the ratio of the observed colligative property to the calculated colligative property. Since the number of particles decreases, i will be less than one.</p>"
                  }
                ]
              },
              {
                "chapter_name": "Chemical Kinetics",
                "questions": [
                  {
                    "question_no": 5,
                    "question_html": "<p>For the reaction X + 2Y → P, the differential form equation of the rate law is :</p>",
                    "options": [
                      {
                        "id": "a",
                        "text": "2d[P]/dt = -d[Y]/dt"
                      },
                      {
                        "id": "b",
                        "text": "-d[P]/dt = -d[X]/dt"
                      },
                      {
                        "id": "c",
                        "text": "+d[X]/dt = -d[P]/dt"
                      },
                      {
                        "id": "d",
                        "text": "-2d[Y]/dt = +d[P]/dt"
                      }
                    ],
                    "correct_answer": {
                      "ids": [
                        "a"
                      ]
                    },
                    "question_type": "mcq_single",
                    "difficulty_level": "medium",
                    "explanation_html": "<p>The rate of reaction can be expressed in terms of the change in concentration of any of the reactants or products. Rate = -d[X]/dt = -(1/2)d[Y]/dt = +d[P]/dt. From the options, we can rearrange -(1/2)d[Y]/dt = +d[P]/dt to get -d[Y]/dt = 2d[P]/dt. This matches option A.</p>"
                  }
                ]
              },
              {
                "chapter_name": "Haloalkanes and Haloarenes",
                "questions": [
                  {
                    "question_no": 6,
                    "question_html": "<p>The compound which undergoes S<sub>N</sub>1 reaction most rapidly is :</p>",
                    "options": [
                      {
                        "id": "a",
                        "text": "C<sub>6</sub>H<sub>5</sub>C(CH<sub>3</sub>)<sub>2</sub>Br"
                      },
                      {
                        "id": "b",
                        "text": "C<sub>6</sub>H<sub>5</sub>CH<sub>2</sub>Br"
                      },
                      {
                        "id": "c",
                        "text": "C<sub>6</sub>H<sub>5</sub>CH(C<sub>6</sub>H<sub>5</sub>)Br"
                      },
                      {
                        "id": "d",
                        "text": "C<sub>6</sub>H<sub>5</sub>CH(CH<sub>3</sub>)Br"
                      }
                    ],
                    "correct_answer": {
                      "ids": [
                        "a"
                      ]
                    },
                    "question_type": "mcq_single",
                    "difficulty_level": "hard",
                    "explanation_html": "<p>The rate of an S<sub>N</sub>1 reaction depends on the stability of the carbocation intermediate formed. The compound in option (A) forms a tertiary benzylic carbocation, which is highly stabilized by both the +I effect of two methyl groups and the resonance effect of the benzene ring, making it the most stable and thus forming most rapidly.</p>"
                  }
                ]
              },
              {
                "chapter_name": "Aldehydes, Ketones and Carboxylic Acids",
                "questions": [
                  {
                    "question_no": 7,
                    "question_html": "<p>Acetic acid reacts with PCl<sub>5</sub> to give :</p>",
                    "options": [
                      {
                        "id": "a",
                        "text": "Cl – CH<sub>2</sub> – COCl"
                      },
                      {
                        "id": "b",
                        "text": "Cl – CH<sub>2</sub> – COOH"
                      },
                      {
                        "id": "c",
                        "text": "CH<sub>3</sub> – COCl"
                      },
                      {
                        "id": "d",
                        "text": "CCl<sub>3</sub> – COOH"
                      }
                    ],
                    "correct_answer": {
                      "ids": [
                        "c"
                      ]
                    },
                    "question_type": "mcq_single",
                    "difficulty_level": "easy",
                    "explanation_html": "<p>Carboxylic acids react with phosphorus pentachloride (PCl<sub>5</sub>) to form acyl chlorides. Acetic acid (CH<sub>3</sub>COOH) reacts with PCl<sub>5</sub> to yield acetyl chloride (CH<sub>3</sub>COCl), phosphoryl chloride (POCl<sub>3</sub>), and hydrogen chloride (HCl). The reaction is: CH<sub>3</sub>COOH + PCl<sub>5</sub> → CH<sub>3</sub>COCl + POCl<sub>3</sub> + HCl.</p>"
                  }
                ]
              },
              {
                "chapter_name": "Aldehydes, Ketones and Carboxylic Acids",
                "questions": [
                  {
                    "question_no": 8,
                    "question_html": "<p>The formation of cyanohydrin from an aldehyde is an example of :</p>",
                    "options": [
                      {
                        "id": "a",
                        "text": "nucleophilic addition"
                      },
                      {
                        "id": "b",
                        "text": "electrophilic addition"
                      },
                      {
                        "id": "c",
                        "text": "nucleophilic substitution"
                      },
                      {
                        "id": "d",
                        "text": "electrophilic substitution"
                      }
                    ],
                    "correct_answer": {
                      "ids": [
                        "a"
                      ]
                    },
                    "question_type": "mcq_single",
                    "difficulty_level": "easy",
                    "explanation_html": "<p>The reaction involves the addition of a cyanide ion (CN<sup>-</sup>), which is a nucleophile, to the electrophilic carbonyl carbon of the aldehyde. This addition across the C=O double bond is a characteristic example of a nucleophilic addition reaction.</p>"
                  }
                ]
              },
              {
                "chapter_name": "Chemical Kinetics",
                "questions": [
                  {
                    "question_no": 9,
                    "question_html": "<p>In the Arrhenius equation, when log k is plotted against 1/T, a straight line is obtained whose :</p>",
                    "options": [
                      {
                        "id": "a",
                        "text": "slope is A/R and intercept is E<sub>a</sub>."
                      },
                      {
                        "id": "b",
                        "text": "slope is A and intercept is –E<sub>a</sub>/R."
                      },
                      {
                        "id": "c",
                        "text": "slope is –E<sub>a</sub>/RT and intercept is log A."
                      },
                      {
                        "id": "d",
                        "text": "slope is –E<sub>a</sub>/2.303 R and intercept is log A."
                      }
                    ],
                    "correct_answer": {
                      "ids": [
                        "d"
                      ]
                    },
                    "question_type": "mcq_single",
                    "difficulty_level": "medium",
                    "explanation_html": "<p>The Arrhenius equation is k = Ae<sup>-Ea/RT</sup>. Taking the natural logarithm on both sides gives ln k = ln A - E<sub>a</sub>/RT. Converting to base-10 logarithm gives log k = log A - E<sub>a</sub>/(2.303 RT). This is in the form of a straight line equation y = c + mx, where y = log k, x = 1/T, the intercept c = log A, and the slope m = –E<sub>a</sub>/2.303 R.</p>"
                  }
                ]
              },
              {
                "chapter_name": "Alcohols, Phenols and Ethers",
                "questions": [
                  {
                    "question_no": 10,
                    "question_html": "<p>The reaction of an alkyl halide with sodium alkoxide forming ether is known as :</p>",
                    "options": [
                      {
                        "id": "a",
                        "text": "Wurtz reaction"
                      },
                      {
                        "id": "b",
                        "text": "Reimer-Tiemann reaction"
                      },
                      {
                        "id": "c",
                        "text": "Williamson synthesis"
                      },
                      {
                        "id": "d",
                        "text": "Kolbe reaction"
                      }
                    ],
                    "correct_answer": {
                      "ids": [
                        "c"
                      ]
                    },
                    "question_type": "mcq_single",
                    "difficulty_level": "easy",
                    "explanation_html": "<p>The Williamson synthesis is a reaction used to form ethers from the reaction of an alkyl halide with a sodium alkoxide (R-ONa). It is an S<sub>N</sub>2 reaction where the alkoxide ion acts as the nucleophile.</p>"
                  }
                ]
              },
              {
                "chapter_name": "Alcohols, Phenols and Ethers",
                "questions": [
                  {
                    "question_no": 11,
                    "question_html": "<p>The correct order of the ease of dehydration of the following alcohols by the action of conc. H<sub>2</sub>SO<sub>4</sub> is :</p>",
                    "options": [
                      {
                        "id": "a",
                        "text": "(CH<sub>3</sub>)<sub>3</sub>C – OH > (CH<sub>3</sub>)<sub>2</sub>CH – OH > CH<sub>3</sub>CH<sub>2</sub> – OH"
                      },
                      {
                        "id": "b",
                        "text": "(CH<sub>3</sub>)<sub>2</sub>CH – OH > CH<sub>3</sub>CH<sub>2</sub> – OH > (CH<sub>3</sub>)<sub>3</sub>C – OH"
                      },
                      {
                        "id": "c",
                        "text": "CH<sub>3</sub>CH<sub>2</sub> – OH > (CH<sub>3</sub>)<sub>2</sub>CH – OH > (CH<sub>3</sub>)<sub>3</sub>C – OH"
                      },
                      {
                        "id": "d",
                        "text": "(CH<sub>3</sub>)<sub>2</sub>CH – OH > (CH<sub>3</sub>)<sub>3</sub>C – OH > CH<sub>3</sub>CH<sub>2</sub> – OH"
                      }
                    ],
                    "correct_answer": {
                      "ids": [
                        "a"
                      ]
                    },
                    "question_type": "mcq_single",
                    "difficulty_level": "medium",
                    "explanation_html": "<p>The dehydration of alcohols proceeds through a carbocation intermediate. The ease of dehydration depends on the stability of this carbocation. Tertiary carbocations are more stable than secondary, which are more stable than primary. Therefore, tertiary alcohols dehydrate most easily. The order of carbocation stability is: (CH<sub>3</sub>)<sub>3</sub>C<sup>+</sup> (tertiary) > (CH<sub>3</sub>)<sub>2</sub>CH<sup>+</sup> (secondary) > CH<sub>3</sub>CH<sub>2</sub><sup>+</sup> (primary). Thus, the order of ease of dehydration is Tertiary > Secondary > Primary.</p>"
                  }
                ]
              },
              {
                "chapter_name": "Biomolecules",
                "questions": [
                  {
                    "question_no": 12,
                    "question_html": "<p>Which functional groups of glucose interact to form cyclic hemiacetal leading to pyranose structure ?</p>",
                    "options": [
                      {
                        "id": "a",
                        "text": "Aldehyde group and hydroxyl group at C – 4"
                      },
                      {
                        "id": "b",
                        "text": "Aldehyde group and hydroxyl group at C – 5"
                      },
                      {
                        "id": "c",
                        "text": "Ketone group and hydroxyl group at C – 4"
                      },
                      {
                        "id": "d",
                        "text": "Ketone group and hydroxyl group at C – 5"
                      }
                    ],
                    "correct_answer": {
                      "ids": [
                        "b"
                      ]
                    },
                    "question_type": "mcq_single",
                    "difficulty_level": "medium",
                    "explanation_html": "<p>The pyranose structure of glucose is a six-membered ring formed by the intramolecular nucleophilic addition of the hydroxyl group at the C-5 position to the aldehyde group at the C-1 position, creating a cyclic hemiacetal.</p>"
                  }
                ]
              },
              {
                "chapter_name": "Solutions",
                "questions": [
                  {
                    "question_no": 13,
                    "question_html": "<p><strong>Assertion (A) :</strong> When NaCl is added to water a depression in freezing point is observed.</p><p><strong>Reason (R) :</strong> NaCl undergoes dissociation in water.</p>",
                    "options": [
                      {
                        "id": "a",
                        "text": "Both Assertion (A) and Reason (R) are true and Reason (R) is the correct explanation of the Assertion (A)."
                      },
                      {
                        "id": "b",
                        "text": "Both Assertion (A) and Reason (R) are true, but Reason (R) is not the correct explanation of the Assertion (A)."
                      },
                      {
                        "id": "c",
                        "text": "Assertion (A) is true, but Reason (R) is false."
                      },
                      {
                        "id": "d",
                        "text": "Assertion (A) is false, but Reason (R) is true."
                      }
                    ],
                    "correct_answer": {
                      "ids": [
                        "b"
                      ]
                    },
                    "question_type": "mcq_single",
                    "difficulty_level": "medium",
                    "explanation_html": "<p>Assertion (A) is true; the addition of a non-volatile solute like NaCl to a solvent lowers its freezing point. This is a known colligative property. Reason (R) is also true; NaCl is an electrolyte and dissociates into Na<sup>+</sup> and Cl<sup>-</sup> ions in water. However, the marking scheme indicates B, suggesting the reason is not the correct explanation, which is factually incorrect as the dissociation increases the number of solute particles, which is the direct cause of the freezing point depression. As per the provided marking scheme, the answer is B.</p>"
                  }
                ]
              },
              {
                "chapter_name": "The d- and f-Block Elements",
                "questions": [
                  {
                    "question_no": 14,
                    "question_html": "<p><strong>Assertion (A):</strong> Separation of Zr and Hf is difficult.</p><p><strong>Reason (R) :</strong> Zr and Hf have similar radii due to lanthanoid contraction.</p>",
                    "options": [
                      {
                        "id": "a",
                        "text": "Both Assertion (A) and Reason (R) are true and Reason (R) is the correct explanation of the Assertion (A)."
                      },
                      {
                        "id": "b",
                        "text": "Both Assertion (A) and Reason (R) are true, but Reason (R) is not the correct explanation of the Assertion (A)."
                      },
                      {
                        "id": "c",
                        "text": "Assertion (A) is true, but Reason (R) is false."
                      },
                      {
                        "id": "d",
                        "text": "Assertion (A) is false, but Reason (R) is true."
                      }
                    ],
                    "correct_answer": {
                      "ids": [
                        "a"
                      ]
                    },
                    "question_type": "mcq_single",
                    "difficulty_level": "medium",
                    "explanation_html": "<p>Assertion (A) is true. Zirconium (Zr) and Hafnium (Hf) are chemically very similar, which makes their separation difficult. Reason (R) is also true. Due to the lanthanoid contraction, the atomic radii of Zr (160 pm) and Hf (159 pm) are almost identical. This similarity in size leads to very similar chemical properties, which is the correct explanation for the difficulty in their separation.</p>"
                  }
                ]
              },
              {
                "chapter_name": "Aldehydes, Ketones and Carboxylic Acids",
                "questions": [
                  {
                    "question_no": 15,
                    "question_html": "<p><strong>Assertion (A):</strong> The pK<sub>a</sub> of ethanoic acid is lower than that of Cl – CH<sub>2</sub> – COOH.</p><p><strong>Reason (R) :</strong> Chlorine shows electron withdrawing (–I) effect which increases the acidic character of Cl – CH<sub>2</sub> – COOH.</p>",
                    "options": [
                      {
                        "id": "a",
                        "text": "Both Assertion (A) and Reason (R) are true and Reason (R) is the correct explanation of the Assertion (A)."
                      },
                      {
                        "id": "b",
                        "text": "Both Assertion (A) and Reason (R) are true, but Reason (R) is not the correct explanation of the Assertion (A)."
                      },
                      {
                        "id": "c",
                        "text": "Assertion (A) is true, but Reason (R) is false."
                      },
                      {
                        "id": "d",
                        "text": "Assertion (A) is false, but Reason (R) is true."
                      }
                    ],
                    "correct_answer": {
                      "ids": [
                        "a"
                      ]
                    },
                    "question_type": "mcq_single",
                    "difficulty_level": "hard",
                    "explanation_html": "<p>Reason (R) is true. The chlorine atom has a strong electron-withdrawing inductive effect (-I effect), which stabilizes the carboxylate anion of chloroacetic acid by dispersing its negative charge. This increases its acidic strength compared to ethanoic acid. A stronger acid has a lower pK<sub>a</sub> value. Therefore, the pK<sub>a</sub> of chloroacetic acid is lower than that of ethanoic acid. Assertion (A) states the opposite, so it is false.</p>"
                  }
                ]
              },
              {
                "chapter_name": "Amines",
                "questions": [
                  {
                    "question_no": 16,
                    "question_html": "<p><strong>Assertion (A) :</strong> Aniline is a stronger base than ammonia.</p><p><strong>Reason (R) :</strong> The unshared electron pair on nitrogen atom in aniline becomes less available for protonation due to resonance.</p>",
                    "options": [
                      {
                        "id": "a",
                        "text": "Both Assertion (A) and Reason (R) are true and Reason (R) is the correct explanation of the Assertion (A)."
                      },
                      {
                        "id": "b",
                        "text": "Both Assertion (A) and Reason (R) are true, but Reason (R) is not the correct explanation of the Assertion (A)."
                      },
                      {
                        "id": "c",
                        "text": "Assertion (A) is true, but Reason (R) is false."
                      },
                      {
                        "id": "d",
                        "text": "Assertion (A) is false, but Reason (R) is true."
                      }
                    ],
                    "correct_answer": {
                      "ids": [
                        "d"
                      ]
                    },
                    "question_type": "mcq_single",
                    "difficulty_level": "medium",
                    "explanation_html": "<p>Reason (R) is true. In aniline, the lone pair of electrons on the nitrogen atom is delocalized into the benzene ring through resonance. This makes the lone pair less available for donation to a proton. This delocalization decreases the basicity of aniline. Assertion (A) is false because this effect makes aniline a weaker base than ammonia, where the lone pair on nitrogen is localized and readily available for protonation.</p>"
                  }
                ]
              },
              {
                "chapter_name": "Electrochemistry",
                "questions": [
                  {
                    "question_no": 17,
                    "question_html": "<p>Calculate the potential of Iron electrode in which the concentration of Fe<sup>2+</sup> ion is 0.01 M.</p><p>(E<sup>0</sup><sub>Fe2+/Fe</sub> = – 0.45 V at 298 K)</p><p>[Given : log 10 = 1]</p>",
                    "options": [],
                    "correct_answer": {
                      "text": "-0.509 V"
                    },
                    "question_type": "Very Short Answer (2 marks)",
                    "difficulty_level": "medium",
                    "explanation_html": "<p>Using the Nernst equation for the Fe<sup>2+</sup>/Fe electrode:</p><p>E<sub>Fe2+/Fe</sub> = E<sup>0</sup><sub>Fe2+/Fe</sub> - (0.059/n) log(1/[Fe<sup>2+</sup>])</p><p>Here, n=2, E<sup>0</sup> = -0.45 V, [Fe<sup>2+</sup>] = 0.01 M</p><p>E<sub>Fe2+/Fe</sub> = -0.45 - (0.059/2) log(1/0.01)</p><p>E<sub>Fe2+/Fe</sub> = -0.45 - (0.059/2) log(100)</p><p>E<sub>Fe2+/Fe</sub> = -0.45 - (0.059/2) * 2</p><p>E<sub>Fe2+/Fe</sub> = -0.45 - 0.059</p><p>E<sub>Fe2+/Fe</sub> = -0.509 V</p>"
                  }
                ]
              },
              {
                "chapter_name": "Chemical Kinetics",
                "questions": [
                  {
                    "question_no": 18,
                    "question_html": "<p>Define molecularity of the reaction. State any one condition in which a bimolecular reaction may be kinetically of first order.</p>",
                    "options": [],
                    "correct_answer": {
                      "text": "<strong>Molecularity:</strong> The number of reacting species (atoms, ions or molecules) taking part in an elementary reaction, which must collide simultaneously in order to bring about a chemical reaction is called molecularity of a reaction.<br><strong>Condition:</strong> A bimolecular reaction can be kinetically of the first order when one of the reactants is present in large excess."
                    },
                    "question_type": "Very Short Answer (2 marks)",
                    "difficulty_level": "medium",
                    "explanation_html": "<p><strong>Molecularity:</strong> The number of reacting species taking part in an elementary reaction, which must collide simultaneously in order to bring about a chemical reaction is called molecularity of a reaction.</p><p><strong>Condition for a bimolecular reaction to be first order:</strong> This occurs in pseudo-first-order reactions. For a reaction A + B &rarr; Products, the rate law is Rate = k[A][B]. If the concentration of reactant B is very large compared to A, its concentration remains almost constant throughout the reaction. So, the rate law can be written as Rate = k'[A], where k' = k[B]. The reaction is thus kinetically of the first order.</p>"
                  }
                ]
              },
              {
                "chapter_name": "Biomolecules",
                "questions": [
                  {
                    "question_no": 19,
                    "question_html": "<p>What happens when D-glucose is treated with the following reagents? 1+1=2</p><p>(a) HI</p><p>(b) Conc. HNO<sub>3</sub></p>",
                    "options": [],
                    "correct_answer": {
                      "text": "<p>(a) When D-glucose is heated with HI for a prolonged time, it forms n-hexane.<br>CHO-(CHOH)<sub>4</sub>-CH<sub>2</sub>OH + HI → CH<sub>3</sub>-CH<sub>2</sub>-CH<sub>2</sub>-CH<sub>2</sub>-CH<sub>2</sub>-CH<sub>3</sub></p><p>(b) On oxidation with concentrated nitric acid, D-glucose yields a dicarboxylic acid called Saccharic acid.<br>CHO-(CHOH)<sub>4</sub>-CH<sub>2</sub>OH + [O] (from conc. HNO<sub>3</sub>) → COOH-(CHOH)<sub>4</sub>-COOH</p>"
                    },
                    "question_type": "Very Short Answer (2 marks)",
                    "difficulty_level": "medium",
                    "explanation_html": null
                  }
                ]
              },
              {
                "chapter_name": "Haloalkanes and Haloarenes",
                "questions": [
                  {
                    "question_no": 20,
                    "question_html": "<p>(a) Draw the structures of major monohalo products in each of the following reactions : 1+1=2</p><p>(i) C<sub>6</sub>H<sub>5</sub>-CH=CH<sub>2</sub> + HBr →</p><p>(ii) Cyclohexane + Br<sub>2</sub> (in UV light) →</p><p>OR</p><p>(b) Give reasons for the following : 1+1=2</p><p>(i) Grignard reagent should be prepared under anhydrous conditions.</p><p>(ii) Alkyl halides give alcohol with aqueous KOH whereas in the presence of alcoholic KOH, alkenes are formed.</p>",
                    "options": [],
                    "correct_answer": {
                      "text": "<p>(a) (i) C<sub>6</sub>H<sub>5</sub>-CH(Br)-CH<sub>3</sub> (1-Bromo-1-phenylethane)</p><p>(a) (ii) Bromocyclohexane</p><p>OR</p><p>(b) (i) Grignard reagents are highly reactive and react with any source of a proton to give hydrocarbons. Even water is a sufficient source of protons. To avoid this, they are prepared under anhydrous conditions.<br>R-MgX + H<sub>2</sub>O → R-H + Mg(OH)X</p><p>(b) (ii) In an aqueous solution, KOH is almost completely ionized to give OH⁻ ions, which are strong nucleophiles. They bring about a substitution reaction to form alcohols. In an alcoholic solution, alkoxide ions (RO⁻) are present, which are stronger bases than OH⁻. They favor the elimination reaction to form alkenes.</p>"
                    },
                    "question_type": "Very Short Answer (2 marks)",
                    "difficulty_level": "medium",
                    "explanation_html": null
                  }
                ]
              },
              {
                "chapter_name": "Aldehydes, Ketones and Carboxylic Acids",
                "questions": [
                  {
                    "question_no": 21,
                    "question_html": "<p>Write the chemical equation when : 1+1=2</p><p>(a) Butan-2-one is treated with Zn(Hg) and conc. HCl.</p><p>(b) Two molecules of benzaldehyde are treated with conc. NaOH.</p>",
                    "options": [],
                    "correct_answer": {
                      "text": "<p>(a) This is the Clemmensen reduction. The carbonyl group of the ketone is reduced to a CH<sub>2</sub> group.<br>CH<sub>3</sub>COCH<sub>2</sub>CH<sub>3</sub> + Zn-Hg/Conc.HCl → CH<sub>3</sub>CH<sub>2</sub>CH<sub>2</sub>CH<sub>3</sub> + H<sub>2</sub>O</p><p>(b) This is the Cannizzaro reaction. Aldehydes which do not have an α-hydrogen atom undergo self-oxidation and reduction (disproportionation) on treatment with concentrated alkali.<br>2C<sub>6</sub>H<sub>5</sub>CHO + Conc. NaOH → C<sub>6</sub>H<sub>5</sub>CH<sub>2</sub>OH + C<sub>6</sub>H<sub>5</sub>COONa</p>"
                    },
                    "question_type": "Very Short Answer (2 marks)",
                    "difficulty_level": "medium",
                    "explanation_html": null
                  }
                ]
              },
              {
                "chapter_name": "Electrochemistry",
                "questions": [
                  {
                    "question_no": 22,
                    "question_html": "<p>When a certain conductivity cell was filled with 0.05 M KCl solution, it has a resistance of 100 ohm at 25°C. When the same cell was filled with 0.02 M AgNO<sub>3</sub> solution, the resistance was 90 ohm. Calculate the conductivity and molar conductivity of AgNO<sub>3</sub> solution.</p><p>(Given : Conductivity of 0.05 M KCl solution = 1.35 × 10<sup>-2</sup> ohm<sup>-1</sup>cm<sup>-1</sup>)</p>",
                    "options": [],
                    "correct_answer": {
                      "text": "<p><b>Step 1: Calculate the cell constant (G*)</b></p><p>G* = Conductivity (κ) × Resistance (R)</p><p>G* = (1.35 × 10<sup>-2</sup> S cm<sup>-1</sup>) × 100 Ω = 1.35 cm<sup>-1</sup></p><p><b>Step 2: Calculate the conductivity of AgNO<sub>3</sub> solution</b></p><p>Conductivity (κ) of AgNO<sub>3</sub> = Cell constant (G*) / Resistance (R) of AgNO<sub>3</sub></p><p>κ = 1.35 cm<sup>-1</sup> / 90 Ω = 0.015 S cm<sup>-1</sup></p><p><b>Step 3: Calculate the molar conductivity of AgNO<sub>3</sub> solution</b></p><p>Molar conductivity (Λ<sub>m</sub>) = (κ × 1000) / Molarity (C)</p><p>Λ<sub>m</sub> = (0.015 S cm<sup>-1</sup> × 1000 cm<sup>3</sup> L<sup>-1</sup>) / 0.02 mol L<sup>-1</sup></p><p>Λ<sub>m</sub> = 750 S cm<sup>2</sup> mol<sup>-1</sup></p>"
                    },
                    "question_type": "Short Answer (3 marks)",
                    "difficulty_level": "hard",
                    "explanation_html": null
                  }
                ]
              },
              {
                "chapter_name": "Chemical Kinetics",
                "questions": [
                  {
                    "question_no": 23,
                    "question_html": "<p>The following initial rate data were obtained for the reaction :<br>2NO (g) + Br<sub>2</sub> (g) → 2NOBr (g)</p><table><tbody><tr><td>Expt. No.</td><td>[NO]/mol L<sup>-1</sup></td><td>[Br<sub>2</sub>]/mol L<sup>-1</sup></td><td>Initial Rate (mol L<sup>-1</sup> s<sup>-1</sup>)</td></tr><tr><td>1</td><td>0.05</td><td>0.05</td><td>1.0 × 10<sup>-3</sup></td></tr><tr><td>2</td><td>0.05</td><td>0.15</td><td>3.0 × 10<sup>-3</sup></td></tr><tr><td>3</td><td>0.15</td><td>0.05</td><td>9.0 × 10<sup>-3</sup></td></tr></tbody></table><p>(a) What is the order with respect to NO and Br<sub>2</sub> in the reaction ?</p><p>(b) Calculate the rate constant (k).</p><p>(c) Determine the rate of reaction when concentration of NO and Br<sub>2</sub> are 0.4 M and 0.2 M, respectively.</p>",
                    "options": [],
                    "correct_answer": {
                      "text": "<p>(a) Let the rate law be: Rate = k[NO]<sup>p</sup>[Br<sub>2</sub>]<sup>q</sup>.</p><p>To find q, compare experiments 1 and 2 where [NO] is constant:<br>Rate<sub>2</sub>/Rate<sub>1</sub> = (k(0.05)<sup>p</sup>(0.15)<sup>q</sup>) / (k(0.05)<sup>p</sup>(0.05)<sup>q</sup>)<br>3.0 × 10<sup>-3</sup> / 1.0 × 10<sup>-3</sup> = (0.15/0.05)<sup>q</sup><br>3 = 3<sup>q</sup> ⇒ q = 1. The order with respect to Br<sub>2</sub> is 1.</p><p>To find p, compare experiments 1 and 3 where [Br<sub>2</sub>] is constant:<br>Rate<sub>3</sub>/Rate<sub>1</sub> = (k(0.15)<sup>p</sup>(0.05)<sup>q</sup>) / (k(0.05)<sup>p</sup>(0.05)<sup>q</sup>)<br>9.0 × 10<sup>-3</sup> / 1.0 × 10<sup>-3</sup> = (0.15/0.05)<sup>p</sup><br>9 = 3<sup>p</sup> ⇒ p = 2. The order with respect to NO is 2.</p><p>(b) Using the rate law Rate = k[NO]<sup>2</sup>[Br<sub>2</sub>]<sup>1</sup> and data from experiment 1:<br>1.0 × 10<sup>-3</sup> mol L<sup>-1</sup> s<sup>-1</sup> = k (0.05 mol L<sup>-1</sup>)<sup>2</sup> (0.05 mol L<sup>-1</sup>)<br>k = 1.0 × 10<sup>-3</sup> / (0.0025 × 0.05) = 8 L<sup>2</sup> mol<sup>-2</sup> s<sup>-1</sup>.</p><p>(c) Using the calculated rate constant:<br>Rate = 8 L<sup>2</sup> mol<sup>-2</sup> s<sup>-1</sup> × (0.4 mol L<sup>-1</sup>)<sup>2</sup> × (0.2 mol L<sup>-1</sup>)<br>Rate = 8 × 0.16 × 0.2 = 0.256 mol L<sup>-1</sup> s<sup>-1</sup> (or 2.56 × 10<sup>-1</sup> mol L<sup>-1</sup> s<sup>-1</sup>).</p>"
                    },
                    "question_type": "Short Answer (3 marks)",
                    "difficulty_level": "hard",
                    "explanation_html": null
                  }
                ]
              },
              {
                "chapter_name": "Coordination Compounds",
                "questions": [
                  {
                    "question_no": 24,
                    "question_html": "<p>(a) Write the formula for the following coordination compound :<br>Potassium tetrahydroxidozincate (II)</p><p>(b) Arrange the following complexes in the increasing order of conductivity of their solution :<br>[Cr(NH<sub>3</sub>)<sub>5</sub>Cl]Cl<sub>2</sub>, [Cr(NH<sub>3</sub>)<sub>3</sub>Cl<sub>3</sub>], [Cr(NH<sub>3</sub>)<sub>6</sub>]Cl<sub>3</sub></p><p>(c) Identify the type of isomerism exhibited by the following complexes :<br>(i) [Co(NH<sub>3</sub>)<sub>5</sub>NO<sub>2</sub>]<sup>2+</sup></p><p>(ii) [Co(en)<sub>3</sub>]Cl<sub>3</sub></p>",
                    "options": [],
                    "correct_answer": {
                      "text": "<p>(a) K<sub>2</sub>[Zn(OH)<sub>4</sub>]</p><p>(b) The conductivity of a solution depends on the number of ions it furnishes. <br>[Cr(NH<sub>3</sub>)<sub>3</sub>Cl<sub>3</sub>] - 0 ions<br>[Cr(NH<sub>3</sub>)<sub>5</sub>Cl]Cl<sub>2</sub> → [Cr(NH<sub>3</sub>)<sub>5</sub>Cl]<sup>2+</sup> + 2Cl⁻ - 3 ions<br>[Cr(NH<sub>3</sub>)<sub>6</sub>]Cl<sub>3</sub> → [Cr(NH<sub>3</sub>)<sub>6</sub>]<sup>3+</sup> + 3Cl⁻ - 4 ions<br>Increasing order of conductivity: [Cr(NH<sub>3</sub>)<sub>3</sub>Cl<sub>3</sub>] &lt; [Cr(NH<sub>3</sub>)<sub>5</sub>Cl]Cl<sub>2</sub> &lt; [Cr(NH<sub>3</sub>)<sub>6</sub>]Cl<sub>3</sub></p><p>(c) (i) Linkage isomerism, as the NO<sub>2</sub><sup>-</sup> ligand can coordinate through either the nitrogen atom (nitro) or the oxygen atom (nitrito).</p><p>(c) (ii) Optical isomerism. The complex ion [Co(en)<sub>3</sub>]<sup>3+</sup> is chiral and exists as a pair of non-superimposable mirror images (enantiomers).</p>"
                    },
                    "question_type": "Short Answer (3 marks)",
                    "difficulty_level": "medium",
                    "explanation_html": null
                  }
                ]
              },
              {
                "chapter_name": "Haloalkanes and Haloarenes",
                "questions": [
                  {
                    "question_no": 25,
                    "question_html": "<p>(a) Which of the following is an allylic halide ?</p><p>(i) CH<sub>3</sub> – CH = CH – Br</p><p>(ii) CH<sub>2</sub> = CH – CH(Br) – CH<sub>3</sub></p><p>(b) Out of chlorobenzene and 2,4,6-trinitrochlorobenzene, which is more reactive towards nucleophilic substitution and why ?</p><p>(c) Which isomer of C<sub>4</sub>H<sub>9</sub>Cl has the lowest boiling point ?</p>",
                    "options": [],
                    "correct_answer": {
                      "text": "<p>(a) (ii) CH<sub>2</sub> = CH – CH(Br) – CH<sub>3</sub>. An allylic halide has a halogen atom bonded to an sp<sup>3</sup>-hybridized carbon atom adjacent to a carbon-carbon double bond.</p><p>(b) 2,4,6-trinitrochlorobenzene is more reactive. The presence of three strong electron-withdrawing nitro (-NO<sub>2</sub>) groups at ortho and para positions greatly activates the benzene ring towards nucleophilic substitution by stabilizing the intermediate Meisenheimer complex.</p><p>(c) tert-butyl chloride ((CH<sub>3</sub>)<sub>3</sub>C-Cl). Among isomeric alkyl halides, boiling point decreases with an increase in branching. As branching increases, the molecule becomes more spherical, resulting in a smaller surface area and weaker van der Waals forces.</p>"
                    },
                    "question_type": "Short Answer (3 marks)",
                    "difficulty_level": "medium",
                    "explanation_html": null
                  }
                ]
              },
              {
                "chapter_name": "Alcohols, Phenols and Ethers",
                "questions": [
                  {
                    "question_no": 26,
                    "question_html": "<p>(a) Write the mechanism of the following reaction :</p><p>CH<sub>3</sub>CH<sub>2</sub>OH --(H<sup>+</sup>, 443 K)--> CH<sub>2</sub> = CH<sub>2</sub></p><p>(b) Write the main product in each of the following reactions :</p><p>(i) CH<sub>3</sub>–CH<sub>2</sub>–CH = CH<sub>2</sub> --(a) B<sub>2</sub>H<sub>6</sub>, (b) 3H<sub>2</sub>O<sub>2</sub>/OH<sup>-</sup>--></p><p>(ii) Phenol --(a) aq. NaOH, (b) CO<sub>2</sub>, H<sup>+</sup>--></p>",
                    "options": [],
                    "correct_answer": {
                      "text": "<p>(a) Mechanism of acid-catalyzed dehydration of ethanol:</p><p><b>Step 1:</b> Formation of protonated alcohol.<br>CH<sub>3</sub>CH<sub>2</sub>OH + H<sup>+</sup> ⇌ CH<sub>3</sub>CH<sub>2</sub>O<sup>+</sup>H<sub>2</sub></p><p><b>Step 2:</b> Formation of carbocation (slowest, rate-determining step).<br>CH<sub>3</sub>CH<sub>2</sub>O<sup>+</sup>H<sub>2</sub> → CH<sub>3</sub>C<sup>+</sup>H<sub>2</sub> + H<sub>2</sub>O</p><p><b>Step 3:</b> Formation of ethene by elimination of a proton.<br>CH<sub>3</sub>C<sup>+</sup>H<sub>2</sub> → CH<sub>2</sub>=CH<sub>2</sub> + H<sup>+</sup></p><p>(b) (i) This is hydroboration-oxidation, which results in the anti-Markovnikov addition of water across the double bond.<br>Product: CH<sub>3</sub>–CH<sub>2</sub>–CH<sub>2</sub>–CH<sub>2</sub>–OH (Butan-1-ol)</p><p>(b) (ii) This is the Kolbe's reaction. Phenoxide ion undergoes electrophilic substitution with CO<sub>2</sub> to form salicylic acid.<br>Product: o-Hydroxybenzoic acid (Salicylic acid)</p>"
                    },
                    "question_type": "Short Answer (3 marks)",
                    "difficulty_level": "hard",
                    "explanation_html": null
                  }
                ]
              },
              {
                "chapter_name": "Biomolecules",
                "questions": [
                  {
                    "question_no": 27,
                    "question_html": "<p>Answer the following: (any three) 3×1=3</p><p>(a) What is peptide linkage ?</p><p>(b) What type of bonds hold a DNA double helix together ?</p><p>(c) Which one of the following is a polysaccharide ? Sucrose, Glucose, Starch, Fructose</p><p>(d) Give one example each for water-soluble vitamins and fat-soluble vitamins.</p>",
                    "options": [],
                    "correct_answer": {
                      "text": "<p>(a) A peptide linkage is an amide bond (–CONH–) formed between the carboxyl group (–COOH) of one amino acid and the amino group (–NH<sub>2</sub>) of another amino acid, with the elimination of a water molecule.</p><p>(b) Hydrogen bonds between the specific pairs of nitrogenous bases (Adenine with Thymine, and Guanine with Cytosine) hold the two strands of the DNA double helix together.</p><p>(c) Starch is a polysaccharide.</p><p>(d) Water-soluble vitamin: Vitamin C (or Vitamin B complex). Fat-soluble vitamin: Vitamin A (or D, E, K).</p>"
                    },
                    "question_type": "Short Answer (3 marks)",
                    "difficulty_level": "easy",
                    "explanation_html": null
                  }
                ]
              },
              {
                "chapter_name": "Aldehydes, Ketones and Carboxylic Acids",
                "questions": [
                  {
                    "question_no": 28,
                    "question_html": "<p>Compound (A) (C<sub>6</sub>H<sub>12</sub>O<sub>2</sub>) on reduction with LiAlH<sub>4</sub> gives two compounds (B) and (C). The compound (B) on oxidation with PCC gives compound (D) which upon treatment with dilute NaOH and subsequent heating gives compound (E). Compound (E) on catalytic hydrogenation gives compound (C). The compound (D) is oxidized further to give compound (F) which is found to be a monobasic acid (Molecular weight = 60). Identify the compounds (A), (B), (C), (D), (E) and (F).</p>",
                    "options": [],
                    "correct_answer": {
                      "text": "<p><b>Step 1: Identify F.</b> A monobasic acid with MW = 60 is CH<sub>3</sub>COOH (Ethanoic acid).</p><p><b>Step 2: Identify D.</b> (D) is oxidized to (F). Thus, (D) is CH<sub>3</sub>CHO (Ethanal).</p><p><b>Step 3: Identify B.</b> (B) on oxidation with PCC gives (D). Thus, (B) is CH<sub>3</sub>CH<sub>2</sub>OH (Ethanol).</p><p><b>Step 4: Identify E.</b> (D) undergoes aldol condensation. 2CH<sub>3</sub>CHO --(dil. NaOH)--> CH<sub>3</sub>CH(OH)CH<sub>2</sub>CHO --(heat)--> CH<sub>3</sub>CH=CHCHO. So, (E) is But-2-enal.</p><p><b>Step 5: Identify C.</b> (E) on catalytic hydrogenation gives (C). CH<sub>3</sub>CH=CHCHO + 2H<sub>2</sub> --(catalyst)--> CH<sub>3</sub>CH<sub>2</sub>CH<sub>2</sub>CH<sub>2</sub>OH. So, (C) is Butan-1-ol.</p><p><b>Step 6: Identify A.</b> (A) is an ester C<sub>6</sub>H<sub>12</sub>O<sub>2</sub> which on reduction gives (B) Ethanol and (C) Butan-1-ol. This ester is Ethyl butanoate.<br>CH<sub>3</sub>CH<sub>2</sub>CH<sub>2</sub>COOCH<sub>2</sub>CH<sub>3</sub> + LiAlH<sub>4</sub> → CH<sub>3</sub>CH<sub>2</sub>CH<sub>2</sub>CH<sub>2</sub>OH + CH<sub>3</sub>CH<sub>2</sub>OH</p><p>Summary:<br><b>(A)</b> Ethyl butanoate (CH<sub>3</sub>CH<sub>2</sub>CH<sub>2</sub>COOCH<sub>2</sub>CH<sub>3</sub>)<br><b>(B)</b> Ethanol (CH<sub>3</sub>CH<sub>2</sub>OH)<br><b>(C)</b> Butan-1-ol (CH<sub>3</sub>CH<sub>2</sub>CH<sub>2</sub>CH<sub>2</sub>OH)<br><b>(D)</b> Ethanal (CH<sub>3</sub>CHO)<br><b>(E)</b> But-2-enal (CH<sub>3</sub>CH=CHCHO)<br><b>(F)</b> Ethanoic acid (CH<sub>3</sub>COOH)</p>"
                    },
                    "question_type": "Short Answer (3 marks)",
                    "difficulty_level": "hard",
                    "explanation_html": null
                  }
                ]
              },
              {
                "chapter_name": "Electrochemistry",
                "questions": [
                  {
                    "question_no": 29,
                    "question_html": "<p>Read the case carefully and answer the questions that follow.</p><p>Batteries and fuel cells are very useful forms of galvanic cell. Any battery or cell that we use as a source of electrical energy is basically a galvanic cell. However, for a battery to be of practical use it should be reasonably light, compact and its voltage should not vary appreciably during its use. There are mainly two types of batteries — primary batteries and secondary batteries. In the primary batteries, the reaction occurs only once and after use over a period of time the battery becomes dead and cannot be reused again, whereas the secondary batteries are rechargeable.</p><p>(a) How do primary batteries differ from secondary batteries ?</p><p>(b) The cell potential of Mercury cell is 1.35 V, and remains constant during its life. Give reason.</p><p>(c) Write the reactions involved in the recharging of the lead storage battery. OR Write two advantages of fuel cells over other galvanic cells.</p>",
                    "options": [],
                    "correct_answer": {
                      "text": "<p>(a) Primary batteries are not rechargeable, meaning the electrochemical reaction is irreversible and the battery is discarded after use. Secondary batteries are rechargeable; their chemical reactions can be reversed by passing an external current.</p><p>(b) The cell potential remains constant because the overall cell reaction, Zn(Hg) + HgO(s) → ZnO(s) + Hg(l), does not involve any ions in the solution whose concentration can change during the discharge of the cell.</p><p>(c) The reactions during recharging are the reverse of the discharge process:<br><b>At Anode (Oxidation):</b> PbSO<sub>4</sub>(s) + 2e<sup>-</sup> → Pb(s) + SO<sub>4</sub><sup>2-</sup>(aq)<br><b>At Cathode (Reduction):</b> PbSO<sub>4</sub>(s) + 2H<sub>2</sub>O(l) → PbO<sub>2</sub>(s) + SO<sub>4</sub><sup>2-</sup>(aq) + 4H<sup>+</sup>(aq) + 2e<sup>-</sup></p><p>OR</p><p>(c) Two advantages of fuel cells are:<br>1. High efficiency: They convert the energy of a fuel directly into electricity, with efficiencies typically around 60-70%.<br>2. Pollution-free: The product of the H<sub>2</sub>-O<sub>2</sub> fuel cell is water, making it an environmentally friendly energy source.</p>"
                    },
                    "question_type": "Case-based Subjective",
                    "difficulty_level": "medium",
                    "explanation_html": null
                  }
                ]
              },
              {
                "chapter_name": "Coordination Compounds",
                "questions": [
                  {
                    "question_no": 30,
                    "question_html": "<p>Read the case carefully and answer the questions that follow.</p><p>The Valence Bond Theory (VBT) explains the formation, magnetic behaviour and geometrical shapes of coordination compounds whereas 'The Crystal Field Theory' for coordination compounds is based on the effect of different crystal fields (provided by ligands taken as point charges), on the degeneracy of d-orbital energies of the central metal atom/ion. The splitting of the d-orbitals provides different electronic arrangements in strong and weak crystal fields. The crystal field theory attributes the colour of the coordination compounds to d-d transition of the electron.</p><p>(a) What is crystal field splitting energy ?</p><p>(b) Give reason for the violet colour of the complex [Ti(H<sub>2</sub>O)<sub>6</sub>]<sup>3+</sup> on the basis of crystal field theory.</p><p>(c) [Cr(NH<sub>3</sub>)<sub>6</sub>]<sup>3+</sup> is paramagnetic while [Ni(CN)<sub>4</sub>]<sup>2-</sup> is diamagnetic. Explain why. [Atomic No. : Cr = 24, Ni = 28] OR Explain why [Fe(CN)<sub>6</sub>]<sup>3-</sup> is an inner orbital complex, whereas [Fe(H<sub>2</sub>O)<sub>6</sub>]<sup>3+</sup> is an outer orbital complex. [Atomic No. : Fe = 26]</p>",
                    "options": [],
                    "correct_answer": {
                      "text": "<p>(a) Crystal field splitting energy (CFSE) is the energy difference between the two sets of d-orbitals (t<sub>2g</sub> and e<sub>g</sub> in octahedral fields) that result from the splitting of the degenerate d-orbitals of a central metal ion under the influence of the ligand field.</p><p>(b) In [Ti(H<sub>2</sub>O)<sub>6</sub>]<sup>3+</sup>, the central ion is Ti<sup>3+</sup> with a d<sup>1</sup> configuration (t<sub>2g</sub><sup>1</sup> e<sub>g</sub><sup>0</sup>). The complex absorbs light in the yellow-green region of the visible spectrum, which excites the single d-electron from the lower energy t<sub>2g</sub> level to the higher energy e<sub>g</sub> level (a d-d transition). The complementary color, violet, is transmitted, which is why the complex appears violet.</p><p>(c) In [Cr(NH<sub>3</sub>)<sub>6</sub>]<sup>3+</sup>, Cr is in the +3 state with a d<sup>3</sup> configuration. It has three unpaired electrons in the t<sub>2g</sub> orbitals, making it paramagnetic.<br>In [Ni(CN)<sub>4</sub>]<sup>2-</sup>, Ni is in the +2 state with a d<sup>8</sup> configuration. CN<sup>-</sup> is a strong-field ligand that forces the electrons to pair up in the four lower energy d-orbitals, resulting in a dsp<sup>2</sup> hybridization and a square planar geometry with no unpaired electrons, making it diamagnetic.</p><p>OR</p><p>(c) In [Fe(CN)<sub>6</sub>]<sup>3-</sup>, Fe is in the +3 state (d<sup>5</sup>). CN<sup>-</sup> is a strong-field ligand that causes pairing of electrons in the inner (n-1)d orbitals. The hybridization is d<sup>2</sup>sp<sup>3</sup>, using two (n-1)d, one ns, and three np orbitals. Hence, it is an inner orbital complex.<br>In [Fe(H<sub>2</sub>O)<sub>6</sub>]<sup>3+</sup>, Fe is also in the +3 state (d<sup>5</sup>). H<sub>2</sub>O is a weak-field ligand and does not cause electron pairing. The hybridization is sp<sup>3</sup>d<sup>2</sup>, using one ns, three np, and two outer nd orbitals. Hence, it is an outer orbital complex.</p>"
                    },
                    "question_type": "Case-based Subjective",
                    "difficulty_level": "medium",
                    "explanation_html": null
                  }
                ]
              },
              {
                "chapter_name": "Solutions",
                "questions": [
                  {
                    "question_no": 31,
                    "question_html": "<p>(a) (i) At the same temperature, CO<sub>2</sub> gas is more soluble in water than O<sub>2</sub> gas. Which one of them will have higher value of K<sub>H</sub> and why ?</p><p>(ii) How does the size of blood cells change when placed in an aqueous solution containing more than 0.9% (mass/volume) sodium chloride ?</p><p>(iii) 1 molal aqueous solution of an electrolyte A<sub>2</sub>B<sub>3</sub> is 60% ionized. Calculate the boiling point of the solution. (Given : K<sub>b</sub> for H<sub>2</sub>O = 0.52 K kg mol<sup>-1</sup>)</p><p>OR</p><p>(b) (i) The vapour pressures of A and B at 25°C are 75 mm Hg and 25 mm Hg, respectively. If A and B are mixed such that the mole fraction of A in the mixture is 0.4, then calculate the mole fraction of B in vapour phase.</p><p>(ii) Define colligative property. Which colligative property is preferred for the molar mass determination of macromolecules ?</p><p>(iii) Why are equimolar solutions of sodium chloride and glucose not isotonic ?</p>",
                    "options": [],
                    "correct_answer": {
                      "text": "<p>(a) (i) O<sub>2</sub> gas will have a higher value of K<sub>H</sub>. According to Henry's Law, the solubility of a gas is inversely proportional to its Henry's Law constant (K<sub>H</sub>). Since CO<sub>2</sub> is more soluble, it must have a lower K<sub>H</sub> value, and therefore O<sub>2</sub> has the higher K<sub>H</sub> value.</p><p>(a) (ii) A solution with more than 0.9% NaCl is hypertonic to the fluid inside blood cells. Due to osmosis, water will move out of the cells and into the surrounding solution, causing the blood cells to shrink (crenation).</p><p>(a) (iii) For A<sub>2</sub>B<sub>3</sub> ⇌ 2A<sup>3+</sup> + 3B<sup>2-</sup>, n = 5.<br>Van't Hoff factor, i = 1 + (n-1)α = 1 + (5-1) × 0.60 = 1 + 4 × 0.6 = 3.4<br>Elevation in boiling point, ΔT<sub>b</sub> = i × K<sub>b</sub> × m = 3.4 × 0.52 K kg mol<sup>-1</sup> × 1 mol kg<sup>-1</sup> = 1.768 K<br>Boiling point of solution = Boiling point of water + ΔT<sub>b</sub> = 100°C + 1.768°C = 101.768°C (or 373.15 K + 1.768 K = 374.918 K).</p><p>OR</p><p>(b) (i) Mole fraction of B in liquid, X<sub>B</sub> = 1 - X<sub>A</sub> = 1 - 0.4 = 0.6<br>Partial pressure of A, P<sub>A</sub> = P°<sub>A</sub>X<sub>A</sub> = 75 × 0.4 = 30 mm Hg<br>Partial pressure of B, P<sub>B</sub> = P°<sub>B</sub>X<sub>B</sub> = 25 × 0.6 = 15 mm Hg<br>Total pressure, P<sub>Total</sub> = P<sub>A</sub> + P<sub>B</sub> = 30 + 15 = 45 mm Hg<br>Mole fraction of B in vapour phase, Y<sub>B</sub> = P<sub>B</sub> / P<sub>Total</sub> = 15 / 45 = 1/3 ≈ 0.33</p><p>(b) (ii) Colligative properties are the properties of solutions that depend on the number of solute particles in a solution and not on the nature of the solute particles.<br>Osmotic pressure is the preferred method for determining the molar masses of macromolecules because the magnitude of the pressure change is large even for dilute solutions, and the measurement can be done at room temperature, which prevents the degradation of the polymer.</p><p>(b) (iii) Isotonic solutions have the same osmotic pressure. Osmotic pressure (π = iCRT) depends on the van't Hoff factor (i). For glucose, i=1 as it does not dissociate. For sodium chloride, i=2 as it dissociates into two ions (Na<sup>+</sup> and Cl<sup>-</sup>). Since 'i' is different, equimolar solutions of NaCl and glucose are not isotonic.</p>"
                    },
                    "question_type": "Long Answer (5 marks)",
                    "difficulty_level": "hard",
                    "explanation_html": null
                  }
                ]
              },
              {
                "chapter_name": "Amines",
                "questions": [
                  {
                    "question_no": 32,
                    "question_html": "<p>Answer any five questions of the following : 5×1=5</p><p>(a) N,N-diethyl-benzenesulphonamide is insoluble in alkali. Give reason.</p><p>(b) Aniline does not undergo Friedel-Crafts reaction. Why ?</p><p>(c) Write a simple chemical test to distinguish between methylamine and aniline.</p><p>(d) Write the chemical reaction involved in Gabriel phthalimide synthesis.</p><p>(e) How will you convert aniline to p-bromoaniline ?</p><p>(f) Complete the following reaction : C<sub>6</sub>H<sub>5</sub>N<sub>2</sub><sup>+</sup>Cl<sup>-</sup> --(i) HBF<sub>4</sub>, (ii) NaNO<sub>2</sub>/Cu, Δ--></p><p>(g) Write the structures of A and B in the following reaction : Benzoic acid --NH<sub>3</sub>, Δ--> A --Br<sub>2</sub>+NaOH--> B</p>",
                    "images": [
                      {
                        "url": "https://img.testbuddyai.com/Chem-56-1-24-Q32f.png"
                      },
                      {
                        "url": "https://img.testbuddyai.com/Chem-56-1-24-Q32g.png"
                      }
                    ],
                    "options": [],
                    "correct_answer": {
                      "text": "<p>(a) N,N-diethyl-benzenesulphonamide has no acidic hydrogen atom attached to the nitrogen atom. Therefore, it cannot react with and dissolve in an alkali.</p><p>(b) Aniline is a Lewis base and reacts with the Lewis acid catalyst (e.g., AlCl<sub>3</sub>) used in the Friedel-Crafts reaction. This forms a salt and deactivates the benzene ring, preventing the reaction.</p><p>(c) The Azo-dye test. Aniline reacts with HNO<sub>2</sub> (from NaNO<sub>2</sub> + HCl) at 273-278 K to form a diazonium salt, which then reacts with an alkaline solution of 2-naphthol to form a characteristic bright orange or red dye. Methylamine (a primary aliphatic amine) reacts with HNO<sub>2</sub> to produce nitrogen gas and alcohol, but does not form a dye.</p><p>(d) Gabriel phthalimide synthesis: Phthalimide is treated with ethanolic KOH to form potassium phthalimide. This is then heated with an alkyl halide to form N-alkylphthalimide, which on alkaline hydrolysis yields the corresponding primary amine.</p><p>(e) Aniline is first protected by acetylation with acetic anhydride to form acetanilide. This reduces the activating effect of the amino group. The acetanilide is then brominated with Br<sub>2</sub> in acetic acid, which gives p-bromoacetanilide as the major product. Finally, hydrolysis of the p-bromoacetanilide with acid or alkali gives p-bromoaniline.</p><p>(f) The product is Nitrobenzene (C<sub>6</sub>H<sub>5</sub>NO<sub>2</sub>).</p><p>(g) A is Benzamide (C<sub>6</sub>H<sub>5</sub>CONH<sub>2</sub>). The reaction of A with Br<sub>2</sub>+NaOH is the Hofmann bromamide degradation reaction. B is Aniline (C<sub>6</sub>H<sub>5</sub>NH<sub>2</sub>).</p>"
                    },
                    "question_type": "Long Answer (5 marks)",
                    "difficulty_level": "medium",
                    "explanation_html": null
                  }
                ]
              },
              {
                "chapter_name": "The d- and f-Block Elements",
                "questions": [
                  {
                    "question_no": 33,
                    "question_html": "<p>(a) (i) Account for the following :<br>(1) The melting and boiling points of Zn, Cd and Hg are low.<br>(2) Of the d<sup>4</sup> species, Cr<sup>2+</sup> is strongly reducing while Mn<sup>3+</sup> is strongly oxidizing.<br>(3) E° value of Cu<sup>2+</sup>/Cu is + 0.34 V.</p><p>(ii) Complete and balance the following chemical equations :<br>(1) KMnO<sub>4</sub> --(heat)--> <br>(2) Cr<sub>2</sub>O<sub>7</sub><sup>2-</sup> + 6 I<sup>-</sup> + 14 H<sup>+</sup> →</p><p>OR</p><p>(b) (i) Out of Cu<sub>2</sub>Cl<sub>2</sub> and CuCl<sub>2</sub>, which is more stable in aqueous solution and why?<br>(ii) Write the general electronic configuration of f-block elements.<br>(iii) Predict which of the following will be coloured in aqueous solution and why ? Sc<sup>3+</sup>, Fe<sup>3+</sup>, Zn<sup>2+</sup><br>(iv) How can you obtain potassium dichromate from sodium chromate?<br>(v) Why do transition metals and their compounds show catalytic activities ?</p>",
                    "options": [],
                    "correct_answer": {
                      "text": "<p>(a) (i) (1) Zn, Cd, and Hg have fully filled d-orbitals (d<sup>10</sup> configuration). This means there are no unpaired d-electrons to participate in metallic bonding, resulting in weaker metallic bonds and consequently lower melting and boiling points compared to other transition metals.</p><p>(a) (i) (2) Cr<sup>2+</sup> (d<sup>4</sup>) is reducing because it readily loses an electron to achieve the stable t<sub>2g</sub><sup>3</sup> half-filled configuration of Cr<sup>3+</sup>. Mn<sup>3+</sup> (d<sup>4</sup>) is oxidizing because it readily gains an electron to achieve the very stable d<sup>5</sup> half-filled configuration of Mn<sup>2+</sup>.</p><p>(a) (i) (3) The positive E° value of copper is due to the fact that the sum of its enthalpy of atomization and first and second ionization enthalpies is not balanced by its hydration enthalpy. This high energy requirement to transform Cu(s) to Cu<sup>2+</sup>(aq) is not compensated by the energy released during hydration.</p><p>(a) (ii) (1) 2KMnO<sub>4</sub>(s) --(heat)--> K<sub>2</sub>MnO<sub>4</sub>(s) + MnO<sub>2</sub>(s) + O<sub>2</sub>(g)</p><p>(a) (ii) (2) Cr<sub>2</sub>O<sub>7</sub><sup>2-</sup>(aq) + 6I<sup>-</sup>(aq) + 14H<sup>+</sup>(aq) → 2Cr<sup>3+</sup>(aq) + 3I<sub>2</sub>(s) + 7H<sub>2</sub>O(l)</p><p>OR</p><p>(b) (i) CuCl<sub>2</sub> is more stable. In an aqueous solution, Cu<sup>+</sup> ions undergo disproportionation (2Cu<sup>+</sup>(aq) → Cu<sup>2+</sup>(aq) + Cu(s)). The higher stability of Cu<sup>2+</sup>(aq) is due to its much greater negative hydration enthalpy compared to Cu<sup>+</sup>.</p><p>(b) (ii) The general electronic configuration of f-block elements (lanthanoids and actinoids) is (n-2)f<sup>1-14</sup>(n-1)d<sup>0-1</sup>ns<sup>2</sup>.</p><p>(b) (iii) Fe<sup>3+</sup> will be coloured. Fe<sup>3+</sup> has a d<sup>5</sup> electronic configuration with five unpaired electrons. It can undergo d-d transitions by absorbing light from the visible region, and thus appears coloured. Sc<sup>3+</sup> (d<sup>0</sup>) and Zn<sup>2+</sup> (d<sup>10</sup>) do not have partially filled d-orbitals and cannot undergo d-d transitions, so they are colourless.</p><p>(b) (iv) Sodium chromate is first converted to sodium dichromate by acidifying its aqueous solution: 2Na<sub>2</sub>CrO<sub>4</sub> + 2H<sup>+</sup> → Na<sub>2</sub>Cr<sub>2</sub>O<sub>7</sub> + 2Na<sup>+</sup> + H<sub>2</sub>O. Then, a solution of potassium chloride is added. Potassium dichromate, being less soluble than sodium dichromate, crystallizes out on cooling: Na<sub>2</sub>Cr<sub>2</sub>O<sub>7</sub> + 2KCl → K<sub>2</sub>Cr<sub>2</sub>O<sub>7</sub> + 2NaCl.</p><p>(b) (v) Transition metals and their compounds show catalytic activity due to their ability to exhibit multiple oxidation states and their capacity to form complexes. This allows them to form unstable intermediate compounds, providing an alternative reaction path with lower activation energy.</p>"
                    },
                    "question_type": "Long Answer (5 marks)",
                    "difficulty_level": "hard",
                    "explanation_html": null
                  }
                ]
              }
            ]
          }
        ]
      }
    ]
  }
]