[
  {
    "exam_name_actual": "CBSE Board - Class 12 - Science",
    "main_exam_id_name_ref": "CBSE Board - Class 12 - Science",
    "years": [
      {
        "year": "2024",
        "papers_or_subjects": [
          {
            "paper_name": "CBSE Class 12 Science (Chemistry) Paper 2024 (QP Code: 56/2/1)",
            "subject_name": "Chemistry",
            "chapters": [
              {
                "chapter_name": "The d- and f-Block Elements",
                "questions": [
                  {
                    "question_no": 1,
                    "question_html": "<p>When MnO2 is fused with KOH in air, it gives :</p>",
                    "options": [
                      {
                        "id": "a",
                        "text": "KMnO4"
                      },
                      {
                        "id": "b",
                        "text": "K2MnO4"
                      },
                      {
                        "id": "c",
                        "text": "Mn2O7"
                      },
                      {
                        "id": "d",
                        "text": "Mn2O3"
                      }
                    ],
                    "correct_answer": {
                      "ids": [
                        "b"
                      ]
                    },
                    "question_type": "mcq_single",
                    "difficulty_level": "easy",
                    "explanation_html": ""
                  }
                ]
              },
              {
                "chapter_name": "Coordination Compounds",
                "questions": [
                  {
                    "question_no": 2,
                    "question_html": "<p>Ligand EDTA<sup>4-</sup> is an example of a :</p>",
                    "options": [
                      {
                        "id": "a",
                        "text": "Monodentate ligand"
                      },
                      {
                        "id": "b",
                        "text": "Didentate ligand"
                      },
                      {
                        "id": "c",
                        "text": "Tridentate ligand"
                      },
                      {
                        "id": "d",
                        "text": "Polydentate ligand"
                      }
                    ],
                    "correct_answer": {
                      "ids": [
                        "d"
                      ]
                    },
                    "question_type": "mcq_single",
                    "difficulty_level": "easy",
                    "explanation_html": ""
                  }
                ]
              },
              {
                "chapter_name": "Coordination Compounds",
                "questions": [
                  {
                    "question_no": 3,
                    "question_html": "<p>Which of the following ligand forms chelate complex ?</p>",
                    "options": [
                      {
                        "id": "a",
                        "text": "C2O4<sup>2-</sup>"
                      },
                      {
                        "id": "b",
                        "text": "Cl<sup>-</sup>"
                      },
                      {
                        "id": "c",
                        "text": "NO<sup>-</sup><sub>2</sub>"
                      },
                      {
                        "id": "d",
                        "text": "NH3"
                      }
                    ],
                    "correct_answer": {
                      "ids": [
                        "a"
                      ]
                    },
                    "question_type": "mcq_single",
                    "difficulty_level": "easy",
                    "explanation_html": ""
                  }
                ]
              },
              {
                "chapter_name": "Haloalkanes and Haloarenes",
                "questions": [
                  {
                    "question_no": 4,
                    "question_html": "<p>Which of the following contains sp<sup>2</sup> hybridised carbon bonded to X ?</p>",
                    "options": [
                      {
                        "id": "a",
                        "text": "CH2 = CH – CH2 – X"
                      },
                      {
                        "id": "b",
                        "text": "Benzyl halide"
                      },
                      {
                        "id": "c",
                        "text": "CH2 = CH – X"
                      },
                      {
                        "id": "d",
                        "text": "CH3 – CH2 – X"
                      }
                    ],
                    "correct_answer": {
                      "ids": [
                        "c"
                      ]
                    },
                    "question_type": "mcq_single",
                    "difficulty_level": "medium",
                    "explanation_html": ""
                  }
                ]
              },
              {
                "chapter_name": "Alcohols, Phenols and Ethers",
                "questions": [
                  {
                    "question_no": 5,
                    "question_html": "<p>Which of the following is most acidic ?</p>",
                    "options": [
                      {
                        "id": "a",
                        "text": "Benzyl alcohol"
                      },
                      {
                        "id": "b",
                        "text": "Phenol"
                      },
                      {
                        "id": "c",
                        "text": "Cyclohexanol"
                      },
                      {
                        "id": "d",
                        "text": "p-chlorophenol"
                      }
                    ],
                    "correct_answer": {
                      "ids": [
                        "d"
                      ]
                    },
                    "question_type": "mcq_single",
                    "difficulty_level": "medium",
                    "explanation_html": ""
                  }
                ]
              },
              {
                "chapter_name": "Alcohols, Phenols and Ethers",
                "questions": [
                  {
                    "question_no": 6,
                    "question_html": "<p>Anisole reacts with HI to give :</p>",
                    "options": [
                      {
                        "id": "a",
                        "text": "Phenol and iodomethane"
                      },
                      {
                        "id": "b",
                        "text": "Iodobenzene and methanol"
                      },
                      {
                        "id": "c",
                        "text": "Benzyl alcohol and iodomethane"
                      },
                      {
                        "id": "d",
                        "text": "Benzyl iodide and methanol"
                      }
                    ],
                    "correct_answer": {
                      "ids": [
                        "a"
                      ]
                    },
                    "question_type": "mcq_single",
                    "difficulty_level": "medium",
                    "explanation_html": ""
                  }
                ]
              },
              {
                "chapter_name": "Alcohols, Phenols and Ethers",
                "questions": [
                  {
                    "question_no": 7,
                    "question_html": "<p>Ethanol on heating with conc. H2SO4 at 413 K gives :</p>",
                    "options": [
                      {
                        "id": "a",
                        "text": "C2H5OSO3H"
                      },
                      {
                        "id": "b",
                        "text": "C2H5 – O – CH3"
                      },
                      {
                        "id": "c",
                        "text": "C2H5 – O – C2H5"
                      },
                      {
                        "id": "d",
                        "text": "CH2 = CH2"
                      }
                    ],
                    "correct_answer": {
                      "ids": [
                        "c"
                      ]
                    },
                    "question_type": "mcq_single",
                    "difficulty_level": "easy",
                    "explanation_html": ""
                  }
                ]
              },
              {
                "chapter_name": "Solutions",
                "questions": [
                  {
                    "question_no": 8,
                    "question_html": "<p>An azeotropic solution of two liquids has boiling point lower than either of them when it :</p>",
                    "options": [
                      {
                        "id": "a",
                        "text": "is saturated"
                      },
                      {
                        "id": "b",
                        "text": "shows positive deviation from Raoult's law"
                      },
                      {
                        "id": "c",
                        "text": "shows negative deviation from Raoult's law"
                      },
                      {
                        "id": "d",
                        "text": "shows no deviation from Raoult's law"
                      }
                    ],
                    "correct_answer": {
                      "ids": [
                        "b"
                      ]
                    },
                    "question_type": "mcq_single",
                    "difficulty_level": "easy",
                    "explanation_html": ""
                  }
                ]
              },
              {
                "chapter_name": "Solutions",
                "questions": [
                  {
                    "question_no": 9,
                    "question_html": "<p>The relative lowering of vapour pressure of an aqueous solution containing non-volatile solute is 0.0225. The mole fraction of the non-volatile solute is :</p>",
                    "options": [
                      {
                        "id": "a",
                        "text": "0.80"
                      },
                      {
                        "id": "b",
                        "text": "0.725"
                      },
                      {
                        "id": "c",
                        "text": "0.15"
                      },
                      {
                        "id": "d",
                        "text": "0.0225"
                      }
                    ],
                    "correct_answer": {
                      "ids": [
                        "d"
                      ]
                    },
                    "question_type": "mcq_single",
                    "difficulty_level": "easy",
                    "explanation_html": ""
                  }
                ]
              },
              {
                "chapter_name": "Electrochemistry",
                "questions": [
                  {
                    "question_no": 10,
                    "question_html": "<p>During electrolysis of aqueous solution of NaCl :</p>",
                    "options": [
                      {
                        "id": "a",
                        "text": "H2 (g) is liberated at cathode"
                      },
                      {
                        "id": "b",
                        "text": "Na is formed at cathode"
                      },
                      {
                        "id": "c",
                        "text": "O2 (g) is liberated at anode"
                      },
                      {
                        "id": "d",
                        "text": "Cl2 (g) is liberated at cathode"
                      }
                    ],
                    "correct_answer": {
                      "ids": [
                        "a"
                      ]
                    },
                    "question_type": "mcq_single",
                    "difficulty_level": "medium",
                    "explanation_html": ""
                  }
                ]
              },
              {
                "chapter_name": "Chemical Kinetics",
                "questions": [
                  {
                    "question_no": 11,
                    "question_html": "<p>The addition of catalyst during a chemical reaction alters which of the following quantities of the reaction ?</p>",
                    "options": [
                      {
                        "id": "a",
                        "text": "Enthalpy"
                      },
                      {
                        "id": "b",
                        "text": "Activation energy"
                      },
                      {
                        "id": "c",
                        "text": "Entropy"
                      },
                      {
                        "id": "d",
                        "text": "Internal energy"
                      }
                    ],
                    "correct_answer": {
                      "ids": [
                        "b"
                      ]
                    },
                    "question_type": "mcq_single",
                    "difficulty_level": "easy",
                    "explanation_html": ""
                  }
                ]
              },
              {
                "chapter_name": "Chemical Kinetics",
                "questions": [
                  {
                    "question_no": 12,
                    "question_html": "<p>For the elementary reaction P→Q, the rate of disappearance of ‘P’ increases by a factor of 8 upon doubling the concentration of ‘P’. The order of the reaction with respect to ‘P’ is :</p>",
                    "options": [
                      {
                        "id": "a",
                        "text": "3"
                      },
                      {
                        "id": "b",
                        "text": "4"
                      },
                      {
                        "id": "c",
                        "text": "2"
                      },
                      {
                        "id": "d",
                        "text": "1"
                      }
                    ],
                    "correct_answer": {
                      "ids": [
                        "a"
                      ]
                    },
                    "question_type": "mcq_single",
                    "difficulty_level": "medium",
                    "explanation_html": ""
                  }
                ]
              },
              {
                "chapter_name": "Amines",
                "questions": [
                  {
                    "question_no": 13,
                    "question_html": "<p><strong>Assertion (A):</strong> Aliphatic primary amines can be prepared by Gabriel phthalimide synthesis.<br><strong>Reason (R):</strong> Alkyl halides undergo nucleophilic substitution with anion formed by phthalimide.</p>",
                    "options": [
                      {
                        "id": "a",
                        "text": "Both Assertion (A) and Reason (R) are true and Reason (R) is the correct explanation of the Assertion (A)."
                      },
                      {
                        "id": "b",
                        "text": "Both Assertion (A) and Reason (R) are true, but Reason (R) is not the correct explanation of the Assertion (A)."
                      },
                      {
                        "id": "c",
                        "text": "Assertion (A) is true, but Reason (R) is false."
                      },
                      {
                        "id": "d",
                        "text": "Assertion (A) is false, but Reason (R) is true."
                      }
                    ],
                    "correct_answer": {
                      "ids": [
                        "a"
                      ]
                    },
                    "question_type": "mcq_single",
                    "difficulty_level": "medium",
                    "explanation_html": ""
                  }
                ]
              },
              {
                "chapter_name": "Biomolecules",
                "questions": [
                  {
                    "question_no": 14,
                    "question_html": "<p><strong>Assertion (A):</strong> Uracil base is present in DNA.<br><strong>Reason (R) :</strong> DNA undergoes self-replication.</p>",
                    "options": [
                      {
                        "id": "a",
                        "text": "Both Assertion (A) and Reason (R) are true and Reason (R) is the correct explanation of the Assertion (A)."
                      },
                      {
                        "id": "b",
                        "text": "Both Assertion (A) and Reason (R) are true, but Reason (R) is not the correct explanation of the Assertion (A)."
                      },
                      {
                        "id": "c",
                        "text": "Assertion (A) is true, but Reason (R) is false."
                      },
                      {
                        "id": "d",
                        "text": "Assertion (A) is false, but Reason (R) is true."
                      }
                    ],
                    "correct_answer": {
                      "ids": [
                        "d"
                      ]
                    },
                    "question_type": "mcq_single",
                    "difficulty_level": "easy",
                    "explanation_html": ""
                  }
                ]
              },
              {
                "chapter_name": "Amines",
                "questions": [
                  {
                    "question_no": 15,
                    "question_html": "<p><strong>Assertion (A) :</strong> Diazonium salts of aromatic amines are more stable than those of aliphatic amines.<br><strong>Reason (R) :</strong> Diazonium salts of aliphatic amines show resonance.</p>",
                    "options": [
                      {
                        "id": "a",
                        "text": "Both Assertion (A) and Reason (R) are true and Reason (R) is the correct explanation of the Assertion (A)."
                      },
                      {
                        "id": "b",
                        "text": "Both Assertion (A) and Reason (R) are true, but Reason (R) is not the correct explanation of the Assertion (A)."
                      },
                      {
                        "id": "c",
                        "text": "Assertion (A) is true, but Reason (R) is false."
                      },
                      {
                        "id": "d",
                        "text": "Assertion (A) is false, but Reason (R) is true."
                      }
                    ],
                    "correct_answer": {
                      "ids": [
                        "c"
                      ]
                    },
                    "question_type": "mcq_single",
                    "difficulty_level": "medium",
                    "explanation_html": ""
                  }
                ]
              },
              {
                "chapter_name": "Amines",
                "questions": [
                  {
                    "question_no": 16,
                    "question_html": "<p><strong>Assertion (A):</strong> p-nitroaniline is a weaker base than p-toluidine.<br><strong>Reason (R) :</strong> The electron withdrawing effect of – NO2 group in p-nitroaniline makes it a weaker base.</p>",
                    "options": [
                      {
                        "id": "a",
                        "text": "Both Assertion (A) and Reason (R) are true and Reason (R) is the correct explanation of the Assertion (A)."
                      },
                      {
                        "id": "b",
                        "text": "Both Assertion (A) and Reason (R) are true, but Reason (R) is not the correct explanation of the Assertion (A)."
                      },
                      {
                        "id": "c",
                        "text": "Assertion (A) is true, but Reason (R) is false."
                      },
                      {
                        "id": "d",
                        "text": "Assertion (A) is false, but Reason (R) is true."
                      }
                    ],
                    "correct_answer": {
                      "ids": [
                        "a"
                      ]
                    },
                    "question_type": "mcq_single",
                    "difficulty_level": "medium",
                    "explanation_html": ""
                  }
                ]
              },
              {
                "chapter_name": "Solutions",
                "questions": [
                  {
                    "question_no": 17,
                    "question_html": "<p>A 6% solution of glucose (molar mass = 180 g mol<sup>-1</sup>) is isotonic with 2.5% solution of an unknown organic substance. Calculate the molecular weight of the unknown organic substance.</p>",
                    "options": [],
                    "correct_answer": {
                      "text": "<p>For isotonic solutions, π<sub>Glucose</sub> = π<sub>Unknown</sub></p>\n<p>C<sub>G</sub> = C<sub>U</sub></p>\n<p>W<sub>G</sub> / M<sub>G</sub> = W<sub>U</sub> / M<sub>U</sub></p>\n<p>6 / 180 = 2.5 / M<sub>U</sub></p>\n<p>M<sub>U</sub> = (2.5 × 180) / 6 g mol<sup>-1</sup></p>\n<p>M<sub>U</sub> = 75 g mol<sup>-1</sup></p>"
                    },
                    "question_type": "Very Short Answer (2 marks)",
                    "difficulty_level": "medium",
                    "explanation_html": ""
                  }
                ]
              },
              {
                "chapter_name": "Chemical Kinetics",
                "questions": [
                  {
                    "question_no": 18,
                    "question_html": "<p>A first order reaction has a rate constant 1.25 × 10<sup>-3</sup> s<sup>-1</sup>. How long will 5 g of this reactant take to reduce to 2.5 g ?</p>\n<p>[ log 2 = 0.301, log 3 = 0.4771, log 4 = 0.6021 ]</p>",
                    "options": [],
                    "correct_answer": {
                      "text": "<p>For a first-order reaction:<br>k = (2.303/t) log([R]<sub>0</sub>/[R])</p>\n<p>1.25 × 10<sup>-3</sup> = (2.303/t) log(5/2.5)</p>\n<p>t = (2.303 / 1.25 × 10<sup>-3</sup>) log 2</p>\n<p>t = (2.303 × 0.301) / 1.25 × 10<sup>-3</sup></p>\n<p>t = 554.5 s or 5.54 x 10<sup>2</sup> s</p>"
                    },
                    "question_type": "Very Short Answer (2 marks)",
                    "difficulty_level": "medium",
                    "explanation_html": ""
                  }
                ]
              },
              {
                "chapter_name": "The d- and f-Block Elements",
                "questions": [
                  {
                    "question_no": 19,
                    "question_html": "<p>(a) What is lanthanoid contraction ? Actinoid contraction is greater from element to element than lanthanoid contraction. Why ?</p><p><strong>OR</strong></p><p>(b) Why do transition metals have high enthalpy of atomization ? Which element of 3d-series has lowest enthalpy of atomization?</p>",
                    "options": [],
                    "correct_answer": {
                      "text": "<p><strong>(a)</strong> The steady decrease in atomic or ionic radii with increase in atomic number due to poor shielding effect of 4f subshell. Actinoid contraction is greater because the shielding effect of the 5f subshell is poorer as compared to that of the 4f subshell.</p><p><strong>OR</strong></p><p><strong>(b)</strong> Because of the large number of unpaired electrons in their atoms, they have stronger interatomic interaction and hence stronger bonding between atoms. The element with the lowest enthalpy of atomization in the 3d-series is Zinc (Zn).</p>"
                    },
                    "question_type": "Very Short Answer (2 marks)",
                    "difficulty_level": "medium",
                    "explanation_html": ""
                  }
                ]
              },
              {
                "chapter_name": "Haloalkanes and Haloarenes",
                "questions": [
                  {
                    "question_no": 20,
                    "question_html": "<p>(a) In the following pair of compounds, which compound undergoes SN2 reaction faster and why?</p><p>1-iodobutane OR 1-bromobutane</p><p>(b) Write the major product in the following :</p><p>Ethylbenzene reacts with Cl2 in the presence of UV light.</p>",
                    "options": [],
                    "correct_answer": {
                      "text": "<p><strong>(a)</strong> 1-iodobutane undergoes SN2 reaction faster. This is because the iodide ion (I-) is a better leaving group than the bromide ion (Br-) due to its larger size and lower bond dissociation enthalpy of the C-I bond compared to the C-Br bond.</p><p><strong>(b)</strong> The major product is 1-chloro-1-phenylethane.</p>"
                    },
                    "question_type": "Very Short Answer (2 marks)",
                    "difficulty_level": "medium",
                    "explanation_html": ""
                  }
                ]
              },
              {
                "chapter_name": "Biomolecules",
                "questions": [
                  {
                    "question_no": 21,
                    "question_html": "<p>Define the following terms :</p><p>(a) Denaturation of protein</p><p>(b) Invert sugar</p>",
                    "options": [],
                    "correct_answer": {
                      "text": "<p><strong>(a) Denaturation of protein:</strong> When a protein in its native form is subjected to physical changes like a change in temperature or chemical changes like a change in pH, the hydrogen bonds are disturbed. Due to this, globules unfold and the helix gets uncoiled, and the protein loses its biological activity. This is called the denaturation of the protein. It involves the destruction of the secondary and tertiary structures of the protein.</p><p><strong>(b) Invert sugar:</strong> The hydrolysis of sucrose brings about a change in the sign of rotation, from dextrorotatory (+) to laevorotatory (-). The resulting mixture of glucose and fructose is called invert sugar.</p>"
                    },
                    "question_type": "Very Short Answer (2 marks)",
                    "difficulty_level": "easy",
                    "explanation_html": ""
                  }
                ]
              },
              {
                "chapter_name": "Amines",
                "questions": [
                  {
                    "question_no": 22,
                    "question_html": "<p>Write the structures of A, B and C in the following reactions :</p><p>(a) CH3–CH2–Br reacts with KCN to give A, which on partial hydrolysis (OH-) gives B, which then reacts with NaOH + Br2 to give C.</p><p>(b) Nitrobenzene reacts with Fe + HCl to give A. A reacts with NaNO2 + HCl at 273-278 K to give B. B reacts with C2H5OH to give C.</p>",
                    "options": [],
                    "correct_answer": {
                      "text": "<p><strong>(a)</strong></p><ul><li>A = CH3CH2CN (Propanenitrile)</li><li>B = CH3CH2CONH2 (Propanamide)</li><li>C = CH3CH2NH2 (Ethanamine)</li></ul><p><strong>(b)</strong></p><ul><li>A = Aniline (C6H5NH2)</li><li>B = Benzenediazonium chloride (C6H5N2+Cl-)</li><li>C = Benzene (C6H6)</li></ul>"
                    },
                    "question_type": "Short Answer (3 marks)",
                    "difficulty_level": "medium",
                    "explanation_html": ""
                  }
                ]
              },
              {
                "chapter_name": "Aldehydes, Ketones and Carboxylic Acids",
                "questions": [
                  {
                    "question_no": 23,
                    "question_html": "<p>Write the reaction involved in the following :</p><p>(a) Wolff-Kishner reduction</p><p>(b) Decarboxylation reaction</p><p>(c) Cannizzaro reaction</p>",
                    "options": [],
                    "correct_answer": {
                      "text": "<p><strong>(a) Wolff-Kishner reduction:</strong> The carbonyl group of aldehydes and ketones is reduced to a CH2 group on treatment with hydrazine followed by heating with sodium or potassium hydroxide in a high boiling solvent such as ethylene glycol.</p><p>R-CO-R' + NH2NH2 → R-C(=NNH2)-R' --(KOH/ethylene glycol, heat)--> R-CH2-R' + N2</p><p><strong>(b) Decarboxylation reaction:</strong> Carboxylic acids lose carbon dioxide to form hydrocarbons when their sodium salts are heated with sodalime (NaOH and CaO in the ratio of 3 : 1).</p><p>RCOONa + NaOH --(CaO, Δ)--> R-H + Na2CO3</p><p><strong>(c) Cannizzaro reaction:</strong> Aldehydes which do not have an α-hydrogen atom, undergo self-oxidation and reduction (disproportionation) reaction on heating with concentrated alkali.</p><p>2HCHO + Conc. NaOH → CH3OH + HCOONa</p>"
                    },
                    "question_type": "Short Answer (3 marks)",
                    "difficulty_level": "medium",
                    "explanation_html": ""
                  }
                ]
              },
              {
                "chapter_name": "Alcohols, Phenols and Ethers",
                "questions": [
                  {
                    "question_no": 24,
                    "question_html": "<p>Give the equations of reactions for the preparation of : (any three)</p><p>(a) Phenol from chlorobenzene</p><p>(b) Salicylaldehyde from phenol</p><p>(c) 2-Methoxyacetophenone from anisole</p><p>(d) Picric acid from phenol</p>",
                    "options": [],
                    "correct_answer": {
                      "text": "<p><strong>(a) Phenol from chlorobenzene (Dow's Process):</strong><br>Chlorobenzene is heated with aqueous NaOH at 623 K and 300 atm pressure to form sodium phenoxide, which on acidification gives phenol.</p><p><strong>(b) Salicylaldehyde from phenol (Reimer-Tiemann Reaction):</strong><br>Phenol reacts with chloroform in the presence of aqueous NaOH at 340 K, followed by hydrolysis, to give salicylaldehyde.</p><p><strong>(c) 2-Methoxyacetophenone from anisole (Friedel-Crafts Acylation):</strong><br>Anisole reacts with acetyl chloride (CH3COCl) in the presence of anhydrous AlCl3 to give 2-methoxyacetophenone as the major product.</p><p><strong>(d) Picric acid from phenol:</strong><br>Phenol is treated with concentrated nitric acid in the presence of concentrated sulfuric acid to yield 2,4,6-trinitrophenol (Picric acid).</p>"
                    },
                    "question_type": "Short Answer (3 marks)",
                    "difficulty_level": "hard",
                    "explanation_html": ""
                  }
                ]
              },
              {
                "chapter_name": "Haloalkanes and Haloarenes",
                "questions": [
                  {
                    "question_no": 25,
                    "question_html": "<p>Give reasons for the following :</p><p>(a) Chlorine is ortho/para directing in electrophilic aromatic substitution reactions, though chlorine is an electron withdrawing group.</p><p>(b) Racemic mixture is optically inactive.</p><p>(c) Allyl chloride is hydrolysed more readily than n-propyl chloride.</p>",
                    "options": [],
                    "correct_answer": {
                      "text": "<p><strong>(a)</strong> The halogen atom, due to its -I effect, deactivates the benzene ring towards electrophilic substitution. However, due to its +R (resonance) effect, it increases the electron density at the ortho and para positions. The resonance effect dominates over the inductive effect at these positions, making it ortho/para directing.</p><p><strong>(b)</strong> A racemic mixture contains two enantiomers in equal (50:50) proportions. The rotation of plane-polarized light caused by the molecules of one enantiomer is exactly cancelled by the equal and opposite rotation caused by the molecules of the other enantiomer. This phenomenon is called external compensation, resulting in the mixture being optically inactive.</p><p><strong>(c)</strong> Allyl chloride is hydrolysed more readily because the carbocation formed during its hydrolysis (the allyl carbocation) is stabilized by resonance, whereas the n-propyl carbocation formed from n-propyl chloride has no such resonance stabilization.</p>"
                    },
                    "question_type": "Short Answer (3 marks)",
                    "difficulty_level": "medium",
                    "explanation_html": ""
                  }
                ]
              },
              {
                "chapter_name": "Solutions",
                "questions": [
                  {
                    "question_no": 26,
                    "question_html": "<p>The vapour pressure of a solvent at 283 K is 100 mm Hg. Calculate the vapour pressure of a dilute solution containing 1 mole of a strong electrolyte AB in 50 moles of the solvent at 283 K (assuming complete dissociation of solute AB).</p>",
                    "options": [],
                    "correct_answer": {
                      "text": "<p>Given: P° = 100 mm Hg, n<sub>solute</sub> = 1 mol, n<sub>solvent</sub> = 50 mol.<br>Since AB is a strong electrolyte that dissociates completely, AB → A<sup>+</sup> + B<sup>-</sup>. The van't Hoff factor, i = 2.<br>Using Raoult's law for solutions containing non-volatile solutes:<br>(P° - P<sub>s</sub>) / P° = i × X<sub>solute</sub><br>X<sub>solute</sub> = n<sub>solute</sub> / (n<sub>solute</sub> + n<sub>solvent</sub>) = 1 / (1 + 50) = 1/51.<br>For a dilute solution, we can approximate X<sub>solute</sub> ≈ n<sub>solute</sub> / n<sub>solvent</sub> = 1/50.<br>(100 - P<sub>s</sub>) / 100 = 2 × (1/50)<br>(100 - P<sub>s</sub>) / 100 = 2/50 = 1/25<br>100 - P<sub>s</sub> = 100 / 25 = 4<br>P<sub>s</sub> = 100 - 4 = 96 mm Hg.</p>"
                    },
                    "question_type": "Short Answer (3 marks)",
                    "difficulty_level": "medium",
                    "explanation_html": ""
                  }
                ]
              },
              {
                "chapter_name": "Electrochemistry",
                "questions": [
                  {
                    "question_no": 27,
                    "question_html": "<p>Calculate emf of the following cell :<br>Zn (s) | Zn<sup>2+</sup> (0.1 M) || Sn<sup>2+</sup> (0.001 M) | Sn (s)<br>Given : E°<sub>Zn2+/Zn</sub> = - 0.76 V, E°<sub>Sn2+/Sn</sub> = - 0.14 V<br>[ log 10 = 1]</p>",
                    "options": [],
                    "correct_answer": {
                      "text": "<p>The cell reaction is: Zn(s) + Sn<sup>2+</sup>(aq) → Zn<sup>2+</sup>(aq) + Sn(s)<br>Here, n = 2.<br>First, calculate the standard cell potential (E°<sub>cell</sub>):<br>E°<sub>cell</sub> = E°<sub>cathode</sub> - E°<sub>anode</sub> = E°<sub>Sn2+/Sn</sub> - E°<sub>Zn2+/Zn</sub><br>E°<sub>cell</sub> = (-0.14 V) - (-0.76 V) = 0.62 V<br>Now, use the Nernst equation:<br>E<sub>cell</sub> = E°<sub>cell</sub> - (0.0591/n) log([Zn<sup>2+</sup>]/[Sn<sup>2+</sup>])<br>E<sub>cell</sub> = 0.62 - (0.0591/2) log(0.1 / 0.001)<br>E<sub>cell</sub> = 0.62 - (0.02955) log(100)<br>E<sub>cell</sub> = 0.62 - (0.02955) × 2<br>E<sub>cell</sub> = 0.62 - 0.0591<br>E<sub>cell</sub> = 0.5609 V ≈ 0.561 V.</p>"
                    },
                    "question_type": "Short Answer (3 marks)",
                    "difficulty_level": "medium",
                    "explanation_html": ""
                  }
                ]
              },
              {
                "chapter_name": "Chemical Kinetics",
                "questions": [
                  {
                    "question_no": 28,
                    "question_html": "<p>The rate of a gaseous reaction triples when temperature is increased from 17°C to 27°C. Calculate the energy of activation for this reaction.<br>[Given : 2.303 R = 19.15 JK<sup>-1</sup> mol<sup>-1</sup>, log 3 = 0.48]</p>",
                    "options": [],
                    "correct_answer": {
                      "text": "<p>Given: k<sub>2</sub>/k<sub>1</sub> = 3<br>T<sub>1</sub> = 17°C = 17 + 273 = 290 K<br>T<sub>2</sub> = 27°C = 27 + 273 = 300 K<br>Using the Arrhenius equation:<br>log(k<sub>2</sub>/k<sub>1</sub>) = (E<sub>a</sub> / 2.303R) * [(T<sub>2</sub> - T<sub>1</sub>) / (T<sub>1</sub>T<sub>2</sub>)]<br>log(3) = (E<sub>a</sub> / 19.15) * [(300 - 290) / (290 × 300)]<br>0.48 = (E<sub>a</sub> / 19.15) * [10 / 87000]<br>E<sub>a</sub> = (0.48 × 19.15 × 87000) / 10<br>E<sub>a</sub> = 79970.4 J mol<sup>-1</sup> or 79.97 kJ mol<sup>-1</sup>.</p>"
                    },
                    "question_type": "Short Answer (3 marks)",
                    "difficulty_level": "medium",
                    "explanation_html": ""
                  }
                ]
              },
              {
                "chapter_name": "Biomolecules",
                "questions": [
                  {
                    "question_no": 29,
                    "question_html": "<p><strong>Case Study:</strong> Carbohydrates are essential for life in both plants and animals... Despite having the aldehyde group, glucose does not give some of the reactions of aldehyde group like Schiff’s test... This explains the existence of glucose in two cyclic hemiacetal forms which differ only in the configuration of the hydroxyl group at C-1.</p><p>Answer the following questions :<br>(a) What are reducing sugars ?<br>(b) Classify the following into monosaccharide and disaccharide : Fructose, Sucrose, Lactose, Galactose<br>(c) Name the polysaccharide which is known as ‘animal starch’. Why is it called ‘animal starch’?<br><strong>OR</strong><br>(c) (i) Name the isomers of glucose which in the cyclic form differ only in the configuration of the – OH group at C – 1.<br>(ii) Presence of which functional group was detected when glucose reacted with Br2 water?</p>",
                    "options": [],
                    "correct_answer": {
                      "text": "<p><strong>(a)</strong> Reducing sugars are carbohydrates that can act as reducing agents because they have a free aldehyde or a free ketone group. They can reduce Tollens' reagent or Fehling's solution.</p><p><strong>(b)</strong><br><strong>Monosaccharides:</strong> Fructose, Galactose<br><strong>Disaccharides:</strong> Sucrose, Lactose</p><p><strong>(c)</strong> Glycogen is known as 'animal starch'. It is called so because its structure is very similar to amylopectin (a component of starch) and it serves as the main form of glucose storage in animals and fungi.</p><p><strong>OR</strong></p><p><strong>(c) (i)</strong> Anomers (specifically, α-D-Glucose and β-D-Glucose).</p><p><strong>(c) (ii)</strong> The reaction of glucose with Bromine water, a mild oxidizing agent, oxidizes the aldehyde group to a carboxylic acid group, confirming the presence of an aldehyde (-CHO) group in glucose.</p>"
                    },
                    "question_type": "Case-based Subjective",
                    "difficulty_level": "medium",
                    "explanation_html": ""
                  }
                ]
              },
              {
                "chapter_name": "The d- and f-Block Elements",
                "questions": [
                  {
                    "question_no": 30,
                    "question_html": "<p><strong>Case Study:</strong> Transition metals have incomplete d-subshell either in neutral atom or in their ions... An examination of the E°<sub>M2+/M</sub> values shows the varying trends...</p><p>Answer the following questions :<br>(a) On what basis can we say that Cu is a transition element but Zn is not? (Atomic number : Cu = 29, Zn = 30)<br>(b) Why do transition elements show variety of oxidation states ?<br>(c) (i) Why do E°<sub>M2+/M</sub> values show irregular trend from Vanadium to Zinc? (ii) How is the variability in oxidation states of transition metals different from that of the non-transition elements ?<br><strong>OR</strong><br>(c) (i) Of the d<sup>4</sup> species, Cr<sup>2+</sup> is strongly reducing while Mn<sup>3+</sup> is strongly oxidizing. Why ? (Atomic number : Cr = 24, Mn = 25) (ii) Complete the following ionic equation : 2MnO<sub>4</sub><sup>-</sup> + H<sub>2</sub>O + I<sup>-</sup> →</p>",
                    "options": [],
                    "correct_answer": {
                      "text": "<p><strong>(a)</strong> A transition element must have an incompletely filled d-subshell in its ground state or in any of its common oxidation states. Copper (Cu, [Ar]3d<sup>10</sup>4s<sup>1</sup>) has an incomplete d-subshell in its +2 oxidation state (Cu<sup>2+</sup>, [Ar]3d<sup>9</sup>). Zinc (Zn, [Ar]3d<sup>10</sup>4s<sup>2</sup>) has a completely filled d-subshell in its ground state and in its only common oxidation state +2 (Zn<sup>2+</sup>, [Ar]3d<sup>10</sup>).</p><p><strong>(b)</strong> Transition elements show a variety of oxidation states because the energy difference between the (n-1)d and ns orbitals is very small. Hence, electrons from both orbitals can participate in bonding.</p><p><strong>(c) (i)</strong> The E°<sub>M2+/M</sub> values show an irregular trend due to the irregular variation in ionization enthalpies (IE<sub>1</sub> + IE<sub>2</sub>) and sublimation enthalpies.</p><p><strong>(c) (ii)</strong> In transition metals, the successive oxidation states typically differ by one unit (e.g., +2, +3, +4). In non-transition elements, the oxidation states usually differ by two units (e.g., +2, +4 or +3, +5).</p><p><strong>OR</strong></p><p><strong>(c) (i)</strong> Cr<sup>2+</sup> ([Ar]d<sup>4</sup>) is strongly reducing because by losing one electron, it achieves the stable half-filled t<sub>2g</sub><sup>3</sup> configuration (in Cr<sup>3+</sup>). Mn<sup>3+</sup> ([Ar]d<sup>4</sup>) is strongly oxidizing because by gaining one electron, it achieves the very stable half-filled d<sup>5</sup> configuration (in Mn<sup>2+</sup>).</p><p><strong>(c) (ii)</strong> 2MnO<sub>4</sub><sup>-</sup> + H<sub>2</sub>O + I<sup>-</sup> → 2MnO<sub>2</sub> + 2OH<sup>-</sup> + IO<sub>3</sub><sup>-</sup></p>"
                    },
                    "question_type": "Case-based Subjective",
                    "difficulty_level": "hard",
                    "explanation_html": ""
                  }
                ]
              },
              {
                "chapter_name": "Coordination Compounds",
                "questions": [
                  {
                    "question_no": 31,
                    "question_html": "<p>Answer any <strong>five</strong> of the following :<br>(a) How is the crystal field splitting energy for octahedral complex (Δo) related to that of tetrahedral complex (Δt)?<br>(b) Write the IUPAC name of the following complex : [PtCl2(en)2](NO3)2<br>(c) Write the geometry and magnetic behaviour of the complex [Ni(CO)4] on the basis of Valency Bond Theory (VBT).<br>(d) What type of isomerism is shown by the complex [Co(NH3)6][Cr(CN)6] ?<br>(e) For the coordination compound on the basis of crystal field theory, write the electronic configuration for d<sup>4</sup> ion if Δo < P. Is the coordination compound a high spin or low spin complex ?<br>(f) Out of [Co(NH3)6]3+ and [Co(NH3)4Cl2]+, which complex is heteroleptic and why ?<br>(g) Draw the structures of optical isomers of [PtCl2(en)2]2+.</p>",
                    "options": [],
                    "correct_answer": {
                      "text": "<p><strong>(a)</strong> Δt = (4/9)Δo</p><p><strong>(b)</strong> Dichloridobis(ethane-1,2-diamine)platinum(IV) nitrate</p><p><strong>(c)</strong> Geometry: Tetrahedral (sp<sup>3</sup> hybridization). Magnetic behaviour: Diamagnetic.</p><p><strong>(d)</strong> Coordination isomerism.</p><p><strong>(e)</strong> Since Δo < P (pairing energy), electrons will occupy the e<sub>g</sub> orbitals before pairing in the t<sub>2g</sub> orbitals. The configuration is t<sub>2g</sub><sup>3</sup> e<sub>g</sub><sup>1</sup>. It is a high spin complex.</p><p><strong>(f)</strong> [Co(NH3)4Cl2]+ is a heteroleptic complex because it is bonded to more than one type of ligand (ammonia and chloride).</p><p><strong>(g)</strong> The optical isomers (dextro and laevo) are non-superimposable mirror images of each other. The structures show a central Pt atom with two bidentate ethylenediamine ligands and two chloride ligands in a cis-arrangement, forming an octahedral geometry. One isomer is the mirror image of the other.</p>"
                    },
                    "question_type": "Long Answer (5 marks)",
                    "difficulty_level": "medium",
                    "explanation_html": ""
                  }
                ]
              },
              {
                "chapter_name": "Aldehydes, Ketones and Carboxylic Acids",
                "questions": [
                  {
                    "question_no": 32,
                    "question_html": "<p>(a) (i) Account for the following :<br>  (1) Oxidation of aldehydes is easier as compared to ketones.<br>  (2) The alpha (α) hydrogen atoms of aldehydes are acidic in nature.<br>(ii) Write the products in the following reactions :<br>  (1) Acetophenone + NaOH/I2 → ? + ?<br>  (2) Benzoyl chloride + (CH3)2Cd → ? + CdCl2<br>(iii) Give a simple chemical test to distinguish between ethanoic acid and ethanal.<br><strong>OR</strong><br>(b) (i) Draw structure of the 2,4-dinitrophenylhydrazone of benzaldehyde.<br>(ii) Arrange the following in increasing order of their reactivity towards HCN : CH3COCH3, (CH3)3C–COCH3, CH3CHO<br>(iii) How can you convert phenyl magnesium bromide to benzoic acid ?<br>(iv) Give a simple chemical test to distinguish between benzaldehyde and ethanal.<br>(v) Write the main product in the following reaction : CH3–CO–CH2–COOC2H5 reacts with (i) NaBH4 (ii) H+</p>",
                    "options": [],
                    "correct_answer": {
                      "text": "<p><strong>(a) (i) (1)</strong> The oxidation of aldehydes involves the cleavage of a C-H bond, which is easier than cleaving the C-C bond required for the oxidation of ketones.</p><p><strong>(a) (i) (2)</strong> The alpha-hydrogen atoms are acidic due to the strong electron-withdrawing nature of the carbonyl group and the resonance stabilization of the resulting conjugate base (enolate ion).</p><p><strong>(a) (ii) (1)</strong> Sodium benzoate (C6H5COONa) and Iodoform (CHI3).</p><p><strong>(a) (ii) (2)</strong> Acetophenone (C6H5COCH3).</p><p><strong>(a) (iii)</strong> Add Tollen's reagent. Ethanal gives a silver mirror, while ethanoic acid does not. Alternatively, add sodium bicarbonate solution; ethanoic acid gives effervescence of CO2, while ethanal does not.</p><p><strong>OR</strong></p><p><strong>(b) (i)</strong> The structure is a benzene ring attached to a CH=N-NH- group, which is then attached to another benzene ring having NO2 groups at positions 2 and 4.</p><p><strong>(b) (ii)</strong> (CH3)3C–COCH3 < CH3COCH3 < CH3CHO</p><p><strong>(b) (iii)</strong> Phenyl magnesium bromide is treated with solid carbon dioxide (dry ice) to form an adduct, which upon acid hydrolysis yields benzoic acid.</p><p><strong>(b) (iv)</strong> Iodoform test. Ethanal gives a yellow precipitate of iodoform when treated with NaOH and I2, while benzaldehyde does not.</p><p><strong>(b) (v)</strong> The product is CH3-CH(OH)-CH2-COOC2H5. (NaBH4 selectively reduces the keto group).</p>"
                    },
                    "question_type": "Long Answer (5 marks)",
                    "difficulty_level": "hard",
                    "explanation_html": ""
                  }
                ]
              },
              {
                "chapter_name": "Electrochemistry",
                "questions": [
                  {
                    "question_no": 33,
                    "question_html": "<p>(a) (i) The resistance of 0.05 M CH3COOH solution is found to be 100 ohm. If the cell constant is 0.0354 cm<sup>-1</sup>, calculate the molar conductivity of the acetic acid solution.<br>(ii) State Faraday’s first law of electrolysis. How much charge in Faraday is required for the reduction of 1 mol of MnO<sub>4</sub><sup>-</sup> to Mn<sup>2+</sup> ?<br><strong>OR</strong><br>(b) (i) The conductivity of 0.0025 mol L<sup>-1</sup> acetic acid is 5.25 × 10<sup>-5</sup> S cm<sup>-1</sup>. Calculate its degree of dissociation if Λ<sub>m</sub><sup>0</sup> for acetic acid is 390 S cm<sup>2</sup> mol<sup>-1</sup>.<br>(ii) Write anode, cathode and overall reaction of lead storage battery.</p>",
                    "options": [],
                    "correct_answer": {
                      "text": "<p><strong>(a) (i)</strong> First, calculate conductivity (κ):<br>κ = Cell constant / Resistance = 0.0354 cm<sup>-1</sup> / 100 Ω = 3.54 × 10<sup>-4</sup> S cm<sup>-1</sup>.<br>Now, calculate molar conductivity (Λ<sub>m</sub>):<br>Λ<sub>m</sub> = (κ × 1000) / Molarity = (3.54 × 10<sup>-4</sup> S cm<sup>-1</sup> × 1000 cm<sup>3</sup> L<sup>-1</sup>) / 0.05 mol L<sup>-1</sup> = 7.08 S cm<sup>2</sup> mol<sup>-1</sup>.</p><p><strong>(a) (ii)</strong> Faraday's first law states that the amount of chemical reaction which occurs at any electrode during electrolysis by a current is proportional to the quantity of electricity passed through the electrolyte. The reduction reaction is MnO<sub>4</sub><sup>-</sup> + 8H<sup>+</sup> + 5e<sup>-</sup> → Mn<sup>2+</sup> + 4H<sub>2</sub>O. Since 5 moles of electrons are required to reduce 1 mole of MnO<sub>4</sub><sup>-</sup>, the charge required is 5 Faraday.</p><p><strong>OR</strong></p><p><strong>(b) (i)</strong> First, calculate molar conductivity (Λ<sub>m</sub>):<br>Λ<sub>m</sub> = (κ × 1000) / Molarity = (5.25 × 10<sup>-5</sup> S cm<sup>-1</sup> × 1000 cm<sup>3</sup> L<sup>-1</sup>) / 0.0025 mol L<sup>-1</sup> = 21 S cm<sup>2</sup> mol<sup>-1</sup>.<br>Now, calculate the degree of dissociation (α):<br>α = Λ<sub>m</sub> / Λ<sub>m</sub><sup>0</sup> = 21 S cm<sup>2</sup> mol<sup>-1</sup> / 390 S cm<sup>2</sup> mol<sup>-1</sup> = 0.0538.</p><p><strong>(b) (ii)</strong> For a lead storage battery (during discharge):<br><strong>Anode:</strong> Pb(s) + SO<sub>4</sub><sup>2-</sup>(aq) → PbSO<sub>4</sub>(s) + 2e<sup>-</sup><br><strong>Cathode:</strong> PbO<sub>2</sub>(s) + SO<sub>4</sub><sup>2-</sup>(aq) + 4H<sup>+</sup>(aq) + 2e<sup>-</sup> → PbSO<sub>4</sub>(s) + 2H<sub>2</sub>O(l)<br><strong>Overall reaction:</strong> Pb(s) + PbO<sub>2</sub>(s) + 2H<sub>2</sub>SO<sub>4</sub>(aq) → 2PbSO<sub>4</sub>(s) + 2H<sub>2</sub>O(l)</p>"
                    },
                    "question_type": "Long Answer (5 marks)",
                    "difficulty_level": "hard",
                    "explanation_html": ""
                  }
                ]
              }
            ]
          }
        ]
      }
    ]
  }
]