[
  {
    "exam_name_actual": "CBSE Board - Class 12 - Science",
    "main_exam_id_name_ref": "CBSE Board - Class 12 - Science",
    "years": [
      {
        "year": "2024",
        "papers_or_subjects": [
          {
            "paper_name": "CBSE Class 12 Science (Chemistry) Paper 2024 (QP Code: 56/5/1)",
            "subject_name": "Chemistry",
            "chapters": [
              {
                "chapter_name": "Biomolecules",
                "questions": [
                  {
                    "question_no": 1,
                    "question_html": "<p>The specific sequence in which amino acids are arranged in a protein is called its</p>",
                    "options": [
                      {
                        "id": "a",
                        "text": "Primary structure"
                      },
                      {
                        "id": "b",
                        "text": "Secondary structure"
                      },
                      {
                        "id": "c",
                        "text": "Tertiary structure"
                      },
                      {
                        "id": "d",
                        "text": "Quaternary structure"
                      }
                    ],
                    "correct_answer": {
                      "ids": [
                        "a"
                      ]
                    },
                    "question_type": "mcq_single",
                    "difficulty_level": "easy",
                    "explanation_html": "<p>The primary structure of a protein refers to the unique linear sequence of its constituent amino acids, which are linked together by peptide bonds. This sequence is fundamental as it dictates how the protein will fold into its more complex secondary, tertiary, and quaternary structures.</p>"
                  }
                ]
              },
              {
                "chapter_name": "Amines",
                "questions": [
                  {
                    "question_no": 2,
                    "question_html": "<p>The correct name of the given reaction is</p><p>Ar &ndash; N<sub>2</sub><sup>+</sup> X<sup>&ndash;</sup> &rarr;[Cu CN/KCN] Ar &ndash; CN + N<sub>2</sub></p>",
                    "options": [
                      {
                        "id": "a",
                        "text": "Sandmeyer's reaction"
                      },
                      {
                        "id": "b",
                        "text": "Gabriel Phthalimide synthesis"
                      },
                      {
                        "id": "c",
                        "text": "Carbyl amine reaction"
                      },
                      {
                        "id": "d",
                        "text": "Hoffmann bromamide degradation reaction"
                      }
                    ],
                    "correct_answer": {
                      "ids": [
                        "a"
                      ]
                    },
                    "question_type": "mcq_single",
                    "difficulty_level": "easy",
                    "explanation_html": "<p>The Sandmeyer reaction is a chemical reaction used to synthesize aryl halides and aryl cyanides from aryl diazonium salts. The substitution of the diazonium group with a cyano group using cuprous cyanide (CuCN) as a catalyst is a classic example of this reaction.</p>"
                  }
                ]
              },
              {
                "chapter_name": "Alcohols, Phenols and Ethers",
                "questions": [
                  {
                    "question_no": 3,
                    "question_html": "<p>Out of the following alkenes, the one which will produce tertiary butyl alcohol on acid catalysed hydration is</p>",
                    "options": [
                      {
                        "id": "a",
                        "text": "CH<sub>3</sub>CH<sub>2</sub>CH = CH<sub>2</sub>"
                      },
                      {
                        "id": "b",
                        "text": "CH<sub>3</sub>CH = CH<sub>2</sub>"
                      },
                      {
                        "id": "c",
                        "text": "CH<sub>3</sub>&ndash; CH = CH &ndash; CH<sub>3</sub>"
                      },
                      {
                        "id": "d",
                        "text": "(CH<sub>3</sub>)<sub>2</sub>C = CH<sub>2</sub>"
                      }
                    ],
                    "correct_answer": {
                      "ids": [
                        "d"
                      ]
                    },
                    "question_type": "mcq_single",
                    "difficulty_level": "medium",
                    "explanation_html": "<p>The acid-catalyzed hydration of alkenes follows Markovnikov's rule. To produce tertiary butyl alcohol, ((CH<sub>3</sub>)<sub>3</sub>COH), the intermediate carbocation must be a tertiary carbocation. When 2-methylpropene, (CH<sub>3</sub>)<sub>2</sub>C=CH<sub>2</sub>, is protonated, the H<sup>+</sup> adds to the CH<sub>2</sub> group, forming the stable tertiary carbocation (CH<sub>3</sub>)<sub>3</sub>C<sup>+</sup>. Subsequent attack by water yields tertiary butyl alcohol.</p>"
                  }
                ]
              },
              {
                "chapter_name": "Haloalkanes and Haloarenes",
                "questions": [
                  {
                    "question_no": 4,
                    "question_html": "<p>Auto-oxidation of chloroform in air and light produces a poisonous gas known as</p>",
                    "options": [
                      {
                        "id": "a",
                        "text": "Phosphine"
                      },
                      {
                        "id": "b",
                        "text": "Mustard gas"
                      },
                      {
                        "id": "c",
                        "text": "Phosgene"
                      },
                      {
                        "id": "d",
                        "text": "Tear gas"
                      }
                    ],
                    "correct_answer": {
                      "ids": [
                        "c"
                      ]
                    },
                    "question_type": "mcq_single",
                    "difficulty_level": "easy",
                    "explanation_html": "<p>When exposed to air and light, chloroform (CHCl<sub>3</sub>) undergoes slow oxidation to form an extremely poisonous gas called phosgene (carbonyl chloride, COCl<sub>2</sub>). To prevent this, chloroform is typically stored in dark-colored bottles filled to the brim.</p>"
                  }
                ]
              },
              {
                "chapter_name": "The d- and f-Block Elements",
                "questions": [
                  {
                    "question_no": 5,
                    "question_html": "<p>Transition metals are known to make interstitial compounds. Formation of interstitial compounds makes the transition metal</p>",
                    "options": [
                      {
                        "id": "a",
                        "text": "more hard"
                      },
                      {
                        "id": "b",
                        "text": "more soft"
                      },
                      {
                        "id": "c",
                        "text": "more ductile"
                      },
                      {
                        "id": "d",
                        "text": "more metallic"
                      }
                    ],
                    "correct_answer": {
                      "ids": [
                        "a"
                      ]
                    },
                    "question_type": "mcq_single",
                    "difficulty_level": "easy",
                    "explanation_html": "<p>Interstitial compounds are formed when small atoms like H, C, or N get trapped inside the crystal lattices of transition metals. This process disrupts the pure metallic lattice, making it more rigid and less malleable. As a result, the formation of interstitial compounds typically makes the transition metal harder and increases its melting point.</p>"
                  }
                ]
              },
              {
                "chapter_name": "Solutions",
                "questions": [
                  {
                    "question_no": 6,
                    "question_html": "<p>Isotonic solutions have the same</p>",
                    "options": [
                      {
                        "id": "a",
                        "text": "density"
                      },
                      {
                        "id": "b",
                        "text": "refractive index"
                      },
                      {
                        "id": "c",
                        "text": "osmotic pressure"
                      },
                      {
                        "id": "d",
                        "text": "volume"
                      }
                    ],
                    "correct_answer": {
                      "ids": [
                        "c"
                      ]
                    },
                    "question_type": "mcq_single",
                    "difficulty_level": "easy",
                    "explanation_html": "<p>By definition, isotonic solutions are two solutions that have the same osmotic pressure across a semipermeable membrane. This condition results in no net movement of solvent between the solutions.</p>"
                  }
                ]
              },
              {
                "chapter_name": "Electrochemistry",
                "questions": [
                  {
                    "question_no": 7,
                    "question_html": "<p>Which of the following cell was used in Apollo space programme ?</p>",
                    "options": [
                      {
                        "id": "a",
                        "text": "Mercury cell"
                      },
                      {
                        "id": "b",
                        "text": "H<sub>2</sub> &ndash; O<sub>2</sub> fuel cell"
                      },
                      {
                        "id": "c",
                        "text": "Dry cell"
                      },
                      {
                        "id": "d",
                        "text": "Ni-Cd cell"
                      }
                    ],
                    "correct_answer": {
                      "ids": [
                        "b"
                      ]
                    },
                    "question_type": "mcq_single",
                    "difficulty_level": "easy",
                    "explanation_html": "<p>The H<sub>2</sub> &ndash; O<sub>2</sub> fuel cell was used in the Apollo space missions to provide both electrical power and drinking water for the astronauts, as water is the only product of the cell's reaction.</p>"
                  }
                ]
              },
              {
                "chapter_name": "Chemical Kinetics",
                "questions": [
                  {
                    "question_no": 8,
                    "question_html": "<p>The rate of a reaction increases sixteen times when the concentration of the reactant increases four times. The order of the reaction is</p>",
                    "options": [
                      {
                        "id": "a",
                        "text": "2.5"
                      },
                      {
                        "id": "b",
                        "text": "2.0"
                      },
                      {
                        "id": "c",
                        "text": "1.5"
                      },
                      {
                        "id": "d",
                        "text": "0.5"
                      }
                    ],
                    "correct_answer": {
                      "ids": [
                        "b"
                      ]
                    },
                    "question_type": "mcq_single",
                    "difficulty_level": "medium",
                    "explanation_html": "<p>Let the rate law be Rate = k[Concentration]<sup>n</sup>. According to the problem, 16 &times; Rate = k[4 &times; Concentration]<sup>n</sup>. Dividing the second equation by the first gives 16 = 4<sup>n</sup>. Since 4<sup>2</sup> = 16, the order of the reaction, n, is 2.</p>"
                  }
                ]
              },
              {
                "chapter_name": "Haloalkanes and Haloarenes",
                "questions": [
                  {
                    "question_no": 9,
                    "question_html": "<p>In which of the following molecules, C atom marked with asterisk is chiral ?</p>",
                    "images": [
                      {
                        "url": "https://img.testbuddyai.com/Chem-56-5-24-Q9.png"
                      }
                    ],
                    "options": [
                      {
                        "id": "a",
                        "text": "I, II, III"
                      },
                      {
                        "id": "b",
                        "text": "I, II, III, IV"
                      },
                      {
                        "id": "c",
                        "text": "II, III, IV"
                      },
                      {
                        "id": "d",
                        "text": "I, III, IV"
                      }
                    ],
                    "correct_answer": {
                      "ids": [
                        "a"
                      ]
                    },
                    "question_type": "mcq_single",
                    "difficulty_level": "medium",
                    "explanation_html": "<p>A carbon atom is chiral if it is bonded to four different groups. <br>I: C* is bonded to H, CH<sub>3</sub>, Br, and Cl (chiral). <br>II: C* is bonded to D, I, Br, and Cl (chiral). <br>III: C* is bonded to D, HO, H, and CH<sub>2</sub>CH<sub>3</sub> (chiral). <br>IV: C* is bonded to H, D, CH<sub>3</sub>, and CH<sub>3</sub> (not chiral, as two groups are identical). Therefore, I, II, and III are chiral.</p>"
                  }
                ]
              },
              {
                "chapter_name": "Alcohols, Phenols and Ethers",
                "questions": [
                  {
                    "question_no": 10,
                    "question_html": "<p>Which of the following species can act as the strongest base ?</p>",
                    "options": [
                      {
                        "id": "a",
                        "text": "OH<sup>-</sup>"
                      },
                      {
                        "id": "b",
                        "text": "C<sub>6</sub>H<sub>5</sub>O<sup>-</sup>"
                      },
                      {
                        "id": "c",
                        "text": "RO<sup>-</sup>"
                      },
                      {
                        "id": "d",
                        "text": "p-nitrophenoxide ion"
                      }
                    ],
                    "correct_answer": {
                      "ids": [
                        "c"
                      ]
                    },
                    "question_type": "mcq_single",
                    "difficulty_level": "medium",
                    "explanation_html": "<p>A stronger base corresponds to a weaker conjugate acid. Comparing the conjugate acids: H<sub>2</sub>O, C<sub>6</sub>H<sub>5</sub>OH, ROH, and p-nitrophenol. Alcohols (ROH) are the weakest acids in this group because the electron-donating alkyl group (R) destabilizes the alkoxide ion. Since alcohols are the weakest acids, their conjugate bases, alkoxide ions (RO<sup>-</sup>), are the strongest bases.</p>"
                  }
                ]
              },
              {
                "chapter_name": "Electrochemistry",
                "questions": [
                  {
                    "question_no": 11,
                    "question_html": "<p>Dilution affects both conductivity as well as molar conductivity. Effect of dilution on both is as follows :</p>",
                    "options": [
                      {
                        "id": "a",
                        "text": "both increase with dilution."
                      },
                      {
                        "id": "b",
                        "text": "both decrease with dilution."
                      },
                      {
                        "id": "c",
                        "text": "conductivity increases whereas molar conductivity decreases on dilution."
                      },
                      {
                        "id": "d",
                        "text": "conductivity decreases whereas molar conductivity increases on dilution."
                      }
                    ],
                    "correct_answer": {
                      "ids": [
                        "d"
                      ]
                    },
                    "question_type": "mcq_single",
                    "difficulty_level": "medium",
                    "explanation_html": "<p>Conductivity (specific conductance) decreases with dilution because the number of current-carrying ions per unit volume decreases. Molar conductivity, however, increases with dilution because the total volume of solution containing one mole of electrolyte increases, leading to a decrease in inter-ionic forces and greater ionic mobility.</p>"
                  }
                ]
              },
              {
                "chapter_name": "Solutions",
                "questions": [
                  {
                    "question_no": 12,
                    "question_html": "<p>Van't Hoff factor for Na<sub>2</sub>SO<sub>4</sub>&middot;10H<sub>2</sub>O solution, assuming complete ionization is</p>",
                    "options": [
                      {
                        "id": "a",
                        "text": "1"
                      },
                      {
                        "id": "b",
                        "text": "3"
                      },
                      {
                        "id": "c",
                        "text": "13"
                      },
                      {
                        "id": "d",
                        "text": "2"
                      }
                    ],
                    "correct_answer": {
                      "ids": [
                        "b"
                      ]
                    },
                    "question_type": "mcq_single",
                    "difficulty_level": "medium",
                    "explanation_html": "<p>The Van't Hoff factor (i) is the number of particles the solute dissociates into. Na<sub>2</sub>SO<sub>4</sub> dissociates into 2 Na<sup>+</sup> ions and 1 SO<sub>4</sub><sup>2-</sup> ion. The water of hydration becomes part of the solvent. Thus, one formula unit yields 3 ions upon complete ionization, so i = 3.</p>"
                  }
                ]
              },
              {
                "chapter_name": "The d- and f-Block Elements",
                "questions": [
                  {
                    "question_no": 13,
                    "question_html": "<p><strong>Assertion (A) :</strong> Zr and Hf are of almost similar atomic radii.</p><p><strong>Reason (R) :</strong> This is due to Lanthanoid contraction.</p>",
                    "options": [
                      {
                        "id": "a",
                        "text": "Both Assertion (A) and Reason (R) are true and Reason (R) is the correct explanation of the Assertion (A)."
                      },
                      {
                        "id": "b",
                        "text": "Both Assertion (A) and Reason (R) are true, but Reason (R) is not the correct explanation of Assertion (A)."
                      },
                      {
                        "id": "c",
                        "text": "Assertion (A) is true, but Reason (R) is false."
                      },
                      {
                        "id": "d",
                        "text": "Assertion (A) is false, but Reason (R) is true."
                      }
                    ],
                    "correct_answer": {
                      "ids": [
                        "a"
                      ]
                    },
                    "question_type": "mcq_single",
                    "difficulty_level": "easy",
                    "explanation_html": "<p>Both the assertion and the reason are true, and the reason is the correct explanation. The Lanthanoid contraction, which is the steady decrease in atomic size across the lanthanide series due to the poor shielding effect of 4f electrons, causes the elements following the lanthanides (like Hf) to be smaller than expected. This effect almost perfectly cancels out the normal increase in size down a group, making the radii of Zr (4d series) and Hf (5d series) nearly identical.</p>"
                  }
                ]
              },
              {
                "chapter_name": "Chemical Kinetics",
                "questions": [
                  {
                    "question_no": 14,
                    "question_html": "<p><strong>Assertion (A) :</strong> The units of rate constant of a zero order reaction and rate of reaction are the same.</p><p><strong>Reason (R) :</strong> In zero order reaction, the rate of reaction is independent of the concentration of reactants.</p>",
                    "options": [
                      {
                        "id": "a",
                        "text": "Both Assertion (A) and Reason (R) are true and Reason (R) is the correct explanation of the Assertion (A)."
                      },
                      {
                        "id": "b",
                        "text": "Both Assertion (A) and Reason (R) are true, but Reason (R) is not the correct explanation of Assertion (A)."
                      },
                      {
                        "id": "c",
                        "text": "Assertion (A) is true, but Reason (R) is false."
                      },
                      {
                        "id": "d",
                        "text": "Assertion (A) is false, but Reason (R) is true."
                      }
                    ],
                    "correct_answer": {
                      "ids": [
                        "a"
                      ]
                    },
                    "question_type": "mcq_single",
                    "difficulty_level": "easy",
                    "explanation_html": "<p>Both statements are true and the reason correctly explains the assertion. For a zero-order reaction, the rate law is Rate = k[Reactant]<sup>0</sup> = k. Since the rate of reaction is equal to the rate constant, their units must be the same (mol L<sup>-1</sup> s<sup>-1</sup>). This equality arises precisely because the rate is independent of the reactant concentration.</p>"
                  }
                ]
              },
              {
                "chapter_name": "Haloalkanes and Haloarenes",
                "questions": [
                  {
                    "question_no": 15,
                    "question_html": "<p><strong>Assertion (A):</strong> Inversion of configuration is observed in S<sub>N</sub>2 reaction.</p><p><strong>Reason (R) :</strong> The reaction proceeds with the formation of carbocation.</p>",
                    "options": [
                      {
                        "id": "a",
                        "text": "Both Assertion (A) and Reason (R) are true and Reason (R) is the correct explanation of the Assertion (A)."
                      },
                      {
                        "id": "b",
                        "text": "Both Assertion (A) and Reason (R) are true, but Reason (R) is not the correct explanation of Assertion (A)."
                      },
                      {
                        "id": "c",
                        "text": "Assertion (A) is true, but Reason (R) is false."
                      },
                      {
                        "id": "d",
                        "text": "Assertion (A) is false, but Reason (R) is true."
                      }
                    ],
                    "correct_answer": {
                      "ids": [
                        "c"
                      ]
                    },
                    "question_type": "mcq_single",
                    "difficulty_level": "easy",
                    "explanation_html": "<p>Assertion (A) is true. S<sub>N</sub>2 reactions are characterized by a backside attack of the nucleophile, which leads to a Walden inversion, a complete inversion of stereochemical configuration. Reason (R) is false. S<sub>N</sub>2 reactions are single-step, concerted processes that do not involve intermediates. The formation of a carbocation is characteristic of the S<sub>N</sub>1 mechanism.</p>"
                  }
                ]
              },
              {
                "chapter_name": "Alcohols, Phenols and Ethers",
                "questions": [
                  {
                    "question_no": 16,
                    "question_html": "<p><strong>Assertion (A) :</strong> p-methoxyphenol is a stronger acid than p-nitrophenol.</p><p><strong>Reason (R) :</strong> Methoxy group shows +I effect whereas nitro group shows -I effect.</p>",
                    "options": [
                      {
                        "id": "a",
                        "text": "Both Assertion (A) and Reason (R) are true and Reason (R) is the correct explanation of the Assertion (A)."
                      },
                      {
                        "id": "b",
                        "text": "Both Assertion (A) and Reason (R) are true, but Reason (R) is not the correct explanation of Assertion (A)."
                      },
                      {
                        "id": "c",
                        "text": "Assertion (A) is true, but Reason (R) is false."
                      },
                      {
                        "id": "d",
                        "text": "Assertion (A) is false, but Reason (R) is true."
                      }
                    ],
                    "correct_answer": {
                      "ids": [
                        "d"
                      ]
                    },
                    "question_type": "mcq_single",
                    "difficulty_level": "medium",
                    "explanation_html": "<p>Assertion (A) is false. p-Nitrophenol is a much stronger acid than p-methoxyphenol. The electron-withdrawing nitro group (-R effect) stabilizes the phenoxide ion, increasing acidity. The electron-donating methoxy group (+R effect) destabilizes the phenoxide ion, decreasing acidity. Reason (R) is true. The inductive effects (-I for nitro, -I for methoxy) are as stated, and although resonance is the dominant effect, the statement about inductive effects is correct in itself. Therefore, the assertion is false but the reason is a true statement.</p>"
                  }
                ]
              },
              {
                "chapter_name": "Electrochemistry",
                "questions": [
                  {
                    "question_no": 17,
                    "question_html": "<p>State :</p><p>(a) Kohlrausch law of independent migration of ions.</p><p>(b) Faraday's first law of electrolysis.</p>",
                    "options": [],
                    "correct_answer": {
                      "text": "<p><strong>(a) Kohlrausch's law of independent migration of ions:</strong> This law states that the limiting molar conductivity of an electrolyte can be represented as the sum of the individual contributions of the anion and cation of the electrolyte at infinite dilution. Each ion makes a definite contribution to the total molar conductivity, irrespective of the nature of the other ion it is associated with.</p><p><strong>(b) Faraday's first law of electrolysis:</strong> This law states that the amount of chemical substance deposited or liberated at any electrode is directly proportional to the quantity of electricity passed through the electrolyte.</p>"
                    },
                    "question_type": "Very Short Answer (2 marks)",
                    "difficulty_level": "easy",
                    "explanation_html": null
                  }
                ]
              },
              {
                "chapter_name": "Biomolecules",
                "questions": [
                  {
                    "question_no": 18,
                    "question_html": "<p>Classify the following sugars into monosaccharides and disaccharides : Galactose, Glucose, Lactose and Maltose</p>",
                    "options": [],
                    "correct_answer": {
                      "text": "<p><strong>Monosaccharides:</strong> Galactose, Glucose</p><p><strong>Disaccharides:</strong> Lactose, Maltose</p>"
                    },
                    "question_type": "Very Short Answer (2 marks)",
                    "difficulty_level": "easy",
                    "explanation_html": null
                  }
                ]
              },
              {
                "chapter_name": "Amines",
                "questions": [
                  {
                    "question_no": 19,
                    "question_html": "<p>(a) Carry out the following conversions :</p><p>(i) Nitrobenzene to Aniline</p><p>(ii) Aniline to Phenol</p><p><strong>OR</strong></p><p>(b) (i) Write a chemical test to distinguish between Dimethyl amine and Ethanamine.</p><p>(ii) Write the product formed when benzene diazonium chloride is treated with KI.</p>",
                    "options": [],
                    "correct_answer": {
                      "text": "<p><strong>(a) (i) Nitrobenzene to Aniline:</strong> This is a reduction reaction. Nitrobenzene is treated with a reducing agent like Sn/HCl or Fe/HCl, or by catalytic hydrogenation (H<sub>2</sub>/Pd).</p><p><strong>(a) (ii) Aniline to Phenol:</strong> This is a two-step process. First, aniline is treated with nitrous acid (NaNO<sub>2</sub> + HCl) at 0-5°C to form benzenediazonium chloride. Then, the diazonium salt solution is warmed with water to hydrolyze it to phenol.</p><p><strong>OR</strong></p><p><strong>(b) (i) Test to distinguish:</strong> The Carbylamine test (Isocyanide test) can be used. Ethanamine (a primary amine) when warmed with alcoholic KOH and chloroform gives a foul-smelling isocyanide. Dimethylamine (a secondary amine) does not give this test.</p><p><strong>(b) (ii) Product:</strong> When benzenediazonium chloride is treated with potassium iodide (KI), the diazonium group is replaced by iodine, forming <strong>Iodobenzene</strong>.</p>"
                    },
                    "question_type": "Very Short Answer (2 marks)",
                    "difficulty_level": "medium",
                    "explanation_html": null
                  }
                ]
              },
              {
                "chapter_name": "Chemical Kinetics",
                "questions": [
                  {
                    "question_no": 20,
                    "question_html": "<p>Show that in case of a first order reaction, the time taken for completion of 99% reaction is twice the time required for 90% completion of the reaction. (log 10 = 1)</p>",
                    "options": [],
                    "correct_answer": {
                      "text": "<p>For a first-order reaction, t = (2.303/k) log([A]<sub>0</sub>/[A]).</p><p><strong>For 90% completion (t<sub>90%</sub>):</strong><br>[A] = [A]<sub>0</sub> - 0.9[A]<sub>0</sub> = 0.1[A]<sub>0</sub><br>t<sub>90%</sub> = (2.303/k) log([A]<sub>0</sub>/0.1[A]<sub>0</sub>) = (2.303/k) log(10) = (2.303/k) * 1  ---(1)</p><p><strong>For 99% completion (t<sub>99%</sub>):</strong><br>[A] = [A]<sub>0</sub> - 0.99[A]<sub>0</sub> = 0.01[A]<sub>0</sub><br>t<sub>99%</sub> = (2.303/k) log([A]<sub>0</sub>/0.01[A]<sub>0</sub>) = (2.303/k) log(100) = (2.303/k) * 2  ---(2)</p><p>Dividing equation (2) by equation (1):<br>t<sub>99%</sub> / t<sub>90%</sub> = [(2.303/k) * 2] / [(2.303/k) * 1] = 2<br>Therefore, <strong>t<sub>99%</sub> = 2 * t<sub>90%</sub></strong></p>"
                    },
                    "question_type": "Very Short Answer (2 marks)",
                    "difficulty_level": "medium",
                    "explanation_html": null
                  }
                ]
              },
              {
                "chapter_name": "Electrochemistry",
                "questions": [
                  {
                    "question_no": 21,
                    "question_html": "<p>Resistance of a conductivity cell filled with 0.2 mol L<sup>&ndash;1</sup> KCl solution is 200 &Omega;. If the resistance of the same cell when filled with 0.05 mol L<sup>&ndash;1</sup> KCl solution is 620 &Omega;, calculate the conductivity and molar conductivity of 0.05 mol L<sup>&ndash;1</sup> KCl solution. The conductivity of 0.2 mol L<sup>&ndash;1</sup> KCl solution is 0.0248 S cm<sup>&ndash;1</sup>.</p>",
                    "options": [],
                    "correct_answer": {
                      "text": "<p><strong>Step 1: Calculate the Cell Constant (G*)</strong></p><p>G* = Conductivity (κ) &times; Resistance (R)<br>Using the data for the 0.2 M KCl solution:<br>G* = 0.0248 S cm<sup>-1</sup> &times; 200 &Omega; = 4.96 cm<sup>-1</sup></p><p><strong>Step 2: Calculate the Conductivity (κ) of the 0.05 M KCl solution</strong></p><p>κ = Cell Constant (G*) / Resistance (R)<br>κ = 4.96 cm<sup>-1</sup> / 620 &Omega; = <strong>0.008 S cm<sup>-1</sup></strong></p><p><strong>Step 3: Calculate the Molar Conductivity (&Lambda;<sub>m</sub>) of the 0.05 M KCl solution</strong></p><p>&Lambda;<sub>m</sub> = (κ &times; 1000) / C<br>&Lambda;<sub>m</sub> = (0.008 S cm<sup>-1</sup> &times; 1000 cm<sup>3</sup> L<sup>-1</sup>) / 0.05 mol L<sup>-1</sup><br><strong>&Lambda;<sub>m</sub> = 160 S cm<sup>2</sup> mol<sup>-1</sup></strong></p>"
                    },
                    "question_type": "Very Short Answer (2 marks)",
                    "difficulty_level": "hard",
                    "explanation_html": null
                  }
                ]
              },
              {
                "chapter_name": "Coordination Compounds",
                "questions": [
                  {
                    "question_no": 22,
                    "question_html": "<p>Write the IUPAC names of the following coordination compounds (any three) :</p><p>(a) [Co(NH<sub>3</sub>)<sub>4</sub>Cl(NO<sub>2</sub>)]Cl</p><p>(b) [Ni(NH<sub>3</sub>)<sub>6</sub>]Cl<sub>2</sub></p><p>(c) K<sub>3</sub>[Cr(C<sub>2</sub>O<sub>4</sub>)<sub>3</sub>]</p><p>(d) [Co(en)<sub>2</sub>Br<sub>2</sub>]<sup>+</sup></p>",
                    "options": [],
                    "correct_answer": {
                      "text": "<p><strong>(a)</strong> Tetraamminechloridonitrito-N-cobalt(III) chloride</p><p><strong>(b)</strong> Hexaamminenickel(II) chloride</p><p><strong>(c)</strong> Potassium trioxalatochromate(III)</p><p><strong>(d)</strong> Dibromidobis(ethane-1,2-diamine)cobalt(III) ion</p>"
                    },
                    "question_type": "Short Answer (3 marks)",
                    "difficulty_level": "medium",
                    "explanation_html": null
                  }
                ]
              },
              {
                "chapter_name": "Aldehydes, Ketones and Carboxylic Acids",
                "questions": [
                  {
                    "question_no": 23,
                    "question_html": "<p>Give the structure of the major product expected from the following reactions :</p><p>(a) Reaction of Ethanal with methyl-magnesium bromide followed by hydrolysis.</p><p>(b) Hydration of But-1-ene in the presence of dilute sulphuric acid.</p><p>(c) Reaction of phenol with bromine water.</p>",
                    "options": [],
                    "correct_answer": {
                      "text": "<p><strong>(a) Propan-2-ol:</strong> Ethanal reacts with the Grignard reagent (CH<sub>3</sub>MgBr) to form an adduct, which on hydrolysis yields the secondary alcohol, propan-2-ol (CH<sub>3</sub>CH(OH)CH<sub>3</sub>).</p><p><strong>(b) Butan-2-ol:</strong> The acid-catalyzed hydration of but-1-ene follows Markovnikov's rule. The H<sup>+</sup> adds to C1, forming a more stable secondary carbocation at C2, which is then attacked by water to form butan-2-ol (CH<sub>3</sub>CH(OH)CH<sub>2</sub>CH<sub>3</sub>).</p><p><strong>(c) 2,4,6-Tribromophenol:</strong> Phenol reacts with bromine water to form a white precipitate of 2,4,6-tribromophenol. The -OH group is highly activating, leading to substitution at all available ortho and para positions.</p>"
                    },
                    "question_type": "Short Answer (3 marks)",
                    "difficulty_level": "medium",
                    "explanation_html": null
                  }
                ]
              },
              {
                "chapter_name": "Aldehydes, Ketones and Carboxylic Acids",
                "questions": [
                  {
                    "question_no": 24,
                    "question_html": "<p>Draw the structures of major product(s) in each of the following reactions :</p><p>(a) Cyclohexanone + [Ag(NH<sub>3</sub>)<sub>2</sub>]<sup>+</sup> OH<sup>&ndash;</sup></p><p>(b) 2,4-dimethylpent-2-ene-1-al + NaOI</p><p>(c) 2-Carboxybenzaldehyde + NaCN/HCl</p>",
                    "options": [],
                    "correct_answer": {
                      "text": "<p><strong>(a) Adipic acid (Hexanedioic acid):</strong> Tollen's reagent is a mild oxidizing agent. While it doesn't typically react with ketones, under forcing conditions or if the ketone has specific structures, oxidation can occur. However, the expected product from this question's context is likely the salt of the carboxylic acid formed by oxidative cleavage, followed by acidification. A more standard reaction would be with a strong oxidizing agent. Assuming the intent is oxidation, the product is adipic acid.</p><p><strong>(b) Sodium 2,4-dimethylpent-2-enoate and Iodoform (CHI<sub>3</sub>):</strong> The reactant has a methyl ketone moiety formed after tautomerization, which undergoes the haloform reaction with NaOI. The methyl group is converted to a yellow precipitate of iodoform, and the rest of the molecule forms the sodium salt of the carboxylic acid.</p><p><strong>(c) 2-Carboxybenzaldehyde Cyanohydrin:</strong> This is a nucleophilic addition of cyanide to the aldehyde group. The carboxylic acid group does not react.</p>"
                    },
                    "question_type": "Short Answer (3 marks)",
                    "difficulty_level": "hard",
                    "explanation_html": null
                  }
                ]
              },
              {
                "chapter_name": "Electrochemistry",
                "questions": [
                  {
                    "question_no": 25,
                    "question_html": "<p>Calculate the emf of the following cell :</p><p>Ni(s) + 2Ag<sup>+</sup>(0.01 M) &rarr; Ni<sup>2+</sup> (0.1 M) + 2Ag(s)</p><p>Given that E&deg;<sub>cell</sub> = 1.05 V, log 10 = 1</p>",
                    "options": [],
                    "correct_answer": {
                      "text": "<p>Using the Nernst equation:<br>E<sub>cell</sub> = E&deg;<sub>cell</sub> - (0.0591/n) * log([Ni<sup>2+</sup>] / [Ag<sup>+</sup>]<sup>2</sup>)<br>Given:<br>E&deg;<sub>cell</sub> = 1.05 V<br>n = 2 (two electrons are transferred)<br>[Ni<sup>2+</sup>] = 0.1 M<br>[Ag<sup>+</sup>] = 0.01 M</p><p>E<sub>cell</sub> = 1.05 - (0.0591 / 2) * log(0.1 / (0.01)<sup>2</sup>)<br>E<sub>cell</sub> = 1.05 - 0.02955 * log(0.1 / 0.0001)<br>E<sub>cell</sub> = 1.05 - 0.02955 * log(1000)<br>E<sub>cell</sub> = 1.05 - 0.02955 * 3<br>E<sub>cell</sub> = 1.05 - 0.08865<br><strong>E<sub>cell</sub> = 0.96135 V</strong></p>"
                    },
                    "question_type": "Short Answer (3 marks)",
                    "difficulty_level": "medium",
                    "explanation_html": null
                  }
                ]
              },
              {
                "chapter_name": "Haloalkanes and Haloarenes",
                "questions": [
                  {
                    "question_no": 26,
                    "question_html": "<p>Account for the following :</p><p>(a) Haloalkanes react with AgCN to form isocyanide as main product.</p><p>(b) Allyl chloride shows high reactivity towards S<sub>N</sub>1 reaction.</p><p>(c) Haloarenes are extremely less reactive towards nucleophilic substitution reactions.</p>",
                    "options": [],
                    "correct_answer": {
                      "text": "<p><strong>(a) Formation of Isocyanide:</strong> Silver cyanide (AgCN) is a predominantly covalent compound. In this case, the nitrogen atom is free to donate its electron pair. The attack on the haloalkane occurs through the nitrogen atom, leading to the formation of an isocyanide as the main product.</p><p><strong>(b) Reactivity of Allyl Chloride:</strong> Allyl chloride is highly reactive in S<sub>N</sub>1 reactions because the intermediate carbocation it forms, the allyl carbocation (CH<sub>2</sub>=CH-CH<sub>2</sub><sup>+</sup>), is highly stabilized by resonance. This delocalization of the positive charge makes the carbocation easier to form, thus speeding up the reaction.</p><p><strong>(c) Reactivity of Haloarenes:</strong> Haloarenes are less reactive due to several factors: (1) Resonance effect, which gives the C-X bond partial double-bond character, making it stronger and harder to break. (2) The sp<sup>2</sup> hybridization of the carbon atom in the C-X bond, which makes the bond shorter and stronger. (3) Instability of the resulting phenyl cation. (4) Repulsion between the electron-rich nucleophile and the electron-rich benzene ring.</p>"
                    },
                    "question_type": "Short Answer (3 marks)",
                    "difficulty_level": "medium",
                    "explanation_html": null
                  }
                ]
              },
              {
                "chapter_name": "Chemical Kinetics",
                "questions": [
                  {
                    "question_no": 27,
                    "question_html": "<p>The rate constant of a reaction quadruples when the temperature changes from 300 K to 320 K. Calculate the activation energy for this reaction. [log 2 = 0.30, log 4 = 0.60, 2.303 R = 19.15 J K<sup>&ndash;1</sup>mol<sup>&ndash;1</sup>]</p>",
                    "options": [],
                    "correct_answer": {
                      "text": "<p>Using the Arrhenius equation:<br>log(k<sub>2</sub>/k<sub>1</sub>) = (E<sub>a</sub> / 2.303R) * [(T<sub>2</sub> - T<sub>1</sub>) / (T<sub>1</sub>T<sub>2</sub>)]<br>Given:<br>k<sub>2</sub>/k<sub>1</sub> = 4<br>T<sub>1</sub> = 300 K<br>T<sub>2</sub> = 320 K<br>2.303 R = 19.15 J K<sup>-1</sup>mol<sup>-1</sup></p><p>log(4) = (E<sub>a</sub> / 19.15) * [(320 - 300) / (300 * 320)]<br>0.60 = (E<sub>a</sub> / 19.15) * [20 / 96000]<br>0.60 = (E<sub>a</sub> / 19.15) * (1 / 4800)<br>E<sub>a</sub> = 0.60 * 19.15 * 4800<br><strong>E<sub>a</sub> = 55152 J/mol or 55.152 kJ/mol</strong></p>"
                    },
                    "question_type": "Short Answer (3 marks)",
                    "difficulty_level": "hard",
                    "explanation_html": null
                  }
                ]
              },
              {
                "chapter_name": "Amines",
                "questions": [
                  {
                    "question_no": 28,
                    "question_html": "<p>A compound &lsquo;X' with molecular formula C<sub>3</sub>H<sub>9</sub>N reacts with C<sub>6</sub>H<sub>5</sub>SO<sub>2</sub>Cl to give a solid, insoluble in alkali. Identify 'X' and give the IUPAC name of the product. Write the reaction involved.</p>",
                    "options": [],
                    "correct_answer": {
                      "text": "<p>The reaction described is the Hinsberg test. Since the product is a solid that is insoluble in alkali, the amine 'X' must be a secondary amine.<br>The possible secondary amine with formula C<sub>3</sub>H<sub>9</sub>N is N-methylethanamine or Ethylmethylamine.<br><strong>Identification of 'X':</strong> X is <strong>N-methylethanamine (CH<sub>3</sub>NHC<sub>2</sub>H<sub>5</sub>)</strong>.</p><p><strong>Reaction:</strong><br>C<sub>6</sub>H<sub>5</sub>SO<sub>2</sub>Cl + CH<sub>3</sub>NHC<sub>2</sub>H<sub>5</sub> &rarr; C<sub>6</sub>H<sub>5</sub>SO<sub>2</sub>N(CH<sub>3</sub>)(C<sub>2</sub>H<sub>5</sub>) + HCl</p><p><strong>IUPAC Name of the Product:</strong> N-Ethyl-N-methylbenzenesulphonamide</p>"
                    },
                    "question_type": "Short Answer (3 marks)",
                    "difficulty_level": "hard",
                    "explanation_html": null
                  }
                ]
              },
              {
                "chapter_name": "Coordination Compounds",
                "questions": [
                  {
                    "question_no": 29,
                    "question_html": "<p>The oxidation number of the central atom in a complex is defined as the charge it would carry if all the ligands are removed along with the electron pairs that are shared with the central atom. Similarly the charge on the complex is the sum of the charges of the constituent parts i.e. the sum of the charges on the central metal ion and its surrounding ligands. Based on this, the complex is called neutral if the sum of the charges of the constituents is equal to zero. However, for an anion or cationic complex, the sum of the charges of the constituents is equal to the charge on the coordination sphere.</p><p>Based on the above information, answer the following questions :</p><p>(a) Define ambidentate ligand with an example.</p><p>(b) What type of isomerism is shown by [Co(NH<sub>3</sub>)<sub>5</sub>Cl]SO<sub>4</sub> and [Co(NH<sub>3</sub>)<sub>5</sub>SO<sub>4</sub>]Cl ?</p><p>(c) Define Chelate effect. How it affects the stability of complex ?</p><p><strong>OR</strong></p><p>(c) Find the coordination number and oxidation state of chromium in Na<sub>3</sub>[Cr(C<sub>2</sub>O<sub>4</sub>)<sub>3</sub>].</p>",
                    "options": [],
                    "correct_answer": {
                      "text": "<p><strong>(a) Ambidentate Ligand:</strong> A ligand that can ligate to a central metal atom through two different donor atoms is called an ambidentate ligand. <strong>Example:</strong> The thiocyanate ion (SCN<sup>-</sup>) can bind through either the sulfur or the nitrogen atom.</p><p><strong>(b) Isomerism:</strong> The two complexes show <strong>Ionization isomerism</strong>. They have the same composition but yield different ions in solution due to the exchange of an ion between the coordination sphere and the counter-ion.</p><p><strong>(c) Chelate Effect:</strong> The chelate effect is the enhanced stability of complexes containing chelating ligands (polydentate ligands) compared to similar complexes with monodentate ligands. This is because the formation of a chelate ring is entropically favorable. It greatly <strong>increases the stability</strong> of the complex.</p><p><strong>OR</strong></p><p><strong>(c) Coordination Number and Oxidation State:</strong><br>The ligand is oxalate (C<sub>2</sub>O<sub>4</sub><sup>2-</sup>), which is a bidentate ligand. There are three such ligands.<br><strong>Coordination Number</strong> = 3 (ligands) &times; 2 (denticity) = <strong>6</strong>.<br>Let the oxidation state of Cr be x. The charge on each oxalate is -2, and the charge on each Na is +1.<br>3(+1) + x + 3(-2) = 0<br>3 + x - 6 = 0<br>x = +3<br><strong>Oxidation State</strong> of Cr is <strong>+3</strong>.</p>"
                    },
                    "question_type": "Case-based Subjective",
                    "difficulty_level": "medium",
                    "explanation_html": null
                  }
                ]
              },
              {
                "chapter_name": "Biomolecules",
                "questions": [
                  {
                    "question_no": 30,
                    "question_html": "<p>Certain organic compounds are required in small amounts in our diet but their deficiency causes specific disease. These compounds are called vitamins. Most of the vitamins cannot be synthesized in our body but plants can synthesize almost all of them. So they are considered as essential food factors. However, the bacteria of the gut can produce some of the vitamins required by us. All the vitamins are generally available in our diet. The term &lsquo;vitamin&rsquo; was coined from the words vital + amine, since the earlier identified compounds had amino group. Vitamins are classified into two groups depending upon their solubility in water or fat namely-fat soluble vitamins and water soluble vitamins.</p><p>Answer the following questions :</p><p>(a) What is the other name of vitamin B<sub>6</sub> ?</p><p>(b) Name the vitamin whose deficiency causes increased blood clotting time.</p><p>(c) Xerophthalmia is caused by the deficiency of which vitamin ? Give two sources of this vitamin.</p><p><strong>OR</strong></p><p>(c) Why can't vitamin C be stored in our body ? Name the disease caused by the deficiency of this vitamin.</p>",
                    "options": [],
                    "correct_answer": {
                      "text": "<p><strong>(a) Vitamin B<sub>6</sub>:</strong> The other name for vitamin B<sub>6</sub> is <strong>Pyridoxine</strong>.</p><p><strong>(b) Blood Clotting:</strong> The deficiency of <strong>Vitamin K</strong> causes increased blood clotting time.</p><p><strong>(c) Xerophthalmia:</strong> This is caused by the deficiency of <strong>Vitamin A</strong>. Two sources are carrots and fish liver oil.</p><p><strong>OR</strong></p><p><strong>(c) Vitamin C Storage and Deficiency:</strong> Vitamin C cannot be stored in our body because it is <strong>water-soluble</strong> and is readily excreted in urine. The disease caused by its deficiency is <strong>Scurvy</strong>.</p>"
                    },
                    "question_type": "Case-based Subjective",
                    "difficulty_level": "easy",
                    "explanation_html": null
                  }
                ]
              },
              {
                "chapter_name": "The d- and f-Block Elements",
                "questions": [
                  {
                    "question_no": 31,
                    "question_html": "<p>Attempt any five of the following :</p><p>(a) Ce(III) is easily oxidised to Ce(IV). Comment.</p><p>(b) E&deg;(Mn<sup>2+</sup>/Mn) is &ndash;1.18 V. Why is this value highly negative in comparison to neighbouring d block elements ?</p><p>(c) Which element of 3d series has lowest enthalpy of atomisation and why ?</p><p>(d) What happens when sodium chromate is acidified ?</p><p>(e) Zn, Cd and Hg are soft metals. Why ?</p><p>(f) Why is permanganate titration not carried out in the presence of HCl ?</p><p>(g) The lower oxides of transition metals are basic whereas the highest are amphoteric/acidic. Give reason.</p>",
                    "options": [],
                    "correct_answer": {
                      "text": "<p><strong>(a) Ce(III) to Ce(IV):</strong> Ce(IV) has an electronic configuration of [Xe], achieving a stable noble gas configuration. This stability is the driving force for the easy oxidation of Ce(III) (f<sup>1</sup>) to Ce(IV) (f<sup>0</sup>).</p><p><strong>(b) E&deg;(Mn<sup>2+</sup>/Mn):</strong> The highly negative value is due to the extra stability of the half-filled d-orbital in the Mn<sup>2+</sup> ion (3d<sup>5</sup>). This stability makes the reduction of Mn<sup>2+</sup> to Mn less favorable.</p><p><strong>(c) Lowest Enthalpy of Atomisation:</strong> Zinc (Zn) has the lowest enthalpy of atomisation in the 3d series. This is because it has a completely filled 3d orbital and a filled 4s orbital (3d<sup>10</sup>4s<sup>2</sup>), resulting in weak metallic bonding and no unpaired electrons to contribute to it.</p><p><strong>(d) Acidification of Sodium Chromate:</strong> When acidified, the yellow chromate ion (CrO<sub>4</sub><sup>2-</sup>) is converted into the orange dichromate ion (Cr<sub>2</sub>O<sub>7</sub><sup>2-</sup>) as they exist in equilibrium.</p><p><strong>(e) Softness of Zn, Cd, Hg:</strong> These metals are relatively soft because of their completely filled d-orbitals and the absence of unpaired d-electrons, which leads to weaker metallic bonding compared to other transition metals.</p><p><strong>(f) Permanganate Titration with HCl:</strong> HCl cannot be used because permanganate is a strong enough oxidizing agent to oxidize the chloride ion (Cl<sup>-</sup>) from HCl to chlorine gas (Cl<sub>2</sub>), which would lead to an incorrect titre value.</p><p><strong>(g) Oxide Basicity:</strong> In lower oxidation states, the metals form ionic oxides which are basic. In higher oxidation states, the metals have a higher charge density and form more covalent oxides. These covalent oxides are amphoteric or acidic as they can accept electron pairs.</p>"
                    },
                    "question_type": "Long Answer (5 marks)",
                    "difficulty_level": "hard",
                    "explanation_html": null
                  }
                ]
              },
              {
                "chapter_name": "Solutions",
                "questions": [
                  {
                    "question_no": 32,
                    "question_html": "<p>(a) (i) Ishan's automobile radiator is filled with 1.0 kg of water. How many grams of ethylene glycol (Molar mass = 62 g mol<sup>&ndash;1</sup>) must Ishan add to get the freezing point of the solution lowered to &ndash;2.8 &deg;C. K<sub>f</sub> for water is 1.86 K kg&middot;mol<sup>&ndash;1</sup>.</p><p>(ii) What type of deviation from Raoult's law is shown by ethanol and acetone mixture ? Give reason.</p><p><strong>OR</strong></p><p>(b) (i) Boiling point of water at 750 mm Hg pressure is 99.68 &deg;C. How much sucrose (Molar mass = 342 g mol<sup>&ndash;1</sup>) is to be added to 500 g of water such that it boils at 100 &deg;C ? (K<sub>b</sub> for water = 0.52 K kg mol<sup>&ndash;1</sup>).</p><p>(ii) State Henry's law and write its any one application.</p>",
                    "options": [],
                    "correct_answer": {
                      "text": "<p><strong>(a) (i) Ethylene Glycol Calculation:</strong><br>Depression in freezing point, &Delta;T<sub>f</sub> = 0 - (-2.8) = 2.8 &deg;C or 2.8 K.<br>Using the formula &Delta;T<sub>f</sub> = K<sub>f</sub> &times; m = K<sub>f</sub> &times; (w<sub>solute</sub> / M<sub>solute</sub>) / W<sub>solvent</sub>(kg).<br>2.8 = 1.86 &times; (w<sub>solute</sub> / 62) / 1.<br>w<sub>solute</sub> = (2.8 &times; 62) / 1.86 = <strong>93.33 g</strong>.</p><p><strong>(a) (ii) Deviation:</strong> The mixture shows <strong>positive deviation</strong>. <strong>Reason:</strong> Adding acetone breaks the strong intermolecular hydrogen bonds in pure ethanol, weakening the overall intermolecular forces.</p><p><strong>OR</strong></p><p><strong>(b) (i) Sucrose Calculation:</strong><br>The normal boiling point of water is 100 &deg;C at 1 atm (760 mm Hg). The question states the solution should boil at 100 &deg;C, but the atmospheric pressure is 750 mm Hg, where pure water boils at 99.68 &deg;C.<br>Elevation in boiling point, &Delta;T<sub>b</sub> = 100 - 99.68 = 0.32 &deg;C or 0.32 K.<br>Using &Delta;T<sub>b</sub> = K<sub>b</sub> &times; (w<sub>solute</sub> / M<sub>solute</sub>) / W<sub>solvent</sub>(kg).<br>0.32 = 0.52 &times; (w<sub>solute</sub> / 342) / 0.5.<br>w<sub>solute</sub> = (0.32 &times; 342 &times; 0.5) / 0.52 = <strong>105.23 g</strong>.</p><p><strong>(b) (ii) Henry's Law:</strong> The partial pressure of a gas in the vapor phase (p) is proportional to the mole fraction of the gas (x) in the solution. <strong>Application:</strong> To increase the solubility of CO<sub>2</sub> in soft drinks, the bottles are sealed under high pressure.</p>"
                    },
                    "question_type": "Long Answer (5 marks)",
                    "difficulty_level": "hard",
                    "explanation_html": null
                  }
                ]
              },
              {
                "chapter_name": "Aldehydes, Ketones and Carboxylic Acids",
                "questions": [
                  {
                    "question_no": 33,
                    "question_html": "<p>(a) An organic compound (A) with the molecular formula C<sub>9</sub>H<sub>10</sub>O forms 2, 4-DNP derivative, reduces Fehling solution and undergoes Cannizzaro reaction. On vigorous oxidation, it gives 1, 2-benzene dicarboxylic acid.</p><p>(i) Identify the compound (A) and write its IUPAC name.</p><p>(ii) Write the reaction of compound (A) with (1) 2, 4-Dinitrophenyl hydrazine and (2) Fehling solution</p><p>(iii) Write the equation of compound (A) when it undergoes Cannizzaro reaction.</p><p><strong>OR</strong></p><p>(b) (i) Account for the following : (1) The alpha (&alpha;)-hydrogens of aldehydes and ketones are acidic in nature. (2) Oxidation of aldehydes is easier than ketones.</p><p>(ii) Arrange the following in : (1) Decreasing reactivity towards nucleophilic addition reaction propanal, acetone, benzaldehyde. (2) Increasing order of boiling point : Propane, Ethanol, Dimethylether, Propanal</p><p>(iii) Give simple chemical test to distinguish between Benzoic acid and Benzaldehyde.</p>",
                    "options": [],
                    "correct_answer": {
                      "text": "<p><strong>(a) (i) Identification of A:</strong><br>The compound reduces Fehling's solution (it's an aldehyde) and undergoes Cannizzaro reaction (it has no &alpha;-hydrogen). Vigorous oxidation gives 1,2-benzenedicarboxylic acid, which means it is an ortho-substituted benzene derivative with two carbon-containing side chains. The only structure matching C<sub>9</sub>H<sub>10</sub>O is 2-ethylbenzaldehyde.<br><strong>Compound A:</strong> 2-Ethylbenzaldehyde<br><strong>IUPAC Name:</strong> 2-Ethylbenzaldehyde</p><p><strong>(a) (ii) Reactions of A:</strong><br><strong>(1) With 2,4-DNP:</strong> It forms a 2,4-dinitrophenylhydrazone (an orange-red precipitate).<br><strong>(2) With Fehling solution:</strong> It gets oxidized to the carboxylate salt (2-ethylbenzoate) and reduces Cu<sup>2+</sup> to a red precipitate of Cu<sub>2</sub>O.</p><p><strong>(a) (iii) Cannizzaro Reaction:</strong> Two molecules of 2-ethylbenzaldehyde, in the presence of concentrated alkali, undergo self-oxidation and reduction to form one molecule of sodium 2-ethylbenzoate and one molecule of 2-ethylbenzyl alcohol.</p><p><strong>OR</strong></p><p><strong>(b) (i) Reasons:</strong><br><strong>(1) Acidity of &alpha;-hydrogens:</strong> This is due to the strong electron-withdrawing effect of the carbonyl group and the resonance stabilization of the resulting conjugate base (enolate ion).</p><p><strong>(2) Ease of Oxidation:</strong> Aldehydes are easily oxidized because of the presence of a hydrogen atom on the carbonyl carbon. This C-H bond can be easily cleaved. Ketones lack this hydrogen and require cleavage of a stronger C-C bond for oxidation.</p><p><strong>(b) (ii) Arrangements:</strong><br><strong>(1) Decreasing Reactivity (Nucleophilic Addition):</strong> Propanal > Benzaldehyde > Acetone</p><p><strong>(2) Increasing Boiling Point:</strong> Propane < Dimethylether < Propanal < Ethanol</p><p><strong>(b) (iii) Test:</strong> Use sodium bicarbonate solution. Benzoic acid will give brisk effervescence due to the release of CO<sub>2</sub> gas. Benzaldehyde will show no reaction.</p>"
                    },
                    "question_type": "Long Answer (5 marks)",
                    "difficulty_level": "hard",
                    "explanation_html": null
                  }
                ]
              }
            ]
          }
        ]
      }
    ]
  }
]