[
  {
    "exam_name_actual": "CBSE Board - Class 12 - Science",
    "main_exam_id_name_ref": "CBSE Board - Class 12 - Science",
    "years": [
      {
        "year": "2024",
        "papers_or_subjects": [
          {
            "paper_name": "CBSE Class 12 Science (Chemistry) Paper 2024 (QP Code: 56/3/1)",
            "subject_name": "Chemistry",
            "chapters": [
              {
                "chapter_name": "The d- and f-Block Elements",
                "questions": [
                  {
                    "question_no": 1,
                    "question_html": "<p>Which of the following does not show variable oxidation states ?</p>",
                    "options": [
                      {
                        "id": "a",
                        "text": "Fe"
                      },
                      {
                        "id": "b",
                        "text": "Cu"
                      },
                      {
                        "id": "c",
                        "text": "Mn"
                      },
                      {
                        "id": "d",
                        "text": "Sc"
                      }
                    ],
                    "correct_answer": {
                      "ids": [
                        "d"
                      ]
                    },
                    "question_type": "mcq_single",
                    "difficulty_level": "easy",
                    "explanation_html": "<p>Scandium (Sc) has the electronic configuration [Ar] 3d¹ 4s². It consistently shows only the +3 oxidation state by losing all three of its valence electrons to achieve a stable noble gas configuration. The other elements (Fe, Cu, Mn) are transition metals that exhibit variable oxidation states due to the small energy difference between the ns and (n-1)d orbitals, allowing electrons from both to participate in bonding.</p>"
                  }
                ]
              },
              {
                "chapter_name": "Coordination Compounds",
                "questions": [
                  {
                    "question_no": 2,
                    "question_html": "<p>The type of isomerism shown by the complex [CoCl<sub>2</sub>(en)<sub>2</sub>]<sup>+</sup> is :</p>",
                    "options": [
                      {
                        "id": "a",
                        "text": "Ionisation isomerism"
                      },
                      {
                        "id": "b",
                        "text": "Geometrical isomerism"
                      },
                      {
                        "id": "c",
                        "text": "Linkage isomerism"
                      },
                      {
                        "id": "d",
                        "text": "Coordination isomerism"
                      }
                    ],
                    "correct_answer": {
                      "ids": [
                        "b"
                      ]
                    },
                    "question_type": "mcq_single",
                    "difficulty_level": "medium",
                    "explanation_html": "<p>The complex [CoCl<sub>2</sub>(en)<sub>2</sub>]<sup>+</sup> has an octahedral geometry with the general formula [M(AA)<sub>2</sub>B<sub>2</sub>]. The two chloride (B) ligands can be positioned adjacent to each other (at a 90° angle), forming the cis-isomer, or opposite to each other (at a 180° angle), forming the trans-isomer. This difference in the spatial arrangement of ligands around the central metal ion is known as geometrical isomerism.</p>"
                  }
                ]
              },
              {
                "chapter_name": "Coordination Compounds",
                "questions": [
                  {
                    "question_no": 3,
                    "question_html": "<p>Which of the following is diamagnetic in nature ?</p>",
                    "options": [
                      {
                        "id": "a",
                        "text": "Co<sup>3+</sup>, octahedral complex with strong field ligand"
                      },
                      {
                        "id": "b",
                        "text": "Co<sup>3+</sup>, octahedral complex with weak field ligand"
                      },
                      {
                        "id": "c",
                        "text": "Co<sup>3+</sup>, in a square planar complex"
                      },
                      {
                        "id": "d",
                        "text": "Co<sup>3+</sup>, in a tetrahedral complex"
                      }
                    ],
                    "correct_answer": {
                      "ids": [
                        "a"
                      ]
                    },
                    "question_type": "mcq_single",
                    "difficulty_level": "medium",
                    "explanation_html": "<p>The Co<sup>3+</sup> ion has an electronic configuration of [Ar] 3d<sup>6</sup>. In an octahedral complex with a strong field ligand, the crystal field splitting energy (Δo) is greater than the pairing energy (P). This forces the six d-electrons to pair up in the lower energy t<sub>2g</sub> orbitals, resulting in the configuration t<sub>2g</sub><sup>6</sup> e<sub>g</sub><sup>0</sup>. Since there are no unpaired electrons, the complex is diamagnetic.</p>"
                  }
                ]
              },
              {
                "chapter_name": "Haloalkanes and Haloarenes",
                "questions": [
                  {
                    "question_no": 4,
                    "question_html": "<p>Consider the following reaction :</p><p>p-chlorobenzyl chloride + KCN &rarr; ?</p><p>The major product of the reaction is :</p>",
                    "options": [
                      {
                        "id": "a",
                        "text": "p-cyanobenzyl cyanide"
                      },
                      {
                        "id": "b",
                        "text": "p-cyanobenzyl chloride"
                      },
                      {
                        "id": "c",
                        "text": "p-chlorobenzyl cyanide"
                      },
                      {
                        "id": "d",
                        "text": "o-cyanobenzyl chloride"
                      }
                    ],
                    "correct_answer": {
                      "ids": [
                        "c"
                      ]
                    },
                    "question_type": "mcq_single",
                    "difficulty_level": "medium",
                    "explanation_html": "<p>This is a nucleophilic substitution reaction. The C-Cl bond attached to the benzylic carbon (-CH<sub>2</sub>Cl) is much more reactive towards nucleophilic substitution than the C-Cl bond attached directly to the aromatic ring. The aryl halide bond is stabilized by resonance and is difficult to break. Therefore, the cyanide ion (CN<sup>-</sup>) will replace the benzylic chlorine, resulting in p-chlorobenzyl cyanide as the major product.</p>"
                  }
                ]
              },
              {
                "chapter_name": "Alcohols, Phenols and Ethers",
                "questions": [
                  {
                    "question_no": 5,
                    "question_html": "<p>Which one of the following compounds has the lowest pK<sub>a</sub> value ?</p>",
                    "options": [
                      {
                        "id": "a",
                        "text": "p-Cresol"
                      },
                      {
                        "id": "b",
                        "text": "p-Nitrophenol"
                      },
                      {
                        "id": "c",
                        "text": "m-Nitrophenol"
                      },
                      {
                        "id": "d",
                        "text": "2,4,6-Trinitrophenol"
                      }
                    ],
                    "correct_answer": {
                      "ids": [
                        "d"
                      ]
                    },
                    "question_type": "mcq_single",
                    "difficulty_level": "medium",
                    "explanation_html": "<p>A lower pK<sub>a</sub> value corresponds to a stronger acid. The acidity of phenols is enhanced by electron-withdrawing groups, which stabilize the conjugate base (phenoxide ion). The nitro group (-NO<sub>2</sub>) is a strong electron-withdrawing group. 2,4,6-Trinitrophenol (picric acid) has three such groups at the ortho and para positions, which strongly delocalize the negative charge on the phenoxide ion through resonance and inductive effects. This extensive stabilization makes it the strongest acid among the given options, hence it has the lowest pK<sub>a</sub> value.</p>"
                  }
                ]
              },
              {
                "chapter_name": "Alcohols, Phenols and Ethers",
                "questions": [
                  {
                    "question_no": 6,
                    "question_html": "<p>(CH<sub>3</sub>)<sub>2</sub>CH–O–CH<sub>3</sub> when treated with HI gives :</p>",
                    "options": [
                      {
                        "id": "a",
                        "text": "(CH<sub>3</sub>)<sub>2</sub>CH–I + CH<sub>3</sub>OH"
                      },
                      {
                        "id": "b",
                        "text": "(CH<sub>3</sub>)<sub>2</sub>CH–OH + CH<sub>3</sub>–I"
                      },
                      {
                        "id": "c",
                        "text": "(CH<sub>3</sub>)<sub>2</sub>CH–I + CH<sub>3</sub>–I"
                      },
                      {
                        "id": "d",
                        "text": "(CH<sub>3</sub>)<sub>2</sub>CH–OH + CH<sub>3</sub>OH"
                      }
                    ],
                    "correct_answer": {
                      "ids": [
                        "b"
                      ]
                    },
                    "question_type": "mcq_single",
                    "difficulty_level": "medium",
                    "explanation_html": "<p>The reaction involves the cleavage of an ether by HI. In the case of an ether with a primary and a secondary alkyl group, the reaction proceeds via an S<sub>N</sub>2 mechanism. The iodide ion (I<sup>-</sup>) acts as a nucleophile and attacks the smaller, less sterically hindered alkyl group (the methyl group). This results in the formation of methyl iodide (CH<sub>3</sub>-I) and the corresponding alcohol from the larger group, which is isopropyl alcohol ((CH<sub>3</sub>)<sub>2</sub>CH-OH).</p>"
                  }
                ]
              },
              {
                "chapter_name": "Amines",
                "questions": [
                  {
                    "question_no": 7,
                    "question_html": "<p>Which of the following compounds on treatment with benzene sulphonyl chloride forms an alkali-soluble precipitate ?</p>",
                    "options": [
                      {
                        "id": "a",
                        "text": "CH<sub>3</sub>CONH<sub>2</sub>"
                      },
                      {
                        "id": "b",
                        "text": "(CH<sub>3</sub>)<sub>3</sub>N"
                      },
                      {
                        "id": "c",
                        "text": "(CH<sub>3</sub>)<sub>2</sub>NH"
                      },
                      {
                        "id": "d",
                        "text": "CH<sub>3</sub>CH<sub>2</sub>NH<sub>2</sub>"
                      }
                    ],
                    "correct_answer": {
                      "ids": [
                        "d"
                      ]
                    },
                    "question_type": "mcq_single",
                    "difficulty_level": "medium",
                    "explanation_html": "<p>This question describes the Hinsberg test. Benzene sulphonyl chloride reacts with primary and secondary amines. Primary amines, like ethylamine (CH<sub>3</sub>CH<sub>2</sub>NH<sub>2</sub>), form N-ethylbenzenesulphonamide. The hydrogen atom attached to the nitrogen in this product is acidic, allowing it to react with and dissolve in an alkali (like KOH or NaOH). Secondary amines form a sulphonamide that is insoluble in alkali, while tertiary amines do not react.</p>"
                  }
                ]
              },
              {
                "chapter_name": "Amines",
                "questions": [
                  {
                    "question_no": 8,
                    "question_html": "<p>The order of increasing basicities of CH<sub>3</sub>NH<sub>2</sub> (I), (CH<sub>3</sub>)<sub>2</sub>NH (II), (CH<sub>3</sub>)<sub>3</sub>N (III) and C<sub>6</sub>H<sub>5</sub>NH<sub>2</sub> (IV) in aqueous media is :</p>",
                    "options": [
                      {
                        "id": "a",
                        "text": "IV < III < I < II"
                      },
                      {
                        "id": "b",
                        "text": "II < I < IV < III"
                      },
                      {
                        "id": "c",
                        "text": "I < II < III < IV"
                      },
                      {
                        "id": "d",
                        "text": "II < III < I < IV"
                      }
                    ],
                    "correct_answer": {
                      "ids": [
                        "a"
                      ]
                    },
                    "question_type": "mcq_single",
                    "difficulty_level": "hard",
                    "explanation_html": "<p>In aqueous media, the basicity of amines is determined by the interplay of three factors: the inductive effect (+I), solvation effect (hydrogen bonding with water), and steric hindrance. Aniline (IV) is the weakest base because its nitrogen lone pair is delocalized into the benzene ring. Among the aliphatic amines, the combined effects result in the order: secondary > primary > tertiary for methyl-substituted amines. The +I effect increases basicity from I to III, but steric hindrance and decreased solvation make the tertiary amine (III) less basic than the primary (I) and secondary (II) amines. The overall increasing order of basicity is Aniline < Trimethylamine < Methylamine < Dimethylamine.</p>"
                  }
                ]
              },
              {
                "chapter_name": "Biomolecules",
                "questions": [
                  {
                    "question_no": 9,
                    "question_html": "<p>The vitamin which plays an important role in coagulating blood is :</p>",
                    "options": [
                      {
                        "id": "a",
                        "text": "Vitamin A"
                      },
                      {
                        "id": "b",
                        "text": "Vitamin E"
                      },
                      {
                        "id": "c",
                        "text": "Vitamin D"
                      },
                      {
                        "id": "d",
                        "text": "Vitamin K"
                      }
                    ],
                    "correct_answer": {
                      "ids": [
                        "d"
                      ]
                    },
                    "question_type": "mcq_single",
                    "difficulty_level": "easy",
                    "explanation_html": "<p>Vitamin K is essential for the blood clotting process. It facilitates the synthesis of proteins, such as prothrombin, in the liver, which are critical components of the coagulation cascade that leads to the formation of a blood clot.</p>"
                  }
                ]
              },
              {
                "chapter_name": "Chemical Kinetics",
                "questions": [
                  {
                    "question_no": 10,
                    "question_html": "<p>When a catalyst increases the rate of a chemical reaction, then the rate constant (k) :</p>",
                    "options": [
                      {
                        "id": "a",
                        "text": "remains constant"
                      },
                      {
                        "id": "b",
                        "text": "decreases"
                      },
                      {
                        "id": "c",
                        "text": "increases"
                      },
                      {
                        "id": "d",
                        "text": "may increase or decrease depending on the order of the reaction"
                      }
                    ],
                    "correct_answer": {
                      "ids": [
                        "c"
                      ]
                    },
                    "question_type": "mcq_single",
                    "difficulty_level": "easy",
                    "explanation_html": "<p>A catalyst increases the rate of a reaction by providing an alternative pathway with a lower activation energy (E<sub>a</sub>). The relationship between the rate constant (k), activation energy, and temperature is given by the Arrhenius equation: k = A * e<sup>(-Ea/RT)</sup>. By lowering the activation energy (E<sub>a</sub>), the catalyst increases the value of the rate constant (k), which in turn increases the reaction rate.</p>"
                  }
                ]
              },
              {
                "chapter_name": "Solutions",
                "questions": [
                  {
                    "question_no": 11,
                    "question_html": "<p>A 1% solution of solute 'X' is isotonic with a 6% solution of sucrose (molar mass = 342 g mol<sup>&ndash;1</sup>). The molar mass of solute 'X' is :</p>",
                    "options": [
                      {
                        "id": "a",
                        "text": "34.2 g mol<sup>-1</sup>"
                      },
                      {
                        "id": "b",
                        "text": "57 g mol<sup>-1</sup>"
                      },
                      {
                        "id": "c",
                        "text": "114 g mol<sup>-1</sup>"
                      },
                      {
                        "id": "d",
                        "text": "3.42 g mol<sup>-1</sup>"
                      }
                    ],
                    "correct_answer": {
                      "ids": [
                        "b"
                      ]
                    },
                    "question_type": "mcq_single",
                    "difficulty_level": "medium",
                    "explanation_html": "<p>Isotonic solutions have the same osmotic pressure (Π). Since Π = CRT and both solutions are at the same temperature, their molar concentrations (C) must be equal. Assuming the solvent is water and the solutions are dilute, a 1% solution means 1 g of X in 100 mL, and a 6% solution means 6 g of sucrose in 100 mL.<br>C<sub>X</sub> = C<sub>sucrose</sub><br>(grams of X / Molar mass of X) / Volume = (grams of sucrose / Molar mass of sucrose) / Volume<br>(1 / M<sub>X</sub>) = (6 / 342)<br>M<sub>X</sub> = 342 / 6 = 57 g mol<sup>-1</sup>.</p>"
                  }
                ]
              },
              {
                "chapter_name": "Electrochemistry",
                "questions": [
                  {
                    "question_no": 12,
                    "question_html": "<p>During the electrolysis of aqueous NaCl, the cathodic reaction is :</p>",
                    "options": [
                      {
                        "id": "a",
                        "text": "Oxidation of Cl<sup>-</sup> ion"
                      },
                      {
                        "id": "b",
                        "text": "Reduction of Na<sup>+</sup> ion"
                      },
                      {
                        "id": "c",
                        "text": "Oxidation of H<sub>2</sub>O"
                      },
                      {
                        "id": "d",
                        "text": "Reduction of H<sub>2</sub>O"
                      }
                    ],
                    "correct_answer": {
                      "ids": [
                        "d"
                      ]
                    },
                    "question_type": "mcq_single",
                    "difficulty_level": "medium",
                    "explanation_html": "<p>At the cathode (negative electrode), reduction occurs. In an aqueous solution of NaCl, there are two species that can be reduced: Na<sup>+</sup> ions and H<sub>2</sub>O molecules. The standard reduction potential of Na<sup>+</sup> (-2.71 V) is much lower (more negative) than that of water (-0.83 V at pH 7). Therefore, water is more easily reduced than Na<sup>+</sup> ions. The reduction of water produces hydrogen gas and hydroxide ions: 2H<sub>2</sub>O(l) + 2e<sup>-</sup> &rarr; H<sub>2</sub>(g) + 2OH<sup>-</sup>(aq).</p>"
                  }
                ]
              },
              {
                "chapter_name": "Solutions",
                "questions": [
                  {
                    "question_no": 13,
                    "question_html": "<p><strong>Assertion (A):</strong> Addition of ethylene glycol to water lowers its freezing point.</p><p><strong>Reason (R):</strong> Ethylene glycol is insoluble in water due to lack of its ability to form hydrogen bonds with water molecules.</p>",
                    "options": [
                      {
                        "id": "a",
                        "text": "Both Assertion (A) and Reason (R) are true and Reason (R) is the correct explanation of the Assertion (A)."
                      },
                      {
                        "id": "b",
                        "text": "Both Assertion (A) and Reason (R) are true, but Reason (R) is not the correct explanation of the Assertion (A)."
                      },
                      {
                        "id": "c",
                        "text": "Assertion (A) is true, but Reason (R) is false."
                      },
                      {
                        "id": "d",
                        "text": "Assertion (A) is false, but Reason (R) is true."
                      }
                    ],
                    "correct_answer": {
                      "ids": [
                        "c"
                      ]
                    },
                    "question_type": "mcq_single",
                    "difficulty_level": "easy",
                    "explanation_html": "<p>Assertion (A) is true; the addition of a non-volatile solute like ethylene glycol to a solvent lowers the freezing point, a colligative property known as freezing point depression. Reason (R) is false; ethylene glycol is highly soluble in water because its two hydroxyl (-OH) groups can form strong hydrogen bonds with water molecules. Therefore, the assertion is true but the reason is false.</p>"
                  }
                ]
              },
              {
                "chapter_name": "Chemical Kinetics",
                "questions": [
                  {
                    "question_no": 14,
                    "question_html": "<p><strong>Assertion (A):</strong> Order of reaction and molecularity are always same for complex reactions.</p><p><strong>Reason (R):</strong> Order is determined experimentally and molecularity is applicable only for elementary reactions.</p>",
                    "options": [
                      {
                        "id": "a",
                        "text": "Both Assertion (A) and Reason (R) are true and Reason (R) is the correct explanation of the Assertion (A)."
                      },
                      {
                        "id": "b",
                        "text": "Both Assertion (A) and Reason (R) are true, but Reason (R) is not the correct explanation of the Assertion (A)."
                      },
                      {
                        "id": "c",
                        "text": "Assertion (A) is true, but Reason (R) is false."
                      },
                      {
                        "id": "d",
                        "text": "Assertion (A) is false, but Reason (R) is true."
                      }
                    ],
                    "correct_answer": {
                      "ids": [
                        "d"
                      ]
                    },
                    "question_type": "mcq_single",
                    "difficulty_level": "medium",
                    "explanation_html": "<p>Assertion (A) is false. For complex reactions, which proceed through multiple steps, the overall order is determined by the rate-determining step and does not necessarily equal the sum of stoichiometric coefficients. Molecularity is not defined for a complex reaction as a whole. Reason (R) is true. Order is an experimental quantity derived from the rate law, while molecularity is a theoretical concept that describes the number of species colliding in a single (elementary) reaction step. Therefore, the assertion is false but the reason is true.</p>"
                  }
                ]
              },
              {
                "chapter_name": "Alcohols, Phenols and Ethers",
                "questions": [
                  {
                    "question_no": 15,
                    "question_html": "<p><strong>Assertion (A):</strong> The boiling point of ethanol is higher than that of dimethyl ether.</p><p><strong>Reason (R):</strong> Ethanol molecules are associated through hydrogen bonding whereas in dimethyl ether, it is not possible.</p>",
                    "options": [
                      {
                        "id": "a",
                        "text": "Both Assertion (A) and Reason (R) are true and Reason (R) is the correct explanation of the Assertion (A)."
                      },
                      {
                        "id": "b",
                        "text": "Both Assertion (A) and Reason (R) are true, but Reason (R) is not the correct explanation of the Assertion (A)."
                      },
                      {
                        "id": "c",
                        "text": "Assertion (A) is true, but Reason (R) is false."
                      },
                      {
                        "id": "d",
                        "text": "Assertion (A) is false, but Reason (R) is true."
                      }
                    ],
                    "correct_answer": {
                      "ids": [
                        "a"
                      ]
                    },
                    "question_type": "mcq_single",
                    "difficulty_level": "easy",
                    "explanation_html": "<p>Assertion (A) is true. Despite being isomers, ethanol has a significantly higher boiling point than dimethyl ether. Reason (R) is also true and correctly explains the assertion. The presence of the -OH group in ethanol allows for strong intermolecular hydrogen bonding between molecules. Dimethyl ether lacks this group and cannot form hydrogen bonds, resulting in much weaker intermolecular forces. More energy is required to overcome the hydrogen bonds in ethanol, leading to its higher boiling point.</p>"
                  }
                ]
              },
              {
                "chapter_name": "Amines",
                "questions": [
                  {
                    "question_no": 16,
                    "question_html": "<p><strong>Assertion (A):</strong> Aniline does not undergo Friedel-Crafts reaction.</p><p><strong>Reason (R):</strong> Friedel-Crafts reaction is an electrophilic substitution reaction.</p>",
                    "options": [
                      {
                        "id": "a",
                        "text": "Both Assertion (A) and Reason (R) are true and Reason (R) is the correct explanation of the Assertion (A)."
                      },
                      {
                        "id": "b",
                        "text": "Both Assertion (A) and Reason (R) are true, but Reason (R) is not the correct explanation of the Assertion (A)."
                      },
                      {
                        "id": "c",
                        "text": "Assertion (A) is true, but Reason (R) is false."
                      },
                      {
                        "id": "d",
                        "text": "Assertion (A) is false, but Reason (R) is true."
                      }
                    ],
                    "correct_answer": {
                      "ids": [
                        "b"
                      ]
                    },
                    "question_type": "mcq_single",
                    "difficulty_level": "medium",
                    "explanation_html": "<p>Assertion (A) is true. Aniline does not participate in Friedel-Crafts reactions. The amino group (-NH<sub>2</sub>) is a Lewis base and reacts with the Lewis acid catalyst (e.g., AlCl<sub>3</sub>), forming a salt. This creates a strongly deactivating -NH<sub>3</sub><sup>+</sup> group on the ring, which inhibits electrophilic substitution. Reason (R) is also a true statement; Friedel-Crafts is an electrophilic substitution. However, the reason for aniline's non-reactivity is its basic nature forming a complex with the catalyst, not merely the type of reaction. Thus, both statements are true, but R is not the correct explanation for A.</p>"
                  }
                ]
              },
              {
                "chapter_name": "Solutions",
                "questions": [
                  {
                    "question_no": 17,
                    "question_html": "<p>(a) Define molal depression constant. How is it related to enthalpy of fusion?</p><p><strong>OR</strong></p><p>(b) What type of deviation is shown by ethanol and acetone mixture ? Give reason. What type of azeotropic mixture is formed by that deviation?</p>",
                    "options": [],
                    "correct_answer": {
                      "text": "<p><strong>(a) Molal Depression Constant (K<sub>f</sub>):</strong> It is defined as the depression in freezing point for a 1 molal solution (i.e., when one mole of a non-volatile solute is dissolved in 1 kg of the solvent).<br><strong>Relation to Enthalpy of Fusion (Δ<sub>fus</sub>H):</strong> K<sub>f</sub> = (R * M * T<sub>f</sub><sup>2</sup>) / (1000 * Δ<sub>fus</sub>H), where R is the gas constant, M is the molar mass of the solvent, and T<sub>f</sub> is the freezing point of the pure solvent.</p><p><strong>OR</strong></p><p><strong>(b) Deviation:</strong> The mixture of ethanol and acetone shows a <strong>positive deviation</strong> from Raoult's law.<br><strong>Reason:</strong> In pure ethanol, molecules are held together by strong hydrogen bonds. When acetone is added, its molecules get in between the ethanol molecules, breaking some of the hydrogen bonds. This weakens the intermolecular forces of attraction, causing the solution to have a higher vapor pressure than expected.<br><strong>Azeotropic Mixture:</strong> This deviation leads to the formation of a <strong>minimum boiling azeotrope</strong>.</p>"
                    },
                    "question_type": "Very Short Answer (2 marks)",
                    "difficulty_level": "medium",
                    "explanation_html": null
                  }
                ]
              },
              {
                "chapter_name": "Chemical Kinetics",
                "questions": [
                  {
                    "question_no": 18,
                    "question_html": "<p>(a) In a reaction, if the concentration of reactant 'X' is tripled, the rate of reaction becomes twenty-seven times. What is the order of the reaction?</p><p>(b) State a condition under which a bimolecular reaction is kinetically a first-order reaction. Give an example of such a reaction.</p>",
                    "options": [],
                    "correct_answer": {
                      "text": "<p><strong>(a) Order of Reaction:</strong><br>Let the rate law be: Rate = k[X]<sup>n</sup>.<br>When [X] becomes 3[X], the rate becomes 27 * Rate.<br>So, 27 * Rate = k(3[X])<sup>n</sup><br>27 * k[X]<sup>n</sup> = k * 3<sup>n</sup> * [X]<sup>n</sup><br>27 = 3<sup>n</sup><br>3<sup>3</sup> = 3<sup>n</sup>, so n = 3.<br>The order of the reaction is <strong>3 (third order)</strong>.</p><p><strong>(b) Condition and Example:</strong><br>A bimolecular reaction can be kinetically first-order if one of the reactants is present in a large excess, so its concentration remains effectively constant throughout the reaction. Such reactions are called pseudo-first-order reactions.<br><strong>Example:</strong> The hydrolysis of an ester like ethyl acetate in an aqueous solution. <br>CH<sub>3</sub>COOC<sub>2</sub>H<sub>5</sub> + H<sub>2</sub>O &rarr; CH<sub>3</sub>COOH + C<sub>2</sub>H<sub>5</sub>OH<br>Here, water is present in such a large excess that its concentration change is negligible.</p>"
                    },
                    "question_type": "Very Short Answer (2 marks)",
                    "difficulty_level": "medium",
                    "explanation_html": null
                  }
                ]
              },
              {
                "chapter_name": "The d- and f-Block Elements",
                "questions": [
                  {
                    "question_no": 19,
                    "question_html": "<p>Complete the following ionic equations :</p><p>(a) 2MnO<sub>4</sub><sup>&ndash;</sup> + 5SO<sub>3</sub><sup>2&ndash;</sup> + 6H<sup>+</sup> &rarr;</p><p>(b) Cr<sub>2</sub>O<sub>7</sub><sup>2&ndash;</sup> + 14H<sup>+</sup> + 6Fe<sup>2+</sup> &rarr;</p>",
                    "options": [],
                    "correct_answer": {
                      "text": "<p><strong>(a)</strong> 2MnO<sub>4</sub><sup>&ndash;</sup> + 5SO<sub>3</sub><sup>2&ndash;</sup> + 6H<sup>+</sup> &rarr; 2Mn<sup>2+</sup> + 5SO<sub>4</sub><sup>2&ndash;</sup> + 3H<sub>2</sub>O</p><p><strong>(b)</strong> Cr<sub>2</sub>O<sub>7</sub><sup>2&ndash;</sup> + 14H<sup>+</sup> + 6Fe<sup>2+</sup> &rarr; 2Cr<sup>3+</sup> + 6Fe<sup>3+</sup> + 7H<sub>2</sub>O</p>"
                    },
                    "question_type": "Very Short Answer (2 marks)",
                    "difficulty_level": "medium",
                    "explanation_html": null
                  }
                ]
              },
              {
                "chapter_name": "Haloalkanes and Haloarenes",
                "questions": [
                  {
                    "question_no": 20,
                    "question_html": "<p>(a) Which halogen compound in the following pair will react faster in S<sub>N</sub>2 reactions and why ? CH<sub>3</sub>&ndash;CH<sub>2</sub>&ndash;I OR CH<sub>3</sub>&ndash;CH<sub>2</sub>&ndash;Br</p><p>(b) Why is chloroform stored in closed dark coloured bottles ?</p>",
                    "options": [],
                    "correct_answer": {
                      "text": "<p><strong>(a) Faster Reacting Compound: CH<sub>3</sub>&ndash;CH<sub>2</sub>&ndash;I (Iodoethane)</strong> will react faster.<br><strong>Reason:</strong> In S<sub>N</sub>2 reactions, the rate depends on the ease with which the carbon-halogen bond breaks. The C-I bond is weaker and longer than the C-Br bond. This is because iodide (I<sup>-</sup>) is a better leaving group than bromide (Br<sup>-</sup>) due to its larger size and lower basicity.</p><p><strong>(b) Storage of Chloroform:</strong> Chloroform is stored in closed, dark-colored bottles to prevent its slow oxidation by air in the presence of light. This reaction produces the highly poisonous gas phosgene (carbonyl chloride, COCl<sub>2</sub>).</p>"
                    },
                    "question_type": "Very Short Answer (2 marks)",
                    "difficulty_level": "medium",
                    "explanation_html": null
                  }
                ]
              },
              {
                "chapter_name": "Biomolecules",
                "questions": [
                  {
                    "question_no": 21,
                    "question_html": "<p>Give reaction of glucose with the following :</p><p>(a) HCN</p><p>(b) Conc. HNO<sub>3</sub></p>",
                    "options": [],
                    "correct_answer": {
                      "text": "<p><strong>(a) Reaction with HCN:</strong> Glucose reacts with hydrogen cyanide to form glucose cyanohydrin. This is a nucleophilic addition reaction to the aldehyde group.</p><p>CHO-(CHOH)<sub>4</sub>-CH<sub>2</sub>OH + HCN &rarr; CN-CH(OH)-(CHOH)<sub>4</sub>-CH<sub>2</sub>OH</p><p><strong>(b) Reaction with Conc. HNO<sub>3</sub>:</strong> Concentrated nitric acid is a strong oxidizing agent. It oxidizes both the aldehyde group at C-1 and the primary alcohol group at C-6 of glucose to carboxylic acid groups, forming a dicarboxylic acid called <strong>Saccharic acid</strong>.</p><p>CHO-(CHOH)<sub>4</sub>-CH<sub>2</sub>OH --(Conc. HNO<sub>3</sub>)--> COOH-(CHOH)<sub>4</sub>-COOH</p>"
                    },
                    "question_type": "Very Short Answer (2 marks)",
                    "difficulty_level": "medium",
                    "explanation_html": null
                  }
                ]
              },
              {
                "chapter_name": "Solutions",
                "questions": [
                  {
                    "question_no": 22,
                    "question_html": "<p>A solution is prepared by dissolving 5 g of a non-volatile solute in 200 g of water. It has a vapour pressure of 31.84 mm Hg at 300 K. Calculate the molar mass of the solute. (Vapour pressure of pure water at 300 K = 32 mm Hg)</p>",
                    "options": [],
                    "correct_answer": {
                      "text": "<p>According to Raoult's law for non-volatile solutes:<br>(P&deg; - P<sub>s</sub>) / P&deg; = n<sub>2</sub> / (n<sub>1</sub> + n<sub>2</sub>)<br>For dilute solutions, this can be approximated as: (P&deg; - P<sub>s</sub>) / P&deg; = n<sub>2</sub> / n<sub>1</sub> = (w<sub>2</sub> / M<sub>2</sub>) / (w<sub>1</sub> / M<sub>1</sub>)<br>Given:<br>P&deg; (pure water) = 32 mm Hg<br>P<sub>s</sub> (solution) = 31.84 mm Hg<br>w<sub>2</sub> (mass of solute) = 5 g<br>w<sub>1</sub> (mass of water) = 200 g<br>M<sub>1</sub> (molar mass of water) = 18 g/mol<br>M<sub>2</sub> (molar mass of solute) = ?</p><p>(32 - 31.84) / 32 = (5 / M<sub>2</sub>) / (200 / 18)<br>0.16 / 32 = (5 / M<sub>2</sub>) / 11.11<br>0.005 = (5 * 18) / (M<sub>2</sub> * 200)<br>M<sub>2</sub> = (5 * 18) / (0.005 * 200)<br>M<sub>2</sub> = 90 / 1<br><strong>M<sub>2</sub> = 90 g/mol</strong></p>"
                    },
                    "question_type": "Short Answer (3 marks)",
                    "difficulty_level": "medium",
                    "explanation_html": null
                  }
                ]
              },
              {
                "chapter_name": "Electrochemistry",
                "questions": [
                  {
                    "question_no": 23,
                    "question_html": "<p>The conductivity of 0.2 M solution of KCl is 2.48 &times; 10<sup>&ndash;2</sup> S cm<sup>&ndash;1</sup>. Calculate its molar conductivity and degree of dissociation (&alpha;).<br>Given : &lambda;&deg;<sub>K<sup>+</sup></sub> = 73.5 S cm<sup>2</sup> mol<sup>&ndash;1</sup>, &lambda;&deg;<sub>Cl<sup>-</sup></sub> = 76.5 S cm<sup>2</sup> mol<sup>&ndash;1</sup></p>",
                    "options": [],
                    "correct_answer": {
                      "text": "<p><strong>Step 1: Calculate Molar Conductivity (&Lambda;<sub>m</sub>)</strong></p><p>&Lambda;<sub>m</sub> = (κ &times; 1000) / C<br>where κ (conductivity) = 2.48 &times; 10<sup>-2</sup> S cm<sup>-1</sup> and C (concentration) = 0.2 M.<br>&Lambda;<sub>m</sub> = (2.48 &times; 10<sup>-2</sup> &times; 1000) / 0.2<br>&Lambda;<sub>m</sub> = 24.8 / 0.2 = <strong>124 S cm<sup>2</sup> mol<sup>-1</sup></strong></p><p><strong>Step 2: Calculate Limiting Molar Conductivity (&Lambda;&deg;<sub>m</sub>)</strong></p><p>&Lambda;&deg;<sub>m</sub>(KCl) = &lambda;&deg;<sub>K<sup>+</sup></sub> + &lambda;&deg;<sub>Cl<sup>-</sup></sub><br>&Lambda;&deg;<sub>m</sub> = 73.5 + 76.5 = 150 S cm<sup>2</sup> mol<sup>-1</sup></p><p><strong>Step 3: Calculate Degree of Dissociation (&alpha;)</strong></p><p>&alpha; = &Lambda;<sub>m</sub> / &Lambda;&deg;<sub>m</sub><br>&alpha; = 124 / 150<br><strong>&alpha; = 0.827</strong></p>"
                    },
                    "question_type": "Short Answer (3 marks)",
                    "difficulty_level": "medium",
                    "explanation_html": null
                  }
                ]
              },
              {
                "chapter_name": "Chemical Kinetics",
                "questions": [
                  {
                    "question_no": 24,
                    "question_html": "<p>A first-order reaction is 25% complete in 40 minutes. Calculate the value of rate constant. In what time will the reaction be 80% complete ? [Given : log 2 = 0.30, log 3 = 0.48, log 4 = 0.60, log 5 = 0.69]</p>",
                    "options": [],
                    "correct_answer": {
                      "text": "<p><strong>Step 1: Calculate the rate constant (k)</strong></p><p>For a first-order reaction: k = (2.303/t) log([R]<sub>0</sub> / [R])<br>When the reaction is 25% complete, [R] = [R]<sub>0</sub> - 0.25[R]<sub>0</sub> = 0.75[R]<sub>0</sub>.<br>k = (2.303 / 40) log([R]<sub>0</sub> / 0.75[R]<sub>0</sub>)<br>k = (2.303 / 40) log(1 / 0.75) = (2.303 / 40) log(4/3)<br>k = (2.303 / 40) [log 4 - log 3] = (2.303 / 40) [0.60 - 0.48]<br>k = (2.303 / 40) * 0.12<br><strong>k = 0.0069 min<sup>-1</sup></strong></p><p><strong>Step 2: Calculate the time for 80% completion (t<sub>80%</sub>)</strong></p><p>When the reaction is 80% complete, [R] = [R]<sub>0</sub> - 0.80[R]<sub>0</sub> = 0.20[R]<sub>0</sub>.<br>t = (2.303/k) log([R]<sub>0</sub> / [R])<br>t = (2.303 / 0.0069) log([R]<sub>0</sub> / 0.20[R]<sub>0</sub>)<br>t = (2.303 / 0.0069) log(5)<br>t = (2.303 / 0.0069) * 0.69<br><strong>t = 230.3 minutes</strong></p>"
                    },
                    "question_type": "Short Answer (3 marks)",
                    "difficulty_level": "hard",
                    "explanation_html": null
                  }
                ]
              },
              {
                "chapter_name": "Haloalkanes and Haloarenes",
                "questions": [
                  {
                    "question_no": 25,
                    "question_html": "<p>(a) What type of nucleophilic substitution (S<sub>N</sub>1 or S<sub>N</sub>2) occurs in the hydrolysis of 2-Bromobutane to form (&plusmn;)-Butan-2-ol? Give reason.</p><p>(b) What happens when chlorobenzene and methyl chloride are treated with sodium metal in dry ether ?</p>",
                    "options": [],
                    "correct_answer": {
                      "text": "<p><strong>(a) Type of Substitution: S<sub>N</sub>1 reaction.</strong><br><strong>Reason:</strong> The formation of a racemic mixture ((&plusmn;)-Butan-2-ol) is a characteristic feature of S<sub>N</sub>1 reactions. The hydrolysis of the secondary halide (2-Bromobutane) proceeds through the formation of a planar secondary carbocation intermediate. The nucleophile (H<sub>2</sub>O) can attack this planar intermediate from either the front or the back with equal probability, leading to the formation of both enantiomers in equal amounts, resulting in a racemic mixture.</p><p><strong>(b) Reaction:</strong> When a mixture of chlorobenzene (an aryl halide) and methyl chloride (an alkyl halide) is treated with sodium in dry ether, the <strong>Wurtz-Fittig reaction</strong> occurs. This reaction forms an alkylarene. The product is <strong>Toluene (methylbenzene)</strong>.<br>C<sub>6</sub>H<sub>5</sub>Cl + CH<sub>3</sub>Cl + 2Na --(dry ether)--> C<sub>6</sub>H<sub>5</sub>CH<sub>3</sub> + 2NaCl</p>"
                    },
                    "question_type": "Short Answer (3 marks)",
                    "difficulty_level": "medium",
                    "explanation_html": null
                  }
                ]
              },
              {
                "chapter_name": "Alcohols, Phenols and Ethers",
                "questions": [
                  {
                    "question_no": 26,
                    "question_html": "<p>(a) Write the equations of the reactions involved in the following :</p><p>(i) Reimer-Tiemann reaction</p><p>(ii) Kolbe's reaction</p><p>(b) Name the reagent used in the bromination of phenol to form 2,4,6-Tribromophenol.</p>",
                    "options": [],
                    "correct_answer": {
                      "text": "<p><strong>(a) (i) Reimer-Tiemann reaction:</strong> Phenol is treated with chloroform (CHCl<sub>3</sub>) in the presence of aqueous sodium hydroxide. This introduces a -CHO group, mainly at the ortho position, to form salicylaldehyde (2-hydroxybenzaldehyde).</p><p><strong>(a) (ii) Kolbe's reaction:</strong> Phenol is first treated with NaOH to form sodium phenoxide. The phenoxide ion is then treated with carbon dioxide (CO<sub>2</sub>) under pressure, followed by acidification. This results in the formation of salicylic acid (2-hydroxybenzoic acid).</p><p><strong>(b) Reagent:</strong> To form 2,4,6-Tribromophenol, phenol is treated with an excess of <strong>aqueous bromine (Br<sub>2</sub> water)</strong>. The reaction is fast and results in the substitution at all available ortho and para positions.</p>"
                    },
                    "question_type": "Short Answer (3 marks)",
                    "difficulty_level": "medium",
                    "explanation_html": null
                  }
                ]
              },
              {
                "chapter_name": "Aldehydes, Ketones and Carboxylic Acids",
                "questions": [
                  {
                    "question_no": 27,
                    "question_html": "<p>How will you bring about the following conversions ? (any three)</p><p>(a) Benzoic acid to Benzaldehyde</p><p>(b) Ethanal to Propanone</p><p>(c) Acetophenone to Benzoic acid</p><p>(d) Bromobenzene to 1-Phenylethanol</p>",
                    "options": [],
                    "correct_answer": {
                      "text": "<p><strong>(a) Benzoic acid to Benzaldehyde:</strong><br>1. React benzoic acid with SOCl<sub>2</sub> to form benzoyl chloride (C<sub>6</sub>H<sub>5</sub>COCl).<br>2. Reduce benzoyl chloride to benzaldehyde using catalytic hydrogenation with a poisoned catalyst (H<sub>2</sub>/Pd-BaSO<sub>4</sub>). This is the Rosenmund reduction.</p><p><strong>(b) Ethanal to Propanone:</strong><br>1. React ethanal (CH<sub>3</sub>CHO) with methyl magnesium bromide (CH<sub>3</sub>MgBr), a Grignard reagent, followed by acid hydrolysis to form propan-2-ol.<br>2. Oxidize propan-2-ol to propanone using an oxidizing agent like PCC or chromic acid.</p><p><strong>(c) Acetophenone to Benzoic acid:</strong><br>Use the haloform reaction. Treat acetophenone (a methyl ketone) with an excess of I<sub>2</sub> and NaOH (or any halogen and base). This will produce iodoform and sodium benzoate. Acidification of sodium benzoate gives benzoic acid.</p><p><strong>(d) Bromobenzene to 1-Phenylethanol:</strong><br>1. React bromobenzene with magnesium in dry ether to form phenyl magnesium bromide (C<sub>6</sub>H<sub>5</sub>MgBr).<br>2. React the Grignard reagent with ethanal (CH<sub>3</sub>CHO), followed by acid hydrolysis, to produce 1-phenylethanol.</p>"
                    },
                    "question_type": "Short Answer (3 marks)",
                    "difficulty_level": "hard",
                    "explanation_html": null
                  }
                ]
              },
              {
                "chapter_name": "Amines",
                "questions": [
                  {
                    "question_no": 28,
                    "question_html": "<p>Give the structures of A, B and C in the following reactions :</p><p>(a) CH<sub>3</sub>CH<sub>2</sub>Cl &rarr;[KCN] A &rarr;[LiAlH<sub>4</sub>] B &rarr;[HNO<sub>2</sub>, 0&deg;C] C</p><p>(b) Nitrobenzene &rarr;[Fe/HCl] A &rarr;[NaNO<sub>2</sub> + HCl, 273 K] B &rarr;[C<sub>6</sub>H<sub>5</sub>OH] C</p>",
                    "options": [],
                    "correct_answer": {
                      "text": "<p><strong>(a)</strong></p>\n<ul>\n  <li><strong>A: Propanenitrile (CH<sub>3</sub>CH<sub>2</sub>CN)</strong></li>\n  <li><strong>B: Propan-1-amine (CH<sub>3</sub>CH<sub>2</sub>CH<sub>2</sub>NH<sub>2</sub>)</strong></li>\n  <li><strong>C: Propan-1-ol (CH<sub>3</sub>CH<sub>2</sub>CH<sub>2</sub>OH)</strong> (Aliphatic primary amines react with nitrous acid to form alcohols)</li>\n</ul>\n<p><strong>(b)</strong></p>\n<ul>\n  <li><strong>A: Aniline (C<sub>6</sub>H<sub>5</sub>NH<sub>2</sub>)</strong></li>\n  <li><strong>B: Benzenediazonium chloride (C<sub>6</sub>H<sub>5</sub>N<sub>2</sub><sup>+</sup>Cl<sup>-</sup>)</strong></li>\n  <li><strong>C: p-Hydroxyazobenzene</strong> (An orange dye formed by coupling of the diazonium salt with phenol at the para position)</li>\n</ul>"
                    },
                    "question_type": "Short Answer (3 marks)",
                    "difficulty_level": "hard",
                    "explanation_html": null
                  }
                ]
              },
              {
                "chapter_name": "The d- and f-Block Elements",
                "questions": [
                  {
                    "question_no": 29,
                    "question_html": "<p>The involvement of (n &ndash; 1)d electrons in the behaviour of transition elements impart certain distinct characteristics to these elements. Thus, in addition to variable oxidation states, they exhibit paramagnetic behaviour, catalytic properties and tendency for the formation of coloured ions. The transition metals react with a number of non-metals like oxygen, nitrogen and halogens. KMnO<sub>4</sub> and K<sub>2</sub>Cr<sub>2</sub>O<sub>7</sub> are common examples. The two series of inner transition elements, lanthanoids and actinoids, constitute the f-block of the periodic table. In the lanthanoids, there is regular decrease in atomic size with increase in atomic number due to the imperfect shielding effect of 4f-orbital electrons which causes contraction.</p><p>Answer the following questions :</p><p>(a) Why do transition metals and their compounds act as good catalysts ?</p><p>(b) What is the cause of contraction in the atomic size of lanthanoids ?</p><p>(c) Define lanthanoid contraction. How does it affect the atomic radii of the third transition series and the second transition series ?</p><p><strong>OR</strong></p><p>(c) In aqueous media, which is a stronger reducing agent &ndash; Cr<sup>2+</sup> or Fe<sup>2+</sup> and why ?</p>",
                    "options": [],
                    "correct_answer": {
                      "text": "<p><strong>(a) Catalytic Properties:</strong> Transition metals are good catalysts due to their ability to exhibit multiple oxidation states and their capacity to form complexes. This allows them to provide a large surface area and form unstable intermediate compounds, offering an alternative reaction path with lower activation energy.</p><p><strong>(b) Cause of Lanthanoid Contraction:</strong> The contraction is caused by the poor (or imperfect) shielding effect of the 4f electrons. As electrons are added to the 4f subshell across the series, the increasing nuclear charge is not effectively screened, causing the outer electron shells to be pulled closer to the nucleus.</p><p><strong>(c) Lanthanoid Contraction and its Effect:</strong> Lanthanoid contraction is the steady decrease in the atomic and ionic radii of the lanthanoid elements with increasing atomic number. Due to this contraction, the atomic radii of the elements of the third transition series (5d) are very similar to those of the corresponding elements of the second transition series (4d).</p><p><strong>OR</strong></p><p><strong>(c) Stronger Reducing Agent: Cr<sup>2+</sup> is the stronger reducing agent.</strong><br><strong>Reason:</strong> Cr<sup>2+</sup> has a d<sup>4</sup> configuration. It is readily oxidized to Cr<sup>3+</sup>, which has a more stable, half-filled t<sub>2g</sub><sup>3</sup> configuration in an aqueous medium. In contrast, Fe<sup>2+</sup> (d<sup>6</sup>) is oxidized to Fe<sup>3+</sup> (d<sup>5</sup>), which is also stable, but the E&deg; value for Cr<sup>3+</sup>/Cr<sup>2+</sup> (-0.41 V) is more negative than that for Fe<sup>3+</sup>/Fe<sup>2+</sup> (+0.77 V), indicating that Cr<sup>2+</sup> is more easily oxidized.</p>"
                    },
                    "question_type": "Case-based Subjective",
                    "difficulty_level": "medium",
                    "explanation_html": null
                  }
                ]
              },
              {
                "chapter_name": "Biomolecules",
                "questions": [
                  {
                    "question_no": 30,
                    "question_html": "<p>Proteins are the most abundant biomolecules of the living system. Proteins are the polymers of about twenty different &alpha;-amino acids which are linked by peptide bonds. Ten amino acids are called essential amino acids. In zwitter ionic form, amino acids show amphoteric behaviour as they react both with acids and bases. On the basis of their molecular shape, proteins are classified into two types : Fibrous and Globular proteins. Structure and shape of proteins can be studied at four different levels i.e., primary, secondary, tertiary and quaternary, each level being more complex than the previous one. The secondary or tertiary structure of proteins get disturbed on change of pH or temperature and they are not able to perform their functions. This is called denaturation of proteins.</p><p>Answer the following questions :</p><p>(a) What are essential amino acids ?</p><p>(b) What is meant by zwitter ionic form of amino acids ?</p><p>(c) (i) Give one example each for Fibrous protein and Globular protein.</p><p>(ii) What type of linkages hold monomers of proteins together ?</p><p><strong>OR</strong></p><p>(c) (i) What is the structural feature which characterises a reducing sugar ?</p><p>(ii) What is the structural difference between nucleoside and nucleotide ?</p>",
                    "options": [],
                    "correct_answer": {
                      "text": "<p><strong>(a) Essential amino acids:</strong> These are the amino acids that cannot be synthesized by the human body and must be obtained through the diet.</p><p><strong>(b) Zwitter ionic form:</strong> This is a form of an amino acid where the amino group is protonated (-NH<sub>3</sub><sup>+</sup>) and the carboxyl group is deprotonated (-COO<sup>-</sup>), resulting in a neutral molecule with both a positive and a negative charge. It is a dipolar ion.</p><p><strong>(c) (i) Examples:</strong><br><strong>Fibrous protein:</strong> Keratin or Myosin.<br><strong>Globular protein:</strong> Insulin or Albumin.</p><p><strong>(c) (ii) Linkage:</strong> The monomers (&alpha;-amino acids) of proteins are held together by <strong>peptide bonds</strong> (or peptide linkages).</p><p><strong>OR</strong></p><p><strong>(c) (i) Reducing Sugar Feature:</strong> A reducing sugar is characterized by the presence of a free aldehyde or ketone group, or a hemiacetal group in its cyclic structure. This allows it to act as a reducing agent.</p><p><strong>(c) (ii) Nucleoside vs. Nucleotide:</strong> A nucleoside consists of a nitrogenous base linked to a pentose sugar. A nucleotide consists of a nucleoside (base + sugar) linked to one or more phosphate groups, typically at the 5' position of the sugar.</p>"
                    },
                    "question_type": "Case-based Subjective",
                    "difficulty_level": "medium",
                    "explanation_html": null
                  }
                ]
              },
              {
                "chapter_name": "Electrochemistry",
                "questions": [
                  {
                    "question_no": 31,
                    "question_html": "<p>(a) (i) Calculate emf of the following cell at 25&deg;C :</p><p>Zn(s) | Zn<sup>2+</sup> (0.001M) || Cd<sup>2+</sup> (0.1 M) | Cd(s)</p><p>Given: E&deg;<sub>Zn<sup>2+</sup>/Zn</sub> = &ndash;0.76 V, E&deg;<sub>Cd<sup>2+</sup>/Cd</sub> = &ndash;0.40 V [log 10 = 1]</p><p>(ii) State Faraday's second law of electrolysis. How will the pH of aqueous NaCl solution be affected when it is electrolysed ?</p><p><strong>OR</strong></p><p>(b) (i) Calculate the &Delta;<sub>r</sub>G&deg; and log K<sub>c</sub> for the following cell reaction :</p><p>Fe(s) + Ag<sup>+</sup>(aq) &harr; Fe<sup>2+</sup>(aq) + Ag(s)</p><p>Given : E&deg;<sub>Fe<sup>2+</sup>/Fe</sub> = &ndash;0.44 V, E&deg;<sub>Ag<sup>+</sup>/Ag</sub> = +0.80 V, 1 F = 96500 C mol<sup>&ndash;1</sup></p><p>(ii) Write any two advantages of the fuel cells over primary and secondary batteries ?</p><p>(iii) How many Faradays are required for the oxidation of 1 mole of H<sub>2</sub>O to O<sub>2</sub> ?</p>",
                    "options": [],
                    "correct_answer": {
                      "text": "<p><strong>(a) (i) EMF Calculation:</strong><br>Overall reaction: Zn(s) + Cd<sup>2+</sup>(aq) &rarr; Zn<sup>2+</sup>(aq) + Cd(s)<br>E&deg;<sub>cell</sub> = E&deg;<sub>cathode</sub> - E&deg;<sub>anode</sub> = -0.40 V - (-0.76 V) = 0.36 V.<br>Using Nernst equation: E<sub>cell</sub> = E&deg;<sub>cell</sub> - (0.059/n) log([Zn<sup>2+</sup>]/[Cd<sup>2+</sup>])<br>E<sub>cell</sub> = 0.36 - (0.059/2) log(0.001 / 0.1) = 0.36 - 0.0295 log(10<sup>-2</sup>)<br>E<sub>cell</sub> = 0.36 - 0.0295(-2) = 0.36 + 0.059 = <strong>0.419 V</strong>.</p><p><strong>(a) (ii) Faraday's Second Law:</strong> When the same quantity of electricity is passed through different electrolytes, the masses of the substances deposited or liberated at the electrodes are directly proportional to their chemical equivalent weights.<br><strong>Effect on pH:</strong> During the electrolysis of aqueous NaCl, H<sub>2</sub> is evolved at the cathode and OH<sup>-</sup> ions are formed in the solution (2H<sub>2</sub>O + 2e<sup>-</sup> &rarr; H<sub>2</sub> + 2OH<sup>-</sup>). The accumulation of OH<sup>-</sup> ions will <strong>increase the pH</strong> of the solution, making it alkaline.</p><p><strong>OR</strong></p><p><strong>(b) (i) &Delta;<sub>r</sub>G&deg; and log K<sub>c</sub> Calculation:</strong><br>Overall reaction: Fe(s) + 2Ag<sup>+</sup>(aq) &harr; Fe<sup>2+</sup>(aq) + 2Ag(s). Here n=2.<br>E&deg;<sub>cell</sub> = E&deg;<sub>cathode</sub> - E&deg;<sub>anode</sub> = 0.80 V - (-0.44 V) = 1.24 V.<br>&Delta;<sub>r</sub>G&deg; = -nFE&deg;<sub>cell</sub> = -2 * 96500 * 1.24 = -239320 J/mol = <strong>-239.32 kJ/mol</strong>.<br>log K<sub>c</sub> = (nE&deg;<sub>cell</sub>) / 0.059 = (2 * 1.24) / 0.059 &asymp; <strong>42.0</strong>.</p><p><strong>(b) (ii) Advantages of Fuel Cells:</strong> 1. High efficiency. 2. Continuous source of energy as long as fuel is supplied. 3. Pollution-free.</p><p><strong>(b) (iii) Faradays Required:</strong> The oxidation half-reaction is 2H<sub>2</sub>O &rarr; O<sub>2</sub> + 4H<sup>+</sup> + 4e<sup>-</sup>. To oxidize 2 moles of water, 4 moles of electrons are required. Therefore, to oxidize 1 mole of water, 2 moles of electrons are required, which is equivalent to <strong>2 Faradays</strong> of charge.</p>"
                    },
                    "question_type": "Long Answer (5 marks)",
                    "difficulty_level": "hard",
                    "explanation_html": null
                  }
                ]
              },
              {
                "chapter_name": "Aldehydes, Ketones and Carboxylic Acids",
                "questions": [
                  {
                    "question_no": 32,
                    "question_html": "<p>(a) (i) Write the major product(s) in the following reactions :</p><p>(1) Ethylbenzene + a) KMnO<sub>4</sub>, KOH b) H<sup>+</sup></p><p>(2) Propanal + 2-Methylpropanal + dil. NaOH</p><p>(3) Benzoic acid + Br<sub>2</sub>/FeBr<sub>3</sub></p><p>(ii) Give simple chemical tests to distinguish between the following pairs of compounds :</p><p>(1) Acetophenone and Benzophenone</p><p>(2) Pentanal and Pentan-3-one</p><p><strong>OR</strong></p><p>(b) (i) Give reasons for the following :</p><p>(1) In semicarbazide, only one &ndash; NH<sub>2</sub> group is involved in the formation of semicarbazone.</p><p>(2) Acetaldehyde is more reactive than acetone towards addition of HCN.</p><p>(ii) (1) Arrange the following in decreasing order of their acidic strength : CH<sub>3</sub>COOH, O<sub>2</sub>N&ndash;CH<sub>2</sub>&ndash;COOH, HCOOH</p><p>(2) Name the reagent in the following reaction : CH<sub>3</sub>&ndash;CH=CH&ndash;CH<sub>2</sub>&ndash;CN &rarr; CH<sub>3</sub>&ndash;CH=CH&ndash;CH<sub>2</sub>&ndash;CHO</p><p>(iii) Write the reaction involved in Hell-Volhard-Zelinsky reaction.</p>",
                    "options": [],
                    "correct_answer": {
                      "text": "<p><strong>(a) (i) Major Products:</strong></p><p><strong>(1) Benzoic Acid:</strong> Vigorous oxidation of the ethyl group to a carboxyl group.</p><p><strong>(2) Cross Aldol Products:</strong> This will be a complex mixture. A major product from crossed-aldol condensation would be 3-hydroxy-2,2-dimethylpentanal (from nucleophilic attack of propanal enolate on 2-methylpropanal).</p><p><strong>(3) m-Bromobenzoic Acid:</strong> The -COOH group is a meta-directing and deactivating group for electrophilic aromatic substitution.</p><p><strong>(a) (ii) Chemical Tests:</strong></p><p><strong>(1) Acetophenone and Benzophenone:</strong> Use the Iodoform test. Acetophenone (a methyl ketone) will give a yellow precipitate of iodoform with I<sub>2</sub>/NaOH, while benzophenone will not.</p><p><strong>(2) Pentanal and Pentan-3-one:</strong> Use Tollen's test. Pentanal (an aldehyde) will give a silver mirror with Tollen's reagent [Ag(NH<sub>3</sub>)<sub>2</sub>]<sup>+</sup>, while Pentan-3-one (a ketone) will not.</p><p><strong>OR</strong></p><p><strong>(b) (i) Reasons:</strong></p><p><strong>(1) Semicarbazide:</strong> Only the NH<sub>2</sub> group not directly attached to the carbonyl group is nucleophilic. The other two NH<sub>2</sub> groups have their lone pairs delocalized by resonance with the adjacent C=O group, making them non-nucleophilic.</p><p><strong>(2) Reactivity:</strong> Acetaldehyde is more reactive than acetone due to less steric hindrance from the smaller H atom (vs a methyl group in acetone) and the +I effect of two methyl groups in acetone which reduces the electrophilicity of the carbonyl carbon more than the single methyl group in acetaldehyde.</p><p><strong>(b) (ii) (1) Acidic Strength:</strong> O<sub>2</sub>N&ndash;CH<sub>2</sub>&ndash;COOH > HCOOH > CH<sub>3</sub>COOH</p><p><strong>(2) Reagent:</strong> DIBAL-H (Diisobutylaluminium hydride) followed by hydrolysis (H<sub>2</sub>O).</p><p><strong>(b) (iii) Hell-Volhard-Zelinsky (HVZ) Reaction:</strong> A carboxylic acid with an &alpha;-hydrogen is halogenated at the &alpha;-position on treatment with a halogen (Cl<sub>2</sub> or Br<sub>2</sub>) in the presence of a catalytic amount of red phosphorus. <br>R-CH<sub>2</sub>-COOH + X<sub>2</sub>/Red P &rarr; R-CH(X)-COOH + HX</p>"
                    },
                    "question_type": "Long Answer (5 marks)",
                    "difficulty_level": "hard",
                    "explanation_html": null
                  }
                ]
              },
              {
                "chapter_name": "Coordination Compounds",
                "questions": [
                  {
                    "question_no": 33,
                    "question_html": "<p>Attempt any five of the following :</p><p>(a) Write the IUPAC name of the complex : [Co(H<sub>2</sub>O)(CN)(en)<sub>2</sub>]<sup>2+</sup></p><p>(b) Why is geometrical isomerism not possible in tetrahedral complexes having two different types of unidentate ligands coordinated with the central metal ion ?</p><p>(c) Arrange the following complex ions in increasing order of their crystal field splitting energy (&Delta;<sub>o</sub>) : [Co(NH<sub>3</sub>)<sub>6</sub>]<sup>3+</sup>, [CoF<sub>6</sub>]<sup>3&ndash;</sup>, [Co(CN)<sub>6</sub>]<sup>3&ndash;</sup></p><p>(d) Write the hybridization and magnetic character of the complex [Ni(CO)<sub>4</sub>] on the basis of valence bond theory. [Atomic No. : Ni = 28]</p><p>(e) Out of [CoF<sub>6</sub>]<sup>3&ndash;</sup> and [Co(C<sub>2</sub>O<sub>4</sub>)<sub>3</sub>]<sup>3&ndash;</sup>, which one complex is : (i) more stable ? (ii) the high spin complex ?</p><p>(f) What is the difference between an ambidentate ligand and bidentate ligand ?</p><p>(g) Write the electronic configuration of d<sup>5</sup> in terms of t<sub>2g</sub> and e<sub>g</sub> in an octahedral field when : (i) &Delta;<sub>o</sub> > P, and (ii) &Delta;<sub>o</sub> < P</p>",
                    "options": [],
                    "correct_answer": {
                      "text": "<p><strong>(a) IUPAC Name:</strong> Aquacyanidobis(ethane-1,2-diamine)cobalt(III) ion</p><p><strong>(b) Geometrical Isomerism in Tetrahedral Complexes:</strong> Geometrical isomerism is not possible because all four ligand positions are adjacent to each other and are chemically equivalent. The relative positions of the ligands are the same with respect to each other.</p><p><strong>(c) Increasing Order of &Delta;<sub>o</sub>:</strong> [CoF<sub>6</sub>]<sup>3&ndash;</sup> < [Co(NH<sub>3</sub>)<sub>6</sub>]<sup>3+</sup> < [Co(CN)<sub>6</sub>]<sup>3&ndash;</sup> (Based on the spectrochemical series for the ligands F<sup>-</sup> < NH<sub>3</sub> < CN<sup>-</sup>).</p><p><strong>(d) [Ni(CO)<sub>4</sub>]:</strong> Ni is in the 0 oxidation state ([Ar] 3d<sup>8</sup>4s<sup>2</sup>). CO is a strong field ligand, causing the 4s electrons to move to the 3d orbitals, resulting in a 3d<sup>10</sup> configuration. The empty 4s and 4p orbitals are used for bonding.<br><strong>Hybridization:</strong> sp<sup>3</sup><br><strong>Magnetic Character:</strong> Diamagnetic (no unpaired electrons).</p><p><strong>(e) Comparison of Complexes:</strong><br><strong>(i) More stable:</strong> [Co(C<sub>2</sub>O<sub>4</sub>)<sub>3</sub>]<sup>3&ndash;</sup> is more stable due to the chelate effect, as oxalate (C<sub>2</sub>O<sub>4</sub><sup>2-</sup>) is a bidentate ligand.</p><p><strong>(ii) High spin complex:</strong> [CoF<sub>6</sub>]<sup>3&ndash;</sup> is the high spin complex because F<sup>-</sup> is a weak field ligand.</p><p><strong>(f) Ambidentate vs. Bidentate:</strong> An ambidentate ligand is a unidentate ligand that can coordinate to the central metal atom through two different donor atoms (e.g., SCN<sup>-</sup>). A bidentate ligand has two donor atoms and can bind to the metal ion at two positions simultaneously to form a ring (e.g., ethylenediamine).</p><p><strong>(g) d<sup>5</sup> Configuration:</strong><br><strong>(i) &Delta;<sub>o</sub> > P (Low spin):</strong> t<sub>2g</sub><sup>5</sup> e<sub>g</sub><sup>0</sup><br><strong>(ii) &Delta;<sub>o</sub> < P (High spin):</strong> t<sub>2g</sub><sup>3</sup> e<sub>g</sub><sup>2</sup></p>"
                    },
                    "question_type": "Long Answer (5 marks)",
                    "difficulty_level": "hard",
                    "explanation_html": null
                  }
                ]
              }
            ]
          }
        ]
      }
    ]
  }
]