[
  {
    "exam_name_actual": "CBSE Board - Class 10",
    "main_exam_id_name_ref": "CBSE Board - Class 10",
    "years": [
      {
        "year": "2023",
        "papers_or_subjects": [
          {
            "paper_name": "CBSE Class 10 Science Paper 2023 (QP Code: 31/6/1)",
            "subject_name": "Science",
            "chapters": [
              {
                "chapter_name": "Metals and Non-metals",
                "questions": [
                  {
                    "question_no": 1,
                    "question_html": "<p>Metal oxides generally react with acids, but few oxides of metal also react with bases. Such metallic oxides are :<br>I. MgO<br>II. ZnO<br>III. Al₂O₃<br>IV. CaO</p>",
                    "options": [
                      {
                        "id": "a",
                        "text": "I and II"
                      },
                      {
                        "id": "b",
                        "text": "II and III"
                      },
                      {
                        "id": "c",
                        "text": "III and IV"
                      },
                      {
                        "id": "d",
                        "text": "I and IV"
                      }
                    ],
                    "correct_answer": {
                      "ids": [
                        "b"
                      ]
                    },
                    "question_type": "mcq_single",
                    "difficulty_level": "medium",
                    "explanation_html": "<p>Metal oxides that react with both acids and bases to produce salt and water are known as amphoteric oxides. Zinc oxide (ZnO) and Aluminium oxide (Al₂O₃) are classic examples of amphoteric oxides. In contrast, Magnesium oxide (MgO) and Calcium oxide (CaO) are basic oxides, as they react with acids but not with bases.</p>"
                  }
                ]
              },
              {
                "chapter_name": "Acids, Bases and Salts",
                "questions": [
                  {
                    "question_no": 2,
                    "question_html": "<p>Few drops of aqueous solution of ammonium chloride are put on a universal indicator paper. The paper turns pink. Study the following table and choose the correct option.</p>",
                    "options": [
                      {
                        "id": "a",
                        "text": "Nature: acidic, Salt of: weak acid and strong base, Range of pH: less than 7"
                      },
                      {
                        "id": "b",
                        "text": "Nature: basic, Salt of: weak acid and strong base, Range of pH: more than 7"
                      },
                      {
                        "id": "c",
                        "text": "Nature: acidic, Salt of: strong acid and weak base, Range of pH: less than 7"
                      },
                      {
                        "id": "d",
                        "text": "Nature: basic, Salt of: strong acid and strong base, Range of pH: 7"
                      }
                    ],
                    "correct_answer": {
                      "ids": [
                        "c"
                      ]
                    },
                    "question_type": "mcq_single",
                    "difficulty_level": "medium",
                    "explanation_html": "<p>Ammonium chloride (NH₄Cl) is a salt formed from the reaction of a strong acid (Hydrochloric acid, HCl) and a weak base (Ammonium hydroxide, NH₄OH). The aqueous solution of such a salt is acidic due to hydrolysis. An acidic solution has a pH value less than 7. Universal indicator paper turns pink or red in acidic solutions. Therefore, the correct description is that the solution is acidic, the salt is of a strong acid and weak base, and the pH range is less than 7.</p>"
                  }
                ]
              },
              {
                "chapter_name": "Chemical Reactions and Equations",
                "questions": [
                  {
                    "question_no": 3,
                    "question_html": "<p>Select the appropriate state symbols of the products given as X and Y in the following chemical equation by choosing the correct option from table given below :<br>Zn(s) + H₂SO₄(l) → ZnSO₄(X) + H₂(Y)</p>",
                    "options": [
                      {
                        "id": "a",
                        "text": "X: (s), Y: (l)"
                      },
                      {
                        "id": "b",
                        "text": "X: (aq), Y: (g)"
                      },
                      {
                        "id": "c",
                        "text": "X: (aq), Y: (s)"
                      },
                      {
                        "id": "d",
                        "text": "X: (g), Y: (aq)"
                      }
                    ],
                    "correct_answer": {
                      "ids": [
                        "b"
                      ]
                    },
                    "question_type": "mcq_single",
                    "difficulty_level": "easy",
                    "explanation_html": "<p>In the reaction of zinc metal with dilute sulfuric acid, zinc displaces hydrogen. The zinc sulfate (ZnSO₄) formed is soluble in water, so its state symbol is aqueous (aq). The hydrogen (H₂) produced is a gas, so its state symbol is gaseous (g). Thus, X is (aq) and Y is (g).</p>"
                  }
                ]
              },
              {
                "chapter_name": "Acids, Bases and Salts",
                "questions": [
                  {
                    "question_no": 4,
                    "question_html": "<p>Two salts 'X' and 'Y' are dissolved in water separately. When phenolphthalein is added to these two solutions, the solution 'X' turns pink and the solution 'Y' does not show any change in colour, therefore 'X' and 'Y' are</p>",
                    "options": [
                      {
                        "id": "a",
                        "text": "X: Na₂CO₃, Y: NH₄Cl"
                      },
                      {
                        "id": "b",
                        "text": "X: Na₂SO₄, Y: NaHCO₃"
                      },
                      {
                        "id": "c",
                        "text": "X: NH₄Cl, Y: Na₂SO₄"
                      },
                      {
                        "id": "d",
                        "text": "X: NaNO₃, Y: Na₂SO₄"
                      }
                    ],
                    "correct_answer": {
                      "ids": [
                        "a"
                      ]
                    },
                    "question_type": "mcq_single",
                    "difficulty_level": "medium",
                    "explanation_html": "<p>Phenolphthalein is an indicator that turns pink in a basic solution (pH > 8.2) and remains colorless in acidic or neutral solutions. Solution 'X' turns pink, indicating it is basic. Sodium carbonate (Na₂CO₃) is a salt of a strong base (NaOH) and a weak acid (H₂CO₃), so its aqueous solution is basic. Solution 'Y' shows no change, indicating it is acidic or neutral. Ammonium chloride (NH₄Cl) is a salt of a strong acid (HCl) and a weak base (NH₄OH), so its solution is acidic and will not change the color of phenolphthalein.</p>"
                  }
                ]
              },
              {
                "chapter_name": "Life Processes",
                "questions": [
                  {
                    "question_no": 5,
                    "question_html": "<p>In the given diagram of a closed stomata : (1), (2), (3) and (4) respectively are</p>",
                    "images": [
                      {
                        "url": "https://img.testbuddyai.com/Science-31-6-23-Q5.png"
                      }
                    ],
                    "options": [
                      {
                        "id": "a",
                        "text": "nucleus, chloroplast, guard cell, vacuole"
                      },
                      {
                        "id": "b",
                        "text": "nucleus, chloroplast, vacuole, guard cell"
                      },
                      {
                        "id": "c",
                        "text": "chloroplast, nucleus, vacuole, guard cell"
                      },
                      {
                        "id": "d",
                        "text": "vacuole, guard cell, nucleus, chloroplast"
                      }
                    ],
                    "correct_answer": {
                      "ids": [
                        "b"
                      ]
                    },
                    "question_type": "mcq_single",
                    "difficulty_level": "easy",
                    "explanation_html": "<p>The diagram shows the structure of a stoma with its guard cells. The labeled parts are correctly identified as: (1) Nucleus, which controls the cell's activities; (2) Chloroplast, the site of photosynthesis; (3) Vacuole, which plays a key role in regulating turgor pressure; and (4) the entire Guard cell, which works in a pair to control the opening and closing of the stoma.</p>"
                  }
                ]
              },
              {
                "chapter_name": "Control and Coordination",
                "questions": [
                  {
                    "question_no": 6,
                    "question_html": "<p>Walking in a straight line and riding a bicycle are the activities which are possible due to a part of the brain. Choose the correct location and name of this part from the given table :</p>",
                    "options": [
                      {
                        "id": "a",
                        "text": "Part of the Brain: Fore brain, Name: Cerebrum"
                      },
                      {
                        "id": "b",
                        "text": "Part of the Brain: Mid brain, Name: Hypothalamus"
                      },
                      {
                        "id": "c",
                        "text": "Part of the Brain: Hind brain, Name: Cerebellum"
                      },
                      {
                        "id": "d",
                        "text": "Part of the Brain: Hind brain, Name: Medulla"
                      }
                    ],
                    "correct_answer": {
                      "ids": [
                        "c"
                      ]
                    },
                    "question_type": "mcq_single",
                    "difficulty_level": "easy",
                    "explanation_html": "<p>The cerebellum, which is a part of the hindbrain, is responsible for coordinating voluntary movements, posture, balance, coordination, and speech, resulting in smooth and balanced muscular activity. Activities like walking in a straight line and riding a bicycle require precise motor control and balance, which are key functions of the cerebellum.</p>"
                  }
                ]
              },
              {
                "chapter_name": "Light - Reflection and Refraction",
                "questions": [
                  {
                    "question_no": 7,
                    "question_html": "<p>A student wants to obtain an erect image of an object using a concave mirror of 10 cm focal length. What will be the distance of the object from mirror?</p>",
                    "options": [
                      {
                        "id": "a",
                        "text": "Less than 10 cm"
                      },
                      {
                        "id": "b",
                        "text": "10 cm"
                      },
                      {
                        "id": "c",
                        "text": "between 10 cm and 20 cm"
                      },
                      {
                        "id": "d",
                        "text": "more than 20 cm"
                      }
                    ],
                    "correct_answer": {
                      "ids": [
                        "a"
                      ]
                    },
                    "question_type": "mcq_single",
                    "difficulty_level": "easy",
                    "explanation_html": "<p>A concave mirror forms an erect, virtual, and magnified image only when the object is placed between the pole (P) and the principal focus (F). The distance between the pole and the principal focus is the focal length. Since the focal length is given as 10 cm, the object distance must be less than 10 cm.</p>"
                  }
                ]
              },
              {
                "chapter_name": "Metals and Non-metals",
                "questions": [
                  {
                    "question_no": 8,
                    "question_html": "<p>Bronze is an alloy of</p>",
                    "options": [
                      {
                        "id": "a",
                        "text": "Copper and Zinc"
                      },
                      {
                        "id": "b",
                        "text": "Aluminium and Tin"
                      },
                      {
                        "id": "c",
                        "text": "Copper, Tin and Zinc"
                      },
                      {
                        "id": "d",
                        "text": "Copper and Tin"
                      }
                    ],
                    "correct_answer": {
                      "ids": [
                        "d"
                      ]
                    },
                    "question_type": "mcq_single",
                    "difficulty_level": "easy",
                    "explanation_html": "<p>Bronze is an alloy that consists primarily of copper, with tin being the most common additive. An alloy of copper and zinc is called brass.</p>"
                  }
                ]
              },
              {
                "chapter_name": "Heredity",
                "questions": [
                  {
                    "question_no": 9,
                    "question_html": "<p>In an experiment with pea plants, a pure tall plant (TT) is crossed with a pure short plant (tt). The ratio of pure tall plant to pure short plants in F₂ generation will be</p>",
                    "options": [
                      {
                        "id": "a",
                        "text": "1:3"
                      },
                      {
                        "id": "b",
                        "text": "3:1"
                      },
                      {
                        "id": "c",
                        "text": "1:1"
                      },
                      {
                        "id": "d",
                        "text": "2:1"
                      }
                    ],
                    "correct_answer": {
                      "ids": [
                        "c"
                      ]
                    },
                    "question_type": "mcq_single",
                    "difficulty_level": "medium",
                    "explanation_html": "<p>Parental cross: Pure tall (TT) × Pure short (tt).<br>F₁ generation: All offspring are heterozygous tall (Tt).<br>F₁ self-cross: Tt × Tt.<br>F₂ generation genotypes: The Punnett square yields genotypes in the ratio 1 TT : 2 Tt : 1 tt.<br>'Pure tall' refers to the homozygous dominant genotype (TT). 'Pure short' refers to the homozygous recessive genotype (tt).<br>The ratio of pure tall (TT) to pure short (tt) plants in the F₂ generation is 1:1.</p>"
                  }
                ]
              },
              {
                "chapter_name": "Our Environment",
                "questions": [
                  {
                    "question_no": 10,
                    "question_html": "<p>Study the given figure of a Food web and identify the primary consumer in the food web:</p>",
                    "images": [
                      {
                        "url": "https://img.testbuddyai.com/Science-31-6-23-Q10.png"
                      }
                    ],
                    "options": [
                      {
                        "id": "a",
                        "text": "Mice and Bear"
                      },
                      {
                        "id": "b",
                        "text": "Rabbit and Cat"
                      },
                      {
                        "id": "c",
                        "text": "Rabbit and Fox"
                      },
                      {
                        "id": "d",
                        "text": "Mice and Rabbit"
                      }
                    ],
                    "correct_answer": {
                      "ids": [
                        "d"
                      ]
                    },
                    "question_type": "mcq_single",
                    "difficulty_level": "easy",
                    "explanation_html": "<p>Primary consumers are herbivores, meaning they feed on producers (plants). In the given food web, the producers are seeds, plants, and grass. Looking at the arrows indicating the flow of energy, the mice eat seeds and the rabbits eat plants and grass. Therefore, mice and rabbits are the primary consumers.</p>"
                  }
                ]
              },
              {
                "chapter_name": "How do Organisms Reproduce?",
                "questions": [
                  {
                    "question_no": 11,
                    "question_html": "<p>Choose the correct order of the stages of binary fission in Leishmania.</p>",
                    "images": [
                      {
                        "url": "https://img.testbuddyai.com/Science-31-6-23-Q11.png"
                      }
                    ],
                    "options": [
                      {
                        "id": "a",
                        "text": "I, II, III, IV, V"
                      },
                      {
                        "id": "b",
                        "text": "I, III, II, V, IV"
                      },
                      {
                        "id": "c",
                        "text": "I, III, V, II, IV"
                      },
                      {
                        "id": "d",
                        "text": "I, II, III, V, IV"
                      }
                    ],
                    "correct_answer": {
                      "ids": [
                        "b"
                      ]
                    },
                    "question_type": "mcq_single",
                    "difficulty_level": "medium",
                    "explanation_html": "<p>The process of binary fission in Leishmania, which is a longitudinal fission, begins with the parent cell (I). The nucleus and kinetoplast then start to elongate and divide (III). This is followed by the gradual division of the cytoplasm from the anterior end (II, V). Finally, the cell splits completely into two daughter cells (IV). The sequence depicted in the options that aligns with the official key is I, III, II, V, IV, representing these stages of division.</p>"
                  }
                ]
              },
              {
                "chapter_name": "Chemical Reactions and Equations",
                "questions": [
                  {
                    "question_no": 12,
                    "question_html": "<p>Consider the following chemical equation I and II<br>I. Mg + 2HCl → MgCl₂ + H₂<br>II. NaOH + HCl → NaCl + H₂O<br>The correct statement about these equations is –</p>",
                    "options": [
                      {
                        "id": "a",
                        "text": "'I' is a displacement reaction and 'II' is a decomposition reaction."
                      },
                      {
                        "id": "b",
                        "text": "'I' is a displacement reaction and 'II' is double displacement reaction."
                      },
                      {
                        "id": "c",
                        "text": "Both 'I' and 'II' are displacement reactions."
                      },
                      {
                        "id": "d",
                        "text": "Both 'I' and 'II' are double-displacement reactions."
                      }
                    ],
                    "correct_answer": {
                      "ids": [
                        "b"
                      ]
                    },
                    "question_type": "mcq_single",
                    "difficulty_level": "easy",
                    "explanation_html": "<p>Reaction I shows magnesium (Mg), a more reactive element, displacing hydrogen (H) from hydrochloric acid (HCl). This is a single displacement reaction.<br>Reaction II is a neutralization reaction between a base (NaOH) and an acid (HCl). In this reaction, the cations (Na⁺ and H⁺) and anions (OH⁻ and Cl⁻) exchange partners to form salt (NaCl) and water (H₂O). This type of reaction is classified as a double displacement reaction.</p>"
                  }
                ]
              },
              {
                "chapter_name": "The Human Eye and the Colourful World",
                "questions": [
                  {
                    "question_no": 13,
                    "question_html": "<p>In the following diagram showing dispersion of white light by a glass prism, the colours 'P' and 'Q' respectively are –</p>",
                    "images": [
                      {
                        "url": "https://img.testbuddyai.com/Science-31-6-23-Q13.png"
                      }
                    ],
                    "options": [
                      {
                        "id": "a",
                        "text": "Red and Violet"
                      },
                      {
                        "id": "b",
                        "text": "Violet and Red"
                      },
                      {
                        "id": "c",
                        "text": "Red and Blue"
                      },
                      {
                        "id": "d",
                        "text": "Orange and Green"
                      }
                    ],
                    "correct_answer": {
                      "ids": [
                        "b"
                      ]
                    },
                    "question_type": "mcq_single",
                    "difficulty_level": "easy",
                    "explanation_html": "<p>When white light passes through a prism, it disperses into its constituent colors. The light splits into a spectrum of VIBGYOR (Violet, Indigo, Blue, Green, Yellow, Orange, Red). Violet light has the shortest wavelength and bends the most, while red light has the longest wavelength and bends the least. In the diagram, 'P' is the color that deviates the most, so it is Violet. 'Q' is the color that deviates the least, so it is Red.</p>"
                  }
                ]
              },
              {
                "chapter_name": "How do Organisms Reproduce?",
                "questions": [
                  {
                    "question_no": 14,
                    "question_html": "<p>Consider the following three flowers namely X, Y and Z. Which flower(s) would develop into a fruit?</p>",
                    "images": [
                      {
                        "url": "https://img.testbuddyai.com/Science-31-6-23-Q14.png"
                      }
                    ],
                    "options": [
                      {
                        "id": "a",
                        "text": "'X' only"
                      },
                      {
                        "id": "b",
                        "text": "'Z' only"
                      },
                      {
                        "id": "c",
                        "text": "'X' and 'Y' only"
                      },
                      {
                        "id": "d",
                        "text": "'Y' and 'Z'"
                      }
                    ],
                    "correct_answer": {
                      "ids": [
                        "c"
                      ]
                    },
                    "question_type": "mcq_single",
                    "difficulty_level": "medium",
                    "explanation_html": "<p>A fruit develops from the ovary of a flower after fertilization. Therefore, a flower must possess an ovary to develop into a fruit. In the given diagrams, Flower X and Flower Y both contain a pistil, which includes the ovary. Flower Z is shown with only stamens (male reproductive parts) and lacks an ovary. Thus, only flowers X and Y can develop into fruits.</p>"
                  }
                ]
              },
              {
                "chapter_name": "Magnetic Effects of Electric Current",
                "questions": [
                  {
                    "question_no": 15,
                    "question_html": "<p>The magnetic field inside a long straight current carrying solenoid :</p>",
                    "options": [
                      {
                        "id": "a",
                        "text": "is zero."
                      },
                      {
                        "id": "b",
                        "text": "decreases as we move towards its end."
                      },
                      {
                        "id": "c",
                        "text": "increases as we move towards its end."
                      },
                      {
                        "id": "d",
                        "text": "is same at all points."
                      }
                    ],
                    "correct_answer": {
                      "ids": [
                        "d"
                      ]
                    },
                    "question_type": "mcq_single",
                    "difficulty_level": "easy",
                    "explanation_html": "<p>Inside a long straight solenoid carrying a steady current, the magnetic field is uniform and parallel to the axis of the solenoid. This means the magnetic field has the same strength and direction at all points well within the solenoid. The field only becomes non-uniform and weaker near the ends.</p>"
                  }
                ]
              },
              {
                "chapter_name": "The Human Eye and the Colourful World",
                "questions": [
                  {
                    "question_no": 16,
                    "question_html": "<p>In human eye the part which allows light to enter into the eye is –</p>",
                    "options": [
                      {
                        "id": "a",
                        "text": "Retina"
                      },
                      {
                        "id": "b",
                        "text": "Pupil"
                      },
                      {
                        "id": "c",
                        "text": "Eye lens"
                      },
                      {
                        "id": "d",
                        "text": "Cornea"
                      }
                    ],
                    "correct_answer": {
                      "ids": [
                        "d"
                      ]
                    },
                    "question_type": "mcq_single",
                    "difficulty_level": "easy",
                    "explanation_html": "<p>Light first enters the eye through the cornea, the transparent, dome-shaped outer layer at the front of the eye. The cornea provides most of the eye's focusing power. The pupil is the aperture or opening in the center of the iris that light passes through after the cornea, but the cornea is the initial structural part that allows light into the eye's system.</p>"
                  }
                ]
              },
              {
                "chapter_name": "Acids, Bases and Salts",
                "questions": [
                  {
                    "question_no": 17,
                    "question_html": "<p><b>Assertion (A) :</b> It is advised that while diluting an acid one should add water to acid and not acid to water keeping the solution continuously stirred.<br><b>Reason (R) :</b> The process of dissolving an acid into water is highly exothermic.</p>",
                    "options": [
                      {
                        "id": "a",
                        "text": "Both Assertion (A) and Reason (R) are true and Reason (R) is the correct explanation of (A)."
                      },
                      {
                        "id": "b",
                        "text": "Both Assertion (A) and Reason (R) are true but Reason (R) is not the correct explanation of (A)."
                      },
                      {
                        "id": "c",
                        "text": "Assertion (A) is true, but Reason (R) is false."
                      },
                      {
                        "id": "d",
                        "text": "Assertion (A) is false, but Reason (R) is true."
                      }
                    ],
                    "correct_answer": {
                      "ids": [
                        "d"
                      ]
                    },
                    "question_type": "mcq_single",
                    "difficulty_level": "medium",
                    "explanation_html": "<p>Assertion (A) is false. The correct and safe procedure for diluting a concentrated acid is to always add the acid slowly to water, with constant stirring, not the other way around. Reason (R) is true. The process of mixing acid with water is a highly exothermic reaction, releasing a significant amount of heat. If water is added to acid, the large amount of heat generated instantly can cause the water to boil and splash the corrosive acid out of the container.</p>"
                  }
                ]
              },
              {
                "chapter_name": "Our Environment",
                "questions": [
                  {
                    "question_no": 18,
                    "question_html": "<p><b>Assertion (A) :</b> The energy which passes to the herbivores does not come back to autotrophs.<br><b>Reason (R) :</b> The flow of energy in a food chain is unidirectional.</p>",
                    "options": [
                      {
                        "id": "a",
                        "text": "Both Assertion (A) and Reason (R) are true and Reason (R) is the correct explanation of (A)."
                      },
                      {
                        "id": "b",
                        "text": "Both Assertion (A) and Reason (R) are true but Reason (R) is not the correct explanation of (A)."
                      },
                      {
                        "id": "c",
                        "text": "Assertion (A) is true, but Reason (R) is false."
                      },
                      {
                        "id": "d",
                        "text": "Assertion (A) is false, but Reason (R) is true."
                      }
                    ],
                    "correct_answer": {
                      "ids": [
                        "a"
                      ]
                    },
                    "question_type": "mcq_single",
                    "difficulty_level": "easy",
                    "explanation_html": "<p>Assertion (A) is true. Energy is transferred from autotrophs (producers) to herbivores (primary consumers) when the herbivores eat the autotrophs. This energy cannot be transferred back. Reason (R) is also true and it correctly explains the assertion. The flow of energy in an ecosystem is unidirectional: it flows from the sun to producers, then to consumers, and is not recycled. Each transfer results in a loss of energy as heat, so it cannot flow backwards.</p>"
                  }
                ]
              },
              {
                "chapter_name": "Life Processes",
                "questions": [
                  {
                    "question_no": 19,
                    "question_html": "<p><b>Assertion (A) :</b> Amoeba takes in food using finger like extensions of the cell surface.<br><b>Reason (R) :</b> In all unicellular organisms, the food is taken in by the entire cell surface.</p>",
                    "options": [
                      {
                        "id": "a",
                        "text": "Both Assertion (A) and Reason (R) are true and Reason (R) is the correct explanation of (A)."
                      },
                      {
                        "id": "b",
                        "text": "Both Assertion (A) and Reason (R) are true but Reason (R) is not the correct explanation of (A)."
                      },
                      {
                        "id": "c",
                        "text": "Assertion (A) is true, but Reason (R) is false."
                      },
                      {
                        "id": "d",
                        "text": "Assertion (A) is false, but Reason (R) is true."
                      }
                    ],
                    "correct_answer": {
                      "ids": [
                        "c"
                      ]
                    },
                    "question_type": "mcq_single",
                    "difficulty_level": "medium",
                    "explanation_html": "<p>Assertion (A) is true. Amoeba engulfs its food by forming temporary 'finger-like extensions' of its cell surface called pseudopodia. This process is known as phagocytosis. Reason (R) is false because it is an incorrect generalization. While Amoeba can ingest food through any part of its surface, other unicellular organisms like Paramecium have a specific spot, the cytostome (cell mouth), for food ingestion.</p>"
                  }
                ]
              },
              {
                "chapter_name": "Carbon and its Compounds",
                "questions": [
                  {
                    "question_no": 20,
                    "question_html": "<p><b>Assertion (A) :</b> Melting point and boiling point of ethanol are lower than that of sodium chloride.<br><b>Reason (R) :</b> The forces of attraction between the molecules of ionic compounds are very strong.</p>",
                    "options": [
                      {
                        "id": "a",
                        "text": "Both Assertion (A) and Reason (R) are true and Reason (R) is the correct explanation of (A)."
                      },
                      {
                        "id": "b",
                        "text": "Both Assertion (A) and Reason (R) are true but Reason (R) is not the correct explanation of (A)."
                      },
                      {
                        "id": "c",
                        "text": "Assertion (A) is true, but Reason (R) is false."
                      },
                      {
                        "id": "d",
                        "text": "Assertion (A) is false, but Reason (R) is true."
                      }
                    ],
                    "correct_answer": {
                      "ids": [
                        "a"
                      ]
                    },
                    "question_type": "mcq_single",
                    "difficulty_level": "medium",
                    "explanation_html": "<p>Assertion (A) is true. Ethanol (a covalent compound) has a boiling point of 78°C, while sodium chloride (an ionic compound) has a boiling point of 1413°C. Reason (R) is also true. Ionic compounds like sodium chloride consist of a crystal lattice of ions held together by very strong electrostatic forces of attraction. A large amount of thermal energy is required to overcome these forces and break down the lattice, resulting in high melting and boiling points. This correctly explains why ethanol has a much lower boiling point.</p>"
                  }
                ]
              },
              {
                "chapter_name": "Chemical Reactions and Equations",
                "questions": [
                  {
                    "question_no": 21,
                    "question_html": "<p>State whether the given chemical reaction is a redox reaction or not. Justify your answer.<br>MnO₂ + 4HCl → MnCl₂ + 2H₂O + Cl₂</p>",
                    "options": [],
                    "correct_answer": {
                      "text": "<p>Yes, the given reaction is a redox reaction.<br><br><b>Justification:</b><br>In this reaction, Manganese dioxide (MnO₂) is reduced to Manganese chloride (MnCl₂) as it loses oxygen.<br>At the same time, Hydrochloric acid (HCl) is oxidized to Chlorine (Cl₂) as it loses hydrogen.<br>Since both oxidation and reduction are occurring simultaneously, it is a redox reaction.</p>"
                    },
                    "question_type": "Very Short Answer (2 marks)",
                    "difficulty_level": "medium",
                    "explanation_html": null
                  }
                ]
              },
              {
                "chapter_name": "Control and Coordination",
                "questions": [
                  {
                    "question_no": 22,
                    "question_html": "<p><b>(a)</b> List two differences between the movement of leaves of a sensitive plant and the movement of a shoot towards light.<br><b>OR</b><br><b>(b)</b> What happens at synapse between two neurons ? State briefly.</p>",
                    "options": [],
                    "correct_answer": {
                      "text": "<p><b>(a)</b><br>| Movement of leaves of a sensitive plant | Movement of a shoot towards light |<br>|---|---|<br>| It is a nastic movement, which is not growth-related. | It is a tropic movement (phototropism), which is growth-related. |<br>| The direction of movement is not dependent on the direction of the stimulus (touch). | The direction of movement is towards the stimulus (light). |<br>| It is a very fast and reversible response. | It is a slow and irreversible response. |<br><br><b>OR</b><br><br><b>(b)</b> At a synapse, the electrical impulse from the axon terminal of one neuron triggers the release of chemical messengers called neurotransmitters into the gap. These chemicals diffuse across the synapse and bind to receptors on the dendrite of the next neuron. This binding generates a new electrical signal in the second neuron, thus transmitting the impulse from one neuron to another.</p>"
                    },
                    "question_type": "Very Short Answer (2 marks)",
                    "difficulty_level": "medium",
                    "explanation_html": null
                  }
                ]
              },
              {
                "chapter_name": "Life Processes",
                "questions": [
                  {
                    "question_no": 23,
                    "question_html": "<p>Give the name of the enzyme present in the fluid in our mouth cavity. State the gland which produces it. What would happen to the digestion process if this gland stops secreting this enzyme ?</p>",
                    "options": [],
                    "correct_answer": {
                      "text": "<p><b>Enzyme:</b> Salivary amylase (or Ptyalin)<br><b>Gland:</b> Salivary gland<br><b>Effect of non-secretion:</b> If the salivary gland stops secreting salivary amylase, the digestion of starch into sugar in the mouth cavity will not take place. The breakdown of complex carbohydrates would then begin later in the digestive tract (in the small intestine).</p>"
                    },
                    "question_type": "Very Short Answer (2 marks)",
                    "difficulty_level": "easy",
                    "explanation_html": null
                  }
                ]
              },
              {
                "chapter_name": "Electricity",
                "questions": [
                  {
                    "question_no": 24,
                    "question_html": "<p>Let the resistance of an electrical device remain constant, while the potential difference across its two ends decreases to one fourth of its initial value. What change will occur in the current through it ? State the law which helps us in solving the above stated question.</p>",
                    "options": [],
                    "correct_answer": {
                      "text": "<p><b>Change in current:</b> The current through the device will also decrease to one-fourth of its original value.<br><br><b>Law:</b> This is based on <b>Ohm's Law</b>. It states that the potential difference (V) across the ends of a given metallic wire in an electric circuit is directly proportional to the current (I) flowing through it, provided its temperature remains the same (V ∝ I, or V = IR). Since resistance (R) is constant, if V becomes V/4, then I must also become I/4 to maintain the relationship.</p>"
                    },
                    "question_type": "Very Short Answer (2 marks)",
                    "difficulty_level": "medium",
                    "explanation_html": null
                  }
                ]
              },
              {
                "chapter_name": "Light - Reflection and Refraction",
                "questions": [
                  {
                    "question_no": 25,
                    "question_html": "<p>A light ray enters from medium A to medium B as shown in the figure.<br><b>(a)</b> Which one of the two media is denser w.r.t. other medium ? Justify your answer.<br><b>(b)</b> If the speed of light in medium A is vₐ and in medium B is vₙ, what is the refractive index of B with respect to A.<br><b>OR</b><br><b>(a)</b> A ray of light starting from diamond is incident on the interface separating diamond and water. Draw a labelled ray diagram to show the refraction of light in this case.<br><b>(b)</b> Absolute refractive indices of diamond and water are 2.42 and 1.33 respectively. Find the value of refractive index of water w.r.t. diamond.</p>",
                    "images": [
                      {
                        "url": "https://img.testbuddyai.com/Science-31-6-23-Q25.png"
                      }
                    ],
                    "options": [],
                    "correct_answer": {
                      "text": "<p><b>(a)</b> <b>Medium B</b> is optically denser than medium A.<br><b>Justification:</b> When the light ray enters medium B from medium A, it bends towards the normal. This happens when light travels from a rarer medium to a denser medium.<br><br><b>(b)</b> The refractive index of medium B with respect to medium A (n_BA) is given by the ratio of the speed of light in medium A to the speed of light in medium B.<br>n_BA = vₐ / vₙ<br><br><b>OR</b><br><br><b>(a)</b> The diagram should show a ray of light traveling from diamond (denser medium) to water (rarer medium). The ray should bend away from the normal as it enters the water. The angle of refraction (r) should be greater than the angle of incidence (i).<br><br><b>(b)</b> Refractive index of water with respect to diamond (n_wd) = Absolute refractive index of water (n_w) / Absolute refractive index of diamond (n_d)<br>n_wd = 1.33 / 2.42 ≈ 0.55</p>"
                    },
                    "question_type": "Very Short Answer (2 marks)",
                    "difficulty_level": "medium",
                    "explanation_html": null
                  }
                ]
              },
              {
                "chapter_name": "Magnetic Effects of Electric Current",
                "questions": [
                  {
                    "question_no": 26,
                    "question_html": "<p>State the rule to determine the direction of a (a) magnetic field produced around a straight conductor carrying current and (b) force experienced by a current carrying straight conductor placed in a magnetic field which is perpendicular to it.</p>",
                    "options": [],
                    "correct_answer": {
                      "text": "<p><b>(a)</b> The direction of the magnetic field is determined by the <b>Right-Hand Thumb Rule</b>. It states that if you hold the current-carrying conductor in your right hand with your thumb pointing in the direction of the current, then your fingers will wrap around the conductor in the direction of the magnetic field lines.<br><br><b>(b)</b> The direction of the force is determined by <b>Fleming's Left-Hand Rule</b>. It states that if you stretch the thumb, forefinger, and middle finger of your left hand so they are mutually perpendicular, and if the forefinger points in the direction of the magnetic field and the middle finger points in the direction of the current, then the thumb will point in the direction of the force.</p>"
                    },
                    "question_type": "Very Short Answer (2 marks)",
                    "difficulty_level": "easy",
                    "explanation_html": null
                  }
                ]
              },
              {
                "chapter_name": "Life Processes",
                "questions": [
                  {
                    "question_no": 27,
                    "question_html": "<p>Explain the process of transport of oxygenated and deoxygenated blood in a human body.</p>",
                    "options": [],
                    "correct_answer": {
                      "text": "<p>The human circulatory system shows double circulation:<br>1.  <b>Pulmonary Circulation (to the lungs):</b> Deoxygenated blood from the body enters the right atrium, which then pumps it to the right ventricle. The right ventricle contracts and pumps the deoxygenated blood to the lungs through the pulmonary artery for oxygenation.<br>2.  <b>Systemic Circulation (to the body):</b> Oxygen-rich blood from the lungs comes to the left atrium through the pulmonary vein. The left atrium contracts and transfers the blood to the left ventricle. The left ventricle then contracts and pumps the oxygenated blood to the rest of the body through the aorta.</p>"
                    },
                    "question_type": "Short Answer (3 marks)",
                    "difficulty_level": "medium",
                    "explanation_html": null
                  }
                ]
              },
              {
                "chapter_name": "Acids, Bases and Salts",
                "questions": [
                  {
                    "question_no": 28,
                    "question_html": "<p><b>(a)</b> A substance 'X' is used as a building material and is insoluble in water. When it reacts with dil. HCl, it produces a gas which turns lime water milky.<br><b>(i)</b> Write the chemical name and formula of 'X'.<br><b>(ii)</b> Write chemical equations for the chemical reactions involved in the above statements.<br><b>OR</b><br><b>(b)</b> A metal ‘M' on reacting with dilute acid liberates a gas ‘G'. The same metal also liberates gas 'G' when reacts with a base.<br><b>(i)</b> Write the name of gas 'G'.<br><b>(ii)</b> How will you test the presence of this gas ?<br><b>(iii)</b> Write chemical equations for the reactions of the metal with (1) an acid and (2) a base.</p>",
                    "options": [],
                    "correct_answer": {
                      "text": "<p><b>(a) (i)</b> Chemical Name: Calcium Carbonate; Formula: CaCO₃.<br><b>(a) (ii)</b><br>Reaction with HCl: CaCO₃(s) + 2HCl(aq) → CaCl₂(aq) + H₂O(l) + CO₂(g)<br>Reaction with lime water: Ca(OH)₂(aq) + CO₂(g) → CaCO₃(s) + H₂O(l)<br><br><b>OR</b><br><br><b>(b) (i)</b> The gas 'G' is Hydrogen (H₂). The metal 'M' is an amphoteric metal like Zinc (Zn) or Aluminium (Al).<br><b>(b) (ii)</b> To test for hydrogen gas, bring a burning splint near the gas. It will extinguish the splint with a characteristic 'pop' sound.<br><b>(b) (iii)</b> Assuming the metal 'M' is Zinc (Zn):<br>(1) Reaction with acid (e.g., HCl): Zn(s) + 2HCl(aq) → ZnCl₂(aq) + H₂(g)<br>(2) Reaction with base (e.g., NaOH): Zn(s) + 2NaOH(aq) → Na₂ZnO₂(aq) + H₂(g)</p>"
                    },
                    "question_type": "Short Answer (3 marks)",
                    "difficulty_level": "medium",
                    "explanation_html": null
                  }
                ]
              },
              {
                "chapter_name": "Control and Coordination",
                "questions": [
                  {
                    "question_no": 29,
                    "question_html": "<p><b>(a)</b> Name the gland and the hormone secreted by it in scary situations in human beings. List any two responses shown by our body when this hormone is secreted into the blood.<br><b>OR</b><br><b>(b)</b> In the given diagram<br><b>(i)</b> Name the parts labelled A, B, and C.<br><b>(ii)</b> Write the functions of A and C.<br><b>(iii)</b> Reflex arcs have evolved in animals ? Why ?</p>",
                    "images": [
                      {
                        "url": "https://img.testbuddyai.com/Science-31-6-23-Q29b.png"
                      }
                    ],
                    "options": [],
                    "correct_answer": {
                      "text": "<p><b>(a)</b><br><b>Gland:</b> Adrenal gland<br><b>Hormone:</b> Adrenaline<br><b>Two responses:</b><br>1.  The heart beats faster, resulting in the supply of more oxygen to the muscles.<br>2.  The breathing rate increases.<br>(Other responses: Blood supply to the digestive system and skin is reduced; Blood is diverted to skeletal muscles).<br><br><b>OR</b><br><br><b>(b) (i)</b><br><b>A:</b> Sensory neuron<br><b>B:</b> Relay neuron (in spinal cord)<br><b>C:</b> Effector (muscle)<br><b>(b) (ii)</b><br><b>Function of A (Sensory neuron):</b> Carries nerve impulses from the receptor (e.g., skin) to the central nervous system (spinal cord).<br><b>Function of C (Effector):</b> It is the muscle or gland that responds to the motor command, e.g., by contracting.<br><b>(b) (iii)</b> Reflex arcs have evolved in animals because the thinking process of the brain is not fast enough for some situations. Reflexes provide an immediate, automatic response to a potentially harmful stimulus, which is crucial for survival and preventing injury.</p>"
                    },
                    "question_type": "Short Answer (3 marks)",
                    "difficulty_level": "medium",
                    "explanation_html": null
                  }
                ]
              },
              {
                "chapter_name": "Chemical Reactions and Equations",
                "questions": [
                  {
                    "question_no": 30,
                    "question_html": "<p>With the help of an appropriate example, justify that some of the chemical reactions are determined by<br>(a) Change in temperature,<br>(b) Evolution of a gas, and<br>(c) Change in colour<br>Give chemical equation for the reaction involved in each case.</p>",
                    "options": [],
                    "correct_answer": {
                      "text": "<p><b>(a) Change in temperature:</b> The reaction between quicklime (calcium oxide) and water is highly exothermic, producing slaked lime and releasing a large amount of heat, causing the temperature to rise.<br>CaO(s) + H₂O(l) → Ca(OH)₂(aq) + Heat<br><br><b>(b) Evolution of a gas:</b> The reaction of zinc granules with dilute sulfuric acid produces hydrogen gas, which is observed as effervescence.<br>Zn(s) + H₂SO₄(aq) → ZnSO₄(aq) + H₂(g)<br><br><b>(c) Change in colour:</b> When an iron nail is dipped in a blue solution of copper sulfate, the solution's color changes to pale green due to the formation of iron sulfate, and a reddish-brown deposit of copper forms on the nail.<br>Fe(s) + CuSO₄(aq) → FeSO₄(aq) + Cu(s)</p>"
                    },
                    "question_type": "Short Answer (3 marks)",
                    "difficulty_level": "medium",
                    "explanation_html": null
                  }
                ]
              },
              {
                "chapter_name": "The Human Eye and the Colourful World",
                "questions": [
                  {
                    "question_no": 31,
                    "question_html": "<p>State reasons for Myopia. With the help of ray diagrams, show the<br>(a) image formation by a myopic eye, and<br>(b) correction of myopia using an appropriate lens.</p>",
                    "options": [],
                    "correct_answer": {
                      "text": "<p><b>Reasons for Myopia (Nearsightedness):</b><br>Myopia occurs due to:<br>1.  <b>Excessive curvature of the eye lens:</b> The lens becomes too convex, causing it to converge light too strongly.<br>2.  <b>Elongation of the eyeball:</b> The distance between the lens and the retina becomes too long.<br>Due to these reasons, the image of a distant object is formed in front of the retina instead of on the retina.<br><br><b>(a) Image formation by a myopic eye:</b> A ray diagram should show parallel rays from a distant object being focused by the eye lens at a point in front of the retina.<br><br><b>(b) Correction of myopia:</b> A ray diagram should show a concave lens placed in front of the myopic eye. This lens diverges the incoming parallel rays before they enter the eye. The eye lens then converges these diverged rays to form a sharp image correctly on the retina.</p>"
                    },
                    "question_type": "Short Answer (3 marks)",
                    "difficulty_level": "medium",
                    "explanation_html": null
                  }
                ]
              },
              {
                "chapter_name": "Magnetic Effects of Electric Current",
                "questions": [
                  {
                    "question_no": 32,
                    "question_html": "<p>What is a solenoid ? When does a solenoid behave as a magnet ? Draw the pattern of the magnetic field produced inside it showing the directions of the magnetic field lines.</p>",
                    "options": [],
                    "correct_answer": {
                      "text": "<p><b>Solenoid:</b> A solenoid is a coil of many turns of insulated copper wire wrapped closely in the shape of a cylinder.<br><br><b>Behaves as a magnet:</b> A solenoid behaves like a bar magnet when an electric current is passed through it. One end acts as a North pole and the other as a South pole.<br><br><b>Pattern of Magnetic Field:</b> The diagram should show a cylindrical coil. The magnetic field lines inside the solenoid are nearly straight, parallel, and equidistant, indicating a uniform magnetic field. The direction of the field lines inside is from the South pole to the North pole. Outside the solenoid, the field lines emerge from the North pole and enter the South pole, forming closed loops, similar to a bar magnet.</p>"
                    },
                    "question_type": "Short Answer (3 marks)",
                    "difficulty_level": "easy",
                    "explanation_html": null
                  }
                ]
              },
              {
                "chapter_name": "Our Environment",
                "questions": [
                  {
                    "question_no": 33,
                    "question_html": "<p><b>(a)</b> Write the percentage of (i) solar energy captured by the autotrophs and (ii) energy transferred from autotrophs to the next level in a food chain.<br><b>(b)</b> What are trophic levels ? Why do different food chains in an ecosystem not have more than four to five trophic levels ? Give reason.</p>",
                    "options": [],
                    "correct_answer": {
                      "text": "<p><b>(a)</b><br><b>(i)</b> Autotrophs (producers) capture about <b>1%</b> of the solar energy that falls on them and convert it into food energy.<br><b>(ii)</b> About <b>10%</b> of the energy is transferred from autotrophs to the next trophic level (primary consumers).<br><br><b>(b)</b><br><b>Trophic Levels:</b> These are the various steps or levels in a food chain where the transfer of energy occurs. For example, producers are at the first trophic level, herbivores at the second, and carnivores at the third and fourth.<br><br><b>Reason for limited levels:</b> The flow of energy is unidirectional, and according to the 10% law, only about 10% of the energy is transferred from one trophic level to the next. The rest is lost as heat during metabolic processes. Due to this progressive decrease in energy at each level, very little usable energy remains after four or five trophic levels. This is insufficient to support a viable population at a higher level.</p>"
                    },
                    "question_type": "Short Answer (3 marks)",
                    "difficulty_level": "medium",
                    "explanation_html": null
                  }
                ]
              },
              {
                "chapter_name": "Carbon and its Compounds",
                "questions": [
                  {
                    "question_no": 34,
                    "question_html": "<p><b>(a) (i)</b> A compound 'A' with a molecular formula of C₂H₄O₂ reacts with a base to give salt and water. Identify 'A', state its nature and the name of the functional group it possesses. Write chemical equation for the reaction involved.<br><b>(a) (ii)</b> When the above stated compound 'A' reacts with another compound 'B' having molecular formula C₂H₆O in the presence of an acid, a sweet smelling compound 'C' is formed.<br>(1) Identify 'B' and 'C'.<br>(2) State the role of acid in this reaction.<br>(3) Write chemical equation for the reaction involved.<br><b>OR</b><br><b>(b) (i)</b> Name the compound formed when ethanol is heated at 443 K in the presence of conc. H₂SO₄ and draw its electron dot structure. State the role of conc.H₂SO₄ in this reaction.<br><b>(b) (ii)</b> What is hydrogenation ? Explain it with the help of a chemical equation. State the role of this reaction in industry.</p>",
                    "options": [],
                    "correct_answer": {
                      "text": "<p><b>(a) (i)</b> 'A' is <b>Ethanoic acid (Acetic acid)</b>. Its nature is <b>acidic</b>. The functional group is <b>–COOH (Carboxylic acid)</b>.<br>Equation: CH₃COOH + NaOH → CH₃COONa + H₂O<br><br><b>(a) (ii) (1)</b> 'B' is <b>Ethanol (Ethyl alcohol)</b>. 'C' is an ester, <b>Ethyl ethanoate</b>.<br><b>(a) (ii) (2)</b> The acid acts as a <b>catalyst</b> in this reaction (esterification).<br><b>(a) (ii) (3)</b> CH₃COOH + C₂H₅OH --(Acid)--> CH₃COOC₂H₅ + H₂O<br><br><b>OR</b><br><br><b>(b) (i)</b> The compound formed is <b>Ethene (C₂H₄)</b>. The electron dot structure should show two carbon atoms sharing two pairs of electrons (double bond), and each carbon bonded to two hydrogen atoms. The role of conc. H₂SO₄ is as a <b>dehydrating agent</b>; it removes a molecule of water from ethanol.<br><br><b>(b) (ii)</b> <b>Hydrogenation</b> is the process of adding hydrogen to an unsaturated hydrocarbon in the presence of a catalyst (like Nickel or Palladium) to form a saturated hydrocarbon. <br>Equation: CH₂=CH₂ + H₂ --(Ni catalyst)--> CH₃–CH₃<br><b>Role in industry:</b> It is used to convert unsaturated vegetable oils (liquids) into saturated fats like vanaspati ghee (solid).</p>"
                    },
                    "question_type": "Long Answer (5 marks)",
                    "difficulty_level": "hard",
                    "explanation_html": null
                  }
                ]
              },
              {
                "chapter_name": "How do Organisms Reproduce?",
                "questions": [
                  {
                    "question_no": 35,
                    "question_html": "<p>Give reason for the following :<br><b>(a)</b> During reproduction inheritance of different proteins will lead to altered body designs.<br><b>(b)</b> Fertilization cannot take place in flowers if pollination does not occur.<br><b>(c)</b> All multicellular organisms cannot give rise to new individuals through fragmentation or regeneration.<br><b>(d)</b> Vegetative propagation is practised for growing only some type of plants.<br><b>(e)</b> The parents and off-springs of organisms reproducing sexually have the same number of chromosomes.</p>",
                    "options": [],
                    "correct_answer": {
                      "text": "<p><b>(a)</b> The information for making proteins is stored in DNA. Inheritance of DNA from parents to offspring means the inheritance of the information to make proteins. If this information is changed (due to variations in DNA), different proteins will be made, which can lead to altered body designs.<br><br><b>(b)</b> Pollination is the transfer of the male gamete (pollen grain) to the female reproductive part (stigma). Fertilization is the fusion of male and female gametes. Without pollination, the male gamete cannot reach the female gamete (ovule), so fertilization cannot occur.<br><br><b>(c)</b> Complex multicellular organisms have specialized cells organized into tissues, organs, and organ systems. They cannot reproduce from a simple fragment because a small part does not contain all the different cell types needed to recreate the entire organism.<br><br><b>(d)</b> Vegetative propagation is used for plants that have lost the capacity to produce seeds (e.g., banana, rose) or to produce plants that are genetically identical to the parent and bear fruits/flowers earlier. It is not suitable or necessary for all plants, especially those that are easily grown from seeds.<br><br><b>(e)</b> Sexually reproducing organisms have specialized reproductive cells (gametes) which have half the number of chromosomes. During gamete formation (meiosis), the chromosome number is halved. When the male and female gametes fuse during fertilization, the original diploid number of chromosomes is restored in the zygote, ensuring the offspring has the same number as the parents.</p>"
                    },
                    "question_type": "Long Answer (5 marks)",
                    "difficulty_level": "hard",
                    "explanation_html": null
                  }
                ]
              },
              {
                "chapter_name": "Electricity",
                "questions": [
                  {
                    "question_no": 36,
                    "question_html": "<p><b>(a) (i)</b> What is meant by resistance of a conductor ? Define its SI unit.<br><b>(a) (ii)</b> List two factors on which the resistance of a rectangular conductor depends.<br><b>(a) (iii)</b> How will the resistance of a wire be affected if its (1) length is doubled, and (2) radius is also doubled ? Give justification for your answer.<br><b>OR</b><br><b>(b) (i)</b> In an electric circuit three bulbs of 100 W each are connected in series to a source. In another circuit set of three bulbs of the same wattage are connected in parallel to the same source. Will the bulb in the two circuits glow with the same brightness ? Justify your answer.<br><b>(b) (ii)</b> Now, let one bulb in both the circuits get fused. Will the rest of the bulbs continue to glow in each circuit ? Give reason for your answer.</p>",
                    "options": [],
                    "correct_answer": {
                      "text": "<p><b>(a) (i)</b> Resistance is the property of a conductor to resist the flow of charges through it. Its SI unit is the Ohm (Ω). One Ohm is the resistance of a conductor if a potential difference of 1 Volt across its ends causes a current of 1 Ampere to flow through it.<br><b>(a) (ii)</b> The resistance depends on: 1. Length of the conductor. 2. Area of cross-section. (Also, nature of the material and temperature).<br><b>(a) (iii)</b> The resistance will become <b>one half</b> of its original value.<br><b>Justification:</b> Resistance R = ρ(L/A) = ρ(L/πr²). Let the new resistance be R'. New length L' = 2L. New radius r' = 2r. <br>R' = ρ(L'/π(r')²) = ρ(2L / π(2r)²) = ρ(2L / 4πr²) = (1/2) * [ρ(L/πr²)] = R/2.<br><br><b>OR</b><br><br><b>(b) (i)</b> No, the bulbs will not glow with the same brightness. <br><b>Justification:</b> In the series circuit, the total resistance is high, so the current is low, and the voltage gets divided across the bulbs. They will glow dimly. In the parallel circuit, each bulb gets the full source voltage, the total resistance is low, and more current is drawn. They will glow brightly (at their rated wattage).<br><b>(b) (ii)</b> In the <b>series circuit</b>, if one bulb fuses, the circuit breaks and the current stops flowing. The other bulbs will <b>not glow</b>. In the <b>parallel circuit</b>, if one bulb fuses, it only breaks its own branch. The other branches remain complete, so the other bulbs will <b>continue to glow</b>.</p>"
                    },
                    "question_type": "Long Answer (5 marks)",
                    "difficulty_level": "hard",
                    "explanation_html": null
                  }
                ]
              },
              {
                "chapter_name": "Metals and Non-metals",
                "questions": [
                  {
                    "question_no": 37,
                    "question_html": "<p>On the basis of reactivity metals are grouped into three categories – (i) Metals of low reactivity, (ii) Metals of medium reactivity, (iii) Metals of high reactivity. Therefore metals are extracted in pure form from their ores on the basis of their chemical properties.<br><b>(a)</b> Name the process of reduction used for a metal that gives vigorous reaction with air and water both.<br><b>(b)</b> Carbon cannot be used as a reducing agent to obtain aluminium from its oxide ? Why?<br><b>(c)</b> Describe briefly the method to obtain mercury from cinnabar. Write the chemical equation for the reactions involved in the process.<br><b>OR</b><br><b>(c)</b> Differentiate between roasting and calcination giving chemical equation for each.</p>",
                    "options": [],
                    "correct_answer": {
                      "text": "<p><b>(a)</b> The process is <b>electrolytic reduction</b>. Highly reactive metals like sodium or potassium react vigorously with air and water and are extracted by the electrolysis of their molten ores.<br><br><b>(b)</b> Carbon cannot be used to reduce aluminium oxide because aluminium has a higher affinity for oxygen than carbon does. Aluminium is a highly reactive metal, and a more reactive element is required to displace it from its oxide, which is not thermodynamically feasible with carbon.<br><br><b>(c)</b> Cinnabar (HgS) is an ore of mercury. To obtain mercury, the ore is first heated in the presence of air (roasting). This converts mercury(II) sulfide into mercury(II) oxide.<br>2HgS(s) + 3O₂(g) --(Heat)--> 2HgO(s) + 2SO₂(g)<br>The mercury(II) oxide is then further heated, causing it to decompose and yield pure mercury metal.<br>2HgO(s) --(Heat)--> 2Hg(l) + O₂(g)<br><br><b>OR</b><br><br><b>(c)</b><br>| Roasting | Calcination |<br>|---|---|<br>| It is the process of heating a sulphide ore strongly in the presence of excess air. | It is the process of heating a carbonate ore strongly in a limited supply of or absence of air. |<br>| Example (for Zinc Sulphide):<br>2ZnS + 3O₂ → 2ZnO + 2SO₂ | Example (for Zinc Carbonate):<br>ZnCO₃ → ZnO + CO₂ |</p>"
                    },
                    "question_type": "Case-based Subjective",
                    "difficulty_level": "medium",
                    "explanation_html": null
                  }
                ]
              },
              {
                "chapter_name": "Heredity",
                "questions": [
                  {
                    "question_no": 38,
                    "question_html": "<p>All human chromosomes are not paired. Most human chromosomes have a maternal and a paternal copy, and we have 22 such pairs. But one pair called the sex chromosomes, is odd in not always being a perfect pair. Women have a perfect pair of sex chromosomes. But men have a mismatched pair in which one is normal sized while the other is a short one.<br><b>(a)</b> In humans, how many chromosomes are present in a Zygote and in each gamete?<br><b>(b)</b> A few reptiles rely entirely on environmental cues for sex determination. Comment.<br><b>(c)</b> \"The sex of a child is a matter of chance and none of the parents are considered to be responsible for it.\" Justify it through flow chart only.<br><b>OR</b><br><b>(c)</b> Why do all the gametes formed in human females have an X chromosome?</p>",
                    "options": [],
                    "correct_answer": {
                      "text": "<p><b>(a)</b> A human zygote has <b>46 chromosomes</b> (23 pairs). Each human gamete (sperm or egg) has <b>23 chromosomes</b>.<br><br><b>(b)</b> In some reptiles, like turtles and crocodiles, sex is not determined genetically but by the temperature at which the eggs are incubated. For example, in many turtle species, eggs incubated at warmer temperatures develop into females, while those at cooler temperatures develop into males. This is a form of environmental sex determination.<br><br><b>(c)</b> A flow chart should show the parents (Father: XY, Mother: XX). The father produces two types of sperm (50% with X chromosome, 50% with Y chromosome). The mother produces only one type of egg (all with X chromosome). The chart should then show the possible combinations at fertilization: an X-sperm fertilizing an egg results in a female child (XX), while a Y-sperm fertilizing an egg results in a male child (XY). Since there is a 50% chance for either type of sperm to fertilize the egg, the sex of the child is a matter of chance.<br><br><b>OR</b><br><br><b>(c)</b> Human females have a perfect pair of sex chromosomes, both of which are X chromosomes (genotype XX). During meiosis (gamete formation), the homologous chromosomes separate, so each resulting gamete (egg cell) receives one of the X chromosomes. Since both sex chromosomes are X, all eggs produced by a female will inevitably contain one X chromosome.</p>"
                    },
                    "question_type": "Case-based Subjective",
                    "difficulty_level": "medium",
                    "explanation_html": null
                  }
                ]
              },
              {
                "chapter_name": "Light - Reflection and Refraction",
                "questions": [
                  {
                    "question_no": 39,
                    "question_html": "<p>A student took three concave mirrors of different focal lengths and performed the experiment to see the image formation by placing an object at different distances with these mirrors as shown in the following table.<br><b>(a)</b> List two properties of the image formed in Case I.<br><b>(b)</b> In which one of the cases given in the table, the mirror will form real image of same size and why?<br><b>(c)</b> Name the type of mirror used by dentists. Give reason why do they use such type of mirrors.<br><b>OR</b><br><b>(c)</b> Look at the table and identify the situation (object distance and focal length) which resembles the situation in which concave mirrors are used as shaving mirrors ? Draw a ray diagram to show the image formation in this case.</p>",
                    "options": [],
                    "correct_answer": {
                      "text": "<p><b>(a) Case I:</b> Object distance (u) = 45 cm, Focal length (f) = 20 cm. Here, the object is placed beyond the center of curvature (C = 2f = 40 cm). The properties of the image formed are: <b>Real, Inverted, and Diminished</b> (smaller than the object).<br><br><b>(b) Case II.</b><br><b>Why:</b> In this case, the object distance is 30 cm, and the focal length is 15 cm. This means the object is placed exactly at the center of curvature (C), since C = 2f = 2 * 15 cm = 30 cm. When an object is placed at the center of curvature of a concave mirror, it forms a real, inverted image of the same size at the same position.<br><br><b>(c)</b> Dentists use <b>concave mirrors</b>.<br><b>Reason:</b> When a concave mirror is held very close to the object (the tooth), such that the object is placed between the pole and the principal focus, the mirror forms a virtual, erect, and highly magnified image. This allows the dentist to see a clear and enlarged view of the teeth.<br><br><b>OR</b><br><br><b>(c)</b> The situation is represented by <b>Case III</b>, where the object distance (20 cm) is less than the focal length (30 cm). Shaving mirrors are concave mirrors used to get a magnified and erect image of the face, which happens only when the object is between the pole and the focus.<br><b>Ray Diagram:</b> The diagram should show a concave mirror with f=30cm. An object is placed at 20cm from the pole. One ray from the top of the object parallel to the principal axis reflects through the focus (F). Another ray passing through the center of curvature (C) reflects back along the same path. These reflected rays diverge but appear to meet behind the mirror when extended, forming a virtual, erect, and magnified image.</p>"
                    },
                    "question_type": "Case-based Subjective",
                    "difficulty_level": "hard",
                    "explanation_html": null
                  }
                ]
              }
            ]
          }
        ]
      }
    ]
  }
]