[
  {
    "exam_name_actual": "CBSE Board - Class 10",
    "main_exam_id_name_ref": "CBSE Board - Class 10",
    "years": [
      {
        "year": "2023",
        "papers_or_subjects": [
          {
            "paper_name": "CBSE Class 10 Science Paper 2023 (QP Code: 31/5/1)",
            "subject_name": "Science",
            "chapters": [
              {
                "chapter_name": "Acids, Bases and Salts",
                "questions": [
                  {
                    "question_no": 1,
                    "question_html": "<p>Select a pair of olfactory indicators from the following :</p>",
                    "options": [
                      {
                        "id": "a",
                        "text": "Clove oil and vanilla essence"
                      },
                      {
                        "id": "b",
                        "text": "Onion and turmeric"
                      },
                      {
                        "id": "c",
                        "text": "Clove oil and litmus solution"
                      },
                      {
                        "id": "d",
                        "text": "Vanilla and methyl orange"
                      }
                    ],
                    "correct_answer": {
                      "ids": [
                        "a"
                      ]
                    },
                    "question_type": "mcq_single",
                    "difficulty_level": "easy",
                    "explanation_html": "<p>Olfactory indicators are substances whose smell varies depending on whether they are mixed with an acidic or basic solution. Both clove oil and vanilla essence change their characteristic smell in the presence of a base. Turmeric, litmus solution, and methyl orange are visual indicators, not olfactory, as they change color.</p>"
                  }
                ]
              },
              {
                "chapter_name": "Chemical Reactions and Equations",
                "questions": [
                  {
                    "question_no": 2,
                    "question_html": "<p>The balanced chemical equation showing reaction between quicklime and water is :</p>",
                    "options": [
                      {
                        "id": "a",
                        "text": "2 CaO + H₂O → 2 CaOH + H₂ + Heat"
                      },
                      {
                        "id": "b",
                        "text": "CaO + H₂O → Ca(OH)₂ + H₂ + Heat"
                      },
                      {
                        "id": "c",
                        "text": "CaO + H₂O → Ca(OH)₂ + Heat"
                      },
                      {
                        "id": "d",
                        "text": "2 CaO + 3 H₂O → 2 Ca(OH)₃ + O₂ + Heat"
                      }
                    ],
                    "correct_answer": {
                      "ids": [
                        "c"
                      ]
                    },
                    "question_type": "mcq_single",
                    "difficulty_level": "easy",
                    "explanation_html": "<p>Quicklime (calcium oxide, CaO) reacts with water (H₂O) in a combination reaction to form slaked lime (calcium hydroxide, Ca(OH)₂). This reaction is highly exothermic, releasing a significant amount of heat. The equation is already balanced with a 1:1:1 ratio of reactants and products. No hydrogen gas (H₂) is evolved in this reaction.</p>"
                  }
                ]
              },
              {
                "chapter_name": "Chemical Reactions and Equations",
                "questions": [
                  {
                    "question_no": 3,
                    "question_html": "<p>Study the following chemical reaction :</p><p>2 Na (s) + 2 H₂O (l) → 2 NaOH (aq) + H₂ (g) ↑</p><p>The reducing agent in this reaction is :</p>",
                    "options": [
                      {
                        "id": "a",
                        "text": "Na"
                      },
                      {
                        "id": "b",
                        "text": "H₂O"
                      },
                      {
                        "id": "c",
                        "text": "NaOH"
                      },
                      {
                        "id": "d",
                        "text": "H₂"
                      }
                    ],
                    "correct_answer": {
                      "ids": [
                        "a"
                      ]
                    },
                    "question_type": "mcq_single",
                    "difficulty_level": "medium",
                    "explanation_html": "<p>A reducing agent is a substance that undergoes oxidation (loses electrons). In this reaction, sodium (Na) starts with an oxidation state of 0 and ends with an oxidation state of +1 in NaOH. Since it loses an electron, it is oxidized and therefore acts as the reducing agent. Water (H₂O) is reduced to H₂.</p>"
                  }
                ]
              },
              {
                "chapter_name": "Acids, Bases and Salts",
                "questions": [
                  {
                    "question_no": 4,
                    "question_html": "<p>Fresh milk has a pH of 6. To delay its curdling, a chemical substance is added to it, which is :</p>",
                    "options": [
                      {
                        "id": "a",
                        "text": "Sodium carbonate"
                      },
                      {
                        "id": "b",
                        "text": "Baking powder"
                      },
                      {
                        "id": "c",
                        "text": "Sodium hydroxide (Caustic soda)"
                      },
                      {
                        "id": "d",
                        "text": "Baking soda (Sodium hydrogen carbonate)"
                      }
                    ],
                    "correct_answer": {
                      "ids": [
                        "d"
                      ]
                    },
                    "question_type": "mcq_single",
                    "difficulty_level": "medium",
                    "explanation_html": "<p>Milk turns sour and curdles as bacteria convert lactose into lactic acid, lowering the pH. To delay this process, a mild, edible base is added to neutralize the acid. Baking soda (sodium hydrogen carbonate, NaHCO₃) is a mild base that makes the milk slightly alkaline, thus extending the time it takes for the milk to become acidic enough to curdle. Caustic soda is a strong, non-edible base.</p>"
                  }
                ]
              },
              {
                "chapter_name": "Metals and Non-metals",
                "questions": [
                  {
                    "question_no": 5,
                    "question_html": "<p>Which of the following statements is true for an amphoteric oxide ?</p>",
                    "options": [
                      {
                        "id": "a",
                        "text": "It reacts only with acid and does not form water."
                      },
                      {
                        "id": "b",
                        "text": "It reacts with acid as well as base to form salt and hydrogen gas."
                      },
                      {
                        "id": "c",
                        "text": "It reacts with both acid as well as base to form salt and water."
                      },
                      {
                        "id": "d",
                        "text": "It reacts only with base and does not form water."
                      }
                    ],
                    "correct_answer": {
                      "ids": [
                        "c"
                      ]
                    },
                    "question_type": "mcq_single",
                    "difficulty_level": "easy",
                    "explanation_html": "<p>By definition, an amphoteric oxide is a metallic oxide that exhibits both acidic and basic properties. This means it can react with both acids and bases. In both types of reactions, it undergoes neutralization to form a corresponding salt and water.</p>"
                  }
                ]
              },
              {
                "chapter_name": "Acids, Bases and Salts",
                "questions": [
                  {
                    "question_no": 6,
                    "question_html": "<p>Hydronium ions are formed by the reaction between :</p>",
                    "options": [
                      {
                        "id": "a",
                        "text": "Sodium hydroxide and water"
                      },
                      {
                        "id": "b",
                        "text": "Calcium chloride and water"
                      },
                      {
                        "id": "c",
                        "text": "Hydrogen chloride gas and water"
                      },
                      {
                        "id": "d",
                        "text": "Ethanol and water"
                      }
                    ],
                    "correct_answer": {
                      "ids": [
                        "c"
                      ]
                    },
                    "question_type": "mcq_single",
                    "difficulty_level": "easy",
                    "explanation_html": "<p>Hydronium ions (H₃O⁺) are formed when an acid dissolves in water and releases hydrogen ions (H⁺). These H⁺ ions (protons) readily bond with water molecules (H₂O). Hydrogen chloride gas (HCl) is an acid that, when dissolved in water, dissociates into H⁺ and Cl⁻ ions. The H⁺ ions then combine with H₂O to form H₃O⁺. The other substances are a base, a neutral salt, and an organic compound that does not significantly ionize in water.</p>"
                  }
                ]
              },
              {
                "chapter_name": "Life Processes",
                "questions": [
                  {
                    "question_no": 8,
                    "question_html": "<p>The process in which loss of water in the form of vapours from the aerial parts of plants takes place is X, which helps in Y. Here X and Y respectively are :</p>",
                    "options": [
                      {
                        "id": "a",
                        "text": "transpiration and photosynthesis."
                      },
                      {
                        "id": "b",
                        "text": "transpiration and temperature regulation."
                      },
                      {
                        "id": "c",
                        "text": "translocation and movement of soluble products of photosynthesis in phloem."
                      },
                      {
                        "id": "d",
                        "text": "translocation and absorption of water and minerals from soil by roots."
                      }
                    ],
                    "correct_answer": {
                      "ids": [
                        "b"
                      ]
                    },
                    "question_type": "mcq_single",
                    "difficulty_level": "easy",
                    "explanation_html": "<p>Process X, the loss of water as vapor from the aerial parts of a plant (mainly leaves), is called transpiration. One of the important functions of transpiration (Y) is to produce a cooling effect on the plant's surface. As water evaporates, it absorbs heat energy, thus helping in the regulation of the plant's temperature, especially in hot conditions.</p>"
                  }
                ]
              },
              {
                "chapter_name": "Life Processes",
                "questions": [
                  {
                    "question_no": 9,
                    "question_html": "<p>As compared to terrestrial organisms, the rate of breathing in aquatic organisms is :</p>",
                    "options": [
                      {
                        "id": "a",
                        "text": "faster because they need more oxygen for their survival."
                      },
                      {
                        "id": "b",
                        "text": "faster because the amount of dissolved oxygen in water is fairly low."
                      },
                      {
                        "id": "c",
                        "text": "slower because the amount of dissolved oxygen in water is fairly low."
                      },
                      {
                        "id": "d",
                        "text": "slower because the capacity of water of dissolving atmospheric air is limited."
                      }
                    ],
                    "correct_answer": {
                      "ids": [
                        "b"
                      ]
                    },
                    "question_type": "mcq_single",
                    "difficulty_level": "easy",
                    "explanation_html": "<p>The concentration of dissolved oxygen in water is significantly lower than the concentration of oxygen in the air. To meet their metabolic oxygen demand, aquatic organisms must process a much larger volume of the medium (water) to extract the same amount of oxygen as a terrestrial organism. To do this, they must breathe at a much faster rate.</p>"
                  }
                ]
              },
              {
                "chapter_name": "Heredity",
                "questions": [
                  {
                    "question_no": 10,
                    "question_html": "<p>Consider the following two statements :</p><p>(i) The trait that expresses itself in F₁ generation.</p><p>(ii) The trait that keeps on passing from one generation to another.</p><p>The appropriate terms for the statements (i) and (ii) respectively are :</p>",
                    "options": [
                      {
                        "id": "a",
                        "text": "Recessive trait, Dominant trait"
                      },
                      {
                        "id": "b",
                        "text": "Dominant trait, Recessive trait"
                      },
                      {
                        "id": "c",
                        "text": "Dominant trait, Inherited trait"
                      },
                      {
                        "id": "d",
                        "text": "Recessive trait, Inherited trait"
                      }
                    ],
                    "correct_answer": {
                      "ids": [
                        "c"
                      ]
                    },
                    "question_type": "mcq_single",
                    "difficulty_level": "easy",
                    "explanation_html": "<p>Statement (i) describes a dominant trait, as per Mendel's Law of Dominance, which states that in a heterozygous individual, the allele that is expressed phenotypically is the dominant one. Statement (ii) describes an inherited trait, which is a characteristic that is genetically passed down from parents to offspring.</p>"
                  }
                ]
              },
              {
                "chapter_name": "Control and Coordination",
                "questions": [
                  {
                    "question_no": 11,
                    "question_html": "<p>The part in which gustatory receptors are present in our body is :</p>",
                    "options": [
                      {
                        "id": "a",
                        "text": "inner ear"
                      },
                      {
                        "id": "b",
                        "text": "skin"
                      },
                      {
                        "id": "c",
                        "text": "tongue"
                      },
                      {
                        "id": "d",
                        "text": "inner lining of nose"
                      }
                    ],
                    "correct_answer": {
                      "ids": [
                        "c"
                      ]
                    },
                    "question_type": "mcq_single",
                    "difficulty_level": "easy",
                    "explanation_html": "<p>Gustatory receptors are the sensory cells responsible for the sense of taste. These receptors are clustered together in taste buds, which are located primarily on the surface of the tongue. Olfactory receptors for smell are in the nose, auditory receptors are in the inner ear, and tactile receptors are in the skin.</p>"
                  }
                ]
              },
              {
                "chapter_name": "How do Organisms Reproduce?",
                "questions": [
                  {
                    "question_no": 12,
                    "question_html": "<p>The bacterial and the viral infections that may be caused due to unsafe sex respectively are :</p>",
                    "options": [
                      {
                        "id": "a",
                        "text": "Warts and HIV-AIDS"
                      },
                      {
                        "id": "b",
                        "text": "HIV-AIDS and Warts"
                      },
                      {
                        "id": "c",
                        "text": "Gonorrhoea and Syphilis"
                      },
                      {
                        "id": "d",
                        "text": "Syphilis and Warts"
                      }
                    ],
                    "correct_answer": {
                      "ids": [
                        "d"
                      ]
                    },
                    "question_type": "mcq_single",
                    "difficulty_level": "medium",
                    "explanation_html": "<p>The question asks for a bacterial infection followed by a viral infection. Syphilis is a sexually transmitted infection caused by the bacterium *Treponema pallidum*. Genital warts are caused by the Human Papillomavirus (HPV). Therefore, 'Syphilis and Warts' correctly lists a bacterial and then a viral infection.</p>"
                  }
                ]
              },
              {
                "chapter_name": "Electricity",
                "questions": [
                  {
                    "question_no": 13,
                    "question_html": "<p>The expressions that relate (i) Q, I and t and (ii) Q, V and W respectively are (Here the symbols have their usual meanings) :</p>",
                    "options": [
                      {
                        "id": "a",
                        "text": "(i) I = Q/t  (ii) W = V/Q"
                      },
                      {
                        "id": "b",
                        "text": "(i) Q = I × t  (ii) W = V × Q"
                      },
                      {
                        "id": "c",
                        "text": "(i) Q = I/t  (ii) V = W/Q"
                      },
                      {
                        "id": "d",
                        "text": "(i) I = Q/t  (ii) Q = V/W"
                      }
                    ],
                    "correct_answer": {
                      "ids": [
                        "b"
                      ]
                    },
                    "question_type": "mcq_single",
                    "difficulty_level": "easy",
                    "explanation_html": "<p>(i) Electric current (I) is defined as the rate of flow of electric charge (Q) over time (t), so I = Q/t, which rearranges to Q = I × t. (ii) Electric potential difference (V) is defined as the work done (W) per unit charge (Q), so V = W/Q, which rearranges to W = V × Q. Option (b) provides the correct forms of both relationships.</p>"
                  }
                ]
              },
              {
                "chapter_name": "Magnetic Effects of Electric Current",
                "questions": [
                  {
                    "question_no": 14,
                    "question_html": "<p>A constant current flows in a horizontal wire in the plane of the paper from east to west as shown in the figure. The direction of the magnetic field will be north to south at a point :</p>",
                    "images": [
                      {
                        "url": "https://img.testbuddyai.com/Science-31-5-23-Q14.png"
                      }
                    ],
                    "options": [
                      {
                        "id": "a",
                        "text": "directly above the wire."
                      },
                      {
                        "id": "b",
                        "text": "directly below the wire."
                      },
                      {
                        "id": "c",
                        "text": "located in the plane of the paper on the north side of the wire."
                      },
                      {
                        "id": "d",
                        "text": "located in the plane of the paper on the south side of the wire."
                      }
                    ],
                    "correct_answer": {
                      "ids": [
                        "b"
                      ]
                    },
                    "question_type": "mcq_single",
                    "difficulty_level": "medium",
                    "explanation_html": "<p>According to the Right-Hand Thumb Rule, if you imagine holding the wire with your right hand such that your thumb points in the direction of the current (east to west), the direction in which your fingers curl gives the direction of the magnetic field lines. Below the wire, your fingers will be pointing from north to south. Above the wire, they will point from south to north.</p>"
                  }
                ]
              },
              {
                "chapter_name": "Electricity",
                "questions": [
                  {
                    "question_no": 15,
                    "question_html": "<p>An electric kettle consumes 1 kW of electric power when operated at 220 V. The minimum rating of the fuse wire to be used for it is</p>",
                    "options": [
                      {
                        "id": "a",
                        "text": "1 A"
                      },
                      {
                        "id": "b",
                        "text": "2 A"
                      },
                      {
                        "id": "c",
                        "text": "4 A"
                      },
                      {
                        "id": "d",
                        "text": "5 A"
                      }
                    ],
                    "correct_answer": {
                      "ids": [
                        "d"
                      ]
                    },
                    "question_type": "mcq_single",
                    "difficulty_level": "medium",
                    "explanation_html": "<p>We can find the current (I) drawn by the kettle using the formula P = V × I, where P is power and V is voltage. First, convert power to watts: P = 1 kW = 1000 W. Then, calculate the current: I = P / V = 1000 W / 220 V ≈ 4.54 A. A fuse is a safety device and its rating must be slightly higher than the operating current to avoid blowing during normal operation. The next available standard rating above 4.54 A is 5 A.</p>"
                  }
                ]
              },
              {
                "chapter_name": "Magnetic Effects of Electric Current",
                "questions": [
                  {
                    "question_no": 16,
                    "question_html": "<p>For a current in a long straight solenoid, N and S poles are created at the two ends. Among the following statements, the incorrect statement is :</p>",
                    "options": [
                      {
                        "id": "a",
                        "text": "The magnetic field lines inside the solenoid are in the form of straight lines, which indicates that the magnetic field is uniform at all points inside the solenoid."
                      },
                      {
                        "id": "b",
                        "text": "The strong magnetic field produced inside the solenoid can magnetize the soft iron placed inside it."
                      },
                      {
                        "id": "c",
                        "text": "The pattern of the magnetic field associated with a current carrying solenoid is different from the pattern of the magnetic field around a bar magnet."
                      },
                      {
                        "id": "d",
                        "text": "The N and S poles exchange positions when the direction of current through the solenoid is reversed."
                      }
                    ],
                    "correct_answer": {
                      "ids": [
                        "c"
                      ]
                    },
                    "question_type": "mcq_single",
                    "difficulty_level": "medium",
                    "explanation_html": "<p>A current-carrying solenoid produces a magnetic field that is remarkably similar to that of a bar magnet. It has distinct North and South poles, and the field lines emerge from the North pole and enter the South pole externally. The statement that the pattern is 'different' is incorrect; the patterns are very similar. All other statements are correct properties of a solenoid.</p>"
                  }
                ]
              },
              {
                "chapter_name": "Chemical Reactions and Equations",
                "questions": [
                  {
                    "question_no": 17,
                    "question_html": "<p><b>Assertion (A)</b> : In the following reaction</p><p>ZnO + C → Zn + CO</p><p>ZnO undergoes reduction.</p><p><b>Reason (R)</b> : Carbon is a reducing agent that reduces ZnO to Zn.</p>",
                    "options": [
                      {
                        "id": "a",
                        "text": "Both Assertion (A) and Reason (R) are true and Reason (R) is the correct explanation of the Assertion (A)."
                      },
                      {
                        "id": "b",
                        "text": "Both Assertion (A) and Reason (R) are true, but Reason (R) is not the correct explanation of the Assertion (A)."
                      },
                      {
                        "id": "c",
                        "text": "Assertion (A) is true, but Reason (R) is false."
                      },
                      {
                        "id": "d",
                        "text": "Assertion (A) is false, but Reason (R) is true."
                      }
                    ],
                    "correct_answer": {
                      "ids": [
                        "a"
                      ]
                    },
                    "question_type": "mcq_single",
                    "difficulty_level": "easy",
                    "explanation_html": "<p>The assertion is true because ZnO is losing oxygen to become Zn, which is the definition of reduction. The reason is true because carbon is causing the reduction of ZnO by taking away its oxygen; a substance that causes reduction is a reducing agent. The reason correctly and directly explains the assertion, as it is the action of the reducing agent (carbon) that makes ZnO undergo reduction.</p>"
                  }
                ]
              },
              {
                "chapter_name": "Heredity",
                "questions": [
                  {
                    "question_no": 18,
                    "question_html": "<p><b>Assertion (A)</b> : Human populations show a great deal of variations in traits.</p><p><b>Reason (R)</b> : All variations in a species have equal chances of surviving in the environment in which they live.</p>",
                    "options": [
                      {
                        "id": "a",
                        "text": "Both Assertion (A) and Reason (R) are true and Reason (R) is the correct explanation of the Assertion (A)."
                      },
                      {
                        "id": "b",
                        "text": "Both Assertion (A) and Reason (R) are true, but Reason (R) is not the correct explanation of the Assertion (A)."
                      },
                      {
                        "id": "c",
                        "text": "Assertion (A) is true, but Reason (R) is false."
                      },
                      {
                        "id": "d",
                        "text": "Assertion (A) is false, but Reason (R) is true."
                      }
                    ],
                    "correct_answer": {
                      "ids": [
                        "c"
                      ]
                    },
                    "question_type": "mcq_single",
                    "difficulty_level": "medium",
                    "explanation_html": "<p>The assertion is true; genetic variation due to sexual reproduction and mutation leads to a wide range of traits in human populations. However, the reason is false. The core principle of natural selection is that variations do not have equal chances of survival. Variations that confer an advantage in a specific environment increase an individual's chance of survival and reproduction, while disadvantageous variations decrease it.</p>"
                  }
                ]
              },
              {
                "chapter_name": "Life Processes",
                "questions": [
                  {
                    "question_no": 19,
                    "question_html": "<p><b>Assertion (A)</b> : The walls of atria are thicker than those of the ventricles.</p><p><b>Reason (R)</b> : Ventricles have to pump blood into various organs at high pressure.</p>",
                    "options": [
                      {
                        "id": "a",
                        "text": "Both Assertion (A) and Reason (R) are true and Reason (R) is the correct explanation of the Assertion (A)."
                      },
                      {
                        "id": "b",
                        "text": "Both Assertion (A) and Reason (R) are true, but Reason (R) is not the correct explanation of the Assertion (A)."
                      },
                      {
                        "id": "c",
                        "text": "Assertion (A) is true, but Reason (R) is false."
                      },
                      {
                        "id": "d",
                        "text": "Assertion (A) is false, but Reason (R) is true."
                      }
                    ],
                    "correct_answer": {
                      "ids": [
                        "d"
                      ]
                    },
                    "question_type": "mcq_single",
                    "difficulty_level": "medium",
                    "explanation_html": "<p>The assertion is false. The muscular walls of the ventricles are significantly thicker than the walls of the atria. The reason is true; ventricles need to generate much higher pressure to pump blood to the entire body (left ventricle) or to the lungs (right ventricle), whereas atria only need to pump blood into the adjacent ventricles. Since the assertion is false and the reason is true, the correct option is (d).</p>"
                  }
                ]
              },
              {
                "chapter_name": "Magnetic Effects of Electric Current",
                "questions": [
                  {
                    "question_no": 20,
                    "question_html": "<p><b>Assertion (A)</b> : Two magnetic field lines around a current carrying straight wire do not intersect each other.</p><p><b>Reason (R)</b> : The magnitude of the magnetic field produced at a given point increases as the current through the wire increases.</p>",
                    "options": [
                      {
                        "id": "a",
                        "text": "Both Assertion (A) and Reason (R) are true and Reason (R) is the correct explanation of the Assertion (A)."
                      },
                      {
                        "id": "b",
                        "text": "Both Assertion (A) and Reason (R) are true, but Reason (R) is not the correct explanation of the Assertion (A)."
                      },
                      {
                        "id": "c",
                        "text": "Assertion (A) is true, but Reason (R) is false."
                      },
                      {
                        "id": "d",
                        "text": "Assertion (A) is false, but Reason (R) is true."
                      }
                    ],
                    "correct_answer": {
                      "ids": [
                        "b"
                      ]
                    },
                    "question_type": "mcq_single",
                    "difficulty_level": "medium",
                    "explanation_html": "<p>Both statements are true. Magnetic field lines never intersect because if they did, it would imply that the magnetic field has two different directions at the same point, which is physically impossible. It is also true that the magnetic field strength around a wire is directly proportional to the current flowing through it. However, the reason does not explain the assertion. The correct explanation for non-intersection is the uniqueness of the field's direction at any point.</p>"
                  }
                ]
              },
              {
                "chapter_name": "Acids, Bases and Salts",
                "questions": [
                  {
                    "question_no": 21,
                    "question_html": "<p>(a) On heating 'X' at 373 K, it loses water molecules and becomes 'Y'. 'Y' is a substance which doctors use for supporting fractured bones in the right position.</p><p>(i) Identify 'X' and 'Y'.</p><p>(ii) How can 'X' be reobtained from 'Y' ?</p><p><b>OR</b></p><p>(b) Two solutions M and N give Red and Blue colour respectively with a universal indicator.</p><p>(i) In which solution will the hydrogen ion concentration be more? Justify your answer.</p><p>(ii) If both M and N solutions are mixed and the resultant mixture is tested with a universal indicator, it turns green. What is the nature of the salt formed ? Justify your answer.</p>",
                    "options": [],
                    "correct_answer": {
                      "text": "<p><b>(a) (i)</b> 'X' is Gypsum (Calcium sulphate dihydrate, CaSO₄·2H₂O). 'Y' is Plaster of Paris (Calcium sulphate hemihydrate, CaSO₄·½H₂O).</p><p><b>(a) (ii)</b> 'X' (Gypsum) can be reobtained from 'Y' (Plaster of Paris) by mixing it with a sufficient amount of water. The chemical reaction is: CaSO₄·½H₂O + 1½H₂O → CaSO₄·2H₂O.</p><p><b>OR</b></p><p><b>(b) (i)</b> Solution M will have a higher hydrogen ion concentration. A universal indicator turns red in a strongly acidic solution, and the pH of an acidic solution is low, which corresponds to a high concentration of H⁺ ions.</p><p><b>(b) (ii)</b> The salt formed is neutral. When an acid (M, red indicator) and a base (N, blue indicator) are mixed and the resulting solution turns green with a universal indicator, it means the pH is approximately 7. This indicates that a neutralization reaction has occurred, forming a neutral salt.</p>"
                    },
                    "question_type": "Very Short Answer (2 marks)",
                    "difficulty_level": "medium",
                    "explanation_html": null
                  }
                ]
              },
              {
                "chapter_name": "Control and Coordination",
                "questions": [
                  {
                    "question_no": 22,
                    "question_html": "<p>Write the name and function of parts (i) and (ii) in the diagram of a neuron given below.</p>",
                    "images": [
                      {
                        "url": "https://img.testbuddyai.com/Science-31-5-23-Q22.png"
                      }
                    ],
                    "options": [],
                    "correct_answer": {
                      "text": "<ul><li><b>(i) Dendrite:</b> Its function is to acquire information from other neurons or sensory receptors and transmit it to the cell body.</li><li><b>(ii) Axon:</b> Its function is to transmit information, in the form of an electrical impulse, away from the cell body to the next neuron or to a muscle/gland.</li></ul>"
                    },
                    "question_type": "Very Short Answer (2 marks)",
                    "difficulty_level": "easy",
                    "explanation_html": null
                  }
                ]
              },
              {
                "chapter_name": "Life Processes",
                "questions": [
                  {
                    "question_no": 23,
                    "question_html": "<p>(a) List the events in proper sequence that take place during the process of photosynthesis.</p><p><b>OR</b></p><p>(b) Explain in brief two ways by which leaves of a plant help in excretion.</p>",
                    "options": [],
                    "correct_answer": {
                      "text": "<p><b>(a)</b> The sequence of events during photosynthesis is:</p><ol><li>Absorption of light energy by chlorophyll.</li><li>Conversion of light energy to chemical energy and splitting of water molecules into hydrogen and oxygen.</li><li>Reduction of carbon dioxide to carbohydrates.</li></ol><p><b>OR</b></p><p><b>(b)</b> Two ways leaves help in excretion are:</p><ol><li><b>Transpiration:</b> Plants excrete excess water through stomata on the leaves in the form of water vapor.</li><li><b>Shedding of Leaves:</b> Plants store some waste products in the cells of their leaves. These wastes are removed from the plant body when the old leaves fall off.</li></ol>"
                    },
                    "question_type": "Very Short Answer (2 marks)",
                    "difficulty_level": "medium",
                    "explanation_html": null
                  },
                  {
                    "question_no": 24,
                    "question_html": "<p>In the process of digestion of food in human beings, two protein-digesting enzymes are secreted. Name the enzymes along with the glands that secrete them.</p>",
                    "options": [],
                    "correct_answer": {
                      "text": "<ol><li><b>Enzyme:</b> Pepsin<br/><b>Gland:</b> Gastric glands (in the stomach)</li><li><b>Enzyme:</b> Trypsin<br/><b>Gland:</b> Pancreas</li></ol>"
                    },
                    "question_type": "Very Short Answer (2 marks)",
                    "difficulty_level": "easy",
                    "explanation_html": null
                  }
                ]
              },
              {
                "chapter_name": "The Human Eye and the Colourful World",
                "questions": [
                  {
                    "question_no": 25,
                    "question_html": "<p>Observe the following diagram showing an image formation in an eye :</p><p>(a) Identify the defect of vision shown in the figure.</p><p>(b) List its two causes and suggest a suitable corrective lens to overcome this defect.</p>",
                    "images": [
                      {
                        "url": "https://img.testbuddyai.com/Science-31-5-23-Q25.png"
                      }
                    ],
                    "options": [],
                    "correct_answer": {
                      "text": "<p><b>(a)</b> The defect of vision shown is <b>Hypermetropia</b> or Far-sightedness, as the parallel rays of light are being focused behind the retina.</p><p><b>(b) Two Causes:</b></p><ol><li>The focal length of the eye lens is too long.</li><li>The eyeball has become too small.</li></ol><p><b>Corrective Lens:</b> A <b>convex lens</b> (converging lens) of suitable power is used to correct this defect.</p>"
                    },
                    "question_type": "Very Short Answer (2 marks)",
                    "difficulty_level": "medium",
                    "explanation_html": null
                  }
                ]
              },
              {
                "chapter_name": "Our Environment",
                "questions": [
                  {
                    "question_no": 26,
                    "question_html": "<p>In the following food chain, if 50 J of energy was available to the hawk, how much energy would have been present at the first and third tropic levels ? Justify your answer.</p><p>Grass → Grasshopper → Frog → Snake → Hawk</p>",
                    "options": [],
                    "correct_answer": {
                      "text": "<p>According to the 10% law, only 10% of the energy is transferred from one trophic level to the next.</p><ul><li><b>Third Trophic Level (Frog):</b> The hawk is at the fifth trophic level. To find the energy at the fourth level (Snake): 50 J / 0.1 = 500 J. To find the energy at the third level (Frog): 500 J / 0.1 = <b>5000 J</b>.</li><li><b>First Trophic Level (Grass):</b> To find the energy at the second level (Grasshopper): 5000 J / 0.1 = 50,000 J. To find the energy at the first level (Grass): 50,000 J / 0.1 = <b>500,000 J</b>.</li></ul><p><b>Justification:</b> The calculation is based on the 10% law, which states that on average, only 10% of the organic matter/energy present at each step is transferred to the next level of consumers.</p>"
                    },
                    "question_type": "Very Short Answer (2 marks)",
                    "difficulty_level": "medium",
                    "explanation_html": null
                  }
                ]
              },
              {
                "chapter_name": "Chemical Reactions and Equations",
                "questions": [
                  {
                    "question_no": 27,
                    "question_html": "<p>(a) Define a double displacement reaction.</p><p>(b) Write the chemical equation of a double displacement reaction which is also a (i) Neutralization reaction and (ii) Precipitation reaction. Give justification for your answer.</p>",
                    "options": [],
                    "correct_answer": {
                      "text": "<p><b>(a)</b> A double displacement reaction is a type of chemical reaction in which there is an exchange of ions between the reactants to form new compounds.</p><p><b>(b)</b></p><ul><li><b>Chemical Equation:</b> Na₂SO₄(aq) + BaCl₂(aq) → BaSO₄(s) + 2NaCl(aq)</li><li><b>Justification:</b></li><ul><li><b>(i) Neutralization Reaction:</b> An acid reacts with a base to form salt and water. For example: HCl(aq) + NaOH(aq) → NaCl(aq) + H₂O(l).</li><li><b>(ii) Precipitation Reaction:</b> The reaction Na₂SO₄ + BaCl₂ is a precipitation reaction because an insoluble substance, Barium Sulphate (BaSO₄), is formed as a white precipitate.</li></ul></ul><p><i>(Note: The marking scheme provides separate examples for neutralization and precipitation. A single reaction fulfilling both is not common. The provided answer separates them as per the scheme's intent.)</i></p>"
                    },
                    "question_type": "Short Answer (3 marks)",
                    "difficulty_level": "medium",
                    "explanation_html": null
                  }
                ]
              },
              {
                "chapter_name": "Acids, Bases and Salts",
                "questions": [
                  {
                    "question_no": 28,
                    "question_html": "<p>(a) Sometimes the pH of our mouth gets lower than 5.5. Why?</p><p>(b) A basic salt 'X' is obtained by heating baking soda followed by crystallisation. Identify 'X' and state its two industrial uses.</p><p>(c) Why do copper sulphate crystals turn white on heating?</p>",
                    "options": [],
                    "correct_answer": {
                      "text": "<p><b>(a)</b> The pH of the mouth gets lower than 5.5 when bacteria present in the mouth produce acids through the degradation of sugar and food particles that remain in the mouth after eating. This acidic environment leads to tooth decay.</p><p><b>(b)</b> 'X' is Washing Soda (Sodium carbonate decahydrate, Na₂CO₃·10H₂O). Two industrial uses are:</p><ol><li>In the manufacture of glass, soap, and paper.</li><li>For removing the permanent hardness of water.</li></ol><p><b>(c)</b> Copper sulphate crystals (CuSO₄·5H₂O) are blue due to the presence of water of crystallization. On heating, they lose these water molecules and turn into anhydrous copper sulphate (CuSO₄), which is a white powder.</p>"
                    },
                    "question_type": "Short Answer (3 marks)",
                    "difficulty_level": "medium",
                    "explanation_html": null
                  }
                ]
              },
              {
                "chapter_name": "Life Processes",
                "questions": [
                  {
                    "question_no": 29,
                    "question_html": "<p>(a) With the help of an activity, explain the action of saliva on the food we eat.</p><p>(b) Why is bile juice important in the process of digestion ?</p>",
                    "options": [],
                    "correct_answer": {
                      "text": "<p><b>(a) Activity:</b></p><ol><li>Take 1 ml of 1% starch solution in two test tubes, A and B.</li><li>Add 1 ml of saliva to test tube A and leave both test tubes undisturbed for 20-30 minutes.</li><li>Add a few drops of iodine solution to both test tubes.</li></ol><p><b>Observation & Explanation:</b> The solution in test tube A does not change color, while the solution in test tube B turns blue-black. This shows that the enzyme salivary amylase present in saliva has broken down the starch in test tube A into simpler sugars, which do not give a positive iodine test.</p><p><b>(b)</b> Bile juice is important for two main reasons:</p><ol><li>It changes the acidic medium of the food coming from the stomach to an alkaline medium, which is necessary for the pancreatic enzymes to act.</li><li>It emulsifies fats, meaning it breaks down large fat globules into smaller particles, which increases the surface area for the enzyme lipase to act on and digest the fats.</li></ol>"
                    },
                    "question_type": "Short Answer (3 marks)",
                    "difficulty_level": "medium",
                    "explanation_html": null
                  }
                ]
              },
              {
                "chapter_name": "Light - Reflection and Refraction",
                "questions": [
                  {
                    "question_no": 30,
                    "question_html": "<p>(a) (i) An object of 5 cm height is placed at a distance of 20 cm from the optical centre of a concave lens of focal length 18 cm. Calculate (1) image distance and (2) the magnification in this case.</p><p>(a) (ii) Compare the values of magnification obtained by a concave lens and a convex lens when both the lenses form virtual images.</p><p><b>OR</b></p><p>(b) A convex lens can form a (i) real, inverted and magnified image as well as (ii) virtual, erect and magnified image of an object. If the focal length of the lens is 10 cm, what should be the range of the object distance in both cases ? Draw ray diagrams to justify your answer.</p>",
                    "options": [],
                    "correct_answer": {
                      "text": "<p><b>(a) (i)</b> Given: h=5 cm, u=-20 cm, f=-18 cm.</p><p><b>(1) Image Distance (v):</b> Using lens formula 1/f = 1/v - 1/u &rArr; 1/(-18) = 1/v - 1/(-20) &rArr; 1/v = -1/18 - 1/20 = (-20-18)/360 = -38/360. So, v &asymp; <b>-9.47 cm</b>.</p><p><b>(2) Magnification (m):</b> m = v/u = (-9.47)/(-20) &asymp; <b>0.47</b>.</p><p><b>(a) (ii)</b> For a virtual image, the magnification of a concave lens is always positive and less than 1 (m < 1), as it always forms a diminished image. The magnification of a convex lens for a virtual image is always positive and greater than 1 (m > 1), as it forms a magnified image.</p><p><b>OR</b></p><p><b>(b)</b> Given: f = +10 cm.</p><p><b>(i) For a real, inverted, and magnified image:</b> The object must be placed between F and 2F. The range for the object distance (u) is <b>10 cm < u < 20 cm</b>.</p><p><b>(ii) For a virtual, erect, and magnified image:</b> The object must be placed between the optical center and the principal focus (F). The range for the object distance (u) is <b>0 < u < 10 cm</b>.</p><p><i>(Ray diagrams for both cases should be drawn to justify the answer.)</i></p>"
                    },
                    "question_type": "Short Answer (3 marks)",
                    "difficulty_level": "hard",
                    "explanation_html": null
                  }
                ]
              },
              {
                "chapter_name": "The Human Eye and the Colourful World",
                "questions": [
                  {
                    "question_no": 31,
                    "question_html": "<p>(a) State one important function of the following parts of the human eye :</p><p>(i) Retina</p><p>(ii) Pupil</p><p>(b) State the role of ciliary muscles in focussing objects at varying distances from the eye.</p>",
                    "options": [],
                    "correct_answer": {
                      "text": "<p><b>(a) (i) Retina:</b> It acts as a light-sensitive screen on which the image of an object is formed. It contains photoreceptor cells (rods and cones) that convert light energy into electrical signals.</p><p><b>(a) (ii) Pupil:</b> It regulates and controls the amount of light entering the eye. It contracts in bright light and expands in dim light.</p><p><b>(b) Role of Ciliary Muscles:</b> The ciliary muscles control the curvature and focal length of the eye lens. When viewing distant objects, they relax, making the lens thinner. When viewing nearby objects, they contract, making the lens thicker. This process, called accommodation, allows the eye to focus images of objects at varying distances clearly onto the retina.</p>"
                    },
                    "question_type": "Short Answer (3 marks)",
                    "difficulty_level": "easy",
                    "explanation_html": null
                  }
                ]
              },
              {
                "chapter_name": "Magnetic Effects of Electric Current",
                "questions": [
                  {
                    "question_no": 32,
                    "question_html": "<p>(a) (i) A straight cylindrical conductor is suspended with its axis perpendicular to the magnetic field of a horse-shoe magnet. The conductor gets displaced towards left when a current is passed through it. What will happen to the displacement of the conductor if the (1) current through it is increased ? (2) horse-shoe magnet is replaced by another stronger horse-shoe magnet ? (3) direction of current through it is reversed ?</p><p>(a) (ii) Name and state the rule for determining the direction of force on a current carrying conductor in a magnetic field.</p><p><b>OR</b></p><p>(b) Draw the pattern of the magnetic field produced around a vertical current carrying straight conductor passing through a horizontal cardboard. Mark the direction of current and the magnetic field lines. Name and state the rule which is used to determine the direction of magnetic field associated with a current carrying conductor.</p>",
                    "options": [],
                    "correct_answer": {
                      "text": "<p><b>(a) (i)</b></p><ol><li>The displacement will be <b>increased</b>. (Force is proportional to current, F &prop; I)</li><li>The displacement will be <b>increased</b>. (Force is proportional to magnetic field strength, F &prop; B)</li><li>The direction of displacement will be <b>reversed</b> (i.e., towards the right).</li></ol><p><b>(a) (ii) Rule:</b> Fleming's Left-Hand Rule.</p><p><b>Statement:</b> Stretch the thumb, forefinger, and middle finger of your left hand so that they are mutually perpendicular. If the forefinger points in the direction of the magnetic field and the middle finger in the direction of the current, then the thumb will point in the direction of the force or motion of the conductor.</p><p><b>OR</b></p><p><b>(b) Diagram:</b> The diagram should show a straight wire passing through a horizontal cardboard. The magnetic field lines should be drawn as concentric circles around the wire. If the current is upwards, the field lines should be anticlockwise, and if the current is downwards, they should be clockwise.</p><p><b>Rule:</b> Right-Hand Thumb Rule.</p><p><b>Statement:</b> Imagine that you are holding a current-carrying straight conductor in your right hand such that the thumb points towards the direction of the current. Then your fingers will wrap around the conductor in the direction of the field lines of the magnetic field.</p>"
                    },
                    "question_type": "Short Answer (3 marks)",
                    "difficulty_level": "medium",
                    "explanation_html": null
                  }
                ]
              },
              {
                "chapter_name": "Our Environment",
                "questions": [
                  {
                    "question_no": 33,
                    "question_html": "<p>How is ozone formed in the higher levels of the atmosphere? \"Damage to the ozone layer is a cause of concern.\" Justify this statement.</p>",
                    "options": [],
                    "correct_answer": {
                      "text": "<p><b>Ozone Formation:</b> In the stratosphere, high-energy ultraviolet (UV) radiation from the sun acts on oxygen molecules (O₂), splitting them into free oxygen atoms (O). These highly reactive oxygen atoms then combine with other oxygen molecules (O₂) to form ozone (O₃).</p><p>O₂ &mdash;<sup>UV</sup>&rarr; O + O</p><p>O + O₂ &rarr; O₃</p><p><b>Justification:</b> Damage to the ozone layer is a cause of concern because this layer protects life on Earth by absorbing most of the harmful UV radiation from the sun. Depletion of the ozone layer allows more UV radiation to reach the Earth's surface, which can cause harmful effects like skin cancer, cataracts, and damage to plants and marine ecosystems.</p>"
                    },
                    "question_type": "Short Answer (3 marks)",
                    "difficulty_level": "easy",
                    "explanation_html": null
                  }
                ]
              },
              {
                "chapter_name": "Carbon and its Compounds",
                "questions": [
                  {
                    "question_no": 34,
                    "question_html": "<p>(a) A neutral organic compound 'X' (Molecular formula C₂H₆O) on reacting with acidified K₂Cr₂O₇ gives an organic compound 'Y' which is acidic in nature. 'X' reacts with 'Y' on warming in the presence of conc. H₂SO₄ to give a sweet smelling compound 'Z'.</p><p>(i) Identify 'X', 'Y' and 'Z'.</p><p>(ii) Write the chemical equations for the reactions in the conversion of (1) 'X' to 'Y' and (2) 'X' to 'Z'.</p><p>(iii) State the role of (1) acidified K₂Cr₂O₇ in the conversion of 'X' to 'Y' and (2) conc. H₂SO₄ in the reaction of 'X' and 'Y'.</p><p>(iv) Name the reaction which occurs when 'Z' reacts with an alkali.</p><p><b>OR</b></p><p>(b) Carry out the following conversions, stating the condition(s) for each :</p><p>(i) Ethanol → Ethene</p><p>(ii) Ethene → Ethane</p><p>(iii) Ethane → Chloroethane</p><p>(iv) Ethanol → Ethanoic acid</p><p>(v) Ethanoic acid → Ethyl ethanoate</p>",
                    "options": [],
                    "correct_answer": {
                      "text": "<p><b>(a) (i)</b> 'X' is Ethanol (CH₃CH₂OH), 'Y' is Ethanoic acid (CH₃COOH), 'Z' is Ethyl ethanoate (CH₃COOCH₂CH₃).</p><p><b>(a) (ii)</b></p><ol><li><b>'X' to 'Y':</b> CH₃CH₂OH + 2[O] &mdash;<sup>Acidified K₂Cr₂O₇</sup>&rarr; CH₃COOH + H₂O</li><li><b>'X' to 'Z':</b> CH₃COOH + CH₃CH₂OH &mdash;<sup>Conc. H₂SO₄</sup>&rarr; CH₃COOCH₂CH₃ + H₂O</li></ol><p><b>(a) (iii)</b></p><ol><li>Acidified K₂Cr₂O₇ acts as an <b>oxidizing agent</b>.</li><li>Conc. H₂SO₄ acts as a <b>dehydrating agent</b>.</li></ol><p><b>(a) (iv)</b> Saponification reaction.</p><p><b>OR</b></p><p><b>(b)</b></p><ul><li><b>(i)</b> Heat with concentrated H₂SO₄ at 443 K.</li><li><b>(ii)</b> Addition of H₂ in the presence of a Nickel (Ni) or Palladium (Pd) catalyst.</li><li><b>(iii)</b> Reaction with Cl₂ in the presence of sunlight.</li><li><b>(iv)</b> Oxidation using alkaline KMnO₄ or acidified K₂Cr₂O₇.</li><li><b>(v)</b> Reaction with ethanol in the presence of an acid catalyst (like conc. H₂SO₄).</li></ul>"
                    },
                    "question_type": "Long Answer (5 marks)",
                    "difficulty_level": "hard",
                    "explanation_html": null
                  }
                ]
              },
              {
                "chapter_name": "How do Organisms Reproduce?",
                "questions": [
                  {
                    "question_no": 35,
                    "question_html": "<p>(a) (i) Where are testes located in the human males and why ? State two function of the testes.</p><p>(a) (ii) In the human female, one of the ovaries releases an egg every month. State the changes that take place if (1) the egg is fertilized, and (2) the egg is not fertilized.</p><p>(a) (iii) What is done during the surgical method in males and females to prevent pregnancy ?</p><p><b>OR</b></p><p>(b) (i) What happens when : (1) Leaves of Bryophyllum fall on the soil ? (2) Planaria is cut into many pieces ? (3) Sporangia of Rhizopus on maturation liberate spores ? Mention the modes of reproduction in each of the above three cases.</p><p>(b) (ii) Write the changes that occur in a flower once the fertilisation has taken place.</p>",
                    "options": [],
                    "correct_answer": {
                      "text": "<p><b>(a) (i)</b> Testes are located outside the abdominal cavity in a pouch called the scrotum. This is because sperm formation requires a lower temperature (2-2.5 °C less) than the normal body temperature. <b>Two functions:</b> (1) Production of sperms (male gametes). (2) Production of the male sex hormone, testosterone.</p><p><b>(a) (ii)</b> <b>(1) If fertilized:</b> The fertilized egg (zygote) starts dividing to form an embryo and gets implanted in the lining of the uterus for further development. <b>(2) If not fertilized:</b> The inner lining of the uterus slowly breaks and comes out through the vagina as blood and mucous (menstruation).</p><p><b>(a) (iii)</b> In males, the vas deferens is blocked (Vasectomy). In females, the fallopian tube is blocked (Tubectomy).</p><p><b>OR</b></p><p><b>(b) (i)</b> <b>(1)</b> Buds present on the leaf margins grow into new plants (Vegetative propagation). <b>(2)</b> Each piece grows into a complete new organism (Regeneration). <b>(3)</b> Spores germinate on a suitable moist surface to form new individuals (Spore formation).</p><p><b>(b) (ii)</b> After fertilization, the zygote develops into an embryo, the ovule develops a tough coat and becomes a seed, the ovary grows rapidly and ripens to form a fruit. Other parts like petals, sepals, and stamens may shrivel and fall off.</p>"
                    },
                    "question_type": "Long Answer (5 marks)",
                    "difficulty_level": "medium",
                    "explanation_html": null
                  }
                ]
              },
              {
                "chapter_name": "Electricity",
                "questions": [
                  {
                    "question_no": 36,
                    "question_html": "<p>(a) State Ohm's Law.</p><p>(b) Name and define the physical quantity determined by the slope of V – I curve given in the diagram. Use this graph to find the value of this physical quantity in SI units.</p><p>(c) Establish the relationship between 1 kWh and 1 joule.</p>",
                    "images": [
                      {
                        "url": "https://img.testbuddyai.com/Science-31-5-23-Q36b.png"
                      }
                    ],
                    "options": [],
                    "correct_answer": {
                      "text": "<p><b>(a) Ohm's Law:</b> The potential difference (V) across the ends of a given metallic wire in an electric circuit is directly proportional to the current (I) flowing through it, provided its temperature remains the same. (V &prop; I or V = IR).</p><p><b>(b) Physical Quantity:</b> Resistance (R).</p><p><b>Definition:</b> Resistance is the property of a conductor to resist the flow of charges through it.</p><p><b>Calculation from graph:</b> The slope of the V-I graph gives the resistance. R = slope = &Delta;V / &Delta;I = (6.0 - 0) V / (0.8 - 0) A = 6.0 / 0.8 = <b>7.5 &Omega;</b>.</p><p><b>(c) Relationship:</b> 1 kilowatt-hour (kWh) is the energy consumed when 1 kilowatt of power is used for 1 hour.</p><p>1 kWh = 1000 watts &times; 1 hour = 1000 J/s &times; 3600 s = 3,600,000 J = <b>3.6 &times; 10⁶ J</b>.</p>"
                    },
                    "question_type": "Long Answer (5 marks)",
                    "difficulty_level": "medium",
                    "explanation_html": null
                  }
                ]
              },
              {
                "chapter_name": "Metals and Non-metals",
                "questions": [
                  {
                    "question_no": 37,
                    "question_html": "<p>Metals are required for a variety of purposes. For this we need their extraction from their ores. Ores mined from the earth are usually contaminated with many impurities which must be removed prior to the extraction of metals. The extraction of pure metal involves the following steps :</p><p>(1) Concentration of ore</p><p>(2) Extraction of the metal from the concentrated ore</p><p>(3) Refining of the metal</p><p>(a) Name an ore of Mercury and state the form in which Mercury is present in it.</p><p>(b) What happens to zinc carbonate when it is heated strongly in a limited supply of air ?</p><p>(c) The reaction of a metal A with Fe₂O₃ is highly exothermic and is used to join railway tracks.</p><p>(I) Identify the metal A and name the reaction taking place.</p><p>(II) Write the chemical equation for the reaction of metal A with Fe₂O₃.</p><p><b>OR</b></p><p>(c) We cannot use carbon to obtain sodium from sodium oxide. Why ? State the reactions taking place at cathode and anode during electrolytic reduction of sodium chloride.</p>",
                    "options": [],
                    "correct_answer": {
                      "text": "<p><b>(a)</b> Ore of Mercury: <b>Cinnabar</b>. It is present in the form of Mercury (II) sulphide (HgS).</p><p><b>(b)</b> When zinc carbonate is heated strongly in a limited supply of air (calcination), it decomposes to form zinc oxide and carbon dioxide. ZnCO₃(s) &rarr; ZnO(s) + CO₂(g).</p><p><b>(c) (I)</b> Metal A is <b>Aluminium (Al)</b>. The reaction is the <b>Thermit Reaction</b>.</p><p><b>(c) (II)</b> Fe₂O₃(s) + 2Al(s) → 2Fe(l) + Al₂O₃(s) + Heat</p><p><b>OR</b></p><p><b>(c) Why:</b> We cannot use carbon to obtain sodium because sodium is a highly reactive metal and has a greater affinity for oxygen than carbon does. Therefore, carbon cannot reduce sodium oxide.</p><p><b>Reactions in Electrolysis of NaCl:</b></p><ul><li><b>At Cathode (negative electrode):</b> Na⁺ + e⁻ → Na</li><li><b>At Anode (positive electrode):</b> 2Cl⁻ → Cl₂ + 2e⁻</li></ul>"
                    },
                    "question_type": "Case-based Subjective",
                    "difficulty_level": "medium",
                    "explanation_html": null
                  }
                ]
              },
              {
                "chapter_name": "Heredity",
                "questions": [
                  {
                    "question_no": 38,
                    "question_html": "<p>In some families, either rural or urban, females are tortured for giving birth to a female child. They do not seem to understand the scientific reason behind the birth of a boy or a girl. In fact the mother is not responsible for the sex of the child and it has been genetically proved that the sex of a newborn is determined by what the child inherits from the father.</p><p>(a) State the basis on which the sex of a newborn baby is determined in humans.</p><p>(b) Why is the pair of sex chromosomes called a mismatched pair in males ?</p><p>(c) How is the original number of chromosomes present in the parents restored in the progeny ?</p><p><b>OR</b></p><p>(c) Explain by giving two examples of the organisms in which the sex is not genetically determined.</p>",
                    "options": [],
                    "correct_answer": {
                      "text": "<p><b>(a)</b> The sex of a newborn baby is determined by the type of sex chromosome (X or Y) inherited from the father. If a sperm carrying an X chromosome fertilizes the egg, the child will be a girl (XX). If a sperm carrying a Y chromosome fertilizes the egg, the child will be a boy (XY).</p><p><b>(b)</b> The pair of sex chromosomes in males (XY) is called a mismatched pair because the X chromosome is normal-sized while the Y chromosome is much shorter and carries fewer genes.</p><p><b>(c)</b> During the formation of gametes (sperm and egg), the number of chromosomes is reduced to half. When the sperm and egg fuse during fertilization, the original diploid number of chromosomes is restored in the zygote (progeny).</p><p><b>OR</b></p><p><b>(c) Two examples:</b></p><ol><li><b>Reptiles (like turtles and crocodiles):</b> The sex is determined by the temperature at which the fertilized eggs are incubated.</li><li><b>Snails:</b> Some individuals can change their sex during their lifetime, meaning sex is not strictly genetically determined at birth.</li></ol>"
                    },
                    "question_type": "Case-based Subjective",
                    "difficulty_level": "easy",
                    "explanation_html": null
                  }
                ]
              },
              {
                "chapter_name": "Light - Reflection and Refraction",
                "questions": [
                  {
                    "question_no": 39,
                    "question_html": "<p>Many optical instruments consist of a number of lenses. They are combined to increase the magnification and sharpness of the image. The net power (P) of the lenses placed in contact is given by the algebraic sum of the powers of the individual lenses P₁, P₂, P₃ ... as P = P₁ + P₂ + P₃ ... This is also termed as the simple additive property of the power of lens, widely used to design lens systems of cameras, microscopes and telescopes. These lens systems can have a combination of convex lenses and also concave lenses.</p><p>(a) What is the nature (convergent / divergent) of the combination of a convex lens of power + 4 D and a concave lens of power – 2 D ?</p><p>(b) Calculate the focal length of a lens of power – 2.5 D.</p><p>(c) Draw a ray diagram to show the nature and position of an image formed by a convex lens of power + 0.1 D, when an object is placed at a distance of 20 cm from its optical centre.</p><p><b>OR</b></p><p>(c) How is a virtual image formed by a convex lens different from that formed by a concave lens ? Under what conditions do a convex and a concave lens form virtual images ?</p>",
                    "options": [],
                    "correct_answer": {
                      "text": "<p><b>(a)</b> The net power of the combination is P = P₁ + P₂ = (+4 D) + (-2 D) = +2 D. Since the net power is positive, the combination will behave as a <b>convergent</b> lens.</p><p><b>(b)</b> Focal length (f) = 1 / Power (P). So, f = 1 / (-2.5 D) = <b>-0.4 m</b> or <b>-40 cm</b>.</p><p><b>(c)</b> For a lens with P = +0.1 D, the focal length f = 1/0.1 = 10 m = 1000 cm. The object is placed at u = 20 cm, which is well within the focal length. Therefore, a virtual, erect, and magnified image will be formed on the same side as the object. The ray diagram should show the object between O and F, with rays diverging after the lens and appearing to come from a virtual image behind the object.</p><p><b>OR</b></p><p><b>(c) Difference:</b> A virtual image formed by a convex lens is <b>magnified</b>, while a virtual image formed by a concave lens is always <b>diminished</b>.</p><p><b>Conditions for Virtual Image:</b></p><ul><li><b>Convex Lens:</b> Forms a virtual image when the object is placed between the optical center (O) and the principal focus (F).</li><li><b>Concave Lens:</b> Forms a virtual image for any position of the object between the optical center and infinity.</li></ul>"
                    },
                    "question_type": "Case-based Subjective",
                    "difficulty_level": "medium",
                    "explanation_html": null
                  }
                ]
              }
            ]
          }
        ]
      }
    ]
  }
]