[
  {
    "exam_name_actual": "CBSE Board - Class 10",
    "main_exam_id_name_ref": "CBSE Board - Class 10",
    "years": [
      {
        "year": "2023",
        "papers_or_subjects": [
          {
            "paper_name": "CBSE Class 10 Science Paper 2023 (QP Code: 31/1/1)",
            "subject_name": "Science",
            "chapters": [
              {
                "chapter_name": "Chemical Reactions and Equations",
                "questions": [
                  {
                    "question_no": 1,
                    "question_html": "<p>In the experimental setup given below, it is observed that on passing the gas produced in the reaction in the solution 'X' the solution 'X' first turns milky and then colourless.</p><p><br></p><p>The option that justifies the above stated observation is that 'X' is aqueous calcium hydroxide and</p>",
                    "images": [
                      {
                        "url": "https://img.testbuddyai.com/Science-31-1-23-Q1.png"
                      }
                    ],
                    "options": [
                      {
                        "id": "a",
                        "text": "it turns milky due to carbon dioxide gas liberated in the reaction and after sometime it becomes colourless due to formation of calcium carbonate."
                      },
                      {
                        "id": "b",
                        "text": "it turns milky due to formation of calcium carbonate and on passing excess of carbon dioxide it becomes colourless due to formation of calcium hydrogen carbonate which is soluble in water."
                      },
                      {
                        "id": "c",
                        "text": "it turns milky due to passing of carbon dioxide through it. It turns colourless as on further passing carbon dioxide, sodium hydrogen carbonate is formed which is soluble in water."
                      },
                      {
                        "id": "d",
                        "text": "the carbon dioxide liberated during the reaction turns lime water milky due to formation of calcium hydrogen carbonate and after some time it turns colourless due to formation of calcium carbonate which is soluble in water."
                      }
                    ],
                    "correct_answer": {
                      "ids": [
                        "b"
                      ]
                    },
                    "question_type": "mcq_single",
                    "difficulty_level": "medium",
                    "explanation_html": "<p>The reaction between dilute hydrochloric acid and sodium carbonate produces carbon dioxide gas (CO₂).<br>Na₂CO₃(s) + 2HCl(aq) → 2NaCl(aq) + H₂O(l) + CO₂(g)<br>Solution 'X' is calcium hydroxide (limewater), Ca(OH)₂. When CO₂ is passed through limewater, it first turns milky due to the formation of a white precipitate of calcium carbonate (CaCO₃).<br>Ca(OH)₂(aq) + CO₂(g) → CaCO₃(s) + H₂O(l)<br>(Milky)<br>When excess CO₂ is passed through the solution, the milky precipitate dissolves to form soluble calcium hydrogen carbonate, Ca(HCO₃)₂, making the solution colourless.<br>CaCO₃(s) + H₂O(l) + CO₂(g) → Ca(HCO₃)₂(aq)<br>(Colourless)</p>"
                  }
                ]
              },
              {
                "chapter_name": "Chemical Reactions and Equations",
                "questions": [
                  {
                    "question_no": 2,
                    "question_html": "<p>The emission of brown fumes in the given experimental set-up is due to</p>",
                    "images": [
                      {
                        "url": "https://img.testbuddyai.com/Science-31-1-23-Q2.png"
                      }
                    ],
                    "options": [
                      {
                        "id": "a",
                        "text": "thermal decomposition of lead nitrate which produces brown fumes of nitrogen dioxide."
                      },
                      {
                        "id": "b",
                        "text": "thermal decomposition of lead nitrate which produces brown fumes of lead oxide."
                      },
                      {
                        "id": "c",
                        "text": "oxidation of lead nitrate forming lead oxide and nitrogen dioxide."
                      },
                      {
                        "id": "d",
                        "text": "oxidation of lead nitrate forming lead oxide and oxygen."
                      }
                    ],
                    "correct_answer": {
                      "ids": [
                        "a"
                      ]
                    },
                    "question_type": "mcq_single",
                    "difficulty_level": "easy",
                    "explanation_html": "<p>Heating lead nitrate is a thermal decomposition reaction. Lead nitrate (a white solid) decomposes to form lead(II) oxide (a yellow solid), nitrogen dioxide gas (brown fumes), and oxygen gas.<br>2Pb(NO₃)₂(s) → 2PbO(s) + 4NO₂(g) + O₂(g)<br>The brown fumes observed are due to the formation of nitrogen dioxide (NO₂).</p>"
                  }
                ]
              },
              {
                "chapter_name": "Chemical Reactions and Equations",
                "questions": [
                  {
                    "question_no": 3,
                    "question_html": "<p>MnO₂ + x HCl → MnCl₂ + y H₂O + z Cl₂<br>In order to balance the above chemical equation, the values of x, y and z respectively are :</p>",
                    "options": [
                      {
                        "id": "a",
                        "text": "6, 2, 2"
                      },
                      {
                        "id": "b",
                        "text": "4, 1, 2"
                      },
                      {
                        "id": "c",
                        "text": "4, 2, 1"
                      },
                      {
                        "id": "d",
                        "text": "2, 2, 1"
                      }
                    ],
                    "correct_answer": {
                      "ids": [
                        "c"
                      ]
                    },
                    "question_type": "mcq_single",
                    "difficulty_level": "medium",
                    "explanation_html": "<p>To balance the chemical equation MnO₂ + x HCl → MnCl₂ + y H₂O + z Cl₂, we balance the atoms of each element on both sides.<br>1. <b>Manganese (Mn):</b> Already balanced (1 on each side).<br>2. <b>Oxygen (O):</b> There are 2 oxygen atoms on the left side (in MnO₂). So, we need 2 on the right. This means y = 2.<br>Equation becomes: MnO₂ + x HCl → MnCl₂ + 2 H₂O + z Cl₂<br>3. <b>Hydrogen (H):</b> Now there are 2 × 2 = 4 hydrogen atoms on the right. So, we need 4 on the left. This means x = 4.<br>Equation becomes: MnO₂ + 4 HCl → MnCl₂ + 2 H₂O + z Cl₂<br>4. <b>Chlorine (Cl):</b> Now there are 4 chlorine atoms on the left. On the right, there are 2 in MnCl₂. We need 2 more, so 2z = 2, which means z = 1.<br>The balanced equation is: MnO₂ + 4 HCl → MnCl₂ + 2 H₂O + 1 Cl₂.<br>Thus, x = 4, y = 2, and z = 1.</p>"
                  }
                ]
              },
              {
                "chapter_name": "Acids, Bases and Salts",
                "questions": [
                  {
                    "question_no": 4,
                    "question_html": "<p>The table below has information regarding pH and the nature (acidic/basic) of four different solutions. Which one of the options in the table is correct?</p><p><img></p>",
                    "options": [
                      {
                        "id": "a",
                        "text": "Lemon juice, Orange, 3, Basic"
                      },
                      {
                        "id": "b",
                        "text": "Milk of magnesia, Blue, 10, Basic"
                      },
                      {
                        "id": "c",
                        "text": "Gastric juice, Red, 6, Acidic"
                      },
                      {
                        "id": "d",
                        "text": "Pure water, Yellow, 7, Neutral"
                      }
                    ],
                    "correct_answer": {
                      "ids": [
                        "b"
                      ]
                    },
                    "question_type": "mcq_single",
                    "difficulty_level": "easy",
                    "explanation_html": "<p>Let's evaluate each option:<br><b>(a) Lemon juice:</b> It is acidic with a pH of about 2-3. The table lists its nature as 'Basic'. This is incorrect.<br><b>(b) Milk of magnesia:</b> It is a mild base (magnesium hydroxide) with a pH of about 10. A basic solution turns pH paper blue. This option is entirely correct.<br><b>(c) Gastric juice:</b> It is highly acidic with a pH of about 1.5-3.5. The table lists its pH as 6. This is incorrect.<br><b>(d) Pure water:</b> It is neutral with a pH of 7. A neutral solution turns pH paper green. The table lists the color as 'Yellow'. This is incorrect.</p>"
                  }
                ]
              },
              {
                "chapter_name": "Metals and Non-metals",
                "questions": [
                  {
                    "question_no": 5,
                    "question_html": "<p>A metal ‘X' is used in thermite process. When X is burnt in air it gives an amphoteric oxide 'Y'. 'X' and 'Y' are respectively :</p>",
                    "options": [
                      {
                        "id": "a",
                        "text": "Fe and Fe₂O₃"
                      },
                      {
                        "id": "b",
                        "text": "Al and Al₂O₃"
                      },
                      {
                        "id": "c",
                        "text": "Fe and Fe₃O₄"
                      },
                      {
                        "id": "d",
                        "text": "Al and Al₃O₄"
                      }
                    ],
                    "correct_answer": {
                      "ids": [
                        "b"
                      ]
                    },
                    "question_type": "mcq_single",
                    "difficulty_level": "medium",
                    "explanation_html": "<p>The thermite process uses a highly reactive metal to reduce a less reactive metal oxide. Aluminium (Al) is commonly used as the reducing agent. So, metal 'X' is Aluminium.<br>When Aluminium is burnt in air, it reacts with oxygen to form aluminium oxide (Al₂O₃).<br>4Al(s) + 3O₂(g) → 2Al₂O₃(s)<br>Aluminium oxide is an amphoteric oxide, which means it reacts with both acids and bases. So, oxide 'Y' is Al₂O₃.</p>"
                  }
                ]
              },
              {
                "chapter_name": "Acids, Bases and Salts",
                "questions": [
                  {
                    "question_no": 6,
                    "question_html": "<p>Select washing soda from the following :</p>",
                    "options": [
                      {
                        "id": "a",
                        "text": "NaHCO₃"
                      },
                      {
                        "id": "b",
                        "text": "Na₂CO₃.5H₂O"
                      },
                      {
                        "id": "c",
                        "text": "Na₂CO₃.10H₂O"
                      },
                      {
                        "id": "d",
                        "text": "NaOH"
                      }
                    ],
                    "correct_answer": {
                      "ids": [
                        "c"
                      ]
                    },
                    "question_type": "mcq_single",
                    "difficulty_level": "easy",
                    "explanation_html": "<p>Washing soda is the common name for hydrated sodium carbonate. Its chemical formula is Na₂CO₃.10H₂O (Sodium carbonate decahydrate).<br>- NaHCO₃ is baking soda.<br>- NaOH is sodium hydroxide or caustic soda.</p>"
                  }
                ]
              },
              {
                "chapter_name": "Carbon and its Compounds",
                "questions": [
                  {
                    "question_no": 7,
                    "question_html": "<p>Consider the structures of the three cyclic carbon compounds A, B and C given below and select the correct option from the following :</p><p><img></p>",
                    "images": [
                      {
                        "url": "https://img.testbuddyai.com/Science-31-1-23-Q7.png"
                      }
                    ],
                    "options": [
                      {
                        "id": "a",
                        "text": "A and C are isomers of hexane and B is benzene."
                      },
                      {
                        "id": "b",
                        "text": "A is an isomer of hexane, B is benzene and C is an isomer of hexene."
                      },
                      {
                        "id": "c",
                        "text": "A is a saturated cyclic hydrocarbon and B and C are unsaturated cyclic hydrocarbons."
                      },
                      {
                        "id": "d",
                        "text": "A is cyclohexane and B and C are the isomers of benzene."
                      }
                    ],
                    "correct_answer": {
                      "ids": [
                        "c"
                      ]
                    },
                    "question_type": "mcq_single",
                    "difficulty_level": "medium",
                    "explanation_html": "<p>Let's analyze the structures:<br><b>Structure A:</b> This is cyclohexane (C₆H₁₂). All carbon-carbon bonds are single bonds, so it is a saturated cyclic hydrocarbon.<br><b>Structure B:</b> This is benzene (C₆H₆). It has alternating double bonds within the ring, so it is an unsaturated cyclic hydrocarbon.<br><b>Structure C:</b> This is cyclohexene (C₆H₁₀). It has one carbon-carbon double bond, making it an unsaturated cyclic hydrocarbon.<br><br>Evaluating the options:<br>(a) and (b) are incorrect as A is cyclohexane, not an isomer of hexane (which is an open-chain alkane).<br>(c) This statement is correct. A is saturated, while B and C contain double bonds and are therefore unsaturated.<br>(d) B and C are not isomers of benzene as they have different chemical formulas and structures. This is incorrect.</p>"
                  }
                ]
              },
              {
                "chapter_name": "Life Processes",
                "questions": [
                  {
                    "question_no": 8,
                    "question_html": "<p>An organism which breaks down the food material outside the body and then absorbs it is</p>",
                    "options": [
                      {
                        "id": "a",
                        "text": "a plant parasite, Cuscuta"
                      },
                      {
                        "id": "b",
                        "text": "an animal parasite, Tapeworm"
                      },
                      {
                        "id": "c",
                        "text": "a bacteria, Rhizobium"
                      },
                      {
                        "id": "d",
                        "text": "a fungi, Rhizopus"
                      }
                    ],
                    "correct_answer": {
                      "ids": [
                        "d"
                      ]
                    },
                    "question_type": "mcq_single",
                    "difficulty_level": "easy",
                    "explanation_html": "<p>This mode of nutrition, where food is digested externally before being absorbed, is known as saprotrophic or saprophytic nutrition. Fungi, such as yeast, mushrooms, and bread mould (Rhizopus), are classic examples of saprotrophs. They secrete digestive enzymes onto the food source and absorb the resulting soluble compounds.<br>- Cuscuta and Tapeworm are parasites (they live on or in a host and get food at the expense of the host).<br>- Rhizobium is a symbiotic bacterium.</p>"
                  }
                ]
              },
              {
                "chapter_name": "Life Processes",
                "questions": [
                  {
                    "question_no": 9,
                    "question_html": "<p>Consider the following statements about small intestine and select the one which is NOT correct :</p>",
                    "options": [
                      {
                        "id": "a",
                        "text": "The length of the small intestine in animals differs as it depends on the type of food they eat."
                      },
                      {
                        "id": "b",
                        "text": "The small intestine is the site of complete digestion of food."
                      },
                      {
                        "id": "c",
                        "text": "The small intestine receives secretions from liver and pancreas."
                      },
                      {
                        "id": "d",
                        "text": "The villi of the small intestine absorb water from the unabsorbed food before it gets removed from the body via the anus."
                      }
                    ],
                    "correct_answer": {
                      "ids": [
                        "d"
                      ]
                    },
                    "question_type": "mcq_single",
                    "difficulty_level": "medium",
                    "explanation_html": "<p>Let's analyze the statements:<br><b>(a) Correct:</b> Herbivores have longer small intestines to allow more time for the digestion of cellulose, while carnivores have shorter ones.<br><b>(b) Correct:</b> The final digestion of carbohydrates, proteins, and fats occurs in the small intestine.<br><b>(c) Correct:</b> It receives bile from the liver and pancreatic juice from the pancreas, which are crucial for digestion.<br><b>(d) Incorrect:</b> The primary function of the villi in the small intestine is to increase the surface area for the absorption of digested nutrients into the bloodstream. The absorption of water from undigested food mainly occurs in the large intestine.</p>"
                  }
                ]
              },
              {
                "chapter_name": "Heredity",
                "questions": [
                  {
                    "question_no": 10,
                    "question_html": "<p>The statement that correctly describes the characteristic(s) of a gene is :</p>",
                    "options": [
                      {
                        "id": "a",
                        "text": "In individuals of a given species, a specific gene is located on a particular chromosome."
                      },
                      {
                        "id": "b",
                        "text": "A gene is not the information source for making proteins in the cell."
                      },
                      {
                        "id": "c",
                        "text": "Each chromosome has only one gene located all along its length."
                      },
                      {
                        "id": "d",
                        "text": "All the inherited traits in human beings are not controlled by genes."
                      }
                    ],
                    "correct_answer": {
                      "ids": [
                        "a"
                      ]
                    },
                    "question_type": "mcq_single",
                    "difficulty_level": "easy",
                    "explanation_html": "<p>Let's analyze the options:<br><b>(a) Correct:</b> A gene is a specific sequence of DNA that occupies a specific position, known as a locus, on a chromosome.<br><b>(b) Incorrect:</b> Genes carry the genetic code that provides instructions for synthesizing proteins.<br><b>(c) Incorrect:</b> Chromosomes are long DNA molecules that contain hundreds or thousands of genes.<br><b>(d) Incorrect:</b> Inherited traits are, by definition, controlled by genes passed down from parents to offspring.</p>"
                  }
                ]
              },
              {
                "chapter_name": "Control and Coordination",
                "questions": [
                  {
                    "question_no": 11,
                    "question_html": "<p>Select from the following the correct statement about tropic movement in plants :</p>",
                    "options": [
                      {
                        "id": "a",
                        "text": "It is due to stimulus of touch and temperature."
                      },
                      {
                        "id": "b",
                        "text": "It does not depend upon the direction of stimulus received."
                      },
                      {
                        "id": "c",
                        "text": "It is observed only in roots and not in stems."
                      },
                      {
                        "id": "d",
                        "text": "It is a growth related movement."
                      }
                    ],
                    "correct_answer": {
                      "ids": [
                        "d"
                      ]
                    },
                    "question_type": "mcq_single",
                    "difficulty_level": "easy",
                    "explanation_html": "<p>Tropic movements, or tropisms, are directional responses of a plant to external stimuli.<br><b>(a) Incorrect:</b> Tropic movements are in response to stimuli like light (phototropism), gravity (geotropism), water (hydrotropism), etc. Touch response is thigmotropism.<br><b>(b) Incorrect:</b> Tropic movements are directional; the plant part grows either towards or away from the stimulus. Nastic movements are non-directional.<br><b>(c) Incorrect:</b> Tropic movements occur in various plant parts, including stems (e.g., positive phototropism) and roots (e.g., positive geotropism).<br><b>(d) Correct:</b> Tropisms are the result of differential growth. Cells on one side of the plant organ grow more rapidly than cells on the other side, causing the organ to bend and grow in a particular direction.</p>"
                  }
                ]
              },
              {
                "chapter_name": "How do Organisms Reproduce?",
                "questions": [
                  {
                    "question_no": 12,
                    "question_html": "<p>Select the INCORRECT match (between the plant and its vegetative part) from the following :</p>",
                    "options": [
                      {
                        "id": "a",
                        "text": "Bryophyllum, leaf"
                      },
                      {
                        "id": "b",
                        "text": "Potato, stem"
                      },
                      {
                        "id": "c",
                        "text": "Money-plant, stem"
                      },
                      {
                        "id": "d",
                        "text": "Rose, root"
                      }
                    ],
                    "correct_answer": {
                      "ids": [
                        "d"
                      ]
                    },
                    "question_type": "mcq_single",
                    "difficulty_level": "easy",
                    "explanation_html": "<p>Vegetative propagation is a type of asexual reproduction where new plants grow from parts of the parent plant.<br><b>(a) Correct:</b> Bryophyllum can reproduce from buds present on the margins of its leaves.<br><b>(b) Correct:</b> A potato is a tuber, which is a modified underground stem. It can grow into a new plant from its 'eyes' (buds).<br><b>(c) Correct:</b> Money-plant is commonly propagated using stem cuttings.<br><b>(d) Incorrect:</b> Roses are typically propagated by taking stem cuttings, not from their roots. While some plants can be propagated by root cuttings, it is not the common method for roses.</p>"
                  }
                ]
              },
              {
                "chapter_name": "Electricity",
                "questions": [
                  {
                    "question_no": 13,
                    "question_html": "<p>If four identical resistors, of resistance 8 ohm, are first connected in series so as to give an effective resistance Rₛ, and then connected in parallel so as to give an effective resistance Rₚ, then the ratio Rₛ/Rₚ is</p>",
                    "options": [
                      {
                        "id": "a",
                        "text": "32"
                      },
                      {
                        "id": "b",
                        "text": "2"
                      },
                      {
                        "id": "c",
                        "text": "0.5"
                      },
                      {
                        "id": "d",
                        "text": "16"
                      }
                    ],
                    "correct_answer": {
                      "ids": [
                        "d"
                      ]
                    },
                    "question_type": "mcq_single",
                    "difficulty_level": "medium",
                    "explanation_html": "<p><b>1. Series Connection:</b><br>When resistors are connected in series, the total resistance (Rₛ) is the sum of individual resistances.<br>Rₛ = R + R + R + R = 4R<br>Given R = 8 ohm, Rₛ = 4 × 8 = 32 Ω.<br><br><b>2. Parallel Connection:</b><br>When resistors are connected in parallel, the reciprocal of the total resistance (Rₚ) is the sum of the reciprocals of individual resistances.<br>1/Rₚ = 1/R + 1/R + 1/R + 1/R = 4/R<br>Given R = 8 ohm, 1/Rₚ = 4/8 = 1/2.<br>Therefore, Rₚ = 2 Ω.<br><br><b>3. Ratio:</b><br>The ratio Rₛ / Rₚ = 32 / 2 = 16.</p>"
                  }
                ]
              },
              {
                "chapter_name": "Electricity",
                "questions": [
                  {
                    "question_no": 14,
                    "question_html": "<p>In domestic electric circuits the wiring with 15 A current rating is for the electric devices which have</p>",
                    "options": [
                      {
                        "id": "a",
                        "text": "higher power ratings such as geyser."
                      },
                      {
                        "id": "b",
                        "text": "lower power ratings such as fan."
                      },
                      {
                        "id": "c",
                        "text": "metallic bodies and low power ratings."
                      },
                      {
                        "id": "d",
                        "text": "non-metallic bodies and low power ratings."
                      }
                    ],
                    "correct_answer": {
                      "ids": [
                        "a"
                      ]
                    },
                    "question_type": "mcq_single",
                    "difficulty_level": "easy",
                    "explanation_html": "<p>Domestic circuits are generally divided into two types:<br>1. A <b>5 Ampere (A)</b> circuit for appliances with low power ratings, such as fans, light bulbs, and televisions.<br>2. A <b>15 Ampere (A)</b> circuit for appliances with high power ratings that draw a large amount of current, such as geysers, air conditioners, and electric irons. The higher current rating is necessary to handle the large power consumption (Power = Voltage × Current) of these devices safely.</p>"
                  }
                ]
              },
              {
                "chapter_name": "Electricity",
                "questions": [
                  {
                    "question_no": 15,
                    "question_html": "<p>In the following diagram, the position of the needle is shown on the scale of a voltmeter. The least count of the voltmeter and the reading shown by it respectively are :</p><p><img></p>",
                    "images": [
                      {
                        "url": "https://img.testbuddyai.com/Science-31-1-23-Q15.png"
                      }
                    ],
                    "options": [
                      {
                        "id": "a",
                        "text": "0.15 V and 1.6 V"
                      },
                      {
                        "id": "b",
                        "text": "0.05 V and 1.6 V"
                      },
                      {
                        "id": "c",
                        "text": "0.15 V and 1.8 V"
                      },
                      {
                        "id": "d",
                        "text": "0.05 V and 1.8 V"
                      }
                    ],
                    "correct_answer": {
                      "ids": [
                        "c"
                      ]
                    },
                    "question_type": "mcq_single",
                    "difficulty_level": "medium",
                    "explanation_html": "<p><b>1. Finding the Least Count:</b><br>The least count is the smallest value that can be measured by the instrument.<br>Observe the scale between 0 V and 1.5 V. There are 10 divisions in this range.<br>Least Count = (Value of range) / (Number of divisions in that range)<br>Least Count = 1.5 V / 10 divisions = 0.15 V/division.<br><br><b>2. Finding the Reading:</b><br>The needle is pointing at the 12th division from the start (0).<br>Reading = (Position of the needle in divisions) × (Least Count)<br>Reading = 12 × 0.15 V = 1.8 V.<br><br>Therefore, the least count is 0.15 V and the reading is 1.8 V.</p>"
                  }
                ]
              },
              {
                "chapter_name": "Magnetic Effects of Electric Current",
                "questions": [
                  {
                    "question_no": 16,
                    "question_html": "<p>The resultant magnetic field at point 'P' situated midway between two parallel wires (placed horizontally) each carrying a steady current I is</p><p><img></p>",
                    "images": [
                      {
                        "url": "https://img.testbuddyai.com/Science-31-1-23-Q16.png"
                      }
                    ],
                    "options": [
                      {
                        "id": "a",
                        "text": "in the same direction as the current in the wires."
                      },
                      {
                        "id": "b",
                        "text": "in the vertically upward direction."
                      },
                      {
                        "id": "c",
                        "text": "zero"
                      },
                      {
                        "id": "d",
                        "text": "in the vertically downward direction."
                      }
                    ],
                    "correct_answer": {
                      "ids": [
                        "c"
                      ]
                    },
                    "question_type": "mcq_single",
                    "difficulty_level": "medium",
                    "explanation_html": "<p>The problem asks for the resultant magnetic field at point P, which is midway between two parallel wires carrying current I in the same direction.<br>1. <b>Magnetic field due to the top wire (A-B):</b> Using the Right-Hand Thumb Rule, if you point your thumb in the direction of the current (from A to B), your fingers will curl into the page at point P. So, the magnetic field is directed inwards.<br>2. <b>Magnetic field due to the bottom wire (C-D):</b> Similarly, using the Right-Hand Thumb Rule for the bottom wire, if you point your thumb from C to D, your fingers will curl out of the page at point P. So, the magnetic field is directed outwards.<br>3. <b>Resultant Field:</b> The magnitude of the magnetic field at a distance 'r' from a long straight wire is given by B = (μ₀I) / (2πr). Since point P is midway between the two wires and the currents are identical, the distance 'r' is the same for both. Therefore, the magnitudes of the magnetic fields produced by each wire at point P are equal.<br>As the two magnetic fields are equal in magnitude but opposite in direction (one inwards, one outwards), they cancel each other out. The resultant magnetic field at point P is zero.</p>"
                  }
                ]
              },
              {
                "chapter_name": "Metals and Non-metals",
                "questions": [
                  {
                    "question_no": 17,
                    "question_html": "<p><b>Assertion (A) :</b> The colour of aqueous solution of copper sulphate turns colourless when a piece of lead is added to it.<br><b>Reason (R) :</b> Lead is more reactive than copper, and hence displaces copper from its salt solution.</p>",
                    "options": [
                      {
                        "id": "a",
                        "text": "Both Assertion (A) and Reason (R) are true and Reason (R) is the correct explanation of Assertion (A)."
                      },
                      {
                        "id": "b",
                        "text": "Both Assertion (A) and Reason (R) are true, but Reason (R) is not the correct explanation of Assertion (A)."
                      },
                      {
                        "id": "c",
                        "text": "Assertion (A) is true, but Reason (R) is false."
                      },
                      {
                        "id": "d",
                        "text": "Assertion (A) is false, but Reason (R) is true."
                      }
                    ],
                    "correct_answer": {
                      "ids": [
                        "a"
                      ]
                    },
                    "question_type": "mcq_single",
                    "difficulty_level": "medium",
                    "explanation_html": "<p><b>Assertion (A):</b> Lead (Pb) is more reactive than copper (Cu). When a piece of lead is added to a blue copper sulphate (CuSO₄) solution, a single displacement reaction occurs. Lead displaces copper from the solution, forming lead sulphate (PbSO₄) and solid copper. Lead sulphate solution is colourless. Therefore, the blue colour of the solution fades and it becomes colourless. The assertion is true.<br>Pb(s) + CuSO₄(aq) → PbSO₄(aq) + Cu(s)<br><b>Reason (R):</b> The reactivity series of metals shows that lead is placed above copper, indicating that lead is more reactive. A more reactive metal can displace a less reactive metal from its salt solution. This is the principle behind the reaction described in the assertion. The reason is true.<br><br>Since the Reason correctly explains the Assertion, option (a) is the correct answer.</p>"
                  }
                ]
              },
              {
                "chapter_name": "Heredity",
                "questions": [
                  {
                    "question_no": 18,
                    "question_html": "<p><b>Assertion (A) :</b> Genes inherited from the parents decide the sex of a child.<br><b>Reason (R) :</b> X chromosome in a male child is inherited from his father.</p>",
                    "options": [
                      {
                        "id": "a",
                        "text": "Both Assertion (A) and Reason (R) are true and Reason (R) is the correct explanation of Assertion (A)."
                      },
                      {
                        "id": "b",
                        "text": "Both Assertion (A) and Reason (R) are true, but Reason (R) is not the correct explanation of Assertion (A)."
                      },
                      {
                        "id": "c",
                        "text": "Assertion (A) is true, but Reason (R) is false."
                      },
                      {
                        "id": "d",
                        "text": "Assertion (A) is false, but Reason (R) is true."
                      }
                    ],
                    "correct_answer": {
                      "ids": [
                        "c"
                      ]
                    },
                    "question_type": "mcq_single",
                    "difficulty_level": "easy",
                    "explanation_html": "<p><b>Assertion (A):</b> The sex of a human child is determined by the sex chromosomes received from the parents. A female has XX chromosomes and a male has XY chromosomes. The mother contributes an X chromosome, while the father contributes either an X or a Y chromosome. This genetic inheritance determines the sex. The assertion is true.<br><b>Reason (R):</b> A male child has the genotype XY. He inherits the Y chromosome from his father and the X chromosome from his mother. The statement that the X chromosome in a male child is inherited from his father is incorrect. The reason is false.<br><br>Since Assertion (A) is true and Reason (R) is false, option (c) is the correct answer.</p>"
                  }
                ]
              },
              {
                "chapter_name": "Life Processes",
                "questions": [
                  {
                    "question_no": 19,
                    "question_html": "<p><b>Assertion (A) :</b> Blood clotting prevents excessive loss of blood.<br><b>Reason (R) :</b> Blood clotting is due to blood plasma and white blood cells present in the blood.</p>",
                    "options": [
                      {
                        "id": "a",
                        "text": "Both Assertion (A) and Reason (R) are true and Reason (R) is the correct explanation of Assertion (A)."
                      },
                      {
                        "id": "b",
                        "text": "Both Assertion (A) and Reason (R) are true, but Reason (R) is not the correct explanation of Assertion (A)."
                      },
                      {
                        "id": "c",
                        "text": "Assertion (A) is true, but Reason (R) is false."
                      },
                      {
                        "id": "d",
                        "text": "Assertion (A) is false, but Reason (R) is true."
                      }
                    ],
                    "correct_answer": {
                      "ids": [
                        "c"
                      ]
                    },
                    "question_type": "mcq_single",
                    "difficulty_level": "easy",
                    "explanation_html": "<p><b>Assertion (A):</b> When a blood vessel is injured, the process of blood clotting (coagulation) forms a mesh-like clot that seals the wound. This prevents excessive bleeding and helps in the healing process. The assertion is true.<br><b>Reason (R):</b> The process of blood clotting is primarily initiated by platelets (thrombocytes), which are cell fragments in the blood. They, along with clotting factors and the protein fibrinogen (which is present in the plasma), form the clot. White blood cells are mainly involved in the immune response and not directly in the clotting mechanism. Therefore, the reason is false.<br><br>Since Assertion (A) is true and Reason (R) is false, option (c) is the correct answer.</p>"
                  }
                ]
              },
              {
                "chapter_name": "Magnetic Effects of Electric Current",
                "questions": [
                  {
                    "question_no": 20,
                    "question_html": "<p><b>Assertion (A) :</b> The strength of the magnetic field produced at the centre of a current carrying circular coil increases on increasing the number of turns in it.<br><b>Reason (R) :</b> The current in each circular turn has the same direction and the magnetic field due to each turn then just adds up.</p>",
                    "options": [
                      {
                        "id": "a",
                        "text": "Both Assertion (A) and Reason (R) are true and Reason (R) is the correct explanation of Assertion (A)."
                      },
                      {
                        "id": "b",
                        "text": "Both Assertion (A) and Reason (R) are true, but Reason (R) is not the correct explanation of Assertion (A)."
                      },
                      {
                        "id": "c",
                        "text": "Assertion (A) is true, but Reason (R) is false."
                      },
                      {
                        "id": "d",
                        "text": "Assertion (A) is false, but Reason (R) is true."
                      }
                    ],
                    "correct_answer": {
                      "ids": [
                        "a"
                      ]
                    },
                    "question_type": "mcq_single",
                    "difficulty_level": "medium",
                    "explanation_html": "<p><b>Assertion (A):</b> The magnetic field at the center of a circular coil with 'n' turns is directly proportional to the number of turns (n) and the current (I) flowing through it. So, if the number of turns is increased, the magnetic field strength also increases. The assertion is true.<br><b>Reason (R):</b> A coil consists of multiple circular turns of wire. The electric current flows in the same direction through each turn. According to the right-hand thumb rule, the magnetic field produced by each turn at the center of the coil points in the same direction. As a result, the magnetic fields from all the individual turns add up, leading to a stronger overall magnetic field. This directly explains why more turns result in a stronger field. The reason is true and is the correct explanation for the assertion.<br><br>Since both Assertion (A) and Reason (R) are true, and (R) is the correct explanation of (A), option (a) is the correct answer.</p>"
                  }
                ]
              },
              {
                "chapter_name": "Acids, Bases and Salts",
                "questions": [
                  {
                    "question_no": 21,
                    "question_html": "<p><b>(a) (i)</b> A compound 'X' which is prepared from gypsum has the property of hardening when mixed with proper quantity of water. Identify 'X' and write its chemical formula.<br><b>(a) (ii)</b> State the difference in chemical composition between baking soda and baking powder.<br><b>OR</b><br><b>(b) (i)</b> Write balanced chemical equation for the reaction that occurs when blue coloured copper sulphate crystals are heated and<br><b>(b) (ii)</b> Sodium hydrogen carbonate is heated during cooking.</p>",
                    "options": [],
                    "correct_answer": {
                      "text": "<p><b>(a) (i)</b> X is Plaster of Paris / Calcium sulphate hemihydrate. Its chemical formula is CaSO₄·½H₂O.<br><b>(a) (ii)</b> Baking soda is sodium hydrogen carbonate (NaHCO₃). Baking powder is a mixture of baking soda (NaHCO₃) and a mild edible acid like tartaric acid.<br><br><b>OR</b><br><br><b>(b) (i)</b> When blue copper sulphate crystals are heated, they lose water of crystallization and become anhydrous copper sulphate, which is a white powder.<br>CuSO₄·5H₂O(s) --(Heat)--> CuSO₄(s) + 5H₂O(g)<br><b>(b) (ii)</b> When sodium hydrogen carbonate is heated, it decomposes to form sodium carbonate, water, and carbon dioxide gas.<br>2NaHCO₃(s) --(Heat)--> Na₂CO₃(s) + H₂O(l) + CO₂(g)</p>"
                    },
                    "question_type": "Very Short Answer (2 marks)",
                    "difficulty_level": "medium",
                    "explanation_html": null
                  }
                ]
              },
              {
                "chapter_name": "Control and Coordination",
                "questions": [
                  {
                    "question_no": 22,
                    "question_html": "<p><b>(a)</b> Write the role of insulin in regulating blood sugar levels in human body. Mention the disease caused due to it.<br><b>(b)</b> How is the timing and the amount of release of insulin in the blood regulated?</p>",
                    "options": [],
                    "correct_answer": {
                      "text": "<p><b>(a)</b> Insulin is a hormone that helps to lower the blood sugar (glucose) levels. It facilitates the uptake of glucose from the blood into cells for energy or for storage as glycogen in the liver and muscles. The disease caused by the deficiency of insulin or the body's inability to use it effectively is Diabetes mellitus.<br><b>(b)</b> The release of insulin is regulated by a feedback mechanism. When blood sugar levels rise (e.g., after a meal), the pancreas is stimulated to release more insulin. As the blood sugar level falls, the secretion of insulin is reduced. This ensures that blood glucose levels are maintained within a narrow, normal range.</p>"
                    },
                    "question_type": "Very Short Answer (2 marks)",
                    "difficulty_level": "medium",
                    "explanation_html": null
                  }
                ]
              },
              {
                "chapter_name": "Life Processes",
                "questions": [
                  {
                    "question_no": 23,
                    "question_html": "<p><b>(a) (i)</b> Name the type of blood (oxygenated / deoxygenated) transported by each of the following mentioning the path (i.e. from one organ (which place) to another (which place)).<br>Vena cava<br><b>(a) (ii)</b> Pulmonary artery<br><b>OR</b><br><b>(b) (i)</b> With the help of a schematic flow chart, show the breakdown of glucose in a cell to provide energy in the presence of oxygen<br><b>(b) (ii)</b> in lack of oxygen</p>",
                    "options": [],
                    "correct_answer": {
                      "text": "<p><b>(a) (i)</b> Vena cava: Transports deoxygenated blood from the body tissues to the right atrium of the heart.<br><b>(a) (ii)</b> Pulmonary artery: Transports deoxygenated blood from the right ventricle of the heart to the lungs.<br><br><b>OR</b><br><br><b>(b)</b> Breakdown of Glucose:<br><b>In cytoplasm:</b><br>Glucose (6-carbon molecule) → Pyruvate (3-carbon molecule) + Energy<br><br><b>(b) (i) In the presence of oxygen (in mitochondria):</b><br>Pyruvate → CO₂ + Water + Energy (Aerobic respiration)<br><br><b>(b) (ii) In lack of oxygen (in human muscle cells):</b><br>Pyruvate → Lactic acid + Energy (Anaerobic respiration)</p>"
                    },
                    "question_type": "Very Short Answer (2 marks)",
                    "difficulty_level": "medium",
                    "explanation_html": null
                  }
                ]
              },
              {
                "chapter_name": "Life Processes",
                "questions": [
                  {
                    "question_no": 24,
                    "question_html": "<p>Name the part of the human excretory system where nephrons are found. Write the structure and function of nephrons.</p>",
                    "options": [],
                    "correct_answer": {
                      "text": "<p>Nephrons are found in the <b>kidneys</b>.<br><br><b>Structure:</b> A nephron consists of a cluster of thin-walled capillaries called the glomerulus, which is associated with a cup-shaped end of a tube called Bowman's capsule. This further extends into a long tubular part which ends in a collecting duct.<br><br><b>Function:</b> The primary function of a nephron is to filter nitrogenous waste (like urea) from the blood to form urine. It also carries out reabsorption of useful materials (like glucose, amino acids, and water) from the filtrate back into the blood and helps in osmoregulation (regulating water balance).</p>"
                    },
                    "question_type": "Very Short Answer (2 marks)",
                    "difficulty_level": "easy",
                    "explanation_html": null
                  }
                ]
              },
              {
                "chapter_name": "The Human Eye and the Colourful World",
                "questions": [
                  {
                    "question_no": 25,
                    "question_html": "<p><b>(a)</b> A narrow beam XY of white light is passing through a glass prism ABC as shown in the diagram :<br>Trace it on your answer sheet and show the path of the emergent beam as observed on the screen PQ. Name the phenomenon observed and state its cause.<br><b>OR</b><br><b>(b) (i)</b> It is observed that the power of an eye to see nearby objects as well as far off objects diminishes with age. Give reason for the above statement.<br><b>(b) (ii)</b> Name the defect that is likely to arise in the eyes in such a condition.<br><b>(b) (iii)</b> Draw a labelled ray diagram to show the type of corrective lens used for restoring the vision of such an eye.</p>",
                    "images": [
                      {
                        "url": "https://img.testbuddyai.com/Science-31-1-23-Q25a.png"
                      }
                    ],
                    "options": [],
                    "correct_answer": {
                      "text": "<p><b>(a)</b> The diagram should show the white light splitting into a spectrum of seven colors (VIBGYOR) after passing through the prism, with Red (R) at the top and Violet (V) at the bottom on the screen PQ.<br><b>Phenomenon:</b> Dispersion of white light.<br><b>Cause:</b> Different colors of light bend through different angles with respect to the incident ray as they pass through the prism. This happens because the refractive index of the glass is slightly different for different colors (wavelengths) of light. Violet light bends the most, and red light bends the least.<br><br><b>OR</b><br><br><b>(b) (i)</b> This happens due to the gradual weakening of the ciliary muscles and diminishing flexibility of the eye lens with age.<br><b>(b) (ii)</b> The defect is called Presbyopia. Often, people with this defect also suffer from myopia, requiring a combination of lenses.<br><b>(b) (iii)</b> The corrective lens used is a bifocal lens. It consists of both a concave lens (on the upper portion for distant vision) and a convex lens (on the lower portion for near vision). The ray diagram should show parallel rays from a distant object being diverged by the concave part to form an image on the retina, and rays from a near object being converged by the convex part to form an image on the retina.</p>"
                    },
                    "question_type": "Very Short Answer (2 marks)",
                    "difficulty_level": "medium",
                    "explanation_html": null
                  }
                ]
              },
              {
                "chapter_name": "Our Environment",
                "questions": [
                  {
                    "question_no": 26,
                    "question_html": "<p>How do harmful chemicals get accumulated progressively at each trophic level in a food chain?</p>",
                    "options": [],
                    "correct_answer": {
                      "text": "<p>Harmful, non-degradable chemicals (like pesticides) sprayed on crops are washed down into the soil or water bodies. From there, they are absorbed by producers (plants) along with water and minerals. When these producers are eaten by primary consumers (herbivores), the chemicals are transferred to their bodies. Since these chemicals are not metabolized, they get concentrated at each successive trophic level as organisms consume other organisms. This phenomenon, where the concentration of harmful chemicals increases at each trophic level, is called biomagnification.</p>"
                    },
                    "question_type": "Very Short Answer (2 marks)",
                    "difficulty_level": "easy",
                    "explanation_html": null
                  }
                ]
              },
              {
                "chapter_name": "Chemical Reactions and Equations",
                "questions": [
                  {
                    "question_no": 27,
                    "question_html": "<p><b>(a) (i)</b> Identify the reducing agent in the reaction: 4NH₃ + 5O₂ → 4NO + 6H₂O<br><b>(a) (ii)</b> Identify the reducing agent in the reaction: H₂O + F₂ → HF + HOF<br><b>(a) (iii)</b> Identify the reducing agent in the reaction: Fe₂O₃ + 3CO → 2Fe + 3CO₂<br><b>(a) (iv)</b> Identify the reducing agent in the reaction: 2H₂ + O₂ → 2H₂O<br><b>(b)</b> Define a redox reaction in terms of gain or loss of oxygen.</p>",
                    "options": [],
                    "correct_answer": {
                      "text": "<p><b>(a)</b> The reducing agent is the substance that gets oxidized (loses electrons or gains oxygen/loses hydrogen).<br><b>(i)</b> In 4NH₃ + 5O₂ → 4NO + 6H₂O: NH₃ is oxidized to NO. Reducing agent is <b>NH₃</b>.<br><b>(ii)</b> In H₂O + F₂ → HF + HOF: H₂O is oxidized as oxygen's oxidation state changes. Reducing agent is <b>H₂O</b>.<br><b>(iii)</b> In Fe₂O₃ + 3CO → 2Fe + 3CO₂: CO is oxidized to CO₂. Reducing agent is <b>CO</b>.<br><b>(iv)</b> In 2H₂ + O₂ → 2H₂O: H₂ is oxidized to H₂O. Reducing agent is <b>H₂</b>.<br><br><b>(b)</b> A redox reaction is a chemical reaction in which the gain of oxygen (oxidation) and the loss of oxygen (reduction) take place simultaneously.</p>"
                    },
                    "question_type": "Short Answer (3 marks)",
                    "difficulty_level": "medium",
                    "explanation_html": null
                  }
                ]
              },
              {
                "chapter_name": "Acids, Bases and Salts",
                "questions": [
                  {
                    "question_no": 28,
                    "question_html": "<p><b>(a) (i)</b> Suggest one remedial measure to counteract the change in pH during production of too much acid in stomach during indigestion.<br><b>(a) (ii)</b> Suggest one remedial measure to counteract the change in pH when stung by a honey bee / nettle leaves.<br><b>(b)</b> Fresh milk has a pH of 6. When it changes into curd will its pH increase or decrease? Why?</p>",
                    "options": [],
                    "correct_answer": {
                      "text": "<p><b>(a) (i)</b> To counteract excess acid in the stomach (indigestion), an antacid, which is a mild base (e.g., milk of magnesia or baking soda solution), can be used. It neutralizes the excess acid.<br><b>(a) (ii)</b> A bee sting or nettle sting injects an acidic substance (methanoic acid). To get relief, a mild base like baking soda solution or calamine solution can be applied to the affected area to neutralize the acid.<br><br><b>(b)</b> When fresh milk (pH 6) changes into curd, its pH will <b>decrease</b>. This is because bacteria (Lactobacillus) convert the lactose sugar in milk into lactic acid, making the curd more acidic than the milk.</p>"
                    },
                    "question_type": "Short Answer (3 marks)",
                    "difficulty_level": "easy",
                    "explanation_html": null
                  }
                ]
              },
              {
                "chapter_name": "Life Processes",
                "questions": [
                  {
                    "question_no": 29,
                    "question_html": "<p><b>(a) (i)</b> State the role of ATP in cellular respiration.<br><b>(a) (ii)</b> What ensures sufficient exchange of gases in plants ?<br><b>(a) (iii)</b> State the conditions on which the direction of diffusion of gases in plant depend upon.<br><b>OR</b><br><b>(b) (i)</b> What is the internal energy reserve in plants and animals?<br><b>(b) (ii)</b> How desert plants perform photosynthesis if their stomata remain closed during the day?</p>",
                    "options": [],
                    "correct_answer": {
                      "text": "<p><b>(a) (i)</b> ATP (Adenosine Triphosphate) is the energy currency of the cell. During cellular respiration, energy released from the breakdown of glucose is used to form ATP. ATP then provides this energy to drive various endothermic reactions and other metabolic activities in the cell.<br><b>(a) (ii)</b> In plants, sufficient gas exchange is ensured by the presence of numerous pores called stomata on the surface of leaves, and lenticels on stems and roots. The large surface area of leaves also facilitates this exchange.<br><b>(a) (iii)</b> The direction of diffusion of gases in plants depends on environmental conditions (like light and temperature) and the requirements of the plant (e.g., CO₂ diffuses in during the day for photosynthesis, while O₂ diffuses out).<br><br><b>OR</b><br><br><b>(b) (i)</b> The internal energy reserve in plants is <b>starch</b>. In animals, it is <b>glycogen</b>.<br><b>(b) (ii)</b> Desert plants (CAM plants) have adapted by opening their stomata at night to take in carbon dioxide. They convert this CO₂ into an intermediate acid compound, which is stored. During the day, when the stomata are closed to prevent water loss, this stored compound is broken down to release CO₂, which is then used for photosynthesis using the light energy absorbed by chlorophyll.</p>"
                    },
                    "question_type": "Short Answer (3 marks)",
                    "difficulty_level": "medium",
                    "explanation_html": null
                  }
                ]
              },
              {
                "chapter_name": "Light - Reflection and Refraction",
                "questions": [
                  {
                    "question_no": 30,
                    "question_html": "<p><b>(a)</b> Complete the ray diagram to show the formation of an image by a concave mirror for an object placed between P and F.<br><b>(b)</b> Mention the nature, position and size of the image formed in this case.<br><b>(c)</b> State the sign of the image distance in this case using the Cartesian sign convention.</p>",
                    "images": [
                      {
                        "url": "https://img.testbuddyai.com/Science-31-1-23-Q30a.png"
                      }
                    ],
                    "options": [],
                    "correct_answer": {
                      "text": "<p><b>(a)</b> The completed ray diagram should show an object placed between the pole (P) and the principal focus (F) of a concave mirror. Ray 1 (parallel to the principal axis) reflects through F. Ray 2 (appearing to come from the center of curvature C) reflects back along the same path. These reflected rays diverge but appear to meet behind the mirror when extended backward, forming a virtual image (A'B').<br><br><b>(b)</b><br><b>Nature:</b> Virtual and erect.<br><b>Position:</b> Behind the mirror.<br><b>Size:</b> Magnified (larger than the object).<br><br><b>(c)</b> According to the Cartesian sign convention, distances measured to the right of the pole (in the direction opposite to the incident light) are positive. Since the image is formed behind the mirror, the sign of the image distance (v) is <b>positive</b>.</p>"
                    },
                    "question_type": "Short Answer (3 marks)",
                    "difficulty_level": "medium",
                    "explanation_html": null
                  }
                ]
              },
              {
                "chapter_name": "The Human Eye and the Colourful World",
                "questions": [
                  {
                    "question_no": 31,
                    "question_html": "<p>Give reasons for the following :<br><b>(a)</b> Danger signals installed at airports and at the top of tall buildings are of red colour.<br><b>(b)</b> The sky appears dark to the passengers flying at very high altitudes.<br><b>(c)</b> The path of a beam of light passing through a colloidal solution is visible.</p>",
                    "options": [],
                    "correct_answer": {
                      "text": "<p><b>(a)</b> Red light has the longest wavelength among all the colors of the visible spectrum. Due to its long wavelength, it is scattered the least by particles like fog, smoke, or dust in the atmosphere. Therefore, red light can travel the longest distance without being scattered and can be easily seen from a distance, making it suitable for danger signals.<br><b>(b)</b> At very high altitudes, the atmosphere is very thin, and there are very few air molecules or other particles to scatter sunlight. Since there is no significant scattering of light, the sky appears dark instead of blue.<br><b>(c)</b> The path of a beam of light is visible through a colloidal solution because the particles of the colloid are large enough to scatter the light. This phenomenon is known as the Tyndall effect. The scattered light enters our eyes, making the path of the beam visible.</p>"
                    },
                    "question_type": "Short Answer (3 marks)",
                    "difficulty_level": "easy",
                    "explanation_html": null
                  }
                ]
              },
              {
                "chapter_name": "Magnetic Effects of Electric Current",
                "questions": [
                  {
                    "question_no": 32,
                    "question_html": "<p><b>(a) (i)</b> State the rule used to find the force acting on a current carrying conductor placed in a magnetic field.<br><b>(a) (ii)</b> Given below are three diagrams showing entry of an electron in a magnetic field. Identify the case in which the force will be (1) maximum and (2) minimum respectively. Give reason for your answer.<br><b>OR</b><br><b>(b) (i)</b> Draw the pattern of magnetic field lines of (1) a current carrying solenoid and (2) a bar magnet.<br><b>(b) (ii)</b> List two distinguishing features between the two fields.</p>",
                    "images": [
                      {
                        "url": "https://img.testbuddyai.com/Science-31-1-23-Q32a(ii).png"
                      }
                    ],
                    "options": [],
                    "correct_answer": {
                      "text": "<p><b>(a) (i)</b> The rule used to find the direction of the force is <b>Fleming's Left-Hand Rule</b>. It states that if you stretch the thumb, forefinger, and central finger of your left hand so they are mutually perpendicular, and if the forefinger points in the direction of the magnetic field and the central finger points in the direction of the current, then the thumb will point in the direction of the force.<br><b>(a) (ii)</b> The force on a charged particle moving in a magnetic field is given by F = qvBsinθ. (Note: The direction of current is opposite to the direction of motion of an electron).<br><b>(1) Maximum force:</b> The force is maximum when the electron moves perpendicular (θ = 90°) to the magnetic field because sin(90°) = 1. This is shown in <b>Fig (i)</b>.<br><b>(2) Minimum force:</b> The force is minimum (zero) when the electron moves parallel (θ = 0°) or anti-parallel (θ = 180°) to the magnetic field because sin(0°) = 0. This is shown in <b>Fig (iii)</b>.<br><br><b>OR</b><br><br><b>(b) (i)</b> The diagrams for both a current-carrying solenoid and a bar magnet should show magnetic field lines emerging from the North pole and entering the South pole outside the object, and as parallel straight lines from South to North inside the object.<br><b>(b) (ii)</b> Two distinguishing features are:<br><b>1. Strength:</b> The strength of the magnetic field of a solenoid can be changed by changing the current or the number of turns, whereas the strength of a bar magnet's field is permanent and cannot be easily changed.<br><b>2. Polarity:</b> The polarity (North and South poles) of a solenoid can be reversed by reversing the direction of the current, while the polarity of a bar magnet is fixed.</p>"
                    },
                    "question_type": "Short Answer (3 marks)",
                    "difficulty_level": "medium",
                    "explanation_html": null
                  }
                ]
              },
              {
                "chapter_name": "Our Environment",
                "questions": [
                  {
                    "question_no": 33,
                    "question_html": "<p><b>(a) (i)</b> Why does a kitchen garden called an artificial ecosystem while a forest is considered to be a natural ecosystem ?<br><b>(a) (ii)</b> While designing an artificial ecosystem at home, write any two things to be kept in mind to convert it into a self-sustaining system. Give reason to justify your answer.<br><b>OR</b><br><b>(b) (i)</b> Construct a food chain of four trophic levels comprising the following : Hawk, snake, plants, rat.<br><b>(b) (ii)</b> 20,000 J of energy was transferred by the producers to the organism of second trophic level. Calculate the amount of energy that will be transferred by organisms of the third trophic level to the organisms of the fourth trophic level.</p>",
                    "options": [],
                    "correct_answer": {
                      "text": "<p><b>(a) (i)</b> A kitchen garden is an artificial ecosystem because it is created and maintained by humans. Humans decide which plants to grow, provide water and nutrients, and remove pests. A forest, on the other hand, is a natural ecosystem that is self-sustaining and maintained by nature without human intervention.<br><b>(a) (ii)</b> To make an artificial ecosystem (like an aquarium) self-sustaining, two things to keep in mind are:<br><b>1. Include Producers:</b> Add aquatic plants (like Hydrilla). Reason: They will produce food through photosynthesis and release oxygen for the animals.<br><b>2. Include Decomposers:</b> Introduce bacteria or certain snails. Reason: They will break down waste products and dead organisms, recycling nutrients back into the ecosystem.<br><br><b>OR</b><br><br><b>(b) (i)</b> A food chain with four trophic levels is:<br>Plants → Rat → Snake → Hawk<br>(Trophic Level 1) → (Trophic Level 2) → (Trophic Level 3) → (Trophic Level 4)<br><br><b>(b) (ii)</b> According to the 10% law of energy transfer, only about 10% of the energy is transferred from one trophic level to the next.<br>Energy available at second trophic level (Rat) = 20,000 J.<br>Energy transferred to the third trophic level (Snake) = 10% of 20,000 J = 0.10 × 20,000 = 2,000 J.<br>Energy transferred from the third trophic level (Snake) to the fourth trophic level (Hawk) = 10% of 2,000 J = 0.10 × 2,000 = <b>200 J</b>.</p>"
                    },
                    "question_type": "Short Answer (3 marks)",
                    "difficulty_level": "medium",
                    "explanation_html": null
                  }
                ]
              },
              {
                "chapter_name": "Carbon and its Compounds",
                "questions": [
                  {
                    "question_no": 34,
                    "question_html": "<p><b>(a) (i)</b> A saturated organic compound 'A' belongs to the homologous series of alcohols. On heating 'A' with concentrated sulphuric acid at 443 K, it forms an unsaturated compound 'B' with molecular mass 28 u. The compound ‘B' on addition of one mole of hydrogen in the presence of Nickel, changes to a saturated hydrocarbon ‘C’. Identify A, B and C.<br><b>(a) (ii)</b> Write the chemical equations showing the conversion of A into B.<br><b>(a) (iii)</b> What happens when compound C undergoes combustion ?<br><b>(a) (iv)</b> State one industrial application of hydrogenation reaction.<br><b>(a) (v)</b> Name the products formed when compound A reacts with sodium.<br><b>OR</b><br><b>(b) (i)</b> With the help of diagram, show the formation of micelles, when soap is applied on oily dirt.<br><b>(b) (ii)</b> Take two test tubes X and Y with 10 mL of hard water in each. In test tube 'X', add few drops of soap solution and in test tube 'Y' add a few drops of detergent solution. Shake both the test tubes for the same period. (1) In which test tube the formation of foam will be more ? Why? (2) In which test tube is a curdy solid formed? Why?</p>",
                    "options": [],
                    "correct_answer": {
                      "text": "<p><b>(a) (i)</b> Compound 'B' has molecular mass 28 u. Since it is an unsaturated hydrocarbon (alkene, CnH2n), 12n + 2n = 28 => 14n = 28 => n=2. So, 'B' is Ethene (CH₂=CH₂).<br>'A' is an alcohol that forms ethene, so 'A' is Ethanol (CH₃CH₂OH).<br>'C' is formed by adding hydrogen to ethene, so 'C' is Ethane (CH₃-CH₃).<br><b>A: Ethanol, B: Ethene, C: Ethane</b>.<br><b>(a) (ii)</b> CH₃CH₂OH --(conc. H₂SO₄, 443K)--> CH₂=CH₂ + H₂O<br><b>(a) (iii)</b> When ethane (C) undergoes combustion, it reacts with oxygen to produce carbon dioxide, water, and a large amount of heat and light.<br>2C₂H₆ + 7O₂ → 4CO₂ + 6H₂O + Heat<br><b>(a) (iv)</b> Hydrogenation is used industrially to convert unsaturated vegetable oils into saturated fats (vanaspati ghee).<br><b>(a) (v)</b> When ethanol (A) reacts with sodium, it forms sodium ethoxide and hydrogen gas.<br>2CH₃CH₂OH + 2Na → 2CH₃CH₂ONa + H₂<br><br><b>OR</b><br><br><b>(b) (i)</b> The diagram should show an oil droplet at the center, surrounded by soap molecules. The hydrophobic hydrocarbon tails of the soap molecules should be pointing inwards, dissolved in the oil droplet, while the hydrophilic ionic heads should be pointing outwards into the water, forming a spherical structure called a micelle.<br><b>(b) (ii) (1)</b> Formation of foam will be more in test tube <b>Y (detergent)</b>. This is because detergents are effective in hard water. Their calcium and magnesium salts are soluble in water and do not form a precipitate, allowing them to lather well.<br><b>(b) (ii) (2)</b> A curdy solid (scum) is formed in test tube <b>X (soap)</b>. This happens because soap molecules react with the calcium and magnesium ions present in hard water to form an insoluble precipitate called scum. This precipitate prevents the soap from forming lather.</p>"
                    },
                    "question_type": "Long Answer (5 marks)",
                    "difficulty_level": "hard",
                    "explanation_html": null
                  }
                ]
              },
              {
                "chapter_name": "How do Organisms Reproduce?",
                "questions": [
                  {
                    "question_no": 35,
                    "question_html": "<p><b>(a)</b> Name the parts of a bisexual flower that are not directly involved in reproduction.<br><b>(b)</b> Differentiate between self pollination and cross pollination. List any two significance of pollination.<br><b>(c)</b> What is the fate of ovules and ovary after fertilization in a flower ?</p>",
                    "options": [],
                    "correct_answer": {
                      "text": "<p><b>(a)</b> The parts of a bisexual flower not directly involved in reproduction are the accessory whorls: <b>sepals (calyx)</b> and <b>petals (corolla)</b>. Their main functions are to protect the flower in the bud stage and to attract pollinators, respectively.<br><br><b>(b)</b><br><b>Self Pollination:</b> It is the transfer of pollen grains from the anther to the stigma of the same flower or another flower on the same plant.<br><b>Cross Pollination:</b> It is the transfer of pollen grains from the anther of a flower on one plant to the stigma of a flower on another plant of the same species.<br><br><b>Significance of Pollination:</b><br>1. It is a necessary step for fertilization and subsequent seed and fruit formation.<br>2. Cross pollination brings about genetic variation and recombination, leading to healthier offspring and the evolution of new varieties.<br><br><b>(c)</b> After fertilization:<br>The <b>ovule</b> develops into the <b>seed</b>.<br>The <b>ovary</b> develops into the <b>fruit</b>.</p>"
                    },
                    "question_type": "Long Answer (5 marks)",
                    "difficulty_level": "medium",
                    "explanation_html": null
                  }
                ]
              },
              {
                "chapter_name": "Electricity",
                "questions": [
                  {
                    "question_no": 36,
                    "question_html": "<p><b>(a)</b> An electric iron consumes energy at a rate of 880 W when heating is at the maximum rate and 330 W when the heating is at the minimum. If the source voltage is 220 V, calculate the current and resistance in each case.<br><b>(b)</b> What is heating effect of electric current ?<br><b>(c)</b> Find an expression for the amount of heat produced when a current passes through a resistor for some time.</p>",
                    "options": [],
                    "correct_answer": {
                      "text": "<p><b>(a) Case 1: Maximum Heating Rate</b><br>Power (P_max) = 880 W<br>Voltage (V) = 220 V<br>Current (I_max) = P_max / V = 880 / 220 = <b>4 A</b><br>Resistance (R_min) = V / I_max = 220 / 4 = <b>55 Ω</b><br><br><b>Case 2: Minimum Heating Rate</b><br>Power (P_min) = 330 W<br>Voltage (V) = 220 V<br>Current (I_min) = P_min / V = 330 / 220 = <b>1.5 A</b><br>Resistance (R_max) = V / I_min = 220 / 1.5 ≈ <b>146.67 Ω</b><br><br><b>(b)</b> The heating effect of electric current, also known as Joule's heating, is the phenomenon where the passage of an electric current through a resistor generates heat. This happens because the electrical energy is converted into heat energy as the charge carriers collide with the atoms of the resistor.<br><br><b>(c)</b> The expression for the amount of heat (H) produced is given by Joule's law of heating.<br>H = I²Rt<br>Where I is the current, R is the resistance, and t is the time for which the current flows. Alternatively, using V = IR, the expression can also be written as H = VIt.</p>"
                    },
                    "question_type": "Long Answer (5 marks)",
                    "difficulty_level": "medium",
                    "explanation_html": null
                  }
                ]
              },
              {
                "chapter_name": "Metals and Non-metals",
                "questions": [
                  {
                    "question_no": 37,
                    "question_html": "<p>Almost all metals combine with oxygen to form metal oxides. Metal oxides are generally basic in nature. But some metal oxides show both basic as well as acidic behaviour. Different metals show different reactivities towards oxygen. Some react vigorously while some do not react at all.<br><b>(a)</b> What happens when copper is heated in air ? (Give the equation of the reaction involved).<br><b>(b)</b> Why are some metal oxides categorized as amphoteric ? Give one example.<br><b>(c) (i)</b> Complete the equation: Na₂O(s) + H₂O(l) →<br><b>(c) (ii)</b> Complete the equation: Al₂O₃ + 2 NaOH →<br><b>OR</b><br><b>(c) (i)</b> On burning Sulphur in oxygen a colourless gas is produced. Write chemical equation for the reaction.<br><b>(c) (ii)</b> Name the gas formed.<br><b>(c) (iii)</b> State the nature of the gas.<br><b>(c) (iv)</b> What will be the action of this on a dry litmus paper?</p>",
                    "options": [],
                    "correct_answer": {
                      "text": "<p><b>(a)</b> When copper is heated in air, it reacts with oxygen to form a black layer of copper(II) oxide on its surface.<br>Equation: 2Cu(s) + O₂(g) --(Heat)--> 2CuO(s)<br><br><b>(b)</b> Some metal oxides are categorized as amphoteric because they react with both acids and bases to produce salt and water. Example: Aluminium oxide (Al₂O₃) or Zinc oxide (ZnO).<br><br><b>(c) (i)</b> Na₂O(s) + H₂O(l) → <b>2NaOH(aq)</b><br><b>(c) (ii)</b> Al₂O₃(s) + 2NaOH(aq) → <b>2NaAlO₂(aq) + H₂O(l)</b> (Sodium aluminate)<br><br><b>OR</b><br><br><b>(c) (i)</b> S(s) + O₂(g) → SO₂(g)<br><b>(c) (ii)</b> The gas formed is Sulphur dioxide.<br><b>(c) (iii)</b> Sulphur dioxide is an oxide of a non-metal, so its nature is acidic.<br><b>(c) (iv)</b> There will be <b>no change</b> in the colour of a dry litmus paper. For an acidic gas to show its properties, it must dissolve in water to produce H+ ions. Since the litmus paper is dry, no H+ ions are formed.</p>"
                    },
                    "question_type": "Case-based Subjective",
                    "difficulty_level": "medium",
                    "explanation_html": null
                  }
                ]
              },
              {
                "chapter_name": "Heredity",
                "questions": [
                  {
                    "question_no": 38,
                    "question_html": "<p>In order to trace the inheritance of traits Mendel crossed pea plants having one contrasting character or a pair of contrasting characters. When he crossed pea plants having round and yellow seeds with pea plants having wrinkled and green seeds, he observed that no plants with wrinkled and green seeds were obtained in the F₁ generation. When the F₁ generation pea plants were cross-bred by self-pollination, the F₂ generation had seeds with different combinations of shape and colour also.<br><b>(a)</b> Write any two pairs of contrasting characteristics of pea plant used by Mendel other than those mentioned above.<br><b>(b)</b> Differentiate between dominant and recessive traits.<br><b>(c)</b> State the ratio of the combinations observed in the seeds of F₂ generation (in the above case). What do you interpret from this result ?<br><b>OR</b><br><b>(c)</b> Given below is a cross between a pure violet flowered pea plant (V) and a pure white flowered pea plant (v). Diagrammatically explain what type of progeny is obtained in F₁ generation and F₂ generation :</p>",
                    "options": [],
                    "correct_answer": {
                      "text": "<p><b>(a)</b> Two other pairs of contrasting characteristics are:<br>1. Plant Height: Tall / Dwarf (or Short)<br>2. Flower Colour: Violet / White<br><br><b>(b)</b><br><b>Dominant Trait:</b> A trait that expresses itself in the heterozygous condition (e.g., in the F₁ generation) even if only one copy of the allele for that trait is present.<br><b>Recessive Trait:</b> A trait whose expression is suppressed in the presence of a dominant allele. It only expresses itself when two copies of the recessive allele are present (homozygous recessive condition).<br><br><b>(c)</b> The ratio of combinations observed in the F₂ generation for a dihybrid cross is <b>9:3:3:1</b>.<br>(9 Round Yellow : 3 Round Green : 3 Wrinkled Yellow : 1 Wrinkled Green).<br><b>Interpretation:</b> This result leads to Mendel's Law of Independent Assortment, which states that the alleles for different traits (like seed shape and seed colour) are inherited independently of each other.<br><br><b>OR</b><br><br><b>(c)</b><br><b>Parental Cross:</b> Pure Violet (VV) × Pure White (vv)<br><b>Gametes:</b> (V) and (v)<br><b>F₁ Generation:</b> All progeny will have the genotype <b>Vv</b> and will be <b>Violet</b> flowered, as Violet (V) is dominant over white (v).<br><br><b>F₁ Self-pollination:</b> Violet (Vv) × Violet (Vv)<br><b>Gametes:</b> (V), (v) from both parents.<br><b>F₂ Generation:</b> A Punnett square would show the following genotypes:<br>- <b>VV</b> (Pure Violet)<br>- <b>Vv</b> (Hybrid Violet)<br>- <b>Vv</b> (Hybrid Violet)<br>- <b>vv</b> (Pure White)<br>The phenotypic ratio is <b>3 Violet : 1 White</b>. The genotypic ratio is <b>1 VV : 2 Vv : 1 vv</b>.</p>"
                    },
                    "question_type": "Case-based Subjective",
                    "difficulty_level": "medium",
                    "explanation_html": null
                  }
                ]
              },
              {
                "chapter_name": "Light - Reflection and Refraction",
                "questions": [
                  {
                    "question_no": 39,
                    "question_html": "<p>Hold a concave mirror in your hand and direct its reflecting surface towards the sun. Direct the light reflected by the mirror on to a white card-board held close to the mirror. Move the card-board back and forth gradually until you find a bright, sharp spot of light on the board. This spot of light is the image of the sun on the sheet of paper; which is also termed as \"Principal Focus\" of the concave mirror.<br><b>(a)</b> List two applications of concave mirror.<br><b>(b)</b> If the distance between the mirror and the principal focus is 15 cm, find the radius of curvature of the mirror.<br><b>(c)</b> Draw a ray diagram to show the type of image formed when an object is placed between pole and focus of a concave mirror.<br><b>OR</b><br><b>(c) (i)</b> An object 10 cm in size is placed at 100 cm in front of a concave mirror. If its image is formed at the same point where the object is located, find the focal length of the mirror, and<br><b>(c) (ii)</b> find the magnification of the image formed with sign as per Cartesian sign convention.</p>",
                    "images": [
                      {
                        "url": "https://img.testbuddyai.com/Science-31-1-23-Q39.png"
                      }
                    ],
                    "options": [],
                    "correct_answer": {
                      "text": "<p><b>(a)</b> Two applications of concave mirrors are:<br>1. As shaving mirrors or makeup mirrors to see a magnified image of the face.<br>2. Used by dentists to see a magnified image of teeth.<br>(Other examples: in torches, searchlights, and vehicle headlights as reflectors; in solar furnaces).<br><br><b>(b)</b> The distance between the mirror and the principal focus is the focal length (f). So, f = 15 cm.<br>The radius of curvature (R) is twice the focal length (R = 2f).<br>R = 2 × 15 cm = <b>30 cm</b>.<br><br><b>(c)</b> The ray diagram should show an object placed between the pole (P) and focus (F) of a concave mirror. The resulting image formed behind the mirror is virtual, erect, and magnified.<br><br><b>OR</b><br><br><b>(c)</b> If the image is formed at the same point where the object is located, it means the object is placed at the center of curvature (C) of the concave mirror.<br>Object distance (u) = -100 cm.<br>Therefore, the center of curvature is at 100 cm from the mirror.<br>Radius of Curvature (R) = 100 cm.<br><br><b>(i) Focal length (f):</b><br>f = R / 2 = 100 / 2 = <b>50 cm</b>.<br>Since it's a concave mirror, f = <b>-50 cm</b>.<br><br><b>(ii) Magnification (m):</b><br>Image distance (v) = -100 cm (since the image is real, inverted, and formed at C).<br>m = -v / u = -(-100) / (-100) = 100 / -100 = <b>-1</b>.<br>The magnification is -1, indicating that the image is the same size as the object and is inverted.</p>"
                    },
                    "question_type": "Case-based Subjective",
                    "difficulty_level": "medium",
                    "explanation_html": null
                  }
                ]
              }
            ]
          }
        ]
      }
    ]
  }
]