[
  {
    "exam_name_actual": "CBSE Board - Class 12 - Science",
    "main_exam_id_name_ref": "CBSE Board - Class 12 - Science",
    "years": [
      {
        "year": "2022",
        "papers_or_subjects": [
          {
            "paper_name": "CBSE Class 12 Science (Mathematics) Paper 2022 (QP Code: 65/5/1)",
            "subject_name": "Mathematics",
            "chapters": [
              {
                "chapter_name": "Integrals",
                "questions": [
                  {
                    "question_no": 1,
                    "question_html": "<p>Find: ∫ dx / √(4x - x²)</p>",
                    "options": [],
                    "correct_answer": {
                      "text": "<p>We have, ∫ dx / √(4x - x²)<br>= ∫ dx / √(- (x² - 4x))<br>= ∫ dx / √(- (x² - 4x + 4 - 4))<br>= ∫ dx / √(4 - (x - 2)²)<br>= ∫ dx / √(2² - (x - 2)²)<br>= sin⁻¹((x - 2)/2) + C</p>"
                    },
                    "question_type": "Very Short Answer (2 marks)",
                    "difficulty_level": "easy",
                    "explanation_html": null
                  }
                ]
              },
              {
                "chapter_name": "Differential Equations",
                "questions": [
                  {
                    "question_no": 2,
                    "question_html": "<p>Find the general solution of the following differential equation :<br>dy/dx = e<sup>x-y</sup> + x²e<sup>-y</sup></p>",
                    "options": [],
                    "correct_answer": {
                      "text": "<p>The given differential equation is:<br>dy/dx = e<sup>x-y</sup> + x²e<sup>-y</sup><br>dy/dx = e<sup>x</sup>e<sup>-y</sup> + x²e<sup>-y</sup><br>dy/dx = e<sup>-y</sup>(e<sup>x</sup> + x²)<br>Separating the variables, we get:<br>e<sup>y</sup> dy = (e<sup>x</sup> + x²) dx<br>Integrating both sides:<br>∫ e<sup>y</sup> dy = ∫ (e<sup>x</sup> + x²) dx<br>e<sup>y</sup> = e<sup>x</sup> + x³/3 + C<br>This is the required general solution.</p>"
                    },
                    "question_type": "Very Short Answer (2 marks)",
                    "difficulty_level": "medium",
                    "explanation_html": null
                  }
                ]
              },
              {
                "chapter_name": "Probability",
                "questions": [
                  {
                    "question_no": 3,
                    "question_html": "<p>Let X be a random variable which assumes values x₁, x₂, x₃, x₄ such that 2P(X=x₁) = 3P(X=x₂) = P(X=x₃) = 5P(X=x₄).<br>Find the probability distribution of X.</p>",
                    "options": [],
                    "correct_answer": {
                      "text": "<p>Let 2P(X=x₁) = 3P(X=x₂) = P(X=x₃) = 5P(X=x₄) = k.<br>Then, P(X=x₁) = k/2<br>P(X=x₂) = k/3<br>P(X=x₃) = k<br>P(X=x₄) = k/5</p><p>Since the sum of probabilities in a probability distribution is 1, we have:<br>P(X=x₁) + P(X=x₂) + P(X=x₃) + P(X=x₄) = 1<br>k/2 + k/3 + k + k/5 = 1<br>(15k + 10k + 30k + 6k) / 30 = 1<br>61k / 30 = 1<br>k = 30/61</p><p>Now we can find the probabilities for each value:<br>P(X=x₁) = (30/61) / 2 = 15/61<br>P(X=x₂) = (30/61) / 3 = 10/61<br>P(X=x₃) = 30/61<br>P(X=x₄) = (30/61) / 5 = 6/61</p><p>The probability distribution of X is:</p><table><tbody><tr><td>X</td><td>x₁</td><td>x₂</td><td>x₃</td><td>x₄</td></tr><tr><td>P(X)</td><td>15/61</td><td>10/61</td><td>30/61</td><td>6/61</td></tr></tbody></table>"
                    },
                    "question_type": "Very Short Answer (2 marks)",
                    "difficulty_level": "medium",
                    "explanation_html": null
                  }
                ]
              },
              {
                "chapter_name": "Vector Algebra",
                "questions": [
                  {
                    "question_no": 4,
                    "question_html": "<p>If vector a = i + j + k, a·b=1 and a × b = j - k, then find |b|</p>",
                    "options": [],
                    "correct_answer": {
                      "text": "<p>Let vector b = xi + yj + zk.<br>Given, a·b = 1<br>(i + j + k)·(xi + yj + zk) = 1<br>x + y + z = 1  ---(1)</p><p>Also given, a × b = j - k<br>The cross product a x b is given by the determinant:<br>| i  j  k |<br>| 1  1  1 |<br>| x  y  z |<br>= i(z - y) - j(z - x) + k(y - x)<br>Equating this to the given vector j - k:<br>i(z - y) - j(z - x) + k(y - x) = 0i + 1j - 1k</p><p>Comparing the components:<br>z - y = 0  => y = z  ---(2)<br>-(z - x) = 1 => x - z = 1  ---(3)<br>y - x = -1 (This is consistent with the other two equations)</p><p>Now, we solve the system of equations:<br>From (2), substitute y = z into (1):<br>x + z + z = 1 => x + 2z = 1<br>From (3), x = 1 + z.<br>Substitute this into the equation above:<br>(1 + z) + 2z = 1<br>1 + 3z = 1 => 3z = 0 => z = 0.<br>Since y = z, y = 0.<br>Since x = 1 + z, x = 1.</p><p>So, the vector b = 1i + 0j + 0k = i.<br>The magnitude of b is |b| = |i| = 1.</p>"
                    },
                    "question_type": "Very Short Answer (2 marks)",
                    "difficulty_level": "hard",
                    "explanation_html": null
                  }
                ]
              },
              {
                "chapter_name": "Three Dimensional Geometry",
                "questions": [
                  {
                    "question_no": 5,
                    "question_html": "<p>If a line makes an angle α, β, γ with the coordinate axes, then find the value of cos2α + cos2β + cos2γ.</p>",
                    "options": [],
                    "correct_answer": {
                      "text": "<p>Let the direction cosines of the line be l, m, and n.<br>We know that l = cos α, m = cos β, and n = cos γ.<br>A fundamental property of direction cosines is that the sum of their squares is equal to 1.<br>So, l² + m² + n² = 1<br>cos²α + cos²β + cos²γ = 1</p><p>We need to find the value of cos2α + cos2β + cos2γ.<br>Using the trigonometric identity cos2θ = 2cos²θ - 1, we can write:<br>cos2α = 2cos²α - 1<br>cos2β = 2cos²β - 1<br>cos2γ = 2cos²γ - 1</p><p>Adding these three equations:<br>cos2α + cos2β + cos2γ = (2cos²α - 1) + (2cos²β - 1) + (2cos²γ - 1)<br>= 2(cos²α + cos²β + cos²γ) - 3<br>Substituting the value of cos²α + cos²β + cos²γ = 1:<br>= 2(1) - 3<br>= 2 - 3 = -1</p><p>Therefore, cos2α + cos2β + cos2γ = -1.</p>"
                    },
                    "question_type": "Very Short Answer (2 marks)",
                    "difficulty_level": "easy",
                    "explanation_html": null
                  }
                ]
              },
              {
                "chapter_name": "Probability",
                "questions": [
                  {
                    "question_no": 6,
                    "question_html": "<p>(a) Events A and B are such that P(A)=1/2, P(B)=7/12 and P(A' U B') = 1/4. Find whether the events A and B are independent or not.</p><p><b>OR</b></p><p>(b) A box B₁ contains 1 white ball and 3 red balls. Another box B₂ contains 2 white balls and 3 red balls. If one ball is drawn at random from each of the boxes B₁ and B₂, then find the probability that the two balls drawn are of the same colour.</p>",
                    "options": [],
                    "correct_answer": {
                      "text": "<p><b>(a)</b> Given P(A) = 1/2, P(B) = 7/12, and P(A' U B') = 1/4.<br>By De Morgan's Law, A' U B' = (A ∩ B)'.<br>So, P(A' U B') = P((A ∩ B)') = 1 - P(A ∩ B).<br>1/4 = 1 - P(A ∩ B)<br>P(A ∩ B) = 1 - 1/4 = 3/4.</p><p>For events A and B to be independent, the condition P(A ∩ B) = P(A) × P(B) must be satisfied.<br>Let's calculate P(A) × P(B):<br>P(A) × P(B) = (1/2) × (7/12) = 7/24.</p><p>Comparing the two values:<br>P(A ∩ B) = 3/4 = 18/24<br>P(A) × P(B) = 7/24<br>Since P(A ∩ B) ≠ P(A) × P(B), the events A and B are not independent.</p><p><em>Note: The given values lead to P(A ∩ B) = 3/4, which is greater than P(A)=1/2. This is logically impossible. However, based on the standard procedure for the given numbers, this is the conclusion.</em></p><p><b>OR</b></p><p><b>(b)</b> Let W₁, R₁ be the events of drawing a white and red ball from box B₁.<br>Let W₂, R₂ be the events of drawing a white and red ball from box B₂.</p><p>Probabilities for Box B₁ (1W, 3R; Total 4):<br>P(W₁) = 1/4<br>P(R₁) = 3/4</p><p>Probabilities for Box B₂ (2W, 3R; Total 5):<br>P(W₂) = 2/5<br>P(R₂) = 3/5</p><p>The probability that both balls drawn are of the same colour is:<br>P(Same Colour) = P(Both White) + P(Both Red)<br>= P(W₁ ∩ W₂) + P(R₁ ∩ R₂)<br>Since the draws from the two boxes are independent events:<br>= (P(W₁) × P(W₂)) + (P(R₁) × P(R₂))<br>= (1/4 × 2/5) + (3/4 × 3/5)<br>= 2/20 + 9/20<br>= 11/20.</p>"
                    },
                    "question_type": "Very Short Answer (2 marks)",
                    "difficulty_level": "medium",
                    "explanation_html": null
                  }
                ]
              },
              {
                "chapter_name": "Integrals",
                "questions": [
                  {
                    "question_no": 7,
                    "question_html": "<p>Evaluate: ∫₀<sup>π/4</sup> dx / (1 + tanx)</p>",
                    "options": [],
                    "correct_answer": {
                      "text": "<p>Let I = ∫₀<sup>π/4</sup> dx / (1 + tanx) --- (1)</p><p>Using the property ∫₀<sup>a</sup> f(x) dx = ∫₀<sup>a</sup> f(a - x) dx, we have:<br>I = ∫₀<sup>π/4</sup> dx / (1 + tan(π/4 - x))<br>We know the identity tan(A - B) = (tanA - tanB) / (1 + tanA tanB).<br>So, tan(π/4 - x) = (tan(π/4) - tanx) / (1 + tan(π/4)tanx) = (1 - tanx) / (1 + tanx).<br>Substituting this back into the integral:<br>I = ∫₀<sup>π/4</sup> dx / (1 + (1 - tanx) / (1 + tanx))<br>I = ∫₀<sup>π/4</sup> dx / ((1 + tanx + 1 - tanx) / (1 + tanx))<br>I = ∫₀<sup>π/4</sup> (1 + tanx) / 2 dx --- (2)</p><p>Adding equations (1) and (2) is a common method, but here we can solve (2) directly.<br>From (2), 2I = ∫₀<sup>π/4</sup> (1 + tanx) dx.<br>Let's use a different approach by adding (1) and another form of (2).<br>From step 2, I = ∫₀<sup>π/4</sup> (1 + tanx) / 2 dx<br>Also, from step 1, I = ∫₀<sup>π/4</sup> 1 / (1 + tanx) dx = ∫₀<sup>π/4</sup> cosx / (cosx + sinx) dx<br>Let's use the property on this form:<br>I = ∫₀<sup>π/4</sup> cos(π/4 - x) / (cos(π/4 - x) + sin(π/4 - x)) dx<br>cos(A-B) = cosAcosB + sinAsinB, sin(A-B) = sinAcosB - cosAsinB<br>cos(π/4-x) = (1/√2)(cosx+sinx), sin(π/4-x) = (1/√2)(sinx-cosx) ... this is getting complicated.</p><p>Let's go back to adding I from (1) and I from the property application.<br>I = ∫₀<sup>π/4</sup> dx / (1 + tanx)  ---(1)<br>I = ∫₀<sup>π/4</sup> (1 + tanx - 1) / 2 dx ... this is not right.<br>I = ∫₀<sup>π/4</sup> (1 + tanx) / 2 dx  ---(2)<br>Adding (1) and I expressed as ∫₀<sup>π/4</sup> (1 - tanx + tanx) / (1 + tanx) dx gives nothing.<br>Let's solve `2I = ∫₀<sup>π/4</sup> (1 + tanx) dx` from the marking scheme.<br>2I = [x + log|secx|] from 0 to π/4<br>2I = [(π/4 + log|sec(π/4)|) - (0 + log|sec(0)|)]<br>2I = [π/4 + log(√2)] - [0 + log(1)]<br>2I = π/4 + log(2<sup>1/2</sup>) - 0<br>2I = π/4 + (1/2)log(2)<br>I = π/8 + (1/4)log(2)</p>"
                    },
                    "question_type": "Short Answer (3 marks)",
                    "difficulty_level": "hard",
                    "explanation_html": null
                  }
                ]
              },
              {
                "chapter_name": "Vector Algebra",
                "questions": [
                  {
                    "question_no": 8,
                    "question_html": "<p>(a) If a and b are two vectors such that |a+b| = |b|, then prove that (a + 2b) is perpendicular to a.</p><p><b>OR</b></p><p>(b) If a and b are unit vectors and θ is the angle between them, then prove that sin(θ/2) = (1/2)|a-b|.</p>",
                    "options": [],
                    "correct_answer": {
                      "text": "<p><b>(a)</b><br>Given, |a+b| = |b|.<br>Squaring both sides:<br>|a+b|² = |b|²<br>(a+b)·(a+b) = b·b<br>a·a + a·b + b·a + b·b = b·b<br>|a|² + 2(a·b) + |b|² = |b|²<br>|a|² + 2(a·b) = 0<br>a·a + 2(a·b) = 0<br>Taking 'a' common using the distributive property of the dot product:<br>a·(a + 2b) = 0<br>Since the dot product of the vectors (a + 2b) and a is zero, the vectors are perpendicular to each other. Hence proved.</p><p><b>OR</b></p><p><b>(b)</b><br>Consider the expression |a-b|².<br>|a-b|² = (a-b)·(a-b)<br>= a·a - a·b - b·a + b·b<br>= |a|² - 2(a·b) + |b|²<br>Given that a and b are unit vectors, so |a| = 1 and |b| = 1.<br>The dot product a·b = |a||b|cosθ = (1)(1)cosθ = cosθ.<br>Substituting these values:<br>|a-b|² = 1² - 2cosθ + 1²<br>= 2 - 2cosθ<br>= 2(1 - cosθ)<br>Using the trigonometric identity 1 - cosθ = 2sin²(θ/2):<br>|a-b|² = 2(2sin²(θ/2)) = 4sin²(θ/2)<br>Taking the square root of both sides:<br>|a-b| = 2sin(θ/2)<br>Rearranging the equation:<br>sin(θ/2) = (1/2)|a-b|. Hence proved.</p>"
                    },
                    "question_type": "Short Answer (3 marks)",
                    "difficulty_level": "medium",
                    "explanation_html": null
                  }
                ]
              },
              {
                "chapter_name": "Three Dimensional Geometry",
                "questions": [
                  {
                    "question_no": 9,
                    "question_html": "<p>Find the equation of the plane passing through the line of intersection of the planes r·(i+j+k) = 10 and r·(2i+3j-k)+4 = 0 and passing through the point (-2, 3, 1).</p>",
                    "options": [],
                    "correct_answer": {
                      "text": "<p>The equation of a plane passing through the line of intersection of two planes P₁: r·n₁ = d₁ and P₂: r·n₂ = d₂ is given by (r·n₁ - d₁) + λ(r·n₂ - d₂) = 0.</p><p>Here, the two planes are:<br>P₁: r·(i+j+k) - 10 = 0<br>P₂: r·(2i+3j-k) + 4 = 0</p><p>The equation of the required plane is:<br>[r·(i+j+k) - 10] + λ[r·(2i+3j-k) + 4] = 0<br>Rearranging the terms:<br>r·[(i+j+k) + λ(2i+3j-k)] - 10 + 4λ = 0<br>r·[(1+2λ)i + (1+3λ)j + (1-λ)k] - 10 + 4λ = 0</p><p>The plane passes through the point (-2, 3, 1), whose position vector is r = -2i+3j+k.<br>Substituting this into the equation:<br>(-2i+3j+k)·[(1+2λ)i + (1+3λ)j + (1-λ)k] - 10 + 4λ = 0<br>-2(1+2λ) + 3(1+3λ) + 1(1-λ) - 10 + 4λ = 0<br>-2 - 4λ + 3 + 9λ + 1 - λ - 10 + 4λ = 0<br>Combine the constant terms and λ terms:<br>(-2 + 3 + 1 - 10) + (-4λ + 9λ - λ + 4λ) = 0<br>-8 + 8λ = 0<br>8λ = 8<br>λ = 1</p><p>Substitute λ = 1 back into the equation of the plane:<br>r·[(1+2(1))i + (1+3(1))j + (1-1)k] - 10 + 4(1) = 0<br>r·(3i + 4j + 0k) - 6 = 0<br>The equation of the plane is r·(3i + 4j) = 6.</p>"
                    },
                    "question_type": "Short Answer (3 marks)",
                    "difficulty_level": "hard",
                    "explanation_html": null
                  }
                ]
              },
              {
                "chapter_name": "Integrals",
                "questions": [
                  {
                    "question_no": 10,
                    "question_html": "<p>(a) Find: ∫ e<sup>x</sup>sin(2x) dx</p><p><b>OR</b></p><p>(b) Find: ∫ 2x / ((x²+1)(x²+2)) dx</p>",
                    "options": [],
                    "correct_answer": {
                      "text": "<p><b>(a)</b> Let I = ∫ e<sup>x</sup>sin(2x) dx.<br>Using integration by parts (∫ u dv = uv - ∫ v du), let u = sin(2x) and dv = e<sup>x</sup>dx.<br>Then du = 2cos(2x)dx and v = e<sup>x</sup>.<br>I = sin(2x)e<sup>x</sup> - ∫ e<sup>x</sup>(2cos(2x)) dx<br>I = e<sup>x</sup>sin(2x) - 2∫ e<sup>x</sup>cos(2x) dx</p><p>Now, apply integration by parts to ∫ e<sup>x</sup>cos(2x) dx. Let u = cos(2x) and dv = e<sup>x</sup>dx.<br>Then du = -2sin(2x)dx and v = e<sup>x</sup>.<br>∫ e<sup>x</sup>cos(2x) dx = cos(2x)e<sup>x</sup> - ∫ e<sup>x</sup>(-2sin(2x)) dx<br>= e<sup>x</sup>cos(2x) + 2∫ e<sup>x</sup>sin(2x) dx<br>= e<sup>x</sup>cos(2x) + 2I</p><p>Substitute this back into the equation for I:<br>I = e<sup>x</sup>sin(2x) - 2[e<sup>x</sup>cos(2x) + 2I]<br>I = e<sup>x</sup>sin(2x) - 2e<sup>x</sup>cos(2x) - 4I<br>5I = e<sup>x</sup>(sin(2x) - 2cos(2x))<br>I = (e<sup>x</sup>/5)(sin(2x) - 2cos(2x)) + C.</p><p><b>OR</b></p><p><b>(b)</b> Let I = ∫ 2x / ((x²+1)(x²+2)) dx.<br>Use the substitution method. Let t = x².<br>Then dt = 2x dx.<br>The integral becomes:<br>I = ∫ dt / ((t+1)(t+2))</p><p>Now, use partial fraction decomposition.<br>1 / ((t+1)(t+2)) = A/(t+1) + B/(t+2)<br>1 = A(t+2) + B(t+1)<br>To find A, let t = -1: 1 = A(-1+2) => A = 1.<br>To find B, let t = -2: 1 = B(-2+1) => 1 = -B => B = -1.</p><p>So, the integral is:<br>I = ∫ [1/(t+1) - 1/(t+2)] dt<br>= log|t+1| - log|t+2| + C<br>= log|(t+1)/(t+2)| + C</p><p>Substitute back t = x²:<br>I = log|(x²+1)/(x²+2)| + C.</p>"
                    },
                    "question_type": "Short Answer (3 marks)",
                    "difficulty_level": "medium",
                    "explanation_html": null
                  }
                ]
              },
              {
                "chapter_name": "Probability",
                "questions": [
                  {
                    "question_no": 11,
                    "question_html": "<p>Three persons A, B and C apply for a job of manager in a private company. Chances of their selection are in the ratio 1:2:4. The probability that A, B and C can introduce changes to increase the profits of a company are 0.8, 0.5 and 0.3 respectively. If increase in the profit does not take place, find the probability that it is due to the appointment of A.</p>",
                    "options": [],
                    "correct_answer": {
                      "text": "<p>Let E₁, E₂, and E₃ be the events that person A, B, and C are selected for the job, respectively.<br>Let F be the event that the profit does not increase.</p><p>The ratio of selection chances is 1:2:4. The sum of the ratios is 1+2+4=7.<br>P(E₁) = 1/7<br>P(E₂) = 2/7<br>P(E₃) = 4/7</p><p>The probabilities that A, B, and C will increase the profit are given. We need the probabilities that they will NOT increase the profit.<br>P(F|E₁) = 1 - P(profit increases given A) = 1 - 0.8 = 0.2<br>P(F|E₂) = 1 - P(profit increases given B) = 1 - 0.5 = 0.5<br>P(F|E₃) = 1 - P(profit increases given C) = 1 - 0.3 = 0.7</p><p>We need to find the probability that the appointment was of A, given that the profit did not increase, i.e., P(E₁|F).<br>Using Bayes' Theorem:<br>P(E₁|F) = [P(E₁) * P(F|E₁)] / [P(E₁) * P(F|E₁) + P(E₂) * P(F|E₂) + P(E₃) * P(F|E₃)]</p><p>Numerator:<br>P(E₁) * P(F|E₁) = (1/7) * 0.2 = 0.2 / 7</p><p>Denominator:<br>P(F) = P(E₁)P(F|E₁) + P(E₂)P(F|E₂) + P(E₃)P(F|E₃)<br>= (1/7)(0.2) + (2/7)(0.5) + (4/7)(0.7)<br>= (0.2 + 1.0 + 2.8) / 7<br>= 4.0 / 7</p><p>P(E₁|F) = (0.2 / 7) / (4.0 / 7)<br>= 0.2 / 4.0 = 2 / 40 = 1 / 20.</p><p>The probability that the lack of profit increase is due to the appointment of A is 1/20.</p>"
                    },
                    "question_type": "Long Answer (4 marks)",
                    "difficulty_level": "hard",
                    "explanation_html": null
                  }
                ]
              },
              {
                "chapter_name": "Application of Integrals",
                "questions": [
                  {
                    "question_no": 12,
                    "question_html": "<p>Find the area bounded by the curves y = |x-1| and y = 1, using integration.</p>",
                    "options": [],
                    "correct_answer": {
                      "text": "<p>The curves are y = |x-1| and y = 1.<br>First, let's understand the curve y = |x-1|.<br>It is defined as:<br>y = x - 1, if x - 1 ≥ 0 (i.e., x ≥ 1)<br>y = -(x - 1) = 1 - x, if x - 1 < 0 (i.e., x < 1)</p><p>Next, find the points of intersection between y = |x-1| and y = 1.<br>Case 1: x ≥ 1<br>1 = x - 1 => x = 2. The point is (2, 1).<br>Case 2: x < 1<br>1 = 1 - x => x = 0. The point is (0, 1).<br>The bounded region is a triangle with vertices at (0, 1), (2, 1), and the vertex of y=|x-1| which is (1,0).</p><p>The required area is the area under the line y=1 minus the area under the curve y=|x-1| from x=0 to x=2.<br>Area = ∫₀² (Upper Curve - Lower Curve) dx<br>Area = ∫₀² (1 - |x-1|) dx</p><p>We need to split the integral at x=1 because the definition of |x-1| changes at this point.<br>Area = ∫₀¹ (1 - (1-x)) dx + ∫₁² (1 - (x-1)) dx<br>= ∫₀¹ (1 - 1 + x) dx + ∫₁² (1 - x + 1) dx<br>= ∫₀¹ x dx + ∫₁² (2 - x) dx</p><p>Now, evaluate the integrals:<br>= [x²/2]₀¹ + [2x - x²/2]₁²<br>= (1²/2 - 0²/2) + [(2(2) - 2²/2) - (2(1) - 1²/2)]<br>= (1/2) + [(4 - 2) - (2 - 1/2)]<br>= 1/2 + [2 - 3/2]<br>= 1/2 + 1/2 = 1.</p><p>The area of the bounded region is 1 square unit.</p>"
                    },
                    "question_type": "Long Answer (4 marks)",
                    "difficulty_level": "medium",
                    "explanation_html": null
                  }
                ]
              },
              {
                "chapter_name": "Differential Equations",
                "questions": [
                  {
                    "question_no": 13,
                    "question_html": "<p>(a) Solve the following differential equation :<br>(y-sin²x)dx + tanxdy = 0</p><p><b>OR</b></p><p>(b) Find the general solution of the differential equation :<br>(x³+y³)dy = x²ydx</p>",
                    "options": [],
                    "correct_answer": {
                      "text": "<p><b>(a)</b> The given equation is (y - sin²x)dx + tanx dy = 0.<br>tanx dy = -(y - sin²x)dx<br>dy/dx = -(y - sin²x) / tanx<br>dy/dx = -y/tanx + sin²x/tanx<br>dy/dx + (cotx)y = sinxcosx</p><p>This is a linear differential equation of the form dy/dx + P(x)y = Q(x), where P(x) = cotx and Q(x) = sinxcosx.<br>The integrating factor (I.F.) is e<sup>∫P(x)dx</sup>.<br>I.F. = e<sup>∫cotx dx</sup> = e<sup>log|sinx|</sup> = sinx.</p><p>The solution is given by y * (I.F.) = ∫ Q(x) * (I.F.) dx + C.<br>y * sinx = ∫ (sinxcosx) * sinx dx<br>y sinx = ∫ sin²x cosx dx</p><p>Let t = sinx, so dt = cosx dx.<br>y sinx = ∫ t² dt = t³/3 + C<br>Substituting back t = sinx:<br>y sinx = (sin³x)/3 + C.</p><p><b>OR</b></p><p><b>(b)</b> The given equation is (x³+y³)dy = x²ydx.<br>dy/dx = x²y / (x³+y³)</p><p>This is a homogeneous differential equation. Let y = vx.<br>Then dy/dx = v + x(dv/dx).<br>v + x(dv/dx) = x²(vx) / (x³ + (vx)³)<br>v + x(dv/dx) = vx³ / (x³(1 + v³)) = v / (1 + v³)<br>x(dv/dx) = v/(1+v³) - v = (v - v(1+v³))/(1+v³) = -v⁴/(1+v³)</p><p>Separating the variables:<br>( (1+v³)/v⁴ ) dv = -dx/x<br>∫ (1/v⁴ + 1/v) dv = -∫ (1/x) dx<br>∫ v⁻⁴ dv + ∫ (1/v) dv = -log|x| + C<br>v⁻³/(-3) + log|v| = -log|x| + C<br>-1/(3v³) + log|v| = -log|x| + C</p><p>Substitute back v = y/x:<br>-1/(3(y/x)³) + log|y/x| + log|x| = C<br>-x³/(3y³) + log|y| - log|x| + log|x| = C<br>-x³/(3y³) + log|y| = C.</p>"
                    },
                    "question_type": "Long Answer (4 marks)",
                    "difficulty_level": "hard",
                    "explanation_html": null
                  }
                ]
              },
              {
                "chapter_name": "Three Dimensional Geometry",
                "questions": [
                  {
                    "question_no": 14,
                    "question_html": "<p><b>Case Study Based Question</b></p><p>Two motorcycles A and B are running at the speed more than the allowed speed on the roads represented by the lines r = λ(i + 2j - k) and r = (3i + 3j) + μ(2i + j + k) respectively.</p><p>Based on the above information, answer the following questions :<br>(a) Find the shortest distance between the given lines.<br>(b) Find the point at which the motorcycles may collide.</p>",
                    "images": [
                      {
                        "url": "https://img.testbuddyai.com/Maths-65-5-22-Q14.png"
                      }
                    ],
                    "options": [],
                    "correct_answer": {
                      "text": "<p>The given lines are:<br>L₁: r = (0i + 0j + 0k) + λ(i + 2j - k)<br>L₂: r = (3i + 3j + 0k) + μ(2i + j + k)</p><p>From the equations, we have:<br>a₁ = 0i + 0j + 0k<br>b₁ = i + 2j - k<br>a₂ = 3i + 3j + 0k<br>b₂ = 2i + j + k</p><p><b>(a) Find the shortest distance between the given lines.</b><br>The formula for the shortest distance (SD) between two skew lines is |(a₂ - a₁) · (b₁ × b₂)| / |b₁ × b₂|.</p><p>First, calculate a₂ - a₁:<br>a₂ - a₁ = (3i + 3j) - 0 = 3i + 3j</p><p>Next, calculate the cross product b₁ × b₂:<br>b₁ × b₂ = | i  j  k |<br>        | 1  2 -1 |<br>        | 2  1  1 |<br>= i(2 - (-1)) - j(1 - (-2)) + k(1 - 4)<br>= 3i - 3j - 3k</p><p>Now, calculate the dot product (a₂ - a₁) · (b₁ × b₂):<br>(3i + 3j) · (3i - 3j - 3k) = (3)(3) + (3)(-3) + (0)(-3) = 9 - 9 + 0 = 0.</p><p>Since the dot product is 0, the shortest distance between the lines is 0. This means the lines are intersecting.</p><p><b>(b) Find the point at which the motorcycles may collide.</b><br>Since the shortest distance is 0, the lines intersect. To find the point of intersection (collision), we set the two line equations equal to each other:<br>λ(i + 2j - k) = (3i + 3j) + μ(2i + j + k)<br>λi + 2λj - λk = (3 + 2μ)i + (3 + μ)j + μk</p><p>Equating the corresponding components:<br>i: λ = 3 + 2μ  ---(1)<br>j: 2λ = 3 + μ  ---(2)<br>k: -λ = μ      ---(3)</p><p>Substitute μ = -λ from (3) into (1):<br>λ = 3 + 2(-λ)<br>λ = 3 - 2λ<br>3λ = 3<br>λ = 1</p><p>Now find μ using (3):<br>μ = -λ = -1</p><p>Let's check these values in equation (2):<br>2(1) = 3 + (-1)<br>2 = 2. The values are consistent.</p><p>To find the point of collision, substitute λ = 1 into the equation for L₁ (or μ = -1 into L₂).<br>Using L₁: r = 1(i + 2j - k) = i + 2j - k.<br>The point of collision is (1, 2, -1).</p>"
                    },
                    "question_type": "Case-based Subjective",
                    "difficulty_level": "hard",
                    "explanation_html": null
                  }
                ]
              }
            ]
          }
        ]
      }
    ]
  }
]