[
  {
    "exam_name_actual": "CBSE Board - Class 12 - Science",
    "main_exam_id_name_ref": "CBSE Board - Class 12 - Science",
    "years": [
      {
        "year": "2022",
        "papers_or_subjects": [
          {
            "paper_name": "CBSE Class 12 Science (Mathematics) Paper 2022 (QP Code: 65/2/1)",
            "subject_name": "Mathematics",
            "chapters": [
              {
                "chapter_name": "Differential Equations",
                "questions": [
                  {
                    "question_no": 1,
                    "question_html": "<p>Find the product of the order and the degree of the differential equation<br>[d/dx(xy²)] ⋅ dy/dx + y = 0.</p>",
                    "options": [],
                    "correct_answer": {
                      "text": "<p>The given differential equation is [d/dx(xy²)] ⋅ dy/dx + y = 0.</p><p>First, we find the derivative of xy² with respect to x using the product rule:</p><p>d/dx(xy²) = x ⋅ d/dx(y²) + y² ⋅ d/dx(x)<br>= x ⋅ (2y ⋅ dy/dx) + y² ⋅ 1<br>= 2xy ⋅ dy/dx + y²</p><p>Now, substitute this back into the differential equation:</p><p>(2xy ⋅ dy/dx + y²) ⋅ dy/dx + y = 0</p><p>2xy(dy/dx)² + y²(dy/dx) + y = 0</p><p><b>Order:</b> The highest order derivative in the equation is dy/dx, so the order is 1.</p><p><b>Degree:</b> The highest power of the highest order derivative (dy/dx) is 2, so the degree is 2.</p><p>The product of the order and the degree is 1 × 2 = 2.</p>"
                    },
                    "question_type": "Very Short Answer (2 marks)",
                    "difficulty_level": "medium",
                    "explanation_html": null
                  }
                ]
              },
              {
                "chapter_name": "Integrals",
                "questions": [
                  {
                    "question_no": 2,
                    "question_html": "<p>(a) Find: ∫ (sin 3x / sin x) dx</p><p><strong>OR</strong></p><p>(b) Evaluate: ∫₀<sup>(1/2)log3</sup> [e<sup>x</sup> / (e<sup>2x</sup> + 1)] dx</p>",
                    "options": [],
                    "correct_answer": {
                      "text": "<p><strong>(a)</strong> ∫ (sin 3x / sin x) dx = ∫ (3sin x - 4sin³x) / sin x dx = ∫ (3 - 4sin²x) dx = ∫ (3 - 2(1 - cos 2x)) dx = ∫ (1 + 2cos 2x) dx = x + sin 2x + C</p><p><strong>OR</strong></p><p><strong>(b)</strong> Let t = e<sup>x</sup>. Then dt = e<sup>x</sup> dx. The limits change from 0 to (1/2)log3 to 1 to √3. The integral becomes ∫₁<sup>√3</sup> [dt / (t² + 1)] = [tan⁻¹(t)]₁<sup>√3</sup> = tan⁻¹(√3) - tan⁻¹(1) = π/3 - π/4 = π/12.</p>"
                    },
                    "question_type": "Very Short Answer (2 marks)",
                    "difficulty_level": "medium",
                    "explanation_html": null
                  }
                ]
              },
              {
                "chapter_name": "Vector Algebra",
                "questions": [
                  {
                    "question_no": 3,
                    "question_html": "<p>a⃗ and b⃗ are two unit vectors such that |2a⃗ + 3b⃗| = |3a⃗ - 2b⃗|. Find the angle between a⃗ and b⃗.</p>",
                    "options": [],
                    "correct_answer": {
                      "text": "<p>Given that a⃗ and b⃗ are unit vectors, so |a⃗| = 1 and |b⃗| = 1.</p><p>We are also given |2a⃗ + 3b⃗| = |3a⃗ - 2b⃗|.</p><p>Squaring both sides of the equation:</p><p>|2a⃗ + 3b⃗|² = |3a⃗ - 2b⃗|²</p><p>(2a⃗ + 3b⃗) ⋅ (2a⃗ + 3b⃗) = (3a⃗ - 2b⃗) ⋅ (3a⃗ - 2b⃗)</p><p>4|a⃗|² + 12(a⃗ ⋅ b⃗) + 9|b⃗|² = 9|a⃗|² - 12(a⃗ ⋅ b⃗) + 4|b⃗|²</p><p>Substitute |a⃗| = 1 and |b⃗| = 1:</p><p>4(1)² + 12(a⃗ ⋅ b⃗) + 9(1)² = 9(1)² - 12(a⃗ ⋅ b⃗) + 4(1)²</p><p>4 + 12(a⃗ ⋅ b⃗) + 9 = 9 - 12(a⃗ ⋅ b⃗) + 4</p><p>13 + 12(a⃗ ⋅ b⃗) = 13 - 12(a⃗ ⋅ b⃗)</p><p>24(a⃗ ⋅ b⃗) = 0</p><p>a⃗ ⋅ b⃗ = 0</p><p>Since the dot product of the two unit vectors is zero, the vectors are perpendicular to each other.</p><p>Therefore, the angle between a⃗ and b⃗ is 90° or π/2 radians.</p>"
                    },
                    "question_type": "Very Short Answer (2 marks)",
                    "difficulty_level": "easy",
                    "explanation_html": null
                  }
                ]
              },
              {
                "chapter_name": "Probability",
                "questions": [
                  {
                    "question_no": 4,
                    "question_html": "<p>A pair of dice is thrown. It is given that the sum of numbers appearing on both dice is an even number. Find the probability that the number appearing on at least one die is 3.</p>",
                    "options": [],
                    "correct_answer": {
                      "text": "<p>Let S be the sample space when a pair of dice is thrown, n(S) = 36.</p><p>Let E be the event that the sum of numbers is even.</p><p>E = {(1,1), (1,3), (1,5), (2,2), (2,4), (2,6), (3,1), (3,3), (3,5), (4,2), (4,4), (4,6), (5,1), (5,3), (5,5), (6,2), (6,4), (6,6)}</p><p>n(E) = 18.</p><p>Let F be the event that the number on at least one die is 3.</p><p>F = {(1,3), (2,3), (3,1), (3,2), (3,3), (3,4), (3,5), (3,6), (4,3), (5,3), (6,3)}</p><p>We need to find the conditional probability P(F|E).</p><p>First, find the intersection of E and F:</p><p>E ∩ F = {(1,3), (3,1), (3,3), (3,5), (5,3)}</p><p>n(E ∩ F) = 5.</p><p>The required probability is P(F|E) = n(E ∩ F) / n(E).</p><p>P(F|E) = 5 / 18.</p>"
                    },
                    "question_type": "Very Short Answer (2 marks)",
                    "difficulty_level": "medium",
                    "explanation_html": null
                  }
                ]
              },
              {
                "chapter_name": "Probability",
                "questions": [
                  {
                    "question_no": 5,
                    "question_html": "<p>Probabilities of A and B solving a specific problem are 2/3 and 3/5, respectively. If both of them try independently to solve the problem, then find the probability that the problem is solved.</p>",
                    "options": [],
                    "correct_answer": {
                      "text": "<p>Let P(A) be the probability that A solves the problem, and P(B) be the probability that B solves the problem.</p><p>Given P(A) = 2/3 and P(B) = 3/5.</p><p>The problem is solved if at least one of them solves it. It is easier to calculate the complement event: the probability that the problem is not solved.</p><p>The problem is not solved only if both A and B fail to solve it.</p><p>Probability that A fails, P(A') = 1 - P(A) = 1 - 2/3 = 1/3.</p><p>Probability that B fails, P(B') = 1 - P(B) = 1 - 3/5 = 2/5.</p><p>Since A and B try independently, the probability that both fail is:</p><p>P(A' and B') = P(A') × P(B') = (1/3) × (2/5) = 2/15.</p><p>The probability that the problem is solved is 1 minus the probability that it is not solved:</p><p>P(problem is solved) = 1 - P(A' and B') = 1 - 2/15 = 13/15.</p>"
                    },
                    "question_type": "Very Short Answer (2 marks)",
                    "difficulty_level": "easy",
                    "explanation_html": null
                  }
                ]
              },
              {
                "chapter_name": "Three Dimensional Geometry",
                "questions": [
                  {
                    "question_no": 6,
                    "question_html": "<p>Write the cartesian equation of the line PQ passing through points P(2, 2, 1) and Q(5, 1, – 2). Hence, find the y-coordinate of the point on the line PQ whose z-coordinate is – 2.</p>",
                    "options": [],
                    "correct_answer": {
                      "text": "<p>The Cartesian equation of a line passing through two points (x₁, y₁, z₁) and (x₂, y₂, z₂) is given by:</p><p>(x - x₁) / (x₂ - x₁) = (y - y₁) / (y₂ - y₁) = (z - z₁) / (z₂ - z₁)</p><p>Here, the points are P(2, 2, 1) and Q(5, 1, – 2).</p><p>The direction ratios of the line PQ are (5-2, 1-2, -2-1) = (3, -1, -3).</p><p>Using point P(2, 2, 1), the equation of the line is:</p><p>(x - 2) / 3 = (y - 2) / -1 = (z - 1) / -3</p><p>Now, we need to find the y-coordinate of a point on this line whose z-coordinate is – 2.</p><p>Substitute z = -2 into the equation:</p><p>(y - 2) / -1 = (-2 - 1) / -3</p><p>(y - 2) / -1 = -3 / -3</p><p>(y - 2) / -1 = 1</p><p>y - 2 = -1</p><p>y = 1</p><p>The y-coordinate of the point is 1.</p>"
                    },
                    "question_type": "Very Short Answer (2 marks)",
                    "difficulty_level": "easy",
                    "explanation_html": null
                  }
                ]
              },
              {
                "chapter_name": "Vector Algebra",
                "questions": [
                  {
                    "question_no": 7,
                    "question_html": "<p>ABCD is a parallelogram such that AC⃗ = î + ĵ and BD⃗ = 2î + ĵ + k̂. Find AB⃗ and AD⃗. Also, find the area of the parallelogram ABCD.</p>",
                    "options": [],
                    "correct_answer": {
                      "text": "<p>Let AB⃗ = a⃗ and AD⃗ = b⃗.</p><p>In a parallelogram, the diagonals are given by the sum and difference of the adjacent side vectors.</p><p>AC⃗ = AB⃗ + AD⃗ = a⃗ + b⃗</p><p>BD⃗ = AD⃗ - AB⃗ = b⃗ - a⃗</p><p>We are given:</p><p>a⃗ + b⃗ = î + ĵ  ---(1)</p><p>-a⃗ + b⃗ = 2î + ĵ + k̂  ---(2)</p><p>To find b⃗ (which is AD⃗), add equations (1) and (2):</p><p>2b⃗ = (î + ĵ) + (2î + ĵ + k̂) = 3î + 2ĵ + k̂</p><p>AD⃗ = b⃗ = (3/2)î + ĵ + (1/2)k̂</p><p>To find a⃗ (which is AB⃗), subtract equation (2) from (1):</p><p>2a⃗ = (î + ĵ) - (2î + ĵ + k̂) = -î - k̂</p><p>AB⃗ = a⃗ = (-1/2)î - (1/2)k̂</p><p>The area of a parallelogram is given by (1/2)|d₁⃗ × d₂⃗|, where d₁⃗ and d₂⃗ are the diagonals.</p><p>Area = (1/2)|AC⃗ × BD⃗|</p><p>AC⃗ × BD⃗ = | î  ĵ  k̂ |<br>             | 1  1  0 |<br>             | 2  1  1 |</p><p>= î(1 - 0) - ĵ(1 - 0) + k̂(1 - 2) = î - ĵ - k̂</p><p>|AC⃗ × BD⃗| = √(1² + (-1)² + (-1)²) = √(1 + 1 + 1) = √3</p><p>Area = (1/2)√3 square units.</p>"
                    },
                    "question_type": "Short Answer (3 marks)",
                    "difficulty_level": "hard",
                    "explanation_html": null
                  }
                ]
              },
              {
                "chapter_name": "Integrals",
                "questions": [
                  {
                    "question_no": 8,
                    "question_html": "<p>(a) Evaluate: ∫₀¹ tan⁻¹x dx</p><p><strong>OR</strong></p><p>(b) Find: ∫ [2x / (x² + 3x + 2)] dx</p>",
                    "options": [],
                    "correct_answer": {
                      "text": "<p><strong>(a)</strong> Using integration by parts, ∫ tan⁻¹x dx = x tan⁻¹x - (1/2) ln(1 + x²). Evaluating from 0 to 1 gives [1⋅tan⁻¹(1) - (1/2)ln(2)] - [0 - 0] = π/4 - (1/2)ln(2).</p><p><strong>OR</strong></p><p><strong>(b)</strong> Using partial fractions, 2x/((x+1)(x+2)) = -2/(x+1) + 4/(x+2). The integral is ∫[-2/(x+1) + 4/(x+2)] dx = -2 ln|x+1| + 4 ln|x+2| + C.</p>"
                    },
                    "question_type": "Short Answer (3 marks)",
                    "difficulty_level": "medium",
                    "explanation_html": null
                  }
                ]
              },
              {
                "chapter_name": "Differential Equations",
                "questions": [
                  {
                    "question_no": 9,
                    "question_html": "<p>Find the particular solution of the differential equation (y + 3x²) dx/dy = x, given that y = 1, when x = 1.</p>",
                    "options": [],
                    "correct_answer": {
                      "text": "<p>The given equation is (y + 3x²) dx/dy = x.</p><p>We can rewrite it as dy/dx = (y + 3x²) / x.</p><p>dy/dx = y/x + 3x</p><p>Rearranging it into the linear form dy/dx + P(x)y = Q(x):</p><p>dy/dx - (1/x)y = 3x</p><p>Here, P(x) = -1/x and Q(x) = 3x.</p><p>The integrating factor (I.F.) is given by e<sup>∫P(x)dx</sup>.</p><p>I.F. = e<sup>∫(-1/x)dx</sup> = e<sup>-ln|x|</sup> = e<sup>ln|x⁻¹|</sup> = 1/x.</p><p>The general solution is y × (I.F.) = ∫(Q(x) × I.F.) dx + C.</p><p>y × (1/x) = ∫(3x × 1/x) dx + C</p><p>y/x = ∫3 dx + C</p><p>y/x = 3x + C</p><p>We are given that y = 1 when x = 1. Substitute these values to find C:</p><p>1/1 = 3(1) + C</p><p>1 = 3 + C</p><p>C = -2</p><p>The particular solution is y/x = 3x - 2, or y = 3x² - 2x.</p>"
                    },
                    "question_type": "Short Answer (3 marks)",
                    "difficulty_level": "medium",
                    "explanation_html": null
                  }
                ]
              },
              {
                "chapter_name": "Three Dimensional Geometry",
                "questions": [
                  {
                    "question_no": 10,
                    "question_html": "<p>(a) Find the equation of the plane passing through points (2, 1, 0), (3, – 2, – 2) and (1, 1, – 7). Also, obtain its distance from the origin.</p><p><strong>OR</strong></p><p>(b) Find the distance between the lines x = (y-1)/2 = (z-2)/3 and x + 1 = (y+2)/2 = (z-1)/3.</p>",
                    "options": [],
                    "correct_answer": {
                      "text": "<p><strong>(a)</strong> The equation of the plane passing through points (2, 1, 0), (3, – 2, – 2) and (1, 1, – 7) is 7x + 3y - z = 17. The distance from the origin is d = |-17| / √(7² + 3² + (-1)²) = 17 / √59.</p><p><strong>OR</strong></p><p><strong>(b)</strong> The lines are parallel. The distance between them is d = |b⃗ × (a₂⃗ - a₁⃗)| / |b⃗|. Here, b⃗ = î + 2ĵ + 3k̂, a₁⃗ = ĵ + 2k̂, a₂⃗ = -î - 2ĵ + k̂. The distance is d = |(7î - 2ĵ - k̂)| / |(î + 2ĵ + 3k̂)| = √54 / √14 = 3√21 / 7.</p>"
                    },
                    "question_type": "Short Answer (3 marks)",
                    "difficulty_level": "hard",
                    "explanation_html": null
                  }
                ]
              },
              {
                "chapter_name": "Three Dimensional Geometry",
                "questions": [
                  {
                    "question_no": 11,
                    "question_html": "<p>Find the distance of the point (– 1, – 5, – 10) from the point of intersection of the line (x-2)/3 = (y+1)/4 = (z-2)/12 and the plane x – y + z = 5.</p>",
                    "options": [],
                    "correct_answer": {
                      "text": "<p>First, find the general coordinates of a point on the line.</p><p>Let (x-2)/3 = (y+1)/4 = (z-2)/12 = λ.</p><p>Any point on the line can be represented as (3λ + 2, 4λ - 1, 12λ + 2).</p><p>To find the point of intersection, this point must lie on the plane x – y + z = 5.</p><p>Substitute the coordinates into the plane equation:</p><p>(3λ + 2) - (4λ - 1) + (12λ + 2) = 5</p><p>3λ + 2 - 4λ + 1 + 12λ + 2 = 5</p><p>11λ + 5 = 5</p><p>11λ = 0</p><p>λ = 0</p><p>The point of intersection is found by substituting λ = 0 back into the coordinates:</p><p>x = 3(0) + 2 = 2</p><p>y = 4(0) - 1 = -1</p><p>z = 12(0) + 2 = 2</p><p>So, the point of intersection is P(2, -1, 2).</p><p>Now, we find the distance between P(2, -1, 2) and the given point Q(– 1, – 5, – 10) using the distance formula:</p><p>Distance = √[(2 - (-1))² + (-1 - (-5))² + (2 - (-10))²]</p><p>Distance = √[(3)² + (4)² + (12)²]</p><p>Distance = √[9 + 16 + 144] = √169 = 13.</p>"
                    },
                    "question_type": "Long Answer (4 marks)",
                    "difficulty_level": "medium",
                    "explanation_html": null
                  }
                ]
              },
              {
                "chapter_name": "Integrals",
                "questions": [
                  {
                    "question_no": 12,
                    "question_html": "<p>Evaluate: ∫₀¹ x(1-x)ⁿ dx</p>",
                    "options": [],
                    "correct_answer": {
                      "text": "<p>Let I = ∫₀¹ x(1-x)ⁿ dx.</p><p>We use the property of definite integrals: ∫₀ᵃ f(x) dx = ∫₀ᵃ f(a-x) dx.</p><p>Here, a = 1.</p><p>I = ∫₀¹ (1-x)(1 - (1-x))ⁿ dx</p><p>I = ∫₀¹ (1-x)(x)ⁿ dx</p><p>I = ∫₀¹ (xⁿ - xⁿ⁺¹) dx</p><p>Now, we integrate term by term:</p><p>I = [xⁿ⁺¹ / (n+1) - xⁿ⁺² / (n+2)]₀¹</p><p>I = [(1ⁿ⁺¹ / (n+1) - 1ⁿ⁺² / (n+2))] - [(0 / (n+1) - 0 / (n+2))]</p><p>I = [1 / (n+1) - 1 / (n+2)] - 0</p><p>I = [(n+2) - (n+1)] / [(n+1)(n+2)]</p><p>I = 1 / [(n+1)(n+2)]</p>"
                    },
                    "question_type": "Long Answer (4 marks)",
                    "difficulty_level": "medium",
                    "explanation_html": null
                  }
                ]
              },
              {
                "chapter_name": "Application of Integrals",
                "questions": [
                  {
                    "question_no": 13,
                    "question_html": "<p>(a) Using integration, find the area of the smaller region enclosed by the curve 4x² + 4y² = 9 and the line 2x + 2y = 3.</p><p><strong>OR</strong></p><p>(b) If the area of the region bounded by the curve y² = 4ax and the line x = 4a is 256/3 sq. units, then using integration, find the value of a, where a > 0.</p>",
                    "options": [],
                    "correct_answer": {
                      "text": "<p><strong>(a)</strong> The required area is the area of the circle x² + y² = (3/2)² minus the area of the triangle formed by the line x + y = 3/2 and the axes. Area = (1/4)π(3/2)² - (1/2)(3/2)(3/2) = 9π/16 - 9/8 sq. units. Using integration: Area = ∫₀<sup>3/2</sup> [√(9/4 - x²) - (3/2 - x)] dx = 9π/16 - 9/8.</p><p><strong>OR</strong></p><p><strong>(b)</strong> The area is given by 2 ∫₀<sup>4a</sup> y dx = 2 ∫₀<sup>4a</sup> 2√a√x dx = 4√a [x<sup>3/2</sup>/(3/2)]₀<sup>4a</sup> = (8√a/3)(4a)<sup>3/2</sup> = (64/3)a². Given Area = 256/3. So, (64/3)a² = 256/3 ⇒ a² = 4. Since a > 0, a = 2.</p>"
                    },
                    "question_type": "Long Answer (4 marks)",
                    "difficulty_level": "medium",
                    "explanation_html": null
                  }
                ]
              },
              {
                "chapter_name": "Probability",
                "questions": [
                  {
                    "question_no": 14,
                    "question_html": "<p><b>Case-Study Based Question</b><br>At the start of a cricket match, a coin is tossed and the team winning the toss has the opportunity to choose to bat or bowl. Such a coin is unbiased with equal probabilities of getting head and tail.<br>Based on the above information, answer the following questions :<br>(a) If such a coin is tossed 2 times, then find the probability distribution of number of tails.<br>(b) Find the probability of getting at least one head in three tosses of such a coin.</p>",
                    "images": [
                      {
                        "url": "https://img.testbuddyai.com/Maths-65-2-22-Q14.png"
                      }
                    ],
                    "options": [],
                    "correct_answer": {
                      "text": "<p><b>(a) Probability distribution of number of tails in 2 tosses:</b></p><p>Let X be the random variable representing the number of tails. X can take values 0, 1, or 2.</p><p>The sample space for two tosses is {HH, HT, TH, TT}. Total outcomes = 4.</p><p>P(X=0) = P(no tails) = P(HH) = (1/2) × (1/2) = 1/4.</p><p>P(X=1) = P(one tail) = P(HT or TH) = P(HT) + P(TH) = 1/4 + 1/4 = 2/4 = 1/2.</p><p>P(X=2) = P(two tails) = P(TT) = (1/2) × (1/2) = 1/4.</p><p>The probability distribution is:</p><table border='1' style='width:100%; text-align:center;'><tr><td><b>X</b></td><td>0</td><td>1</td><td>2</td></tr><tr><td><b>P(X)</b></td><td>1/4</td><td>1/2</td><td>1/4</td></tr></table></p><p><b>(b) Probability of at least one head in three tosses:</b></p><p>The event 'at least one head' is the complement of the event 'no heads' (i.e., all tails).</p><p>The probability of getting a tail in one toss is P(T) = 1/2.</p><p>The probability of getting three tails in three independent tosses is:</p><p>P(no heads) = P(TTT) = P(T) × P(T) × P(T) = (1/2)³ = 1/8.</p><p>The probability of getting at least one head is:</p><p>P(at least one head) = 1 - P(no heads) = 1 - 1/8 = 7/8.</p>"
                    },
                    "question_type": "Case-based Subjective",
                    "difficulty_level": "easy",
                    "explanation_html": null
                  }
                ]
              }
            ]
          }
        ]
      }
    ]
  }
]