[
  {
    "exam_name_actual": "CBSE Board - Class 12 - Science",
    "main_exam_id_name_ref": "CBSE Board - Class 12 - Science",
    "years": [
      {
        "year": "2022",
        "papers_or_subjects": [
          {
            "paper_name": "CBSE Class 12 Science (Mathematics) Paper 2022 (QP Code: 65/4/1)",
            "subject_name": "Mathematics",
            "chapters": [
              {
                "chapter_name": "Probability",
                "questions": [
                  {
                    "question_no": 1,
                    "question_html": "<p>A bag contains 3 red and 4 white balls. Three balls are drawn at random, one-by-one without replacement from the bag. If the first ball drawn is red in colour, then find the probability that the remaining two balls drawn are also red in colour.</p>",
                    "options": [],
                    "correct_answer": {
                      "text": "<p>Let A be the event that the first ball drawn is red.</p>\n<p>Let B be the event that the second and third balls drawn are red.</p>\n<p>We need to find the conditional probability P(B|A).</p>\n<p>The probability of the first ball being red is P(A) = 3/7.</p>\n<p>The probability of drawing three red balls in a row is:</p>\n<p>P(A and B) = P(1st is Red) × P(2nd is Red | 1st is Red) × P(3rd is Red | 1st and 2nd are Red)</p>\n<p>P(A ∩ B) = (3/7) × (2/6) × (1/5) = 6/210 = 1/35.</p>\n<p>The required probability is P(B|A) = P(A ∩ B) / P(A).</p>\n<p>P(B|A) = (1/35) / (3/7) = (1/35) × (7/3) = 7/105 = 1/15.</p>\n<p>Alternatively,</p>\n<p>After the first ball drawn is red, the bag contains 2 red and 4 white balls (a total of 6 balls).</p>\n<p>The probability that the second ball is red = 2/6.</p>\n<p>After the second ball is also red, the bag contains 1 red and 4 white balls (a total of 5 balls).</p>\n<p>The probability that the third ball is red = 1/5.</p>\n<p>The probability that the remaining two balls are red = (2/6) × (1/5) = 2/30 = 1/15.</p>"
                    },
                    "question_type": "Short Answer (2 marks)",
                    "difficulty_level": "medium",
                    "explanation_html": ""
                  },
                  {
                    "question_no": 2,
                    "question_html": "<p>A coin is tossed twice. The following table shows the probability distribution of number of tails :</p>\n<table border=\"1\" style=\"border-collapse: collapse; width: 100%;\">\n<tbody>\n<tr>\n<td style=\"text-align: center;\">X</td>\n<td style=\"text-align: center;\">0</td>\n<td style=\"text-align: center;\">1</td>\n<td style=\"text-align: center;\">2</td>\n</tr>\n<tr>\n<td style=\"text-align: center;\">P(X)</td>\n<td style=\"text-align: center;\">K</td>\n<td style=\"text-align: center;\">6K</td>\n<td style=\"text-align: center;\">9K</td>\n</tr>\n</tbody>\n</table>\n<p>(a) Find the value of K.</p>\n<p>(b) Is the coin tossed biased or unbiased? Justify your answer.</p>",
                    "options": [],
                    "correct_answer": {
                      "text": "<p>(a) The sum of probabilities in a probability distribution is always 1.</p>\n<p>So, P(0) + P(1) + P(2) = 1</p>\n<p>K + 6K + 9K = 1</p>\n<p>16K = 1</p>\n<p>K = 1/16</p>\n<p>(b) Now we find the probabilities for each event:</p>\n<p>P(X=0) = Probability of 0 tails (HH) = K = 1/16</p>\n<p>P(X=1) = Probability of 1 tail (HT or TH) = 6K = 6/16</p>\n<p>P(X=2) = Probability of 2 tails (TT) = 9K = 9/16</p>\n<p>For an unbiased coin, P(Head) = P(Tail) = 1/2.</p>\n<p>The theoretical probabilities for an unbiased coin would be:</p>\n<p>P(0 tails) = P(HH) = (1/2) × (1/2) = 1/4 = 4/16</p>\n<p>P(1 tail) = P(HT) + P(TH) = (1/4) + (1/4) = 1/2 = 8/16</p>\n<p>P(2 tails) = P(TT) = (1/2) × (1/2) = 1/4 = 4/16</p>\n<p>Since the given probabilities (1/16, 6/16, 9/16) do not match the probabilities for an unbiased coin (4/16, 8/16, 4/16), the coin is <strong>biased</strong>.</p>"
                    },
                    "question_type": "Short Answer (2 marks)",
                    "difficulty_level": "easy",
                    "explanation_html": ""
                  }
                ]
              },
              {
                "chapter_name": "Three Dimensional Geometry",
                "questions": [
                  {
                    "question_no": 3,
                    "question_html": "<p>The foot of a perpendicular drawn from the point (–2, –1, –3) on a plane is (1, –3, 3). Find the equation of the plane.</p>",
                    "options": [],
                    "correct_answer": {
                      "text": "<p>Let the given point be P(–2, –1, –3) and the foot of the perpendicular on the plane be M(1, –3, 3).</p>\n<p>The line segment PM is normal to the plane.</p>\n<p>The direction ratios (D.R.'s) of the normal vector are given by the differences in the coordinates of P and M:</p>\n<p>D.R.'s = (1 - (-2), -3 - (-1), 3 - (-3)) = (3, -2, 6)</p>\n<p>The equation of a plane passing through a point (x₁, y₁, z₁) with normal direction ratios (a, b, c) is:</p>\n<p>a(x - x₁) + b(y - y₁) + c(z - z₁) = 0</p>\n<p>Since the plane passes through the point M(1, –3, 3), we have:</p>\n<p>3(x - 1) - 2(y - (-3)) + 6(z - 3) = 0</p>\n<p>3(x - 1) - 2(y + 3) + 6(z - 3) = 0</p>\n<p>3x - 3 - 2y - 6 + 6z - 18 = 0</p>\n<p>3x - 2y + 6z - 27 = 0</p>\n<p>Thus, the required equation of the plane is <strong>3x - 2y + 6z = 27</strong>.</p>"
                    },
                    "question_type": "Short Answer (2 marks)",
                    "difficulty_level": "easy",
                    "explanation_html": ""
                  }
                ]
              },
              {
                "chapter_name": "Vector Algebra",
                "questions": [
                  {
                    "question_no": 4,
                    "question_html": "<p>(a) If |a⃗ × b⃗|² + |a⃗ ⋅ b⃗|² = 400 and |b⃗| = 5, then find the value of |a⃗|.</p>\n<p><strong>OR</strong></p>\n<p>(b) Find all the possible vectors of magnitude 5√3 which are equally inclined to the coordinate axes.</p>",
                    "options": [],
                    "correct_answer": {
                      "text": "<p>(a) We use the Lagrange's identity:</p>\n<p>|a⃗ × b⃗|² + |a⃗ ⋅ b⃗|² = |a⃗|²|b⃗|²</p>\n<p>Given that |a⃗ × b⃗|² + |a⃗ ⋅ b⃗|² = 400 and |b⃗| = 5.</p>\n<p>Substituting the given values into the identity:</p>\n<p>400 = |a⃗|²(5)²</p>\n<p>400 = |a⃗|² × 25</p>\n<p>|a⃗|² = 400 / 25</p>\n<p>|a⃗|² = 16</p>\n<p>|a⃗| = 4 (Since magnitude is non-negative)</p>\n<p><strong>OR</strong></p>\n<p>(b) A vector that is equally inclined to the coordinate axes has equal direction cosines (l = m = n).</p>\n<p>We know that l² + m² + n² = 1.</p>\n<p>Substituting l = m = n:</p>\n<p>l² + l² + l² = 1</p>\n<p>3l² = 1</p>\n<p>l² = 1/3</p>\n<p>l = ±1/√3</p>\n<p>So, the direction cosines are (1/√3, 1/√3, 1/√3) or (-1/√3, -1/√3, -1/√3).</p>\n<p>The unit vector (r̂) in the direction of the required vector is:</p>\n<p>r̂ = lî + mĵ + n k̂ = ±(1/√3 î + 1/√3 ĵ + 1/√3 k̂)</p>\n<p>The required vector (r⃗) is its magnitude multiplied by the unit vector:</p>\n<p>r⃗ = |r⃗| r̂</p>\n<p>Given magnitude |r⃗| = 5√3.</p>\n<p>r⃗ = 5√3 × [±(1/√3 î + 1/√3 ĵ + 1/√3 k̂)]</p>\n<p>r⃗ = ±(5î + 5ĵ + 5k̂)</p>\n<p>The two possible vectors are <strong>5î + 5ĵ + 5k̂</strong> and <strong>-5î - 5ĵ - 5k̂</strong>.</p>"
                    },
                    "question_type": "Short Answer (2 marks)",
                    "difficulty_level": "medium",
                    "explanation_html": ""
                  }
                ]
              },
              {
                "chapter_name": "Differential Equations",
                "questions": [
                  {
                    "question_no": 5,
                    "question_html": "<p>Find the general solution of the differential equation</p>\n<p>sec²x ⋅ tan y dx + sec²y ⋅ tan x dy = 0.</p>",
                    "options": [],
                    "correct_answer": {
                      "text": "<p>The given differential equation is:</p>\n<p>sec²x ⋅ tan y dx + sec²y ⋅ tan x dy = 0</p>\n<p>This equation can be solved using the method of variable separation.</p>\n<p>Divide the entire equation by (tan x ⋅ tan y):</p>\n<p>(sec²x / tan x) dx + (sec²y / tan y) dy = 0</p>\n<p>Now, integrate both sides:</p>\n<p>∫(sec²x / tan x) dx + ∫(sec²y / tan y) dy = C₁</p>\n<p>For the first integral, let u = tan x, so du = sec²x dx. The integral becomes ∫(1/u) du = ln|u| = ln|tan x|.</p>\n<p>For the second integral, let v = tan y, so dv = sec²y dy. The integral becomes ∫(1/v) dv = ln|v| = ln|tan y|.</p>\n<p>So, the equation becomes:</p>\n<p>ln|tan x| + ln|tan y| = C₁</p>\n<p>Using the property of logarithms (ln a + ln b = ln ab):</p>\n<p>ln|tan x ⋅ tan y| = C₁</p>\n<p>Let C₁ = ln|C|, where C is another arbitrary constant.</p>\n<p>ln|tan x ⋅ tan y| = ln|C|</p>\n<p>Therefore, the general solution is:</p>\n<p><strong>tan x ⋅ tan y = C</strong></p>"
                    },
                    "question_type": "Short Answer (2 marks)",
                    "difficulty_level": "medium",
                    "explanation_html": ""
                  }
                ]
              },
              {
                "chapter_name": "Integrals",
                "questions": [
                  {
                    "question_no": 6,
                    "question_html": "<p>Evaluate : ∫₀¹ x²eˣ dx</p>",
                    "options": [],
                    "correct_answer": {
                      "text": "<p>We will use integration by parts, with the formula ∫u dv = uv - ∫v du.</p>\n<p>Let I = ∫x²eˣ dx.</p>\n<p>Choose u = x² and dv = eˣ dx. Then du = 2x dx and v = eˣ.</p>\n<p>I = x²eˣ - ∫eˣ(2x) dx</p>\n<p>I = x²eˣ - 2∫xeˣ dx</p>\n<p>Now we apply integration by parts again for ∫xeˣ dx.</p>\n<p>Choose u = x and dv = eˣ dx. Then du = dx and v = eˣ.</p>\n<p>∫xeˣ dx = xeˣ - ∫eˣ dx = xeˣ - eˣ</p>\n<p>Substitute this back into the expression for I:</p>\n<p>I = x²eˣ - 2(xeˣ - eˣ) = x²eˣ - 2xeˣ + 2eˣ</p>\n<p>Now, we evaluate the definite integral from 0 to 1:</p>\n<p>∫₀¹ x²eˣ dx = [x²eˣ - 2xeˣ + 2eˣ]₀¹</p>\n<p>Evaluate at the upper limit (x=1):</p>\n<p>(1)²e¹ - 2(1)e¹ + 2e¹ = e - 2e + 2e = e</p>\n<p>Evaluate at the lower limit (x=0):</p>\n<p>(0)²e⁰ - 2(0)e⁰ + 2e⁰ = 0 - 0 + 2(1) = 2</p>\n<p>The value of the definite integral is (Value at upper limit) - (Value at lower limit):</p>\n<p>e - 2</p>"
                    },
                    "question_type": "Short Answer (2 marks)",
                    "difficulty_level": "medium",
                    "explanation_html": ""
                  }
                ]
              },
              {
                "chapter_name": "Application of Integrals",
                "questions": [
                  {
                    "question_no": 7,
                    "question_html": "<p>Find the area of the region {(x, y) : x² ≤ y ≤ x + 2}, using integration.</p>",
                    "options": [],
                    "correct_answer": {
                      "text": "<p>The region is bounded by the parabola y = x² (upward opening) and the line y = x + 2.</p>\n<p><strong>Step 1: Find the points of intersection.</strong></p>\n<p>Set the two equations equal to each other:</p>\n<p>x² = x + 2</p>\n<p>x² - x - 2 = 0</p>\n<p>Factor the quadratic equation:</p>\n<p>(x - 2)(x + 1) = 0</p>\n<p>The points of intersection are at x = -1 and x = 2.</p>\n<p><strong>Step 2: Set up the integral for the area.</strong></p>\n<p>In the interval [-1, 2], the line y = x + 2 is above the parabola y = x². Therefore, the area (A) is the integral of the upper curve minus the lower curve from x = -1 to x = 2.</p>\n<p>A = ∫₋₁² [(x + 2) - x²] dx</p>\n<p><strong>Step 3: Evaluate the integral.</strong></p>\n<p>A = [x²/2 + 2x - x³/3]₋₁²</p>\n<p>Evaluate at the upper limit (x=2):</p>\n<p>(2)²/2 + 2(2) - (2)³/3 = 4/2 + 4 - 8/3 = 2 + 4 - 8/3 = 6 - 8/3 = 10/3</p>\n<p>Evaluate at the lower limit (x=-1):</p>\n<p>(-1)²/2 + 2(-1) - (-1)³/3 = 1/2 - 2 + 1/3 = (3 - 12 + 2)/6 = -7/6</p>\n<p><strong>Step 4: Calculate the final area.</strong></p>\n<p>A = (10/3) - (-7/6) = 20/6 + 7/6 = 27/6 = 9/2</p>\n<p>The area of the region is <strong>9/2</strong> square units.</p>"
                    },
                    "question_type": "Short Answer (3 marks)",
                    "difficulty_level": "medium",
                    "explanation_html": ""
                  }
                ]
              },
              {
                "chapter_name": "Integrals",
                "questions": [
                  {
                    "question_no": 8,
                    "question_html": "<p>(a) Find: ∫ (1 / (eˣ + 1)) dx</p>\n<p><strong>OR</strong></p>\n<p>(b) Evaluate: ∫₁⁴ {|x| + |3 - x|} dx</p>",
                    "options": [],
                    "correct_answer": {
                      "text": "<p>(a) To find the integral of 1 / (eˣ + 1), we can rewrite the integrand:</p>\n<p>∫ (1 / (eˣ + 1)) dx = ∫ (e⁻ˣ / (e⁻ˣ(eˣ + 1))) dx = ∫ (e⁻ˣ / (1 + e⁻ˣ)) dx</p>\n<p>Now, use substitution. Let u = 1 + e⁻ˣ. Then du = -e⁻ˣ dx.</p>\n<p>The integral becomes:</p>\n<p>∫ (-1/u) du = -ln|u| + C</p>\n<p>Substitute back u = 1 + e⁻ˣ:</p>\n<p>-ln|1 + e⁻ˣ| + C</p>\n<p>This can also be written as:</p>\n<p>-ln|(eˣ + 1)/eˣ| + C = -[ln(eˣ + 1) - ln(eˣ)] + C = x - ln(eˣ + 1) + C</p>\n<p><strong>OR</strong></p>\n<p>(b) We need to evaluate ∫₁⁴ {|x| + |3 - x|} dx.</p>\n<p>First, we need to handle the absolute value functions within the interval [1, 4].</p>\n<p>For |x|: Since x is always positive in [1, 4], |x| = x.</p>\n<p>For |3 - x|: We split the interval at x = 3.</p>\n<ul>\n<li>When 1 ≤ x < 3, (3 - x) is positive, so |3 - x| = 3 - x.</li>\n<li>When 3 ≤ x ≤ 4, (3 - x) is negative, so |3 - x| = -(3 - x) = x - 3.</li>\n</ul>\n<p>Now, we split the integral into two parts:</p>\n<p>I = ∫₁³ {x + (3 - x)} dx + ∫₃⁴ {x + (x - 3)} dx</p>\n<p>I = ∫₁³ {3} dx + ∫₃⁴ {2x - 3} dx</p>\n<p>Evaluate the first integral:</p>\n<p>[3x]₁³ = 3(3) - 3(1) = 9 - 3 = 6</p>\n<p>Evaluate the second integral:</p>\n<p>[x² - 3x]₃⁴ = (4² - 3(4)) - (3² - 3(3)) = (16 - 12) - (9 - 9) = 4 - 0 = 4</p>\n<p>Add the results:</p>\n<p>I = 6 + 4 = 10</p>"
                    },
                    "question_type": "Short Answer (3 marks)",
                    "difficulty_level": "medium",
                    "explanation_html": ""
                  }
                ]
              },
              {
                "chapter_name": "Vector Algebra",
                "questions": [
                  {
                    "question_no": 9,
                    "question_html": "<p>If a⃗, b⃗ and c⃗ are mutually perpendicular vectors of equal magnitude, then prove that the vector (2a⃗ + b⃗ + 2c⃗) is equally inclined to both a⃗ and c⃗. Also, find the angle between a⃗ and (2a⃗ + b⃗ + 2c⃗).</p>",
                    "options": [],
                    "correct_answer": {
                      "text": "<p>Let the given conditions be:</p>\n<p>|a⃗| = |b⃗| = |c⃗| = m (equal magnitude)</p>\n<p>a⃗ ⋅ b⃗ = b⃗ ⋅ c⃗ = c⃗ ⋅ a⃗ = 0 (mutually perpendicular)</p>\n<p>Let the vector v⃗ = 2a⃗ + b⃗ + 2c⃗.</p>\n<p>First, find the magnitude of v⃗:</p>\n<p>|v⃗|² = v⃗ ⋅ v⃗ = (2a⃗ + b⃗ + 2c⃗) ⋅ (2a⃗ + b⃗ + 2c⃗)</p>\n<p>|v⃗|² = 4(a⃗ ⋅ a⃗) + (b⃗ ⋅ b⃗) + 4(c⃗ ⋅ c⃗) + 4(a⃗ ⋅ b⃗) + 4(b⃗ ⋅ c⃗) + 8(c⃗ ⋅ a⃗)</p>\n<p>|v⃗|² = 4|a⃗|² + |b⃗|² + 4|c⃗|² + 0 + 0 + 0</p>\n<p>|v⃗|² = 4m² + m² + 4m² = 9m²</p>\n<p>|v⃗| = 3m</p>\n<p>Now, let θ be the angle between v⃗ and a⃗.</p>\n<p>cos θ = (v⃗ ⋅ a⃗) / (|v⃗||a⃗|)</p>\n<p>v⃗ ⋅ a⃗ = (2a⃗ + b⃗ + 2c⃗) ⋅ a⃗ = 2(a⃗ ⋅ a⃗) + (b⃗ ⋅ a⃗) + 2(c⃗ ⋅ a⃗) = 2|a⃗|² + 0 + 0 = 2m²</p>\n<p>cos θ = (2m²) / ((3m)(m)) = 2/3</p>\n<p>Let α be the angle between v⃗ and c⃗.</p>\n<p>cos α = (v⃗ ⋅ c⃗) / (|v⃗||c⃗|)</p>\n<p>v⃗ ⋅ c⃗ = (2a⃗ + b⃗ + 2c⃗) ⋅ c⃗ = 2(a⃗ ⋅ c⃗) + (b⃗ ⋅ c⃗) + 2(c⃗ ⋅ c⃗) = 0 + 0 + 2|c⃗|² = 2m²</p>\n<p>cos α = (2m²) / ((3m)(m)) = 2/3</p>\n<p>Since cos θ = cos α, it implies that θ = α. Therefore, the vector (2a⃗ + b⃗ + 2c⃗) is equally inclined to a⃗ and c⃗.</p>\n<p>The angle between a⃗ and (2a⃗ + b⃗ + 2c⃗) is θ = arccos(2/3).</p>"
                    },
                    "question_type": "Short Answer (3 marks)",
                    "difficulty_level": "hard",
                    "explanation_html": ""
                  }
                ]
              },
              {
                "chapter_name": "Three Dimensional Geometry",
                "questions": [
                  {
                    "question_no": 10,
                    "question_html": "<p>(a) If a line makes 60° and 45° angles with the positive directions of x-axis and z-axis respectively, then find the angle that it makes with the positive direction of y-axis. Hence, write the direction cosines of the line.</p>\n<p><strong>OR</strong></p>\n<p>(b) Check whether the lines (x-1)/2 = (y-2)/3 = (z-3)/4 and (x-4)/5 = (y-1)/2 = z are skew or not.</p>",
                    "options": [],
                    "correct_answer": {
                      "text": "<p>(a) Let α, β, and γ be the angles that the line makes with the positive directions of the x, y, and z axes, respectively.</p>\n<p>Given: α = 60° and γ = 45°.</p>\n<p>We know the relation between the direction cosines: cos²α + cos²β + cos²γ = 1.</p>\n<p>cos²(60°) + cos²β + cos²(45°) = 1</p>\n<p>(1/2)² + cos²β + (1/√2)² = 1</p>\n<p>1/4 + cos²β + 1/2 = 1</p>\n<p>cos²β = 1 - 1/4 - 1/2 = 1 - 3/4 = 1/4</p>\n<p>cos β = ±1/2</p>\n<p>Therefore, the angle with the positive y-axis is β = 60° or β = 120°.</p>\n<p>The direction cosines (l, m, n) are (cos α, cos β, cos γ).</p>\n<p>Case 1: β = 60°. The direction cosines are (1/2, 1/2, 1/√2).</p>\n<p>Case 2: β = 120°. The direction cosines are (1/2, -1/2, 1/√2).</p>\n<p>Let's consider the case where the angle β is acute, so β = 60°. The direction cosines are <strong>(1/2, 1/2, 1/√2)</strong>.</p>\n<p><strong>OR</strong></p>\n<p>(b) To check if the lines are skew, we check if they are non-parallel and non-intersecting. The condition for two lines to be coplanar (intersecting or parallel) is that the scalar triple product (a₂−a₁)⋅(b₁×b₂) = 0.</p>\n<p>Line 1: (x-1)/2 = (y-2)/3 = (z-3)/4</p>\n<p>Point on the line, a₁ = î + 2ĵ + 3k̂</p>\n<p>Direction vector, b₁ = 2î + 3ĵ + 4k̂</p>\n<p>Line 2: (x-4)/5 = (y-1)/2 = z/1</p>\n<p>Point on the line, a₂ = 4î + ĵ + 0k̂</p>\n<p>Direction vector, b₂ = 5î + 2ĵ + k̂</p>\n<p>First, find the vector connecting the points on the lines:</p>\n<p>a₂ - a₁ = (4-1)î + (1-2)ĵ + (0-3)k̂ = 3î - ĵ - 3k̂</p>\n<p>Next, find the cross product of the direction vectors:</p>\n<p>b₁ × b₂ = | î  ĵ  k̂ |</p>\n<p>           | 2  3  4 |</p>\n<p>           | 5  2  1 |</p>\n<p>         = î(3 - 8) - ĵ(2 - 20) + k̂(4 - 15)</p>\n<p>         = -5î + 18ĵ - 11k̂</p>\n<p>Now, calculate the scalar triple product:</p>\n<p>(a₂ - a₁) ⋅ (b₁ × b₂) = (3î - ĵ - 3k̂) ⋅ (-5î + 18ĵ - 11k̂)</p>\n<p>= (3)(-5) + (-1)(18) + (-3)(-11)</p>\n<p>= -15 - 18 + 33 = 0</p>\n<p>Since the scalar triple product is zero, the lines are coplanar. The direction vectors b₁ and b₂ are not proportional, so the lines are not parallel. Therefore, the lines are intersecting.</p>\n<p>The given lines are <strong>not skew</strong>.</p>"
                    },
                    "question_type": "Short Answer (3 marks)",
                    "difficulty_level": "hard",
                    "explanation_html": ""
                  }
                ]
              },
              {
                "chapter_name": "Three Dimensional Geometry",
                "questions": [
                  {
                    "question_no": 11,
                    "question_html": "<p>Find the equations of the planes passing through the line of intersection of the planes r⃗ ⋅ (î + 3ĵ) = 6 and r⃗ ⋅ (3î − ĵ − 4k̂) = 0, which are at a distance of 1 unit from the origin.</p>",
                    "options": [],
                    "correct_answer": {
                      "text": "<p>The equation of any plane passing through the line of intersection of the given planes is given by P₁ + λP₂ = 0.</p>\n<p>The cartesian equations of the planes are:</p>\n<p>P₁: x + 3y - 6 = 0</p>\n<p>P₂: 3x - y - 4z = 0</p>\n<p>The equation of the required plane is:</p>\n<p>(x + 3y - 6) + λ(3x - y - 4z) = 0</p>\n<p>(1 + 3λ)x + (3 - λ)y - 4λz - 6 = 0</p>\n<p>The distance of this plane from the origin (0, 0, 0) is 1 unit.</p>\n<p>Distance = |Ax₀ + By₀ + Cz₀ + D| / √(A² + B² + C²)</p>\n<p>1 = |(1 + 3λ)(0) + (3 - λ)(0) - 4λ(0) - 6| / √((1 + 3λ)² + (3 - λ)² + (-4λ)²)</p>\n<p>1 = |-6| / √((1 + 6λ + 9λ²) + (9 - 6λ + λ²) + 16λ²)</p>\n<p>1 = 6 / √(1 + 9λ² + 9 + λ² + 16λ²)</p>\n<p>Squaring both sides:</p>\n<p>1 = 36 / (10 + 26λ²)</p>\n<p>10 + 26λ² = 36</p>\n<p>26λ² = 26</p>\n<p>λ² = 1 ⇒ λ = ±1</p>\n<p><strong>Case 1: λ = 1</strong></p>\n<p>(1 + 3)x + (3 - 1)y - 4(1)z - 6 = 0</p>\n<p>4x + 2y - 4z = 6, which can be written as r⃗ ⋅ (4î + 2ĵ - 4k̂) = 6.</p>\n<p><strong>Case 2: λ = -1</strong></p>\n<p>(1 - 3)x + (3 - (-1))y - 4(-1)z - 6 = 0</p>\n<p>-2x + 4y + 4z = 6, which can be written as r⃗ ⋅ (-2î + 4ĵ + 4k̂) = 6.</p>\n<p>The two required equations of the planes are <strong>r⃗ ⋅ (4î + 2ĵ - 4k̂) = 6</strong> and <strong>r⃗ ⋅ (-2î + 4ĵ + 4k̂) = 6</strong>.</p>"
                    },
                    "question_type": "Long Answer (4 marks)",
                    "difficulty_level": "hard",
                    "explanation_html": ""
                  }
                ]
              },
              {
                "chapter_name": "Differential Equations",
                "questions": [
                  {
                    "question_no": 12,
                    "question_html": "<p>(a) Find the particular solution of the differential equation x(dy/dx) + y + 1/(1+x²) = 0, given that y(1) = 0.</p>\n<p><strong>OR</strong></p>\n<p>(b) Find the general solution of the differential equation x(y³ + x³)dy = (2y⁴ + 5x³y)dx.</p>",
                    "options": [],
                    "correct_answer": {
                      "text": "<p>(a) The given differential equation is:</p>\n<p>x(dy/dx) + y = -1/(1+x²)</p>\n<p>Divide by x to bring it to the standard linear form dy/dx + P(x)y = Q(x):</p>\n<p>dy/dx + (1/x)y = -1/(x(1+x²))</p>\n<p>Here, P(x) = 1/x and Q(x) = -1/(x(1+x²)).</p>\n<p>The integrating factor (I.F.) is e<sup>∫P(x)dx</sup> = e<sup>∫(1/x)dx</sup> = e<sup>ln|x|</sup> = x.</p>\n<p>The solution is given by y ⋅ (I.F.) = ∫Q(x) ⋅ (I.F.) dx + C.</p>\n<p>y ⋅ x = ∫[-1/(x(1+x²))] ⋅ x dx + C</p>\n<p>xy = ∫[-1/(1+x²)] dx + C</p>\n<p>xy = -arctan(x) + C</p>\n<p>To find the particular solution, use the condition y(1) = 0 (when x=1, y=0).</p>\n<p>(1)(0) = -arctan(1) + C</p>\n<p>0 = -π/4 + C ⇒ C = π/4</p>\n<p>The particular solution is <strong>xy = π/4 - arctan(x)</strong>.</p>\n<p><strong>OR</strong></p>\n<p>(b) The given differential equation is homogeneous:</p>\n<p>dy/dx = (2y⁴ + 5x³y) / (xy³ + x⁴)</p>\n<p>Let y = vx. Then dy/dx = v + x(dv/dx).</p>\n<p>v + x(dv/dx) = (2(vx)⁴ + 5x³(vx)) / (x(vx)³ + x⁴) = (x⁴(2v⁴ + 5v)) / (x⁴(v³ + 1))</p>\n<p>x(dv/dx) = (2v⁴ + 5v)/(v³ + 1) - v = (2v⁴ + 5v - v(v³+1))/(v³+1) = (v⁴ + 4v)/(v³+1)</p>\n<p>Separate the variables:</p>\n<p>((v³ + 1) / (v⁴ + 4v)) dv = (1/x) dx</p>\n<p>Integrate both sides. To integrate the left side, notice that the derivative of the denominator (v⁴ + 4v) is 4v³ + 4. We can rewrite the numerator.</p>\n<p>∫((v³ + 1) / (v(v³ + 4))) dv = ∫(1/x) dx</p>\n<p>Multiply and divide the left side by 4:</p>\n<p>(1/4) ∫((4v³ + 4) / (v⁴ + 4v)) dv = ∫(1/x) dx</p>\n<p>This is in the form (1/4)∫(f'(v)/f(v))dv = ln|f(v)|.</p>\n<p>(1/4) ln|v⁴ + 4v| = ln|x| + C₁</p>\n<p>ln|v⁴ + 4v| = 4ln|x| + 4C₁ = ln(x⁴) + ln(C) (where ln(C) = 4C₁)</p>\n<p>ln|v⁴ + 4v| = ln|Cx⁴|</p>\n<p>v⁴ + 4v = Cx⁴</p>\n<p>Substitute back v = y/x:</p>\n<p>(y/x)⁴ + 4(y/x) = Cx⁴</p>\n<p>y⁴/x⁴ + 4y/x = Cx⁴</p>\n<p>(y⁴ + 4yx³) / x⁴ = Cx⁴</p>\n<p>The general solution is <strong>y⁴ + 4yx³ = Cx⁸</strong>.</p>"
                    },
                    "question_type": "Long Answer (4 marks)",
                    "difficulty_level": "hard",
                    "explanation_html": ""
                  }
                ]
              },
              {
                "chapter_name": "Integrals",
                "questions": [
                  {
                    "question_no": 13,
                    "question_html": "<p>Evaluate : ∫₀<sup>π/2</sup> (2log cos x − log sin 2x) dx</p>",
                    "options": [],
                    "correct_answer": {
                      "text": "<p>Let I = ∫₀<sup>π/2</sup> (2log cos x − log sin 2x) dx.</p>\n<p>Using the properties of logarithms and trigonometric identities:</p>\n<p>log sin 2x = log(2 sin x cos x) = log 2 + log sin x + log cos x</p>\n<p>Substitute this into the integral:</p>\n<p>I = ∫₀<sup>π/2</sup> [2log cos x - (log 2 + log sin x + log cos x)] dx</p>\n<p>I = ∫₀<sup>π/2</sup> [log cos x - log sin x - log 2] dx</p>\n<p>I = ∫₀<sup>π/2</sup> [log(cos x / sin x) - log 2] dx</p>\n<p>I = ∫₀<sup>π/2</sup> [log(cot x) - log 2] dx  ---(1)</p>\n<p>Now, use the property ∫₀ᵃ f(x) dx = ∫₀ᵃ f(a - x) dx:</p>\n<p>I = ∫₀<sup>π/2</sup> [log(cot(π/2 - x)) - log 2] dx</p>\n<p>I = ∫₀<sup>π/2</sup> [log(tan x) - log 2] dx  ---(2)</p>\n<p>Add equations (1) and (2):</p>\n<p>2I = ∫₀<sup>π/2</sup> [log(cot x) + log(tan x) - 2log 2] dx</p>\n<p>2I = ∫₀<sup>π/2</sup> [log(cot x ⋅ tan x) - 2log 2] dx</p>\n<p>Since cot x ⋅ tan x = 1, and log(1) = 0:</p>\n<p>2I = ∫₀<sup>π/2</sup> [0 - 2log 2] dx</p>\n<p>2I = -2log 2 ∫₀<sup>π/2</sup> 1 dx</p>\n<p>2I = -2log 2 [x]₀<sup>π/2</sup></p>\n<p>2I = -2log 2 (π/2 - 0)</p>\n<p>2I = -π log 2</p>\n<p>I = (-π/2) log 2</p>\n<p>This can also be written as <strong>(π/2) log(1/2)</strong>.</p>"
                    },
                    "question_type": "Long Answer (4 marks)",
                    "difficulty_level": "hard",
                    "explanation_html": ""
                  }
                ]
              },
              {
                "chapter_name": "Probability",
                "questions": [
                  {
                    "question_no": 14,
                    "question_html": "<p><strong>Case-Study Based Question</strong></p>\n<p>In a game of Archery, each ring of the Archery target is valued. The centremost ring is worth 10 points and rest of the rings are allotted points 9 to 1 in sequential order moving outwards.</p>\n<p>Archer A is likely to earn 10 points with a probability of 0.8 and Archer B is likely to earn 10 points with a probability of 0.9.</p>\n<p>Based on the above information, answer the following questions :</p>\n<p>If both of them hit the Archery target, then find the probability that</p>\n<p>(a) exactly one of them earns 10 points.</p>\n<p>(b) both of them earn 10 points.</p>",
                    "images": [
                      {
                        "url": "https://img.testbuddyai.com/Maths-65-4-22-Q14.png"
                      }
                    ],
                    "options": [],
                    "correct_answer": {
                      "text": "<p>Let A be the event that Archer A earns 10 points.</p>\n<p>Let B be the event that Archer B earns 10 points.</p>\n<p>We are given the probabilities:</p>\n<p>P(A) = 0.8</p>\n<p>P(B) = 0.9</p>\n<p>The probabilities of them not earning 10 points are:</p>\n<p>P(A') = 1 - P(A) = 1 - 0.8 = 0.2</p>\n<p>P(B') = 1 - P(B) = 1 - 0.9 = 0.1</p>\n<p>Assuming the events are independent.</p>\n<p><strong>(a) Probability that exactly one of them earns 10 points.</strong></p>\n<p>This can happen in two ways:</p>\n<ol>\n<li>Archer A earns 10 points AND Archer B does not.</li>\n<li>Archer A does not earn 10 points AND Archer B does.</li>\n</ol>\n<p>P(Exactly one) = P(A and B') + P(A' and B)</p>\n<p>= P(A)P(B') + P(A')P(B)</p>\n<p>= (0.8)(0.1) + (0.2)(0.9)</p>\n<p>= 0.08 + 0.18</p>\n<p>= 0.26</p>\n<p><strong>(b) Probability that both of them earn 10 points.</strong></p>\n<p>This is the probability of A happening AND B happening.</p>\n<p>P(Both) = P(A and B)</p>\n<p>= P(A)P(B)</p>\n<p>= (0.8)(0.9)</p>\n<p>= 0.72</p>"
                    },
                    "question_type": "Case-based Subjective",
                    "difficulty_level": "easy",
                    "explanation_html": ""
                  }
                ]
              }
            ]
          }
        ]
      }
    ]
  }
]