[
  {
    "exam_name_actual": "CBSE Board - Class 12 - Science",
    "main_exam_id_name_ref": "CBSE Board - Class 12 - Science",
    "years": [
      {
        "year": "2022",
        "papers_or_subjects": [
          {
            "paper_name": "CBSE Class 12 Science (Mathematics) Paper 2022 (QP Code: 65/3/1)",
            "subject_name": "Mathematics",
            "chapters": [
              {
                "chapter_name": "Integrals",
                "questions": [
                  {
                    "question_no": 1,
                    "question_html": "<p>Find: ∫(dx)/(x² - 6x + 13)</p>",
                    "options": [],
                    "correct_answer": {
                      "text": "<p>∫(dx)/(x² - 6x + 13)<br>= ∫(dx)/((x-3)² + (2)²)<br>= (1/2)tan⁻¹((x-3)/2) + C</p>"
                    },
                    "question_type": "Very Short Answer (2 marks)",
                    "difficulty_level": "easy",
                    "explanation_html": null
                  }
                ]
              },
              {
                "chapter_name": "Differential Equations",
                "questions": [
                  {
                    "question_no": 2,
                    "question_html": "<p>Find the general solution of the differential equation: e<sup>dy/dx</sup> = x².</p>",
                    "options": [],
                    "correct_answer": {
                      "text": "<p>e<sup>dy/dx</sup> = x²<br>dy/dx = log(x²) = 2log(x)<br>∫dy = 2∫log(x)dx<br>y = 2[xlog(x) - ∫1 dx]<br>y = 2[xlog(x) - x] + C</p>"
                    },
                    "question_type": "Very Short Answer (2 marks)",
                    "difficulty_level": "easy",
                    "explanation_html": null
                  }
                ]
              },
              {
                "chapter_name": "Vector Algebra",
                "questions": [
                  {
                    "question_no": 3,
                    "question_html": "<p>Write the projection of the vector (b⃗ + c⃗) on the vector a⃗, where a⃗ = 2î - 2ĵ + k̂, b⃗ = î + 2ĵ - 2k̂ and c⃗ = 2î - ĵ + 4k̂.</p>",
                    "options": [],
                    "correct_answer": {
                      "text": "<p>b⃗ + c⃗ = (î + 2ĵ - 2k̂) + (2î - ĵ + 4k̂) = 3î + ĵ + 2k̂<br>Projection of (b⃗ + c⃗) on a⃗ = ((b⃗ + c⃗) . a⃗) / |a⃗|<br>= ((3î + ĵ + 2k̂) . (2î - 2ĵ + k̂)) / √(2² + (-2)² + 1²)<br>= (6 - 2 + 2) / √9<br>= 6 / 3 = 2</p>"
                    },
                    "question_type": "Very Short Answer (2 marks)",
                    "difficulty_level": "easy",
                    "explanation_html": null
                  }
                ]
              },
              {
                "chapter_name": "Three Dimensional Geometry",
                "questions": [
                  {
                    "question_no": 4,
                    "question_html": "<p>If the distance of the point (1, 1, 1) from the plane x - y + z + λ = 0 is 5/√3, find the value(s) of λ.</p>",
                    "options": [],
                    "correct_answer": {
                      "text": "<p>The distance of the point (1, 1, 1) from the plane x - y + z + λ = 0 is given by:<br>d = |1 - 1 + 1 + λ| / √(1² + (-1)² + 1²) = |1 + λ| / √3<br>Given d = 5/√3<br>So, |1 + λ| / √3 = 5/√3<br>|1 + λ| = 5<br>1 + λ = ±5<br>λ = 4 or λ = -6</p>"
                    },
                    "question_type": "Very Short Answer (2 marks)",
                    "difficulty_level": "medium",
                    "explanation_html": null
                  }
                ]
              },
              {
                "chapter_name": "Probability",
                "questions": [
                  {
                    "question_no": 5,
                    "question_html": "<p>Two cards are drawn successively with replacement from a well shuffled pack of 52 cards. Find the probability distribution of the number of spade cards.</p>",
                    "options": [],
                    "correct_answer": {
                      "text": "<p>Let X be the random variable representing the number of spade cards drawn.<br>Probability of drawing a spade (p) = 13/52 = 1/4<br>Probability of not drawing a spade (q) = 1 - 1/4 = 3/4<br>X can take values 0, 1, 2.<br>P(X=0) = q * q = (3/4) * (3/4) = 9/16<br>P(X=1) = p*q + q*p = 2 * (1/4) * (3/4) = 6/16<br>P(X=2) = p * p = (1/4) * (1/4) = 1/16<br>The probability distribution is:</p><table><tbody><tr><td>X</td><td>0</td><td>1</td><td>2</td></tr><tr><td>P(X)</td><td>9/16</td><td>6/16</td><td>1/16</td></tr></tbody></table>"
                    },
                    "question_type": "Very Short Answer (2 marks)",
                    "difficulty_level": "medium",
                    "explanation_html": null
                  }
                ]
              },
              {
                "chapter_name": "Probability",
                "questions": [
                  {
                    "question_no": 6,
                    "question_html": "<p>A pair of dice is thrown and the sum of the numbers appearing on the dice is observed to be 7. Find the probability that the number 5 has appeared on atleast one die.<br><strong>OR</strong><br>The probability that A hits the target is 1/3 and the probability that B hits it, is 2/5. If both try to hit the target independently, find the probability that the target is hit.</p>",
                    "options": [],
                    "correct_answer": {
                      "text": "<p>Let A be the event that the sum is 7.<br>A = {(1,6), (2,5), (3,4), (4,3), (5,2), (6,1)}. So, n(A) = 6.<br>Let B be the event that the number 5 has appeared on at least one die.<br>A ∩ B = {(2,5), (5,2)}. So, n(A ∩ B) = 2.<br>The required probability is P(B/A) = P(A ∩ B) / P(A) = (2/36) / (6/36) = 2/6 = 1/3.<br><br><strong>OR</strong><br><br>Let E₁ be the event that A hits the target and E₂ be the event that B hits the target.<br>P(E₁) = 1/3, P(E₂) = 2/5.<br>P(E₁') = 1 - 1/3 = 2/3<br>P(E₂') = 1 - 2/5 = 3/5<br>Probability that the target is hit = 1 - P(neither hits the target)<br>= 1 - P(E₁' and E₂')<br>= 1 - P(E₁') * P(E₂') (since events are independent)<br>= 1 - (2/3) * (3/5)<br>= 1 - 2/5 = 3/5.</p>"
                    },
                    "question_type": "Very Short Answer (2 marks)",
                    "difficulty_level": "medium",
                    "explanation_html": null
                  }
                ]
              },
              {
                "chapter_name": "Integrals",
                "questions": [
                  {
                    "question_no": 7,
                    "question_html": "<p>Evaluate: ∫₀<sup>2π</sup> (dx) / (1 + e<sup>sin x</sup>)</p>",
                    "options": [],
                    "correct_answer": {
                      "text": "<p>Let I = ∫₀<sup>2π</sup> (dx) / (1 + e<sup>sin x</sup>)  --- (1)<br>Using the property ∫₀<sup>a</sup> f(x)dx = ∫₀<sup>a</sup> f(a-x)dx,<br>I = ∫₀<sup>2π</sup> (dx) / (1 + e<sup>sin(2π-x)</sup>)<br>I = ∫₀<sup>2π</sup> (dx) / (1 + e<sup>-sin x</sup>) = ∫₀<sup>2π</sup> (e<sup>sin x</sup> dx) / (e<sup>sin x</sup> + 1) --- (2)<br>Adding (1) and (2):<br>2I = ∫₀<sup>2π</sup> (1 + e<sup>sin x</sup>) / (1 + e<sup>sin x</sup>) dx<br>2I = ∫₀<sup>2π</sup> 1 dx = [x]₀<sup>2π</sup> = 2π<br>I = π</p>"
                    },
                    "question_type": "Short Answer (3 marks)",
                    "difficulty_level": "hard",
                    "explanation_html": null
                  }
                ]
              },
              {
                "chapter_name": "Differential Equations",
                "questions": [
                  {
                    "question_no": 8,
                    "question_html": "<p>Find the particular solution of the differential equation x(dy/dx) - y = x²e<sup>x</sup>, given y(1) = 0.<br><strong>OR</strong><br>Find the general solution of the differential equation x(dy/dx) = y(log y - log x + 1).</p>",
                    "options": [],
                    "correct_answer": {
                      "text": "<p>The equation is (dy/dx) - (1/x)y = xe<sup>x</sup>.<br>This is a linear differential equation of the form dy/dx + Py = Q, where P = -1/x and Q = xe<sup>x</sup>.<br>Integrating Factor (I.F.) = e<sup>∫Pdx</sup> = e<sup>∫(-1/x)dx</sup> = e<sup>-log x</sup> = e<sup>log(x⁻¹)</sup> = 1/x.<br>The solution is y * (I.F.) = ∫(Q * I.F.)dx + C<br>y * (1/x) = ∫(xe<sup>x</sup> * (1/x))dx + C<br>y/x = ∫e<sup>x</sup>dx + C<br>y/x = e<sup>x</sup> + C => y = xe<sup>x</sup> + Cx<br>Given y(1) = 0:<br>0 = 1 * e¹ + C * 1<br>0 = e + C => C = -e<br>The particular solution is y = xe<sup>x</sup> - ex.<br><br><strong>OR</strong><br><br>The equation is x(dy/dx) = y(log(y/x) + 1).<br>dy/dx = (y/x)(log(y/x) + 1).<br>This is a homogeneous differential equation. Let y = vx.<br>Then dy/dx = v + x(dv/dx).<br>v + x(dv/dx) = v(log v + 1)<br>v + x(dv/dx) = vlog v + v<br>x(dv/dx) = vlog v<br>∫(dv / (vlog v)) = ∫(dx / x)<br>Let log v = t, then (1/v)dv = dt.<br>∫(dt / t) = log|x| + C<br>log|t| = log|x| + log C₁<br>log|log v| = log|C₁x|<br>log v = C₁x<br>log(y/x) = C₁x.</p>"
                    },
                    "question_type": "Short Answer (3 marks)",
                    "difficulty_level": "hard",
                    "explanation_html": null
                  }
                ]
              },
              {
                "chapter_name": "Vector Algebra",
                "questions": [
                  {
                    "question_no": 9,
                    "question_html": "<p>The two adjacent sides of a parallelogram are represented by vectors 2î - 4ĵ + 5k̂ and î - 2ĵ - 3k̂. Find the unit vector parallel to one of its diagonals. Also, find the area of the parallelogram.<br><strong>OR</strong><br>If a⃗ = 2î + 2ĵ + 3k̂, b⃗ = -î + 2ĵ + k̂ and c⃗ = 3î + ĵ are such that the vector (a⃗ + λb⃗) is perpendicular to vector c⃗, then find the value of λ.</p>",
                    "options": [],
                    "correct_answer": {
                      "text": "<p>Let the adjacent sides be A⃗ = 2î - 4ĵ + 5k̂ and B⃗ = î - 2ĵ - 3k̂.<br>One diagonal is D⃗ = A⃗ + B⃗ = (2î - 4ĵ + 5k̂) + (î - 2ĵ - 3k̂) = 3î - 6ĵ + 2k̂.<br>|D⃗| = √(3² + (-6)² + 2²) = √(9 + 36 + 4) = √49 = 7.<br>Unit vector parallel to the diagonal = D⃗ / |D⃗| = (1/7)(3î - 6ĵ + 2k̂).<br><br>Area of parallelogram = |A⃗ × B⃗|.<br>A⃗ × B⃗ = | î  ĵ  k̂ |<br>            | 2 -4  5 |<br>            | 1 -2 -3 |<br>= î(12 - (-10)) - ĵ(-6 - 5) + k̂(-4 - (-4))<br>= 22î + 11ĵ + 0k̂.<br>Area = |22î + 11ĵ| = √(22² + 11²) = √(484 + 121) = √605 = 11√5 sq. units.<br><br><strong>OR</strong><br><br>a⃗ + λb⃗ = (2î + 2ĵ + 3k̂) + λ(-î + 2ĵ + k̂)<br>= (2 - λ)î + (2 + 2λ)ĵ + (3 + λ)k̂.<br>Given (a⃗ + λb⃗) is perpendicular to c⃗, their dot product is 0.<br>((2 - λ)î + (2 + 2λ)ĵ + (3 + λ)k̂) . (3î + ĵ) = 0<br>3(2 - λ) + 1(2 + 2λ) + 0 = 0<br>6 - 3λ + 2 + 2λ = 0<br>8 - λ = 0<br>λ = 8.</p>"
                    },
                    "question_type": "Short Answer (3 marks)",
                    "difficulty_level": "medium",
                    "explanation_html": null
                  }
                ]
              },
              {
                "chapter_name": "Three Dimensional Geometry",
                "questions": [
                  {
                    "question_no": 10,
                    "question_html": "<p>Show that the lines :<br>(1-x)/2 = (y-3)/4 = z/(-1) and (x-4)/3 = (2y-2)/(-4) = z-1 are coplanar.</p>",
                    "options": [],
                    "correct_answer": {
                      "text": "<p>The first line in standard form is (x-1)/(-2) = (y-3)/4 = (z-0)/(-1).<br>Here, a₁⃗ = î + 3ĵ + 0k̂, b₁⃗ = -2î + 4ĵ - k̂.<br>The second line in standard form is (x-4)/3 = (y-1)/(-2) = (z-1)/1.<br>Here, a₂⃗ = 4î + ĵ + k̂, b₂⃗ = 3î - 2ĵ + k̂.<br>The lines are coplanar if (a₂⃗ - a₁⃗) . (b₁⃗ × b₂⃗) = 0.<br>a₂⃗ - a₁⃗ = (4î + ĵ + k̂) - (î + 3ĵ) = 3î - 2ĵ + k̂.<br>The condition can be checked using the scalar triple product determinant:<br>| x₂-x₁  y₂-y₁  z₂-z₁ |<br>| a₁      b₁      c₁    |<br>| a₂      b₂      c₂    |<br>= | 3  -2   1 |<br>  | -2  4  -1 |<br>  | 3  -2   1 |<br>Since Row 1 and Row 3 are identical, the value of the determinant is 0.<br>Hence, the lines are coplanar.</p>"
                    },
                    "question_type": "Short Answer (3 marks)",
                    "difficulty_level": "medium",
                    "explanation_html": null
                  }
                ]
              },
              {
                "chapter_name": "Application of Integrals",
                "questions": [
                  {
                    "question_no": 11,
                    "question_html": "<p>Find the area of the region bounded by curve 4x² = y and the line y = 8x + 12, using integration.</p>",
                    "options": [],
                    "correct_answer": {
                      "text": "<p>To find the points of intersection, we solve the equations:<br>4x² = 8x + 12<br>4x² - 8x - 12 = 0<br>x² - 2x - 3 = 0<br>(x - 3)(x + 1) = 0<br>So, x = 3 and x = -1.<br>The area is given by the integral of the upper curve minus the lower curve from x = -1 to x = 3.<br>Upper curve: y = 8x + 12<br>Lower curve: y = 4x²<br>Area = ∫₋₁³ ( (8x + 12) - 4x² ) dx<br>= [8(x²/2) + 12x - 4(x³/3)]₋₁³<br>= [4x² + 12x - (4/3)x³]₋₁³<br>= (4(3)² + 12(3) - (4/3)(3)³) - (4(-1)² + 12(-1) - (4/3)(-1)³)<br>= (36 + 36 - 36) - (4 - 12 + 4/3)<br>= 36 - (-8 + 4/3)<br>= 36 - (-20/3)<br>= 36 + 20/3<br>= (108 + 20) / 3 = 128/3 sq. units.</p>"
                    },
                    "question_type": "Long Answer (4 marks)",
                    "difficulty_level": "hard",
                    "explanation_html": null
                  }
                ]
              },
              {
                "chapter_name": "Integrals",
                "questions": [
                  {
                    "question_no": 12,
                    "question_html": "<p>Find: ∫ (x²) / ((x² + 1)(x² + 4)) dx<br><strong>OR</strong><br>Evaluate: ∫₋₂¹ √(5 - 4x - x²) dx</p>",
                    "options": [],
                    "correct_answer": {
                      "text": "<p>Let x² = t. Then the expression becomes t / ((t + 1)(t + 4)).<br>Using partial fractions:<br>t / ((t + 1)(t + 4)) = A/(t+1) + B/(t+4)<br>t = A(t+4) + B(t+1)<br>If t = -1, -1 = A(3) => A = -1/3.<br>If t = -4, -4 = B(-3) => B = 4/3.<br>So, ∫ (x²) / ((x² + 1)(x² + 4)) dx = ∫ [(-1/3)/(x² + 1) + (4/3)/(x² + 4)] dx<br>= (-1/3)∫ dx/(x²+1) + (4/3)∫ dx/(x²+2²)<br>= (-1/3)tan⁻¹(x) + (4/3)*(1/2)tan⁻¹(x/2) + C<br>= (-1/3)tan⁻¹(x) + (2/3)tan⁻¹(x/2) + C<br><br><strong>OR</strong><br><br>∫₋₂¹ √(5 - 4x - x²) dx<br>= ∫₋₂¹ √(5 - (x² + 4x)) dx<br>= ∫₋₂¹ √(5 - (x² + 4x + 4 - 4)) dx<br>= ∫₋₂¹ √(9 - (x + 2)²) dx<br>This is of the form ∫√(a² - u²)du = (u/2)√(a²-u²) + (a²/2)sin⁻¹(u/a).<br>Here a=3, u=x+2.<br>= [(x+2)/2 * √(9-(x+2)²) + (9/2)sin⁻¹((x+2)/3)]₋₂¹<br>= [(3/2)√(9-9) + (9/2)sin⁻¹(3/3)] - [(0/2)√(9-0) + (9/2)sin⁻¹(0/3)]<br>= [0 + (9/2)sin⁻¹(1)] - [0 + 0]<br>= (9/2) * (π/2) = 9π/4.</p>"
                    },
                    "question_type": "Long Answer (4 marks)",
                    "difficulty_level": "hard",
                    "explanation_html": null
                  }
                ]
              },
              {
                "chapter_name": "Three Dimensional Geometry",
                "questions": [
                  {
                    "question_no": 13,
                    "question_html": "<p>Find the distance of the point (1, -2, 9) from the point of intersection of the line r⃗ = 4î + 2ĵ + 7k̂ + λ(3î + 4ĵ + 2k̂) and the plane r⃗ . (î - ĵ + k̂) = 10.</p>",
                    "options": [],
                    "correct_answer": {
                      "text": "<p>The equation of the line is r⃗ = (4 + 3λ)î + (2 + 4λ)ĵ + (7 + 2λ)k̂.<br>This point lies on the plane r⃗ . (î - ĵ + k̂) = 10.<br>So, [(4 + 3λ)î + (2 + 4λ)ĵ + (7 + 2λ)k̂] . (î - ĵ + k̂) = 10<br>(4 + 3λ) - (2 + 4λ) + (7 + 2λ) = 10<br>4 + 3λ - 2 - 4λ + 7 + 2λ = 10<br>9 + λ = 10<br>λ = 1.<br>The point of intersection is obtained by putting λ = 1 in the line equation:<br>x = 4 + 3(1) = 7<br>y = 2 + 4(1) = 6<br>z = 7 + 2(1) = 9<br>The point of intersection is (7, 6, 9).<br>The distance between (1, -2, 9) and (7, 6, 9) is:<br>d = √((7-1)² + (6 - (-2))² + (9-9)²)<br>d = √(6² + 8² + 0²)<br>d = √(36 + 64) = √100 = 10 units.</p>"
                    },
                    "question_type": "Long Answer (4 marks)",
                    "difficulty_level": "hard",
                    "explanation_html": null
                  }
                ]
              },
              {
                "chapter_name": "Probability",
                "questions": [
                  {
                    "question_no": 14,
                    "question_html": "<p><strong>Case Study Problem :</strong><br>A shopkeeper sells three types of flower seeds A1, A2, A3. They are sold in the form of a mixture, where the proportions of these seeds are 4:4:2, respectively. The germination rates of the three types of seeds are 45%, 60% and 35% respectively.<br>Based on the above information :<br>(a) Calculate the probability that a randomly chosen seed will germinate;<br>(b) Calculate the probability that the seed is of type A2, given that a randomly chosen seed germinates.</p>",
                    "images": [
                      {
                        "url": "https://img.testbuddyai.com/Maths-65-3-22-Q14.png"
                      }
                    ],
                    "options": [],
                    "correct_answer": {
                      "text": "<p>Let E₁, E₂, E₃ be the events of choosing seeds of type A1, A2, A3 respectively. Let A be the event that a seed germinates.<br>P(E₁) = 4 / (4+4+2) = 4/10<br>P(E₂) = 4/10<br>P(E₃) = 2/10<br>The germination rates are the conditional probabilities:<br>P(A|E₁) = 45/100<br>P(A|E₂) = 60/100<br>P(A|E₃) = 35/100<br><br>(a) Using the Law of Total Probability:<br>P(A) = P(E₁)P(A|E₁) + P(E₂)P(A|E₂) + P(E₃)P(A|E₃)<br>= (4/10)(45/100) + (4/10)(60/100) + (2/10)(35/100)<br>= (180/1000) + (240/1000) + (70/1000)<br>= 490/1000 = 49/100 or 0.49.<br><br>(b) Using Bayes' Theorem:<br>P(E₂|A) = [P(E₂)P(A|E₂)] / P(A)<br>= [(4/10)(60/100)] / (490/1000)<br>= (240/1000) / (490/1000)<br>= 240 / 490 = 24/49.</p>"
                    },
                    "question_type": "Case-based Subjective",
                    "difficulty_level": "hard",
                    "explanation_html": null
                  }
                ]
              }
            ]
          }
        ]
      }
    ]
  }
]