[
  {
    "exam_name_actual": "CBSE Board - Class 10",
    "main_exam_id_name_ref": "CBSE Board - Class 10",
    "years": [
      {
        "year": "2025",
        "papers_or_subjects": [
          {
            "paper_name": "CBSE Class 10 Mathematics (Basic) Paper 2025 (QP Code: 430/5/1)",
            "subject_name": "Mathematics",
            "chapters": [
              {
                "chapter_name": "Real Numbers",
                "questions": [
                  {
                    "question_no": 1,
                    "question_html": "<p>(2 – 5√3)² is</p>",
                    "options": [
                      {
                        "id": "a",
                        "text": "a negative integer"
                      },
                      {
                        "id": "b",
                        "text": "an irrational number"
                      },
                      {
                        "id": "c",
                        "text": "a rational number"
                      },
                      {
                        "id": "d",
                        "text": "a positive integer"
                      }
                    ],
                    "correct_answer": {
                      "ids": [
                        "b"
                      ]
                    },
                    "question_type": "mcq_single",
                    "difficulty_level": "easy",
                    "explanation_html": "<p>To solve this, we use the algebraic identity (a - b)² = a² - 2ab + b².</p><p>Here, a = 2 and b = 5√3.</p><p>(2 - 5√3)² = (2)² - 2(2)(5√3) + (5√3)²</p><p>= 4 - 20√3 + (25 × 3)</p><p>= 4 - 20√3 + 75</p><p>= 79 - 20√3</p><p>Since √3 is an irrational number, 20√3 is also irrational. The result, 79 - 20√3, is the sum of a rational number (79) and an irrational number (-20√3), which is always an irrational number.</p>"
                  }
                ]
              },
              {
                "chapter_name": "Quadratic Equations",
                "questions": [
                  {
                    "question_no": 2,
                    "question_html": "<p>The value of k for which the roots of the quadratic equation 6x² + 4kx + k = 0 are real and equal, is</p>",
                    "options": [
                      {
                        "id": "a",
                        "text": "0"
                      },
                      {
                        "id": "b",
                        "text": "3/4"
                      },
                      {
                        "id": "c",
                        "text": "-3/2"
                      },
                      {
                        "id": "d",
                        "text": "2/3"
                      }
                    ],
                    "correct_answer": {
                      "ids": [
                        "a"
                      ]
                    },
                    "question_type": "mcq_single",
                    "difficulty_level": "medium",
                    "explanation_html": "<p>For a quadratic equation ax² + bx + c = 0 to have real and equal roots, its discriminant (D) must be equal to zero.</p><p>The discriminant is given by the formula D = b² - 4ac.</p><p>In the given equation, 6x² + 4kx + k = 0, we have:</p><p>a = 6</p><p>b = 4k</p><p>c = k</p><p>Setting the discriminant to zero:</p><p>D = (4k)² - 4(6)(k) = 0</p><p>16k² - 24k = 0</p><p>We can factor out 8k from the expression:</p><p>8k(2k - 3) = 0</p><p>This gives two possible values for k:</p><p>8k = 0  => k = 0</p><p>or</p><p>2k - 3 = 0 => 2k = 3 => k = 3/2</p><p>Looking at the options provided, k = 0 is available as option (A). The other solution, k = 3/2, is not an option.</p>"
                  }
                ]
              },
              {
                "chapter_name": "Coordinate Geometry",
                "questions": [
                  {
                    "question_no": 3,
                    "question_html": "<p>The distance between the points (2, 3) and (–2, –3) is</p>",
                    "options": [
                      {
                        "id": "a",
                        "text": "4√13"
                      },
                      {
                        "id": "b",
                        "text": "√40"
                      },
                      {
                        "id": "c",
                        "text": "2√13"
                      },
                      {
                        "id": "d",
                        "text": "5"
                      }
                    ],
                    "correct_answer": {
                      "ids": [
                        "c"
                      ]
                    },
                    "question_type": "mcq_single",
                    "difficulty_level": "easy",
                    "explanation_html": "<p>We use the distance formula to find the distance between two points (x₁, y₁) and (x₂, y₂):</p><p>d = √[(x₂ - x₁)² + (y₂ - y₁)²]</p><p>Here, (x₁, y₁) = (2, 3) and (x₂, y₂) = (-2, -3).</p><p>d = √[(-2 - 2)² + (-3 - 3)²]</p><p>d = √[(-4)² + (-6)²]</p><p>d = √[16 + 36]</p><p>d = √52</p><p>To simplify √52, we find its prime factors: 52 = 4 × 13.</p><p>d = √(4 × 13) = √4 × √13 = 2√13</p>"
                  }
                ]
              },
              {
                "chapter_name": "Polynomials",
                "questions": [
                  {
                    "question_no": 4,
                    "question_html": "<p>Observe the given graph of polynomial p(x). The number of zeroes of p(x) is</p>",
                    "images": [
                      {
                        "url": "https://img.testbuddyai.com/Maths-430-5-25-Q4.png"
                      }
                    ],
                    "options": [
                      {
                        "id": "a",
                        "text": "0"
                      },
                      {
                        "id": "b",
                        "text": "1"
                      },
                      {
                        "id": "c",
                        "text": "3"
                      },
                      {
                        "id": "d",
                        "text": "2"
                      }
                    ],
                    "correct_answer": {
                      "ids": [
                        "d"
                      ]
                    },
                    "question_type": "mcq_single",
                    "difficulty_level": "easy",
                    "explanation_html": "<p>The zeroes of a polynomial p(x) are the x-coordinates of the points where its graph intersects the x-axis.</p><p>By observing the given graph, we can see that the curve (parabola) crosses the x-axis at two distinct points.</p><p>Therefore, the number of zeroes of the polynomial p(x) is 2.</p>"
                  }
                ]
              },
              {
                "chapter_name": "Circles",
                "questions": [
                  {
                    "question_no": 5,
                    "question_html": "<p>In the given figure, AB is diameter of the circle with centre O. CD is tangent to the circle so that ∠ACD = 40°. The value of ∠CBA is</p>",
                    "images": [
                      {
                        "url": "https://img.testbuddyai.com/Maths-430-5-25-Q5.png"
                      }
                    ],
                    "options": [
                      {
                        "id": "a",
                        "text": "50°"
                      },
                      {
                        "id": "b",
                        "text": "40°"
                      },
                      {
                        "id": "c",
                        "text": "80°"
                      },
                      {
                        "id": "d",
                        "text": "45°"
                      }
                    ],
                    "correct_answer": {
                      "ids": [
                        "b"
                      ]
                    },
                    "question_type": "mcq_single",
                    "difficulty_level": "medium",
                    "explanation_html": "<p>By the Alternate Segment Theorem, the angle between a tangent (CD) and a chord (AC) through the point of contact is equal to the angle in the alternate segment.</p><p>Therefore, ∠ACD = ∠ABC.</p><p>Given that ∠ACD = 40°.</p><p>So, ∠ABC (or ∠CBA) = 40°.</p>"
                  }
                ]
              },
              {
                "chapter_name": "Arithmetic Progressions",
                "questions": [
                  {
                    "question_no": 6,
                    "question_html": "<p>10th term of the A.P. : –12, –19, –26, .... is</p>",
                    "options": [
                      {
                        "id": "a",
                        "text": "-75"
                      },
                      {
                        "id": "b",
                        "text": "-65"
                      },
                      {
                        "id": "c",
                        "text": "51"
                      },
                      {
                        "id": "d",
                        "text": "-82"
                      }
                    ],
                    "correct_answer": {
                      "ids": [
                        "a"
                      ]
                    },
                    "question_type": "mcq_single",
                    "difficulty_level": "easy",
                    "explanation_html": "<p>The formula for the nth term of an Arithmetic Progression (A.P.) is aₙ = a + (n-1)d.</p><p>From the given A.P. (–12, –19, –26, ...):</p><p>The first term (a) = -12.</p><p>The common difference (d) = -19 - (-12) = -19 + 12 = -7.</p><p>We need to find the 10th term (n = 10).</p><p>a₁₀ = -12 + (10 - 1)(-7)</p><p>a₁₀ = -12 + (9)(-7)</p><p>a₁₀ = -12 - 63</p><p>a₁₀ = -75</p>"
                  }
                ]
              },
              {
                "chapter_name": "Quadratic Equations",
                "questions": [
                  {
                    "question_no": 7,
                    "question_html": "<p>The roots of the equation x² – 8 = 0 are</p>",
                    "options": [
                      {
                        "id": "a",
                        "text": "rational and distinct"
                      },
                      {
                        "id": "b",
                        "text": "irrational and distinct"
                      },
                      {
                        "id": "c",
                        "text": "real and equal"
                      },
                      {
                        "id": "d",
                        "text": "not real"
                      }
                    ],
                    "correct_answer": {
                      "ids": [
                        "b"
                      ]
                    },
                    "question_type": "mcq_single",
                    "difficulty_level": "easy",
                    "explanation_html": "<p>To find the roots of the equation x² – 8 = 0, we can rearrange it to solve for x.</p><p>x² = 8</p><p>x = ±√8</p><p>To simplify √8, we find its prime factors: 8 = 4 × 2.</p><p>x = ±√(4 × 2) = ±2√2</p><p>The two roots are 2√2 and -2√2.</p><p>Since √2 is an irrational number, both roots are irrational.</p><p>The roots are distinct (different) from each other.</p><p>Therefore, the roots are irrational and distinct.</p>"
                  }
                ]
              },
              {
                "chapter_name": "Coordinate Geometry",
                "questions": [
                  {
                    "question_no": 8,
                    "question_html": "<p>The point (x, 0) divides the line segment joining the points (–4, 5) and (0, –10) in the ratio</p>",
                    "options": [
                      {
                        "id": "a",
                        "text": "1:3"
                      },
                      {
                        "id": "b",
                        "text": "2:1"
                      },
                      {
                        "id": "c",
                        "text": "1:1"
                      },
                      {
                        "id": "d",
                        "text": "1:2"
                      }
                    ],
                    "correct_answer": {
                      "ids": [
                        "d"
                      ]
                    },
                    "question_type": "mcq_single",
                    "difficulty_level": "medium",
                    "explanation_html": "<p>Let the given points be A(–4, 5) and B(0, –10). Let the point P(x, 0) divide the line segment AB in the ratio k:1.</p><p>We use the section formula for the y-coordinate:</p><p>y = (ky₂ + y₁) / (k + 1)</p><p>Since the y-coordinate of point P is 0, we have:</p><p>0 = (k(–10) + 1(5)) / (k + 1)</p><p>0(k + 1) = -10k + 5</p><p>0 = -10k + 5</p><p>10k = 5</p><p>k = 5/10 = 1/2</p><p>So, the ratio k:1 is (1/2):1, which is equivalent to 1:2.</p>"
                  }
                ]
              },
              {
                "chapter_name": "Probability",
                "questions": [
                  {
                    "question_no": 9,
                    "question_html": "<p>A black card is lost from a deck of 52 playing cards. Rest of the cards are shuffled and one card is drawn at random from the available cards. The probability that drawn card is ‘king of hearts’, is</p>",
                    "options": [
                      {
                        "id": "a",
                        "text": "1/52"
                      },
                      {
                        "id": "b",
                        "text": "1/4"
                      },
                      {
                        "id": "c",
                        "text": "1/51"
                      },
                      {
                        "id": "d",
                        "text": "1/26"
                      }
                    ],
                    "correct_answer": {
                      "ids": [
                        "c"
                      ]
                    },
                    "question_type": "mcq_single",
                    "difficulty_level": "medium",
                    "explanation_html": "<p>A standard deck has 52 cards.</p><p>One black card is lost. This means the total number of cards remaining in the deck is 52 - 1 = 51.</p><p>The card we are interested in is the 'king of hearts'. The king of hearts is a red card.</p><p>Since a black card was lost, the king of hearts is definitely still in the deck.</p><p>The number of favorable outcomes (drawing the king of hearts) is 1.</p><p>The total number of possible outcomes (the number of remaining cards) is 51.</p><p>The probability is calculated as (Number of favorable outcomes) / (Total number of possible outcomes).</p><p>Probability = 1 / 51.</p>"
                  }
                ]
              },
              {
                "chapter_name": "Surface Areas and Volumes",
                "questions": [
                  {
                    "question_no": 10,
                    "question_html": "<p>The largest possible cone is just fitted inside a hollow cube of edge 25 cm. The radius of the base of the cone is</p>",
                    "options": [
                      {
                        "id": "a",
                        "text": "5 cm"
                      },
                      {
                        "id": "b",
                        "text": "12.5 cm"
                      },
                      {
                        "id": "c",
                        "text": "25 cm"
                      },
                      {
                        "id": "d",
                        "text": "10 cm"
                      }
                    ],
                    "correct_answer": {
                      "ids": [
                        "b"
                      ]
                    },
                    "question_type": "mcq_single",
                    "difficulty_level": "easy",
                    "explanation_html": "<p>For the largest possible cone to fit inside a cube, the base of the cone must be a circle inscribed in one of the square faces of the cube, and its height must be equal to the edge of the cube.</p><p>The diameter of the cone's base will be equal to the side length (edge) of the cube.</p><p>Edge of the cube = 25 cm.</p><p>Therefore, the diameter of the base of the cone = 25 cm.</p><p>The radius is half of the diameter.</p><p>Radius = Diameter / 2 = 25 / 2 = 12.5 cm.</p>"
                  }
                ]
              },
              {
                "chapter_name": "Probability",
                "questions": [
                  {
                    "question_no": 11,
                    "question_html": "<p>If E is an event such that P(E) = 0.1, then P(Ē) is equal to</p>",
                    "options": [
                      {
                        "id": "a",
                        "text": "0.9"
                      },
                      {
                        "id": "b",
                        "text": "1/2"
                      },
                      {
                        "id": "c",
                        "text": "0.99"
                      },
                      {
                        "id": "d",
                        "text": "-1"
                      }
                    ],
                    "correct_answer": {
                      "ids": [
                        "a"
                      ]
                    },
                    "question_type": "mcq_single",
                    "difficulty_level": "easy",
                    "explanation_html": "<p>The event Ē represents the complement of event E, which means 'not E'.</p><p>The sum of the probability of an event and the probability of its complement is always 1.</p><p>P(E) + P(Ē) = 1</p><p>We are given that P(E) = 0.1.</p><p>Substituting this value into the formula:</p><p>0.1 + P(Ē) = 1</p><p>P(Ē) = 1 - 0.1</p><p>P(Ē) = 0.9</p>"
                  }
                ]
              },
              {
                "chapter_name": "Introduction to Trigonometry",
                "questions": [
                  {
                    "question_no": 12,
                    "question_html": "<p>If tan A = 1, then 3 sin A + cos A is equal to</p>",
                    "options": [
                      {
                        "id": "a",
                        "text": "4√2"
                      },
                      {
                        "id": "b",
                        "text": "4"
                      },
                      {
                        "id": "c",
                        "text": "2√2"
                      },
                      {
                        "id": "d",
                        "text": "4 × 45°"
                      }
                    ],
                    "correct_answer": {
                      "ids": [
                        "c"
                      ]
                    },
                    "question_type": "mcq_single",
                    "difficulty_level": "medium",
                    "explanation_html": "<p>If tan A = 1, it means the angle A is 45° (since we typically consider acute angles in such problems).</p><p>We need to find the values of sin A and cos A for A = 45°.</p><p>sin 45° = 1/√2</p><p>cos 45° = 1/√2</p><p>Now, substitute these values into the expression 3 sin A + cos A:</p><p>3(1/√2) + 1/√2 = 3/√2 + 1/√2 = 4/√2</p><p>To rationalize the denominator, we multiply the numerator and denominator by √2:</p><p>(4 × √2) / (√2 × √2) = 4√2 / 2 = 2√2</p>"
                  }
                ]
              },
              {
                "chapter_name": "Polynomials",
                "questions": [
                  {
                    "question_no": 13,
                    "question_html": "<p>A quadratic polynomial having only zero (–2) is</p>",
                    "options": [
                      {
                        "id": "a",
                        "text": "(x – 2)²"
                      },
                      {
                        "id": "b",
                        "text": "x² – 2"
                      },
                      {
                        "id": "c",
                        "text": "x² + 2x"
                      },
                      {
                        "id": "d",
                        "text": "(x + 2)²"
                      }
                    ],
                    "correct_answer": {
                      "ids": [
                        "d"
                      ]
                    },
                    "question_type": "mcq_single",
                    "difficulty_level": "easy",
                    "explanation_html": "<p>If a quadratic polynomial has only one zero, it means the zero is a repeated root. This is also known as a root with a multiplicity of 2.</p><p>The given zero is -2.</p><p>The corresponding factor is (x - (-2)), which is (x + 2).</p><p>Since it is a repeated root, the polynomial will be of the form k(x + 2)(x + 2) or k(x + 2)², where k is a non-zero constant.</p><p>Looking at the options, (x + 2)² matches this form (with k=1).</p><p>Expanding (x + 2)² gives x² + 4x + 4.</p>"
                  }
                ]
              },
              {
                "chapter_name": "Circles",
                "questions": [
                  {
                    "question_no": 14,
                    "question_html": "<p>PQ and PR are tangents to a circle with centre O such that OQ = QP. The value of ∠OPQ is equal to</p>",
                    "images": [
                      {
                        "url": "https://img.testbuddyai.com/Maths-430-5-25-Q14.png"
                      }
                    ],
                    "options": [
                      {
                        "id": "a",
                        "text": "45°"
                      },
                      {
                        "id": "b",
                        "text": "30°"
                      },
                      {
                        "id": "c",
                        "text": "60°"
                      },
                      {
                        "id": "d",
                        "text": "90°"
                      }
                    ],
                    "correct_answer": {
                      "ids": [
                        "a"
                      ]
                    },
                    "question_type": "mcq_single",
                    "difficulty_level": "medium",
                    "explanation_html": "<p>In the circle with centre O, OQ is the radius and PQ is the tangent at point Q.</p><p>The radius at the point of contact is always perpendicular to the tangent.</p><p>Therefore, OQ ⊥ PQ, which means ∠OQP = 90°.</p><p>Now consider the triangle ΔOQP. It is a right-angled triangle.</p><p>It is given that OQ = QP.</p><p>Since two sides of the triangle are equal, it is an isosceles right-angled triangle.</p><p>In an isosceles triangle, the angles opposite the equal sides are also equal. Therefore, ∠OPQ = ∠POQ.</p><p>The sum of angles in a triangle is 180°.</p><p>∠OPQ + ∠POQ + ∠OQP = 180°</p><p>Let ∠OPQ = x. Then ∠POQ = x.</p><p>x + x + 90° = 180°</p><p>2x = 90°</p><p>x = 45°</p><p>So, ∠OPQ = 45°.</p>"
                  }
                ]
              },
              {
                "chapter_name": "Statistics",
                "questions": [
                  {
                    "question_no": 15,
                    "question_html": "<p>Which of the following depends on all observations of a given data ?</p>",
                    "options": [
                      {
                        "id": "a",
                        "text": "Median"
                      },
                      {
                        "id": "b",
                        "text": "Mean"
                      },
                      {
                        "id": "c",
                        "text": "Range"
                      },
                      {
                        "id": "d",
                        "text": "Mode"
                      }
                    ],
                    "correct_answer": {
                      "ids": [
                        "b"
                      ]
                    },
                    "question_type": "mcq_single",
                    "difficulty_level": "easy",
                    "explanation_html": "<p>Let's analyze each option:</p><p><b>Median:</b> The value of the middle observation after arranging the data in order. It is not affected by the specific values of other observations, only their position.</p><p><b>Range:</b> The difference between the maximum and minimum values. It only depends on these two specific observations.</p><p><b>Mode:</b> The most frequently occurring observation. It only depends on the observation(s) with the highest frequency.</p><p><b>Mean:</b> The sum of all observations divided by the number of observations. Its calculation involves every single value in the data set. Changing any observation will change the mean.</p><p>Therefore, the mean depends on all observations of a given data set.</p>"
                  }
                ]
              },
              {
                "chapter_name": "Circles",
                "questions": [
                  {
                    "question_no": 16,
                    "question_html": "<p>PQ is tangent to the circle centred at O. If OQ = 3 cm, PQ = 5 cm, then OP is equal to</p>",
                    "images": [
                      {
                        "url": "https://img.testbuddyai.com/Maths-430-5-25-Q16.png"
                      }
                    ],
                    "options": [
                      {
                        "id": "a",
                        "text": "5 cm"
                      },
                      {
                        "id": "b",
                        "text": "4 cm"
                      },
                      {
                        "id": "c",
                        "text": "√15 cm"
                      },
                      {
                        "id": "d",
                        "text": "√34 cm"
                      }
                    ],
                    "correct_answer": {
                      "ids": [
                        "d"
                      ]
                    },
                    "question_type": "mcq_single",
                    "difficulty_level": "easy",
                    "explanation_html": "<p>PQ is the tangent to the circle at point Q, and OQ is the radius to the point of contact.</p><p>The radius is always perpendicular to the tangent at the point of contact. Therefore, ∠OQP = 90°.</p><p>This makes ΔOQP a right-angled triangle with the right angle at Q.</p><p>The side opposite the right angle, OP, is the hypotenuse.</p><p>By the Pythagorean theorem (a² + b² = c²):</p><p>OQ² + PQ² = OP²</p><p>Given OQ = 3 cm and PQ = 5 cm.</p><p>3² + 5² = OP²</p><p>9 + 25 = OP²</p><p>34 = OP²</p><p>OP = √34 cm</p>"
                  }
                ]
              },
              {
                "chapter_name": "Probability",
                "questions": [
                  {
                    "question_no": 17,
                    "question_html": "<p>Two dice are rolled together. The probability that only one die shows number 4, is</p>",
                    "options": [
                      {
                        "id": "a",
                        "text": "11/36"
                      },
                      {
                        "id": "b",
                        "text": "1/3"
                      },
                      {
                        "id": "c",
                        "text": "5/18"
                      },
                      {
                        "id": "d",
                        "text": "1/4"
                      }
                    ],
                    "correct_answer": {
                      "ids": [
                        "c"
                      ]
                    },
                    "question_type": "mcq_single",
                    "difficulty_level": "medium",
                    "explanation_html": "<p>When two dice are rolled, the total number of possible outcomes is 6 × 6 = 36.</p><p>We need to find the outcomes where *only one* die shows the number 4.</p><p>Let's list the favorable outcomes:</p><p>Case 1: The first die is 4, and the second is not 4.</p><p>The outcomes are: (4, 1), (4, 2), (4, 3), (4, 5), (4, 6). There are 5 such outcomes.</p><p>Case 2: The second die is 4, and the first is not 4.</p><p>The outcomes are: (1, 4), (2, 4), (3, 4), (5, 4), (6, 4). There are 5 such outcomes.</p><p>The total number of favorable outcomes is 5 + 5 = 10.</p><p>The probability is (Number of favorable outcomes) / (Total number of possible outcomes).</p><p>Probability = 10 / 36</p><p>Simplifying the fraction by dividing both numerator and denominator by 2:</p><p>Probability = 5 / 18.</p>"
                  }
                ]
              },
              {
                "chapter_name": "Areas Related to Circles",
                "questions": [
                  {
                    "question_no": 18,
                    "question_html": "<p>An arc of length 22 cm subtends an angle of x° at the centre of the circle. If radius of circle is 36 cm, the value of x is</p>",
                    "options": [
                      {
                        "id": "a",
                        "text": "35"
                      },
                      {
                        "id": "b",
                        "text": "40"
                      },
                      {
                        "id": "c",
                        "text": "60"
                      },
                      {
                        "id": "d",
                        "text": "30"
                      }
                    ],
                    "correct_answer": {
                      "ids": [
                        "a"
                      ]
                    },
                    "question_type": "mcq_single",
                    "difficulty_level": "medium",
                    "explanation_html": "<p>The formula for the length of an arc is:</p><p>Arc Length = (θ/360) × 2πr</p><p>Given:</p><p>Arc Length = 22 cm</p><p>Angle (θ) = x°</p><p>Radius (r) = 36 cm</p><p>Substitute the values into the formula (using π ≈ 22/7):</p><p>22 = (x/360) × 2 × (22/7) × 36</p><p>We can simplify the equation. Divide both sides by 22:</p><p>1 = (x/360) × 2 × (1/7) × 36</p><p>Now, simplify the right side:</p><p>1 = (x/10) × 2 × (1/7)</p><p>1 = 2x / 70</p><p>Multiply both sides by 70:</p><p>70 = 2x</p><p>x = 70 / 2 = 35</p><p>So, the value of x is 35.</p>"
                  }
                ]
              },
              {
                "chapter_name": "Surface Areas and Volumes",
                "questions": [
                  {
                    "question_no": 19,
                    "question_html": "<p><b>Assertion (A) :</b> When a hemisphere of same radius (r) is carved out from one side of a solid wooden cylinder, the total surface area of remaining solid is increased by 2πr².<br><b>Reason (R) :</b> Curved surface area of hemisphere is 2πr².</p>",
                    "options": [
                      {
                        "id": "a",
                        "text": "Both Assertion (A) and Reason (R) are true and Reason (R) is the correct explanation of the Assertion (A)."
                      },
                      {
                        "id": "b",
                        "text": "Both Assertion (A) and Reason (R) are true, but Reason (R) is not the correct explanation of the Assertion (A)."
                      },
                      {
                        "id": "c",
                        "text": "Assertion (A) is true, but Reason (R) is false."
                      },
                      {
                        "id": "d",
                        "text": "Assertion (A) is false, but Reason (R) is true."
                      }
                    ],
                    "correct_answer": {
                      "ids": [
                        "d"
                      ]
                    },
                    "question_type": "mcq_single",
                    "difficulty_level": "medium",
                    "explanation_html": "<p><b>Analysis of Reason (R):</b></p><p>The formula for the curved surface area (CSA) of a hemisphere with radius r is indeed 2πr². So, Reason (R) is true.</p><p><b>Analysis of Assertion (A):</b></p><p>When a hemisphere is carved out from one side of a cylinder, a circular area of the cylinder's base (Area = πr²) is removed. However, a new surface, the curved surface of the hemisphere, is created.</p><p>The area added is the CSA of the hemisphere, which is 2πr².</p><p>The net change in the total surface area is (Area Added) - (Area Removed) = 2πr² - πr² = πr².</p><p>The total surface area increases by πr², not 2πr².</p><p>Therefore, Assertion (A) is false.</p><p><b>Conclusion:</b> Assertion (A) is false, but Reason (R) is true.</p>"
                  }
                ]
              },
              {
                "chapter_name": "Introduction to Trigonometry",
                "questions": [
                  {
                    "question_no": 20,
                    "question_html": "<p><b>Assertion (A) :</b> In a right angle triangle ABC, ∠B = 90°. Therefore the value of cos (A + C) is equal to 0.<br><b>Reason (R) :</b> A + B + C = 180° and cos 90° = 0.</p>",
                    "options": [
                      {
                        "id": "a",
                        "text": "Both Assertion (A) and Reason (R) are true and Reason (R) is the correct explanation of the Assertion (A)."
                      },
                      {
                        "id": "b",
                        "text": "Both Assertion (A) and Reason (R) are true, but Reason (R) is not the correct explanation of the Assertion (A)."
                      },
                      {
                        "id": "c",
                        "text": "Assertion (A) is true, but Reason (R) is false."
                      },
                      {
                        "id": "d",
                        "text": "Assertion (A) is false, but Reason (R) is true."
                      }
                    ],
                    "correct_answer": {
                      "ids": [
                        "a"
                      ]
                    },
                    "question_type": "mcq_single",
                    "difficulty_level": "medium",
                    "explanation_html": "<p><b>Analysis of Reason (R):</b></p><p>The statement 'A + B + C = 180°' is the angle sum property of a triangle, which is true. The statement 'cos 90° = 0' is a standard trigonometric value, which is also true. So, Reason (R) is true.</p><p><b>Analysis of Assertion (A):</b></p><p>In a triangle ABC, the sum of angles is 180°, so A + B + C = 180°.</p><p>Given that ∠B = 90°.</p><p>Substituting this into the angle sum equation: A + 90° + C = 180°.</p><p>Rearranging the equation gives: A + C = 180° - 90° = 90°.</p><p>Now, we need to find the value of cos(A + C).</p><p>cos(A + C) = cos(90°).</p><p>Since cos(90°) = 0, the value of cos(A + C) is 0. So, Assertion (A) is true.</p><p><b>Conclusion:</b> Both Assertion (A) and Reason (R) are true. The reason provides the fundamental principles (angle sum property and the value of cos 90°) that are used to prove the assertion. Therefore, Reason (R) is the correct explanation of Assertion (A).</p>"
                  }
                ]
              },
              {
                "chapter_name": "Real Numbers",
                "questions": [
                  {
                    "question_no": 21,
                    "question_html": "<p>Check whether 15ⁿ × 2ⁿ, n being a natural number, ends with the digit zero.</p>",
                    "options": [],
                    "correct_answer": {
                      "text": "<p>The given number is 15ⁿ × 2ⁿ.</p><p>This can be written as (15 × 2)ⁿ = 30ⁿ.</p><p>For any natural number n, 30ⁿ will be a multiple of 10.</p><p>For n=1, 30¹ = 30.</p><p>For n=2, 30² = 900.</p><p>For n=3, 30³ = 27000.</p><p>Any number that is a multiple of 10 will end with the digit zero.</p><p>Alternatively, a number ends with the digit zero if its prime factorization contains both 2 and 5.</p><p>15ⁿ × 2ⁿ = (3 × 5)ⁿ × 2ⁿ = 3ⁿ × 5ⁿ × 2ⁿ.</p><p>Since the prime factorization contains both 5 and 2, the number will end with the digit zero for any natural number n.</p>"
                    },
                    "question_type": "Very Short Answer (2 marks)",
                    "difficulty_level": "Easy",
                    "explanation_html": null
                  }
                ]
              },
              {
                "chapter_name": "Introduction to Trigonometry",
                "questions": [
                  {
                    "question_no": 22,
                    "question_html": "<p>Evaluate : 2 tan² 45° + cos² 30° – sin² 90°.</p><p><b>OR</b></p><p>Verify that cos 2A = (1 - tan² A) / (1 + tan² A) for A = 30°.</p>",
                    "options": [],
                    "correct_answer": {
                      "text": "<p>We know the values:</p><p>tan 45° = 1</p><p>cos 30° = √3/2</p><p>sin 90° = 1</p><p>Substituting these values into the expression:</p><p>2 tan² 45° + cos² 30° – sin² 90° = 2(1)² + (√3/2)² – (1)²</p><p>= 2(1) + 3/4 - 1</p><p>= 2 + 3/4 - 1</p><p>= 1 + 3/4</p><p>= 4/4 + 3/4 = 7/4</p><p><b>OR</b></p><p>For A = 30°, we need to verify cos 2A = (1 - tan² A) / (1 + tan² A).</p><p><b>LHS:</b></p><p>cos 2A = cos (2 × 30°) = cos 60° = 1/2</p><p><b>RHS:</b></p><p>We know tan 30° = 1/√3.</p><p>(1 - tan² 30°) / (1 + tan² 30°) = [1 - (1/√3)²] / [1 + (1/√3)²]</p><p>= (1 - 1/3) / (1 + 1/3)</p><p>= (2/3) / (4/3)</p><p>= (2/3) × (3/4) = 2/4 = 1/2</p><p>Since LHS = RHS = 1/2, the identity is verified.</p>"
                    },
                    "question_type": "Very Short Answer (2 marks)",
                    "difficulty_level": "Easy",
                    "explanation_html": null
                  }
                ]
              },
              {
                "chapter_name": "Coordinate Geometry",
                "questions": [
                  {
                    "question_no": 23,
                    "question_html": "<p>Find the coordinates of the points of trisection of line segment joining the points (–4, 1) and (6, 5).</p>",
                    "options": [],
                    "correct_answer": {
                      "text": "<p>Let the given points be A(–4, 1) and B(6, 5). Let P and Q be the points of trisection.</p><p>This means P divides AB in the ratio 1:2, and Q divides AB in the ratio 2:1.</p><p><b>Coordinates of P (dividing in ratio 1:2):</b></p><p>Using the section formula, P(x, y) = [ (m₁x₂ + m₂x₁)/(m₁+m₂), (m₁y₂ + m₂y₁)/(m₁+m₂) ]</p><p>x-coordinate of P = [1(6) + 2(–4)] / (1 + 2) = (6 - 8) / 3 = -2/3</p><p>y-coordinate of P = [1(5) + 2(1)] / (1 + 2) = (5 + 2) / 3 = 7/3</p><p>So, the coordinates of P are (–2/3, 7/3).</p><p><b>Coordinates of Q (dividing in ratio 2:1):</b></p><p>x-coordinate of Q = [2(6) + 1(–4)] / (2 + 1) = (12 - 4) / 3 = 8/3</p><p>y-coordinate of Q = [2(5) + 1(1)] / (2 + 1) = (10 + 1) / 3 = 11/3</p><p>So, the coordinates of Q are (8/3, 11/3).</p><p>The points of trisection are (–2/3, 7/3) and (8/3, 11/3).</p>"
                    },
                    "question_type": "Very Short Answer (2 marks)",
                    "difficulty_level": "Medium",
                    "explanation_html": null
                  }
                ]
              },
              {
                "chapter_name": "Probability",
                "questions": [
                  {
                    "question_no": 24,
                    "question_html": "<p>A bag contains 40 marbles out of which some are white and others are black. If the probability of drawing a black marble is 3/5, then find the number of white marbles.</p><p><b>OR</b></p><p>In a pre-primary class, a teacher put cards numbered 20 to 59 in a bowl. A student picked up a card at random and read the number. Find the probability that the number read was (i) a prime number (ii) a perfect square.</p>",
                    "options": [],
                    "correct_answer": {
                      "text": "<p>Total number of marbles = 40.</p><p>Let the number of black marbles be 'b'.</p><p>Probability of drawing a black marble = (Number of black marbles) / (Total number of marbles)</p><p>Given, P(black) = 3/5.</p><p>So, b/40 = 3/5</p><p>5b = 40 × 3</p><p>5b = 120</p><p>b = 24</p><p>The number of black marbles is 24.</p><p>Number of white marbles = Total marbles - Number of black marbles</p><p>Number of white marbles = 40 - 24 = 16.</p><p><b>OR</b></p><p>The cards are numbered from 20 to 59.</p><p>Total number of cards = 59 - 20 + 1 = 40.</p><p><b>(i) Probability of drawing a prime number:</b></p><p>Prime numbers between 20 and 59 are: 23, 29, 31, 37, 41, 43, 47, 53, 59.</p><p>Number of prime numbers = 9.</p><p>P(prime number) = (Number of prime numbers) / (Total number of cards) = 9/40.</p><p><b>(ii) Probability of drawing a perfect square:</b></p><p>Perfect squares between 20 and 59 are: 25 (5²), 36 (6²), 49 (7²).</p><p>Number of perfect squares = 3.</p><p>P(perfect square) = (Number of perfect squares) / (Total number of cards) = 3/40.</p>"
                    },
                    "question_type": "Very Short Answer (2 marks)",
                    "difficulty_level": "Easy",
                    "explanation_html": null
                  }
                ]
              },
              {
                "chapter_name": "Coordinate Geometry",
                "questions": [
                  {
                    "question_no": 25,
                    "question_html": "<p>Using distance formula, prove that the points (1, 5), (2, 3) and (3, 1) are collinear.</p>",
                    "options": [],
                    "correct_answer": {
                      "text": "<p>Let the points be A(1, 5), B(2, 3), and C(3, 1).</p><p>For the points to be collinear, the sum of the lengths of any two line segments must be equal to the length of the third line segment (e.g., AB + BC = AC).</p><p>Using the distance formula, d = √[(x₂ - x₁)² + (y₂ - y₁)²]:</p><p><b>Distance AB:</b></p><p>AB = √[(2 - 1)² + (3 - 5)²] = √[1² + (–2)²] = √[1 + 4] = √5</p><p><b>Distance BC:</b></p><p>BC = √[(3 - 2)² + (1 - 3)²] = √[1² + (–2)²] = √[1 + 4] = √5</p><p><b>Distance AC:</b></p><p>AC = √[(3 - 1)² + (1 - 5)²] = √[2² + (–4)²] = √[4 + 16] = √20 = √(4 × 5) = 2√5</p><p>Now, let's check if AB + BC = AC.</p><p>√5 + √5 = 2√5</p><p>Since AB + BC = AC, the points A, B, and C lie on the same straight line and are therefore collinear.</p>"
                    },
                    "question_type": "Very Short Answer (2 marks)",
                    "difficulty_level": "Medium",
                    "explanation_html": null
                  }
                ]
              },
              {
                "chapter_name": "Polynomials",
                "questions": [
                  {
                    "question_no": 26,
                    "question_html": "<p>If α, β are zeroes of the polynomial 3x² – 8x + 4, then form a quadratic polynomial in x whose zeroes are 1/α and 1/β.</p><p><b>OR</b></p><p>Find zeroes of the polynomial 6x² – 7x – 3 and verify the relationship between zeroes and its coefficients.</p>",
                    "options": [],
                    "correct_answer": {
                      "text": "<p>Given polynomial: p(x) = 3x² – 8x + 4. Its zeroes are α and β.</p><p>From the relationship between zeroes and coefficients:</p><p>Sum of zeroes (α + β) = -(-8)/3 = 8/3</p><p>Product of zeroes (αβ) = 4/3</p><p>We need to form a new quadratic polynomial whose zeroes are 1/α and 1/β.</p><p>Sum of new zeroes = 1/α + 1/β = (β + α)/αβ = (8/3) / (4/3) = 8/4 = 2</p><p>Product of new zeroes = (1/α) × (1/β) = 1/αβ = 1 / (4/3) = 3/4</p><p>A quadratic polynomial can be written as k[x² - (Sum of zeroes)x + (Product of zeroes)], where k is a non-zero constant.</p><p>New polynomial = k[x² - 2x + 3/4]</p><p>Choosing k=4 to clear the fraction, we get:</p><p>4x² - 8x + 3.</p><p><b>OR</b></p><p>Given polynomial: p(x) = 6x² – 7x – 3.</p><p>To find the zeroes, we set p(x) = 0 and solve by splitting the middle term.</p><p>6x² – 9x + 2x – 3 = 0</p><p>3x(2x - 3) + 1(2x - 3) = 0</p><p>(3x + 1)(2x - 3) = 0</p><p>The zeroes are x = -1/3 and x = 3/2.</p><p><b>Verification:</b></p><p>Let the zeroes be α = 3/2 and β = -1/3.</p><p><b>Sum of zeroes:</b></p><p>α + β = 3/2 + (-1/3) = 9/6 - 2/6 = 7/6</p><p>From the polynomial, - (coefficient of x) / (coefficient of x²) = -(-7)/6 = 7/6.</p><p>Hence, Sum of zeroes is verified.</p><p><b>Product of zeroes:</b></p><p>αβ = (3/2) × (-1/3) = -3/6 = -1/2</p><p>From the polynomial, (constant term) / (coefficient of x²) = -3/6 = -1/2.</p><p>Hence, Product of zeroes is verified.</p>"
                    },
                    "question_type": "Short Answer (3 marks)",
                    "difficulty_level": "Medium",
                    "explanation_html": null
                  }
                ]
              },
              {
                "chapter_name": "Quadratic Equations",
                "questions": [
                  {
                    "question_no": 27,
                    "question_html": "<p>The sum of the squares of two consecutive even numbers is 452. Find the numbers.</p>",
                    "options": [],
                    "correct_answer": {
                      "text": "<p>Let the two consecutive even numbers be x and x + 2.</p><p>According to the problem, the sum of their squares is 452.</p><p>x² + (x + 2)² = 452</p><p>Expand the equation:</p><p>x² + (x² + 4x + 4) = 452</p><p>2x² + 4x + 4 = 452</p><p>2x² + 4x - 448 = 0</p><p>Divide the entire equation by 2 to simplify:</p><p>x² + 2x - 224 = 0</p><p>We can solve this quadratic equation by factoring. We need two numbers that multiply to -224 and add to 2. These numbers are 16 and -14.</p><p>(x + 16)(x - 14) = 0</p><p>This gives two possible values for x:</p><p>x = -16 or x = 14</p><p><b>Case 1:</b> If x = 14,</p><p>The two numbers are x = 14 and x + 2 = 16.</p><p><b>Case 2:</b> If x = -16,</p><p>The two numbers are x = -16 and x + 2 = -14.</p><p>Both pairs of numbers (14, 16) and (–16, –14) are valid solutions.</p>"
                    },
                    "question_type": "Short Answer (3 marks)",
                    "difficulty_level": "Medium",
                    "explanation_html": null
                  }
                ]
              },
              {
                "chapter_name": "Introduction to Trigonometry",
                "questions": [
                  {
                    "question_no": 28,
                    "question_html": "<p>Prove that (cosec A + sin A)² + (sec A + cos A)² = 7 + tan² A + cot² A.</p>",
                    "options": [],
                    "correct_answer": {
                      "text": "<p><b>LHS</b> = (cosec A + sin A)² + (sec A + cos A)²</p><p>Expand both squares using (a+b)² = a² + 2ab + b²:</p><p>= (cosec² A + 2 cosec A sin A + sin² A) + (sec² A + 2 sec A cos A + cos² A)</p><p>We know that cosec A = 1/sin A and sec A = 1/cos A. So, 2 cosec A sin A = 2 and 2 sec A cos A = 2.</p><p>= (cosec² A + 2 + sin² A) + (sec² A + 2 + cos² A)</p><p>Group the terms:</p><p>= (sin² A + cos² A) + cosec² A + sec² A + 4</p><p>Using the Pythagorean identities: sin² A + cos² A = 1, cosec² A = 1 + cot² A, and sec² A = 1 + tan² A.</p><p>= 1 + (1 + cot² A) + (1 + tan² A) + 4</p><p>Combine the constant terms:</p><p>= 1 + 1 + 1 + 4 + tan² A + cot² A</p><p>= 7 + tan² A + cot² A</p><p>= <b>RHS</b></p><p>Hence, proved.</p>"
                    },
                    "question_type": "Short Answer (3 marks)",
                    "difficulty_level": "Medium",
                    "explanation_html": null
                  }
                ]
              },
              {
                "chapter_name": "Real Numbers",
                "questions": [
                  {
                    "question_no": 29,
                    "question_html": "<p>The traffic lights at three different road crossings change after every 45 seconds, 75 seconds and 60 seconds respectively. If they change together at 5:00 a.m., then at what time they will change together next?</p>",
                    "options": [],
                    "correct_answer": {
                      "text": "<p>To find the next time the lights will change together, we need to find the Least Common Multiple (LCM) of the time intervals 45, 75, and 60 seconds.</p><p>First, find the prime factorization of each number:</p><p>45 = 3 × 15 = 3 × 3 × 5 = 3² × 5</p><p>75 = 3 × 25 = 3 × 5 × 5 = 3 × 5²</p><p>60 = 2 × 30 = 2 × 2 × 15 = 2² × 3 × 5</p><p>The LCM is the product of the highest powers of all prime factors that appear in any of the numbers.</p><p>LCM(45, 75, 60) = 2² × 3² × 5²</p><p>= 4 × 9 × 25</p><p>= 36 × 25</p><p>= 900</p><p>So, the lights will change together again after 900 seconds.</p><p>Now, convert 900 seconds to minutes:</p><p>900 seconds / 60 seconds/minute = 15 minutes.</p><p>The lights last changed together at 5:00 a.m.</p><p>The next time they will change together is 15 minutes after 5:00 a.m., which is 5:15 a.m.</p>"
                    },
                    "question_type": "Short Answer (3 marks)",
                    "difficulty_level": "Easy",
                    "explanation_html": null
                  }
                ]
              },
              {
                "chapter_name": "Surface Areas and Volumes",
                "questions": [
                  {
                    "question_no": 30,
                    "question_html": "<p>A spherical glass vessel has a cylindrical neck 7 cm long and 8 cm in diameter. The radius of spherical part is 10 cm. Find the volume of the vessel.</p><p><b>OR</b></p><p>From each end of a solid cylinder of height 20 cm and base radius 7 cm, a cone of base radius 2.1 cm and height 5 cm is scooped out. Find the volume of the remaining solid.</p>",
                    "options": [],
                    "correct_answer": {
                      "text": "<p>The total volume of the vessel is the sum of the volume of the spherical part and the volume of the cylindrical neck.</p><p><b>Volume of the spherical part:</b></p><p>Radius (R) = 10 cm</p><p>Volume = (4/3)πR³ = (4/3) × (22/7) × (10)³ = (88/21) × 1000 ≈ 4190.48 cm³</p><p><b>Volume of the cylindrical neck:</b></p><p>Height (h) = 7 cm</p><p>Diameter = 8 cm, so radius (r) = 4 cm</p><p>Volume = πr²h = (22/7) × (4)² × 7 = 22 × 16 = 352 cm³</p><p><b>Total Volume of the vessel:</b></p><p>Total Volume = Volume of sphere + Volume of cylinder</p><p>= 4190.48 + 352 = 4542.48 cm³</p><p><b>OR</b></p><p>The volume of the remaining solid is the volume of the original cylinder minus the volume of the two cones scooped out.</p><p><b>Volume of the solid cylinder:</b></p><p>Height (H) = 20 cm</p><p>Radius (R) = 7 cm</p><p>Volume = πR²H = (22/7) × 7² × 20 = 22 × 7 × 20 = 3080 cm³</p><p><b>Volume of one cone:</b></p><p>Height (h) = 5 cm</p><p>Radius (r) = 2.1 cm</p><p>Volume = (1/3)πr²h = (1/3) × (22/7) × (2.1)² × 5</p><p>= (1/3) × (22/7) × 4.41 × 5 = (1/3) × 22 × 0.63 × 5 = 22 × 0.21 × 5 = 23.1 cm³</p><p><b>Volume of two cones:</b></p><p>2 × 23.1 = 46.2 cm³</p><p><b>Volume of the remaining solid:</b></p><p>Volume = Volume of cylinder - Volume of two cones</p><p>= 3080 - 46.2 = 3033.8 cm³</p>"
                    },
                    "question_type": "Short Answer (3 marks)",
                    "difficulty_level": "Medium",
                    "explanation_html": null
                  }
                ]
              },
              {
                "chapter_name": "Triangles",
                "questions": [
                  {
                    "question_no": 31,
                    "question_html": "<p>Point E lies on the extended side AD of parallelogram ABCD. BE intersects CD at F. Show that (i) ΔDFE ~ ΔCFB (ii) ΔAEB ~ ΔCBF.</p>",
                    "options": [],
                    "correct_answer": {
                      "text": "<p>Given ABCD is a parallelogram ⇒ AD ∥ BC and AB ∥ CD.</p><p><b>(i)</b> In ΔDFE and ΔCFB: Since AD ∥ BC, DE ∥ BC and BE is a transversal, hence ∠DEF = ∠CBF (alternate interior angles). Also, ∠DFE = ∠CFB (vertically opposite angles). Therefore by AA similarity, ΔDFE ~ ΔCFB.</p><p><b>(ii)</b> In ΔAEB and ΔCBF: Since AB ∥ CD and F lies on CD, AB ∥ CF, hence ∠ABE = ∠BFC (alternate interior angles). Also, ∠AEB = ∠BCF (alternate interior angles as AE ∥ BC). Therefore by AA similarity, ΔAEB ~ ΔCBF.</p>"
                    },
                    "question_type": "Short Answer (3 marks)",
                    "difficulty_level": "Hard",
                    "explanation_html": null
                  }
                ]
              },
              {
                "chapter_name": "Pair of Linear Equations in Two Variables",
                "questions": [
                  {
                    "question_no": 32,
                    "question_html": "<p>Determine graphically whether the following pair of linear equations has unique solution or infinitely many solutions: 2x + 3y = 12 and x - y = 1</p>",
                    "options": [],
                    "correct_answer": {
                      "text": "<p>To determine the nature of the solution graphically, we need to plot the lines for both equations.</p><p><b>Equation 1: 2x + 3y = 12</b></p><p>To find points on this line, we can find the intercepts:</p><ul><li>If x = 0, 3y = 12 => y = 4. Point: (0, 4)</li><li>If y = 0, 2x = 12 => x = 6. Point: (6, 0)</li><li>If x = 3, 2(3) + 3y = 12 => 6 + 3y = 12 => 3y = 6 => y = 2. Point: (3, 2)</li></ul><p><b>Equation 2: x - y = 1</b></p><p>To find points on this line:</p><ul><li>If x = 0, -y = 1 => y = -1. Point: (0, -1)</li><li>If y = 0, x = 1. Point: (1, 0)</li><li>If x = 3, 3 - y = 1 => y = 2. Point: (3, 2)</li></ul><p>Now, plot these points and draw the lines on a graph.</p><p>The line for 2x + 3y = 12 passes through (0, 4) and (6, 0).</p><p>The line for x - y = 1 passes through (0, -1) and (1, 0).</p><p>When we plot these lines, we will see that they intersect at a single point. We can see from our calculated points that both lines pass through the point (3, 2).</p><p>Since the lines intersect at exactly one point, the pair of linear equations has a unique solution.</p>"
                    },
                    "question_type": "Long Answer (5 marks)",
                    "difficulty_level": "Medium",
                    "explanation_html": null
                  }
                ]
              },
              {
                "chapter_name": "Triangles",
                "questions": [
                  {
                    "question_no": 33,
                    "question_html": "<p>If a line is drawn parallel to one side of a triangle to intersect the other two sides in distinct points, then prove that the other two sides are divided in the same ratio.</p><p><b>OR</b></p><p>It is given that sides AB and AC and median AD of ΔABC are respectively proportional to sides PQ and PR and median PM of another ΔPQR. Show that ΔABC ~ ΔPQR.</p>",
                    "options": [],
                    "correct_answer": {
                      "text": "<p><b>Statement:</b> This is the Basic Proportionality Theorem (BPT) or Thales's Theorem.</p><p><b>Given:</b> In ΔABC, a line DE is drawn parallel to BC, intersecting AB at D and AC at E.</p><p><b>To Prove:</b> AD/DB = AE/EC</p><p><b>Construction:</b> Join BE and CD. Draw EF ⊥ AB and DG ⊥ AC.</p><p><b>Proof:</b></p><p>Area of a triangle = (1/2) × base × height.</p><p>Area(ΔADE) = (1/2) × AD × EF</p><p>Area(ΔBDE) = (1/2) × DB × EF</p><p>Dividing these two, we get:</p><p>Area(ΔADE) / Area(ΔBDE) = [(1/2) × AD × EF] / [(1/2) × DB × EF] = AD/DB  ---(1)</p><p>Similarly,</p><p>Area(ΔADE) = (1/2) × AE × DG</p><p>Area(ΔCDE) = (1/2) × EC × DG</p><p>Dividing these two, we get:</p><p>Area(ΔADE) / Area(ΔCDE) = [(1/2) × AE × DG] / [(1/2) × EC × DG] = AE/EC  ---(2)</p><p>Now, ΔBDE and ΔCDE are on the same base DE and between the same parallel lines DE and BC.</p><p>Therefore, Area(ΔBDE) = Area(ΔCDE).</p><p>From this, we can say that the denominators in equations (1) and (2) are equal.</p><p>Thus, from (1) and (2), we have:</p><p>AD/DB = AE/EC</p><p>Hence, proved.</p><p><b>OR</b></p><p><b>Given:</b> In ΔABC and ΔPQR, AD and PM are medians, and AB/PQ = AC/PR = AD/PM.</p><p><b>To Prove:</b> ΔABC ~ ΔPQR.</p><p><b>Construction:</b> Extend AD to E such that AD = DE. Join CE. Extend PM to N such that PM = MN. Join RN.</p><p><b>Proof:</b></p><p>In quadrilateral ABEC, diagonals AE and BC bisect each other (since D is the midpoint of BC). Therefore, ABEC is a parallelogram. So, AB = EC and AC = BE.</p><p>Similarly, in quadrilateral PQNR, diagonals PN and QR bisect each other. Therefore, PQNR is a parallelogram. So, PQ = RN and PR = QN.</p><p>Now, the given proportion is AB/PQ = AC/PR = AD/PM.</p><p>Substitute AB with EC, and PQ with RN. Also, AC = BE and PR = QN. Let's use AC and PR.</p><p>Also, AD = AE/2 and PM = PN/2.</p><p>Substitute these into the proportion: AB/PQ = AC/PR = (AE/2)/(PN/2) => AB/PQ = AC/PR = AE/PN.</p><p>Using AC/PR = AE/PN and substituting AC=BE and PR=QN, we get BE/QN = AE/PN. Let's reconsider.</p><p>Let's use the first and third parts of the given proportion with the extended medians:</p><p>AB/PQ = AD/PM => AB/PQ = (AE/2)/(PN/2) => AB/PQ = AE/PN.</p><p>And AC/PR = AD/PM => AC/PR = AE/PN.</p><p>Now consider ΔABE and ΔPQN. We have AC=BE and PR=QN. So AC/PR = BE/QN.</p><p>From the given AB/PQ = AC/PR, we have AB/PQ = BE/QN. And from above, AE/PN = AC/PR. So we have AB/PQ = BE/QN = AE/PN.</p><p>By SSS similarity, ΔABE ~ ΔPQN. Therefore, ∠BAE = ∠QPN (i.e., ∠2 = ∠4).</p><p>Similarly, by considering ΔACE and ΔPRN, we can prove them similar by SSS (AC/PR = CE/RN [since CE=AB, RN=PQ] = AE/PN), which gives ∠CAE = ∠RPN (i.e., ∠1 = ∠3).</p><p>Adding these results: ∠BAE + ∠CAE = ∠QPN + ∠RPN => ∠BAC = ∠QPR.</p><p>Now, in ΔABC and ΔPQR, we have:</p><p>1. AB/PQ = AC/PR (Given)</p><p>2. ∠BAC = ∠QPR (Proved above)</p><p>By SAS similarity criterion, ΔABC ~ ΔPQR.</p>"
                    },
                    "question_type": "Long Answer (5 marks)",
                    "difficulty_level": "Hard",
                    "explanation_html": null
                  }
                ]
              },
              {
                "chapter_name": "Some Applications of Trigonometry",
                "questions": [
                  {
                    "question_no": 34,
                    "question_html": "<p>The angle of elevation of the top of a building from the foot of the tower is 30° and the angle of elevation of the top of the tower from the foot of the building is 60°. If the tower is 30 m high, find the height of the building and distance between the building and the tower. (Use √3 = 1.73)</p>",
                    "options": [],
                    "correct_answer": {
                      "text": "<p>Let AB be the building of height 'h' meters, and let CD be the tower of height 30 meters.</p><p>Let the distance between the foot of the building and the foot of the tower be 'x' meters (i.e., BC = x).</p><p><b>From the foot of the tower (C) to the top of the building (A):</b></p><p>Angle of elevation ∠ACB = 30°.</p><p>In right-angled ΔABC:</p><p>tan 30° = AB/BC = h/x</p><p>1/√3 = h/x  => x = h√3  ---(1)</p><p><b>From the foot of the building (B) to the top of the tower (D):</b></p><p>Angle of elevation ∠DBC = 60°.</p><p>In right-angled ΔDBC:</p><p>tan 60° = DC/BC = 30/x</p><p>√3 = 30/x  => x = 30/√3  ---(2)</p><p>Now we have two expressions for x. Equating them:</p><p>h√3 = 30/√3</p><p>h = 30 / (√3 × √3)</p><p>h = 30 / 3 = 10 meters.</p><p>The height of the building is 10 meters.</p><p>Now, find the distance 'x' using equation (2):</p><p>x = 30/√3</p><p>To rationalize, multiply numerator and denominator by √3:</p><p>x = (30√3) / 3 = 10√3 meters.</p><p>Using the given value √3 = 1.73:</p><p>x = 10 × 1.73 = 17.3 meters.</p><p>The distance between the building and the tower is 17.3 meters.</p>"
                    },
                    "question_type": "Long Answer (5 marks)",
                    "difficulty_level": "Medium",
                    "explanation_html": null
                  }
                ]
              },
              {
                "chapter_name": "Statistics",
                "questions": [
                  {
                    "question_no": 35,
                    "question_html": "<p>Find 'mean' and 'mode' of the following data:</p><table><thead><tr><th>Class</th><th>10-25</th><th>25-40</th><th>40-55</th><th>55-70</th><th>70-85</th><th>85-100</th></tr></thead><tbody><tr><td>Number of Students</td><td>12</td><td>10</td><td>15</td><td>13</td><td>8</td><td>12</td></tr></tbody></table><p><b>OR</b></p><p>The following table shows the ages of patients admitted in a hospital during a year :</p><table><thead><tr><th>Age (in years)</th><th>5-15</th><th>15-25</th><th>25-35</th><th>35-45</th><th>45-55</th><th>55-65</th></tr></thead><tbody><tr><td>Number of Patients</td><td>7</td><td>10</td><td>21</td><td>22</td><td>15</td><td>5</td></tr></tbody></table><p>Find 'mode' and 'median' of the above data.</p>",
                    "options": [],
                    "correct_answer": {
                      "text": "<p><b>Part 1: Calculation for Mean and Mode</b></p><p><b>Mean Calculation (using Assumed Mean Method):</b></p><table><thead><tr><th>Class</th><th>Frequency (fᵢ)</th><th>Class Mark (xᵢ)</th><th>dᵢ = xᵢ - A</th><th>uᵢ = dᵢ/h</th><th>fᵢuᵢ</th></tr></thead><tbody><tr><td>10-25</td><td>12</td><td>17.5</td><td>-30</td><td>-2</td><td>-24</td></tr><tr><td>25-40</td><td>10</td><td>32.5</td><td>-15</td><td>-1</td><td>-10</td></tr><tr><td>40-55</td><td>15</td><td><b>47.5 (A)</b></td><td>0</td><td>0</td><td>0</td></tr><tr><td>55-70</td><td>13</td><td>62.5</td><td>15</td><td>1</td><td>13</td></tr><tr><td>70-85</td><td>8</td><td>77.5</td><td>30</td><td>2</td><td>16</td></tr><tr><td>85-100</td><td>12</td><td>92.5</td><td>45</td><td>3</td><td>36</td></tr><tr><td><b>Total</b></td><td><b>Σfᵢ = 70</b></td><td></td><td></td><td></td><td><b>Σfᵢuᵢ = 31</b></td></tr></tbody></table><p>Assumed Mean (A) = 47.5, Class size (h) = 15.</p><p>Mean = A + (Σfᵢuᵢ / Σfᵢ) × h = 47.5 + (31 / 70) × 15 ≈ 47.5 + 6.64 = 54.14</p><p><b>Mode Calculation:</b></p><p>The highest frequency is 15, so the modal class is 40-55.</p><p>Mode = l + [ (f₁ - f₀) / (2f₁ - f₀ - f₂) ] × h</p><p>l = 40, f₁ = 15, f₀ = 10, f₂ = 13, h = 15</p><p>Mode = 40 + [ (15 - 10) / (2×15 - 10 - 13) ] × 15 = 40 + [ 5 / (30 - 23) ] × 15 = 40 + (5/7)×15 ≈ 40 + 10.71 = 50.71</p><p><b>OR</b></p><p><b>Part 2: Calculation for Mode and Median</b></p><p><b>Mode Calculation:</b></p><p>The highest frequency is 22, so the modal class is 35-45.</p><p>Mode = l + [ (f₁ - f₀) / (2f₁ - f₀ - f₂) ] × h</p><p>l = 35, f₁ = 22, f₀ = 21, f₂ = 15, h = 10</p><p>Mode = 35 + [ (22 - 21) / (2×22 - 21 - 15) ] × 10 = 35 + [ 1 / (44 - 36) ] × 10 = 35 + (1/8)×10 = 35 + 1.25 = 36.25</p><p><b>Median Calculation:</b></p><table><thead><tr><th>Age (in years)</th><th>Number of Patients (f)</th><th>Cumulative Frequency (cf)</th></tr></thead><tbody><tr><td>5-15</td><td>7</td><td>7</td></tr><tr><td>15-25</td><td>10</td><td>17</td></tr><tr><td>25-35</td><td>21</td><td>38</td></tr><tr><td>35-45</td><td>22</td><td>60</td></tr><tr><td>45-55</td><td>15</td><td>75</td></tr><tr><td>55-65</td><td>5</td><td>80</td></tr></tbody></table><p>Total frequency N = 80. N/2 = 40.</p><p>The cumulative frequency just greater than 40 is 60, so the median class is 35-45.</p><p>Median = l + [ (N/2 - cf) / f ] × h</p><p>l = 35, N/2 = 40, cf (of preceding class) = 38, f = 22, h = 10</p><p>Median = 35 + [ (40 - 38) / 22 ] × 10 = 35 + (2/22)×10 = 35 + 20/22 ≈ 35 + 0.91 = 35.91</p>"
                    },
                    "question_type": "Long Answer (5 marks)",
                    "difficulty_level": "Hard",
                    "explanation_html": null
                  }
                ]
              },
              {
                "chapter_name": "Triangles",
                "questions": [
                  {
                    "question_no": 36,
                    "question_html": "<p>Neelima made a circular design inside an equilateral triangle ABC. The radius of the circle is 4 cm. Observe the diagram and answer the following questions :</p><p>(i) Determine the length OB.</p><p>(ii) Is DE || CA? Give reason for your answer.</p><p>(iii) (a) Write all angles of quadrilateral OEBD and show that it is a cyclic quadrilateral.</p><p><b>OR</b></p><p>(iii) (b) Find the perimeter of ΔABC. (Use √3 = 1.73)</p>",
                    "images": [
                      {
                        "url": "https://img.testbuddyai.com/Maths-430-5-25-Q36.png"
                      }
                    ],
                    "options": [],
                    "correct_answer": {
                      "text": "<p>In an equilateral triangle, the incenter (O) is also the centroid. The centroid divides the median in the ratio 2:1. AD is the median and altitude.</p><p>The radius of the incircle OD = 4 cm.</p><p><b>(i) Determine the length OB:</b></p><p>In an equilateral triangle, the medians are also the angle bisectors. ∠ABC = 60°, so ∠OBD = 30°.</p><p>In right-angled ΔODB:</p><p>sin(30°) = OD/OB</p><p>1/2 = 4 / OB</p><p>OB = 8 cm.</p><p><b>(ii) Is DE || CA? Give reason for your answer.</b></p><p>Yes, DE || CA. In an equilateral triangle ABC, the median AD is perpendicular to BC. So D is the midpoint of BC. Similarly, since the figure is symmetric, the point of tangency E would be the midpoint of the side AB. By the Midpoint Theorem, the line segment joining the midpoints of two sides of a triangle is parallel to the third side. Therefore, DE || AC (or CA).</p><p><b>(iii) (a) Write all angles of quadrilateral OEBD and show that it is a cyclic quadrilateral.</b></p><p>The radius is perpendicular to the tangent at the point of contact. So, OE ⊥ AB and OD ⊥ BC.</p><p>∠OEB = 90°</p><p>∠ODB = 90°</p><p>Since ΔABC is equilateral, ∠EBD = ∠B = 60°.</p><p>The sum of angles in a quadrilateral is 360°. So, ∠EOD = 360° - 90° - 90° - 60° = 120°.</p><p>A quadrilateral is cyclic if the sum of its opposite angles is 180°. Let's check:</p><p>∠OEB + ∠ODB = 90° + 90° = 180°.</p><p>∠EBD + ∠EOD = 60° + 120° = 180°.</p><p>Since the sum of opposite angles is 180°, OEBD is a cyclic quadrilateral.</p><p><b>OR</b></p><p><b>(iii) (b) Find the perimeter of ΔABC.</b></p><p>In right-angled ΔODB, we can find the length of BD.</p><p>tan(30°) = OD/BD</p><p>1/√3 = 4 / BD</p><p>BD = 4√3 cm.</p><p>Since D is the midpoint of BC, the side length BC = 2 × BD = 2 × 4√3 = 8√3 cm.</p><p>The triangle is equilateral, so all sides are equal. AB = BC = CA = 8√3 cm.</p><p>Perimeter of ΔABC = 3 × (side length) = 3 × 8√3 = 24√3 cm.</p><p>Using √3 = 1.73:</p><p>Perimeter = 24 × 1.73 = 41.52 cm.</p>"
                    },
                    "question_type": "Case-based Subjective",
                    "difficulty_level": "Hard",
                    "explanation_html": null
                  }
                ]
              },
              {
                "chapter_name": "Areas Related to Circles",
                "questions": [
                  {
                    "question_no": 37,
                    "question_html": "<p>The diagram shows two blades OAB and OPQ in a quarter circle with centre O. ∠AOB = ∠POQ = 30°, OA = 28 cm and OC = 21 cm. O is the centre of both the circles.</p><p>(i) Determine the measure of ∠BOP.</p><p>(ii) Find length of arc CD.</p><p>(iii) (a) Find the area of region CABD.</p><p><b>OR</b></p><p>(iii) (b) Find perimeter of region CABD.</p>",
                    "images": [
                      {
                        "url": "https://img.testbuddyai.com/Maths-430-5-25-Q37.png"
                      }
                    ],
                    "options": [],
                    "correct_answer": {
                      "text": "<p>The total angle of the quarter circle is ∠AOC + ∠AOB + ∠BOP = 90° or ∠POQ + ∠QOR + ... = 90°. The diagram shows ∠AOB and ∠POQ within a larger sector. Assuming the entire setup is within a quarter circle with angle 90°.</p><p><b>(i) Determine the measure of ∠BOP:</b></p><p>The total angle of the quarter circle is 90°.</p><p>∠AOP = 90°</p><p>∠BOP = ∠AOP - ∠AOB = 90° - 30° - 30° is not correct from the diagram.</p><p>Let's assume the total angle shown (A to P) is 90°. Then ∠AOP = 90°. ∠BOP = 90° - ∠AOB - ∠POQ. This seems inconsistent. Let's follow the marking scheme's logic.</p><p>Assuming the total angle for the three sectors (AOB, BOP, POQ) is 90°.</p><p>∠BOP = 90° - (∠AOB + ∠POQ) = 90° - (30° + 30°) = 30°.</p><p><b>(ii) Find length of arc CD:</b></p><p>This arc corresponds to the smaller circle with radius OC = 21 cm. The angle subtended by the blades is not given for arc CD. Let's assume the question meant arc corresponding to one blade's angle, say ∠COD = 30°.</p><p>Length of arc = (θ/360) × 2πr = (30/360) × 2 × (22/7) × 21 = (1/12) × 2 × 22 × 3 = 11 cm.</p><p><b>(iii) (a) Find the area of region CABD:</b></p><p>This is the area between two sectors of concentric circles. The region is formed by the sector OAB of the larger circle and sector OCD of the smaller circle.</p><p>Area = Area of sector OAB - Area of sector OCD</p><p>Area = (θ/360) × π(R² - r²) where R=OA=28, r=OC=21, θ=∠AOB=30°.</p><p>Area = (30/360) × (22/7) × (28² - 21²) = (1/12) × (22/7) × (28-21)(28+21)</p><p>= (1/12) × (22/7) × 7 × 49 = (1/12) × 22 × 49 = 242.67 cm² approx.</p><p>(Note: The marking scheme calculates this as (30/360) * (22/7) * (28² - 21²) which gives 89.83 cm². Let's recheck the calculation. (1/12) * 22 * 49 = 1078/12 = 89.83. Yes, 89.83 sq. cm)</p><p><b>OR</b></p><p><b>(iii) (b) Find perimeter of region CABD:</b></p><p>Perimeter = Length of arc AB + Length of arc CD + AC + BD.</p><p>AC = OA - OC = 28 - 21 = 7 cm.</p><p>BD = OB - OD = 28 - 21 = 7 cm.</p><p>Length of arc AB = (30/360) × 2 × (22/7) × 28 = (1/12) × 2 × 22 × 4 = 176/12 ≈ 14.67 cm.</p><p>Length of arc CD = 11 cm (from part ii).</p><p>Perimeter = 14.67 + 11 + 7 + 7 = 39.67 cm.</p>"
                    },
                    "question_type": "Case-based Subjective",
                    "difficulty_level": "Medium",
                    "explanation_html": null
                  }
                ]
              },
              {
                "chapter_name": "Arithmetic Progressions",
                "questions": [
                  {
                    "question_no": 38,
                    "question_html": "<p>In the diagram, the height of seat of chair from ground is represented by h₁, h₂, h₃, ..... The height of first seat is 44 cm from ground level and gap between every two seats is 10 cm.</p><p>(i) Write the values of h₁, h₂, h₃, h₄ and h₅ in this order only.</p><p>(ii) Show that the above values form an A.P. Write its first term and common difference.</p><p>(iii) (a) If chairs can be stacked up to the maximum height of 160 cm, then find the maximum number of chairs in a stack.</p><p><b>OR</b></p><p>(iii) (b) Is it possible to stack 15 chairs if maximum height of the stack can not be more than 180 cm ? Justify your answer.</p>",
                    "images": [
                      {
                        "url": "https://img.testbuddyai.com/Maths-430-5-25-Q38.png"
                      }
                    ],
                    "options": [],
                    "correct_answer": {
                      "text": "<p><b>(i) Write the values of h₁, h₂, h₃, h₄ and h₅:</b></p><p>h₁ = Height of the first seat = 44 cm.</p><p>h₂ = h₁ + 10 = 44 + 10 = 54 cm.</p><p>h₃ = h₂ + 10 = 54 + 10 = 64 cm.</p><p>h₄ = h₃ + 10 = 64 + 10 = 74 cm.</p><p>h₅ = h₄ + 10 = 74 + 10 = 84 cm.</p><p><b>(ii) Show that the values form an A.P.:</b></p><p>The sequence of heights is 44, 54, 64, 74, 84, ...</p><p>The difference between consecutive terms is:</p><p>h₂ - h₁ = 54 - 44 = 10</p><p>h₃ - h₂ = 64 - 54 = 10</p><p>Since the difference between any two consecutive terms is constant (10), the sequence forms an Arithmetic Progression (A.P.).</p><p>First term (a) = 44.</p><p>Common difference (d) = 10.</p><p><b>(iii) (a) Maximum number of chairs for a height of 160 cm:</b></p><p>Let 'n' be the number of chairs. The height of the nth chair is given by the formula aₙ = a + (n-1)d.</p><p>We are given that the maximum height hₙ ≤ 160 cm.</p><p>44 + (n - 1)10 ≤ 160</p><p>(n - 1)10 ≤ 160 - 44</p><p>(n - 1)10 ≤ 116</p><p>n - 1 ≤ 11.6</p><p>n ≤ 12.6</p><p>Since the number of chairs must be a whole number, the maximum number of chairs is 12.</p><p><b>OR</b></p><p><b>(iii) (b) Possibility of stacking 15 chairs up to 180 cm:</b></p><p>We need to find the height of a stack of 15 chairs (h₁₅).</p><p>h₁₅ = a + (15 - 1)d = 44 + 14(10) = 44 + 140 = 184 cm.</p><p>The required height for 15 chairs is 184 cm.</p><p>The maximum allowed height is 180 cm.</p><p>Since 184 cm > 180 cm, it is not possible to stack 15 chairs.</p>"
                    },
                    "question_type": "Case-based Subjective",
                    "difficulty_level": "Medium",
                    "explanation_html": null
                  }
                ]
              }
            ]
          }
        ]
      }
    ]
  }
]