[
  {
    "exam_name_actual": "CBSE Board - Class 10",
    "main_exam_id_name_ref": "CBSE Board - Class 10",
    "years": [
      {
        "year": "2025",
        "papers_or_subjects": [
          {
            "paper_name": "CBSE Class 10 Mathematics (Standard) Paper 2025 (QP Code: 30/1/1)",
            "subject_name": "Mathematics",
            "chapters": [
              {
                "chapter_name": "Polynomials",
                "questions": [
                  {
                    "question_no": 1,
                    "question_html": "<p>If α and β are the zeroes of polynomial 3x² + 6x + k such that α + β + αβ = -2/3, then the value of k is :</p>",
                    "options": [
                      {
                        "id": "a",
                        "text": "-8"
                      },
                      {
                        "id": "b",
                        "text": "8"
                      },
                      {
                        "id": "c",
                        "text": "-4"
                      },
                      {
                        "id": "d",
                        "text": "4"
                      }
                    ],
                    "correct_answer": {
                      "ids": [
                        "d"
                      ]
                    },
                    "question_type": "mcq_single",
                    "difficulty_level": "medium",
                    "explanation_html": "<p>For the polynomial 3x² + 6x + k, the sum of the zeroes (α + β) = -b/a = -6/3 = -2. The product of the zeroes (αβ) = c/a = k/3. Given the condition α + β + αβ = -2/3. Substituting the values, we get -2 + k/3 = -2/3. To solve for k, we add 2 to both sides: k/3 = -2/3 + 2 = -2/3 + 6/3 = 4/3. Now, we multiply both sides by 3 to get k = 4.</p>"
                  }
                ]
              },
              {
                "chapter_name": "Pair of Linear Equations in Two Variables",
                "questions": [
                  {
                    "question_no": 2,
                    "question_html": "<p>If x = 1 and y = 2 is a solution of the pair of linear equations 2x – 3y + a = 0 and 2x + 3y – b = 0, then :</p>",
                    "options": [
                      {
                        "id": "a",
                        "text": "a = 2b"
                      },
                      {
                        "id": "b",
                        "text": "2a = b"
                      },
                      {
                        "id": "c",
                        "text": "a + 2b = 0"
                      },
                      {
                        "id": "d",
                        "text": "2a + b = 0"
                      }
                    ],
                    "correct_answer": {
                      "ids": [
                        "b"
                      ]
                    },
                    "question_type": "mcq_single",
                    "difficulty_level": "easy",
                    "explanation_html": "<p>Substitute x = 1 and y = 2 into the first equation: 2(1) - 3(2) + a = 0, which simplifies to 2 - 6 + a = 0, so -4 + a = 0, which means a = 4. Substitute x = 1 and y = 2 into the second equation: 2(1) + 3(2) - b = 0, which simplifies to 2 + 6 - b = 0, so 8 - b = 0, which means b = 8. Now check the options with a = 4 and b = 8. Option (B) is 2a = b, which becomes 2(4) = 8, which is true.</p>"
                  }
                ]
              },
              {
                "chapter_name": "Coordinate Geometry",
                "questions": [
                  {
                    "question_no": 3,
                    "question_html": "<p>The mid-point of the line segment joining the points P(–4, 5) and Q(4, 6) lies on:</p>",
                    "options": [
                      {
                        "id": "a",
                        "text": "x-axis"
                      },
                      {
                        "id": "b",
                        "text": "y-axis"
                      },
                      {
                        "id": "c",
                        "text": "origin"
                      },
                      {
                        "id": "d",
                        "text": "neither x-axis nor y-axis"
                      }
                    ],
                    "correct_answer": {
                      "ids": [
                        "b"
                      ]
                    },
                    "question_type": "mcq_single",
                    "difficulty_level": "easy",
                    "explanation_html": "<p>The coordinates of the mid-point of a line segment joining points (x1, y1) and (x2, y2) are given by the formula ((x1+x2)/2, (y1+y2)/2). For the points P(–4, 5) and Q(4, 6), the mid-point is ((-4+4)/2, (5+6)/2) = (0/2, 11/2) = (0, 5.5). A point lies on the y-axis if its x-coordinate is 0. Since the x-coordinate of the mid-point is 0, it lies on the y-axis.</p>"
                  }
                ]
              },
              {
                "chapter_name": "Introduction to Trigonometry",
                "questions": [
                  {
                    "question_no": 4,
                    "question_html": "<p>If θ is an acute angle and 7 + 4 sin θ = 9, then the value of θ is :</p>",
                    "options": [
                      {
                        "id": "a",
                        "text": "90°"
                      },
                      {
                        "id": "b",
                        "text": "30°"
                      },
                      {
                        "id": "c",
                        "text": "45°"
                      },
                      {
                        "id": "d",
                        "text": "60°"
                      }
                    ],
                    "correct_answer": {
                      "ids": [
                        "b"
                      ]
                    },
                    "question_type": "mcq_single",
                    "difficulty_level": "easy",
                    "explanation_html": "<p>Given the equation 7 + 4 sin θ = 9. First, subtract 7 from both sides to get 4 sin θ = 9 - 7 = 2. Then, divide by 4 to get sin θ = 2/4 = 1/2. For an acute angle θ, the value of θ for which sin θ = 1/2 is 30°.</p>"
                  },
                  {
                    "question_no": 5,
                    "question_html": "<p>The value of tan²θ - (1/cosθ) × secθ is :</p>",
                    "options": [
                      {
                        "id": "a",
                        "text": "1"
                      },
                      {
                        "id": "b",
                        "text": "0"
                      },
                      {
                        "id": "c",
                        "text": "-1"
                      },
                      {
                        "id": "d",
                        "text": "2"
                      }
                    ],
                    "correct_answer": {
                      "ids": [
                        "c"
                      ]
                    },
                    "question_type": "mcq_single",
                    "difficulty_level": "medium",
                    "explanation_html": "<p>The expression is tan²θ - (1/cosθ) × secθ. We know that secθ = 1/cosθ. So, the expression becomes tan²θ - secθ × secθ, which is tan²θ - sec²θ. Using the trigonometric identity 1 + tan²θ = sec²θ, we can rearrange it to tan²θ - sec²θ = -1.</p>"
                  }
                ]
              },
              {
                "chapter_name": "Real Numbers",
                "questions": [
                  {
                    "question_no": 6,
                    "question_html": "<p>If HCF(98, 28) = m and LCM(98, 28) = n, then the value of n – 7m is:</p>",
                    "options": [
                      {
                        "id": "a",
                        "text": "0"
                      },
                      {
                        "id": "b",
                        "text": "28"
                      },
                      {
                        "id": "c",
                        "text": "98"
                      },
                      {
                        "id": "d",
                        "text": "198"
                      }
                    ],
                    "correct_answer": {
                      "ids": [
                        "c"
                      ]
                    },
                    "question_type": "mcq_single",
                    "difficulty_level": "medium",
                    "explanation_html": "<p>First, find the prime factorization of 98 and 28. 98 = 2 × 49 = 2 × 7². 28 = 4 × 7 = 2² × 7. The HCF is the product of the lowest powers of common prime factors: HCF(98, 28) = 2¹ × 7¹ = 14. So, m = 14. The LCM is the product of the highest powers of all prime factors present in the numbers: LCM(98, 28) = 2² × 7² = 4 × 49 = 196. So, n = 196. The question asks for the value of n – 7m. Substitute the values of n and m: 196 – 7(14) = 196 – 98 = 98.</p>"
                  }
                ]
              },
              {
                "chapter_name": "Circles",
                "questions": [
                  {
                    "question_no": 7,
                    "question_html": "<p>The tangents drawn at the extremities of the diameter of a circle are always :</p>",
                    "options": [
                      {
                        "id": "a",
                        "text": "parallel"
                      },
                      {
                        "id": "b",
                        "text": "perpendicular"
                      },
                      {
                        "id": "c",
                        "text": "equal"
                      },
                      {
                        "id": "d",
                        "text": "intersecting"
                      }
                    ],
                    "correct_answer": {
                      "ids": [
                        "a"
                      ]
                    },
                    "question_type": "mcq_single",
                    "difficulty_level": "easy",
                    "explanation_html": "<p>A tangent to a circle is perpendicular to the radius at the point of tangency. A diameter consists of two radii in a straight line. Therefore, the tangents at the two ends of the diameter are both perpendicular to the diameter. Two lines that are perpendicular to the same line are parallel to each other. Hence, the tangents are always parallel.</p>"
                  }
                ]
              },
              {
                "chapter_name": "Triangles",
                "questions": [
                  {
                    "question_no": 8,
                    "question_html": "<p>In triangles ABC and DEF, ∠B = ∠E, ∠F = ∠C and AB = 3 DE. Then, the two triangles are :</p>",
                    "options": [
                      {
                        "id": "a",
                        "text": "congruent but not similar"
                      },
                      {
                        "id": "b",
                        "text": "congruent as well as similar"
                      },
                      {
                        "id": "c",
                        "text": "neither congruent nor similar"
                      },
                      {
                        "id": "d",
                        "text": "similar but not congruent"
                      }
                    ],
                    "correct_answer": {
                      "ids": [
                        "d"
                      ]
                    },
                    "question_type": "mcq_single",
                    "difficulty_level": "medium",
                    "explanation_html": "<p>Given ∠B = ∠E and ∠F = ∠C. Since the sum of angles in a triangle is 180°, the third angles must also be equal: ∠A = ∠D. By the Angle-Angle (AA) similarity criterion, if two angles of one triangle are equal to two angles of another triangle, then the triangles are similar. So, ΔABC ~ ΔDEF. For the triangles to be congruent, their corresponding sides must be equal. We are given that AB = 3 DE. Since the corresponding sides are not equal (AB is three times DE), the triangles are not congruent. Therefore, the triangles are similar but not congruent.</p>"
                  }
                ]
              },
              {
                "chapter_name": "Real Numbers",
                "questions": [
                  {
                    "question_no": 9,
                    "question_html": "<p>If (–1)ⁿ + (–1)⁸ = 0, then n is :</p>",
                    "options": [
                      {
                        "id": "a",
                        "text": "any positive integer"
                      },
                      {
                        "id": "b",
                        "text": "any negative integer"
                      },
                      {
                        "id": "c",
                        "text": "any odd number"
                      },
                      {
                        "id": "d",
                        "text": "any even number"
                      }
                    ],
                    "correct_answer": {
                      "ids": [
                        "c"
                      ]
                    },
                    "question_type": "mcq_single",
                    "difficulty_level": "easy",
                    "explanation_html": "<p>The equation is (–1)ⁿ + (–1)⁸ = 0. We know that (–1) raised to an even power is 1. So, (–1)⁸ = 1. The equation becomes (–1)ⁿ + 1 = 0. Subtracting 1 from both sides gives (–1)ⁿ = -1. For (–1)ⁿ to be equal to -1, the exponent n must be an odd number (e.g., 1, 3, 5, -1, -3, etc.).</p>"
                  }
                ]
              },
              {
                "chapter_name": "Polynomials",
                "questions": [
                  {
                    "question_no": 10,
                    "question_html": "<p>Two polynomials are shown in the graph below. The number of distinct zeroes of both the polynomials is :</p>",
                    "images": [
                      {
                        "url": "https://img.testbuddyai.com/Maths-30-1-25-Q10.png"
                      }
                    ],
                    "options": [
                      {
                        "id": "a",
                        "text": "3"
                      },
                      {
                        "id": "b",
                        "text": "5"
                      },
                      {
                        "id": "c",
                        "text": "2"
                      },
                      {
                        "id": "d",
                        "text": "4"
                      }
                    ],
                    "correct_answer": {
                      "ids": [
                        "d"
                      ]
                    },
                    "question_type": "mcq_single",
                    "difficulty_level": "easy",
                    "explanation_html": "<p>The zeroes of a polynomial are the points where its graph intersects the x-axis. One polynomial (the W-shaped curve) intersects the x-axis at four distinct points. The other polynomial (the parabola) intersects the x-axis at two distinct points. The question asks for the number of distinct zeroes of *both* polynomials. This means counting all the unique x-values where either graph crosses the x-axis. The parabola's zeroes are also zeroes of the W-shaped polynomial. Therefore, the total number of distinct zeroes is 4.</p>"
                  }
                ]
              },
              {
                "chapter_name": "Arithmetic Progressions",
                "questions": [
                  {
                    "question_no": 11,
                    "question_html": "<p>If the sum of first m terms of an AP is 2m² + 3m, then its second term is :</p>",
                    "options": [
                      {
                        "id": "a",
                        "text": "10"
                      },
                      {
                        "id": "b",
                        "text": "9"
                      },
                      {
                        "id": "c",
                        "text": "12"
                      },
                      {
                        "id": "d",
                        "text": "4"
                      }
                    ],
                    "correct_answer": {
                      "ids": [
                        "b"
                      ]
                    },
                    "question_type": "mcq_single",
                    "difficulty_level": "medium",
                    "explanation_html": "<p>Let Sₘ be the sum of the first m terms, so Sₘ = 2m² + 3m. The nth term of an AP can be found by the formula aₙ = Sₙ - Sₙ₋₁. The first term (a₁) is equal to the sum of the first term (S₁). S₁ = 2(1)² + 3(1) = 2 + 3 = 5. So, a₁ = 5. The sum of the first two terms (S₂) is S₂ = 2(2)² + 3(2) = 2(4) + 6 = 8 + 6 = 14. The second term (a₂) is the sum of the first two terms minus the first term: a₂ = S₂ - S₁ = 14 - 5 = 9.</p>"
                  }
                ]
              },
              {
                "chapter_name": "Statistics",
                "questions": [
                  {
                    "question_no": 12,
                    "question_html": "<p>Mode and Mean of a data are 15x and 18x, respectively. Then the median of the data is :</p>",
                    "options": [
                      {
                        "id": "a",
                        "text": "x"
                      },
                      {
                        "id": "b",
                        "text": "11x"
                      },
                      {
                        "id": "c",
                        "text": "17x"
                      },
                      {
                        "id": "d",
                        "text": "34x"
                      }
                    ],
                    "correct_answer": {
                      "ids": [
                        "c"
                      ]
                    },
                    "question_type": "mcq_single",
                    "difficulty_level": "easy",
                    "explanation_html": "<p>There is an empirical relationship between the mean, median, and mode of a moderately skewed distribution: Mode = 3 Median – 2 Mean. We are given Mode = 15x and Mean = 18x. Substitute these values into the formula: 15x = 3 Median – 2(18x). 15x = 3 Median – 36x. Add 36x to both sides: 15x + 36x = 3 Median. 51x = 3 Median. Divide by 3 to find the Median: Median = 51x / 3 = 17x.</p>"
                  }
                ]
              },
              {
                "chapter_name": "Probability",
                "questions": [
                  {
                    "question_no": 13,
                    "question_html": "<p>A card is selected at random from a deck of 52 playing cards. The probability of it being a red face card is :</p>",
                    "options": [
                      {
                        "id": "a",
                        "text": "3/13"
                      },
                      {
                        "id": "b",
                        "text": "2/13"
                      },
                      {
                        "id": "c",
                        "text": "1/2"
                      },
                      {
                        "id": "d",
                        "text": "3/26"
                      }
                    ],
                    "correct_answer": {
                      "ids": [
                        "d"
                      ]
                    },
                    "question_type": "mcq_single",
                    "difficulty_level": "easy",
                    "explanation_html": "<p>A standard deck of 52 cards has four suits: two red (Hearts and Diamonds) and two black (Clubs and Spades). Each suit has three face cards: King, Queen, and Jack. So, the number of red face cards is 3 (from Hearts) + 3 (from Diamonds) = 6. The total number of cards is 52. The probability of drawing a red face card is the number of favorable outcomes divided by the total number of outcomes, which is 6/52. This fraction can be simplified by dividing both the numerator and the denominator by their greatest common divisor, which is 2. So, 6/52 = 3/26.</p>"
                  }
                ]
              },
              {
                "chapter_name": "Real Numbers",
                "questions": [
                  {
                    "question_no": 14,
                    "question_html": "<p>Which of the following is a rational number between √3 and √5 ?</p>",
                    "options": [
                      {
                        "id": "a",
                        "text": "1.4142387954012 ...."
                      },
                      {
                        "id": "b",
                        "text": "2.326 with a bar on 326"
                      },
                      {
                        "id": "c",
                        "text": "π"
                      },
                      {
                        "id": "d",
                        "text": "1.857142"
                      }
                    ],
                    "correct_answer": {
                      "ids": [
                        "d"
                      ]
                    },
                    "question_type": "mcq_single",
                    "difficulty_level": "medium",
                    "explanation_html": "<p>First, approximate the values of √3 and √5. √3 ≈ 1.732 and √5 ≈ 2.236. We need to find a rational number between these two values. A rational number can be expressed as a terminating or repeating decimal. (A) is non-terminating and non-repeating (likely an irrational number, √2). (B) is a repeating decimal, so it's rational, but 2.326... is greater than 2.236, so it's outside the range. (C) π ≈ 3.14159..., which is irrational and outside the range. (D) 1.857142 is a terminating decimal, which means it is a rational number. Since 1.732 < 1.857142 < 2.236, this is the correct answer.</p>"
                  }
                ]
              },
              {
                "chapter_name": "Areas Related to Circles",
                "questions": [
                  {
                    "question_no": 15,
                    "question_html": "<p>If a sector of a circle has an area of 40π sq. units and a central angle of 72°, the radius of the circle is :</p>",
                    "options": [
                      {
                        "id": "a",
                        "text": "200 units"
                      },
                      {
                        "id": "b",
                        "text": "100 units"
                      },
                      {
                        "id": "c",
                        "text": "20 units"
                      },
                      {
                        "id": "d",
                        "text": "10√2 units"
                      }
                    ],
                    "correct_answer": {
                      "ids": [
                        "d"
                      ]
                    },
                    "question_type": "mcq_single",
                    "difficulty_level": "medium",
                    "explanation_html": "<p>Area of a sector is given by (θ/360) × πr². Substituting θ = 72° and Area = 40π, we get 40π = (72/360) × πr². Simplifying, 40 = (1/5)r², giving r² = 200 and r = 10√2.</p>"
                  }
                ]
              },
              {
                "chapter_name": "Circles",
                "questions": [
                  {
                    "question_no": 16,
                    "question_html": "<p>In the given figure, PA is a tangent from an external point P to a circle with centre O. If ∠POB = 115°, then ∠APO is equal to :</p>",
                    "images": [
                      {
                        "url": "https://img.testbuddyai.com/Maths-30-1-25-Q16.png"
                      }
                    ],
                    "options": [
                      {
                        "id": "a",
                        "text": "25°"
                      },
                      {
                        "id": "b",
                        "text": "65°"
                      },
                      {
                        "id": "c",
                        "text": "90°"
                      },
                      {
                        "id": "d",
                        "text": "35°"
                      }
                    ],
                    "correct_answer": {
                      "ids": [
                        "a"
                      ]
                    },
                    "question_type": "mcq_single",
                    "difficulty_level": "medium",
                    "explanation_html": "<p>AOB is not stated to be a straight line. We have two tangents from P, PA and PB. The line PO bisects the angle between the tangents (∠APB) and the angle between the radii (∠AOB). In triangle POB, OB is a radius. Let's assume there's another tangent PB. In triangle POB and POA, OP is common, OA=OB (radii), PA=PB (tangents from P). So ΔPOB ≅ ΔPOA. Therefore ∠POB = ∠POA = 115°. This would make ∠AOB = 230°, which is not possible. There must be a misunderstanding of the diagram. Assuming PB is not a tangent and B is just a point on the circle. In ΔPOB, OP is not known. Let's assume AOB is a diameter. Then ∠POA + ∠POB = 180°. So, ∠POA = 180° - 115° = 65°. In the right-angled triangle OAP (∠OAP=90°), the sum of angles is 180°. So, ∠APO + ∠OAP + ∠POA = 180°. ∠APO + 90° + 65° = 180°. ∠APO = 180° - 155° = 25°. This interpretation seems the most plausible.</p>"
                  }
                ]
              },
              {
                "chapter_name": "Some Applications of Trigonometry",
                "questions": [
                  {
                    "question_no": 17,
                    "question_html": "<p>A kite is flying at a height of 150 m from the ground. It is attached to a string inclined at an angle of 30° to the horizontal. The length of the string is :</p>",
                    "options": [
                      {
                        "id": "a",
                        "text": "100√3 m"
                      },
                      {
                        "id": "b",
                        "text": "300 m"
                      },
                      {
                        "id": "c",
                        "text": "150√2 m"
                      },
                      {
                        "id": "d",
                        "text": "150√3 m"
                      }
                    ],
                    "correct_answer": {
                      "ids": [
                        "b"
                      ]
                    },
                    "question_type": "mcq_single",
                    "difficulty_level": "easy",
                    "explanation_html": "<p>This scenario forms a right-angled triangle where the height of the kite is the side opposite to the angle of inclination (opposite side = 150 m), and the length of the string is the hypotenuse. The angle is 30°. We use the sine function, where sin(angle) = opposite/hypotenuse. So, sin(30°) = 150 / length of string. We know that sin(30°) = 1/2. Therefore, 1/2 = 150 / length of string. Solving for the length of the string, we get: Length of string = 150 × 2 = 300 m.</p>"
                  }
                ]
              },
              {
                "chapter_name": "Areas Related to Circles",
                "questions": [
                  {
                    "question_no": 18,
                    "question_html": "<p>A piece of wire 20 cm long is bent into the form of an arc of a circle of radius 60/π cm. The angle subtended by the arc at the centre of the circle is :</p>",
                    "options": [
                      {
                        "id": "a",
                        "text": "30°"
                      },
                      {
                        "id": "b",
                        "text": "60°"
                      },
                      {
                        "id": "c",
                        "text": "90°"
                      },
                      {
                        "id": "d",
                        "text": "50°"
                      }
                    ],
                    "correct_answer": {
                      "ids": [
                        "b"
                      ]
                    },
                    "question_type": "mcq_single",
                    "difficulty_level": "medium",
                    "explanation_html": "<p>The length of an arc (L) of a circle with radius (r) and central angle (θ, in degrees) is given by the formula L = (θ/360) × 2πr. We are given L = 20 cm and r = 60/π cm. We need to find θ. Substitute the given values into the formula: 20 = (θ/360) × 2π(60/π). The π in the numerator and denominator cancels out: 20 = (θ/360) × 2 × 60. 20 = (θ/360) × 120. Now, solve for θ: θ = (20 × 360) / 120. θ = (20/120) * 360 = (1/6) * 360 = 60°. The angle subtended is 60°.</p>"
                  }
                ]
              },
              {
                "chapter_name": "Probability",
                "questions": [
                  {
                    "question_no": 19,
                    "question_html": "<p>Assertion (A) : The probability of selecting a number at random from the numbers 1 to 20 is 1.<br>Reason (R): For any event E, if P(E) = 1, then E is called a sure event.</p>",
                    "options": [
                      {
                        "id": "a",
                        "text": "Both Assertion (A) and Reason (R) are true and Reason (R) is the correct explanation of the Assertion (A)."
                      },
                      {
                        "id": "b",
                        "text": "Both Assertion (A) and Reason (R) are true, but Reason (R) is not the correct explanation of the Assertion (A)."
                      },
                      {
                        "id": "c",
                        "text": "Assertion (A) is true, but Reason (R) is false."
                      },
                      {
                        "id": "d",
                        "text": "Assertion (A) is false, but Reason (R) is true."
                      }
                    ],
                    "correct_answer": {
                      "ids": [
                        "d"
                      ]
                    },
                    "question_type": "mcq_single",
                    "difficulty_level": "medium",
                    "explanation_html": "<p>Assertion (A) states that the probability of selecting a number from 1 to 20 is 1. This is false. The act of selecting *a* number is certain, but the probability *value* associated with picking any single specific number (e.g., the number 7) is 1/20, not 1. The statement is ambiguously worded but in a mathematical context, 'the probability' usually refers to a specific value, and no single outcome has a probability of 1. Therefore, Assertion (A) is false. Reason (R) states that if P(E) = 1, the event E is a sure event. This is the definition of a sure event and is true. Since A is false and R is true, the correct option is (D).</p>"
                  }
                ]
              },
              {
                "chapter_name": "Surface Areas and Volumes",
                "questions": [
                  {
                    "question_no": 20,
                    "question_html": "<p>Assertion (A): If we join two hemispheres of same radius along their bases, then we get a sphere.<br>Reason (R): Total Surface Area of a sphere of radius r is 3πr².</p>",
                    "options": [
                      {
                        "id": "a",
                        "text": "Both Assertion (A) and Reason (R) are true and Reason (R) is the correct explanation of the Assertion (A)."
                      },
                      {
                        "id": "b",
                        "text": "Both Assertion (A) and Reason (R) are true, but Reason (R) is not the correct explanation of the Assertion (A)."
                      },
                      {
                        "id": "c",
                        "text": "Assertion (A) is true, but Reason (R) is false."
                      },
                      {
                        "id": "d",
                        "text": "Assertion (A) is false, but Reason (R) is true."
                      }
                    ],
                    "correct_answer": {
                      "ids": [
                        "c"
                      ]
                    },
                    "question_type": "mcq_single",
                    "difficulty_level": "easy",
                    "explanation_html": "<p>Assertion (A) is true. Joining two identical hemispheres along their circular bases perfectly forms a sphere. Reason (R) is false. The formula for the Total Surface Area (TSA) of a sphere of radius r is 4πr². The formula 3πr² is the TSA of a solid hemisphere (curved surface area 2πr² + base area πr²). Since A is true and R is false, the correct option is (C).</p>"
                  }
                ]
              },
              {
                "chapter_name": "Introduction to Trigonometry",
                "questions": [
                  {
                    "question_no": 21,
                    "question_html": "<p>If x cos 60° + y cos 0° + sin 30° – cot 45° = 5, then find the value of x + 2y.</p><p><b>OR</b></p><p>Evaluate : tan<sup>2</sup> 60° / (sin<sup>2</sup> 60° + cos<sup>2</sup> 30°)</p>",
                    "options": [],
                    "correct_answer": {
                      "text": "<p>Given: x cos 60° + y cos 0° + sin 30° – cot 45° = 5</p><p>Substituting the values of the trigonometric ratios:</p><p>x(1/2) + y(1) + 1/2 - 1 = 5</p><p>x/2 + y - 1/2 = 5</p><p>Multiplying the entire equation by 2 to eliminate the fractions:</p><p>x + 2y - 1 = 10</p><p>x + 2y = 10 + 1</p><p>x + 2y = 11</p><p><b>OR</b></p><p>We need to evaluate the expression: tan<sup>2</sup> 60° / (sin<sup>2</sup> 60° + cos<sup>2</sup> 30°)</p><p>First, let's find the values of the trigonometric functions:</p><p>tan 60° = √3</p><p>sin 60° = √3/2</p><p>cos 30° = √3/2</p><p>Now, substitute these values into the expression:</p><p>= (√3)<sup>2</sup> / ((√3/2)<sup>2</sup> + (√3/2)<sup>2</sup>)</p><p>= 3 / (3/4 + 3/4)</p><p>= 3 / (6/4)</p><p>= 3 / (3/2)</p><p>= 3 * (2/3)</p><p>= 2</p>"
                    },
                    "question_type": "Very Short Answer (2 marks)",
                    "difficulty_level": "Easy",
                    "explanation_html": null
                  }
                ]
              },
              {
                "chapter_name": "Polynomials",
                "questions": [
                  {
                    "question_no": 22,
                    "question_html": "<p>Find the zeroes of the polynomial p(x) = x² + (4/3)x - 4/3.</p>",
                    "options": [],
                    "correct_answer": {
                      "text": "<p>Given polynomial is p(x) = x² + (4/3)x - 4/3.</p><p>To find the zeroes, we set p(x) = 0.</p><p>x² + (4/3)x - 4/3 = 0</p><p>To simplify, multiply the entire equation by 3:</p><p>3x² + 4x - 4 = 0</p><p>We can solve this quadratic equation by factoring (splitting the middle term).</p><p>We need two numbers that multiply to 3 * (-4) = -12 and add to 4. These numbers are 6 and -2.</p><p>3x² + 6x - 2x - 4 = 0</p><p>Factor by grouping:</p><p>3x(x + 2) - 2(x + 2) = 0</p><p>(3x - 2)(x + 2) = 0</p><p>This gives two possible solutions:</p><p>3x - 2 = 0  => x = 2/3</p><p>x + 2 = 0   => x = -2</p><p>So, the zeroes of the polynomial are 2/3 and -2.</p>"
                    },
                    "question_type": "Very Short Answer (2 marks)",
                    "difficulty_level": "Easy",
                    "explanation_html": null
                  }
                ]
              },
              {
                "chapter_name": "Coordinate Geometry",
                "questions": [
                  {
                    "question_no": 23,
                    "question_html": "<p>The coordinates of the centre of a circle are (2a, a – 7). Find the value(s) of ‘a’ if the circle passes through the point (11, – 9) and has diameter 10√2 units.</p>",
                    "options": [],
                    "correct_answer": {
                      "text": "<p>Given:</p><p>Centre of the circle = (2a, a - 7)</p><p>Point on the circle = (11, -9)</p><p>Diameter = 10√2 units</p><p>First, find the radius of the circle:</p><p>Radius (r) = Diameter / 2 = 10√2 / 2 = 5√2 units.</p><p>The distance between the center of the circle and any point on the circle is equal to the radius. We use the distance formula: d = √[(x₂ - x₁)² + (y₂ - y₁)²].</p><p>So, the square of the distance between the center (2a, a-7) and the point (11, -9) is equal to the square of the radius.</p><p>(11 - 2a)² + (-9 - (a - 7))² = (5√2)²</p><p>(11 - 2a)² + (-9 - a + 7)² = 50</p><p>(11 - 2a)² + (-a - 2)² = 50</p><p>(121 - 44a + 4a²) + (a² + 4a + 4) = 50</p><p>Combine like terms:</p><p>5a² - 40a + 125 = 50</p><p>5a² - 40a + 75 = 0</p><p>Divide the equation by 5:</p><p>a² - 8a + 15 = 0</p><p>Factor the quadratic equation:</p><p>(a - 3)(a - 5) = 0</p><p>This gives two possible values for 'a':</p><p>a - 3 = 0 => a = 3</p><p>a - 5 = 0 => a = 5</p><p>The possible values of 'a' are 3 and 5.</p>"
                    },
                    "question_type": "Very Short Answer (2 marks)",
                    "difficulty_level": "Medium",
                    "explanation_html": null
                  }
                ]
              },
              {
                "chapter_name": "Triangles",
                "questions": [
                  {
                    "question_no": 24,
                    "question_html": "<p>If ΔABC ~ ΔPQR in which AB = 6 cm, BC = 4 cm, AC = 8 cm and PR = 6 cm, then find the length of (PQ + QR).</p><p><b>OR</b></p><p>In the given figure, QR/QS = QT/PR and ∠1 = ∠2, show that ΔPQS ~ ΔTQR.</p>",
                    "images": [
                      {
                        "url": "https://img.testbuddyai.com/Maths-30-1-25-Q24b.png"
                      }
                    ],
                    "options": [],
                    "correct_answer": {
                      "text": "<p>Given that ΔABC ~ ΔPQR. This means that the ratio of corresponding sides is equal.</p><p>AB/PQ = BC/QR = AC/PR</p><p>The given lengths are:</p><p>AB = 6 cm</p><p>BC = 4 cm</p><p>AC = 8 cm</p><p>PR = 6 cm</p><p>We can set up the proportion:</p><p>6/PQ = 4/QR = 8/6</p><p>First, let's find the length of PQ using the ratio AB/PQ = AC/PR:</p><p>6/PQ = 8/6</p><p>8 * PQ = 6 * 6</p><p>8 * PQ = 36</p><p>PQ = 36/8 = 4.5 cm</p><p>Next, let's find the length of QR using the ratio BC/QR = AC/PR:</p><p>4/QR = 8/6</p><p>8 * QR = 4 * 6</p><p>8 * QR = 24</p><p>QR = 24/8 = 3 cm</p><p>Finally, we need to find the length of (PQ + QR):</p><p>PQ + QR = 4.5 cm + 3 cm = 7.5 cm.</p><p><b>OR</b></p><p>In ΔPQR, it is given that ∠1 = ∠2.</p><p>Since angles opposite to equal sides are equal, the sides opposite to these angles must be equal. Therefore, PR = PQ.</p><p>It is also given that QR/QS = QT/PR.</p><p>Substitute PR with PQ in the given ratio:</p><p>QR/QS = QT/PQ</p><p>Rearrange the terms to match the sides of the triangles we want to prove similar (ΔPQS and ΔTQR):</p><p>PQ/QS = QT/QR</p><p>Now, consider ΔPQS and ΔTQR.</p><p>1. We have the ratio of corresponding sides: PQ/QS = QT/QR.</p><p>2. The angle between these sides, ∠PQS (which is ∠1) in ΔPQS and ∠TQR in ΔTQR, is common to both triangles. So, ∠PQS = ∠TQR.</p><p>By the Side-Angle-Side (SAS) similarity criterion, since two sides are in proportion and the included angle is equal, we can conclude that ΔPQS ~ ΔTQR.</p>"
                    },
                    "question_type": "Very Short Answer (2 marks)",
                    "difficulty_level": "Medium",
                    "explanation_html": null
                  }
                ]
              },
              {
                "chapter_name": "Circles",
                "questions": [
                  {
                    "question_no": 25,
                    "question_html": "<p>A person is standing at P outside a circular ground at a distance of 26 m from the centre of the ground. He found that his distances from the points A and B on the ground are 10 m (PA and PB are tangents to the circle). Find the radius of the circular ground.</p>",
                    "images": [
                      {
                        "url": "https://img.testbuddyai.com/Maths-30-1-25-Q25.png"
                      }
                    ],
                    "options": [],
                    "correct_answer": {
                      "text": "<p>Let O be the centre of the circular ground and let r be its radius.</p><p>The person is at point P. The distance from the center to P is OP = 26 m.</p><p>PA and PB are tangents from point P to the circle at points A and B respectively. The length of the tangent PA is 10 m.</p><p>We know that the radius of a circle is perpendicular to the tangent at the point of contact.</p><p>Therefore, OA ⊥ PA, which means ∠OAP = 90°.</p><p>Now, ΔOAP is a right-angled triangle with the right angle at A.</p><p>By the Pythagorean theorem, we have:</p><p>OP² = OA² + PA²</p><p>Substitute the given values:</p><p>26² = r² + 10²</p><p>676 = r² + 100</p><p>r² = 676 - 100</p><p>r² = 576</p><p>r = √576</p><p>r = 24 m</p><p>The radius of the circular ground is 24 m.</p>"
                    },
                    "question_type": "Very Short Answer (2 marks)",
                    "difficulty_level": "Easy",
                    "explanation_html": null
                  }
                ]
              },
              {
                "chapter_name": "Circles",
                "questions": [
                  {
                    "question_no": 26,
                    "question_html": "<p>In the given figure, O is the centre of the circle and BCD is tangent to it at C. Prove that ∠BAC + ∠ACD = 90°.</p><p><b>OR</b></p><p>Prove that opposite sides of a quadrilateral circumscribing a circle subtend supplementary angles at the centre of the circle.</p>",
                    "images": [
                      {
                        "url": "https://img.testbuddyai.com/Maths-30-1-25-Q26a.png"
                      }
                    ],
                    "options": [],
                    "correct_answer": {
                      "text": "<p>In ΔOAC, OA and OC are radii of the same circle. Therefore, OA = OC.</p><p>Since the angles opposite to equal sides in a triangle are equal, we have ∠OCA = ∠OAC.</p><p>Given that BCD is a tangent to the circle at point C, the radius OC is perpendicular to the tangent BCD. </p><p>Therefore, ∠OCD = 90°.</p><p>From the figure, we can see that ∠OCD is the sum of ∠OCA and ∠ACD.</p><p>So, ∠OCA + ∠ACD = 90°.</p><p>Since we have already established that ∠OCA = ∠OAC, we can substitute ∠OAC in the above equation:</p><p>∠OAC + ∠ACD = 90°.</p><p>As point B lies on the line segment OA extended (or A lies on OB), ∠OAC is the same as ∠BAC.</p><p>Hence, ∠BAC + ∠ACD = 90°.</p><p><b>OR</b></p><p>Let ABCD be a quadrilateral circumscribing a circle with centre O. Let the points of contact of the sides AB, BC, CD, and DA be P, Q, R, and S, respectively.</p><p>Join OA, OB, OC, OD.</p><p>Consider ΔOAP and ΔOAS.</p><p>1. AP = AS (Tangents from the same external point A)</p><p>2. OP = OS (Radii of the same circle)</p><p>3. OA = OA (Common side)</p><p>By SSS congruence, ΔOAP ≅ ΔOAS. Therefore, ∠AOP = ∠AOS. Let's call this ∠1.</p><p>Similarly, we can prove that:</p><p>ΔOBP ≅ ΔOBQ => ∠BOP = ∠BOQ (let's call this ∠2)</p><p>ΔOCQ ≅ ΔOCR => ∠COQ = ∠COR (let's call this ∠3)</p><p>ΔODR ≅ ΔODS => ∠DOR = ∠DOS (let's call this ∠4)</p><p>The sum of all angles around the center O is 360°.</p><p>∠1+∠1 + ∠2+∠2 + ∠3+∠3 + ∠4+∠4 = 360°</p><p>2(∠1 + ∠2 + ∠3 + ∠4) = 360°</p><p>∠1 + ∠2 + ∠3 + ∠4 = 180°</p><p>Now consider the angles subtended by the opposite sides AB and CD at the center:</p><p>∠AOB = ∠AOP + ∠BOP = ∠1 + ∠2</p><p>∠COD = ∠COR + ∠DOR = ∠3 + ∠4</p><p>Sum of these angles = ∠AOB + ∠COD = (∠1 + ∠2) + (∠3 + ∠4) = 180°.</p><p>Similarly, for the other pair of opposite sides BC and DA:</p><p>∠BOC = ∠BOQ + ∠COQ = ∠2 + ∠3</p><p>∠DOA = ∠DOS + ∠AOS = ∠4 + ∠1</p><p>Sum of these angles = ∠BOC + ∠DOA = (∠2 + ∠3) + (∠4 + ∠1) = 180°.</p><p>Thus, the opposite sides of a quadrilateral circumscribing a circle subtend supplementary angles at the centre.</p>"
                    },
                    "question_type": "Short Answer (3 marks)",
                    "difficulty_level": "Medium",
                    "explanation_html": null
                  }
                ]
              },
              {
                "chapter_name": "Introduction to Trigonometry",
                "questions": [
                  {
                    "question_no": 27,
                    "question_html": "<p>Prove that : tan θ / (1 - cot θ) + cot θ / (1 - tan θ) = 1 + sec θ cosec θ</p><p><b>OR</b></p><p>Prove that : (sin A + cos A)/(sin A - cos A) + (sin A - cos A)/(sin A + cos A) = 2 / (2 sin² A - 1)</p>",
                    "options": [],
                    "correct_answer": {
                      "text": "<p>LHS = tan θ / (1 - cot θ) + cot θ / (1 - tan θ)</p><p>Convert tan θ and cot θ into sin θ and cos θ:</p><p>= (sin θ/cos θ) / (1 - cos θ/sin θ) + (cos θ/sin θ) / (1 - sin θ/cos θ)</p><p>= (sin θ/cos θ) / ((sin θ - cos θ)/sin θ) + (cos θ/sin θ) / ((cos θ - sin θ)/cos θ)</p><p>= sin²θ / (cos θ(sin θ - cos θ)) + cos²θ / (sin θ(cos θ - sin θ))</p><p>= sin²θ / (cos θ(sin θ - cos θ)) - cos²θ / (sin θ(sin θ - cos θ))</p><p>= (sin³θ - cos³θ) / (sin θ cos θ(sin θ - cos θ))</p><p>Using the identity a³ - b³ = (a - b)(a² + ab + b²):</p><p>= [(sin θ - cos θ)(sin²θ + sin θ cos θ + cos²θ)] / [sin θ cos θ(sin θ - cos θ)]</p><p>Since sin²θ + cos²θ = 1:</p><p>= (1 + sin θ cos θ) / (sin θ cos θ)</p><p>= 1/(sin θ cos θ) + (sin θ cos θ)/(sin θ cos θ)</p><p>= sec θ cosec θ + 1</p><p>= 1 + sec θ cosec θ = RHS</p><p><b>OR</b></p><p>LHS = (sin A + cos A)/(sin A - cos A) + (sin A - cos A)/(sin A + cos A)</p><p>Take the common denominator (sin A - cos A)(sin A + cos A):</p><p>= [(sin A + cos A)² + (sin A - cos A)²] / [(sin A - cos A)(sin A + cos A)]</p><p>Expand the squares in the numerator and use (a-b)(a+b) = a²-b² in the denominator:</p><p>= [(sin²A + cos²A + 2sinAcosA) + (sin²A + cos²A - 2sinAcosA)] / (sin²A - cos²A)</p><p>Since sin²A + cos²A = 1:</p><p>= (1 + 2sinAcosA + 1 - 2sinAcosA) / (sin²A - cos²A)</p><p>= 2 / (sin²A - cos²A)</p><p>Replace cos²A with 1 - sin²A:</p><p>= 2 / (sin²A - (1 - sin²A))</p><p>= 2 / (sin²A - 1 + sin²A)</p><p>= 2 / (2sin²A - 1) = RHS</p>"
                    },
                    "question_type": "Short Answer (3 marks)",
                    "difficulty_level": "Hard",
                    "explanation_html": null
                  }
                ]
              },
              {
                "chapter_name": "Coordinate Geometry",
                "questions": [
                  {
                    "question_no": 28,
                    "question_html": "<p>Find the ratio in which the y-axis divides the line segment joining the points (5, – 6) and (– 1, – 4). Also find the point of intersection.</p>",
                    "options": [],
                    "correct_answer": {
                      "text": "<p>Let the two given points be A(5, -6) and B(-1, -4).</p><p>Let the y-axis divide the line segment AB in the ratio k:1 at a point P. </p><p>Since P lies on the y-axis, its x-coordinate will be 0. So, the coordinates of P are (0, y).</p><p>Using the section formula, the coordinates of P are given by:</p><p>P(x, y) = [ (kx₂ + x₁)/(k+1), (ky₂ + y₁)/(k+1) ]</p><p>Here, (x₁, y₁) = (5, -6) and (x₂, y₂) = (-1, -4).</p><p>The x-coordinate of P is 0:</p><p>0 = (k(-1) + 1(5)) / (k + 1)</p><p>0 = (-k + 5) / (k + 1)</p><p>-k + 5 = 0</p><p>k = 5</p><p>So, the ratio in which the y-axis divides the line segment is 5:1.</p><p>Now, we find the y-coordinate of the point of intersection P:</p><p>y = (k(-4) + 1(-6)) / (k + 1)</p><p>Substitute k = 5:</p><p>y = (5(-4) - 6) / (5 + 1)</p><p>y = (-20 - 6) / 6</p><p>y = -26 / 6</p><p>y = -13 / 3</p><p>Therefore, the point of intersection is (0, -13/3).</p>"
                    },
                    "question_type": "Short Answer (3 marks)",
                    "difficulty_level": "Medium",
                    "explanation_html": null
                  }
                ]
              },
              {
                "chapter_name": "Real Numbers",
                "questions": [
                  {
                    "question_no": 29,
                    "question_html": "<p>Prove that 1/√5 is an irrational number.</p>",
                    "options": [],
                    "correct_answer": {
                      "text": "<p>We will prove this by contradiction.</p><p>Let us assume that 1/√5 is a rational number.</p><p>If it is rational, it can be expressed in the form p/q, where p and q are integers, q ≠ 0, and p and q are coprime (have no common factors other than 1).</p><p>So, 1/√5 = p/q</p><p>Rearranging the equation to solve for √5:</p><p>√5 = q/p</p><p>Since p and q are integers, q/p is a rational number.</p><p>This implies that √5 is a rational number.</p><p>However, we know that √5 is an irrational number. This is a standard result.</p><p>Our assumption that 1/√5 is rational has led to a contradiction.</p><p>Therefore, our initial assumption was false.</p><p>Hence, 1/√5 is an irrational number.</p>"
                    },
                    "question_type": "Short Answer (3 marks)",
                    "difficulty_level": "Medium",
                    "explanation_html": null
                  }
                ]
              },
              {
                "chapter_name": "Surface Areas and Volumes",
                "questions": [
                  {
                    "question_no": 30,
                    "question_html": "<p>A room is in the form of a cylinder surmounted by a hemispherical dome. The base radius of the hemisphere is half of the height of the cylindrical part. If the room contains 1408/21 m³ of air, find the height of the cylindrical part. (Use π = 22/7).</p>",
                    "options": [],
                    "correct_answer": {
                      "text": "<p>Let 'h' be the height of the cylindrical part and 'r' be its radius.</p><p>The radius of the hemispherical dome is also 'r'.</p><p>Given that the base radius is half the height of the cylindrical part:</p><p>r = h/2, which means h = 2r.</p><p>The total volume of air in the room is the sum of the volume of the cylinder and the volume of the hemisphere.</p><p>Volume of cylinder = πr²h</p><p>Volume of hemisphere = (2/3)πr³</p><p>Total Volume (V) = πr²h + (2/3)πr³</p><p>Substitute h = 2r into the volume formula:</p><p>V = πr²(2r) + (2/3)πr³</p><p>V = 2πr³ + (2/3)πr³</p><p>V = (6/3)πr³ + (2/3)πr³ = (8/3)πr³</p><p>We are given that the total volume is 1408/21 m³.</p><p>1408/21 = (8/3)πr³</p><p>Substitute π = 22/7:</p><p>1408/21 = (8/3) * (22/7) * r³</p><p>1408/21 = (176/21) * r³</p><p>To solve for r³, multiply both sides by 21/176:</p><p>r³ = (1408/21) * (21/176)</p><p>r³ = 1408 / 176</p><p>r³ = 8</p><p>r = 2 m</p><p>The question asks for the height of the cylindrical part, which is h.</p><p>h = 2r = 2 * 2 = 4 m.</p><p>The height of the cylindrical part is 4 m.</p>"
                    },
                    "question_type": "Short Answer (3 marks)",
                    "difficulty_level": "Medium",
                    "explanation_html": null
                  }
                ]
              },
              {
                "chapter_name": "Probability",
                "questions": [
                  {
                    "question_no": 31,
                    "question_html": "<p>Two dice are thrown at the same time. Determine the probability that the difference of the numbers on the two dice is 2.</p>",
                    "options": [],
                    "correct_answer": {
                      "text": "<p>When two dice are thrown, the total number of possible outcomes is 6 × 6 = 36.</p><p>We need to find the number of outcomes where the difference between the numbers on the two dice is 2.</p><p>Let the outcome be (die 1, die 2). The favorable outcomes are:</p><ul><li>If die 1 is 1, die 2 must be 3. Outcome: (1, 3)</li><li>If die 1 is 2, die 2 must be 4. Outcome: (2, 4)</li><li>If die 1 is 3, die 2 can be 1 or 5. Outcomes: (3, 1), (3, 5)</li><li>If die 1 is 4, die 2 can be 2 or 6. Outcomes: (4, 2), (4, 6)</li><li>If die 1 is 5, die 2 must be 3. Outcome: (5, 3)</li><li>If die 1 is 6, die 2 must be 4. Outcome: (6, 4)</li></ul><p>Listing all the favorable pairs: (1, 3), (3, 1), (2, 4), (4, 2), (3, 5), (5, 3), (4, 6), (6, 4).</p><p>The total number of favorable outcomes is 8.</p><p>The probability of an event is calculated as:</p><p>P(Event) = (Number of Favorable Outcomes) / (Total Number of Possible Outcomes)</p><p>P(difference is 2) = 8 / 36</p><p>Simplifying the fraction, we get:</p><p>P(difference is 2) = 2 / 9</p>"
                    },
                    "question_type": "Short Answer (3 marks)",
                    "difficulty_level": "Easy",
                    "explanation_html": null
                  }
                ]
              },
              {
                "chapter_name": "Pair of Linear Equations in Two Variables",
                "questions": [
                  {
                    "question_no": 32,
                    "question_html": "<p>Vijay invested certain amounts of money in two schemes A and B, which offer interest at the rate of 8% per annum and 9% per annum, respectively. He received ₹1,860 as the total annual interest. However, had he interchanged the amounts of investments in the two schemes, he would have received ₹20 more as annual interest. How much money did he invest in each scheme?</p>",
                    "options": [],
                    "correct_answer": {
                      "text": "<p>Let the amount invested in scheme A be ₹x and the amount invested in scheme B be ₹y.</p><p>From the first condition:</p><p>Interest from scheme A (at 8%) + Interest from scheme B (at 9%) = ₹1,860</p><p>0.08x + 0.09y = 1860</p><p>To eliminate decimals, multiply by 100:</p><p>8x + 9y = 186000  ---(1)</p><p>From the second condition (amounts are interchanged):</p><p>Interest from scheme A (at 8% on amount y) + Interest from scheme B (at 9% on amount x) = ₹1,860 + ₹20 = ₹1,880</p><p>0.08y + 0.09x = 1880</p><p>Multiply by 100:</p><p>8y + 9x = 188000  ---(2)</p><p>Now we have a system of two linear equations:</p><p>1) 8x + 9y = 186000</p><p>2) 9x + 8y = 188000</p><p>Add equation (1) and (2):</p><p>(8x + 9y) + (9x + 8y) = 186000 + 188000</p><p>17x + 17y = 374000</p><p>Divide by 17:</p><p>x + y = 22000  ---(3)</p><p>Subtract equation (1) from (2):</p><p>(9x + 8y) - (8x + 9y) = 188000 - 186000</p><p>x - y = 2000  ---(4)</p><p>Now we have a simpler system:</p><p>3) x + y = 22000</p><p>4) x - y = 2000</p><p>Add equation (3) and (4):</p><p>2x = 24000</p><p>x = 12000</p><p>Substitute x = 12000 into equation (3):</p><p>12000 + y = 22000</p><p>y = 10000</p><p>Therefore, Vijay invested ₹12,000 in scheme A and ₹10,000 in scheme B.</p>"
                    },
                    "question_type": "Long Answer (5 marks)",
                    "difficulty_level": "Medium",
                    "explanation_html": null
                  }
                ]
              },
              {
                "chapter_name": "Triangles",
                "questions": [
                  {
                    "question_no": 33,
                    "question_html": "<p>The diagonal BD of a parallelogram ABCD intersects the line segment AE at the point F, where E is any point on the side BC. Prove that DF × EF = FB × FA.</p><p><b>OR</b></p><p>In ΔABC, if AD ⊥ BC and AD² = BD × DC, then prove that ∠BAC = 90°.</p>",
                    "options": [],
                    "correct_answer": {
                      "text": "<p>In a parallelogram ABCD, opposite sides are parallel. Thus, AD || BC.</p><p>Since E is a point on BC, we have AD || BE.</p><p>Now, consider the transversal AE intersecting the parallel lines AD and BE. The alternate interior angles are equal:</p><p>∠DAF = ∠BEF (or ∠DAE = ∠BEA)</p><p>Similarly, consider the transversal BD intersecting the parallel lines AD and BE. The alternate interior angles are equal:</p><p>∠ADF = ∠EBF (or ∠ADB = ∠EBD)</p><p>Now, let's compare ΔADF and ΔEBF.</p><p>1. ∠DAF = ∠BEF (Proved above)</p><p>2. ∠ADF = ∠EBF (Proved above)</p><p>3. ∠AFD = ∠EFB (Vertically opposite angles)</p><p>By the Angle-Angle-Angle (AAA) similarity criterion, ΔADF ~ ΔEBF.</p><p>Since the triangles are similar, the ratio of their corresponding sides is equal:</p><p>DF/FB = FA/EF = AD/EB</p><p>From the first part of the proportion, we have:</p><p>DF/FB = FA/EF</p><p>Cross-multiplying the terms gives:</p><p>DF × EF = FB × FA</p><p>This proves the required relation.</p><p><b>OR</b></p><p>Given that in ΔABC, AD ⊥ BC and AD² = BD × DC.</p><p>The condition AD² = BD × DC can be rewritten as AD/DC = BD/AD.</p><p>Now consider the two triangles, ΔADB and ΔCDA.</p><p>1. We have the ratio of sides AD/CD = BD/AD.</p><p>2. Since AD ⊥ BC, we know that ∠ADB = ∠CDA = 90°.</p><p>Based on the Side-Angle-Side (SAS) similarity criterion (the angle is included between the sides in proportion), we can conclude that ΔADB ~ ΔCDA.</p><p>Because the triangles are similar, their corresponding angles are equal.</p><p>So, ∠BAD = ∠ACD (i.e., ∠C)  ... (i)</p><p>And ∠ABD (i.e., ∠B) = ∠CAD  ... (ii)</p><p>Now, consider the sum of angles in the main triangle, ΔABC:</p><p>∠BAC + ∠B + ∠C = 180°</p><p>We can write ∠BAC as the sum of ∠BAD and ∠CAD.</p><p>So, (∠BAD + ∠CAD) + ∠B + ∠C = 180°</p><p>Substitute ∠C with ∠BAD from equation (i) and ∠B with ∠CAD from equation (ii):</p><p>(∠BAD + ∠CAD) + ∠CAD + ∠BAD = 180°</p><p>2(∠BAD + ∠CAD) = 180°</p><p>Since ∠BAC = ∠BAD + ∠CAD, we have:</p><p>2(∠BAC) = 180°</p><p>∠BAC = 90°</p><p>Hence, proved.</p>"
                    },
                    "question_type": "Long Answer (5 marks)",
                    "difficulty_level": "Hard",
                    "explanation_html": null
                  }
                ]
              },
              {
                "chapter_name": "Triangles",
                "questions": [
                  {
                    "question_no": 34,
                    "question_html": "<p>The perimeter of a right triangle is 60 cm and its hypotenuse is 25 cm. Find the lengths of other two sides of the triangle.</p><p><b>OR</b></p><p>A train travels a distance of 480 km at a uniform speed. If the speed had been 8 km/h less, then it would have taken 3 hours more to cover the same distance. Find the speed of the train.</p>",
                    "options": [],
                    "correct_answer": {
                      "text": "<p>Let the lengths of the two sides other than the hypotenuse be 'a' and 'b'.</p><p>Given:</p><p>Hypotenuse (c) = 25 cm</p><p>Perimeter = a + b + c = 60 cm</p><p>Substitute the value of the hypotenuse into the perimeter equation:</p><p>a + b + 25 = 60</p><p>a + b = 60 - 25</p><p>a + b = 35  ---(1)</p><p>In a right-angled triangle, according to the Pythagoras theorem:</p><p>a² + b² = c²</p><p>a² + b² = 25²</p><p>a² + b² = 625  ---(2)</p><p>From equation (1), we can express b in terms of a: b = 35 - a.</p><p>Substitute this into equation (2):</p><p>a² + (35 - a)² = 625</p><p>a² + (1225 - 70a + a²) = 625</p><p>2a² - 70a + 1225 - 625 = 0</p><p>2a² - 70a + 600 = 0</p><p>Divide the equation by 2:</p><p>a² - 35a + 300 = 0</p><p>Factor the quadratic equation. We need two numbers that multiply to 300 and add up to -35. These are -15 and -20.</p><p>(a - 15)(a - 20) = 0</p><p>This gives two possible values for 'a': a = 15 or a = 20.</p><p>If a = 15 cm, then b = 35 - 15 = 20 cm.</p><p>If a = 20 cm, then b = 35 - 20 = 15 cm.</p><p>So, the lengths of the other two sides are 15 cm and 20 cm.</p><p><b>OR</b></p><p>Let the uniform speed of the train be 'x' km/h.</p><p>Distance = 480 km.</p><p>Time taken at uniform speed (t₁) = Distance / Speed = 480/x hours.</p><p>If the speed had been 8 km/h less, the new speed would be (x - 8) km/h.</p><p>Time taken at the new speed (t₂) = 480 / (x - 8) hours.</p><p>According to the problem, the new time is 3 hours more than the original time:</p><p>t₂ = t₁ + 3</p><p>480 / (x - 8) = (480 / x) + 3</p><p>480 / (x - 8) - 480 / x = 3</p><p>Take 480 as a common factor:</p><p>480 [ 1/(x - 8) - 1/x ] = 3</p><p>Divide both sides by 3:</p><p>160 [ (x - (x - 8)) / (x(x - 8)) ] = 1</p><p>160 [ 8 / (x² - 8x) ] = 1</p><p>1280 / (x² - 8x) = 1</p><p>x² - 8x = 1280</p><p>x² - 8x - 1280 = 0</p><p>We can solve this quadratic equation by factoring. We need two numbers that multiply to -1280 and add to -8. These numbers are -40 and 32.</p><p>(x - 40)(x + 32) = 0</p><p>This gives two possible solutions for x: x = 40 or x = -32.</p><p>Since speed cannot be negative, we discard x = -32.</p><p>Therefore, the speed of the train is 40 km/h.</p>"
                    },
                    "question_type": "Long Answer (5 marks)",
                    "difficulty_level": "Medium",
                    "explanation_html": null
                  }
                ]
              },
              {
                "chapter_name": "Statistics",
                "questions": [
                  {
                    "question_no": 35,
                    "question_html": "<p>Find the missing frequency 'f' in the following table, if the mean of the given data is 18. Hence find the mode.</p><table><thead><tr><th>Daily Allowance</th><th>Number of Children</th></tr></thead><tbody><tr><td>11-13</td><td>7</td></tr><tr><td>13-15</td><td>6</td></tr><tr><td>15-17</td><td>9</td></tr><tr><td>17-19</td><td>13</td></tr><tr><td>19-21</td><td>f</td></tr><tr><td>21-23</td><td>5</td></tr><tr><td>23-25</td><td>4</td></tr></tbody></table>",
                    "options": [],
                    "correct_answer": {
                      "text": "<p><b>Part 1: Find the missing frequency 'f'</b></p><p>To find the mean, we first need the class mark (xᵢ) for each interval, which is the midpoint.</p><table><thead><tr><th>Daily Allowance (Class Interval)</th><th>Number of Children (fᵢ)</th><th>Class Mark (xᵢ)</th><th>fᵢxᵢ</th></tr></thead><tbody><tr><td>11-13</td><td>7</td><td>12</td><td>84</td></tr><tr><td>13-15</td><td>6</td><td>14</td><td>84</td></tr><tr><td>15-17</td><td>9</td><td>16</td><td>144</td></tr><tr><td>17-19</td><td>13</td><td>18</td><td>234</td></tr><tr><td>19-21</td><td>f</td><td>20</td><td>20f</td></tr><tr><td>21-23</td><td>5</td><td>22</td><td>110</td></tr><tr><td>23-25</td><td>4</td><td>24</td><td>96</td></tr><tr><td><b>Total</b></td><td><b>Σfᵢ = 44 + f</b></td><td></td><td><b>Σfᵢxᵢ = 752 + 20f</b></td></tr></tbody></table><p>The formula for the mean is: Mean = Σfᵢxᵢ / Σfᵢ</p><p>Given that the mean is 18:</p><p>18 = (752 + 20f) / (44 + f)</p><p>18(44 + f) = 752 + 20f</p><p>792 + 18f = 752 + 20f</p><p>792 - 752 = 20f - 18f</p><p>40 = 2f</p><p>f = 20</p><p>The missing frequency is 20.</p><p><b>Part 2: Find the mode</b></p><p>Now that we have f = 20, the class 19-21 has the highest frequency. This is the modal class.</p><p>The formula for the mode is:</p><p>Mode = l + [ (f₁ - f₀) / (2f₁ - f₀ - f₂) ] * h</p><p>Where:</p><ul><li>l = lower limit of the modal class = 19</li><li>f₁ = frequency of the modal class = 20</li><li>f₀ = frequency of the class preceding the modal class = 13</li><li>f₂ = frequency of the class succeeding the modal class = 5</li><li>h = class size = 13 - 11 = 2</li></ul><p>Substitute the values into the formula:</p><p>Mode = 19 + [ (20 - 13) / (2*20 - 13 - 5) ] * 2</p><p>Mode = 19 + [ 7 / (40 - 18) ] * 2</p><p>Mode = 19 + [ 7 / 22 ] * 2</p><p>Mode = 19 + 14 / 22</p><p>Mode = 19 + 7 / 11</p><p>Mode ≈ 19 + 0.636</p><p>Mode ≈ 19.64</p>"
                    },
                    "question_type": "Long Answer (5 marks)",
                    "difficulty_level": "Hard",
                    "explanation_html": null
                  }
                ]
              },
              {
                "chapter_name": "Arithmetic Progressions",
                "questions": [
                  {
                    "question_no": 36,
                    "question_html": "<p><b>Case Study – 1</b></p><p>A school is organizing a charity run to raise funds for a local hospital. The run is planned as a series of rounds around a track, with each round being 300 metres. To make the event more challenging and engaging, the organizers decide to increase the distance of each subsequent round by 50 metres. For example, the second round will be 350 metres, the third round will be 400 metres and so on. The total number of rounds planned is 10.</p><p>Based on the information given above, answer the following questions:</p><p>(i) Write the fourth, fifth and sixth term of the Arithmetic Progression so formed.</p><p>(ii) Determine the distance of the 8th round.</p><p>(iii) (a) Find the total distance run after completing all 10 rounds.</p><p><b>OR</b></p><p>(iii) (b) If a runner completes only the first 6 rounds, what is the total distance run by the runner?</p>",
                    "images": [
                      {
                        "url": "https://img.testbuddyai.com/Maths-30-1-25-Q36.png"
                      }
                    ],
                    "options": [],
                    "correct_answer": {
                      "text": "<p>The distances of the rounds form an Arithmetic Progression (AP) with:</p><p>First term (a) = 300</p><p>Common difference (d) = 50</p><p>The nth term of an AP is given by aₙ = a + (n-1)d.</p><p><b>(i) Fourth, fifth and sixth terms:</b></p><ul><li>Fourth term (a₄) = 300 + (4-1)*50 = 300 + 3*50 = 300 + 150 = 450 metres.</li><li>Fifth term (a₅) = 300 + (5-1)*50 = 300 + 4*50 = 300 + 200 = 500 metres.</li><li>Sixth term (a₆) = 300 + (6-1)*50 = 300 + 5*50 = 300 + 250 = 550 metres.</li></ul><p><b>(ii) Distance of the 8th round:</b></p><ul><li>Eighth term (a₈) = 300 + (8-1)*50 = 300 + 7*50 = 300 + 350 = 650 metres.</li></ul><p>The sum of the first n terms of an AP is given by Sₙ = n/2 [2a + (n-1)d].</p><p><b>(iii) (a) Total distance for 10 rounds:</b></p><ul><li>S₁₀ = 10/2 [2*300 + (10-1)*50]</li><li>S₁₀ = 5 [600 + 9*50]</li><li>S₁₀ = 5 [600 + 450]</li><li>S₁₀ = 5 [1050] = 5250 metres.</li></ul><p><b>OR</b></p><p><b>(iii) (b) Total distance for 6 rounds:</b></p><ul><li>S₆ = 6/2 [2*300 + (6-1)*50]</li><li>S₆ = 3 [600 + 5*50]</li><li>S₆ = 3 [600 + 250]</li><li>S₆ = 3 [850] = 2550 metres.</li></ul>"
                    },
                    "question_type": "Case-based Subjective",
                    "difficulty_level": "Medium",
                    "explanation_html": null
                  }
                ]
              },
              {
                "chapter_name": "Areas Related to Circles",
                "questions": [
                  {
                    "question_no": 37,
                    "question_html": "<p><b>Case Study – 2</b></p><p>A brooch is a decorative piece often worn on clothing like jackets, blouses or dresses to add elegance. Made from precious metals and decorated with gemstones, brooches come in many shapes and designs.</p><p>One such brooch is made with silver wire in the form of a circle with diameter 35 mm. The wire is also used in making 5 diameters which divide the circle into 10 equal sectors as shown in the figure.</p><p>Based on the above given information, answer the following questions:</p><p>(i) Find the central angle of each sector.</p><p>(ii) Find the length of the arc of each sector.</p><p>(iii) (a) Find the area of each sector of the brooch.</p><p><b>OR</b></p><p>(iii) (b) Find the total length of the silver wire used.</p>",
                    "images": [
                      {
                        "url": "https://img.testbuddyai.com/Maths-30-1-25-Q37.png"
                      }
                    ],
                    "options": [],
                    "correct_answer": {
                      "text": "<p>Given: Diameter of the circular brooch = 35 mm.</p><p>So, the radius (r) = 35/2 mm.</p><p>The circle is divided into 10 equal sectors.</p><p><b>(i) Central angle of each sector:</b></p><p>The total angle at the center of a circle is 360°.</p><p>Since there are 10 equal sectors, the angle of each sector (θ) is:</p><p>θ = 360° / 10 = 36°.</p><p><b>(ii) Length of the arc of each sector:</b></p><p>The formula for the length of an arc is (θ/360) * 2πr.</p><p>Arc Length = (36/360) * 2 * (22/7) * (35/2)</p><p>Arc Length = (1/10) * 2 * (22/7) * (35/2)</p><p>Arc Length = (1/10) * (44/7) * (35/2)</p><p>Arc Length = (1/10) * 22 * 5 = 110/10 = 11 mm.</p><p>(Note: The question asks for the length of arc ACB, which is ambiguous. The calculation is for the arc of a single sector as implied by the marking scheme.)</p><p><b>(iii) (a) Area of each sector:</b></p><p>The formula for the area of a sector is (θ/360) * πr².</p><p>Area = (36/360) * (22/7) * (35/2)²</p><p>Area = (1/10) * (22/7) * (1225/4)</p><p>Area = (1/10) * 22 * (175/4)</p><p>Area = (11/10) * (175/2) = 1925/20 = 385/4 = 96.25 mm².</p><p><b>OR</b></p><p><b>(iii) (b) Total length of the silver wire used:</b></p><p>The total length of wire is the sum of the circumference of the circle and the length of the 5 diameters.</p><p>Length of wire for circumference = 2πr = 2 * (22/7) * (35/2) = 110 mm.</p><p>Length of wire for 5 diameters = 5 * Diameter = 5 * 35 = 175 mm.</p><p>Total length of silver wire = 110 mm + 175 mm = 285 mm.</p>"
                    },
                    "question_type": "Case-based Subjective",
                    "difficulty_level": "Medium",
                    "explanation_html": null
                  }
                ]
              },
              {
                "chapter_name": "Some Applications of Trigonometry",
                "questions": [
                  {
                    "question_no": 38,
                    "question_html": "<p><b>Case Study – 3</b></p><p>Amrita stood near the base of a lighthouse, gazing up at its towering height. She measured the angle of elevation to the top and found it to be 60°. Then, she climbed a nearby observation deck, 40 metres higher than her original position and noticed the angle of elevation to the top of lighthouse to be 45°.</p><p>Based on the above given information, answer the following questions:</p><p>(i) If CD is h metres, find the distance BD in terms of 'h'.</p><p>(ii) Find distance BC in terms of 'h'.</p><p>(iii) (a) Find the height CE of the lighthouse [Use √3 = 1.73]</p><p><b>OR</b></p><p>(iii) (b) Find distance AE, if AC = 100 m.</p>",
                    "images": [
                      {
                        "url": "https://img.testbuddyai.com/Maths-30-1-25-Q38.png"
                      }
                    ],
                    "options": [],
                    "correct_answer": {
                      "text": "<p>From the diagram, let CE be the height of the lighthouse. A is the initial position, B is the position on the observation deck. AB = DE = 40 m.</p><p>Let CD = h. Then the height of the lighthouse CE = CD + DE = h + 40.</p><p>Let the horizontal distance AE = BD = x.</p><p><b>(i) Find the distance BD in terms of 'h':</b></p><p>In the right-angled triangle BCD, we have:</p><p>tan(45°) = Perpendicular / Base = CD / BD</p><p>1 = h / BD</p><p>So, BD = h metres.</p><p><b>(ii) Find distance BC in terms of 'h':</b></p><p>In the right-angled triangle BCD, we can use sine:</p><p>sin(45°) = Perpendicular / Hypotenuse = CD / BC</p><p>1/√2 = h / BC</p><p>So, BC = h√2 metres.</p><p><b>(iii) (a) Find the height CE of the lighthouse:</b></p><p>In the right-angled triangle CAE, we have:</p><p>tan(60°) = Perpendicular / Base = CE / AE</p><p>√3 = (h + 40) / AE</p><p>Since AE = BD and BD = h, we have AE = h.</p><p>√3 = (h + 40) / h</p><p>√3h = h + 40</p><p>√3h - h = 40</p><p>h(√3 - 1) = 40</p><p>h = 40 / (√3 - 1)</p><p>To rationalize the denominator, multiply the numerator and denominator by (√3 + 1):</p><p>h = [40(√3 + 1)] / [(√3 - 1)(√3 + 1)]</p><p>h = [40(√3 + 1)] / (3 - 1) = [40(√3 + 1)] / 2 = 20(√3 + 1)</p><p>Using √3 = 1.73:</p><p>h = 20(1.73 + 1) = 20(2.73) = 54.6 m.</p><p>The height of the lighthouse CE = h + 40 = 54.6 + 40 = 94.6 metres.</p><p><b>OR</b></p><p><b>(iii) (b) Find distance AE, if AC = 100 m:</b></p><p>In the right-angled triangle CAE, we are given the hypotenuse AC = 100 m and the angle ∠CAE = 60°.</p><p>We can use the cosine function to find the adjacent side AE.</p><p>cos(60°) = Adjacent / Hypotenuse = AE / AC</p><p>1/2 = AE / 100</p><p>AE = 100 / 2 = 50 metres.</p>"
                    },
                    "question_type": "Case-based Subjective",
                    "difficulty_level": "Hard",
                    "explanation_html": null
                  }
                ]
              }
            ]
          }
        ]
      }
    ]
  }
]