[
  {
    "exam_name_actual": "CBSE Board - Class 10",
    "main_exam_id_name_ref": "CBSE Board - Class 10",
    "years": [
      {
        "year": "2025",
        "papers_or_subjects": [
          {
            "paper_name": "CBSE Class 10 Mathematics (Standard) Paper 2025 (QP Code: 30/5/1)",
            "subject_name": "Mathematics",
            "chapters": [
              {
                "chapter_name": "Real Numbers",
                "questions": [
                  {
                    "question_no": 1,
                    "question_html": "<p>(√3 + 2)² + (√3 – 2)² is a/an</p>",
                    "options": [
                      {
                        "id": "a",
                        "text": "positive rational number"
                      },
                      {
                        "id": "b",
                        "text": "negative rational number"
                      },
                      {
                        "id": "c",
                        "text": "positive irrational number"
                      },
                      {
                        "id": "d",
                        "text": "negative irrational number"
                      }
                    ],
                    "correct_answer": {
                      "ids": [
                        "a"
                      ]
                    },
                    "question_type": "mcq_single",
                    "difficulty_level": "easy",
                    "explanation_html": "<p>Using the identities (a+b)² = a²+2ab+b² and (a-b)² = a²-2ab+b², we get:</p><p>(√3 + 2)² = (√3)² + 2(√3)(2) + 2² = 3 + 4√3 + 4 = 7 + 4√3</p><p>(√3 – 2)² = (√3)² - 2(√3)(2) + 2² = 3 - 4√3 + 4 = 7 - 4√3</p><p>Adding the two results: (7 + 4√3) + (7 - 4√3) = 14. Since 14 is a positive rational number, the correct option is (A).</p>"
                  }
                ]
              },
              {
                "chapter_name": "Real Numbers",
                "questions": [
                  {
                    "question_no": 2,
                    "question_html": "<p>Let x = a²b³cⁿ and y = a³bᵐc², where a, b, c are prime numbers. If LCM of x and y is a³b⁴c³, then the value of m + n is</p>",
                    "options": [
                      {
                        "id": "a",
                        "text": "10"
                      },
                      {
                        "id": "b",
                        "text": "7"
                      },
                      {
                        "id": "c",
                        "text": "6"
                      },
                      {
                        "id": "d",
                        "text": "5"
                      }
                    ],
                    "correct_answer": {
                      "ids": [
                        "b"
                      ]
                    },
                    "question_type": "mcq_single",
                    "difficulty_level": "medium",
                    "explanation_html": "<p>The LCM of two numbers is the product of the highest powers of their prime factors. Given LCM(x, y) = a³b⁴c³, we can compare the powers of a, b, and c in x, y, and the LCM.</p><p>For 'a': max(2, 3) = 3 (correct).</p><p>For 'b': max(3, m) = 4, so m = 4.</p><p>For 'c': max(n, 2) = 3, so n = 3.</p><p>The value of m + n is 4 + 3 = 7.</p>"
                  }
                ]
              },
              {
                "chapter_name": "Real Numbers",
                "questions": [
                  {
                    "question_no": 3,
                    "question_html": "<p>For any prime number p, if p divides a², where a is any real number then p also divides</p>",
                    "options": [
                      {
                        "id": "a",
                        "text": "a"
                      },
                      {
                        "id": "b",
                        "text": "a¹/²"
                      },
                      {
                        "id": "c",
                        "text": "a³/²"
                      },
                      {
                        "id": "d",
                        "text": "a¹/⁸"
                      }
                    ],
                    "correct_answer": {
                      "ids": [
                        "a"
                      ]
                    },
                    "question_type": "mcq_single",
                    "difficulty_level": "easy",
                    "explanation_html": "<p>This is a direct application of the Fundamental Theorem of Arithmetic. If a prime number p divides the square of an integer a, then p must also divide a itself. The theorem is typically stated for integers, but the question implies 'a' is an integer for this property to hold in the context of prime factorization.</p>"
                  }
                ]
              },
              {
                "chapter_name": "Quadratic Equations",
                "questions": [
                  {
                    "question_no": 4,
                    "question_html": "<p>Which of the following equations is a quadratic equation?</p>",
                    "options": [
                      {
                        "id": "a",
                        "text": "x² + 1 = (x – 1)²"
                      },
                      {
                        "id": "b",
                        "text": "(x + √x)² = 2x√x"
                      },
                      {
                        "id": "c",
                        "text": "x³ + 3x² = (x + 1)³"
                      },
                      {
                        "id": "d",
                        "text": "(x + 1)(x – 1) = (x + 1)²"
                      }
                    ],
                    "correct_answer": {
                      "ids": [
                        "b"
                      ]
                    },
                    "question_type": "mcq_single",
                    "difficulty_level": "medium",
                    "explanation_html": "<p>Let's check each option:</p><p>(A) x² + 1 = x² - 2x + 1 => 2x = 0 (Linear)</p><p>(B) x² + 2x√x + x = 2x√x => x² + x = 0 (Quadratic)</p><p>(C) x³ + 3x² = x³ + 3x² + 3x + 1 => 3x + 1 = 0 (Linear)</p><p>(D) x² - 1 = x² + 2x + 1 => 2x + 2 = 0 (Linear)</p><p>Option (B) is the only one that simplifies to a quadratic equation.</p>"
                  }
                ]
              },
              {
                "chapter_name": "Quadratic Equations",
                "questions": [
                  {
                    "question_no": 5,
                    "question_html": "<p>If x² + bx + b = 0 has two real and distinct roots, then the value of b can be</p>",
                    "options": [
                      {
                        "id": "a",
                        "text": "0"
                      },
                      {
                        "id": "b",
                        "text": "4"
                      },
                      {
                        "id": "c",
                        "text": "3"
                      },
                      {
                        "id": "d",
                        "text": "-3"
                      }
                    ],
                    "correct_answer": {
                      "ids": [
                        "d"
                      ]
                    },
                    "question_type": "mcq_single",
                    "difficulty_level": "medium",
                    "explanation_html": "<p>For two real and distinct roots, the discriminant D = b² - 4ac must be greater than 0. Here, a=1, c=b. So, b² - 4b > 0 => b(b-4) > 0. This inequality holds for b < 0 or b > 4. Among the given options, only -3 satisfies this condition.</p>"
                  }
                ]
              },
              {
                "chapter_name": "Coordinate Geometry",
                "questions": [
                  {
                    "question_no": 6,
                    "question_html": "<p>In the figure given below, points P, Q, R divides the line segment AB in four equal parts. The point Q divides PB in the ratio</p>",
                    "images": [
                      {
                        "url": "https://img.testbuddyai.com/Maths-30-5-25-Q6.png"
                      }
                    ],
                    "options": [
                      {
                        "id": "a",
                        "text": "1:3"
                      },
                      {
                        "id": "b",
                        "text": "2:3"
                      },
                      {
                        "id": "c",
                        "text": "1:2"
                      },
                      {
                        "id": "d",
                        "text": "1:1"
                      }
                    ],
                    "correct_answer": {
                      "ids": [
                        "c"
                      ]
                    },
                    "question_type": "mcq_single",
                    "difficulty_level": "easy",
                    "explanation_html": "<p>The segment PB is composed of two equal parts, PQ and QR + RB (which is just QB). Since the points divide AB into four equal parts, we have AP = PQ = QR = RB. The segment PB consists of PQ + QR + RB. Point Q divides PB into two segments: PQ and QB. We have PQ = 1 part and QB = QR + RB = 2 parts. Thus, the ratio is 1:2.</p>"
                  }
                ]
              },
              {
                "chapter_name": "Probability",
                "questions": [
                  {
                    "question_no": 7,
                    "question_html": "<p>A bag contains red balls and black balls in the ratio 3 : 7. A ball is drawn at random. The probability that ball so drawn is black in colour, is</p>",
                    "options": [
                      {
                        "id": "a",
                        "text": "3/7"
                      },
                      {
                        "id": "b",
                        "text": "0.3"
                      },
                      {
                        "id": "c",
                        "text": "0.7"
                      },
                      {
                        "id": "d",
                        "text": "1/7"
                      }
                    ],
                    "correct_answer": {
                      "ids": [
                        "c"
                      ]
                    },
                    "question_type": "mcq_single",
                    "difficulty_level": "easy",
                    "explanation_html": "<p>The ratio of red to black balls is 3:7. This means for every 10 balls, 3 are red and 7 are black. So, the probability of drawing a black ball is 7/(3+7) = 7/10 = 0.7.</p>"
                  }
                ]
              },
              {
                "chapter_name": "Triangles",
                "questions": [
                  {
                    "question_no": 8,
                    "question_html": "<p>Which of the following statements is false ?</p>",
                    "options": [
                      {
                        "id": "a",
                        "text": "Two right triangles are always similar."
                      },
                      {
                        "id": "b",
                        "text": "Two squares are always similar."
                      },
                      {
                        "id": "c",
                        "text": "Two equilateral triangles are always similar."
                      },
                      {
                        "id": "d",
                        "text": "Two circles are always similar."
                      }
                    ],
                    "correct_answer": {
                      "ids": [
                        "a"
                      ]
                    },
                    "question_type": "mcq_single",
                    "difficulty_level": "medium",
                    "explanation_html": "<p>Two right triangles are not always similar. Their corresponding angles must be equal for similarity, which is not guaranteed just by them being right-angled. For example, a 30-60-90 triangle is not similar to a 45-45-90 triangle. The other statements are true as all squares, all equilateral triangles, and all circles are respectively similar to each other.</p>"
                  }
                ]
              },
              {
                "chapter_name": "Triangles",
                "questions": [
                  {
                    "question_no": 9,
                    "question_html": "<p>In the adjoining figure, ABCD is a trapezium in which XY || AB || CD. If 2 × AX = AD, then CY : YB = ?</p>",
                    "images": [
                      {
                        "url": "https://img.testbuddyai.com/Maths-30-5-25-Q9.png"
                      }
                    ],
                    "options": [
                      {
                        "id": "a",
                        "text": "2 : 3"
                      },
                      {
                        "id": "b",
                        "text": "3 : 2"
                      },
                      {
                        "id": "c",
                        "text": "1 : 3"
                      },
                      {
                        "id": "d",
                        "text": "1 : 2"
                      }
                    ],
                    "correct_answer": {
                      "ids": [
                        "d"
                      ]
                    },
                    "question_type": "mcq_single",
                    "difficulty_level": "easy",
                    "explanation_html": "<p>Given: ABCD is a trapezium, XY || AB || CD, and 2 × AX = AD.</p><p>Let AD = 2 × AX ⇒ AX = 1 part, XD = 1 part (since AX + XD = AD, and AX = XD = 1 part). Thus, AX : XD = 1 : 1.</p><p>Since XY || AB || CD, by the properties of parallel lines dividing sides proportionally, two equal segments on AD will correspond to equal segments on BC and hence on CY and YB.</p><p>Therefore, CY : YB = 1 : 2.</p>"
                  }
                ]
              },
              {
                "chapter_name": "Circles",
                "questions": [
                  {
                    "question_no": 10,
                    "question_html": "<p>Which of the following statement is false ?</p>",
                    "options": [
                      {
                        "id": "a",
                        "text": "Infinite number of tangents can be drawn to a circle."
                      },
                      {
                        "id": "b",
                        "text": "Infinite number of tangents can be drawn to a circle from a point outside the circle."
                      },
                      {
                        "id": "c",
                        "text": "Infinite number of secants can be drawn to a circle from a point outside the circle."
                      },
                      {
                        "id": "d",
                        "text": "Angle between tangent and diameter at point of contact is 90°."
                      }
                    ],
                    "correct_answer": {
                      "ids": [
                        "b"
                      ]
                    },
                    "question_type": "mcq_single",
                    "difficulty_level": "medium",
                    "explanation_html": "<p>From a point outside the circle, exactly two tangents can be drawn to the circle. Therefore, the statement that an infinite number of tangents can be drawn is false. The other statements are true.</p>"
                  }
                ]
              },
              {
                "chapter_name": "Circles",
                "questions": [
                  {
                    "question_no": 11,
                    "question_html": "<p>In the adjoining figure, PA and PB are tangents to a circle with centre O. The measure of angle APB is</p>",
                    "images": [
                      {
                        "url": "https://img.testbuddyai.com/Maths-30-5-25-Q11.png"
                      }
                    ],
                    "options": [
                      {
                        "id": "a",
                        "text": "210°"
                      },
                      {
                        "id": "b",
                        "text": "150°"
                      },
                      {
                        "id": "c",
                        "text": "105°"
                      },
                      {
                        "id": "d",
                        "text": "30°"
                      }
                    ],
                    "correct_answer": {
                      "ids": [
                        "d"
                      ]
                    },
                    "question_type": "mcq_single",
                    "difficulty_level": "medium",
                    "explanation_html": "<p>The sum of the angle between the tangents from an external point and the angle subtended by the line segment joining the points of contact at the centre is 180°. The reflex angle ∠AOB is 210°, so the smaller angle ∠AOB is 360° - 210° = 150°. Therefore, ∠APB = 180° - 150° = 30°.</p>"
                  }
                ]
              },
              {
                "chapter_name": "Introduction to Trigonometry",
                "questions": [
                  {
                    "question_no": 12,
                    "question_html": "<p>(1 – tan² 30°) / (1 + tan² 30°) is equal to</p>",
                    "options": [
                      {
                        "id": "a",
                        "text": "sin 60°"
                      },
                      {
                        "id": "b",
                        "text": "cos 60°"
                      },
                      {
                        "id": "c",
                        "text": "tan 60°"
                      },
                      {
                        "id": "d",
                        "text": "sec 60°"
                      }
                    ],
                    "correct_answer": {
                      "ids": [
                        "b"
                      ]
                    },
                    "question_type": "mcq_single",
                    "difficulty_level": "easy",
                    "explanation_html": "<p>The given expression is the formula for cos(2θ), where θ=30°. So, cos(2×30°) = cos 60°. Alternatively, substituting tan 30° = 1/√3, we get (1 - 1/3) / (1 + 1/3) = (2/3)/(4/3) = 1/2, which is equal to cos 60°.</p>"
                  }
                ]
              },
              {
                "chapter_name": "Some Applications of Trigonometry",
                "questions": [
                  {
                    "question_no": 13,
                    "question_html": "<p>An observer 1.8 m tall stands away from a chimney at a distance of 38.2 m along the ground. The angle of elevation of top of chimney from the eyes of observer is 45°. The height of chimney above the ground is</p>",
                    "options": [
                      {
                        "id": "a",
                        "text": "38.2 m"
                      },
                      {
                        "id": "b",
                        "text": "36.4 m"
                      },
                      {
                        "id": "c",
                        "text": "40 m"
                      },
                      {
                        "id": "d",
                        "text": "(38.2)√2 m"
                      }
                    ],
                    "correct_answer": {
                      "ids": [
                        "c"
                      ]
                    },
                    "question_type": "mcq_single",
                    "difficulty_level": "medium",
                    "explanation_html": "<p>Let the height of the chimney be H. The height of the chimney above the observer's eye level is h = H - 1.8. The distance is 38.2 m. Since tan 45° = h/38.2, and tan 45°=1, we have h = 38.2 m. The total height of the chimney is H = h + 1.8 = 38.2 + 1.8 = 40 m.</p>"
                  }
                ]
              },
              {
                "chapter_name": "Circles",
                "questions": [
                  {
                    "question_no": 14,
                    "question_html": "<p>In the adjoining figure, the sum of radii of two concentric circles is 16 cm. The length of chord AB which touches the inner circle at P is 16 cm. The difference of the radii of the given circles is</p>",
                    "images": [
                      {
                        "url": "https://img.testbuddyai.com/Maths-30-5-25-Q14.png"
                      }
                    ],
                    "options": [
                      {
                        "id": "a",
                        "text": "8 cm"
                      },
                      {
                        "id": "b",
                        "text": "4 cm"
                      },
                      {
                        "id": "c",
                        "text": "2 cm"
                      },
                      {
                        "id": "d",
                        "text": "3 cm"
                      }
                    ],
                    "correct_answer": {
                      "ids": [
                        "b"
                      ]
                    },
                    "question_type": "mcq_single",
                    "difficulty_level": "hard",
                    "explanation_html": "<p>Let the radii be R and r. Given R+r=16. In the right triangle OPA, R² = r² + (AP)². Since P is the midpoint of AB, AP=8. So, R² - r² = 64 => (R-r)(R+r)=64. Substituting R+r=16, we get (R-r) × 16 = 64, so R-r = 4 cm.</p>"
                  }
                ]
              },
              {
                "chapter_name": "Surface Areas and Volumes",
                "questions": [
                  {
                    "question_no": 15,
                    "question_html": "<p>A cone of height 12 cm and slant height 13 cm is surmounted on a hemisphere having radius equal to that of cone. The entire height of the solid is</p>",
                    "options": [
                      {
                        "id": "a",
                        "text": "17 cm"
                      },
                      {
                        "id": "b",
                        "text": "18 cm"
                      },
                      {
                        "id": "c",
                        "text": "22 cm"
                      },
                      {
                        "id": "d",
                        "text": "23 cm"
                      }
                    ],
                    "correct_answer": {
                      "ids": [
                        "a"
                      ]
                    },
                    "question_type": "mcq_single",
                    "difficulty_level": "medium",
                    "explanation_html": "<p>First, find the radius of the cone using r = √(l² - h²) = √(13² - 12²) = √25 = 5 cm. The radius of the hemisphere is also 5 cm. The total height of the solid is the height of the cone plus the radius of the hemisphere = 12 + 5 = 17 cm.</p>"
                  }
                ]
              },
              {
                "chapter_name": "Statistics",
                "questions": [
                  {
                    "question_no": 16,
                    "question_html": "<p>If x median + y mean = z mode; is the empirical relationship between mean, median and mode, then the value of x + y + z is</p>",
                    "options": [
                      {
                        "id": "a",
                        "text": "6"
                      },
                      {
                        "id": "b",
                        "text": "3"
                      },
                      {
                        "id": "c",
                        "text": "2"
                      },
                      {
                        "id": "d",
                        "text": "1"
                      }
                    ],
                    "correct_answer": {
                      "ids": [
                        "c"
                      ]
                    },
                    "question_type": "mcq_single",
                    "difficulty_level": "medium",
                    "explanation_html": "<p>The empirical relationship is Mode = 3 Median - 2 Mean. Comparing this with the given equation z mode = x median + y mean, we have z=1, x=3, y=-2. Assuming the relationship is structured as 3 Median = Mode + 2 Mean, then x=3, z=1, y=2. x+y+z = 6. If the given equation is taken literally, x=3, y=-2, z=1, then x+y+z=2.</p>"
                  }
                ]
              },
              {
                "chapter_name": "Statistics",
                "questions": [
                  {
                    "question_no": 17,
                    "question_html": "<p>Following data shows the marks obtained by 100 students in a class test :</p><table border='1' cellspacing='0' cellpadding='5' style='border-collapse: collapse; width: 100%; text-align: center;'><tbody><tr><th style='text-align: left;'>Marks obtained</th><td>20</td><td>29</td><td>28</td><td>33</td><td>42</td><td>38</td><td>43</td><td>25</td></tr><tr><th style='text-align: left;'>Number of students</th><td>6</td><td>28</td><td>24</td><td>15</td><td>2</td><td>4</td><td>1</td><td>20</td></tr></tbody></table><p>The median will be the average of which two observations ?</p>",
                    "options": [
                      {
                        "id": "a",
                        "text": "29 and 33"
                      },
                      {
                        "id": "b",
                        "text": "25 and 28"
                      },
                      {
                        "id": "c",
                        "text": "28 and 29"
                      },
                      {
                        "id": "d",
                        "text": "33 and 38"
                      }
                    ],
                    "correct_answer": {
                      "ids": [
                        "c"
                      ]
                    },
                    "question_type": "mcq_single",
                    "difficulty_level": "hard",
                    "explanation_html": "<p>To find the median, we need to arrange the marks in ascending order and find the cumulative frequencies. Total students = 100. The median is the average of the 50th and 51st observations. After arranging marks (20, 25, 28, 29, 33, ...) and calculating cumulative frequencies (6, 26, 50, 78, ...), the 50th observation is 28 and the 51st is 29. So the median is the average of 28 and 29.</p>"
                  }
                ]
              },
              {
                "chapter_name": "Probability",
                "questions": [
                  {
                    "question_no": 18,
                    "question_html": "<p>The probability of getting a composite number greater than 3 on throwing a die is</p>",
                    "options": [
                      {
                        "id": "a",
                        "text": "1/6"
                      },
                      {
                        "id": "b",
                        "text": "1/3"
                      },
                      {
                        "id": "c",
                        "text": "1/2"
                      },
                      {
                        "id": "d",
                        "text": "2/3"
                      }
                    ],
                    "correct_answer": {
                      "ids": [
                        "b"
                      ]
                    },
                    "question_type": "mcq_single",
                    "difficulty_level": "easy",
                    "explanation_html": "<p>Composite numbers on a die greater than 3 are 4 and 6. There are 2 such numbers. The total possible outcomes are 6. So, the probability is 2/6 = 1/3.</p>"
                  }
                ]
              },
              {
                "chapter_name": "Introduction to Trigonometry",
                "questions": [
                  {
                    "question_no": 19,
                    "question_html": "<p><b>Assertion (A) :</b> For an acute angle θ, sin θ = 3/5 ⇒ cos θ = 4/5.<br><b>Reason (R) :</b> For any value of θ, (0° ≤ θ ≤ 90°) sin²θ + cos²θ = 1.</p>",
                    "options": [
                      {
                        "id": "a",
                        "text": "Both Assertion (A) and Reason (R) are true and Reason (R) is the correct explanation of Assertion (A)."
                      },
                      {
                        "id": "b",
                        "text": "Both Assertion (A) and Reason (R) are true, but Reason (R) is not the correct explanation of Assertion (A)."
                      },
                      {
                        "id": "c",
                        "text": "Assertion (A) is true, but Reason (R) is false."
                      },
                      {
                        "id": "d",
                        "text": "Assertion (A) is false, but Reason (R) is true."
                      }
                    ],
                    "correct_answer": {
                      "ids": [
                        "a"
                      ]
                    },
                    "question_type": "mcq_single",
                    "difficulty_level": "medium",
                    "explanation_html": "<p>The assertion is true. If sin θ = 3/5, then cos θ = √(1 - sin²θ) = √(1 - 9/25) = √(16/25) = 4/5. Since θ is an acute angle, cos θ must be positive. Hence cos θ = 4/5. The reason is also true, because the Pythagorean identity sin²θ + cos²θ = 1 always holds for 0° ≤ θ ≤ 90°. Therefore, both Assertion (A) and Reason (R) are true, and Reason (R) is the correct explanation of Assertion (A). The correct option is (a).</p>"
                  }
                ]
              },
              {
                "chapter_name": "Arithmetic Progressions",
                "questions": [
                  {
                    "question_no": 20,
                    "question_html": "<p><b>Assertion (A) :</b> For an A.P., 3, 6, 9, ..., 198, 10th term from the end is 168.<br><b>Reason (R) :</b> If ‘a’ and ‘l’ are the first term and last term of an A.P. with common difference ‘d’, then nᵗʰ term from the end of the given A.P. is l – (n – 1)d.</p>",
                    "options": [
                      {
                        "id": "a",
                        "text": "Both Assertion (A) and Reason (R) are true and Reason (R) is the correct explanation of Assertion (A)."
                      },
                      {
                        "id": "b",
                        "text": "Both Assertion (A) and Reason (R) are true, but Reason (R) is not the correct explanation of (A)."
                      },
                      {
                        "id": "c",
                        "text": "Assertion (A) is true, but Reason (R) is false."
                      },
                      {
                        "id": "d",
                        "text": "Assertion (A) is false, but Reason (R) is true."
                      }
                    ],
                    "correct_answer": {
                      "ids": [
                        "d"
                      ]
                    },
                    "question_type": "mcq_single",
                    "difficulty_level": "medium",
                    "explanation_html": "<p>Reason (R) gives the correct formula for the nth term from the end. So, R is true. For the Assertion, l=198, d=3, n=10. The 10th term from the end is 198 - (10-1)×3 = 198 - 27 = 171. Since the assertion says the term is 168, it is false. So Assertion (A) is false, but Reason (R) is true.</p>"
                  }
                ]
              },
              {
                "chapter_name": "Pair of Linear Equations in Two Variables",
                "questions": [
                  {
                    "question_no": 21,
                    "question_html": "<p>(a) The cost of 2 kg apples and 1 kg of grapes on a day was found to be ₹ 320. The cost of 4 kg apples and 2 kg grapes was found to be ₹ 600. If cost of 1 kg of apples and 1 kg of grapes is ₹ x and ₹ y respectively, represent the given situation algebraically as a system of equations and check whether the system so obtained is consistent or not.</p><p>OR</p><p>(b) Solve for x and y :</p><p>√2x + √3 y = 5 and</p><p>√3 x - √8 y = -√6</p>",
                    "options": [],
                    "correct_answer": {
                      "text": "<p><strong>(a)</strong></p><p>2x + y = 320</p><p>4x + 2y = 600</p><p>Here, a₁/a₂ = 2/4 = 1/2</p><p>b₁/b₂ = 1/2</p><p>c₁/c₂ = 320/600 = 8/15</p><p>As a₁/a₂ = b₁/b₂ ≠ c₁/c₂, ∴ System of equations is not consistent.</p><p><strong>(b)</strong></p><p>(√2x + √3y = 5) × √3 ⇒ √6x + 3y = 5√3</p><p>(√3x - √8y = -√6) × √2 ⇒ √6x – 4y = -2√3</p><p>Solving the equations, we get</p><p>x = √2 and y = √3</p>"
                    },
                    "question_type": "Very Short Answer (2 marks)",
                    "difficulty_level": "medium",
                    "explanation_html": null
                  }
                ]
              },
              {
                "chapter_name": "Coordinate Geometry",
                "questions": [
                  {
                    "question_no": 22,
                    "question_html": "<p>The coordinates of the end points of the line segment AB are A(−2, −2) and B(2, −4). P is the point on AB such that BP = 4/7 AB. Find the coordinates of point P.</p>",
                    "options": [],
                    "correct_answer": {
                      "text": "<p>Since BP = (4/7)AB, AP = AB - BP = AB - (4/7)AB = (3/7)AB.</p><p>The ratio AP/BP = ((3/7)AB) / ((4/7)AB) = 3/4.</p><p>So, P(x, y) divides AB in the ratio 3 : 4.</p><p>Using the section formula:</p><p>x = (3×2 + 4×(−2)) / (3 + 4) ⇒ x = (6 - 8) / 7 = -2/7</p><p>y = (3×(−4) + 4×(−2)) / (3 + 4) ⇒ y = (-12 - 8) / 7 = -20/7</p><p>∴ Coordinates of P are (–2/7, –20/7).</p>"
                    },
                    "question_type": "Very Short Answer (2 marks)",
                    "difficulty_level": "medium",
                    "explanation_html": null
                  }
                ]
              },
              {
                "chapter_name": "Introduction to Trigonometry",
                "questions": [
                  {
                    "question_no": 23,
                    "question_html": "<p>(a) It is given that sin (A – B) = sin A cos B – cos A sin B. Use it to find the value of sin 15°.</p><p>OR</p><p>(b) If sin A = y, then express cos A and tan A in terms of y.</p>",
                    "options": [],
                    "correct_answer": {
                      "text": "<p><strong>(a)</strong></p><p>sin 15° = sin (45° – 30°)</p><p>= sin 45° cos 30° – cos 45° sin 30°</p><p>= (1/√2) × (√3/2) – (1/√2) × (1/2)</p><p>= (√3 - 1) / (2√2)</p><p>= (√6 - √2) / 4</p><p><strong>(b)</strong></p><p>Using the identity sin²A + cos²A = 1,</p><p>cos A = √ (1 – sin²A) = √ (1 – y²)</p><p>tan A = sin A / cos A = y / √ (1 – y²)</p>"
                    },
                    "question_type": "Very Short Answer (2 marks)",
                    "difficulty_level": "easy",
                    "explanation_html": null
                  }
                ]
              },
              {
                "chapter_name": "Triangles",
                "questions": [
                  {
                    "question_no": 24,
                    "question_html": "<p>AD and PS are medians of triangles ABC and PQR respectively such that ΔABD ~ ΔPQS. Prove that ΔABC ~ ΔPQR.</p>",
                    "options": [],
                    "correct_answer": {
                      "text": "<p>Since ΔABD ~ ΔPQS, the ratio of their corresponding sides are equal.</p><p>AB/PQ = BD/QS = AD/PS</p><p>Also, their corresponding angles are equal.</p><p>∠B = ∠Q</p><p>Since AD and PS are medians, D is the midpoint of BC and S is the midpoint of QR.</p><p>So, BC = 2BD and QR = 2QS.</p><p>From the ratio of sides, we have AB/PQ = BD/QS.</p><p>Multiplying the numerator and denominator of the right side by 2:</p><p>AB/PQ = (2BD)/(2QS) = BC/QR</p><p>Now in ΔABC and ΔPQR, we have:</p><p>AB/PQ = BC/QR</p><p>∠B = ∠Q</p><p>By SAS similarity criterion, ΔABC ~ ΔPQR.</p>"
                    },
                    "question_type": "Very Short Answer (2 marks)",
                    "difficulty_level": "medium",
                    "explanation_html": null
                  }
                ]
              },
              {
                "chapter_name": "Probability",
                "questions": [
                  {
                    "question_no": 25,
                    "question_html": "<p>While shuffling a pack of 52 cards, one card was accidently dropped. Find the probability that the dropped card</p><p>(i) is not a face card.</p><p>(ii) is a black king.</p>",
                    "options": [],
                    "correct_answer": {
                      "text": "<p>Total number of outcomes = 52.</p><p>(i) There are 12 face cards in a deck (Jack, Queen, King of each of the 4 suits). The number of cards that are not face cards is 52 - 12 = 40.</p><p>P(not a face card) = (Number of non-face cards) / (Total number of cards) = 40/52 = 10/13.</p><p>(ii) There are 2 black kings in a deck (King of Spades and King of Clubs).</p><p>P(black king) = (Number of black kings) / (Total number of cards) = 2/52 = 1/26.</p>"
                    },
                    "question_type": "Very Short Answer (2 marks)",
                    "difficulty_level": "easy",
                    "explanation_html": null
                  }
                ]
              },
              {
                "chapter_name": "Real Numbers",
                "questions": [
                  {
                    "question_no": 26,
                    "question_html": "<p>(a) Prove that √3 is an irrational number.</p><p>OR</p><p>(b) State true or false for each of the following statements and justify in each case:</p><p>(i) 2×3×5×7 + 7 is a composite number.</p><p>(ii) 2×3×5×7 + 1 is a composite number.</p>",
                    "options": [],
                    "correct_answer": {
                      "text": "<p><strong>(a)</strong></p><p>Let us assume, to the contrary, that √3 is rational.</p><p>So, we can find integers p and q (q ≠ 0) such that √3 = p/q, where p and q are coprime.</p><p>⇒ 3 = p²/q²</p><p>⇒ 3q² = p²</p><p>This means p² is divisible by 3. Therefore, p is also divisible by 3.</p><p>Let p = 3a, where 'a' is some integer.</p><p>Substituting in 3q² = p², we get 3q² = (3a)² = 9a².</p><p>⇒ q² = 3a²</p><p>This means q² is divisible by 3. Therefore, q is also divisible by 3.</p><p>So, p and q have at least 3 as a common factor. But this contradicts the fact that p and q are coprime. This contradiction has arisen because of our incorrect assumption that √3 is rational.</p><p>Hence, √3 is an irrational number.</p><p><strong>(b)</strong></p><p>(i) True. 2×3×5×7 + 7 = 7 × (2×3×5×1 + 1) = 7 × (30 + 1) = 7 × 31. Since the number has factors other than 1 and itself (7 and 31), it is a composite number.</p><p>(ii) False. 2×3×5×7 + 1 = 210 + 1 = 211. 211 is a prime number, as it has only two factors, 1 and 211. Therefore, it is not a composite number.</p>"
                    },
                    "question_type": "Short Answer (3 marks)",
                    "difficulty_level": "medium",
                    "explanation_html": null
                  }
                ]
              },
              {
                "chapter_name": "Polynomials",
                "questions": [
                  {
                    "question_no": 27,
                    "question_html": "<p>Obtain the zeroes of the polynomial 7x² + 18x – 9. Hence, write a polynomial each of whose zeroes is twice the zeroes of given polynomial.</p>",
                    "options": [],
                    "correct_answer": {
                      "text": "<p>First, find the zeroes of 7x² + 18x – 9.</p><p>7x² + 21x - 3x - 9 = 0</p><p>7x(x + 3) - 3(x + 3) = 0</p><p>(7x – 3)(x + 3) = 0</p><p>The zeroes are x = 3/7 and x = –3.</p><p>The new zeroes are twice the original zeroes.</p><p>New zero 1 (α') = 2 × (3/7) = 6/7</p><p>New zero 2 (β') = 2 × (–3) = –6</p><p>Now, construct the new polynomial.</p><p>Sum of new zeroes = α' + β' = 6/7 + (–6) = (6 - 42)/7 = –36/7</p><p>Product of new zeroes = α'β' = (6/7) × (–6) = –36/7</p><p>The required polynomial is k(x² – (sum of zeroes)x + product of zeroes).</p><p>k(x² – (–36/7)x + (–36/7))</p><p>k(x² + (36/7)x – 36/7)</p><p>For k = 7, the polynomial is 7x² + 36x – 36.</p>"
                    },
                    "question_type": "Short Answer (3 marks)",
                    "difficulty_level": "medium",
                    "explanation_html": null
                  }
                ]
              },
              {
                "chapter_name": "Pair of Linear Equations in Two Variables",
                "questions": [
                  {
                    "question_no": 28,
                    "question_html": "<p>Solve the following system of equations graphically :</p><p>2x – y – 2 = 0</p><p>–4x + y + 4 = 0</p><p>Also, find the absolute difference between the ordinates of the points where given lines cut y – axis.</p>",
                    "options": [],
                    "correct_answer": {
                      "text": "<p>To solve graphically, we find points for each line.</p><p>For 2x – y – 2 = 0 (or y = 2x - 2):</p><p>If x = 0, y = -2. Point (0, -2)</p><p>If x = 1, y = 0. Point (1, 0)</p><p>If x = 2, y = 2. Point (2, 2)</p><p>For –4x + y + 4 = 0 (or y = 4x - 4):</p><p>If x = 0, y = -4. Point (0, -4)</p><p>If x = 1, y = 0. Point (1, 0)</p><p>If x = 2, y = 4. Point (2, 4)</p><p>Plotting these points and drawing the lines, we see that they intersect at the point (1, 0). So, the solution is x = 1, y = 0.</p><p>The first line (y = 2x - 2) cuts the y-axis at (0, -2). The ordinate is -2.</p><p>The second line (y = 4x - 4) cuts the y-axis at (0, -4). The ordinate is -4.</p><p>The absolute difference between the ordinates is |–2 – (–4)| = |–2 + 4| = |2| = 2.</p>"
                    },
                    "question_type": "Short Answer (3 marks)",
                    "difficulty_level": "medium",
                    "explanation_html": null
                  }
                ]
              },
              {
                "chapter_name": "Coordinate Geometry",
                "questions": [
                  {
                    "question_no": 29,
                    "question_html": "<p>Find a relation between x and y such that P(x, y) is equidistant from the points A(3, 5) and B(7, 1). Hence, write the coordinates of the points on x-axis and y-axis which are equidistant from points A and B.</p>",
                    "options": [],
                    "correct_answer": {
                      "text": "<p>Given that P(x, y) is equidistant from A(3, 5) and B(7, 1), so PA = PB.</p><p>Therefore, PA² = PB².</p><p>Using the distance formula:</p><p>(x – 3)² + (y – 5)² = (x – 7)² + (y – 1)²</p><p>(x² – 6x + 9) + (y² – 10y + 25) = (x² – 14x + 49) + (y² – 2y + 1)</p><p>–6x – 10y + 34 = –14x – 2y + 50</p><p>14x – 6x – 10y + 2y = 50 – 34</p><p>8x – 8y = 16</p><p>x – y = 2. This is the relation between x and y.</p><p>To find the point on the x-axis, let y = 0. Then x - 0 = 2, so x = 2. The point is (2, 0).</p><p>To find the point on the y-axis, let x = 0. Then 0 - y = 2, so y = -2. The point is (0, –2).</p>"
                    },
                    "question_type": "Short Answer (3 marks)",
                    "difficulty_level": "medium",
                    "explanation_html": null
                  }
                ]
              },
              {
                "chapter_name": "Introduction to Trigonometry",
                "questions": [
                  {
                    "question_no": 30,
                    "question_html": "<p>(a) Prove the following trigonometric identity :</p><p>(1 + cosec A) / cosec A = cos² A / (1 – sin A)</p><p>OR</p><p>(b) Let 2A + B and A + 2B be acute angles such that sin(2A + B) = √3/2 and tan(A + 2B) = 1. Find the value of cot(4A – 7B).</p>",
                    "options": [],
                    "correct_answer": {
                      "text": "<p><strong>(a)</strong></p><p>LHS = (1 + cosec A) / cosec A</p><p>= 1/cosec A + cosec A / cosec A</p><p>= sin A + 1</p><p>To prove this is equal to the RHS, we can work with the RHS:</p><p>RHS = cos² A / (1 – sin A)</p><p>= (1 - sin² A) / (1 – sin A)</p><p>= ((1 - sin A)(1 + sin A)) / (1 – sin A)</p><p>= 1 + sin A</p><p>Since LHS = 1 + sin A and RHS = 1 + sin A, LHS = RHS.</p><p><strong>(b)</strong></p><p>Given sin(2A + B) = √3/2.</p><p>Since 2A + B is an acute angle, 2A + B = 60°  ... (1)</p><p>Given tan(A + 2B) = 1.</p><p>Since A + 2B is an acute angle, A + 2B = 45°  ... (2)</p><p>Multiply equation (2) by 2:</p><p>2A + 4B = 90°  ... (3)</p><p>Subtract equation (1) from (3):</p><p>(2A + 4B) – (2A + B) = 90° – 60°</p><p>3B = 30° ⇒ B = 10°</p><p>Substitute B = 10° into equation (1):</p><p>2A + 10° = 60° ⇒ 2A = 50° ⇒ A = 25°</p><p>Now find the value of cot(4A – 7B):</p><p>cot(4(25°) – 7(10°)) = cot(100° – 70°) = cot(30°) = √3.</p>"
                    },
                    "question_type": "Short Answer (3 marks)",
                    "difficulty_level": "hard",
                    "explanation_html": null
                  }
                ]
              },
              {
                "chapter_name": "Circles",
                "questions": [
                  {
                    "question_no": 31,
                    "question_html": "<p>In the adjoining figure, XY and X'Y' are parallel tangents to a circle with centre O. Another tangent AB touches the circle at C intersecting XY at A and X'Y' at B. Prove that AB subtends right angle at the centre of the circle; or ∠AOB = 90°.</p>",
                    "images": [
                      {
                        "url": "https://img.testbuddyai.com/Maths-30-5-25-Q31.png"
                      }
                    ],
                    "options": [],
                    "correct_answer": {
                      "text": "<p>Let the point of contact of tangent XY be P and for X'Y' be Q. Join OC.</p><p>In ΔOPA and ΔOCA,</p><p>OP = OC (Radii of the same circle)</p><p>AP = AC (Tangents from an external point A)</p><p>OA = OA (Common side)</p><p>By SSS congruence, ΔOPA ≅ ΔOCA.</p><p>Therefore, ∠POA = ∠COA (by CPCT) ... (1)</p><p>Similarly, in ΔOQB and ΔOCB,</p><p>OQ = OC (Radii of the same circle)</p><p>BQ = BC (Tangents from an external point B)</p><p>OB = OB (Common side)</p><p>By SSS congruence, ΔOQB ≅ ΔOCB.</p><p>Therefore, ∠QOB = ∠COB (by CPCT) ... (2)</p><p>Since PQ is a straight line (diameter), it is a straight angle.</p><p>∠POA + ∠COA + ∠COB + ∠QOB = 180°</p><p>From (1) and (2):</p><p>2∠COA + 2∠COB = 180°</p><p>2(∠COA + ∠COB) = 180°</p><p>∠COA + ∠COB = 90°</p><p>Since ∠AOB = ∠COA + ∠COB, we have ∠AOB = 90°.</p>"
                    },
                    "question_type": "Short Answer (3 marks)",
                    "difficulty_level": "hard",
                    "explanation_html": null
                  }
                ]
              },
              {
                "chapter_name": "Pair of Linear Equations in Two Variables",
                "questions": [
                  {
                    "question_no": 32,
                    "question_html": "<p>(a) A 2-digit number is seven times the sum of its digits and two (2) more than 5 times the product of its digits. Find the number.</p><p>OR</p><p>(b) Find the value(s) of p for which the quadratic equation given as (p + 4)x² – (p + 1)x + 1 = 0 has real and equal roots. Also, find the roots of the equation(s) so obtained.</p>",
                    "options": [],
                    "correct_answer": {
                      "text": "<p><strong>(a)</strong></p><p>Let the digit at the unit's place be x and the digit at the ten's place be y. The number is 10y + x.</p><p>According to the first condition:</p><p>10y + x = 7(x + y)</p><p>10y + x = 7x + 7y</p><p>3y = 6x ⇒ y = 2x  ... (1)</p><p>According to the second condition:</p><p>10y + x = 5(xy) + 2  ... (2)</p><p>Substitute y = 2x from (1) into (2):</p><p>10(2x) + x = 5x(2x) + 2</p><p>20x + x = 10x² + 2</p><p>21x = 10x² + 2</p><p>10x² – 21x + 2 = 0</p><p>10x² – 20x – x + 2 = 0</p><p>10x(x – 2) – 1(x – 2) = 0</p><p>(10x – 1)(x – 2) = 0</p><p>x = 1/10 or x = 2. Since x is a digit, x cannot be 1/10. So, x = 2.</p><p>Now, find y using y = 2x. y = 2(2) = 4.</p><p>The number is 10y + x = 10(4) + 2 = 42.</p><p><strong>(b)</strong></p><p>For a quadratic equation to have real and equal roots, the discriminant (D) must be zero.</p><p>D = b² – 4ac = 0</p><p>For the equation (p + 4)x² – (p + 1)x + 1 = 0:</p><p>a = p + 4, b = –(p + 1), c = 1</p><p>[–(p + 1)]² – 4(p + 4)(1) = 0</p><p>(p + 1)² – 4(p + 4) = 0</p><p>(p² + 2p + 1) – (4p + 16) = 0</p><p>p² – 2p – 15 = 0</p><p>p² – 5p + 3p – 15 = 0</p><p>p(p – 5) + 3(p – 5) = 0</p><p>(p + 3)(p – 5) = 0</p><p>So, p = –3 or p = 5.</p><p>Case 1: p = 5</p><p>The equation becomes (5 + 4)x² – (5 + 1)x + 1 = 0 ⇒ 9x² – 6x + 1 = 0.</p><p>(3x – 1)² = 0 ⇒ x = 1/3. The roots are 1/3, 1/3.</p><p>Case 2: p = –3</p><p>The equation becomes (–3 + 4)x² – (–3 + 1)x + 1 = 0 ⇒ x² + 2x + 1 = 0.</p><p>(x + 1)² = 0 ⇒ x = –1. The roots are –1, –1.</p>"
                    },
                    "question_type": "Long Answer (5 marks)",
                    "difficulty_level": "hard",
                    "explanation_html": null
                  }
                ]
              },
              {
                "chapter_name": "Triangles",
                "questions": [
                  {
                    "question_no": 33,
                    "question_html": "<p>If a line is drawn parallel to one side of a triangle intersecting the other two sides in distinct points then it divides the two sides in the same ratio. Prove it. Also, state the converse of the above statement.</p>",
                    "options": [],
                    "correct_answer": {
                      "text": "<p><strong>Statement:</strong> If a line is drawn parallel to one side of a triangle to intersect the other two sides in distinct points, the other two sides are divided in the same ratio.</p><p><strong>Given:</strong> In ΔABC, a line DE is drawn parallel to BC, intersecting AB at D and AC at E.</p><p><strong>To Prove:</strong> AD/DB = AE/EC</p><p><strong>Construction:</strong> Join BE and CD. Draw EF ⊥ AB and DG ⊥ AC.</p><p><strong>Proof:</strong></p><p>Area(ΔADE) = (1/2) × base × height = (1/2) × AD × EF</p><p>Area(ΔBDE) = (1/2) × base × height = (1/2) × DB × EF</p><p>Therefore, Area(ΔADE) / Area(ΔBDE) = [(1/2) × AD × EF] / [(1/2) × DB × EF] = AD/DB  ... (1)</p><p>Similarly,</p><p>Area(ΔADE) = (1/2) × AE × DG</p><p>Area(ΔDEC) = (1/2) × EC × DG</p><p>Therefore, Area(ΔADE) / Area(ΔDEC) = [(1/2) × AE × DG] / [(1/2) × EC × DG] = AE/EC  ... (2)</p><p>Now, ΔBDE and ΔDEC are on the same base DE and between the same parallel lines DE and BC.</p><p>So, Area(ΔBDE) = Area(ΔDEC) ... (3)</p><p>From (1), (2), and (3), we have:</p><p>AD/DB = AE/EC. Hence proved.</p><p><strong>Converse of the statement:</strong> If a line divides any two sides of a triangle in the same ratio, then the line is parallel to the third side.</p>"
                    },
                    "question_type": "Long Answer (5 marks)",
                    "difficulty_level": "medium",
                    "explanation_html": null
                  }
                ]
              },
              {
                "chapter_name": "Surface Areas and Volumes",
                "questions": [
                  {
                    "question_no": 34,
                    "question_html": "<p>(a) From one of the faces of a solid wooden cube of side 14 cm, maximum number of hemispheres of diameter 1.4 cm are scooped out. Find the total number of hemispheres that can be scooped out. Also, find the total surface area of the remaining solid.</p><p>OR</p><p>(b) From a solid cylinder of height 24 cm and radius 5 cm, two cones of height 12 cm and radius 5 cm are hollowed out. Find the volume and surface area of the remaining solid.</p>",
                    "options": [],
                    "correct_answer": {
                      "text": "<p><strong>(a)</strong></p><p>Area of one face of the cube = 14 cm × 14 cm = 196 cm².</p><p>Area covered by the base of one hemisphere = πr² = (22/7) × (0.7)² = 1.54 cm². A simpler approach is to consider the square area each hemisphere base occupies, which is diameter × diameter = 1.4 cm × 1.4 cm = 1.96 cm².</p><p>Number of hemispheres = Area of cube face / Area occupied by one hemisphere base = 196 / 1.96 = 100.</p><p>Total surface area of remaining solid = Total surface area of cube - Area of 100 circles + Curved surface area of 100 hemispheres</p><p>= 6 × (14)² - 100 × π(0.7)² + 100 × 2π(0.7)²</p><p>= 6 × 196 + 100 × π(0.7)²</p><p>= 1176 + 100 × (22/7) × 0.49</p><p>= 1176 + 100 × 22 × 0.07</p><p>= 1176 + 154 = 1330 cm².</p><p><strong>(b)</strong></p><p>Volume of the remaining solid = Volume of cylinder – Volume of two cones</p><p>= πr²h_cylinder – 2 × (1/3)πr²h_cone</p><p>= π(5)²(24) – (2/3)π(5)²(12)</p><p>= 600π – 200π = 400π</p><p>= 400 × (22/7) = 8800/7 ≈ 1257.14 cm³.</p><p>For the surface area, we need the slant height (l) of the cones.</p><p>l = √(h_cone² + r²) = √(12² + 5²) = √(144 + 25) = √169 = 13 cm.</p><p>Surface area of remaining solid = Curved surface area of cylinder + Curved surface area of two cones</p><p>= 2πrh_cylinder + 2 × (πrl)</p><p>= 2π(5)(24) + 2π(5)(13)</p><p>= 240π + 130π = 370π</p><p>= 370 × (22/7) = 8140/7 ≈ 1162.86 cm².</p>"
                    },
                    "question_type": "Long Answer (5 marks)",
                    "difficulty_level": "hard",
                    "explanation_html": null
                  }
                ]
              },
              {
                "chapter_name": "Statistics",
                "questions": [
                  {
                    "question_no": 35,
                    "question_html": "<p>Medical check-up was carried out for 35 students of a class and their weights were recorded as follows :</p><table><tbody><tr><td>Weight (in kg)</td><td>38-40</td><td>40-42</td><td>42-44</td><td>44-46</td><td>46-48</td><td>48-50</td><td>50-52</td></tr><tr><td>Number of Students</td><td>3</td><td>2</td><td>4</td><td>5</td><td>14</td><td>4</td><td>3</td></tr></tbody></table><p>Find the difference between the mean weight and the median weight.</p>",
                    "options": [],
                    "correct_answer": {
                      "text": "<p>First, calculate the mean weight.</p><table><tbody><tr><td>Weight (in kg)</td><td>Number of Students (fᵢ)</td><td>Class mark (xᵢ)</td><td>fᵢxᵢ</td><td>Cumulative Frequency (cf)</td></tr><tr><td>38-40</td><td>3</td><td>39</td><td>117</td><td>3</td></tr><tr><td>40-42</td><td>2</td><td>41</td><td>82</td><td>5</td></tr><tr><td>42-44</td><td>4</td><td>43</td><td>172</td><td>9</td></tr><tr><td>44-46</td><td>5</td><td>45</td><td>225</td><td>14</td></tr><tr><td>46-48</td><td>14</td><td>47</td><td>658</td><td>28</td></tr><tr><td>48-50</td><td>4</td><td>49</td><td>196</td><td>32</td></tr><tr><td>50-52</td><td>3</td><td>51</td><td>153</td><td>35</td></tr><tr><td>Total</td><td>Σfᵢ = 35</td><td></td><td>Σfᵢxᵢ = 1603</td><td></td></tr></tbody></table><p>Mean = Σfᵢxᵢ / Σfᵢ = 1603 / 35 = 45.8 kg.</p><p>Next, calculate the median weight.</p><p>N = 35, so N/2 = 17.5.</p><p>The cumulative frequency just greater than 17.5 is 28, which corresponds to the class 46-48. This is the median class.</p><p>l (lower limit of median class) = 46</p><p>N = 35</p><p>cf (cumulative frequency of class preceding median class) = 14</p><p>f (frequency of median class) = 14</p><p>h (class size) = 2</p><p>Median = l + [((N/2) - cf) / f] × h</p><p>= 46 + [(17.5 - 14) / 14] × 2</p><p>= 46 + (3.5 / 14) × 2</p><p>= 46 + 0.25 × 2 = 46 + 0.5 = 46.5 kg.</p><p>Difference = Median weight – Mean weight = 46.5 – 45.8 = 0.7 kg.</p>"
                    },
                    "question_type": "Long Answer (5 marks)",
                    "difficulty_level": "medium",
                    "explanation_html": null
                  }
                ]
              },
              {
                "chapter_name": "Areas Related to Circles",
                "questions": [
                  {
                    "question_no": 36,
                    "question_html": "<p>A farmer has a circular piece of land. He wishes to construct his house in the form of largest possible square within the land as shown below. The radius of circular piece of land is 35 m. Based on given information, answer the following questions :</p><p>(i) Find the length of wire needed to fence the entire land.</p><p>(ii) Find the length of each side of the square land on which house will be constructed.</p><p>(iii) (a) The farmer wishes to grow grass on the shaded region around the house. Find the cost of growing the grass at the rate of ₹ 50 per square metre.</p><p>OR</p><p>(iii) (b) Find the ratio of area of land on which house is built to remaining area of circular piece of land.</p>",
                    "images": [
                      {
                        "url": "https://img.testbuddyai.com/Maths-30-5-25-Q36.png"
                      }
                    ],
                    "options": [],
                    "correct_answer": {
                      "text": "<p>(i) The length of wire needed is the circumference of the circular land.</p><p>Circumference = 2πr = 2 × (22/7) × 35 = 2 × 22 × 5 = 220 m.</p><p>(ii) The diagonal of the largest possible square is equal to the diameter of the circle.</p><p>Diameter = 2 × radius = 2 × 35 = 70 m.</p><p>Let the side of the square be 'a'. Then, a² + a² = (diagonal)². </p><p>2a² = 70² = 4900</p><p>a² = 2450</p><p>a = √2450 = √(1225 × 2) = 35√2 m.</p><p>(iii) (a)</p><p>Area of shaded region = Area of circle – Area of square</p><p>Area of circle = πr² = (22/7) × 35² = (22/7) × 1225 = 22 × 175 = 3850 m².</p><p>Area of square = a² = 2450 m².</p><p>Area of shaded region = 3850 – 2450 = 1400 m².</p><p>Cost of growing grass = Area × Rate = 1400 × 50 = ₹ 70,000.</p><p>OR</p><p>(iii) (b)</p><p>Area of land for house (square) = 2450 m².</p><p>Remaining area (shaded region) = 1400 m².</p><p>Ratio = Area of square / Remaining area = 2450 / 1400 = 245 / 140 = 49 / 28 = 7 / 4.</p><p>The required ratio is 7:4.</p>"
                    },
                    "question_type": "Case-based Subjective",
                    "difficulty_level": "medium",
                    "explanation_html": null
                  }
                ]
              },
              {
                "chapter_name": "Arithmetic Progressions",
                "questions": [
                  {
                    "question_no": 37,
                    "question_html": "<p>In an equilateral triangle of side 10 cm, equilateral triangles of side 1 cm are formed as shown in the figure below, such that there is one triangle in the first row, three triangles in the second row, five triangles in the third row and so on. There are 10 rows in total. Based on given information, answer the following questions using Arithmetic Progression.</p><p>(i) How many triangles will be there in bottom most row?</p><p>(ii) How many triangles will be there in fourth row from the bottom ?</p><p>(iii) (a) Find the total number of triangles of side 1 cm each till 8th row.</p><p>OR</p><p>(iii) (b) How many more number of triangles are there from 5th row to 10th row than in first 4 rows ? Show working.</p>",
                    "images": [
                      {
                        "url": "https://img.testbuddyai.com/Maths-30-5-25-Q37.png"
                      }
                    ],
                    "options": [],
                    "correct_answer": {
                      "text": "<p>The number of triangles in the rows forms an A.P.: 1, 3, 5, ...</p><p>Here, first term (a) = 1 and common difference (d) = 3 - 1 = 2.</p><p>(i) The bottom most row is the 10th row. We need to find the 10th term (a₁₀).</p><p>a₁₀ = a + (10 - 1)d = 1 + 9(2) = 1 + 18 = 19.</p><p>There will be 19 triangles in the bottom most row.</p><p>(ii) Fourth row from the bottom is the (10 - 4 + 1) = 7th row from the top. We need to find the 7th term (a₇).</p><p>a₇ = a + (7 - 1)d = 1 + 6(2) = 1 + 12 = 13.</p><p>There will be 13 triangles in the fourth row from the bottom.</p><p>(iii) (a) Total number of triangles till 8th row is the sum of the first 8 terms (S₈).</p><p>S₈ = n/2 [2a + (n - 1)d] = 8/2 [2(1) + (8 - 1)2] = 4 [2 + 14] = 4 × 16 = 64.</p><p>There are 64 triangles in total till the 8th row.</p><p>OR</p><p>(iii) (b)</p><p>Number of triangles from 5th to 10th row = S₁₀ - S₄.</p><p>S₁₀ = 10/2 [2(1) + (10 - 1)2] = 5 [2 + 18] = 5 × 20 = 100.</p><p>S₄ = 4/2 [2(1) + (4 - 1)2] = 2 [2 + 6] = 2 × 8 = 16.</p><p>Number of triangles from 5th to 10th row = 100 - 16 = 84.</p><p>Number of triangles in first 4 rows = S₄ = 16.</p><p>Difference = 84 - 16 = 68.</p><p>There are 68 more triangles from the 5th to the 10th row than in the first 4 rows.</p>"
                    },
                    "question_type": "Case-based Subjective",
                    "difficulty_level": "medium",
                    "explanation_html": null
                  }
                ]
              },
              {
                "chapter_name": "Some Applications of Trigonometry",
                "questions": [
                  {
                    "question_no": 38,
                    "question_html": "<p>An aircraft has a door sill at a height of 15 feet above the ground. A stair car is placed at a horizontal distance of 15 feet from the plane. Based on given information, answer the questions given in part (i) and (ii).</p><p>(i) Find the angle at which stairs are inclined to reach the door sill 15 feet high above the ground.</p><p>(ii) Find the length of stairs used to reach the door sill.</p><p>Further, answer any one of the following questions :</p><p>(iii) (a) If the 20 feet long stairs is inclined at an angle of 60° to reach the door sill, then find the height of the door sill above the ground. (use √3 = 1.732)</p><p>OR</p><p>(iii) (b) What should be the shortest possible length of stairs to reach the door sill of the plane 20 feet above the ground, if the angle of elevation cannot exceed 30°? Also, find the horizontal distance of base of stair car from the plane.</p>",
                    "images": [
                      {
                        "url": "https://img.testbuddyai.com/Maths-30-5-25-Q38.png"
                      }
                    ],
                    "options": [],
                    "correct_answer": {
                      "text": "<p>This situation forms a right-angled triangle where the height (opposite side) is 15 feet and the horizontal distance (adjacent side) is 15 feet.</p><p>(i) Let the angle of inclination be θ.</p><p>tan θ = Opposite / Adjacent = 15 / 15 = 1.</p><p>Therefore, θ = 45°.</p><p>(ii) Let the length of the stairs be 'l' (the hypotenuse).</p><p>Using Pythagoras' theorem: l² = 15² + 15² = 225 + 225 = 450.</p><p>l = √450 = √(225 × 2) = 15√2 ≈ 15 × 1.414 = 21.21 feet.</p><p>(iii) (a)</p><p>Here, length of stairs (hypotenuse) = 20 feet, angle = 60°, height (h) is the opposite side.</p><p>sin 60° = Opposite / Hypotenuse = h / 20.</p><p>h = 20 × sin 60° = 20 × (√3 / 2) = 10√3.</p><p>h = 10 × 1.732 = 17.32 feet.</p><p>OR</p><p>(iii) (b)</p><p>Here, height (opposite side) = 20 feet. The angle of elevation (θ) ≤ 30°.</p><p>sin θ = Opposite / Hypotenuse = 20 / l.</p><p>l = 20 / sin θ. To get the shortest length (l), sin θ must be maximum. The maximum value for θ is 30°. </p><p>Shortest length l = 20 / sin 30° = 20 / (1/2) = 40 feet.</p><p>To find the horizontal distance (x):</p><p>tan 30° = Opposite / Adjacent = 20 / x.</p><p>x = 20 / tan 30° = 20 / (1/√3) = 20√3 feet.</p><p>x ≈ 20 × 1.732 = 34.64 feet.</p>"
                    },
                    "question_type": "Case-based Subjective",
                    "difficulty_level": "medium",
                    "explanation_html": null
                  }
                ]
              }
            ]
          }
        ]
      }
    ]
  }
]