[
  {
    "exam_name_actual": "CBSE Board - Class 10",
    "main_exam_id_name_ref": "CBSE Board - Class 10",
    "years": [
      {
        "year": "2025",
        "papers_or_subjects": [
          {
            "paper_name": "CBSE Class 10 Mathematics (Basic) Paper 2025 (QP Code: 430/6/1)",
            "subject_name": "Mathematics",
            "chapters": [
              {
                "chapter_name": "Polynomials",
                "questions": [
                  {
                    "question_no": 1,
                    "question_html": "<p>In the given figure, graph of polynomial p(x) is shown. Number of zeroes of p(x) is</p>",
                    "images": [
                      {
                        "url": "https://img.testbuddyai.com/Maths-430-6-25-Q1.png"
                      }
                    ],
                    "options": [
                      {
                        "id": "a",
                        "text": "3"
                      },
                      {
                        "id": "b",
                        "text": "2"
                      },
                      {
                        "id": "c",
                        "text": "1"
                      },
                      {
                        "id": "d",
                        "text": "4"
                      }
                    ],
                    "correct_answer": {
                      "ids": [
                        "a"
                      ]
                    },
                    "question_type": "mcq_single",
                    "difficulty_level": "easy",
                    "explanation_html": "<p>The number of zeroes of a polynomial is the number of times its graph intersects the x-axis. In the given figure, the graph intersects the x-axis at 3 distinct points. Therefore, the number of zeroes of p(x) is 3.</p>"
                  }
                ]
              },
              {
                "chapter_name": "Arithmetic Progressions",
                "questions": [
                  {
                    "question_no": 2,
                    "question_html": "<p>22nd term of the A.P. : 3/2, 1/2, -1/2, -3/2 ........ is</p>",
                    "options": [
                      {
                        "id": "a",
                        "text": "45/2"
                      },
                      {
                        "id": "b",
                        "text": "-9"
                      },
                      {
                        "id": "c",
                        "text": "-39/2"
                      },
                      {
                        "id": "d",
                        "text": "-21"
                      }
                    ],
                    "correct_answer": {
                      "ids": [
                        "c"
                      ]
                    },
                    "question_type": "mcq_single",
                    "difficulty_level": "easy",
                    "explanation_html": "<p>The given A.P. is 3/2, 1/2, -1/2, -3/2, ...</p><p>First term (a) = 3/2</p><p>Common difference (d) = 1/2 - 3/2 = -2/2 = -1</p><p>The formula for the nth term is aₙ = a + (n-1)d.</p><p>For the 22nd term, n=22:</p><p>a₂₂ = 3/2 + (22-1)(-1)</p><p>a₂₂ = 3/2 + 21(-1) = 3/2 - 21</p><p>a₂₂ = (3 - 42)/2 = -39/2</p>"
                  }
                ]
              },
              {
                "chapter_name": "Pair of Linear Equations in Two Variables",
                "questions": [
                  {
                    "question_no": 3,
                    "question_html": "<p>The line 2x – 3y = 6 intersects x – axis at</p>",
                    "options": [
                      {
                        "id": "a",
                        "text": "(0, -2)"
                      },
                      {
                        "id": "b",
                        "text": "(0, 3)"
                      },
                      {
                        "id": "c",
                        "text": "(-2, 0)"
                      },
                      {
                        "id": "d",
                        "text": "(3, 0)"
                      }
                    ],
                    "correct_answer": {
                      "ids": [
                        "d"
                      ]
                    },
                    "question_type": "mcq_single",
                    "difficulty_level": "easy",
                    "explanation_html": "<p>A line intersects the x-axis at a point where the y-coordinate is 0.</p><p>Given the equation: 2x - 3y = 6</p><p>Substitute y = 0:</p><p>2x - 3(0) = 6</p><p>2x = 6</p><p>x = 3</p><p>So, the point of intersection with the x-axis is (3, 0).</p>"
                  }
                ]
              },
              {
                "chapter_name": "Surface Areas and Volumes",
                "questions": [
                  {
                    "question_no": 4,
                    "question_html": "<p>Two identical cones are joined as shown in the figure. If radius of base is 4 cm and slant height of the cone is 6 cm, then height of the solid is</p>",
                    "images": [
                      {
                        "url": "https://img.testbuddyai.com/Maths-430-6-25-Q4.png"
                      }
                    ],
                    "options": [
                      {
                        "id": "a",
                        "text": "8 cm"
                      },
                      {
                        "id": "b",
                        "text": "4√5 cm"
                      },
                      {
                        "id": "c",
                        "text": "2√5 cm"
                      },
                      {
                        "id": "d",
                        "text": "12 cm"
                      }
                    ],
                    "correct_answer": {
                      "ids": [
                        "b"
                      ]
                    },
                    "question_type": "mcq_single",
                    "difficulty_level": "medium",
                    "explanation_html": "<p>For a single cone, we are given radius (r) = 4 cm and slant height (l) = 6 cm.</p><p>The height (h) of the cone can be found using the Pythagorean theorem: l² = r² + h².</p><p>6² = 4² + h²</p><p>36 = 16 + h²</p><p>h² = 36 - 16 = 20</p><p>h = √20 = √(4 × 5) = 2√5 cm.</p><p>The solid is formed by joining two such identical cones base to base. The total height of the solid is the sum of the heights of the two cones.</p><p>Total height = h + h = 2√5 + 2√5 = 4√5 cm.</p>"
                  }
                ]
              },
              {
                "chapter_name": "Pair of Linear Equations in Two Variables",
                "questions": [
                  {
                    "question_no": 5,
                    "question_html": "<p>The value of k for which the system of equations 3x – 7y = 1 and kx + 14y = 6 is inconsistent, is</p>",
                    "options": [
                      {
                        "id": "a",
                        "text": "-6"
                      },
                      {
                        "id": "b",
                        "text": "2/3"
                      },
                      {
                        "id": "c",
                        "text": "6"
                      },
                      {
                        "id": "d",
                        "text": "-3/2"
                      }
                    ],
                    "correct_answer": {
                      "ids": [
                        "a"
                      ]
                    },
                    "question_type": "mcq_single",
                    "difficulty_level": "easy",
                    "explanation_html": "<p>For a system of linear equations a₁x + b₁y = c₁ and a₂x + b₂y = c₂ to be inconsistent (no solution), the condition is a₁/a₂ = b₁/b₂ ≠ c₁/c₂.</p><p>Given equations: 3x - 7y = 1 and kx + 14y = 6.</p><p>Here, a₁=3, b₁=-7, a₂=k, b₂=14.</p><p>3/k = -7/14</p><p>3/k = -1/2</p><p>k = 3 × (-2) = -6</p>"
                  }
                ]
              },
              {
                "chapter_name": "Probability",
                "questions": [
                  {
                    "question_no": 6,
                    "question_html": "<p>Two dice are rolled together. The probability of getting a sum more than 9 is</p>",
                    "options": [
                      {
                        "id": "a",
                        "text": "5/6"
                      },
                      {
                        "id": "b",
                        "text": "5/18"
                      },
                      {
                        "id": "c",
                        "text": "1/6"
                      },
                      {
                        "id": "d",
                        "text": "1/2"
                      }
                    ],
                    "correct_answer": {
                      "ids": [
                        "c"
                      ]
                    },
                    "question_type": "mcq_single",
                    "difficulty_level": "easy",
                    "explanation_html": "<p>When two dice are rolled, the total number of possible outcomes is 6 × 6 = 36.</p><p>A sum 'more than 9' means the sum can be 10, 11, or 12.</p><p>Outcomes for sum 10: (4,6), (5,5), (6,4) -> 3 outcomes</p><p>Outcomes for sum 11: (5,6), (6,5) -> 2 outcomes</p><p>Outcomes for sum 12: (6,6) -> 1 outcome</p><p>Total number of favorable outcomes = 3 + 2 + 1 = 6.</p><p>Probability = (Favorable Outcomes) / (Total Outcomes) = 6/36 = 1/6.</p>"
                  }
                ]
              },
              {
                "chapter_name": "Coordinate Geometry",
                "questions": [
                  {
                    "question_no": 7,
                    "question_html": "<p>ABCD is a rectangle with its vertices at (2, –2), (8, 4), (4, 8) and (–2, 2) taken in order. Length of its diagonal is</p>",
                    "options": [
                      {
                        "id": "a",
                        "text": "4√2"
                      },
                      {
                        "id": "b",
                        "text": "6√2"
                      },
                      {
                        "id": "c",
                        "text": "4√26"
                      },
                      {
                        "id": "d",
                        "text": "2√26"
                      }
                    ],
                    "correct_answer": {
                      "ids": [
                        "d"
                      ]
                    },
                    "question_type": "mcq_single",
                    "difficulty_level": "medium",
                    "explanation_html": "<p>Let the vertices be A(2, -2), B(8, 4), C(4, 8), and D(-2, 2).</p><p>The length of a diagonal can be found by calculating the distance between opposite vertices, for example, A and C.</p><p>Using the distance formula, D = √((x₂-x₁)² + (y₂-y₁)²).</p><p>Length of AC = √((4-2)² + (8 - (-2))²) = √(2² + 10²) = √(4 + 100) = √104.</p><p>√104 = √(4 × 26) = 2√26 units.</p>"
                  }
                ]
              },
              {
                "chapter_name": "Circles",
                "questions": [
                  {
                    "question_no": 8,
                    "question_html": "<p>In the given figure, PA is tangent to a circle with centre O. If ∠APO = 30° and OA = 2.5 cm, then OP is equal to</p>",
                    "images": [
                      {
                        "url": "https://img.testbuddyai.com/Maths-430-6-25-Q8.png"
                      }
                    ],
                    "options": [
                      {
                        "id": "a",
                        "text": "2.5 cm"
                      },
                      {
                        "id": "b",
                        "text": "5 cm"
                      },
                      {
                        "id": "c",
                        "text": "5/√3 cm"
                      },
                      {
                        "id": "d",
                        "text": "2 cm"
                      }
                    ],
                    "correct_answer": {
                      "ids": [
                        "b"
                      ]
                    },
                    "question_type": "mcq_single",
                    "difficulty_level": "easy",
                    "explanation_html": "<p>The radius (OA) is perpendicular to the tangent (PA) at the point of contact. Therefore, ΔOAP is a right-angled triangle with ∠OAP = 90°.</p><p>In right-angled ΔOAP:</p><p>sin(∠APO) = Opposite/Hypotenuse = OA/OP</p><p>sin(30°) = 2.5 / OP</p><p>1/2 = 2.5 / OP</p><p>OP = 2 × 2.5 = 5 cm.</p>"
                  }
                ]
              },
              {
                "chapter_name": "Probability",
                "questions": [
                  {
                    "question_no": 9,
                    "question_html": "<p>If probability of happening of an event is 57%, then probability of non-happening of the event is</p>",
                    "options": [
                      {
                        "id": "a",
                        "text": "0.43"
                      },
                      {
                        "id": "b",
                        "text": "0.57"
                      },
                      {
                        "id": "c",
                        "text": "53%"
                      },
                      {
                        "id": "d",
                        "text": "1/57"
                      }
                    ],
                    "correct_answer": {
                      "ids": [
                        "a"
                      ]
                    },
                    "question_type": "mcq_single",
                    "difficulty_level": "easy",
                    "explanation_html": "<p>The sum of the probabilities of an event happening and not happening is 1 (or 100%).</p><p>P(happening) = 57% = 0.57</p><p>P(non-happening) = 1 - P(happening)</p><p>P(non-happening) = 1 - 0.57 = 0.43</p>"
                  }
                ]
              },
              {
                "chapter_name": "Areas Related to Circles",
                "questions": [
                  {
                    "question_no": 10,
                    "question_html": "<p>OAB is sector of a circle with centre O and radius 7 cm. If length of arc AB = 22/3 cm, then ∠AOB is equal to</p>",
                    "options": [
                      {
                        "id": "a",
                        "text": "120/7 °"
                      },
                      {
                        "id": "b",
                        "text": "45°"
                      },
                      {
                        "id": "c",
                        "text": "60°"
                      },
                      {
                        "id": "d",
                        "text": "30°"
                      }
                    ],
                    "correct_answer": {
                      "ids": [
                        "c"
                      ]
                    },
                    "question_type": "mcq_single",
                    "difficulty_level": "medium",
                    "explanation_html": "<p>The formula for the length of an arc is L = (θ/360) × 2πr.</p><p>Given: L = 22/3 cm, r = 7 cm.</p><p>22/3 = (θ/360) × 2 × (22/7) × 7</p><p>22/3 = (θ/360) × 44</p><p>1/3 = (θ/360) × 2</p><p>1/6 = θ/360</p><p>θ = 360 / 6 = 60°.</p>"
                  }
                ]
              },
              {
                "chapter_name": "Triangles",
                "questions": [
                  {
                    "question_no": 11,
                    "question_html": "<p>In ΔABC, DE||BC. If AE = (2x + 1) cm, EC = 4 cm, AD = (x + 1) cm and DB = 3 cm, then value of x is</p>",
                    "images": [
                      {
                        "url": "https://img.testbuddyai.com/Maths-430-6-25-Q11.png"
                      }
                    ],
                    "options": [
                      {
                        "id": "a",
                        "text": "1"
                      },
                      {
                        "id": "b",
                        "text": "1/2"
                      },
                      {
                        "id": "c",
                        "text": "-1"
                      },
                      {
                        "id": "d",
                        "text": "1/3"
                      }
                    ],
                    "correct_answer": {
                      "ids": [
                        "b"
                      ]
                    },
                    "question_type": "mcq_single",
                    "difficulty_level": "easy",
                    "explanation_html": "<p>By the Basic Proportionality Theorem (Thales's Theorem), if a line is parallel to one side of a triangle, it divides the other two sides proportionally.</p><p>AD/DB = AE/EC</p><p>(x + 1)/3 = (2x + 1)/4</p><p>4(x + 1) = 3(2x + 1)</p><p>4x + 4 = 6x + 3</p><p>1 = 2x</p><p>x = 1/2</p>"
                  }
                ]
              },
              {
                "chapter_name": "Probability",
                "questions": [
                  {
                    "question_no": 12,
                    "question_html": "<p>Three coins are tossed together. The probability that exactly one coin shows head, is</p>",
                    "options": [
                      {
                        "id": "a",
                        "text": "1/8"
                      },
                      {
                        "id": "b",
                        "text": "1/4"
                      },
                      {
                        "id": "c",
                        "text": "1"
                      },
                      {
                        "id": "d",
                        "text": "3/8"
                      }
                    ],
                    "correct_answer": {
                      "ids": [
                        "d"
                      ]
                    },
                    "question_type": "mcq_single",
                    "difficulty_level": "easy",
                    "explanation_html": "<p>When three coins are tossed, the total possible outcomes are 2³ = 8.</p><p>The sample space is {HHH, HHT, HTH, THH, HTT, THT, TTH, TTT}.</p><p>The outcomes with exactly one head are {HTT, THT, TTH}.</p><p>Number of favorable outcomes = 3.</p><p>Probability = (Favorable Outcomes) / (Total Outcomes) = 3/8.</p>"
                  }
                ]
              },
              {
                "chapter_name": "Circles",
                "questions": [
                  {
                    "question_no": 13,
                    "question_html": "<p>In two concentric circles centred at O, a chord AB of the larger circle touches the smaller circle at C. If OA = 3.5 cm, OC = 2.1 cm, then AB is equal to</p>",
                    "images": [
                      {
                        "url": "https://img.testbuddyai.com/Maths-430-6-25-Q13.png"
                      }
                    ],
                    "options": [
                      {
                        "id": "a",
                        "text": "5.6 cm"
                      },
                      {
                        "id": "b",
                        "text": "2.8 cm"
                      },
                      {
                        "id": "c",
                        "text": "3.5 cm"
                      },
                      {
                        "id": "d",
                        "text": "4.2 cm"
                      }
                    ],
                    "correct_answer": {
                      "ids": [
                        "a"
                      ]
                    },
                    "question_type": "mcq_single",
                    "difficulty_level": "medium",
                    "explanation_html": "<p>In the right-angled triangle ΔOAC, OA is the hypotenuse (radius of the larger circle), and OC is one side (radius of the smaller circle). AC is the other side.</p><p>By Pythagoras theorem, OA² = OC² + AC².</p><p>(3.5)² = (2.1)² + AC²</p><p>12.25 = 4.41 + AC²</p><p>AC² = 12.25 - 4.41 = 7.84</p><p>AC = √7.84 = 2.8 cm.</p><p>The perpendicular from the center to a chord (OC to AB) bisects the chord. So, AB = 2 × AC.</p><p>AB = 2 × 2.8 = 5.6 cm.</p>"
                  }
                ]
              },
              {
                "chapter_name": "Introduction to Trigonometry",
                "questions": [
                  {
                    "question_no": 14,
                    "question_html": "<p>If √3 sin θ = cos θ, then value of θ is</p>",
                    "options": [
                      {
                        "id": "a",
                        "text": "√3"
                      },
                      {
                        "id": "b",
                        "text": "60°"
                      },
                      {
                        "id": "c",
                        "text": "1/√3"
                      },
                      {
                        "id": "d",
                        "text": "30°"
                      }
                    ],
                    "correct_answer": {
                      "ids": [
                        "d"
                      ]
                    },
                    "question_type": "mcq_single",
                    "difficulty_level": "easy",
                    "explanation_html": "<p>Given √3 sin θ = cos θ.</p><p>Divide both sides by cos θ (assuming cos θ ≠ 0):</p><p>√3 tan θ = 1</p><p>tan θ = 1/√3</p><p>The value of θ for which tan θ = 1/√3 is 30°.</p>"
                  }
                ]
              },
              {
                "chapter_name": "Statistics",
                "questions": [
                  {
                    "question_no": 15,
                    "question_html": "<p>To calculate mean of a grouped data, Rahul used assumed mean method. He used d = (x – A), where A is assumed mean. Then x̄ is equal to</p>",
                    "options": [
                      {
                        "id": "a",
                        "text": "A + d̄"
                      },
                      {
                        "id": "b",
                        "text": "A + hd̄"
                      },
                      {
                        "id": "c",
                        "text": "h(A + d̄)"
                      },
                      {
                        "id": "d",
                        "text": "A - hd̄"
                      }
                    ],
                    "correct_answer": {
                      "ids": [
                        "a"
                      ]
                    },
                    "question_type": "mcq_single",
                    "difficulty_level": "easy",
                    "explanation_html": "<p>The formula for the mean (x̄) using the assumed mean method is x̄ = A + d̄, where A is the assumed mean and d̄ is the mean of the deviations (d = x - A).</p><p>d̄ = (Σfᵢdᵢ) / (Σfᵢ)</p><p>The formula x̄ = A + hd̄ (often written as x̄ = A + (Σfᵢuᵢ/Σfᵢ)h) is used in the step-deviation method, not the assumed mean method where d = x-A.</p>"
                  }
                ]
              },
              {
                "chapter_name": "Arithmetic Progressions",
                "questions": [
                  {
                    "question_no": 16,
                    "question_html": "<p>If the sum of first n terms of an A.P. is given by Sₙ = (n/2)(3n + 1), then the first term of the A.P. is</p>",
                    "options": [
                      {
                        "id": "a",
                        "text": "2"
                      },
                      {
                        "id": "b",
                        "text": "3/2"
                      },
                      {
                        "id": "c",
                        "text": "4"
                      },
                      {
                        "id": "d",
                        "text": "5/2"
                      }
                    ],
                    "correct_answer": {
                      "ids": [
                        "a"
                      ]
                    },
                    "question_type": "mcq_single",
                    "difficulty_level": "easy",
                    "explanation_html": "<p>The first term (a₁) of an A.P. is equal to the sum of the first 1 term (S₁).</p><p>Given Sₙ = (n/2)(3n + 1).</p><p>Substitute n = 1:</p><p>S₁ = (1/2)(3(1) + 1) = (1/2)(4) = 2.</p><p>Therefore, the first term is 2.</p>"
                  }
                ]
              },
              {
                "chapter_name": "Triangles",
                "questions": [
                  {
                    "question_no": 17,
                    "question_html": "<p>In ΔABC, ∠B = 90°. If AB/AC = 1/2, then cos C is equal to</p>",
                    "options": [
                      {
                        "id": "a",
                        "text": "3/2"
                      },
                      {
                        "id": "b",
                        "text": "1/2"
                      },
                      {
                        "id": "c",
                        "text": "√3/2"
                      },
                      {
                        "id": "d",
                        "text": "1/√3"
                      }
                    ],
                    "correct_answer": {
                      "ids": [
                        "c"
                      ]
                    },
                    "question_type": "mcq_single",
                    "difficulty_level": "medium",
                    "explanation_html": "<p>In the right-angled triangle ΔABC, AB/AC represents the ratio of the side opposite to angle C (perpendicular) to the hypotenuse. This is the definition of sin C.</p><p>So, sin C = 1/2.</p><p>This implies that angle C = 30°.</p><p>We need to find cos C = cos 30°.</p><p>cos 30° = √3/2.</p>"
                  }
                ]
              },
              {
                "chapter_name": "Surface Areas and Volumes",
                "questions": [
                  {
                    "question_no": 18,
                    "question_html": "<p>The volume of air in a hollow cylinder is 450 cm³. A cone of same height and radius as that of cylinder is kept inside it. The volume of empty space in the cylinder is</p>",
                    "images": [
                      {
                        "url": "https://img.testbuddyai.com/Maths-430-6-25-Q18.png"
                      }
                    ],
                    "options": [
                      {
                        "id": "a",
                        "text": "225 cm³"
                      },
                      {
                        "id": "b",
                        "text": "150 cm³"
                      },
                      {
                        "id": "c",
                        "text": "250 cm³"
                      },
                      {
                        "id": "d",
                        "text": "300 cm³"
                      }
                    ],
                    "correct_answer": {
                      "ids": [
                        "d"
                      ]
                    },
                    "question_type": "mcq_single",
                    "difficulty_level": "medium",
                    "explanation_html": "<p>Let the radius be r and height be h.</p><p>Volume of cylinder = πr²h = 450 cm³.</p><p>Volume of cone with the same radius and height = (1/3)πr²h.</p><p>Volume of cone = (1/3) × (Volume of cylinder) = (1/3) × 450 = 150 cm³.</p><p>Volume of empty space = Volume of cylinder - Volume of cone</p><p>Volume of empty space = 450 - 150 = 300 cm³.</p>"
                  }
                ]
              },
              {
                "chapter_name": "Real Numbers",
                "questions": [
                  {
                    "question_no": 19,
                    "question_html": "<p><b>Assertion (A) :</b> (a + √b) · (a – √b) is a rational number, where a and b are positive integers.</p><p><b>Reason (R) :</b> Product of two irrationals is always rational.</p>",
                    "options": [
                      {
                        "id": "a",
                        "text": "Both Assertion (A) and Reason (R) are true and Reason (R) is correct explanation of Assertion (A)."
                      },
                      {
                        "id": "b",
                        "text": "Both Assertion (A) and Reason (R) are true, but Reason (R) is not correct explanation for Assertion (A)."
                      },
                      {
                        "id": "c",
                        "text": "Assertion (A) is true, but Reason (R) is false."
                      },
                      {
                        "id": "d",
                        "text": "Assertion (A) is false, but Reason (R) is true."
                      }
                    ],
                    "correct_answer": {
                      "ids": [
                        "c"
                      ]
                    },
                    "question_type": "mcq_single",
                    "difficulty_level": "medium",
                    "explanation_html": "<p><b>Assertion (A):</b> Using the algebraic identity (x+y)(x-y) = x²-y², we have (a + √b)(a – √b) = a² - (√b)² = a² - b. Since a and b are integers, a² - b is also an integer and therefore a rational number. So, Assertion (A) is true.</p><p><b>Reason (R):</b> The product of two irrational numbers is not always rational. For example, √2 and √3 are both irrational, but their product √6 is also irrational. However, √2 × √2 = 2, which is rational. The statement says it is *always* rational, which is false. So, Reason (R) is false.</p>"
                  }
                ]
              },
              {
                "chapter_name": "Triangles",
                "questions": [
                  {
                    "question_no": 20,
                    "question_html": "<p><b>Assertion (A) :</b> ΔABC ~ ΔPQR such that ∠A = 65°, ∠C = 60°. Hence ∠Q = 55°.</p><p><b>Reason (R) :</b> Sum of all angles of a triangle is 180°.</p>",
                    "options": [
                      {
                        "id": "a",
                        "text": "Both Assertion (A) and Reason (R) are true and Reason (R) is correct explanation of Assertion (A)."
                      },
                      {
                        "id": "b",
                        "text": "Both Assertion (A) and Reason (R) are true, but Reason (R) is not correct explanation for Assertion (A)."
                      },
                      {
                        "id": "c",
                        "text": "Assertion (A) is true, but Reason (R) is false."
                      },
                      {
                        "id": "d",
                        "text": "Assertion (A) is false, but Reason (R) is true."
                      }
                    ],
                    "correct_answer": {
                      "ids": [
                        "b"
                      ]
                    },
                    "question_type": "mcq_single",
                    "difficulty_level": "medium",
                    "explanation_html": "<p><b>Reason (R):</b> The sum of all angles in a triangle is indeed 180°. So, Reason (R) is true.</p><p><b>Assertion (A):</b> In ΔABC, ∠B = 180° - (∠A + ∠C) = 180° - (65° + 60°) = 180° - 125° = 55°. Since ΔABC ~ ΔPQR, their corresponding angles are equal. So, ∠P=∠A, ∠Q=∠B, and ∠R=∠C. Therefore, ∠Q = ∠B = 55°. So, Assertion (A) is true.</p><p>Both statements are true. However, Reason (R) is a general theorem. While it is used to find ∠B, the final conclusion about ∠Q also requires the property of similar triangles (that corresponding angles are equal). Thus, the reason alone does not fully explain the assertion. Hence, (B) is the correct option.</p>"
                  }
                ]
              },
              {
                "chapter_name": "Pair of Linear Equations in Two Variables",
                "questions": [
                  {
                    "question_no": 21,
                    "question_html": "<p>Solve the following system of linear equations</p><p>7x – 2y = 5 and 8x + 7y = 15 and verify your answer.</p>",
                    "options": [],
                    "correct_answer": {
                      "text": "<p>The given equations are:</p><p>7x - 2y = 5  ---(i)</p><p>8x + 7y = 15 ---(ii)</p><p>Multiplying equation (i) by 7 and equation (ii) by 2, we get:</p><p>49x - 14y = 35</p><p>16x + 14y = 30</p><p>Adding the two new equations:</p><p>65x = 65</p><p>x = 1</p><p>Substituting x = 1 into equation (i):</p><p>7(1) - 2y = 5</p><p>7 - 2y = 5</p><p>2y = 2</p><p>y = 1</p><p>So, the solution is x = 1, y = 1.</p><p><strong>Verification:</strong></p><p>Substituting x=1 and y=1 in equation (ii):</p><p>8(1) + 7(1) = 8 + 7 = 15, which is true.</p>"
                    },
                    "question_type": "Very Short Answer (2 marks)",
                    "difficulty_level": "Easy",
                    "explanation_html": null
                  }
                ]
              },
              {
                "chapter_name": "Probability",
                "questions": [
                  {
                    "question_no": 22,
                    "question_html": "<p>In a pack of 52 playing cards one card is lost. From the remaining cards, a card is drawn at random. Find the probability that the drawn card is queen of heart, if the lost card is a black card.</p>",
                    "options": [],
                    "correct_answer": {
                      "text": "<p>A standard pack has 52 cards. There are 26 red cards and 26 black cards.</p><p>It is given that the lost card is a black card. So, the number of remaining cards in the pack is 52 - 1 = 51.</p><p>Since the lost card was black, the queen of hearts (which is a red card) is still in the remaining pack.</p><p>The number of queen of hearts in the remaining pack is 1.</p><p>The probability of drawing the queen of heart is the ratio of the number of favorable outcomes to the total number of possible outcomes.</p><p>P(getting queen of heart) = 1 / 51.</p>"
                    },
                    "question_type": "Very Short Answer (2 marks)",
                    "difficulty_level": "Easy",
                    "explanation_html": null
                  }
                ]
              },
              {
                "chapter_name": "Introduction to Trigonometry",
                "questions": [
                  {
                    "question_no": 23,
                    "question_html": "<p>(A) Evaluate : 2√2 cos 45° sin 30° + 2√3 cos 30°</p><p><strong>OR</strong></p><p>(B) If A = 60° and B = 30°, verify that :</p><p>sin (A + B) = sin A cos B + cos A sin B</p>",
                    "options": [],
                    "correct_answer": {
                      "text": "<p><strong>(A)</strong></p><p>We need to evaluate 2√2 cos 45° sin 30° + 2√3 cos 30°.</p><p>We know the trigonometric values:</p><p>cos 45° = 1/√2</p><p>sin 30° = 1/2</p><p>cos 30° = √3/2</p><p>Substituting these values:</p><p>= 2√2 * (1/√2) * (1/2) + 2√3 * (√3/2)</p><p>= 2 * (1/2) + (2 * 3) / 2</p><p>= 1 + 3 = 4</p><p><strong>OR</strong></p><p><strong>(B)</strong></p><p>Given A = 60° and B = 30°.</p><p><strong>LHS (Left Hand Side):</strong></p><p>sin(A + B) = sin(60° + 30°) = sin(90°) = 1</p><p><strong>RHS (Right Hand Side):</strong></p><p>sin A cos B + cos A sin B = sin 60° cos 30° + cos 60° sin 30°</p><p>= (√3/2) * (√3/2) + (1/2) * (1/2)</p><p>= 3/4 + 1/4 = 4/4 = 1</p><p>Since LHS = RHS = 1, the identity is verified.</p>"
                    },
                    "question_type": "Very Short Answer (2 marks)",
                    "difficulty_level": "Medium",
                    "explanation_html": null
                  }
                ]
              },
              {
                "chapter_name": "Triangles",
                "questions": [
                  {
                    "question_no": 24,
                    "question_html": "<p>In the given figure, ABCD is a quadrilateral. Diagonal BD bisects ∠B and ∠D both.</p><p>Prove that :</p><p>(i) ΔABD ~ ΔCBD</p><p>(ii) AB = BC</p>",
                    "options": [],
                    "correct_answer": {
                      "text": "<p><strong>(i) To prove ΔABD ~ ΔCBD:</strong></p><p>In ΔABD and ΔCBD,</p><p>∠ABD = ∠CBD (Since BD bisects ∠B, given)</p><p>∠ADB = ∠CDB (Since BD bisects ∠D, given)</p><p>Since two angles of ΔABD are equal to two angles of ΔCBD, the third angles must also be equal. Therefore, by AAA similarity criterion, ΔABD ~ ΔCBD.</p><p>(Alternatively, using ASA congruence)</p><p>In ΔABD and ΔCBD,</p><p>∠ABD = ∠CBD (Given)</p><p>BD = BD (Common side)</p><p>∠ADB = ∠CDB (Given)</p><p>By ASA congruence rule, ΔABD ≅ ΔCBD.</p><p>Since congruent triangles are always similar, ΔABD ~ ΔCBD.</p><p><strong>(ii) To prove AB = BC:</strong></p><p>As we have proved above that ΔABD ≅ ΔCBD, we can use the property of corresponding parts of congruent triangles (CPCT).</p><p>Therefore, AB = BC (by CPCT).</p>"
                    },
                    "question_type": "Very Short Answer (2 marks)",
                    "difficulty_level": "Easy",
                    "explanation_html": null
                  }
                ]
              },
              {
                "chapter_name": "Real Numbers",
                "questions": [
                  {
                    "question_no": 25,
                    "question_html": "<p>(A) Prove that 5 – 2√3 is an irrational number. It is given that √3 is an irrational number.</p><p><strong>OR</strong></p><p>(B) Show that the number 5×11×17+3×11 is a composite number.</p>",
                    "options": [],
                    "correct_answer": {
                      "text": "<p><strong>(A)</strong></p><p>Let us assume, to the contrary, that 5 – 2√3 is a rational number.</p><p>Then, there exist co-prime integers 'a' and 'b' (b ≠ 0) such that:</p><p>5 – 2√3 = a/b</p><p>5 - a/b = 2√3</p><p>(5b - a)/b = 2√3</p><p>√3 = (5b - a) / 2b</p><p>Since 'a' and 'b' are integers, (5b - a) / 2b is a rational number.</p><p>This implies that √3 is a rational number.</p><p>But this contradicts the given fact that √3 is an irrational number.</p><p>This contradiction has arisen because of our incorrect assumption that 5 – 2√3 is rational.</p><p>Hence, 5 – 2√3 is an irrational number.</p><p><strong>OR</strong></p><p><strong>(B)</strong></p><p>A composite number is a positive integer that has at least one divisor other than 1 and itself.</p><p>The given number is 5 × 11 × 17 + 3 × 11.</p><p>We can take 11 as a common factor:</p><p>= 11 × (5 × 17 + 3)</p><p>= 11 × (85 + 3)</p><p>= 11 × 88</p><p>The number can be further factorized as 11 × 11 × 8.</p><p>Since the given number has factors other than 1 and itself (e.g., 11 and 88), it is a composite number.</p>"
                    },
                    "question_type": "Very Short Answer (2 marks)",
                    "difficulty_level": "Medium",
                    "explanation_html": null
                  }
                ]
              },
              {
                "chapter_name": "Coordinate Geometry",
                "questions": [
                  {
                    "question_no": 26,
                    "question_html": "<p>(A) Find the ratio in which the point (8/5, y) divides the line segment joining the points (1, 2) and (2, 3). Also, find the value of y.</p><p><strong>OR</strong></p><p>(B) ABCD is a rectangle formed by the points A(–1, –1), B(–1, 6), C(3, 6) and D(3, –1). P, Q, R and S are mid-points of sides AB, BC, CD and DA respectively. Show that diagonals of the quadrilateral PQRS bisect each other.</p>",
                    "options": [],
                    "correct_answer": {
                      "text": "<p><strong>(A)</strong></p><p>Let the required ratio be k : 1. The given points are (1, 2) and (2, 3), and the dividing point is (8/5, y).</p><p>Using the section formula for the x-coordinate:</p><p>x = (k*x₂ + 1*x₁) / (k + 1)</p><p>8/5 = (k*2 + 1*1) / (k + 1)</p><p>8(k + 1) = 5(2k + 1)</p><p>8k + 8 = 10k + 5</p><p>3 = 2k ⇒ k = 3/2</p><p>So, the ratio is 3:2.</p><p>Now, using the section formula for the y-coordinate:</p><p>y = (3*y₂ + 2*y₁) / (3 + 2)</p><p>y = (3*3 + 2*2) / 5</p><p>y = (9 + 4) / 5 = 13/5.</p><p><strong>OR</strong></p><p><strong>(B)</strong></p><p>First, find the coordinates of the midpoints P, Q, R, and S.</p><p>P = midpoint of AB = ((-1-1)/2, (-1+6)/2) = (-1, 5/2)</p><p>Q = midpoint of BC = ((-1+3)/2, (6+6)/2) = (1, 6)</p><p>R = midpoint of CD = ((3+3)/2, (6-1)/2) = (3, 5/2)</p><p>S = midpoint of DA = ((3-1)/2, (-1-1)/2) = (1, -1)</p><p>To show that the diagonals of PQRS bisect each other, we need to show that the midpoint of diagonal PR is the same as the midpoint of diagonal QS.</p><p>Midpoint of PR = ((-1+3)/2, (5/2 + 5/2)/2) = (2/2, 5/2) = (1, 5/2)</p><p>Midpoint of QS = ((1+1)/2, (6 - 1)/2) = (2/2, 5/2) = (1, 5/2)</p><p>Since the midpoints of both diagonals are the same, the diagonals of quadrilateral PQRS bisect each other.</p>"
                    },
                    "question_type": "Short Answer (3 marks)",
                    "difficulty_level": "Medium",
                    "explanation_html": null
                  }
                ]
              },
              {
                "chapter_name": "Real Numbers",
                "questions": [
                  {
                    "question_no": 27,
                    "question_html": "<p>In a teachers' workshop, the number of teachers teaching French, Hindi and English are 48, 80 and 144 respectively. Find the minimum number of rooms required if in each room the same number of teachers are seated and all of them are of the same subject.</p>",
                    "options": [],
                    "correct_answer": {
                      "text": "<p>To find the minimum number of rooms, we need to accommodate the maximum possible number of teachers of the same subject in each room. This maximum number must be a common factor of 48, 80, and 144. To maximize the number of teachers per room, we find the Highest Common Factor (HCF) of the number of teachers for each subject.</p><p>Prime factorization of the numbers:</p><p>48 = 2⁴ × 3</p><p>80 = 16 × 5 = 2⁴ × 5</p><p>144 = 12² = (2² × 3)² = 2⁴ × 3²</p><p>HCF(48, 80, 144) = 2⁴ = 16.</p><p>So, a maximum of 16 teachers can be seated in each room.</p><p>Now, we find the number of rooms required for each subject:</p><p>Number of rooms for French = 48 / 16 = 3</p><p>Number of rooms for Hindi = 80 / 16 = 5</p><p>Number of rooms for English = 144 / 16 = 9</p><p>Total minimum number of rooms required = 3 + 5 + 9 = 17.</p>"
                    },
                    "question_type": "Short Answer (3 marks)",
                    "difficulty_level": "Medium",
                    "explanation_html": null
                  }
                ]
              },
              {
                "chapter_name": "Introduction to Trigonometry",
                "questions": [
                  {
                    "question_no": 28,
                    "question_html": "<p>Prove that : tan θ / (1 – cot θ) + cot θ / (1 – tan θ) = 1 + sec θ cosec θ</p>",
                    "options": [],
                    "correct_answer": {
                      "text": "<p>LHS = tan θ / (1 – cot θ) + cot θ / (1 – tan θ)</p><p>Convert tan and cot into sin and cos:</p><p>= [sin θ/cos θ] / [1 - cos θ/sin θ] + [cos θ/sin θ] / [1 - sin θ/cos θ]</p><p>= [sin θ/cos θ] / [(sin θ - cos θ)/sin θ] + [cos θ/sin θ] / [(cos θ - sin θ)/cos θ]</p><p>= sin²θ / [cos θ(sin θ - cos θ)] + cos²θ / [sin θ(cos θ - sin θ)]</p><p>= sin²θ / [cos θ(sin θ - cos θ)] - cos²θ / [sin θ(sin θ - cos θ)]</p><p>Take (sin θ - cos θ) as a common denominator:</p><p>= [sin³θ - cos³θ] / [sin θ cos θ(sin θ - cos θ)]</p><p>Using the identity a³ - b³ = (a - b)(a² + ab + b²):</p><p>= [(sin θ - cos θ)(sin²θ + sin θ cos θ + cos²θ)] / [sin θ cos θ(sin θ - cos θ)]</p><p>Cancel out (sin θ - cos θ) and use sin²θ + cos²θ = 1:</p><p>= (1 + sin θ cos θ) / (sin θ cos θ)</p><p>= 1/(sin θ cos θ) + (sin θ cos θ)/(sin θ cos θ)</p><p>= sec θ cosec θ + 1 = RHS</p><p>Hence proved.</p>"
                    },
                    "question_type": "Short Answer (3 marks)",
                    "difficulty_level": "Hard",
                    "explanation_html": null
                  }
                ]
              },
              {
                "chapter_name": "Pair of Linear Equations in Two Variables",
                "questions": [
                  {
                    "question_no": 29,
                    "question_html": "<p>Three years ago, Rashmi was thrice as old as Nazma. Ten years later, Rashmi will be twice as old as Nazma. How old are Rashmi and Nazma now ?</p>",
                    "images": [
                      {
                        "url": "https://img.testbuddyai.com/Maths-430-6-25-Q29.png"
                      }
                    ],
                    "options": [],
                    "correct_answer": {
                      "text": "<p>Let the present age of Rashmi be 'x' years and the present age of Nazma be 'y' years.</p><p><strong>Condition 1: Three years ago</strong></p><p>Rashmi's age = x - 3</p><p>Nazma's age = y - 3</p><p>According to the question: x - 3 = 3(y - 3) ⇒ x - 3 = 3y - 9 ⇒ x - 3y = -6  ---(i)</p><p><strong>Condition 2: Ten years later</strong></p><p>Rashmi's age = x + 10</p><p>Nazma's age = y + 10</p><p>According to the question: x + 10 = 2(y + 10) ⇒ x + 10 = 2y + 20 ⇒ x - 2y = 10 ---(ii)</p><p>Now we solve the two linear equations. Subtract equation (i) from equation (ii):</p><p>(x - 2y) - (x - 3y) = 10 - (-6)</p><p>y = 16</p><p>Substitute the value of y in equation (ii):</p><p>x - 2(16) = 10</p><p>x - 32 = 10</p><p>x = 42</p><p>Therefore, Rashmi's present age is 42 years and Nazma's present age is 16 years.</p>"
                    },
                    "question_type": "Short Answer (3 marks)",
                    "difficulty_level": "Medium",
                    "explanation_html": null
                  }
                ]
              },
              {
                "chapter_name": "Circles",
                "questions": [
                  {
                    "question_no": 30,
                    "question_html": "<p>(A) In the given figure, AB is a diameter of the circle with centre O. AQ, BP and PQ are tangents to the circle. Prove that ∠POQ = 90°.</p><p><strong>OR</strong></p><p>(B) A circle with centre O and radius 8 cm is inscribed in a quadrilateral ABCD in which P, Q, R, S are the points of contact as shown. If AD is perpendicular to DC, BC = 30 cm and BS = 24 cm, then find the length DC.</p>",
                    "options": [],
                    "correct_answer": {
                      "text": "<p><strong>(A)</strong></p><p>Let the tangent PQ touch the circle at point R. Join OR.</p><p>In ΔOAQ and ΔORQ:</p><p>OA = OR (Radii of the same circle)</p><p>OQ = OQ (Common side)</p><p>AQ = RQ (Tangents from an external point Q are equal in length)</p><p>By SSS congruence, ΔOAQ ≅ ΔORQ. Therefore, ∠AOQ = ∠ROQ.</p><p>Similarly, in ΔOBP and ΔORP:</p><p>OB = OR (Radii of the same circle)</p><p>OP = OP (Common side)</p><p>BP = RP (Tangents from an external point P are equal in length)</p><p>By SSS congruence, ΔOBP ≅ ΔORP. Therefore, ∠BOP = ∠ROP.</p><p>Since AOB is a diameter, it is a straight line, so ∠AOB = 180°.</p><p>∠AOB = ∠AOQ + ∠ROQ + ∠ROP + ∠BOP = 180°</p><p>2∠ROQ + 2∠ROP = 180°</p><p>2(∠ROQ + ∠ROP) = 180°</p><p>∠POQ = 180°/2 = 90°. Hence proved.</p><p><strong>OR</strong></p><p><strong>(B)</strong></p><p>Given: BS = 24 cm. Since tangents from an external point to a circle are equal in length, BR = BS = 24 cm.</p><p>Given: BC = 30 cm. We can find CR: CR = BC - BR = 30 - 24 = 6 cm.</p><p>Also, CR = CQ (tangents from point C). So, CQ = 6 cm.</p><p>Given: AD ⊥ DC, which means ∠D = 90°. The circle is inscribed, so radius OQ ⊥ DC and radius OS ⊥ AD.</p><p>In quadrilateral OSDQ, ∠D = 90°, ∠OSD = 90°, ∠OQD = 90°. Thus, ∠SOQ = 90°. Also, OS = OQ = 8 cm (radii).</p><p>Therefore, OSDQ is a square with side 8 cm.</p><p>So, DQ = 8 cm.</p><p>The length of DC is the sum of DQ and QC.</p><p>DC = DQ + QC = 8 cm + 6 cm = 14 cm.</p>"
                    },
                    "question_type": "Short Answer (3 marks)",
                    "difficulty_level": "Hard",
                    "explanation_html": null
                  }
                ]
              },
              {
                "chapter_name": "Surface Areas and Volumes",
                "questions": [
                  {
                    "question_no": 31,
                    "question_html": "<p>The difference between the outer and inner radii of a hollow right circular cylinder of length 14 cm is 1 cm. If the volume of the metal used in making the cylinder is 176 cm³, find the outer and inner radii of the cylinder.</p>",
                    "options": [],
                    "correct_answer": {
                      "text": "<p>Let the outer radius be r₂ and the inner radius be r₁. The height (h) is 14 cm.</p><p>Given: r₂ - r₁ = 1 cm  ---(i)</p><p>The volume of the metal used is the volume of the hollow cylinder:</p><p>Volume = π(r₂² - r₁²)h</p><p>176 = (22/7) * (r₂ - r₁)(r₂ + r₁) * 14</p><p>Substitute the value of (r₂ - r₁) from (i):</p><p>176 = (22/7) * (1) * (r₂ + r₁) * 14</p><p>176 = 22 * (r₂ + r₁) * 2</p><p>176 = 44 * (r₂ + r₁)</p><p>r₂ + r₁ = 176 / 44 = 4  ---(ii)</p><p>Now we have a system of two linear equations:</p><p>r₂ - r₁ = 1</p><p>r₂ + r₁ = 4</p><p>Adding the two equations: 2r₂ = 5 ⇒ r₂ = 2.5 cm.</p><p>Substituting r₂ = 2.5 into equation (ii):</p><p>2.5 + r₁ = 4 ⇒ r₁ = 1.5 cm.</p><p>The outer radius is 2.5 cm and the inner radius is 1.5 cm.</p>"
                    },
                    "question_type": "Short Answer (3 marks)",
                    "difficulty_level": "Medium",
                    "explanation_html": null
                  }
                ]
              },
              {
                "chapter_name": "Areas Related to Circles",
                "questions": [
                  {
                    "question_no": 32,
                    "question_html": "<p>An arc of a circle of radius 21 cm subtends an angle of 60° at the centre. Find :</p><p>(i) the length of the arc.</p><p>(ii) the area of the minor segment of the circle made by the corresponding chord.</p>",
                    "options": [],
                    "correct_answer": {
                      "text": "<p>Given: radius (r) = 21 cm, angle (θ) = 60°.</p><p><strong>(i) Length of the arc:</strong></p><p>Length = (θ/360) * 2πr</p><p>= (60/360) * 2 * (22/7) * 21</p><p>= (1/6) * 2 * 22 * 3</p><p>= 22 cm.</p><p><strong>(ii) Area of the minor segment:</strong></p><p>Area of segment = Area of sector - Area of triangle formed by the chord and radii.</p><p>Area of sector = (θ/360) * πr²</p><p>= (60/360) * (22/7) * 21²</p><p>= (1/6) * (22/7) * 441</p><p>= (1/6) * 22 * 63 = 11 * 21 = 231 cm².</p><p>The triangle (ΔOAB) is an isosceles triangle with two sides equal to the radius (21 cm) and the angle between them is 60°. This makes it an equilateral triangle.</p><p>Area of equilateral triangle = (√3/4) * side²</p><p>= (√3/4) * 21²</p><p>= 441√3 / 4 cm².</p><p>Area of minor segment = (231 - 441√3 / 4) cm².</p>"
                    },
                    "question_type": "Long Answer (5 marks)",
                    "difficulty_level": "Medium",
                    "explanation_html": null
                  }
                ]
              },
              {
                "chapter_name": "Arithmetic Progressions",
                "questions": [
                  {
                    "question_no": 33,
                    "question_html": "<p>(A) The sum of first and eighth terms of an A.P. is 32 and their product is 60. Find the first term and common difference of the A.P. Hence, also find the sum of its first 20 terms.</p><p><strong>OR</strong></p><p>(B) In an A.P. of 40 terms, the sum of first 9 terms is 153 and the sum of last 6 terms is 687. Determine the first term and common difference of A.P. Also, find the sum of all the terms of the A.P.</p>",
                    "images": [
                      {
                        "url": "https://img.testbuddyai.com/Maths-430-6-25-Q33a.png"
                      },
                      {
                        "url": "https://img.testbuddyai.com/Maths-430-6-25-Q33b.png"
                      }
                    ],
                    "options": [],
                    "correct_answer": {
                      "text": "<p><strong>(A)</strong></p><p>Let the first term be 'a' and the common difference be 'd'.</p><p>Given: a₁ + a₈ = 32 ⇒ a + (a + 7d) = 32 ⇒ 2a + 7d = 32 ---(i)</p><p>Given: a₁ * a₈ = 60 ⇒ a(a + 7d) = 60 ---(ii)</p><p>From (i), a + 7d = 32 - a. Substitute this into (ii):</p><p>a(32 - a) = 60 ⇒ 32a - a² = 60 ⇒ a² - 32a + 60 = 0</p><p>Factoring the quadratic: (a - 30)(a - 2) = 0. So, a = 30 or a = 2.</p><p><strong>Case 1:</strong> If a = 2. Substitute into (i): 2(2) + 7d = 32 ⇒ 4 + 7d = 32 ⇒ 7d = 28 ⇒ d = 4.</p><p><strong>Case 2:</strong> If a = 30. Substitute into (i): 2(30) + 7d = 32 ⇒ 60 + 7d = 32 ⇒ 7d = -28 ⇒ d = -4.</p><p>Now find S₂₀ for both cases:</p><p>For a=2, d=4: S₂₀ = 20/2 [2(2) + (20-1)4] = 10[4 + 76] = 800.</p><p>For a=30, d=-4: S₂₀ = 20/2 [2(30) + (20-1)(-4)] = 10[60 - 76] = -160.</p><p><strong>OR</strong></p><p><strong>(B)</strong></p><p>Given n = 40. Sum of first 9 terms, S₉ = 153.</p><p>S₉ = 9/2 [2a + 8d] = 153 ⇒ 9(a + 4d) = 153 ⇒ a + 4d = 17 ---(i)</p><p>Sum of last 6 terms = S₄₀ - S₃₄ = 687. The last 6 terms are from a₃₅ to a₄₀.</p><p>Sum = 6/2 [a₃₅ + a₄₀] = 3[(a + 34d) + (a + 39d)] = 3(2a + 73d) = 687</p><p>2a + 73d = 229 ---(ii)</p><p>From (i), a = 17 - 4d. Substitute into (ii):</p><p>2(17 - 4d) + 73d = 229 ⇒ 34 - 8d + 73d = 229 ⇒ 65d = 195 ⇒ d = 3.</p><p>Substitute d=3 into (i): a + 4(3) = 17 ⇒ a = 5.</p><p>So, a = 5 and d = 3.</p><p>Sum of all 40 terms, S₄₀ = 40/2 [2(5) + (40-1)3] = 20[10 + 117] = 20(127) = 2540.</p>"
                    },
                    "question_type": "Long Answer (5 marks)",
                    "difficulty_level": "Hard",
                    "explanation_html": null
                  }
                ]
              },
              {
                "chapter_name": "Triangles",
                "questions": [
                  {
                    "question_no": 34,
                    "question_html": "<p>(A) If a line is drawn parallel to one side of a triangle to intersect the other two sides in distinct points, then prove that the other two sides are divided in the same ratio.</p><p><strong>OR</strong></p><p>(B) In the given figure PA, QB and RC are each perpendicular to AC. If AP = x, BQ = y and CR = z, then prove that 1/x + 1/z = 1/y.</p>",
                    "options": [],
                    "correct_answer": {
                      "text": "<p><strong>(A) This is the proof of the Basic Proportionality Theorem (Thales' Theorem).</strong></p><p><strong>Given:</strong> In ΔABC, a line DE is drawn parallel to BC, intersecting AB at D and AC at E.</p><p><strong>To Prove:</strong> AD/DB = AE/EC.</p><p><strong>Construction:</strong> Join BE and CD. Draw EM ⊥ AB and DN ⊥ AC.</p><p><strong>Proof:</strong></p><p>Area(ΔADE) = 1/2 × base × height = 1/2 × AD × EM.</p><p>Area(ΔBDE) = 1/2 × DB × EM.</p><p>Dividing the two areas: Area(ΔADE) / Area(ΔBDE) = (1/2 × AD × EM) / (1/2 × DB × EM) = AD/DB ---(i)</p><p>Similarly, Area(ΔADE) = 1/2 × AE × DN.</p><p>Area(ΔCDE) = 1/2 × EC × DN.</p><p>Dividing the two areas: Area(ΔADE) / Area(ΔCDE) = (1/2 × AE × DN) / (1/2 × EC × DN) = AE/EC ---(ii)</p><p>Now, ΔBDE and ΔCDE are on the same base DE and between the same parallel lines DE and BC. Therefore, Area(ΔBDE) = Area(ΔCDE).</p><p>From this, we can say that the denominators in (i) and (ii) are equal. Therefore, the fractions must be equal.</p><p>AD/DB = AE/EC. Hence proved.</p><p><strong>OR</strong></p><p><strong>(B)</strong></p><p>In ΔAPC, we have BQ || AP. By similarity (ΔCBQ ~ ΔCPA):</p><p>CB/CA = BQ/AP ⇒ CB/CA = y/x ---(i)</p><p>In ΔARC, we have BQ || RC. By similarity (ΔABQ ~ ΔARC):</p><p>AB/AC = BQ/RC ⇒ AB/AC = y/z ---(ii)</p><p>Adding equations (i) and (ii):</p><p>CB/CA + AB/AC = y/x + y/z</p><p>(CB + AB) / CA = y(1/x + 1/z)</p><p>Since CB + AB = CA:</p><p>CA/CA = y(1/x + 1/z)</p><p>1 = y(1/x + 1/z)</p><p>1/y = 1/x + 1/z. Hence proved.</p>"
                    },
                    "question_type": "Long Answer (5 marks)",
                    "difficulty_level": "Hard",
                    "explanation_html": null
                  }
                ]
              },
              {
                "chapter_name": "Some Applications of Trigonometry",
                "questions": [
                  {
                    "question_no": 35,
                    "question_html": "<p>A pole 6m high is fixed on the top of a tower. The angle of elevation of the top of the pole observed from a point P on the ground is 60° and the angle of depression of the point P from the top of the tower is 45°. Find the height of the tower and the distance of point P from the foot of the tower. (Use √3 = 1.73)</p>",
                    "options": [],
                    "correct_answer": {
                      "text": "<p>Let AB be the tower of height 'h' and BC be the pole of height 6m. Let P be the point of observation on the ground, and let the distance from the foot of the tower to P be 'x' (i.e., AP = x).</p><p>From the top of the tower (point B), the angle of depression to P is 45°. This means the angle of elevation from P to B is also 45° (∠APB = 45°).</p><p>In the right-angled ΔPAB:</p><p>tan(45°) = AB/AP = h/x</p><p>1 = h/x ⇒ h = x ---(i)</p><p>The angle of elevation of the top of the pole (point C) from point P is 60° (∠APC = 60°).</p><p>The total height AC = AB + BC = h + 6.</p><p>In the right-angled ΔPAC:</p><p>tan(60°) = AC/AP = (h + 6)/x</p><p>√3 = (h + 6)/x ---(ii)</p><p>Substitute x = h from (i) into (ii):</p><p>√3 = (h + 6)/h</p><p>h√3 = h + 6</p><p>h√3 - h = 6</p><p>h(√3 - 1) = 6</p><p>h = 6 / (√3 - 1)</p><p>To rationalize, multiply the numerator and denominator by (√3 + 1):</p><p>h = [6(√3 + 1)] / [(√3 - 1)(√3 + 1)] = [6(√3 + 1)] / (3 - 1) = 3(√3 + 1)</p><p>Using √3 = 1.73:</p><p>h = 3(1.73 + 1) = 3(2.73) = 8.19 m.</p><p>Since x = h, the distance of point P from the foot of the tower is also 8.19 m.</p>"
                    },
                    "question_type": "Long Answer (5 marks)",
                    "difficulty_level": "Hard",
                    "explanation_html": null
                  }
                ]
              },
              {
                "chapter_name": "Quadratic Equations",
                "questions": [
                  {
                    "question_no": 36,
                    "question_html": "<p><strong>Case Study</strong></p><p>A rectangular floor area can be completely tiled with 200 square tiles. If the side length of each tile is increased by 1 unit, it would take only 128 tiles to cover the floor.</p><p>(i) Assuming the original length of each side of a tile be x units, make a quadratic equation from the above information.</p><p>(ii) Write the corresponding quadratic equation in standard form.</p><p>(iii) (a) Find the value of x, the length of side of a tile by factorisation.</p><p><strong>OR</strong></p><p>(b) Solve the quadratic equation for x, using quadratic formula.</p>",
                    "images": [
                      {
                        "url": "https://img.testbuddyai.com/Maths-430-6-25-Q36.png"
                      }
                    ],
                    "options": [],
                    "correct_answer": {
                      "text": "<p>Let the total area of the floor be 'A'.</p><p><strong>(i)</strong></p><p>Let the original side length of a square tile be 'x' units. The area of one such tile is x².</p><p>With 200 tiles, the total floor area is A = 200x².</p><p>If the side length is increased by 1 unit, the new side length is (x + 1) and the area of one new tile is (x + 1)².</p><p>With 128 of these new tiles, the total area is A = 128(x + 1)².</p><p>Since the floor area is the same, we can equate the two expressions:</p><p>200x² = 128(x + 1)²</p><p><strong>(ii)</strong></p><p>To write the equation in standard form, first simplify it. Divide both sides by 8:</p><p>25x² = 16(x + 1)²</p><p>25x² = 16(x² + 2x + 1)</p><p>25x² = 16x² + 32x + 16</p><p>9x² - 32x - 16 = 0. This is the standard form.</p><p><strong>(iii) (a) Factorisation:</strong></p><p>9x² - 32x - 16 = 0</p><p>We need two numbers that multiply to 9*(-16) = -144 and add to -32. These numbers are -36 and 4.</p><p>9x² - 36x + 4x - 16 = 0</p><p>9x(x - 4) + 4(x - 4) = 0</p><p>(9x + 4)(x - 4) = 0</p><p>The solutions are x = -4/9 or x = 4. Since length cannot be negative, x = 4 units.</p><p><strong>OR</strong></p><p><strong>(b) Quadratic Formula:</strong></p><p>For the equation 9x² - 32x - 16 = 0, we have a=9, b=-32, c=-16.</p><p>x = [-b ± √(b² - 4ac)] / 2a</p><p>x = [32 ± √((-32)² - 4*9*(-16))] / (2*9)</p><p>x = [32 ± √(1024 + 576)] / 18</p><p>x = [32 ± √1600] / 18</p><p>x = [32 ± 40] / 18</p><p>Two possible solutions:</p><p>x = (32 + 40) / 18 = 72 / 18 = 4</p><p>x = (32 - 40) / 18 = -8 / 18 = -4/9</p><p>Since length must be positive, x = 4 units.</p>"
                    },
                    "question_type": "Case-based Subjective",
                    "difficulty_level": "Medium",
                    "explanation_html": null
                  }
                ]
              },
              {
                "chapter_name": "Statistics",
                "questions": [
                  {
                    "question_no": 37,
                    "question_html": "<p><strong>Case Study</strong></p><p>BINGO is game of chance. The host has 75 balls numbered 1 through 75... The table given below, shows the data of one such game where 48 balls were used before Tara said 'BINGO'.</p><table><thead><tr><th>Numbers announced</th><th>Number of times</th></tr></thead><tbody><tr><td>0-15</td><td>8</td></tr><tr><td>15-30</td><td>9</td></tr><tr><td>30-45</td><td>10</td></tr><tr><td>45-60</td><td>12</td></tr><tr><td>60-75</td><td>9</td></tr></tbody></table><p>Based on the above information, answer the following :</p><p>(i) Write the median class.</p><p>(ii) When first ball was picked up, what was the probability of calling out an even number ?</p><p>(iii) (a) Find median of the given data.</p><p><strong>OR</strong></p><p>(b) Find mode of the given data.</p>",
                    "images": [
                      {
                        "url": "https://img.testbuddyai.com/Maths-430-6-25-Q37.png"
                      }
                    ],
                    "options": [],
                    "correct_answer": {
                      "text": "<p><strong>(i) To find the median class:</strong></p><p>First, create a cumulative frequency table based on the 48 balls used.</p><table><thead><tr><th>Class</th><th>Frequency (f)</th><th>Cumulative Frequency (cf)</th></tr></thead><tbody><tr><td>0-15</td><td>8</td><td>8</td></tr><tr><td>15-30</td><td>9</td><td>17</td></tr><tr><td>30-45</td><td>10</td><td>27</td></tr><tr><td>45-60</td><td>12</td><td>39</td></tr><tr><td>60-75</td><td>9</td><td>48</td></tr></tbody></table><p>Total frequency N = 48. N/2 = 24. The cumulative frequency just greater than 24 is 27, which corresponds to the class 30-45. So, the median class is 30-45.</p><p><strong>(ii) Probability of an even number:</strong></p><p>This question refers to the start of the game when the host has all 75 balls. The numbers are 1 to 75.</p><p>Total possible outcomes = 75.</p><p>The even numbers are 2, 4, 6, ..., 74. The number of even numbers is 74/2 = 37.</p><p>Probability = (Number of even numbers) / (Total numbers) = 37/75.</p><p><strong>(iii) (a) Median of the given data (48 balls):</strong></p><p>From part (i), the median class is 30-45.</p><p>l=30, N/2=24, cf=17 (cf of the preceding class), f=10, h=15.</p><p>Median = l + [(N/2 - cf) / f] × h = 30 + [(24 - 17) / 10] × 15 = 30 + (7/10) × 15 = 30 + 10.5 = 40.5.</p><p><strong>OR</strong></p><p><strong>(b) Mode of the given data:</strong></p><p>The modal class is the class with the highest frequency, which is 45-60 (frequency = 12).</p><p>l=45, f₁=12 (frequency of modal class), f₀=10 (frequency of preceding class), f₂=9 (frequency of succeeding class), h=15.</p><p>Mode = l + [(f₁ - f₀) / (2f₁ - f₀ - f₂)] × h</p><p>= 45 + [(12 - 10) / (2*12 - 10 - 9)] × 15</p><p>= 45 + [2 / (24 - 19)] × 15</p><p>= 45 + (2/5) × 15 = 45 + 6 = 51.</p>"
                    },
                    "question_type": "Case-based Subjective",
                    "difficulty_level": "Medium",
                    "explanation_html": null
                  }
                ]
              },
              {
                "chapter_name": "Circles",
                "questions": [
                  {
                    "question_no": 38,
                    "question_html": "<p><strong>Case Study</strong></p><p>A backyard is in the shape of a triangle ABC with right angle at B. AB = 7 m and BC = 15 m. A circular pit was dug inside it such that it touches the walls AC, BC and AB at P, Q and R respectively such that AP = x m.</p><p>Based on the above information, answer the following questions :</p><p>(i) Find the length of AR in terms of x.</p><p>(ii) Write the type of quadrilateral BQOR.</p><p>(iii) (a) Find the length PC in terms of x and hence find the value of x.</p><p><strong>OR</strong></p><p>(b) Find x and hence find the radius r of circle.</p>",
                    "images": [
                      {
                        "url": "https://img.testbuddyai.com/Maths-430-6-25-Q38.png"
                      }
                    ],
                    "options": [],
                    "correct_answer": {
                      "text": "<p><strong>(i) Length of AR:</strong></p><p>Tangents drawn from an external point to a circle are equal in length. For point A, the tangents are AP and AR. Given AP = x, so AR = x m.</p><p><strong>(ii) Type of quadrilateral BQOR:</strong></p><p>The circle touches BC at Q and AB at R. So, OQ ⊥ BC and OR ⊥ AB. Given ∠B = 90°. In quadrilateral BQOR, ∠B = ∠BQO = ∠BRO = 90°. This means the fourth angle, ∠QOR, is also 90°. Also, adjacent sides OR and OQ are equal as they are radii of the same circle. A quadrilateral with all angles 90° and equal adjacent sides is a square.</p><p><strong>(iii) (a) and (b):</strong></p><p>From (i), AR = x. Since BQOR is a square, let its side be the radius 'r'. So, BR = BQ = r.</p><p>We have AB = AR + BR ⇒ 7 = x + r ⇒ r = 7 - x.</p><p>Also, BQ = r. We have BC = BQ + QC ⇒ 15 = r + QC ⇒ QC = 15 - r.</p><p>Tangents from point C are CQ and CP, so CP = CQ = 15 - r.</p><p>Substitute r = 7 - x into the expression for CP: CP = 15 - (7 - x) = 8 + x. This is the length of PC in terms of x.</p><p>The length of the hypotenuse AC is AP + PC = x + (8 + x) = 2x + 8.</p><p>Now, apply the Pythagorean theorem to the right-angled ΔABC:</p><p>AC² = AB² + BC²</p><p>(2x + 8)² = 7² + 15²</p><p>(2x + 8)² = 49 + 225 = 274</p><p>2x + 8 = √274</p><p>2x = √274 - 8</p><p>x = (√274 - 8) / 2 ≈ (16.55 - 8) / 2 ≈ 4.28 m.</p><p>Now find the radius r:</p><p>r = 7 - x = 7 - (√274 - 8) / 2 = (14 - (√274 - 8)) / 2 = (22 - √274) / 2 ≈ (22 - 16.55) / 2 ≈ 2.72 m.</p>"
                    },
                    "question_type": "Case-based Subjective",
                    "difficulty_level": "Hard",
                    "explanation_html": null
                  }
                ]
              }
            ]
          }
        ]
      }
    ]
  }
]