[
  {
    "exam_name_actual": "CBSE Board - Class 10",
    "main_exam_id_name_ref": "CBSE Board - Class 10",
    "years": [
      {
        "year": "2025",
        "papers_or_subjects": [
          {
            "paper_name": "CBSE Class 10 Mathematics (Basic) Paper 2025 (QP Code: 430/4/1)",
            "subject_name": "Mathematics",
            "chapters": [
              {
                "chapter_name": "Real Numbers",
                "questions": [
                  {
                    "question_no": 1,
                    "question_html": "<p>If HCF (x, 20) = 2 and LCM (x, 20) = 60, then value of x is :</p>",
                    "options": [
                      {
                        "id": "a",
                        "text": "3"
                      },
                      {
                        "id": "b",
                        "text": "6"
                      },
                      {
                        "id": "c",
                        "text": "20"
                      },
                      {
                        "id": "d",
                        "text": "10"
                      }
                    ],
                    "correct_answer": {
                      "ids": [
                        "b"
                      ]
                    },
                    "question_type": "mcq_single",
                    "difficulty_level": "easy",
                    "explanation_html": "<p>We know that for any two numbers, the product of the numbers is equal to the product of their HCF and LCM. So, x × 20 = HCF(x, 20) × LCM(x, 20). Substituting the given values, we get x × 20 = 2 × 60, which simplifies to 20x = 120. Dividing both sides by 20, we find x = 6.</p>"
                  }
                ]
              },
              {
                "chapter_name": "Coordinate Geometry",
                "questions": [
                  {
                    "question_no": 2,
                    "question_html": "<p>The distance between the points (– 6, 9) and (2, 7) is :</p>",
                    "options": [
                      {
                        "id": "a",
                        "text": "2√17"
                      },
                      {
                        "id": "b",
                        "text": "4√17"
                      },
                      {
                        "id": "c",
                        "text": "2√5"
                      },
                      {
                        "id": "d",
                        "text": "2√15"
                      }
                    ],
                    "correct_answer": {
                      "ids": [
                        "a"
                      ]
                    },
                    "question_type": "mcq_single",
                    "difficulty_level": "easy",
                    "explanation_html": "<p>Using the distance formula, d = √[(x₂ - x₁)² + (y₂ - y₁)²]. Let (x₁, y₁) = (-6, 9) and (x₂, y₂) = (2, 7). Substituting these values, we get d = √[(2 - (-6))² + (7 - 9)²] = √[(2 + 6)² + (-2)²] = √[8² + 4] = √[64 + 4] = √68. To simplify √68, we can factor it as √(4 × 17) = 2√17.</p>"
                  }
                ]
              },
              {
                "chapter_name": "Arithmetic Progressions",
                "questions": [
                  {
                    "question_no": 3,
                    "question_html": "<p>If nᵗʰ term of an A.P. is 5n – 6, then its common difference is :</p>",
                    "options": [
                      {
                        "id": "a",
                        "text": "-6"
                      },
                      {
                        "id": "b",
                        "text": "5n"
                      },
                      {
                        "id": "c",
                        "text": "5"
                      },
                      {
                        "id": "d",
                        "text": "6"
                      }
                    ],
                    "correct_answer": {
                      "ids": [
                        "c"
                      ]
                    },
                    "question_type": "mcq_single",
                    "difficulty_level": "easy",
                    "explanation_html": "<p>The common difference of an A.P. is the difference between any two consecutive terms. Let the nth term be aₙ = 5n - 6. The first term is a₁ = 5(1) - 6 = -1. The second term is a₂ = 5(2) - 6 = 10 - 6 = 4. The common difference (d) is a₂ - a₁ = 4 - (-1) = 5. Alternatively, for a linear expression representing the nth term, the common difference is the coefficient of n, which is 5.</p>"
                  }
                ]
              },
              {
                "chapter_name": "Polynomials",
                "questions": [
                  {
                    "question_no": 4,
                    "question_html": "<p>One of the zeroes of the polynomial p(x) = kx² - 9x + 3 is (–3/2). The value of k is :</p>",
                    "options": [
                      {
                        "id": "a",
                        "text": "22/3"
                      },
                      {
                        "id": "b",
                        "text": "-14/3"
                      },
                      {
                        "id": "c",
                        "text": "14/3"
                      },
                      {
                        "id": "d",
                        "text": "-22/3"
                      }
                    ],
                    "correct_answer": {
                      "ids": [
                        "d"
                      ]
                    },
                    "question_type": "mcq_single",
                    "difficulty_level": "medium",
                    "explanation_html": "<p>If (-3/2) is a zero of the polynomial p(x), then substituting x = -3/2 into the polynomial will result in 0. So, p(-3/2) = k(-3/2)² - 9(-3/2) + 3 = 0. This simplifies to k(9/4) + 27/2 + 3 = 0. Multiplying the entire equation by 4 to eliminate fractions gives 9k + 54 + 12 = 0. So, 9k + 66 = 0, which means 9k = -66. Therefore, k = -66/9, which simplifies to -22/3.</p>"
                  }
                ]
              },
              {
                "chapter_name": "Probability",
                "questions": [
                  {
                    "question_no": 5,
                    "question_html": "<p>Three coins are tossed together. The probability that only one coin shows tail, is :</p>",
                    "options": [
                      {
                        "id": "a",
                        "text": "1/2"
                      },
                      {
                        "id": "b",
                        "text": "3/8"
                      },
                      {
                        "id": "c",
                        "text": "7/8"
                      },
                      {
                        "id": "d",
                        "text": "1"
                      }
                    ],
                    "correct_answer": {
                      "ids": [
                        "b"
                      ]
                    },
                    "question_type": "mcq_single",
                    "difficulty_level": "easy",
                    "explanation_html": "<p>When three coins are tossed, the total number of possible outcomes is 2³ = 8. The sample space is {HHH, HHT, HTH, THH, HTT, THT, TTH, TTT}. The favorable outcomes, where only one coin shows a tail (T), are {HHT, HTH, THH}. There are 3 favorable outcomes. The probability is the number of favorable outcomes divided by the total number of outcomes, which is 3/8.</p>"
                  }
                ]
              },
              {
                "chapter_name": "Surface Areas and Volumes",
                "questions": [
                  {
                    "question_no": 6,
                    "question_html": "<p>Two right circular cylinders of equal volumes have their heights in the ratio 1:2. The ratio of their radii is :</p>",
                    "options": [
                      {
                        "id": "a",
                        "text": "√2:1"
                      },
                      {
                        "id": "b",
                        "text": "1:2"
                      },
                      {
                        "id": "c",
                        "text": "1:4"
                      },
                      {
                        "id": "d",
                        "text": "1:√2"
                      }
                    ],
                    "correct_answer": {
                      "ids": [
                        "a"
                      ]
                    },
                    "question_type": "mcq_single",
                    "difficulty_level": "medium",
                    "explanation_html": "<p>Let the radii of the two cylinders be r₁ and r₂ and their heights be h₁ and h₂. We are given that their volumes are equal, so V₁ = V₂. The formula for the volume of a cylinder is πr²h. Thus, πr₁²h₁ = πr₂²h₂. We are also given that h₁/h₂ = 1/2, which means h₂ = 2h₁. Substituting this into the volume equation, we get r₁²h₁ = r₂²(2h₁). Dividing both sides by h₁, we get r₁² = 2r₂². Rearranging to find the ratio of the radii, we have r₁²/r₂² = 2/1. Taking the square root of both sides, we get r₁/r₂ = √2/1. So the ratio of their radii is √2:1.</p>"
                  }
                ]
              },
              {
                "chapter_name": "Introduction to Trigonometry",
                "questions": [
                  {
                    "question_no": 7,
                    "question_html": "<p>If √2sinθ = 1, then cotθ × cosecθ is equal to :</p>",
                    "options": [
                      {
                        "id": "a",
                        "text": "1/√2"
                      },
                      {
                        "id": "b",
                        "text": "1/(2√2)"
                      },
                      {
                        "id": "c",
                        "text": "√2"
                      },
                      {
                        "id": "d",
                        "text": "1/2"
                      }
                    ],
                    "correct_answer": {
                      "ids": [
                        "c"
                      ]
                    },
                    "question_type": "mcq_single",
                    "difficulty_level": "medium",
                    "explanation_html": "<p>Given √2sinθ = 1, we have sinθ = 1/√2. This implies that θ = 45°. Now we need to find the value of cotθ × cosecθ. For θ = 45°, cot(45°) = 1 and cosec(45°) = 1/sin(45°) = 1/(1/√2) = √2. Therefore, cot(45°) × cosec(45°) = 1 × √2 = √2.</p>"
                  }
                ]
              },
              {
                "chapter_name": "Circles",
                "questions": [
                  {
                    "question_no": 8,
                    "question_html": "<p>PQ and PR are tangents to the circle of radius 3 cm and centre O. If length of each tangent is 4 cm, then perimeter of ∆ OQP is :</p>",
                    "images": [
                      {
                        "url": "https://img.testbuddyai.com/Maths-430-4-25-Q8.png"
                      }
                    ],
                    "options": [
                      {
                        "id": "a",
                        "text": "5 cm"
                      },
                      {
                        "id": "b",
                        "text": "12 cm"
                      },
                      {
                        "id": "c",
                        "text": "9 cm"
                      },
                      {
                        "id": "d",
                        "text": "8 cm"
                      }
                    ],
                    "correct_answer": {
                      "ids": [
                        "b"
                      ]
                    },
                    "question_type": "mcq_single",
                    "difficulty_level": "medium",
                    "explanation_html": "<p>In triangle OQP, OQ is the radius, PQ is the tangent, and OP is the line connecting the center to the external point. The radius is perpendicular to the tangent at the point of contact, so ∠OQP = 90°. We are given OQ = 3 cm and PQ = 4 cm. We can find the length of the hypotenuse OP using the Pythagorean theorem: OP² = OQ² + PQ² = 3² + 4² = 9 + 16 = 25. So, OP = √25 = 5 cm. The perimeter of triangle OQP is the sum of its sides: OQ + QP + PO = 3 + 4 + 5 = 12 cm.</p>"
                  }
                ]
              },
              {
                "chapter_name": "Polynomials",
                "questions": [
                  {
                    "question_no": 9,
                    "question_html": "<p>α, β are zeroes of the polynomial 2x² + 5x + 1. The value of (1/α + 1/β) is :</p>",
                    "options": [
                      {
                        "id": "a",
                        "text": "-5/4"
                      },
                      {
                        "id": "b",
                        "text": "5"
                      },
                      {
                        "id": "c",
                        "text": "5/4"
                      },
                      {
                        "id": "d",
                        "text": "-5"
                      }
                    ],
                    "correct_answer": {
                      "ids": [
                        "d"
                      ]
                    },
                    "question_type": "mcq_single",
                    "difficulty_level": "medium",
                    "explanation_html": "<p>For the polynomial 2x² + 5x + 1, the sum of the zeroes (α + β) = -b/a = -5/2, and the product of the zeroes (αβ) = c/a = 1/2. We need to find the value of (1/α + 1/β). Combining the fractions, we get (β + α)/(αβ). Substituting the values for the sum and product of the zeroes, we have (-5/2) / (1/2) = -5.</p>"
                  }
                ]
              },
              {
                "chapter_name": "Arithmetic Progressions",
                "questions": [
                  {
                    "question_no": 10,
                    "question_html": "<p>The 20ᵗʰ term of the A.P. : 10√2, 6√2, 2√2,.... is :</p>",
                    "options": [
                      {
                        "id": "a",
                        "text": "-76+10√2"
                      },
                      {
                        "id": "b",
                        "text": "-62√2"
                      },
                      {
                        "id": "c",
                        "text": "-66√2"
                      },
                      {
                        "id": "d",
                        "text": "86√2"
                      }
                    ],
                    "correct_answer": {
                      "ids": [
                        "c"
                      ]
                    },
                    "question_type": "mcq_single",
                    "difficulty_level": "medium",
                    "explanation_html": "<p>In this A.P., the first term (a) is 10√2. The common difference (d) is 6√2 - 10√2 = -4√2. The formula for the nth term is aₙ = a + (n-1)d. To find the 20th term (n=20), we have a₂₀ = 10√2 + (20-1)(-4√2) = 10√2 + 19(-4√2) = 10√2 - 76√2 = -66√2.</p>"
                  }
                ]
              },
              {
                "chapter_name": "Introduction to Trigonometry",
                "questions": [
                  {
                    "question_no": 11,
                    "question_html": "<p>If secθ - tanθ = 2, then secθ + tanθ is equal to :</p>",
                    "options": [
                      {
                        "id": "a",
                        "text": "1/2"
                      },
                      {
                        "id": "b",
                        "text": "√2"
                      },
                      {
                        "id": "c",
                        "text": "1/√2"
                      },
                      {
                        "id": "d",
                        "text": "2"
                      }
                    ],
                    "correct_answer": {
                      "ids": [
                        "a"
                      ]
                    },
                    "question_type": "mcq_single",
                    "difficulty_level": "medium",
                    "explanation_html": "<p>We know the trigonometric identity sec²θ - tan²θ = 1. This can be factored as a difference of squares: (secθ - tanθ)(secθ + tanθ) = 1. We are given that secθ - tanθ = 2. Substituting this into the equation, we get 2(secθ + tanθ) = 1. Dividing both sides by 2, we find secθ + tanθ = 1/2.</p>"
                  }
                ]
              },
              {
                "chapter_name": "Probability",
                "questions": [
                  {
                    "question_no": 12,
                    "question_html": "<p>A card is drawn at random from a well shuffled deck of 52 playing cards. The probability that drawn card shows number ‘9' is :</p>",
                    "options": [
                      {
                        "id": "a",
                        "text": "1/26"
                      },
                      {
                        "id": "b",
                        "text": "4/13"
                      },
                      {
                        "id": "c",
                        "text": "1/52"
                      },
                      {
                        "id": "d",
                        "text": "1/13"
                      }
                    ],
                    "correct_answer": {
                      "ids": [
                        "d"
                      ]
                    },
                    "question_type": "mcq_single",
                    "difficulty_level": "easy",
                    "explanation_html": "<p>In a standard deck of 52 cards, there are four suits, and each suit has one card with the number 9. So, there are 4 cards with the number 9 in total. The total number of cards is 52. The probability of drawing a card with the number 9 is the number of favorable outcomes (4) divided by the total number of outcomes (52), which is 4/52. This fraction simplifies to 1/13.</p>"
                  }
                ]
              },
              {
                "chapter_name": "Areas Related to Circles",
                "questions": [
                  {
                    "question_no": 13,
                    "question_html": "<p>The length of arc subtending an angle of 210° at the centre of the circle, is 44/3 cm. The radius of the circle is :</p>",
                    "options": [
                      {
                        "id": "a",
                        "text": "2√2 cm"
                      },
                      {
                        "id": "b",
                        "text": "4 cm"
                      },
                      {
                        "id": "c",
                        "text": "8 cm"
                      },
                      {
                        "id": "d",
                        "text": "1/4 cm"
                      }
                    ],
                    "correct_answer": {
                      "ids": [
                        "b"
                      ]
                    },
                    "question_type": "mcq_single",
                    "difficulty_level": "medium",
                    "explanation_html": "<p>The formula for the length of an arc (L) is L = (θ/360) × 2πr. We are given L = 44/3 cm and θ = 210°. Substituting these values, we have 44/3 = (210/360) × 2 × (22/7) × r. Simplifying the fraction, 210/360 = 7/12. So, 44/3 = (7/12) × (44/7) × r. The 7s and 44s cancel out, leaving 1/3 = (1/12) × r. Therefore, r = 12/3 = 4 cm.</p>"
                  }
                ]
              },
              {
                "chapter_name": "Pair of Linear Equations in Two Variables",
                "questions": [
                  {
                    "question_no": 14,
                    "question_html": "<p>The value of m for which lines 14x + my = 20 and -3x + 2y = 16 are parallel, is :</p>",
                    "options": [
                      {
                        "id": "a",
                        "text": "-3/14"
                      },
                      {
                        "id": "b",
                        "text": "-7/3"
                      },
                      {
                        "id": "c",
                        "text": "-28/3"
                      },
                      {
                        "id": "d",
                        "text": "-3/28"
                      }
                    ],
                    "correct_answer": {
                      "ids": [
                        "c"
                      ]
                    },
                    "question_type": "mcq_single",
                    "difficulty_level": "medium",
                    "explanation_html": "<p>For two lines a₁x + b₁y = c₁ and a₂x + b₂y = c₂ to be parallel, the condition is a₁/a₂ = b₁/b₂ ≠ c₁/c₂. Here, a₁ = 14, b₁ = m, a₂ = -3, and b₂ = 2. Applying the condition for parallel lines, we have 14/(-3) = m/2. Cross-multiplying gives -3m = 14 × 2 = 28. Therefore, m = -28/3.</p>"
                  }
                ]
              },
              {
                "chapter_name": "Surface Areas and Volumes",
                "questions": [
                  {
                    "question_no": 15,
                    "question_html": "<p>The curved surface area of a cone with base radius 7 cm, is 550 cm². The slant height of the cone is :</p>",
                    "options": [
                      {
                        "id": "a",
                        "text": "25 cm"
                      },
                      {
                        "id": "b",
                        "text": "14 cm"
                      },
                      {
                        "id": "c",
                        "text": "20 cm"
                      },
                      {
                        "id": "d",
                        "text": "24 cm"
                      }
                    ],
                    "correct_answer": {
                      "ids": [
                        "a"
                      ]
                    },
                    "question_type": "mcq_single",
                    "difficulty_level": "easy",
                    "explanation_html": "<p>The formula for the curved surface area (CSA) of a cone is CSA = πrl, where r is the radius and l is the slant height. We are given CSA = 550 cm² and r = 7 cm. We need to find l. Substituting the given values into the formula: 550 = (22/7) × 7 × l. The 7s cancel out, leaving 550 = 22 × l. Solving for l, we get l = 550 / 22 = 25 cm.</p>"
                  }
                ]
              },
              {
                "chapter_name": "Introduction to Trigonometry",
                "questions": [
                  {
                    "question_no": 16,
                    "question_html": "<p>If sin A = 2/3, then cos A is equal to :</p>",
                    "options": [
                      {
                        "id": "a",
                        "text": "3/2"
                      },
                      {
                        "id": "b",
                        "text": "√5/3"
                      },
                      {
                        "id": "c",
                        "text": "1/3"
                      },
                      {
                        "id": "d",
                        "text": "1/√3"
                      }
                    ],
                    "correct_answer": {
                      "ids": [
                        "b"
                      ]
                    },
                    "question_type": "mcq_single",
                    "difficulty_level": "easy",
                    "explanation_html": "<p>We use the Pythagorean identity sin²A + cos²A = 1. We are given sin A = 2/3. Substituting this in, we get (2/3)² + cos²A = 1, which is 4/9 + cos²A = 1. So, cos²A = 1 - 4/9 = 5/9. Taking the square root of both sides, we get cos A = √(5/9) = √5 / 3. Since it is not specified which quadrant A is in, we assume it's acute, so cos A is positive.</p>"
                  }
                ]
              },
              {
                "chapter_name": "Circles",
                "questions": [
                  {
                    "question_no": 17,
                    "question_html": "<p>PA and PB are tangents to a circle with centre O. If ∠AOB = 105° then ∠OAP + ∠APB is equal to :</p>",
                    "images": [
                      {
                        "url": "https://img.testbuddyai.com/Maths-430-4-25-Q17.png"
                      }
                    ],
                    "options": [
                      {
                        "id": "a",
                        "text": "75°"
                      },
                      {
                        "id": "b",
                        "text": "175°"
                      },
                      {
                        "id": "c",
                        "text": "180°"
                      },
                      {
                        "id": "d",
                        "text": "165°"
                      }
                    ],
                    "correct_answer": {
                      "ids": [
                        "d"
                      ]
                    },
                    "question_type": "mcq_single",
                    "difficulty_level": "medium",
                    "explanation_html": "<p>The radius is perpendicular to the tangent at the point of contact. So, ∠OAP = 90°. In the quadrilateral OAPB, the sum of angles is 360°. We have ∠OAP = 90° and ∠OBP = 90°. Therefore, ∠AOB + ∠APB = 360° - (90° + 90°) = 180°. We are given ∠AOB = 105°, so ∠APB = 180° - 105° = 75°. The question asks for the value of ∠OAP + ∠APB, which is 90° + 75° = 165°.</p>"
                  }
                ]
              },
              {
                "chapter_name": "Triangles",
                "questions": [
                  {
                    "question_no": 18,
                    "question_html": "<p>In ∆ ABC, PQ || BC. It is given that AP = 2.4 cm, PB = 3.6 cm and BC = 5.4 cm. PQ is equal to :</p>",
                    "images": [
                      {
                        "url": "https://img.testbuddyai.com/Maths-430-4-25-Q18.png"
                      }
                    ],
                    "options": [
                      {
                        "id": "a",
                        "text": "2.7 cm"
                      },
                      {
                        "id": "b",
                        "text": "1.8 cm"
                      },
                      {
                        "id": "c",
                        "text": "3.6 cm"
                      },
                      {
                        "id": "d",
                        "text": "2.16 cm"
                      }
                    ],
                    "correct_answer": {
                      "ids": [
                        "d"
                      ]
                    },
                    "question_type": "mcq_single",
                    "difficulty_level": "medium",
                    "explanation_html": "<p>Since PQ || BC, by the property of similar triangles, ΔAPQ is similar to ΔABC. Therefore, the ratio of their corresponding sides is equal: AP/AB = PQ/BC. We have AP = 2.4 cm and PB = 3.6 cm, so AB = AP + PB = 2.4 + 3.6 = 6.0 cm. Substituting the known values into the ratio, we get 2.4/6.0 = PQ/5.4. Solving for PQ, we have PQ = (2.4 × 5.4) / 6.0 = 0.4 × 5.4 = 2.16 cm.</p>"
                  }
                ]
              },
              {
                "chapter_name": "Statistics",
                "questions": [
                  {
                    "question_no": 19,
                    "question_html": "<p><b>Assertion (A):</b> Median marks of students in a class test is 16. It means half of the class got marks less than 16.</p><p><b>Reason (R) :</b> Median divides the distribution in two equal parts.</p>",
                    "options": [
                      {
                        "id": "a",
                        "text": "Both, Assertion (A) and Reason (R) are true and Reason (R) is the correct explanation of Assertion (A)."
                      },
                      {
                        "id": "b",
                        "text": "Both, Assertion (A) and Reason (R) are true, but Reason (R) is not the correct explanation of Assertion (A)."
                      },
                      {
                        "id": "c",
                        "text": "Assertion (A) is true, but Reason (R) is false."
                      },
                      {
                        "id": "d",
                        "text": "Assertion (A) is false, but Reason (R) is true."
                      }
                    ],
                    "correct_answer": {
                      "ids": [
                        "a"
                      ]
                    },
                    "question_type": "mcq_single",
                    "difficulty_level": "easy",
                    "explanation_html": "<p><b>Reason (R):</b> The definition of a median is that it is the middle value in a dataset that divides the data into two equal halves. This statement is true. <br><b>Assertion (A):</b> Since the median is 16, and the median divides the data into two equal parts, it means that 50% of the students scored marks less than or equal to 16, and 50% scored marks greater than or equal to 16. The assertion that half the class got marks less than 16 is a direct consequence of this definition. This statement is true. The reason correctly explains the assertion. Therefore, both are true and R is the correct explanation of A.</p>"
                  }
                ]
              },
              {
                "chapter_name": "Probability",
                "questions": [
                  {
                    "question_no": 20,
                    "question_html": "<p><b>Assertion (A):</b> If E is an event such that P(E) = 1/999, then P(Ē) = 0.001.</p><p><b>Reason (R) :</b> P(E) + P(Ē) = 1</p>",
                    "options": [
                      {
                        "id": "a",
                        "text": "Both, Assertion (A) and Reason (R) are true and Reason (R) is the correct explanation of Assertion (A)."
                      },
                      {
                        "id": "b",
                        "text": "Both, Assertion (A) and Reason (R) are true, but Reason (R) is not the correct explanation of Assertion (A)."
                      },
                      {
                        "id": "c",
                        "text": "Assertion (A) is true, but Reason (R) is false."
                      },
                      {
                        "id": "d",
                        "text": "Assertion (A) is false, but Reason (R) is true."
                      }
                    ],
                    "correct_answer": {
                      "ids": [
                        "d"
                      ]
                    },
                    "question_type": "mcq_single",
                    "difficulty_level": "medium",
                    "explanation_html": "<p><b>Reason (R):</b> The statement P(E) + P(Ē) = 1 is a fundamental theorem of probability, stating that the probability of an event happening plus the probability of it not happening is always 1. This is true.<br><b>Assertion (A):</b> Given P(E) = 1/999. Using the reason, P(Ē) = 1 - P(E) = 1 - 1/999 = 998/999. Now let's evaluate 0.001. 0.001 = 1/1000. Since 998/999 is not equal to 1/1000, the assertion is false. Therefore, Assertion (A) is false, but Reason (R) is true.</p>"
                  }
                ]
              },
              {
                "chapter_name": "Real Numbers",
                "questions": [
                  {
                    "question_no": 21,
                    "question_html": "<p>Show that 45ⁿ can not end with the digit 0, n being a natural number. Write the prime number 'a' which on multiplying with 45ⁿ makes the product end with the digit 0.</p>",
                    "options": [],
                    "correct_answer": {
                      "text": "<p>The prime factorization of 45 is 3 × 3 × 5 or 3² × 5.</p><p>So, 45ⁿ = (3² × 5)ⁿ = 3²ⁿ × 5ⁿ.</p><p>For a number to end with the digit 0, its prime factorization must contain both 2 and 5.</p><p>Since the prime factorization of 45ⁿ does not contain the prime number 2, it cannot end with the digit 0 for any natural number n.</p><p>To make the product end with the digit 0, we need to multiply 45ⁿ by the prime number 2.</p><p>Therefore, the prime number 'a' is 2.</p>"
                    },
                    "question_type": "Very Short Answer (2 marks)",
                    "difficulty_level": "medium",
                    "explanation_html": null
                  }
                ]
              },
              {
                "chapter_name": "Coordinate Geometry",
                "questions": [
                  {
                    "question_no": 22,
                    "question_html": "<p>Point P(x, 0) divides the line segment joining the points (2, 8) and (– 3, – 5) in a certain ratio. Find the ratio and hence find the value of x.</p>",
                    "options": [],
                    "correct_answer": {
                      "text": "<p>Let the ratio in which P(x, 0) divides the line segment be k : 1.</p><p>Using the section formula for the y-coordinate:</p><p>y = (k * y₂ + 1 * y₁) / (k + 1)</p><p>0 = (k * (–5) + 1 * 8) / (k + 1)</p><p>0 = –5k + 8</p><p>5k = 8</p><p>k = 8/5</p><p>So, the required ratio is 8 : 5.</p><p>Now, using the section formula for the x-coordinate:</p><p>x = (8 * (–3) + 5 * 2) / (8 + 5)</p><p>x = (–24 + 10) / 13</p><p>x = –14 / 13</p>"
                    },
                    "question_type": "Very Short Answer (2 marks)",
                    "difficulty_level": "medium",
                    "explanation_html": null
                  }
                ]
              },
              {
                "chapter_name": "Probability",
                "questions": [
                  {
                    "question_no": 23,
                    "question_html": "<p>(A) A coin is dropped at random on the rectangular region shown in the figure. What is the probability that it will land inside the circle with radius 0.7 m ?</p><p>OR</p><p>(B) A die is thrown twice. What is the probability that (i) difference between two numbers obtained is 3 ? (ii) sum of the numbers obtained is 8 ?</p>",
                    "images": [
                      {
                        "url": "https://img.testbuddyai.com/Maths-430-4-25-Q23a.png"
                      }
                    ],
                    "options": [],
                    "correct_answer": {
                      "text": "<p><strong>(A)</strong></p><p>Area of the rectangular region = length × width = 3 m × 2 m = 6 m².</p><p>Area of the circle = πr² = (22/7) × (0.7)² = (22/7) × 0.49 = 22 × 0.07 = 1.54 m².</p><p>The probability that the coin will land inside the circle is:</p><p>P(event) = (Area of the circle) / (Area of the rectangle)</p><p>P(event) = 1.54 / 6 = 154 / 600 = 77 / 300.</p><p><strong>OR</strong></p><p><strong>(B)</strong></p><p>When a die is thrown twice, the total number of possible outcomes is 6 × 6 = 36.</p><p><strong>(i) Difference between two numbers obtained is 3:</strong></p><p>The favorable outcomes are (1, 4), (2, 5), (3, 6), (4, 1), (5, 2), (6, 3).</p><p>Number of favorable outcomes = 6.</p><p>Probability = 6 / 36 = 1/6.</p><p><strong>(ii) Sum of the numbers obtained is 8:</strong></p><p>The favorable outcomes are (2, 6), (3, 5), (4, 4), (5, 3), (6, 2).</p><p>Number of favorable outcomes = 5.</p><p>Probability = 5 / 36.</p>"
                    },
                    "question_type": "Very Short Answer (2 marks)",
                    "difficulty_level": "medium",
                    "explanation_html": null
                  }
                ]
              },
              {
                "chapter_name": "Circles",
                "questions": [
                  {
                    "question_no": 24,
                    "question_html": "<p>(A) Prove that the angle between the two tangents drawn from an external point to a circle is supplementary to the angle subtended by the line segment joining the points of contact at the centre.</p><p>OR</p><p>(B) Prove that the tangents drawn at the ends of a diameter of a circle are parallel.</p>",
                    "options": [],
                    "correct_answer": {
                      "text": "<p><strong>(A)</strong></p><p>Let PA and PB be the two tangents drawn from an external point P to a circle with centre O.</p><p>We know that the tangent at any point of a circle is perpendicular to the radius through the point of contact.</p><p>So, OA ⊥ PA and OB ⊥ PB.</p><p>This means ∠OAP = 90° and ∠OBP = 90°.</p><p>In the quadrilateral OAPB, the sum of all angles is 360°.</p><p>∠OAP + ∠APB + ∠OBP + ∠AOB = 360°</p><p>90° + ∠APB + 90° + ∠AOB = 360°</p><p>∠APB + ∠AOB = 360° – 180°</p><p>∠APB + ∠AOB = 180°</p><p>Thus, the angle between the two tangents is supplementary to the angle subtended at the centre. Hence proved.</p><p><strong>OR</strong></p><p><strong>(B)</strong></p><p>Let AB be the diameter of the circle with centre O. Let PQ and RS be the tangents drawn at the ends A and B respectively.</p><p>Since the tangent is perpendicular to the radius at the point of contact:</p><p>OA ⊥ PQ, which implies ∠OAP = 90°.</p><p>OB ⊥ RS, which implies ∠OBR = 90°.</p><p>Now consider the angles ∠PAB = 90° and ∠ABS = 90°.</p><p>These are a pair of alternate interior angles. Since the alternate interior angles are equal, the lines PQ and RS are parallel. Hence proved.</p>"
                    },
                    "question_type": "Very Short Answer (2 marks)",
                    "difficulty_level": "medium",
                    "explanation_html": null
                  }
                ]
              },
              {
                "chapter_name": "Triangles",
                "questions": [
                  {
                    "question_no": 25,
                    "question_html": "<p>In the given figure ∠ADE = ∠ACB and AD/DB = AE/EC. Prove that ΔABC is an isosceles triangle.</p>",
                    "images": [
                      {
                        "url": "https://img.testbuddyai.com/Maths-430-4-25-Q25.png"
                      }
                    ],
                    "options": [],
                    "correct_answer": {
                      "text": "<p>Given: In ΔABC, AD/DB = AE/EC.</p><p>By the converse of the Basic Proportionality Theorem, if a line divides two sides of a triangle in the same ratio, then the line is parallel to the third side.</p><p>Therefore, DE || BC.</p><p>Since DE || BC, and AB is a transversal, the corresponding angles are equal.</p><p>So, ∠ADE = ∠ABC.</p><p>It is also given that ∠ADE = ∠ACB.</p><p>From these two statements, we can conclude that ∠ABC = ∠ACB.</p><p>In ΔABC, since the angles opposite to the sides AC and AB are equal, the sides themselves must be equal.</p><p>Therefore, AC = AB.</p><p>A triangle with two equal sides is an isosceles triangle. Hence, ΔABC is an isosceles triangle.</p>"
                    },
                    "question_type": "Very Short Answer (2 marks)",
                    "difficulty_level": "medium",
                    "explanation_html": null
                  }
                ]
              },
              {
                "chapter_name": "Polynomials",
                "questions": [
                  {
                    "question_no": 26,
                    "question_html": "<p>Find the zeroes of the polynomial p(x) = 6x² + 13x – 5 and verify the relationship between its zeroes and the coefficients.</p>",
                    "options": [],
                    "correct_answer": {
                      "text": "<p>To find the zeroes, we set p(x) = 0.</p><p>6x² + 13x – 5 = 0</p><p>Using factorization by splitting the middle term:</p><p>6x² + 15x – 2x – 5 = 0</p><p>3x(2x + 5) – 1(2x + 5) = 0</p><p>(3x – 1)(2x + 5) = 0</p><p>So, the zeroes are x = 1/3 and x = –5/2.</p><p>Let the zeroes be α = 1/3 and β = –5/2.</p><p><strong>Verification:</strong></p><p>For the polynomial 6x² + 13x – 5, we have a = 6, b = 13, c = –5.</p><p>Sum of zeroes (α + β) = (1/3) + (–5/2) = (2 – 15) / 6 = –13/6.</p><p>From the coefficients, –b/a = –13/6.</p><p>Hence, Sum of zeroes = –b/a.</p><p>Product of zeroes (αβ) = (1/3) * (–5/2) = –5/6.</p><p>From the coefficients, c/a = –5/6.</p><p>Hence, Product of zeroes = c/a.</p><p>The relationship is verified.</p>"
                    },
                    "question_type": "Short Answer (3 marks)",
                    "difficulty_level": "medium",
                    "explanation_html": null
                  }
                ]
              },
              {
                "chapter_name": "Arithmetic Progressions",
                "questions": [
                  {
                    "question_no": 27,
                    "question_html": "<p>(A) Find the sum of the A.P. 7, 10 1/2, 14, ...., 84.</p><p>OR</p><p>(B) If the sum of first n terms of an A.P. is given by Sₙ = (n/2)(2n + 8). Then, find its first term and common difference. Hence, find its 15th term.</p>",
                    "options": [],
                    "correct_answer": {
                      "text": "<p><strong>(A)</strong></p><p>The given A.P. is 7, 10.5, 14, ..., 84.</p><p>First term (a) = 7.</p><p>Common difference (d) = 10.5 – 7 = 3.5 = 7/2.</p><p>Last term (aₙ) = 84.</p><p>First, we find the number of terms (n).</p><p>aₙ = a + (n – 1)d</p><p>84 = 7 + (n – 1)(7/2)</p><p>77 = (n – 1)(7/2)</p><p>154 = 7(n – 1)</p><p>22 = n – 1</p><p>n = 23.</p><p>Now, we find the sum of these 23 terms using the formula Sₙ = n/2 (a + aₙ).</p><p>S₂₃ = 23/2 (7 + 84) = 23/2 * 91 = 2093/2 or 1046.5.</p><p><strong>OR</strong></p><p><strong>(B)</strong></p><p>Given Sₙ = (n/2)(2n + 8) = n(n + 4) = n² + 4n.</p><p>The first term (a or a₁) is the sum of the first term, S₁.</p><p>a = S₁ = 1² + 4(1) = 5.</p><p>The sum of the first two terms is S₂.</p><p>S₂ = 2² + 4(2) = 4 + 8 = 12.</p><p>The second term (a₂) is S₂ – S₁.</p><p>a₂ = 12 – 5 = 7.</p><p>The common difference (d) is a₂ – a₁.</p><p>d = 7 – 5 = 2.</p><p>Now, we find the 15th term (a₁₅).</p><p>a₁₅ = a + (15 – 1)d = 5 + 14(2) = 5 + 28 = 33.</p>"
                    },
                    "question_type": "Short Answer (3 marks)",
                    "difficulty_level": "medium",
                    "explanation_html": null
                  }
                ]
              },
              {
                "chapter_name": "Real Numbers",
                "questions": [
                  {
                    "question_no": 28,
                    "question_html": "<p>Prove that √3 is an irrational number.</p>",
                    "options": [],
                    "correct_answer": {
                      "text": "<p>Let us assume, to the contrary, that √3 is a rational number.</p><p>This means that √3 can be expressed in the form p/q, where p and q are integers, q ≠ 0, and p and q are coprime (they have no common factors other than 1).</p><p>√3 = p/q</p><p>Squaring both sides, we get:</p><p>3 = p²/q²</p><p>3q² = p²  ... (1)</p><p>This implies that p² is divisible by 3. By theorem, if a prime number divides p², then it also divides p. So, p is divisible by 3.</p><p>Let p = 3m for some integer m.</p><p>Substituting the value of p in equation (1):</p><p>3q² = (3m)²</p><p>3q² = 9m²</p><p>q² = 3m²</p><p>This implies that q² is also divisible by 3, and therefore q is also divisible by 3.</p><p>So, p and q have at least one common factor, which is 3. This contradicts our assumption that p and q are coprime.</p><p>This contradiction has arisen because of our incorrect assumption that √3 is rational.</p><p>Therefore, we conclude that √3 is an irrational number.</p>"
                    },
                    "question_type": "Short Answer (3 marks)",
                    "difficulty_level": "easy",
                    "explanation_html": null
                  }
                ]
              },
              {
                "chapter_name": "Coordinate Geometry",
                "questions": [
                  {
                    "question_no": 29,
                    "question_html": "<p>(A) If points A(-5, y), B(2, – 2), C(8, 4) and D(x, 5) taken in order, form a parallelogram ABCD, then find the values of x and y. Hence, find lengths of sides of the parallelogram.</p><p>OR</p><p>(B) A(6, – 3), B(0, 5) and C(–2, 1) are vertices of ΔABC. Points P(3, 1) and Q(2, - 1) lie on sides AB and AC respectively. Check whether AP/PB = AQ/QC.</p>",
                    "options": [],
                    "correct_answer": {
                      "text": "<p><strong>(A)</strong></p><p>In a parallelogram, the diagonals bisect each other. Therefore, the midpoint of diagonal AC is the same as the midpoint of diagonal BD.</p><p>Midpoint of AC = ( (–5 + 8)/2, (y + 4)/2 ) = (3/2, (y + 4)/2)</p><p>Midpoint of BD = ( (2 + x)/2, (–2 + 5)/2 ) = ((2 + x)/2, 3/2)</p><p>Equating the coordinates:</p><p>(2 + x)/2 = 3/2  => 2 + x = 3 => x = 1.</p><p>(y + 4)/2 = 3/2  => y + 4 = 3 => y = –1.</p><p>So, x = 1 and y = –1. The vertices are A(–5, –1), B(2, –2), C(8, 4), D(1, 5).</p><p>Lengths of sides (using distance formula):</p><p>AB = √((2 – (–5))² + (–2 – (–1))²) = √(7² + (–1)²) = √(49 + 1) = √50 = 5√2 units.</p><p>BC = √((8 – 2)² + (4 – (–2))²) = √(6² + 6²) = √(36 + 36) = √72 = 6√2 units.</p><p>Since it is a parallelogram, CD = AB = 5√2 and DA = BC = 6√2.</p><p><strong>OR</strong></p><p><strong>(B)</strong></p><p>We need to find the lengths of the segments AP, PB, AQ, and QC using the distance formula, d = √((x₂ – x₁)² + (y₂ – y₁)²).</p><p>Points are A(6, –3), B(0, 5), C(–2, 1), P(3, 1), Q(2, –1).</p><p>Length of AP = √((3 – 6)² + (1 – (–3))²) = √((–3)² + 4²) = √(9 + 16) = √25 = 5 units.</p><p>Length of PB = √((0 – 3)² + (5 – 1)²) = √((–3)² + 4²) = √(9 + 16) = √25 = 5 units.</p><p>So, AP/PB = 5/5 = 1.</p><p>Length of AQ = √((2 – 6)² + (–1 – (–3))²) = √((–4)² + 2²) = √(16 + 4) = √20 = 2√5 units.</p><p>Length of QC = √((–2 – 2)² + (1 – (–1))²) = √((–4)² + 2²) = √(16 + 4) = √20 = 2√5 units.</p><p>So, AQ/QC = (2√5)/(2√5) = 1.</p><p>Since AP/PB = AQ/QC = 1, the condition is satisfied.</p>"
                    },
                    "question_type": "Short Answer (3 marks)",
                    "difficulty_level": "hard",
                    "explanation_html": null
                  }
                ]
              },
              {
                "chapter_name": "Areas Related to Circles",
                "questions": [
                  {
                    "question_no": 30,
                    "question_html": "<p>A chord of a circle of radius 10 cm subtends an angle of 60° at the centre O. Find the area of the shaded region. (Use √3 = 1.73, π = 3.14)</p>",
                    "images": [
                      {
                        "url": "https://img.testbuddyai.com/Maths-430-4-25-Q30.png"
                      }
                    ],
                    "options": [],
                    "correct_answer": {
                      "text": "<p>The shaded region is the minor segment of the circle.</p><p>Area of minor segment = Area of sector OAB – Area of ΔOAB.</p><p>Radius (r) = 10 cm, Angle (θ) = 60°.</p><p>Area of sector OAB = (θ/360°) × πr²</p><p>= (60/360) × 3.14 × 10²</p><p>= (1/6) × 314 = 52.33 cm² (approx).</p><p>In ΔOAB, OA = OB = 10 cm (radii). Since the angle between them is 60°, ΔOAB is an equilateral triangle.</p><p>Area of equilateral ΔOAB = (√3/4) × side²</p><p>= (√3/4) × 10²</p><p>= 25√3 = 25 × 1.73 = 43.25 cm².</p><p>Area of the shaded region = 52.33 – 43.25 = 9.08 cm².</p>"
                    },
                    "question_type": "Short Answer (3 marks)",
                    "difficulty_level": "medium",
                    "explanation_html": null
                  }
                ]
              },
              {
                "chapter_name": "Circles",
                "questions": [
                  {
                    "question_no": 31,
                    "question_html": "<p>Prove that the opposite sides of a quadrilateral circumscribing a circle subtend supplementary angles at the centre of the circle.</p>",
                    "options": [],
                    "correct_answer": {
                      "text": "<p>Let ABCD be a quadrilateral circumscribing a circle with centre O, touching the sides AB, BC, CD, and DA at points P, Q, R, and S respectively.</p><p>Join OA, OB, OC, OD.</p><p>Consider ΔOAP and ΔOAS.</p><p>AP = AS (Tangents from an external point A)</p><p>OP = OS (Radii of the same circle)</p><p>OA = OA (Common side)</p><p>By SSS congruence, ΔOAP ≅ ΔOAS.</p><p>So, ∠AOP = ∠AOS (by CPCT). Let this be ∠1 = ∠8.</p><p>Similarly, we can prove:</p><p>∠BOP = ∠BOQ (∠2 = ∠3)</p><p>∠COQ = ∠COR (∠4 = ∠5)</p><p>∠DOR = ∠DOS (∠6 = ∠7)</p><p>The sum of all angles around the centre O is 360°.</p><p>∠1 + ∠2 + ∠3 + ∠4 + ∠5 + ∠6 + ∠7 + ∠8 = 360°</p><p>2(∠1) + 2(∠2) + 2(∠5) + 2(∠6) = 360°</p><p>2(∠1 + ∠2 + ∠5 + ∠6) = 360°</p><p>(∠1 + ∠2) + (∠5 + ∠6) = 180°</p><p>∠AOB + ∠COD = 180°</p><p>Similarly, (∠3 + ∠4) + (∠7 + ∠8) = 180°, which means ∠BOC + ∠DOA = 180°.</p><p>Thus, the opposite sides subtend supplementary angles at the centre. Hence proved.</p>"
                    },
                    "question_type": "Short Answer (3 marks)",
                    "difficulty_level": "hard",
                    "explanation_html": null
                  }
                ]
              },
              {
                "chapter_name": "Quadratic Equations",
                "questions": [
                  {
                    "question_no": 32,
                    "question_html": "<p>(A) It is given that p²x² + (p² – q²)x – q² = 0 ; (p ≠ 0)</p><p>(i) Show that the discriminant (D) of above equation is a perfect square.</p><p>(ii) Find the roots of the equation.</p><p>OR</p><p>(B) Three consecutive positive integers are such that the sum of the square of smallest and product of other two is 67. Find the numbers, using quadratic equation.</p>",
                    "options": [],
                    "correct_answer": {
                      "text": "<p><strong>(A)</strong></p><p>The given equation is p²x² + (p² – q²)x – q² = 0.</p><p>Here, a = p², b = p² – q², c = –q².</p><p><strong>(i)</strong> The discriminant D is given by b² – 4ac.</p><p>D = (p² – q²)² – 4(p²)(–q²)</p><p>D = (p⁴ – 2p²q² + q⁴) + 4p²q²</p><p>D = p⁴ + 2p²q² + q⁴</p><p>D = (p² + q²)²</p><p>Since D is the square of a rational quantity (p² + q²), it is a perfect square.</p><p><strong>(ii)</strong> The roots of the quadratic equation are given by x = (–b ± √D) / 2a.</p><p>x = ( –(p² – q²) ± √(p² + q²)² ) / (2p²)</p><p>x = ( q² – p² ± (p² + q²) ) / (2p²)</p><p>Taking the positive sign:</p><p>x₁ = (q² – p² + p² + q²) / (2p²) = 2q² / 2p² = q²/p².</p><p>Taking the negative sign:</p><p>x₂ = (q² – p² – (p² + q²)) / (2p²) = (q² – p² – p² – q²) / (2p²) = –2p² / 2p² = –1.</p><p>The roots are q²/p² and –1.</p><p><strong>OR</strong></p><p><strong>(B)</strong></p><p>Let the three consecutive positive integers be x, x + 1, and x + 2.</p><p>The smallest integer is x.</p><p>According to the condition:</p><p>(Square of smallest) + (Product of other two) = 67</p><p>x² + (x + 1)(x + 2) = 67</p><p>x² + (x² + 3x + 2) = 67</p><p>2x² + 3x + 2 – 67 = 0</p><p>2x² + 3x – 65 = 0</p><p>Solving the quadratic equation by factorization:</p><p>2x² + 13x – 10x – 65 = 0</p><p>x(2x + 13) – 5(2x + 13) = 0</p><p>(x – 5)(2x + 13) = 0</p><p>The possible values for x are x = 5 or x = –13/2.</p><p>Since the integers must be positive, we take x = 5.</p><p>The three consecutive integers are 5, 6, and 7.</p>"
                    },
                    "question_type": "Long Answer (5 marks)",
                    "difficulty_level": "hard",
                    "explanation_html": null
                  }
                ]
              },
              {
                "chapter_name": "Statistics",
                "questions": [
                  {
                    "question_no": 33,
                    "question_html": "<p>Find 'mean' and 'mode' of the following data :</p><table><tbody><tr><td>Class</td><td>15-20</td><td>20-25</td><td>25-30</td><td>30-35</td><td>35-40</td><td>40-45</td></tr><tr><td>Frequency</td><td>6</td><td>16</td><td>17</td><td>4</td><td>5</td><td>2</td></tr></tbody></table>",
                    "options": [],
                    "correct_answer": {
                      "text": "<p><strong>Calculation of Mean:</strong></p><table><tbody><tr><td>Class</td><td>Frequency (fᵢ)</td><td>Class Mark (xᵢ)</td><td>fᵢxᵢ</td></tr><tr><td>15-20</td><td>6</td><td>17.5</td><td>105</td></tr><tr><td>20-25</td><td>16</td><td>22.5</td><td>360</td></tr><tr><td>25-30</td><td>17</td><td>27.5</td><td>467.5</td></tr><tr><td>30-35</td><td>4</td><td>32.5</td><td>130</td></tr><tr><td>35-40</td><td>5</td><td>37.5</td><td>187.5</td></tr><tr><td>40-45</td><td>2</td><td>42.5</td><td>85</td></tr><tr><td>Total</td><td>Σfᵢ = 50</td><td></td><td>Σfᵢxᵢ = 1335</td></tr></tbody></table><p>Mean (x̄) = Σfᵢxᵢ / Σfᵢ = 1335 / 50 = 26.7.</p><p><strong>Calculation of Mode:</strong></p><p>The class with the highest frequency is the modal class.</p><p>Modal class = 25-30 (frequency = 17).</p><p>Lower limit of modal class (l) = 25.</p><p>Frequency of modal class (f₁) = 17.</p><p>Frequency of preceding class (f₀) = 16.</p><p>Frequency of succeeding class (f₂) = 4.</p><p>Class size (h) = 5.</p><p>Mode = l + [ (f₁ – f₀) / (2f₁ – f₀ – f₂) ] × h</p><p>Mode = 25 + [ (17 – 16) / (2×17 – 16 – 4) ] × 5</p><p>Mode = 25 + [ 1 / (34 – 20) ] × 5</p><p>Mode = 25 + (1 / 14) × 5</p><p>Mode = 25 + 5/14 ≈ 25 + 0.357 = 25.357.</p><p>The mean is 26.7 and the mode is approximately 25.36.</p>"
                    },
                    "question_type": "Long Answer (5 marks)",
                    "difficulty_level": "medium",
                    "explanation_html": null
                  }
                ]
              },
              {
                "chapter_name": "Triangles",
                "questions": [
                  {
                    "question_no": 34,
                    "question_html": "<p>(A) If a line is drawn parallel to one side of a triangle to intersect the other two sides in distinct points, then prove that the other two sides are divided in the same ratio.</p><p>OR</p><p>(B) In a Δ ABC, P and Q are points on AB and AC respectively such that PQ || BC. Prove that the median AD, drawn from A to BC, bisects PQ.</p>",
                    "options": [],
                    "correct_answer": {
                      "text": "<p><strong>(A) Basic Proportionality Theorem (Thales's Theorem)</strong></p><p><strong>Given:</strong> A triangle ABC in which a line DE is drawn parallel to BC, intersecting sides AB and AC at D and E respectively.</p><p><strong>To Prove:</strong> AD/DB = AE/EC.</p><p><strong>Construction:</strong> Join BE and CD. Draw EF ⊥ AB and DG ⊥ AC.</p><p><strong>Proof:</strong></p><p>Area(ΔADE) = (1/2) × base × height = (1/2) × AD × EF.</p><p>Area(ΔBDE) = (1/2) × base × height = (1/2) × DB × EF.</p><p>Dividing the two areas: Area(ΔADE) / Area(ΔBDE) = AD/DB  ... (1)</p><p>Similarly,</p><p>Area(ΔADE) = (1/2) × AE × DG.</p><p>Area(ΔDEC) = (1/2) × EC × DG.</p><p>Dividing the two areas: Area(ΔADE) / Area(ΔDEC) = AE/EC  ... (2)</p><p>Now, ΔBDE and ΔDEC are on the same base DE and between the same parallel lines DE and BC. Therefore, their areas are equal.</p><p>Area(ΔBDE) = Area(ΔDEC) ... (3)</p><p>From equations (1), (2), and (3), we can conclude:</p><p>AD/DB = AE/EC. Hence proved.</p><p><strong>OR</strong></p><p><strong>(B)</strong></p><p><strong>Given:</strong> In ΔABC, PQ || BC. AD is the median to BC, so D is the midpoint of BC. Let AD intersect PQ at M.</p><p><strong>To Prove:</strong> AD bisects PQ, i.e., PM = MQ.</p><p><strong>Proof:</strong></p><p>In ΔABD, since PQ || BC, it implies that PM || BD.</p><p>By similarity of triangles (ΔAPM ~ ΔABD):</p><p>AP/AB = PM/BD = AM/AD ... (1)</p><p>In ΔACD, since PQ || BC, it implies that MQ || DC.</p><p>By similarity of triangles (ΔAQM ~ ΔACD):</p><p>AQ/AC = MQ/DC = AM/AD ... (2)</p><p>From (1) and (2), we get:</p><p>PM/BD = MQ/DC</p><p>Since AD is the median, D is the midpoint of BC, so BD = DC.</p><p>Therefore, PM/BD = MQ/BD, which implies PM = MQ.</p><p>Hence, the median AD bisects PQ.</p>"
                    },
                    "question_type": "Long Answer (5 marks)",
                    "difficulty_level": "hard",
                    "explanation_html": null
                  }
                ]
              },
              {
                "chapter_name": "Some Applications of Trigonometry",
                "questions": [
                  {
                    "question_no": 35,
                    "question_html": "<p>From a point on the ground, the angle of elevation of the top of a pedestal is 30° and that of the top of the flagstaff fixed on the pedestal is 60°. If the length of the flagstaff is 5 m, then find the height of the pedestal and its distance from the point of observation on ground. (Use √3 = 1.73)</p>",
                    "options": [],
                    "correct_answer": {
                      "text": "<p>Let AB be the pedestal of height 'h' meters and BC be the flagstaff of height 5 meters. Let D be the point of observation on the ground, at a distance 'x' meters from the base of the pedestal.</p><p>In the right-angled triangle ABD:</p><p>tan 30° = AB/AD = h/x</p><p>1/√3 = h/x  => x = h√3  ... (1)</p><p>In the right-angled triangle ACD:</p><p>tan 60° = AC/AD = (h + 5)/x</p><p>√3 = (h + 5)/x  => x√3 = h + 5  ... (2)</p><p>Substitute the value of x from equation (1) into equation (2):</p><p>(h√3)√3 = h + 5</p><p>3h = h + 5</p><p>2h = 5</p><p>h = 2.5 meters.</p><p>So, the height of the pedestal is 2.5 m.</p><p>Now, find the distance x:</p><p>x = h√3 = 2.5 × 1.73 = 4.325 meters.</p><p>The height of the pedestal is 2.5 m and its distance from the point of observation is 4.325 m.</p>"
                    },
                    "question_type": "Long Answer (5 marks)",
                    "difficulty_level": "medium",
                    "explanation_html": null
                  }
                ]
              },
              {
                "chapter_name": "Pair of Linear Equations in Two Variables",
                "questions": [
                  {
                    "question_no": 36,
                    "question_html": "<p>A telecommunication company came up with two plans— plan A and plan B for its customers. The plans are represented by linear equations where 't' represents the time (in minutes) bought and 'C' represents the cost. The equations are:</p><p>Plan A : 3C = 20t</p><p>Plan B : 3C = 10t + 300</p><p>Based on above information, answer the following questions :</p><p>(i) If you purchase plan B, how much initial amount you have to pay?</p><p>(ii) Charu purchased plan A. How many minutes she bought for ₹ 250?</p><p>(iii) (a) At how many minutes, do both the plans charge the same amount? What is that amount?</p><p>OR</p><p>(iii) (b) Which plan is better if you want to buy 60 minutes? Give reason for your answer.</p>",
                    "images": [
                      {
                        "url": "https://img.testbuddyai.com/Maths-430-4-25-Q36.png"
                      }
                    ],
                    "options": [],
                    "correct_answer": {
                      "text": "<p><strong>(i)</strong> The initial amount is the cost when time 't' is 0.</p><p>For Plan B: 3C = 10(0) + 300</p><p>3C = 300</p><p>C = ₹ 100.</p><p>The initial amount for plan B is ₹ 100.</p><p><strong>(ii)</strong> For Plan A, if the cost C = ₹ 250:</p><p>3(250) = 20t</p><p>750 = 20t</p><p>t = 750 / 20 = 37.5 minutes.</p><p>Charu bought 37.5 minutes.</p><p><strong>(iii) (a)</strong> To find when the plans charge the same amount, we set the expressions for 3C equal to each other:</p><p>20t = 10t + 300</p><p>10t = 300</p><p>t = 30 minutes.</p><p>To find the amount, substitute t = 30 into either equation. Using Plan A:</p><p>3C = 20(30) = 600</p><p>C = ₹ 200.</p><p>At 30 minutes, both plans charge ₹ 200.</p><p><strong>OR</strong></p><p><strong>(iii) (b)</strong> To find the better plan for 60 minutes, we calculate the cost for each plan at t = 60.</p><p>Plan A: 3C = 20(60) = 1200 => C = ₹ 400.</p><p>Plan B: 3C = 10(60) + 300 = 600 + 300 = 900 => C = ₹ 300.</p><p>Plan B costs ₹ 300 while Plan A costs ₹ 400. Therefore, Plan B is better for 60 minutes as it is ₹ 100 cheaper.</p>"
                    },
                    "question_type": "Case-based Subjective",
                    "difficulty_level": "medium",
                    "explanation_html": null
                  }
                ]
              },
              {
                "chapter_name": "Surface Areas and Volumes",
                "questions": [
                  {
                    "question_no": 37,
                    "question_html": "<p>Playing in a ball pool is good entertainment for kids. Suhana bought 600 new balls of diameter 7 cm to fill in the pool for her kids. The cuboidal box containing 600 balls has dimensions 42 cm × 91 cm × 50 cm (l × b × h).</p><p>Based on above information, answer the following questions :</p><p>(i) Find the volume of one ball.</p><p>(ii) 10 balls are painted with neon colours. Determine the area of painted surface.</p><p>(iii) (a) Find the volume of empty space in the box.</p><p>OR</p><p>(iii) (b) The lowermost layer of the balls covers the base of the box edge to edge when balls are placed evenly adjacent to each other. (A) How much area is covered by one ball? (B) How many balls are there in lowermost layer?</p>",
                    "images": [
                      {
                        "url": "https://img.testbuddyai.com/Maths-430-4-25-Q37.png"
                      }
                    ],
                    "options": [],
                    "correct_answer": {
                      "text": "<p>The diameter of one ball is 7 cm, so the radius (r) is 3.5 cm or 7/2 cm.</p><p><strong>(i) Volume of one ball (sphere):</strong></p><p>Volume = (4/3)πr³ = (4/3) × (22/7) × (7/2)³</p><p>= (4/3) × (22/7) × (343/8) = (4 × 22 × 343) / (3 × 7 × 8) = 539/3 ≈ 179.67 cm³.</p><p><strong>(ii) Area of painted surface:</strong></p><p>This is the total surface area of 10 balls.</p><p>Surface area of one ball = 4πr² = 4 × (22/7) × (7/2)² = 4 × (22/7) × (49/4) = 154 cm².</p><p>Area of 10 balls = 10 × 154 = 1540 cm².</p><p><strong>(iii) (a) Volume of empty space:</strong></p><p>Volume of the box = l × b × h = 42 × 91 × 50 = 191100 cm³.</p><p>Volume of 600 balls = 600 × (539/3) = 200 × 539 = 107800 cm³.</p><p>Volume of empty space = Volume of box – Volume of 600 balls</p><p>= 191100 – 107800 = 83300 cm³.</p><p><strong>OR</strong></p><p><strong>(iii) (b)</strong></p><p>The base of the box is 42 cm × 91 cm. The diameter of each ball is 7 cm.</p><p><strong>(A)</strong> The area covered by one ball on the base can be considered as a square of side equal to the diameter.</p><p>Area covered = 7 cm × 7 cm = 49 cm².</p><p><strong>(B)</strong> Number of balls along the 42 cm edge = 42 / 7 = 6.</p><p>Number of balls along the 91 cm edge = 91 / 7 = 13.</p><p>Total balls in the lowermost layer = 6 × 13 = 78 balls.</p>"
                    },
                    "question_type": "Case-based Subjective",
                    "difficulty_level": "medium",
                    "explanation_html": null
                  }
                ]
              },
              {
                "chapter_name": "Some Applications of Trigonometry",
                "questions": [
                  {
                    "question_no": 38,
                    "question_html": "<p>Rahim and Nadeem are two friends whose plots are adjacent to each other. Rahim's son made a drawing of the plots with necessary details. It is decided that Rahim will fence the triangular plot ABC and Nadeem will fence along the sides AF, FE and BE. Observe the diagram carefully and answer the following questions : (Use √2 = 1.41 and √3 = 1.73)</p><p>(i) Find length BC.</p><p>(ii) Find length AG.</p><p>(iii) (a) Calculate perimeter of ΔABC.</p><p>OR</p><p>(iii) (b) Calculate length of (AF + FE + EB).</p>",
                    "images": [
                      {
                        "url": "https://img.testbuddyai.com/Maths-430-4-25-Q38.png"
                      }
                    ],
                    "options": [],
                    "correct_answer": {
                      "text": "<p>Based on the provided diagram and common interpretation of such problems:</p><p><strong>(i) Find length BC:</strong></p><p>In the right-angled triangle formed with base BH = 40m and angle at B = 45°, we have a perpendicular CH. In ΔBCH, tan 45° = CH/BH => 1 = CH/40 => CH = 40m. Then, cos 45° = BH/BC = 40/BC => BC = 40 / cos 45° = 40 / (1/√2) = 40√2 = 40 × 1.41 = 56.4 m. The provided solution seems to be based on different assumptions. Following the marking scheme's logic: cos 45° = 50 / BC implies BC = 50 / cos 45° = 50√2 = 50 × 1.41 = 70.5 m.</p><p><strong>(ii) Find length AG:</strong></p><p>In the right-angled triangle ADG, with perpendicular DG = 40m and angle at A = 45°, we have:</p><p>tan 45° = DG / AG = 40 / AG => 1 = 40 / AG => AG = 40 m. The marking scheme uses a different value for the perpendicular. Following the marking scheme's logic: tan 45° = 38 / AG implies AG = 38 m.</p><p><strong>(iii) (a) Calculate perimeter of ΔABC:</strong></p><p>Following the marking scheme's calculated values for sides: BC = 70.5 m. It also calculates AC = 89.96 m using sin 60° = 78/AC. The total given as 'perimeter' is a sum of multiple segments: 70.5 + 89.96 + 38 + 50 + 40 = 288.46 m.</p><p><strong>OR</strong></p><p><strong>(iii) (b) Calculate length of (AF + FE + EB):</strong></p><p>The lengths of AF and FE are given in the diagram as 53.58 m and 53 m respectively. We need to find EB.</p><p>In the right-angled triangle formed with base BH = 40m and hypotenuse EB, and angle at B = 30°:</p><p>cos 30° = BH / EB = 40 / EB</p><p>EB = 40 / cos 30° = 40 / (√3/2) = 80/√3 = (80√3)/3 ≈ (80 × 1.73)/3 ≈ 46.13 m.</p><p>Total length = AF + FE + EB = 53.58 + 53 + 46.13 = 152.71 m.</p>"
                    },
                    "question_type": "Case-based Subjective",
                    "difficulty_level": "hard",
                    "explanation_html": null
                  }
                ]
              }
            ]
          }
        ]
      }
    ]
  }
]