[
  {
    "exam_name_actual": "CBSE Board - Class 12 - Science",
    "main_exam_id_name_ref": "CBSE Board - Class 12 - Science",
    "years": [
      {
        "year": "2023",
        "papers_or_subjects": [
          {
            "paper_name": "CBSE Class 12 Science (Chemistry) Paper 2023 (QP Code: 56/4/1)",
            "subject_name": "Chemistry",
            "chapters": [
              {
                "chapter_name": "Solutions",
                "questions": [
                  {
                    "question_no": 1,
                    "question_html": "<p>A compound undergoes complete tetramerization in a given organic solvent. The Van't Hoff factor 'i' is :</p>",
                    "options": [
                      {
                        "id": "a",
                        "text": "4.0"
                      },
                      {
                        "id": "b",
                        "text": "0.25"
                      },
                      {
                        "id": "c",
                        "text": "0.125"
                      },
                      {
                        "id": "d",
                        "text": "2.0"
                      }
                    ],
                    "correct_answer": {
                      "ids": [
                        "b"
                      ]
                    },
                    "question_type": "mcq_single",
                    "difficulty_level": "easy",
                    "explanation_html": "<p>For association, the Van't Hoff factor 'i' is the ratio of the observed number of particles to the expected number of particles. When a compound undergoes complete tetramerization, four individual molecules associate to form a single particle. Therefore, n = 4. The Van't Hoff factor is calculated as i = 1/n = 1/4 = 0.25.</p>"
                  }
                ]
              },
              {
                "chapter_name": "Chemical Kinetics",
                "questions": [
                  {
                    "question_no": 2,
                    "question_html": "<p>The half-life for a zero order reaction equals :</p>",
                    "options": [
                      {
                        "id": "a",
                        "text": "2k/R"
                      },
                      {
                        "id": "b",
                        "text": "1k/2R²"
                      },
                      {
                        "id": "c",
                        "text": "R²/2k"
                      },
                      {
                        "id": "d",
                        "text": "R/2k"
                      }
                    ],
                    "correct_answer": {
                      "ids": [
                        "d"
                      ]
                    },
                    "question_type": "mcq_single",
                    "difficulty_level": "easy",
                    "explanation_html": "<p>For a zero-order reaction, the integrated rate law is [R] = -kt + [R]₀, where [R] is the concentration at time t, [R]₀ (or R) is the initial concentration, and k is the rate constant. At half-life (t = t₁/₂), the concentration [R] is half of the initial concentration, so [R] = R/2. Substituting these values into the equation: R/2 = -kt₁/₂ + R. Rearranging the equation to solve for t₁/₂: kt₁/₂ = R - R/2 = R/2. Therefore, t₁/₂ = R/2k.</p>"
                  }
                ]
              },
              {
                "chapter_name": "The d- and f-Block Elements",
                "questions": [
                  {
                    "question_no": 4,
                    "question_html": "<p>The ions of metals of Group 12 (Zn, Cd and Hg) have completely filled d orbitals and so they :</p>",
                    "options": [
                      {
                        "id": "a",
                        "text": "behave like semiconductors"
                      },
                      {
                        "id": "b",
                        "text": "are very high melting solids"
                      },
                      {
                        "id": "c",
                        "text": "do not behave like transition metals"
                      },
                      {
                        "id": "d",
                        "text": "behave like superconductors"
                      }
                    ],
                    "correct_answer": {
                      "ids": [
                        "c"
                      ]
                    },
                    "question_type": "mcq_single",
                    "difficulty_level": "easy",
                    "explanation_html": "<p>Transition metals are defined as elements which have an incompletely filled d sub-shell either in their ground state or in any one of their common oxidation states. The elements of Group 12, Zinc (Zn), Cadmium (Cd), and Mercury (Hg), have a completely filled d-orbital (d¹⁰ configuration) in their ground state as well as in their most common oxidation state of +2. Because they do not meet the definition of having an incomplete d-orbital, they are not considered typical transition metals.</p>"
                  }
                ]
              },
              {
                "chapter_name": "Coordination Compounds",
                "questions": [
                  {
                    "question_no": 5,
                    "question_html": "<p>[Co(NH₃)₅NO₃]SO₄ and [Co(NH₃)₅SO₄]NO₃ exhibit :</p>",
                    "options": [
                      {
                        "id": "a",
                        "text": "linkage isomerism"
                      },
                      {
                        "id": "b",
                        "text": "ionization isomerism"
                      },
                      {
                        "id": "c",
                        "text": "optical isomerism"
                      },
                      {
                        "id": "d",
                        "text": "coordination isomerism"
                      }
                    ],
                    "correct_answer": {
                      "ids": [
                        "b"
                      ]
                    },
                    "question_type": "mcq_single",
                    "difficulty_level": "easy",
                    "explanation_html": "<p>Ionization isomerism occurs when the counter ion in a complex salt is itself a potential ligand and can displace a ligand from the coordination sphere. In the given pair, [Co(NH₃)₅NO₃]SO₄ has a sulfate ion as the counter ion and a nitrate ion as a ligand. Its isomer, [Co(NH₃)₅SO₄]NO₃, has the sulfate ion as a ligand and the nitrate ion as the counter ion. Since they have the same composition but yield different ions in solution, they are ionization isomers.</p>"
                  }
                ]
              },
              {
                "chapter_name": "Haloalkanes and Haloarenes",
                "questions": [
                  {
                    "question_no": 6,
                    "question_html": "<p>Reaction of 1-phenyl-2-chloropropane with alcoholic KOH gives mainly :</p>",
                    "options": [
                      {
                        "id": "a",
                        "text": "1-phenylpropene"
                      },
                      {
                        "id": "b",
                        "text": "3-phenylpropene"
                      },
                      {
                        "id": "c",
                        "text": "1-phenylpropan-3-ol"
                      },
                      {
                        "id": "d",
                        "text": "1-phenylpropan-2-ol"
                      }
                    ],
                    "correct_answer": {
                      "ids": [
                        "a"
                      ]
                    },
                    "question_type": "mcq_single",
                    "difficulty_level": "medium",
                    "explanation_html": "<p>The reaction of an alkyl halide with alcoholic KOH is a dehydrohalogenation reaction, which is a type of β-elimination. According to Saytzeff's rule, in dehydrohalogenation reactions, the preferred product is the alkene that has the greater number of alkyl groups attached to the double-bonded carbon atoms (i.e., the more substituted and more stable alkene). In the case of 1-phenyl-2-chloropropane, elimination leads to the formation of 1-phenylpropene, where the double bond is in conjugation with the benzene ring. This conjugation provides extra stability, making it the major product.</p>"
                  }
                ]
              },
              {
                "chapter_name": "Alcohols, Phenols and Ethers",
                "questions": [
                  {
                    "question_no": 7,
                    "question_html": "<p>When diethyl ether is heated with excess of HI, it produces :</p>",
                    "options": [
                      {
                        "id": "a",
                        "text": "ethanol"
                      },
                      {
                        "id": "b",
                        "text": "iodoform"
                      },
                      {
                        "id": "c",
                        "text": "methyl iodide"
                      },
                      {
                        "id": "d",
                        "text": "ethyl iodide"
                      }
                    ],
                    "correct_answer": {
                      "ids": [
                        "d"
                      ]
                    },
                    "question_type": "mcq_single",
                    "difficulty_level": "medium",
                    "explanation_html": "<p>The cleavage of ethers with hydrogen halides (like HI) follows a nucleophilic substitution mechanism. The reaction initially produces one molecule of an alcohol and one molecule of an alkyl halide. In this case, CH₃CH₂OCH₂CH₃ + HI → CH₃CH₂I + CH₃CH₂OH. However, since the problem states that HI is used in excess, the ethanol (CH₃CH₂OH) formed in the first step will react further with excess HI to produce another molecule of ethyl iodide. The reaction is: CH₃CH₂OH + HI → CH₃CH₂I + H₂O. Therefore, the final product is two molecules of ethyl iodide.</p>"
                  }
                ]
              },
              {
                "chapter_name": "Amines",
                "questions": [
                  {
                    "question_no": 8,
                    "question_html": "<p>The reduction of ethanenitrile with sodium and alcohol gives :</p>",
                    "options": [
                      {
                        "id": "a",
                        "text": "1-aminopropane"
                      },
                      {
                        "id": "b",
                        "text": "1-aminoethane"
                      },
                      {
                        "id": "c",
                        "text": "Ethanoic acid"
                      },
                      {
                        "id": "d",
                        "text": "Ethanamide"
                      }
                    ],
                    "correct_answer": {
                      "ids": [
                        "b"
                      ]
                    },
                    "question_type": "mcq_single",
                    "difficulty_level": "easy",
                    "explanation_html": "<p>This reaction is known as the Mendius reduction. Nitriles (or cyanides) are reduced to primary amines using reducing agents like sodium in ethanol (Na/C₂H₅OH) or lithium aluminium hydride (LiAlH₄). In this case, ethanenitrile (CH₃C≡N) is reduced by the addition of four hydrogen atoms across the triple bond to form 1-aminoethane (ethylamine, CH₃CH₂NH₂).</p>"
                  }
                ]
              },
              {
                "chapter_name": "Electrochemistry",
                "questions": [
                  {
                    "question_no": 9,
                    "question_html": "<p>How many Faradays are required to reduce 1 mol of MnO₄⁻ to Mn²⁺ ?</p>",
                    "options": [
                      {
                        "id": "a",
                        "text": "4"
                      },
                      {
                        "id": "b",
                        "text": "3"
                      },
                      {
                        "id": "c",
                        "text": "6"
                      },
                      {
                        "id": "d",
                        "text": "5"
                      }
                    ],
                    "correct_answer": {
                      "ids": [
                        "d"
                      ]
                    },
                    "question_type": "mcq_single",
                    "difficulty_level": "medium",
                    "explanation_html": "<p>To solve this, we must first determine the change in the oxidation state of manganese (Mn). In the permanganate ion (MnO₄⁻), the oxidation state of Mn is +7. The final oxidation state is given as +2 in the Mn²⁺ ion. The change in oxidation state is (+7) - (+2) = 5. This means that 5 moles of electrons are gained for every mole of MnO₄⁻ that is reduced. By definition, one Faraday is the charge of one mole of electrons. Therefore, 5 Faradays of charge are required to reduce 1 mole of MnO₄⁻ to Mn²⁺.</p>"
                  }
                ]
              },
              {
                "chapter_name": "Chemical Kinetics",
                "questions": [
                  {
                    "question_no": 10,
                    "question_html": "<p>In a reaction, the initial concentration of the reactants increases four fold and the rate becomes sixteen times its initial value. The order of the reaction is :</p>",
                    "options": [
                      {
                        "id": "a",
                        "text": "2.0"
                      },
                      {
                        "id": "b",
                        "text": "3.5"
                      },
                      {
                        "id": "c",
                        "text": "1.5"
                      },
                      {
                        "id": "d",
                        "text": "2.5"
                      }
                    ],
                    "correct_answer": {
                      "ids": [
                        "a"
                      ]
                    },
                    "question_type": "mcq_single",
                    "difficulty_level": "easy",
                    "explanation_html": "<p>Let the rate law for the reaction be Rate = k[Concentration]ⁿ, where 'n' is the order of the reaction. Let the initial rate be R₁ and initial concentration be C₁. So, R₁ = k(C₁)ⁿ. According to the problem, when the concentration is increased four-fold (C₂ = 4C₁), the rate becomes sixteen times its initial value (R₂ = 16R₁). So, 16R₁ = k(4C₁)ⁿ. Dividing the second equation by the first gives: 16R₁/R₁ = k(4C₁)ⁿ / k(C₁)ⁿ. This simplifies to 16 = 4ⁿ. To find n, we can see that 4² = 16. Thus, the order of the reaction (n) is 2.</p>"
                  }
                ]
              },
              {
                "chapter_name": "Biomolecules",
                "questions": [
                  {
                    "question_no": 11,
                    "question_html": "<p>On hydrolysis, which of the following carbohydrates gives only glucose ?</p>",
                    "options": [
                      {
                        "id": "a",
                        "text": "Maltose"
                      },
                      {
                        "id": "b",
                        "text": "Sucrose"
                      },
                      {
                        "id": "c",
                        "text": "Lactose"
                      },
                      {
                        "id": "d",
                        "text": "Galactose"
                      }
                    ],
                    "correct_answer": {
                      "ids": [
                        "a"
                      ]
                    },
                    "question_type": "mcq_single",
                    "difficulty_level": "easy",
                    "explanation_html": "<p>Maltose is a disaccharide made up of two α-glucose units linked by an α-1,4 glycosidic bond. Therefore, upon hydrolysis, it yields two molecules of glucose. Sucrose hydrolyzes to glucose and fructose. Lactose hydrolyzes to glucose and galactose. Galactose is a monosaccharide and does not undergo hydrolysis.</p>"
                  },
                  {
                    "question_no": 12,
                    "question_html": "<p>Deficiency of which of the following vitamins causes Pernicious anaemia ?</p>",
                    "options": [
                      {
                        "id": "a",
                        "text": "Vitamin B₁"
                      },
                      {
                        "id": "b",
                        "text": "Vitamin B₂"
                      },
                      {
                        "id": "c",
                        "text": "Vitamin B₆"
                      },
                      {
                        "id": "d",
                        "text": "Vitamin B₁₂"
                      }
                    ],
                    "correct_answer": {
                      "ids": [
                        "d"
                      ]
                    },
                    "question_type": "mcq_single",
                    "difficulty_level": "easy",
                    "explanation_html": "<p>Pernicious anaemia is a type of vitamin B₁₂ deficiency anemia. It's a condition where the body can't make enough healthy red blood cells because it doesn't have enough vitamin B₁₂ (cobalamin). Vitamin B₁₂ is crucial for the formation of red blood cells and the functioning of the nervous system.</p>"
                  }
                ]
              },
              {
                "chapter_name": "Aldehydes, Ketones and Carboxylic Acids",
                "questions": [
                  {
                    "question_no": 13,
                    "question_html": "<p>C₆H₅CHO + CH₃COCH₃ --(OH⁻/Δ)--> C₆H₅CH = CH – COCH₃. This reaction is known as :</p>",
                    "options": [
                      {
                        "id": "a",
                        "text": "Aldol condensation"
                      },
                      {
                        "id": "b",
                        "text": "Cross-Aldol condensation"
                      },
                      {
                        "id": "c",
                        "text": "Cannizzaro's reaction"
                      },
                      {
                        "id": "d",
                        "text": "Friedel-Crafts reaction"
                      }
                    ],
                    "correct_answer": {
                      "ids": [
                        "b"
                      ]
                    },
                    "question_type": "mcq_single",
                    "difficulty_level": "medium",
                    "explanation_html": "<p>The reaction shown is an aldol condensation between two different carbonyl compounds: benzaldehyde (an aldehyde with no α-hydrogens) and acetone (a ketone with α-hydrogens). When an aldol condensation occurs between two different aldehydes or ketones, it is called a cross-aldol condensation. Specifically, this is a Claisen-Schmidt condensation, a type of cross-aldol reaction where an aldehyde or ketone with an α-hydrogen undergoes condensation with an aromatic carbonyl compound lacking an α-hydrogen.</p>"
                  }
                ]
              },
              {
                "chapter_name": "Coordination Compounds",
                "questions": [
                  {
                    "question_no": 14,
                    "question_html": "<p>In which of the following does the central atom exhibit an oxidation state of +3 ?</p>",
                    "options": [
                      {
                        "id": "a",
                        "text": "K₂[Ni(CN)₄]"
                      },
                      {
                        "id": "b",
                        "text": "K₄[Fe(CN)₆]"
                      },
                      {
                        "id": "c",
                        "text": "[Fe(C₂O₄)₃]³⁻"
                      },
                      {
                        "id": "d",
                        "text": "[Cu(NH₃)₄]²⁺"
                      }
                    ],
                    "correct_answer": {
                      "ids": [
                        "c"
                      ]
                    },
                    "question_type": "mcq_single",
                    "difficulty_level": "medium",
                    "explanation_html": "<p>To determine the oxidation state, let 'x' be the oxidation state of the central metal atom. We analyze each option:</p><p>(a) In K₂[Ni(CN)₄]: 2(+1) + x + 4(-1) = 0 &rArr; x = +2 for Ni.</p><p>(b) In K₄[Fe(CN)₆]: 4(+1) + x + 6(-1) = 0 &rArr; x = +2 for Fe.</p><p>(c) In [Fe(C₂O₄)₃]³⁻: The oxalate ligand (C₂O₄) has a charge of -2. So, x + 3(-2) = -3 &rArr; x - 6 = -3 &rArr; x = +3 for Fe.</p><p>(d) In [Cu(NH₃)₄]²⁺: The ammonia ligand (NH₃) is neutral (charge of 0). So, x + 4(0) = +2 &rArr; x = +2 for Cu.</p><p>Therefore, the central atom has an oxidation state of +3 in [Fe(C₂O₄)₃]³⁻.</p>"
                  }
                ]
              },
              {
                "chapter_name": "Solutions",
                "questions": [
                  {
                    "question_no": 15,
                    "question_html": "<p><b>Assertion (A) :</b> When NaCl is added to water, a depression in freezing point is observed.</p><p><b>Reason (R) :</b> The lowering of vapour pressure of a solution causes depression in the freezing point.</p>",
                    "options": [
                      {
                        "id": "a",
                        "text": "Both Assertion (A) and Reason (R) are true and Reason (R) is the correct explanation of the Assertion (A)."
                      },
                      {
                        "id": "b",
                        "text": "Both Assertion (A) and Reason (R) are true, but Reason (R) is not the correct explanation of the Assertion (A)."
                      },
                      {
                        "id": "c",
                        "text": "Assertion (A) is true, but Reason (R) is false."
                      },
                      {
                        "id": "d",
                        "text": "Assertion (A) is false, but Reason (R) is true."
                      }
                    ],
                    "correct_answer": {
                      "ids": [
                        "a"
                      ]
                    },
                    "question_type": "mcq_single",
                    "difficulty_level": "easy",
                    "explanation_html": "<p>Assertion (A) is true; adding a non-volatile solute like NaCl to water lowers the freezing point, which is a known colligative property called depression in freezing point. Reason (R) is also true and provides the correct explanation for the assertion. A liquid freezes when its vapour pressure equals that of its solid form. Adding a non-volatile solute lowers the vapour pressure of the liquid solution. Consequently, the solution must be cooled to a lower temperature to reach the point where its vapour pressure equals that of the pure solid solvent. Thus, the lowering of vapour pressure is the direct cause of the depression in freezing point.</p>"
                  }
                ]
              },
              {
                "chapter_name": "Electrochemistry",
                "questions": [
                  {
                    "question_no": 16,
                    "question_html": "<p><b>Assertion (A):</b> Λm for weak electrolytes shows a sharp decrease when the electrolytic solution is diluted.</p><p><b>Reason (R) :</b> For weak electrolytes, degree of dissociation increases with dilution of solution.</p>",
                    "options": [
                      {
                        "id": "a",
                        "text": "Both Assertion (A) and Reason (R) are true and Reason (R) is the correct explanation of the Assertion (A)."
                      },
                      {
                        "id": "b",
                        "text": "Both Assertion (A) and Reason (R) are true, but Reason (R) is not the correct explanation of the Assertion (A)."
                      },
                      {
                        "id": "c",
                        "text": "Assertion (A) is true, but Reason (R) is false."
                      },
                      {
                        "id": "d",
                        "text": "Assertion (A) is false, but Reason (R) is true."
                      }
                    ],
                    "correct_answer": {
                      "ids": [
                        "d"
                      ]
                    },
                    "question_type": "mcq_single",
                    "difficulty_level": "medium",
                    "explanation_html": "<p>The Assertion (A) is false. The molar conductivity (Λm) of a weak electrolyte shows a sharp *increase* upon dilution, not a decrease. This is because dilution increases the degree of dissociation (α) of the weak electrolyte, leading to a significant increase in the total number of ions in the solution, which in turn increases the molar conductivity. The Reason (R) is true. According to Ostwald's dilution law, the degree of dissociation for a weak electrolyte is directly proportional to the square root of the dilution, meaning it increases as the solution is diluted. Since the assertion is false and the reason is true, option (d) is correct.</p>"
                  }
                ]
              },
              {
                "chapter_name": "The d- and f-Block Elements",
                "questions": [
                  {
                    "question_no": 17,
                    "question_html": "<p><b>Assertion (A) :</b> Zr and Hf have almost identical radii.</p><p><b>Reason (R) :</b> Both Zr and Hf exhibit similar properties.</p>",
                    "options": [
                      {
                        "id": "a",
                        "text": "Both Assertion (A) and Reason (R) are true and Reason (R) is the correct explanation of the Assertion (A)."
                      },
                      {
                        "id": "b",
                        "text": "Both Assertion (A) and Reason (R) are true, but Reason (R) is not the correct explanation of the Assertion (A)."
                      },
                      {
                        "id": "c",
                        "text": "Assertion (A) is true, but Reason (R) is false."
                      },
                      {
                        "id": "d",
                        "text": "Assertion (A) is false, but Reason (R) is true."
                      }
                    ],
                    "correct_answer": {
                      "ids": [
                        "b"
                      ]
                    },
                    "question_type": "mcq_single",
                    "difficulty_level": "medium",
                    "explanation_html": "<p>Assertion (A) is true. Due to the lanthanoid contraction, the atomic radius of hafnium (Hf) is nearly identical to that of zirconium (Zr), despite Hf being in the period below Zr. The lanthanoid contraction is the steady decrease in the size of the atoms and ions of the lanthanoid elements with increasing atomic number, which is caused by the poor shielding effect of the 4f electrons. This contraction effectively cancels out the expected increase in size from one period to the next. Reason (R) is also true; the similar radii of Zr and Hf are the cause of their remarkably similar chemical properties. However, the reason (R) is a consequence of the assertion (A), not the explanation for it. The explanation for the identical radii is the lanthanoid contraction itself. Therefore, both statements are true, but (R) is not the correct explanation for (A).</p>"
                  }
                ]
              },
              {
                "chapter_name": "Amines",
                "questions": [
                  {
                    "question_no": 18,
                    "question_html": "<p><b>Assertion (A) :</b> Monobromination of aniline can be conveniently done by protecting the amino group by acetylation.</p><p><b>Reason (R):</b> Acetylation decreases the activating effect of the amino group.</p>",
                    "options": [
                      {
                        "id": "a",
                        "text": "Both Assertion (A) and Reason (R) are true and Reason (R) is the correct explanation of the Assertion (A)."
                      },
                      {
                        "id": "b",
                        "text": "Both Assertion (A) and Reason (R) are true, but Reason (R) is not the correct explanation of the Assertion (A)."
                      },
                      {
                        "id": "c",
                        "text": "Assertion (A) is true, but Reason (R) is false."
                      },
                      {
                        "id": "d",
                        "text": "Assertion (A) is false, but Reason (R) is true."
                      }
                    ],
                    "correct_answer": {
                      "ids": [
                        "a"
                      ]
                    },
                    "question_type": "mcq_single",
                    "difficulty_level": "medium",
                    "explanation_html": "<p>Assertion (A) is true. The amino group (–NH₂) in aniline is highly activating, causing direct bromination to yield the 2,4,6-tribromoaniline precipitate. To achieve controlled monobromination (primarily at the para position), the activating effect of the amino group must be moderated. This is done by protecting the amino group through acetylation with acetic anhydride to form acetanilide. Reason (R) is also true and is the correct explanation for (A). In acetanilide, the lone pair of electrons on the nitrogen is delocalized not only into the benzene ring but also towards the electron-withdrawing carbonyl group. This reduces the electron density on the benzene ring, thereby decreasing the activating effect of the amino group and allowing for controlled electrophilic substitution.</p>"
                  }
                ]
              },
              {
                "chapter_name": "Haloalkanes and Haloarenes",
                "questions": [
                  {
                    "question_no": 19,
                    "question_html": "<p>An alkyl halide (A) of molecular formula C₆H₁₃Cl on treatment with alcoholic KOH gives two isomeric alkenes (B) and (C) of molecular formula C₆H₁₂. Both alkenes on hydrogenation give 2,3-dimethylbutane. Write the structures of (A), (B) and (C).</p>",
                    "options": [],
                    "correct_answer": {
                      "text": "<p>The structures are:</p><p><b>A:</b> 2-Chloro-2,3-dimethylbutane</p><p><b>B:</b> 2,3-Dimethylbut-2-ene (major product)</p><p><b>C:</b> 2,3-Dimethylbut-1-ene (minor product)</p><p><b>Explanation:</b> Since hydrogenation of both alkenes (B and C) gives 2,3-dimethylbutane, the carbon skeleton of the parent alkyl halide (A) must be 2,3-dimethylbutane. The alkyl halide (A) is 2-chloro-2,3-dimethylbutane. Dehydrohalogenation of this tertiary halide with alcoholic KOH yields two alkenes: the more substituted alkene 2,3-dimethylbut-2-ene (B) as the major product (Saytzeff's rule), and the less substituted alkene 2,3-dimethylbut-1-ene (C) as the minor product.</p>"
                    },
                    "question_type": "Very Short Answer (2 marks)",
                    "difficulty_level": "hard",
                    "explanation_html": null
                  }
                ]
              },
              {
                "chapter_name": "Solutions",
                "questions": [
                  {
                    "question_no": 20,
                    "question_html": "<p>(a) What type of deviation from Raoult's law is shown by a mixture of ethanol and acetone ? Give reason.</p><p><b>OR</b></p><p>(b) Define Azeotrope. What type of azeotrope is formed by negative deviation from Raoult's law ? Give an example.</p>",
                    "options": [],
                    "correct_answer": {
                      "text": "<p><b>(a)</b> A mixture of ethanol and acetone shows a <b>positive deviation</b> from Raoult's law.</p><p><b>Reason:</b> In pure ethanol, molecules are held together by strong hydrogen bonds. When acetone is added, its molecules get in between the ethanol molecules, breaking some of the hydrogen bonds. This weakens the intermolecular attractive forces, making it easier for the molecules to escape into the vapor phase. As a result, the vapor pressure of the solution is higher than predicted by Raoult's law.</p><p><b>OR</b></p><p><b>(b) Azeotrope:</b> An azeotrope is a binary liquid mixture that has a constant boiling point and composition throughout distillation. The vapor phase has the same composition as the liquid phase.</p><p>A <b>maximum boiling azeotrope</b> is formed by solutions that show a negative deviation from Raoult's law.</p><p><b>Example:</b> A mixture of nitric acid (68% by mass) and water (32% by mass).</p>"
                    },
                    "question_type": "Very Short Answer (2 marks)",
                    "difficulty_level": "medium",
                    "explanation_html": null
                  }
                ]
              },
              {
                "chapter_name": "Electrochemistry",
                "questions": [
                  {
                    "question_no": 21,
                    "question_html": "<p>Name the cell which :</p><p>(a) was used in Apollo Space programme.</p><p>(b) is used in automobiles and inverters.</p><p>(c) is suitable for hearing aids and watches.</p><p>(d) does not give a steady potential and is used in transistors.</p>",
                    "options": [],
                    "correct_answer": {
                      "text": "<p>(a) <b>Fuel Cell</b> (specifically, the H₂-O₂ fuel cell)</p><p>(b) <b>Lead Storage Battery</b></p><p>(c) <b>Mercury Cell</b></p><p>(d) <b>Dry Cell</b> (Leclanché cell)</p>"
                    },
                    "question_type": "Very Short Answer (2 marks)",
                    "difficulty_level": "easy",
                    "explanation_html": null
                  }
                ]
              },
              {
                "chapter_name": "Chemical Kinetics",
                "questions": [
                  {
                    "question_no": 22,
                    "question_html": "<p>The rate constant for the first order decomposition of N₂O₅ is given by the following equation :</p><p>log k = 23.6 – (2×10⁴K)/T</p><p>Calculate Eₐ for this reaction.</p><p>[R = 8.314 J K⁻¹ mol⁻¹]</p>",
                    "options": [],
                    "correct_answer": {
                      "text": "<p>The activation energy (Eₐ) for this reaction is 3.83 x 10⁵ J mol⁻¹ or 383 kJ mol⁻¹.</p><p><b>Explanation:</b></p><p>The given equation is in the form of the Arrhenius equation, log k = log A - Eₐ / (2.303RT).</p><p>By comparing the given equation with the Arrhenius equation, we can equate the slope terms:</p><p>Eₐ / (2.303RT) = (2 x 10⁴ K) / T</p><p>Canceling 'T' from both sides:</p><p>Eₐ / (2.303R) = 2 x 10⁴ K</p><p>Eₐ = 2 x 10⁴ K * 2.303 * R</p><p>Eₐ = 2 x 10⁴ * 2.303 * 8.314 J mol⁻¹</p><p>Eₐ = 38300 J mol⁻¹ = 3.83 x 10⁵ J mol⁻¹.</p>"
                    },
                    "question_type": "Very Short Answer (2 marks)",
                    "difficulty_level": "medium",
                    "explanation_html": null
                  }
                ]
              },
              {
                "chapter_name": "Alcohols, Phenols and Ethers",
                "questions": [
                  {
                    "question_no": 23,
                    "question_html": "<p>Write the mechanism of the following reaction :</p><p>CH₂ = CH₂ + H₂O --(H⁺)--> CH₃CH₂OH</p>",
                    "options": [],
                    "correct_answer": {
                      "text": "<p>The mechanism for the acid-catalyzed hydration of ethene involves three steps:</p><p><b>Step 1: Protonation of ethene to form a carbocation.</b> The pi (π) bond of ethene attacks a proton (from H₃O⁺) to form a primary carbocation.</p><p>CH₂=CH₂ + H-O⁺H₂ &harr; CH₃-C⁺H₂ + H₂O</p><p><b>Step 2: Nucleophilic attack of water on the carbocation.</b> A molecule of water acts as a nucleophile and attacks the electron-deficient carbocation.</p><p>CH₃-C⁺H₂ + H₂O &harr; CH₃-CH₂-O⁺H₂</p><p><b>Step 3: Deprotonation to form the alcohol.</b> Another water molecule acts as a base and removes a proton from the oxonium ion to form ethanol.</p><p>CH₃-CH₂-O⁺H₂ + H₂O &harr; CH₃-CH₂-OH + H₃O⁺</p>"
                    },
                    "question_type": "Very Short Answer (2 marks)",
                    "difficulty_level": "medium",
                    "explanation_html": null
                  }
                ]
              },
              {
                "chapter_name": "Aldehydes, Ketones and Carboxylic Acids",
                "questions": [
                  {
                    "question_no": 24,
                    "question_html": "<p>(a) Write the products of the following reactions :</p><p>(i) Benzaldehyde with Conc. NaOH</p><p>(ii) Cyclopentanone with semicarbazide (H₂NNHCONH₂)</p><p><b>OR</b></p><p>(b) Do the following conversions in not more than two steps :</p><p>(i) Toluene to Benzoic acid</p><p>(ii) Benzaldehyde to 1-Phenylethanol</p>",
                    "options": [],
                    "correct_answer": {
                      "text": "<p><b>(a) (i)</b> This is a Cannizzaro reaction. The products are <b>Benzyl alcohol (C₆H₅CH₂OH)</b> and <b>Sodium benzoate (C₆H₅COONa)</b>. Benzaldehyde, which lacks α-hydrogens, undergoes self-oxidation and reduction in the presence of a strong base.</p><p><b>(ii)</b> This is a condensation reaction. The product is <b>Cyclopentanone semicarbazone</b>.</p><p><b>OR</b></p><p><b>(b) (i) Toluene to Benzoic acid:</b></p><p>This can be done in one step by strong oxidation. Heat toluene with an alkaline solution of potassium permanganate (KMnO₄-KOH) followed by acidification (H₃O⁺).</p><p><b>(ii) Benzaldehyde to 1-Phenylethanol:</b></p><p><b>Step 1:</b> React benzaldehyde with a Grignard reagent, methyl magnesium bromide (CH₃MgBr), in dry ether.</p><p><b>Step 2:</b> Hydrolyze the resulting adduct with an aqueous acid (H₃O⁺) to yield 1-phenylethanol.</p>"
                    },
                    "question_type": "Very Short Answer (2 marks)",
                    "difficulty_level": "medium",
                    "explanation_html": null
                  }
                ]
              },
              {
                "chapter_name": "Coordination Compounds",
                "questions": [
                  {
                    "question_no": 25,
                    "question_html": "<p>Write IUPAC names of the following coordination entities :</p><p>(a) [Co(NH₃)₄Cl(NO₂)]Cl</p><p>(b) [PtCl₂(en)₂]²⁺</p>",
                    "options": [],
                    "correct_answer": {
                      "text": "<p><b>(a)</b> Tetraamminechloridonitrito-N-cobalt(III) chloride</p><p><b>(b)</b> Dichloridobis(ethane-1,2-diamine)platinum(IV) ion</p>"
                    },
                    "question_type": "Very Short Answer (2 marks)",
                    "difficulty_level": "medium",
                    "explanation_html": null
                  }
                ]
              },
              {
                "chapter_name": "Alcohols, Phenols and Ethers",
                "questions": [
                  {
                    "question_no": 26,
                    "question_html": "<p>(a) (i) Write hydroboration-oxidation reaction with an example.</p><p>(ii) Write the products of the following reaction : Anisole + HBr →</p><p>(iii) Why is p-nitrophenol more acidic than phenol ?</p><p><b>OR</b></p><p>(b) (i) What happens when phenol reacts with (1) Conc. HNO₃, and (2) CHCl₃ in presence of aqueous NaOH followed by acidification ? Write equations only.</p><p>(ii) Why does the reaction of CH₃ONa with (CH₃)₃C–Br give 2-methylpropene and not (CH₃)₃C–OCH₃ ?</p>",
                    "options": [],
                    "correct_answer": {
                      "text": "<p><b>(a) (i) Hydroboration-oxidation reaction:</b> This is a two-step reaction that converts an alkene into an alcohol. It involves the addition of diborane (B₂H₆) to the alkene followed by oxidation with hydrogen peroxide (H₂O₂) in the presence of a base (OH⁻). The reaction follows an anti-Markovnikov addition of water to the double bond.</p><p><b>Example:</b> Propene reacts to form Propan-1-ol. 3CH₃-CH=CH₂ + (BH₃)₂ → (CH₃-CH₂-CH₂)₃B --(H₂O₂/OH⁻)--> 3CH₃-CH₂-CH₂OH + B(OH)₃</p><p><b>(ii)</b> The products are <b>Phenol</b> and <b>Methyl bromide (CH₃Br)</b>. This is due to the cleavage of the O-CH₃ bond, as the O-C₆H₅ bond is stronger due to resonance.</p><p><b>(iii)</b> p-Nitrophenol is more acidic than phenol because the electron-withdrawing nitro group (-NO₂) at the para position helps to stabilize the phenoxide ion formed after the loss of a proton. This stabilization occurs through resonance, which delocalizes the negative charge, making it easier for the phenol to donate a proton.</p><p><b>OR</b></p><p><b>(b) (i) (1)</b> When phenol reacts with concentrated nitric acid, it gives <b>2,4,6-trinitrophenol (Picric acid)</b>.</p><p><b>(2)</b> This is the Reimer-Tiemann reaction. The product is <b>Salicylaldehyde (2-hydroxybenzaldehyde)</b>.</p><p><b>(ii)</b> The reaction of sodium methoxide (CH₃ONa) with tert-butyl bromide ((CH₃)₃C–Br) gives 2-methylpropene because sodium methoxide is not only a strong nucleophile but also a strong base. Since the alkyl halide is tertiary, steric hindrance prevents the Sₙ2 (substitution) reaction. Instead, the strong base abstracts a β-hydrogen, leading to an E2 (elimination) reaction, which forms the alkene 2-methylpropene.</p>"
                    },
                    "question_type": "Short Answer (3 marks)",
                    "difficulty_level": "medium",
                    "explanation_html": null
                  }
                ]
              },
              {
                "chapter_name": "Haloalkanes and Haloarenes",
                "questions": [
                  {
                    "question_no": 27,
                    "question_html": "<p>Account for the following :</p><p>(a) Benzyl chloride is highly reactive towards Sₙ1 reaction.</p><p>(b) (±)-Butan-2-ol is optically inactive, though it contains a chiral carbon atom.</p><p>(c) Chloroform is stored in closed dark coloured bottles.</p>",
                    "options": [],
                    "correct_answer": {
                      "text": "<p><b>(a)</b> Benzyl chloride is highly reactive towards Sₙ1 reaction because the intermediate carbocation formed, the benzyl carbocation (C₆H₅CH₂⁺), is highly stabilized by resonance. The positive charge is delocalized over the entire benzene ring, which greatly stabilizes the intermediate and lowers the activation energy for the reaction.</p><p><b>(b)</b> (±)-Butan-2-ol is optically inactive because it is a racemic mixture. A racemic mixture contains equal amounts of the two enantiomers (d- and l- forms) of the compound. The optical rotation caused by one enantiomer is exactly cancelled by the equal and opposite rotation caused by the other enantiomer, resulting in zero net optical rotation.</p><p><b>(c)</b> Chloroform is stored in closed, dark-colored bottles because in the presence of air (oxygen) and sunlight, it slowly oxidizes to form a highly poisonous gas called phosgene (carbonyl chloride, COCl₂). The dark bottles prevent sunlight from initiating the reaction, and storing it in well-stoppered bottles minimizes contact with air.</p>"
                    },
                    "question_type": "Short Answer (3 marks)",
                    "difficulty_level": "medium",
                    "explanation_html": null
                  }
                ]
              },
              {
                "chapter_name": "Coordination Compounds",
                "questions": [
                  {
                    "question_no": 28,
                    "question_html": "<p>Answer any three of the following questions :</p><p>(a) Explain the type of hybridization in [Fe(CN)₆]³⁻ on the basis of valence bond theory. (Given : Atomic number of Fe = 26)</p><p>(b) Draw the geometrical isomers of [PtCl₂(en)₂]²⁺ ion.</p><p>(c) [NiCl₄]²⁻ is paramagnetic while [Ni(CO)₄] is diamagnetic though both are tetrahedral. Why ?</p><p>(d) Name the type of isomerism when ambidentate ligands are attached to central metal ion. Give one example of ambidentate ligand.</p>",
                    "options": [],
                    "correct_answer": {
                      "text": "<p><b>(a)</b> In [Fe(CN)₆]³⁻, the oxidation state of Fe is +3. Its electronic configuration is [Ar]3d⁵. Cyanide (CN⁻) is a strong-field ligand, causing the pairing of electrons in the 3d orbitals. This results in one unpaired electron and two vacant 3d orbitals. These two 3d orbitals, along with one 4s and three 4p orbitals, undergo hybridization. Therefore, the hybridization is <b>d²sp³</b> (inner orbital octahedral complex).</p><p><b>(b)</b> The complex [PtCl₂(en)₂]²⁺ has two geometrical isomers: <b>cis</b> and <b>trans</b>.</p><p><b>(c)</b> In [NiCl₄]²⁻, Ni has an oxidation state of +2 (3d⁸). Cl⁻ is a weak-field ligand, so it does not cause electron pairing. The two unpaired electrons in the 3d orbitals make the complex paramagnetic. Its hybridization is sp³.</p><p>In [Ni(CO)₄], Ni has an oxidation state of 0 (3d⁸4s²). CO is a strong-field ligand, causing the 4s electrons to pair up with the 3d electrons, resulting in a 3d¹⁰ configuration. Since there are no unpaired electrons, the complex is diamagnetic. Its hybridization is sp³.</p><p><b>(d)</b> The isomerism is called <b>Linkage Isomerism</b>. It occurs when a ligand can coordinate to the central metal ion through different atoms.</p><p><b>Example:</b> The nitrite ion (NO₂⁻) can bind through the nitrogen atom (as -NO₂, nitro) or through an oxygen atom (as -ONO, nitrito).</p>"
                    },
                    "question_type": "Short Answer (3 marks)",
                    "difficulty_level": "hard",
                    "explanation_html": null
                  }
                ]
              },
              {
                "chapter_name": "Solutions",
                "questions": [
                  {
                    "question_no": 29,
                    "question_html": "<p>If benzoic acid (M = 122 g mol⁻¹) is associated into a dimer when dissolved in benzene and the osmotic pressure of a solution of 6.1 g of benzoic acid in 100 mL benzene is 6.5 atm at 27°C, then what is the percentage association of benzoic acid ?</p><p>(Given : R = 0.0821 L atm K⁻¹ mol⁻¹)</p>",
                    "options": [],
                    "correct_answer": {
                      "text": "<p>The percentage association of benzoic acid is 94.4%.</p><p><b>Calculation:</b></p><p><b>1. Calculate the theoretical osmotic pressure (π_theoretical) assuming no association.</b></p><p>Molarity (M) = (moles of solute) / (Volume of solution in L) = (6.1 g / 122 g mol⁻¹) / (0.100 L) = 0.5 M</p><p>T = 27°C = 300 K</p><p>π_theoretical = MRT = 0.5 * 0.0821 * 300 = 12.315 atm</p><p><b>2. Calculate the Van't Hoff factor (i).</b></p><p>i = (Observed osmotic pressure) / (Theoretical osmotic pressure) = 6.5 atm / 12.315 atm ≈ 0.528</p><p><b>3. Calculate the degree of association (α).</b></p><p>For dimerization, n = 2.</p><p>α = (1 - i) / (1 - 1/n) = (1 - 0.528) / (1 - 1/2) = 0.472 / 0.5 = 0.944</p><p><b>Percentage association = α * 100 = 94.4%</b></p>"
                    },
                    "question_type": "Short Answer (3 marks)",
                    "difficulty_level": "hard",
                    "explanation_html": null
                  }
                ]
              },
              {
                "chapter_name": "Chemical Kinetics",
                "questions": [
                  {
                    "question_no": 30,
                    "question_html": "<p>The following data were obtained during the first order thermal decomposition of C₂H₅Cl at a constant volume :</p><p>C₂H₅Cl (g) → C₂H₄ (g) + HCl (g)</p><p>Experiment 1: Time = 0 s⁻¹, Total pressure = 0.4 atm</p><p>Experiment 2: Time = 100 s⁻¹, Total pressure = 0.6 atm</p><p>Calculate the rate constant.</p><p>(Given : log 2 = 0.3010, log 3 = 0.4771, log 4 = 0.6021)</p>",
                    "options": [],
                    "correct_answer": {
                      "text": "<p>The rate constant (k) is 0.0069 s⁻¹.</p><p><b>Calculation:</b></p><p>The integrated rate law for a first-order gas-phase reaction is k = (2.303/t) * log(Pᵢ / (2Pᵢ - Pₜ)), where Pᵢ is the initial pressure and Pₜ is the total pressure at time t.</p><p>Given: Pᵢ = 0.4 atm, t = 100 s, Pₜ = 0.6 atm.</p><p>k = (2.303 / 100) * log (0.4 / (2*0.4 - 0.6))</p><p>k = (2.303 / 100) * log (0.4 / (0.8 - 0.6))</p><p>k = (2.303 / 100) * log (0.4 / 0.2)</p><p>k = (2.303 / 100) * log(2)</p><p>k = (2.303 / 100) * 0.3010</p><p>k ≈ 0.00693 s⁻¹</p>"
                    },
                    "question_type": "Short Answer (3 marks)",
                    "difficulty_level": "hard",
                    "explanation_html": null
                  }
                ]
              },
              {
                "chapter_name": "Biomolecules",
                "questions": [
                  {
                    "question_no": 31,
                    "question_html": "<p>Living systems are made up of various complex biomolecules like carbohydrates, proteins, nucleic acids, lipids, etc. Carbohydrates are optically active polyhydroxy aldehydes or ketones or molecules which provide such units on hydrolysis... Proteins are polymers of α-amino acids which are linked by peptide bonds. Ten amino acids are called essential amino acids...</p><p>Answer the following questions :</p><p>(i) What is the difference between a glycosidic linkage and peptide linkage ?</p><p>(ii) Which amino acids are called essential amino acids ?</p><p>(iii) What are the common types of secondary structures of proteins ? Write any two forces which stabilise the secondary and tertiary structures of protein.</p><p><b>OR</b></p><p>(iii) Define denaturation of protein with an example. During denaturation which structures of protein lose their biological activity ?</p>",
                    "options": [],
                    "correct_answer": {
                      "text": "<p><b>(i)</b> A <b>glycosidic linkage</b> is an ether bond (-O-) that joins two monosaccharide units in carbohydrates. A <b>peptide linkage</b> is an amide bond (-CO-NH-) that joins two amino acid units in proteins.</p><p><b>(ii)</b> <b>Essential amino acids</b> are those that cannot be synthesized by the human body and must be obtained through the diet.</p><p><b>(iii)</b> The common types of secondary structures of proteins are the <b>α-helix</b> and the <b>β-pleated sheet</b>. Two forces that stabilize secondary and tertiary structures are <b>hydrogen bonds</b> and <b>disulfide linkages</b>. (Other correct forces include van der Waals forces and electrostatic forces of attraction).</p><p><b>OR</b></p><p><b>(iii) Denaturation</b> is the process in which the native, folded structure of a protein is disrupted, leading to the loss of its biological activity. This can be caused by changes in temperature, pH, or exposure to chemicals.</p><p><b>Example:</b> The curdling of milk or the coagulation of egg white upon heating.</p><p>During denaturation, the <b>secondary and tertiary structures</b> of the protein are destroyed, while the primary structure (the sequence of amino acids) remains intact.</p>"
                    },
                    "question_type": "Case-based Subjective",
                    "difficulty_level": "medium",
                    "explanation_html": null
                  }
                ]
              },
              {
                "chapter_name": "Amines",
                "questions": [
                  {
                    "question_no": 32,
                    "question_html": "<p>Amines are usually formed from nitro compounds, halides, amides, imides, etc... In alkyl amines, a combination of electron releasing, steric and hydrogen bonding factors influence the stability of the substituted ammonium cations... and thus affect the basic nature of amines.</p><p>Answer the following questions :</p><p>(i) Arrange the following in the increasing order of their pKₑ values in aqueous solution : C₂H₅NH₂, (C₂H₅)₂NH, (C₂H₅)₃N</p><p>(ii) Aniline on nitration gives a substantial amount of m-nitroaniline, though amino group is o/p directing. Why ?</p><p>(iii) An aromatic compound ‘A’ of molecular formula C₇H₆O₂ on treatment with aqueous ammonia and heating forms compound ‘B’. Compound ‘B’ on heating with Br₂ and aqueous KOH gives a compound ‘C’ of molecular formula C₆H₇N. Write the structures of A, B and C.</p><p><b>OR</b></p><p>(iii) Complete the following reactions giving main products :</p><p>(1) Aniline + Br₂(aq) →</p><p>(2) Benzenediazonium chloride with (i) HBF₄ (ii) NaNO₂/Cu, Δ →</p>",
                    "options": [],
                    "correct_answer": {
                      "text": "<p><b>(i)</b> A higher pKₑ value corresponds to a weaker base. The basic strength in aqueous solution is (C₂H₅)₂NH > (C₂H₅)₃N > C₂H₅NH₂. Therefore, the increasing order of pKₑ values is: <b>(C₂H₅)₂NH < (C₂H₅)₃N < C₂H₅NH₂</b>.</p><p><b>(ii)</b> In the strongly acidic medium used for nitration, a significant portion of aniline is protonated to form the anilinium ion (-NH₃⁺). The anilinium group is an electron-withdrawing and meta-directing group, leading to the formation of a substantial amount of m-nitroaniline along with the expected ortho and para isomers.</p><p><b>(iii)</b> <b>A</b> is Benzoic acid (C₆H₅COOH). <b>B</b> is Benzamide (C₆H₅CONH₂). <b>C</b> is Aniline (C₆H₅NH₂). This is a Hofmann bromamide degradation reaction.</p><p><b>OR</b></p><p><b>(iii) (1)</b> The main product is <b>2,4,6-tribromoaniline</b>, a white precipitate.</p><p><b>(2)</b> This is a two-step reaction. First, the Balz-Schiemann reaction gives fluorobenzene. Then, heating with NaNO₂/Cu gives <b>nitrobenzene</b>.</p>"
                    },
                    "question_type": "Case-based Subjective",
                    "difficulty_level": "hard",
                    "explanation_html": null
                  }
                ]
              },
              {
                "chapter_name": "Electrochemistry",
                "questions": [
                  {
                    "question_no": 33,
                    "question_html": "<p>(a) (i) Calculate the emf of the following cell at 298 K :</p><p>Al(s) | Al³⁺(0.001 M) || Ni²⁺(0.1 M) | Ni(s)</p><p>[Given : E°<sub>Al³⁺/Al</sub> = –1.66 V, E°<sub>Ni²⁺/Ni</sub> = –0.25 V, log 10 = 1]</p><p>(ii) With the help of a graph explain why it is not possible to determine Λₘ for a weak electrolyte by extrapolating the molar conductivity (Λₘ) versus C¹/² curve as for strong electrolyte.</p><p><b>OR</b></p><p>(b) (i) The molar conductivities of NH₄⁺ and Cl⁻ ion are 73.8 S cm² mol⁻¹ and 76.2 S cm² mol⁻¹ respectively. The conductivity of 0.1 M NH₄Cl is 1.29 × 10⁻² S cm⁻¹. Calculate its molar conductivity and degree of dissociation.</p><p>(ii) Calculate the half-cell potential at 298 K for the reaction</p><p>Zn²⁺ + 2e⁻ → Zn if [Zn²⁺] = 0.1 M and E°<sub>Zn²⁺/Zn</sub> = –0.76 V.</p>",
                    "options": [],
                    "correct_answer": {
                      "text": "<p><b>(a) (i)</b> The emf of the cell is <b>1.4395 V</b>.</p><p><b>Calculation:</b> E°<sub>cell</sub> = E°<sub>cathode</sub> - E°<sub>anode</sub> = -0.25 - (-1.66) = 1.41 V. The cell reaction is 2Al(s) + 3Ni²⁺(aq) → 2Al³⁺(aq) + 3Ni(s), so n=6. Using Nernst equation: E<sub>cell</sub> = E°<sub>cell</sub> - (0.059/n)log([Al³⁺]²/[Ni²⁺]³). E<sub>cell</sub> = 1.41 - (0.059/6)log([0.001]²/[0.1]³) = 1.41 - (0.059/6)log(10⁻³) = 1.41 + (0.059*3)/6 = 1.41 + 0.0295 = 1.4395 V.</p><p><b>(ii)</b> For a weak electrolyte, the molar conductivity (Λₘ) increases steeply on dilution, especially at low concentrations, because the degree of dissociation increases. The graph of Λₘ vs. √C does not give a straight line; it becomes almost parallel to the y-axis at low concentrations. Therefore, it cannot be extrapolated to zero concentration (infinite dilution) to find the limiting molar conductivity (Λ°ₘ).</p><p><b>OR</b></p><p><b>(b) (i)</b> Λ°ₘ(NH₄Cl) = Λ°ₘ(NH₄⁺) + Λ°ₘ(Cl⁻) = 73.8 + 76.2 = 150.0 S cm² mol⁻¹.</p><p><b>Molar conductivity (Λₘ)</b> = (κ * 1000) / C = (1.29 x 10⁻² * 1000) / 0.1 = <b>129 S cm² mol⁻¹</b>.</p><p><b>Degree of dissociation (α)</b> = Λₘ / Λ°ₘ = 129 / 150.0 = <b>0.86</b>.</p><p><b>(ii)</b> The half-cell potential is <b>-0.7895 V</b>.</p><p><b>Calculation:</b> Using the Nernst equation for the half-cell: E = E° - (0.059/n)log(1/[Zn²⁺]). E = -0.76 - (0.059/2)log(1/0.1) = -0.76 - 0.0295 * log(10) = -0.76 - 0.0295 = -0.7895 V.</p>"
                    },
                    "question_type": "Long Answer (5 marks)",
                    "difficulty_level": "hard",
                    "explanation_html": null
                  }
                ]
              },
              {
                "chapter_name": "The d- and f-Block Elements",
                "questions": [
                  {
                    "question_no": 34,
                    "question_html": "<p>(a) (i) Account for the following :</p><p>(1) Zn²⁺ salts are colourless while Ni²⁺ salts are coloured.</p><p>(2) Cr²⁺ is a strong reducing agent.</p><p>(3) Transition metals and their compounds show catalytic activities.</p><p>(ii) Write the ionic equations for the oxidizing action of MnO₄⁻ in acidic medium with (1) I⁻ ion, and (2) Fe²⁺ ion.</p><p><b>OR</b></p><p>(b) (i) Name two oxometal anions of the 3d series of the transition metals in which the metal exhibits the oxidation state equal to its group number.</p><p>(ii) What is the effect of increasing pH on a solution of K₂Cr₂O₇ ?</p><p>(iii) Why is Cu⁺ not stable in aqueous solution ?</p><p>(iv) Name a member of Lanthanoid series which is well-known to exhibit +4 oxidation state.</p><p>(v) Name two elements of 3d series which show anomalous electronic configuration.</p>",
                    "options": [],
                    "correct_answer": {
                      "text": "<p><b>(a) (i) (1)</b> Zn²⁺ (3d¹⁰) has a completely filled d-orbital, so no d-d electron transition is possible, making its salts colorless. Ni²⁺ (3d⁸) has two unpaired electrons, allowing for d-d transitions by absorbing light from the visible region, which makes its salts colored.</p><p><b>(2)</b> Cr²⁺ is a strong reducing agent because when it is oxidized to Cr³⁺, its configuration changes from 3d⁴ to 3d³, which is a more stable configuration (t₂g³) in an octahedral field.</p><p><b>(3)</b> Transition metals show catalytic activity due to their ability to exhibit multiple oxidation states and their ability to form complexes, which provides a new reaction pathway with lower activation energy.</p><p><b>(ii) (1)</b> 2MnO₄⁻ + 10I⁻ + 16H⁺ → 2Mn²⁺ + 5I₂ + 8H₂O</p><p><b>(2)</b> MnO₄⁻ + 5Fe²⁺ + 8H⁺ → Mn²⁺ + 5Fe³⁺ + 4H₂O</p><p><b>OR</b></p><p><b>(b) (i)</b> Dichromate ion (Cr₂O₇²⁻, Cr is in Group 6, oxidation state +6) and Permanganate ion (MnO₄⁻, Mn is in Group 7, oxidation state +7).</p><p><b>(ii)</b> Increasing the pH (making it more alkaline) of a K₂Cr₂O₇ solution converts the orange dichromate ion (Cr₂O₇²⁻) into the yellow chromate ion (CrO₄²⁻).</p><p><b>(iii)</b> Cu⁺ is not stable in aqueous solution because it undergoes disproportionation to form the more stable Cu²⁺ and solid Cu. This is due to the high hydration enthalpy of Cu²⁺, which compensates for the second ionization enthalpy of Cu.</p><p><b>(iv)</b> Cerium (Ce).</p><p><b>(v)</b> Chromium (Cr: [Ar] 3d⁵4s¹) and Copper (Cu: [Ar] 3d¹⁰4s¹).</p>"
                    },
                    "question_type": "Long Answer (5 marks)",
                    "difficulty_level": "hard",
                    "explanation_html": null
                  }
                ]
              },
              {
                "chapter_name": "Aldehydes, Ketones and Carboxylic Acids",
                "questions": [
                  {
                    "question_no": 35,
                    "question_html": "<p>(a) Draw structure of the 2,4-dinitrophenylhydrazone of benzaldehyde.</p><p>(b) Which acid of the following pair is a stronger acid ? p-Trifluoromethylbenzoic acid or p-Methylbenzoic acid.</p><p>(c) Write the chemical equation involved in Rosenmund’s reduction.</p><p>(d) Why are α-hydrogen atoms of aldehydes and ketones acidic in nature ?</p><p>(e) Write a chemical test to distinguish between Benzaldehyde and Benzoic acid.</p>",
                    "options": [],
                    "correct_answer": {
                      "text": "<p><b>(a)</b> The structure of 2,4-dinitrophenylhydrazone of benzaldehyde is formed by the condensation of benzaldehyde with 2,4-dinitrophenylhydrazine (2,4-DNP).</p><p><b>(b)</b> <b>p-Trifluoromethylbenzoic acid</b> is the stronger acid. The -CF₃ group is a strong electron-withdrawing group (-I effect), which stabilizes the carboxylate anion, increasing acidity. The -CH₃ group is an electron-donating group (+I effect), which destabilizes the carboxylate anion, decreasing acidity.</p><p><b>(c) Rosenmund’s reduction:</b> This reaction involves the reduction of an acyl chloride to an aldehyde using hydrogen gas over a poisoned catalyst, typically palladium on barium sulfate (Pd/BaSO₄).</p><p><b>(d)</b> The α-hydrogen atoms of aldehydes and ketones are acidic due to the strong electron-withdrawing effect of the adjacent carbonyl group (-C=O). This effect weakens the C-H bond. Furthermore, the conjugate base (enolate ion) formed after the removal of the α-hydrogen is stabilized by resonance, with the negative charge delocalized onto the electronegative oxygen atom.</p><p><b>(e)</b> <b>Sodium Bicarbonate Test:</b> Add sodium bicarbonate (NaHCO₃) solution to both compounds. Benzoic acid, being an acid, will react to produce brisk effervescence due to the evolution of carbon dioxide gas. Benzaldehyde will show no reaction.</p>"
                    },
                    "question_type": "Long Answer (5 marks)",
                    "difficulty_level": "medium",
                    "explanation_html": null
                  }
                ]
              }
            ]
          }
        ]
      }
    ]
  }
]