[
  {
    "exam_name_actual": "CBSE Board - Class 12 - Science",
    "main_exam_id_name_ref": "CBSE Board - Class 12 - Science",
    "years": [
      {
        "year": "2023",
        "papers_or_subjects": [
          {
            "paper_name": "CBSE Class 12 Science (Chemistry) Paper 2023 (QP Code: 56/3/1)",
            "subject_name": "Chemistry",
            "chapters": [
              {
                "chapter_name": "Haloalkanes and Haloarenes",
                "questions": [
                  {
                    "question_no": 1,
                    "question_html": "<p>Which of the following is not true about enantiomers ?</p>",
                    "options": [
                      {
                        "id": "a",
                        "text": "They have the same density."
                      },
                      {
                        "id": "b",
                        "text": "They have the same melting or boiling point."
                      },
                      {
                        "id": "c",
                        "text": "They have the same specific rotation."
                      },
                      {
                        "id": "d",
                        "text": "They have the same chemical reactivity."
                      }
                    ],
                    "correct_answer": {
                      "ids": [
                        "c"
                      ]
                    },
                    "question_type": "mcq_single",
                    "difficulty_level": "medium",
                    "explanation_html": "<p>Enantiomers are stereoisomers that are non-superimposable mirror images of each other. They have identical physical properties like density, melting point, and boiling point. They also have the same chemical reactivity towards achiral reagents. However, they differ in their effect on plane-polarized light; they rotate it in opposite directions by an equal amount. Therefore, they have different specific rotations (e.g., one is +x° and the other is -x°), not the same.</p>"
                  }
                ]
              },
              {
                "chapter_name": "Alcohols, Phenols and Ethers",
                "questions": [
                  {
                    "question_no": 2,
                    "question_html": "<p>Aspirin is obtained by the acetylation of which of the following compounds ?</p>",
                    "options": [
                      {
                        "id": "a",
                        "text": "Salicylaldehyde"
                      },
                      {
                        "id": "b",
                        "text": "Salicylic acid"
                      },
                      {
                        "id": "c",
                        "text": "Acetyl salicylic acid"
                      },
                      {
                        "id": "d",
                        "text": "Phenol"
                      }
                    ],
                    "correct_answer": {
                      "ids": [
                        "b"
                      ]
                    },
                    "question_type": "mcq_single",
                    "difficulty_level": "easy",
                    "explanation_html": "<p>Aspirin is the common name for acetylsalicylic acid. It is synthesized by the acetylation of salicylic acid (o-hydroxybenzoic acid) using acetic anhydride in the presence of an acid catalyst.</p>"
                  }
                ]
              },
              {
                "chapter_name": "Aldehydes, Ketones and Carboxylic Acids",
                "questions": [
                  {
                    "question_no": 3,
                    "question_html": "<p>The reactivities of the carbonyl compounds HCHO (I), CH<sub>3</sub>CHO (II) and CH<sub>3</sub>COCH<sub>3</sub> (III) towards nucleophilic addition reaction decreases in the order :</p>",
                    "options": [
                      {
                        "id": "a",
                        "text": "III > II > I"
                      },
                      {
                        "id": "b",
                        "text": "I > II > III"
                      },
                      {
                        "id": "c",
                        "text": "II > III > I"
                      },
                      {
                        "id": "d",
                        "text": "I > III > II"
                      }
                    ],
                    "correct_answer": {
                      "ids": [
                        "b"
                      ]
                    },
                    "question_type": "mcq_single",
                    "difficulty_level": "medium",
                    "explanation_html": "<p>The reactivity of carbonyl compounds in nucleophilic addition reactions depends on two factors: steric hindrance and electronic effects. Aldehydes are more reactive than ketones. The reactivity decreases as the size of the alkyl groups attached to the carbonyl carbon increases due to increased steric hindrance and the electron-donating (+I) effect of alkyl groups, which reduces the electrophilicity of the carbonyl carbon. HCHO (I) is the most reactive as it has no alkyl groups. CH<sub>3</sub>CHO (II) is less reactive due to one methyl group. CH<sub>3</sub>COCH<sub>3</sub> (III) is the least reactive due to two methyl groups. Thus, the order is I > II > III.</p>"
                  }
                ]
              },
              {
                "chapter_name": "Amines",
                "questions": [
                  {
                    "question_no": 4,
                    "question_html": "<p>Among the following, which is the strongest base ?</p>",
                    "options": [
                      {
                        "id": "a",
                        "text": "p-toluidine"
                      },
                      {
                        "id": "b",
                        "text": "p-nitroaniline"
                      },
                      {
                        "id": "c",
                        "text": "Aniline"
                      },
                      {
                        "id": "d",
                        "text": "Benzylamine"
                      }
                    ],
                    "correct_answer": {
                      "ids": [
                        "d"
                      ]
                    },
                    "question_type": "mcq_single",
                    "difficulty_level": "medium",
                    "explanation_html": "<p>In aniline and its derivatives (a, b, c), the lone pair of electrons on the nitrogen is delocalized into the benzene ring, reducing its availability for protonation and making them weaker bases than aliphatic amines. In benzylamine (d), the -NH<sub>2</sub> group is attached to a -CH<sub>2</sub>- group, so the nitrogen lone pair is not involved in resonance with the ring. Benzylamine is an aralkylamine and is comparable in basicity to aliphatic amines, making it a much stronger base than aniline or its substituted derivatives.</p>"
                  }
                ]
              },
              {
                "chapter_name": "Biomolecules",
                "questions": [
                  {
                    "question_no": 5,
                    "question_html": "<p>On hydrolysis, which of the following carbohydrates gives only glucose ?</p>",
                    "options": [
                      {
                        "id": "a",
                        "text": "Starch"
                      },
                      {
                        "id": "b",
                        "text": "Fructose"
                      },
                      {
                        "id": "c",
                        "text": "Lactose"
                      },
                      {
                        "id": "d",
                        "text": "Sucrose"
                      }
                    ],
                    "correct_answer": {
                      "ids": [
                        "a"
                      ]
                    },
                    "question_type": "mcq_single",
                    "difficulty_level": "easy",
                    "explanation_html": "<p>Starch is a polysaccharide composed of repeating units of α-D-glucose. Therefore, its complete hydrolysis yields only glucose. Lactose hydrolyzes to glucose and galactose. Sucrose hydrolyzes to glucose and fructose. Fructose is a monosaccharide and does not undergo hydrolysis.</p>"
                  }
                ]
              },
              {
                "chapter_name": "Biomolecules",
                "questions": [
                  {
                    "question_no": 6,
                    "question_html": "<p>Which of the following vitamins is water soluble ?</p>",
                    "options": [
                      {
                        "id": "a",
                        "text": "Vitamin A"
                      },
                      {
                        "id": "b",
                        "text": "Vitamin D"
                      },
                      {
                        "id": "c",
                        "text": "Vitamin E"
                      },
                      {
                        "id": "d",
                        "text": "Vitamin C"
                      }
                    ],
                    "correct_answer": {
                      "ids": [
                        "d"
                      ]
                    },
                    "question_type": "mcq_single",
                    "difficulty_level": "easy",
                    "explanation_html": "<p>Vitamins are classified as fat-soluble (A, D, E, and K) and water-soluble (B-complex and C). Therefore, Vitamin C is a water-soluble vitamin.</p>"
                  }
                ]
              },
              {
                "chapter_name": "Chemical Kinetics",
                "questions": [
                  {
                    "question_no": 7,
                    "question_html": "<p>The unit of the rate of reaction is the same as that of the rate constant for a :</p>",
                    "options": [
                      {
                        "id": "a",
                        "text": "first order reaction"
                      },
                      {
                        "id": "b",
                        "text": "second order reaction"
                      },
                      {
                        "id": "c",
                        "text": "zero order reaction"
                      },
                      {
                        "id": "d",
                        "text": "it cannot be same"
                      }
                    ],
                    "correct_answer": {
                      "ids": [
                        "c"
                      ]
                    },
                    "question_type": "mcq_single",
                    "difficulty_level": "easy",
                    "explanation_html": "<p>For a zero-order reaction, the rate law is given by Rate = k[A]<sup>0</sup>. Since [A]<sup>0</sup> = 1, the rate equation becomes Rate = k. Thus, the unit of the rate constant (k) is the same as the unit of the rate of reaction (mol L<sup>-1</sup> s<sup>-1</sup>).</p>"
                  }
                ]
              },
              {
                "chapter_name": "Electrochemistry",
                "questions": [
                  {
                    "question_no": 8,
                    "question_html": "<p>Kohlrausch gave the following relation for strong electrolyte :</p><p>Λ = Λ<sub>o</sub> - A√C</p><p>Which of the following equality holds true ?</p>",
                    "options": [
                      {
                        "id": "a",
                        "text": "Λ = Λ<sub>o</sub> as C → √A"
                      },
                      {
                        "id": "b",
                        "text": "Λ = Λ<sub>o</sub> as C → 0"
                      },
                      {
                        "id": "c",
                        "text": "Λ = Λ<sub>o</sub> as C → ∞"
                      },
                      {
                        "id": "d",
                        "text": "Λ = Λ<sub>o</sub> as C → 1"
                      }
                    ],
                    "correct_answer": {
                      "ids": [
                        "b"
                      ]
                    },
                    "question_type": "mcq_single",
                    "difficulty_level": "medium",
                    "explanation_html": "<p>The equation is the Debye-Huckel-Onsager equation, Λ = Λ<sub>o</sub> - A√C, where Λ is the molar conductivity at concentration C, and Λ<sub>o</sub> is the limiting molar conductivity (at infinite dilution). As the concentration C approaches zero (infinite dilution), the term A√C also approaches zero. Therefore, at C → 0, the molar conductivity Λ approaches the limiting molar conductivity Λ<sub>o</sub>.</p>"
                  }
                ]
              },
              {
                "chapter_name": "Solutions",
                "questions": [
                  {
                    "question_no": 9,
                    "question_html": "<p>An azeotropic mixture of two liquids has a boiling point higher than either of the two liquids when it :</p>",
                    "options": [
                      {
                        "id": "a",
                        "text": "shows large negative deviation from Raoult's law."
                      },
                      {
                        "id": "b",
                        "text": "shows no deviation from Raoult's law."
                      },
                      {
                        "id": "c",
                        "text": "shows large positive deviation from Raoult's law."
                      },
                      {
                        "id": "d",
                        "text": "obeys Raoult's law."
                      }
                    ],
                    "correct_answer": {
                      "ids": [
                        "a"
                      ]
                    },
                    "question_type": "mcq_single",
                    "difficulty_level": "medium",
                    "explanation_html": "<p>Azeotropes with boiling points higher than either component are called maximum boiling azeotropes. These are formed by non-ideal solutions that show large negative deviations from Raoult's law. The negative deviation indicates stronger intermolecular forces between the solute and solvent molecules than between the molecules of the pure components, which leads to a lower vapour pressure and a higher boiling point.</p>"
                  }
                ]
              },
              {
                "chapter_name": "Solutions",
                "questions": [
                  {
                    "question_no": 10,
                    "question_html": "<p>Which of the following colligative property is used to find the molar mass of proteins ?</p>",
                    "options": [
                      {
                        "id": "a",
                        "text": "Osmotic pressure"
                      },
                      {
                        "id": "b",
                        "text": "Elevation in boiling point"
                      },
                      {
                        "id": "c",
                        "text": "Depression in freezing point"
                      },
                      {
                        "id": "d",
                        "text": "Relative lowering of vapour pressure"
                      }
                    ],
                    "correct_answer": {
                      "ids": [
                        "a"
                      ]
                    },
                    "question_type": "mcq_single",
                    "difficulty_level": "easy",
                    "explanation_html": "<p>Osmotic pressure measurement is the preferred method for determining the molar masses of macromolecules like proteins because the magnitude of the pressure change is significant even for very dilute solutions. Other colligative properties give very small values that are difficult to measure accurately. Also, osmotic pressure can be measured at room temperature, preventing the denaturation of the protein.</p>"
                  }
                ]
              },
              {
                "chapter_name": "The d- and f-Block Elements",
                "questions": [
                  {
                    "question_no": 11,
                    "question_html": "<p>Among the following outermost configurations of transition metals which one shows the highest oxidation state ?</p>",
                    "options": [
                      {
                        "id": "a",
                        "text": "3d<sup>3</sup>4s<sup>2</sup>"
                      },
                      {
                        "id": "b",
                        "text": "3d<sup>5</sup>4s<sup>1</sup>"
                      },
                      {
                        "id": "c",
                        "text": "3d<sup>5</sup>4s<sup>2</sup>"
                      },
                      {
                        "id": "d",
                        "text": "3d<sup>6</sup>4s<sup>2</sup>"
                      }
                    ],
                    "correct_answer": {
                      "ids": [
                        "c"
                      ]
                    },
                    "question_type": "mcq_single",
                    "difficulty_level": "medium",
                    "explanation_html": "<p>The highest oxidation state of a transition metal is generally the sum of the electrons in the (n-1)d and ns orbitals. The configuration 3d<sup>5</sup>4s<sup>2</sup> belongs to Manganese (Mn). It can lose all 7 of its valence electrons (5 from 3d and 2 from 4s) to exhibit a maximum oxidation state of +7.</p>"
                  }
                ]
              },
              {
                "chapter_name": "Coordination Compounds",
                "questions": [
                  {
                    "question_no": 12,
                    "question_html": "<p>How many ions are produced in the solution from the complex [Ni(NH<sub>3</sub>)<sub>6</sub>]Cl<sub>2</sub> ?</p>",
                    "options": [
                      {
                        "id": "a",
                        "text": "4"
                      },
                      {
                        "id": "b",
                        "text": "3"
                      },
                      {
                        "id": "c",
                        "text": "2"
                      },
                      {
                        "id": "d",
                        "text": "5"
                      }
                    ],
                    "correct_answer": {
                      "ids": [
                        "b"
                      ]
                    },
                    "question_type": "mcq_single",
                    "difficulty_level": "easy",
                    "explanation_html": "<p>The coordination compound [Ni(NH<sub>3</sub>)<sub>6</sub>]Cl<sub>2</sub> dissociates in solution into one complex cation, [Ni(NH<sub>3</sub>)<sub>6</sub>]<sup>2+</sup>, and two chloride anions, 2Cl<sup>-</sup>. Therefore, a total of 1 + 2 = 3 ions are produced.</p>"
                  }
                ]
              },
              {
                "chapter_name": "Coordination Compounds",
                "questions": [
                  {
                    "question_no": 13,
                    "question_html": "<p>Which of the following species is not expected to be a ligand ?</p>",
                    "options": [
                      {
                        "id": "a",
                        "text": "CO"
                      },
                      {
                        "id": "b",
                        "text": "NH<sub>4</sub><sup>+</sup>"
                      },
                      {
                        "id": "c",
                        "text": "NH<sub>3</sub>"
                      },
                      {
                        "id": "d",
                        "text": "H<sub>2</sub>O"
                      }
                    ],
                    "correct_answer": {
                      "ids": [
                        "b"
                      ]
                    },
                    "question_type": "mcq_single",
                    "difficulty_level": "easy",
                    "explanation_html": "<p>Ligands are ions or molecules that can donate at least one pair of electrons to a central metal atom or ion to form a coordinate bond. The ammonium ion, NH<sub>4</sub><sup>+</sup>, does not have a lone pair of electrons to donate as the nitrogen has already donated its lone pair to a proton (H<sup>+</sup>). Therefore, it cannot act as a ligand.</p>"
                  }
                ]
              },
              {
                "chapter_name": "Coordination Compounds",
                "questions": [
                  {
                    "question_no": 14,
                    "question_html": "<p>Which of the following is the most stable complex species ?</p>",
                    "options": [
                      {
                        "id": "a",
                        "text": "[Fe(C<sub>2</sub>O<sub>4</sub>)<sub>3</sub>]<sup>3-</sup>"
                      },
                      {
                        "id": "b",
                        "text": "[Fe(CN)<sub>6</sub>]<sup>3-</sup>"
                      },
                      {
                        "id": "c",
                        "text": "[Fe(CO)<sub>5</sub>]"
                      },
                      {
                        "id": "d",
                        "text": "[Fe(H<sub>2</sub>O)<sub>6</sub>]<sup>3+</sup>"
                      }
                    ],
                    "correct_answer": {
                      "ids": [
                        "a"
                      ]
                    },
                    "question_type": "mcq_single",
                    "difficulty_level": "hard",
                    "explanation_html": "<p>The stability of a complex is significantly enhanced by the chelate effect. The oxalate ion (C<sub>2</sub>O<sub>4</sub><sup>2-</sup>) is a bidentate ligand, meaning it can form two bonds with the central metal ion, creating a stable five-membered ring structure. This formation of chelate rings increases the thermodynamic stability of the complex. The other ligands (CN<sup>-</sup>, CO, H<sub>2</sub>O) are monodentate. Therefore, the tris(oxalato)ferrate(III) complex is the most stable due to the chelate effect.</p>"
                  }
                ]
              },
              {
                "chapter_name": "Chemical Kinetics",
                "questions": [
                  {
                    "question_no": 15,
                    "question_html": "<p><strong>Assertion (A) :</strong> Order and molecularity of a reaction are always same.</p><p><strong>Reason (R) :</strong> Complex reactions involve a sequence of elementary reactions and the slowest step is rate determining.</p>",
                    "options": [
                      {
                        "id": "a",
                        "text": "Both Assertion (A) and Reason (R) are true and Reason (R) is the correct explanation of the Assertion (A)."
                      },
                      {
                        "id": "b",
                        "text": "Both Assertion (A) and Reason (R) are true, but Reason (R) is not the correct explanation of the Assertion (A)."
                      },
                      {
                        "id": "c",
                        "text": "Assertion (A) is true, but Reason (R) is false."
                      },
                      {
                        "id": "d",
                        "text": "Assertion (A) is false, but Reason (R) is true."
                      }
                    ],
                    "correct_answer": {
                      "ids": [
                        "d"
                      ]
                    },
                    "question_type": "mcq_single",
                    "difficulty_level": "medium",
                    "explanation_html": "<p>Reason (R) is a correct statement describing complex reactions. However, Assertion (A) is false. For elementary (single-step) reactions, order and molecularity are the same. But for complex reactions, the order is determined experimentally from the rate law (which depends on the slowest step), while molecularity is defined for each elementary step and has no meaning for the overall complex reaction. The order can be fractional or zero, whereas molecularity cannot. Thus, they are not always the same.</p>"
                  }
                ]
              },
              {
                "chapter_name": "Electrochemistry",
                "questions": [
                  {
                    "question_no": 16,
                    "question_html": "<p><strong>Assertion (A):</strong> Electrolysis of aqueous solution of NaCl gives chlorine gas at anode instead of oxygen gas.</p><p><strong>Reason (R) :</strong> Formation of oxygen gas at anode requires overpotential.</p>",
                    "options": [
                      {
                        "id": "a",
                        "text": "Both Assertion (A) and Reason (R) are true and Reason (R) is the correct explanation of the Assertion (A)."
                      },
                      {
                        "id": "b",
                        "text": "Both Assertion (A) and Reason (R) are true, but Reason (R) is not the correct explanation of the Assertion (A)."
                      },
                      {
                        "id": "c",
                        "text": "Assertion (A) is true, but Reason (R) is false."
                      },
                      {
                        "id": "d",
                        "text": "Assertion (A) is false, but Reason (R) is true."
                      }
                    ],
                    "correct_answer": {
                      "ids": [
                        "a"
                      ]
                    },
                    "question_type": "mcq_single",
                    "difficulty_level": "medium",
                    "explanation_html": "<p>Assertion (A) is true; during the electrolysis of aqueous NaCl, Cl<sub>2</sub> is liberated at the anode. According to standard electrode potentials, water should be oxidized to O<sub>2</sub> in preference to Cl<sup>-</sup> ions. However, the Reason (R) is also true and is the correct explanation. The oxidation of water to form oxygen gas is kinetically slow and requires a higher voltage (overpotential) than theoretically predicted. Because of this overpotential, the oxidation of chloride ions to chlorine gas becomes more favorable and occurs instead.</p>"
                  }
                ]
              },
              {
                "chapter_name": "Haloalkanes and Haloarenes",
                "questions": [
                  {
                    "question_no": 17,
                    "question_html": "<p><strong>Assertion (A) :</strong> Nucleophilic substitution of iodoethane is easier than chloroethane.</p><p><strong>Reason (R):</strong> Bond energy of C – Cl bond is less than C – I bond.</p>",
                    "options": [
                      {
                        "id": "a",
                        "text": "Both Assertion (A) and Reason (R) are true and Reason (R) is the correct explanation of the Assertion (A)."
                      },
                      {
                        "id": "b",
                        "text": "Both Assertion (A) and Reason (R) are true, but Reason (R) is not the correct explanation of the Assertion (A)."
                      },
                      {
                        "id": "c",
                        "text": "Assertion (A) is true, but Reason (R) is false."
                      },
                      {
                        "id": "d",
                        "text": "Assertion (A) is false, but Reason (R) is true."
                      }
                    ],
                    "correct_answer": {
                      "ids": [
                        "c"
                      ]
                    },
                    "question_type": "mcq_single",
                    "difficulty_level": "medium",
                    "explanation_html": "<p>Assertion (A) is true. Iodoethane is more reactive towards nucleophilic substitution than chloroethane because the C-I bond is weaker and longer than the C-Cl bond, making the iodide ion a better leaving group. Reason (R) is false. The bond energy of the C-I bond is actually less (approx. 240 kJ/mol) than that of the C-Cl bond (approx. 340 kJ/mol) due to the larger size of the iodine atom and less effective orbital overlap. The weaker C-I bond is easier to break, which is why the reaction is faster.</p>"
                  }
                ]
              },
              {
                "chapter_name": "The d- and f-Block Elements",
                "questions": [
                  {
                    "question_no": 18,
                    "question_html": "<p><strong>Assertion (A):</strong> Zinc is not regarded as a transition element.</p><p><strong>Reason (R):</strong> In zinc, 3d orbitals are completely filled in its ground state as well as in its oxidised state.</p>",
                    "options": [
                      {
                        "id": "a",
                        "text": "Both Assertion (A) and Reason (R) are true and Reason (R) is the correct explanation of the Assertion (A)."
                      },
                      {
                        "id": "b",
                        "text": "Both Assertion (A) and Reason (R) are true, but Reason (R) is not the correct explanation of the Assertion (A)."
                      },
                      {
                        "id": "c",
                        "text": "Assertion (A) is true, but Reason (R) is false."
                      },
                      {
                        "id": "d",
                        "text": "Assertion (A) is false, but Reason (R) is true."
                      }
                    ],
                    "correct_answer": {
                      "ids": [
                        "a"
                      ]
                    },
                    "question_type": "mcq_single",
                    "difficulty_level": "easy",
                    "explanation_html": "<p>Assertion (A) is true. Zinc is not considered a typical transition element. The definition of a transition element is one that has an incompletely filled d sub-shell in its ground state or in any of its common oxidation states. Reason (R) is also true and provides the correct explanation. Zinc has a ground state electronic configuration of [Ar]3d<sup>10</sup>4s<sup>2</sup>. In its only common oxidation state, Zn<sup>2+</sup>, the configuration is [Ar]3d<sup>10</sup>. Since the d-orbital is completely filled in both cases, it does not meet the definition of a transition element.</p>"
                  }
                ]
              },
              {
                "chapter_name": "Aldehydes, Ketones and Carboxylic Acids",
                "questions": [
                  {
                    "question_no": 19,
                    "question_html": "<p>Write the structures and IUPAC names of the products expected from the following reactions :</p><p>(a) Reaction of methanal with (CH<sub>3</sub>)<sub>2</sub>CHMgBr followed by hydrolysis.</p><p>(b) Reaction of phenol with conc. HNO<sub>3</sub> .</p>",
                    "options": [],
                    "correct_answer": {
                      "text": "<p>(a) The product is (CH<sub>3</sub>)<sub>2</sub>CH–CH<sub>2</sub>OH. Its IUPAC name is 2-Methylpropan-1-ol.</p><p>(b) The product is 2,4,6-Trinitrophenol (Picric acid).</p>"
                    },
                    "question_type": "Very Short Answer (2 marks)",
                    "difficulty_level": "medium",
                    "explanation_html": null
                  }
                ]
              },
              {
                "chapter_name": "Chemical Kinetics",
                "questions": [
                  {
                    "question_no": 20,
                    "question_html": "<p>A chemical reaction 2N<sub>2</sub>O<sub>5</sub> (g) → 4NO<sub>2</sub> (g) + O<sub>2</sub> (g) in gas phase was carried out in a closed vessel. The concentration of NO<sub>2</sub> was found to increase by 5 × 10<sup>-3</sup> mol L<sup>-1</sup> in 10 seconds. Calculate :</p><p>(a) the rate of formation of NO<sub>2</sub>, and</p><p>(b) the rate of consumption of N<sub>2</sub>O<sub>5</sub>.</p>",
                    "options": [],
                    "correct_answer": {
                      "text": "<p>(a) Rate of formation of NO<sub>2</sub> = Δ[NO<sub>2</sub>] / Δt = (5 × 10<sup>-3</sup> mol L<sup>-1</sup>) / 10 s = 5 × 10<sup>-4</sup> mol L<sup>-1</sup> s<sup>-1</sup>.</p><p>(b) From the stoichiometry of the reaction, Rate = -(1/2) d[N<sub>2</sub>O<sub>5</sub>]/dt = +(1/4) d[NO<sub>2</sub>]/dt.<br>Rate of consumption of N<sub>2</sub>O<sub>5</sub> = -d[N<sub>2</sub>O<sub>5</sub>]/dt = (2/4) d[NO<sub>2</sub>]/dt = (1/2) × (5 × 10<sup>-4</sup> mol L<sup>-1</sup> s<sup>-1</sup>) = 2.5 × 10<sup>-4</sup> mol L<sup>-1</sup> s<sup>-1</sup>.</p>"
                    },
                    "question_type": "Very Short Answer (2 marks)",
                    "difficulty_level": "medium",
                    "explanation_html": null
                  }
                ]
              },
              {
                "chapter_name": "Electrochemistry",
                "questions": [
                  {
                    "question_no": 21,
                    "question_html": "<p>(a) Define fuel cell and write its two advantages.</p><p>OR</p><p>(b) Using E° values of X and Y given below, predict which is better for coating the surface of Iron to prevent corrosion and why ?</p><p>Given : E°<sub>X2+/X</sub> = - 2.36 V, E°<sub>Y2+/Y</sub> = - 0.14 V, E°<sub>Fe2+/Fe</sub> = - 0.44 V</p>",
                    "options": [],
                    "correct_answer": {
                      "text": "<p>(a) A fuel cell is a galvanic cell that converts the energy of combustion of fuels like hydrogen, methane, etc., directly into electrical energy.<br><b>Advantages:</b> (1) They are highly efficient. (2) They are pollution-free as the only product is water (in H<sub>2</sub>-O<sub>2</sub> fuel cell).</p><p>OR</p><p>(b) X is better for coating the surface of iron. The standard reduction potential of X is lower than that of iron. This means X is more reactive than iron and will be oxidized in preference to iron, thus protecting the iron surface from corrosion (sacrificial protection).</p>"
                    },
                    "question_type": "Very Short Answer (2 marks)",
                    "difficulty_level": "medium",
                    "explanation_html": null
                  }
                ]
              },
              {
                "chapter_name": "Biomolecules",
                "questions": [
                  {
                    "question_no": 22,
                    "question_html": "<p>(a) (i) How are carbohydrates stored in animal body ? Mention any one organ where they are present.</p><p>(ii) What is the basic structural difference between starch and cellulose ?</p><p>OR</p><p>(b) Differentiate between :</p><p>(i) Peptide linkage and Glycosidic linkage</p><p>(ii) Nucleoside and Nucleotide</p>",
                    "options": [],
                    "correct_answer": {
                      "text": "<p>(a) (i) Carbohydrates are stored in the animal body as glycogen. It is mainly stored in the liver and muscles.</p><p>(a) (ii) The basic structural difference is in the glycosidic linkages. Starch is a polymer of α-D-glucose, while cellulose is a polymer of β-D-glucose.</p><p>OR</p><p>(b) (i) <b>Peptide linkage:</b> An amide bond (–CO–NH–) that links two amino acid molecules. <b>Glycosidic linkage:</b> An ether bond that links two monosaccharide units.</p><p>(b) (ii) <b>Nucleoside:</b> A compound formed by the combination of a nitrogenous base and a pentose sugar. <b>Nucleotide:</b> A compound formed by the combination of a nitrogenous base, a pentose sugar, and a phosphate group.</p>"
                    },
                    "question_type": "Very Short Answer (2 marks)",
                    "difficulty_level": "medium",
                    "explanation_html": null
                  }
                ]
              },
              {
                "chapter_name": "Aldehydes, Ketones and Carboxylic Acids",
                "questions": [
                  {
                    "question_no": 23,
                    "question_html": "<p>Give reasons for the following :</p><p>(a) Carboxylic carbon is less electrophilic than Carbonyl carbon of aldehydes and ketones.</p><p>(b) Propanal is more reactive than Propanone towards addition of HCN.</p>",
                    "options": [],
                    "correct_answer": {
                      "text": "<p>(a) The carbonyl carbon in carboxylic acids is less electrophilic due to resonance. The lone pair of electrons on the adjacent oxygen atom participates in resonance with the carbonyl group, which disperses the positive charge on the carbonyl carbon, reducing its electrophilicity.</p><p>(b) Propanal is more reactive than propanone for two reasons: (1) Steric hindrance: Propanone has two methyl groups attached to the carbonyl carbon, which creates more steric hindrance for the attacking nucleophile (CN<sup>-</sup>) compared to propanal, which has only one ethyl group and a hydrogen atom. (2) Electronic effect: The two electron-donating methyl groups in propanone reduce the electrophilicity of the carbonyl carbon more than the single ethyl group in propanal.</p>"
                    },
                    "question_type": "Very Short Answer (2 marks)",
                    "difficulty_level": "medium",
                    "explanation_html": null
                  }
                ]
              },
              {
                "chapter_name": "Amines",
                "questions": [
                  {
                    "question_no": 24,
                    "question_html": "<p>Write the chemical equation involved in the following reactions :</p><p>(a) Carbylamine reaction</p><p>(b) Gabriel phthalimide synthesis</p>",
                    "options": [],
                    "correct_answer": {
                      "text": "<p>(a) Carbylamine reaction: R–NH<sub>2</sub> + CHCl<sub>3</sub> + 3KOH (alc.) --(Heat)--> R–NC + 3KCl + 3H<sub>2</sub>O</p><p>(b) Gabriel phthalimide synthesis: It involves three steps:<br>1. Phthalimide + KOH(alc.) → Potassium phthalimide<br>2. Potassium phthalimide + R-X → N-Alkylphthalimide<br>3. N-Alkylphthalimide + NaOH(aq) → R-NH<sub>2</sub> (Primary amine) + Sodium phthalate</p>"
                    },
                    "question_type": "Very Short Answer (2 marks)",
                    "difficulty_level": "medium",
                    "explanation_html": null
                  }
                ]
              },
              {
                "chapter_name": "Solutions",
                "questions": [
                  {
                    "question_no": 25,
                    "question_html": "<p>Give reasons for the following :</p><p>(a) Aquatic animals are more comfortable in cold water in comparison to warm water.</p><p>(b) Sprinkling of salt helps in clearing the snow-covered roads in hilly areas.</p>",
                    "options": [],
                    "correct_answer": {
                      "text": "<p>(a) The solubility of gases (like oxygen) in water decreases with an increase in temperature. Therefore, cold water has a higher concentration of dissolved oxygen, making it more comfortable for aquatic animals to breathe.</p><p>(b) Sprinkling salt on snow causes a depression in the freezing point of water. The salt dissolves in the thin layer of water on the surface of the ice, forming a solution with a freezing point lower than 0°C. This causes the snow and ice to melt even when the ambient temperature is below freezing.</p>"
                    },
                    "question_type": "Very Short Answer (2 marks)",
                    "difficulty_level": "easy",
                    "explanation_html": null
                  }
                ]
              },
              {
                "chapter_name": "Alcohols, Phenols and Ethers",
                "questions": [
                  {
                    "question_no": 26,
                    "question_html": "<p>(a) Write the mechanism of the following reaction :</p><p>CH<sub>3</sub>–CH<sub>2</sub>–OH --(H<sup>+</sup>, 443 K)--> CH<sub>2</sub> = CH<sub>2</sub> + H<sub>2</sub>O</p><p>(b) Write the equation of the reaction for the preparation of phenol from cumene.</p>",
                    "options": [],
                    "correct_answer": {
                      "text": "<p>(a) Mechanism of acid-catalyzed dehydration of ethanol:</p><p><b>Step 1: Protonation of alcohol.</b><br>CH<sub>3</sub>CH<sub>2</sub>OH + H<sup>+</sup> ⇌ CH<sub>3</sub>CH<sub>2</sub>O<sup>+</sup>H<sub>2</sub></p><p><b>Step 2: Formation of carbocation (slow step).</b><br>CH<sub>3</sub>CH<sub>2</sub>O<sup>+</sup>H<sub>2</sub> → CH<sub>3</sub>C<sup>+</sup>H<sub>2</sub> + H<sub>2</sub>O</p><p><b>Step 3: Elimination of a proton to form alkene.</b><br>CH<sub>3</sub>C<sup>+</sup>H<sub>2</sub> → CH<sub>2</sub>=CH<sub>2</sub> + H<sup>+</sup></p><p>(b) Preparation of phenol from cumene (isopropylbenzene):<br>1. Cumene + O<sub>2</sub> → Cumene hydroperoxide<br>2. Cumene hydroperoxide + H<sup>+</sup>/H<sub>2</sub>O --(Heat)--> Phenol + Acetone (CH<sub>3</sub>COCH<sub>3</sub>)</p>"
                    },
                    "question_type": "Short Answer (3 marks)",
                    "difficulty_level": "medium",
                    "explanation_html": null
                  }
                ]
              },
              {
                "chapter_name": "Amines",
                "questions": [
                  {
                    "question_no": 27,
                    "question_html": "<p>(a) Write the structures of A, B and C in the following reactions :</p><p>(i) Benzoic acid --NH<sub>3</sub>/Δ--> A --Br<sub>2</sub>+NaOH--> B --NaNO<sub>2</sub>+HCl/0°C--> C</p><p>(ii) CH<sub>3</sub>CH<sub>2</sub>Br --KCN--> A --LiAlH<sub>4</sub>--> B --HNO<sub>2</sub>/0°C--> C</p><p>OR</p><p>(b) How will you convert the following :</p><p>(i) Aniline to p-bromoaniline</p><p>(ii) Ethanoic acid to methanamine</p><p>(iii) Butanenitrile to 1-aminobutane</p>",
                    "options": [],
                    "correct_answer": {
                      "text": "<p>(a) (i)<br><b>A:</b> Benzamide (C<sub>6</sub>H<sub>5</sub>CONH<sub>2</sub>)<br><b>B:</b> Aniline (C<sub>6</sub>H<sub>5</sub>NH<sub>2</sub>)<br><b>C:</b> Benzenediazonium chloride (C<sub>6</sub>H<sub>5</sub>N<sub>2</sub><sup>+</sup>Cl<sup>-</sup>)</p><p>(a) (ii)<br><b>A:</b> Propanenitrile (CH<sub>3</sub>CH<sub>2</sub>CN)<br><b>B:</b> Propan-1-amine (CH<sub>3</sub>CH<sub>2</sub>CH<sub>2</sub>NH<sub>2</sub>)<br><b>C:</b> Propan-1-ol (CH<sub>3</sub>CH<sub>2</sub>CH<sub>2</sub>OH)</p><p>OR</p><p>(b) (i) Aniline is first reacted with acetic anhydride to form acetanilide. Acetanilide is then treated with Br<sub>2</sub> in acetic acid to form p-bromoacetanilide. Finally, hydrolysis of p-bromoacetanilide with acid or base gives p-bromoaniline.</p><p>(b) (ii) Ethanoic acid is treated with ammonia (NH<sub>3</sub>) and heated to form ethanamide. Ethanamide is then treated with Br<sub>2</sub> in the presence of NaOH (Hofmann bromamide degradation) to form methanamine.<br>CH<sub>3</sub>COOH → CH<sub>3</sub>CONH<sub>2</sub> → CH<sub>3</sub>NH<sub>2</sub></p><p>(b) (iii) Butanenitrile is reduced using LiAlH<sub>4</sub> or catalytic hydrogenation (H<sub>2</sub>/Ni) to form 1-aminobutane.<br>CH<sub>3</sub>CH<sub>2</sub>CH<sub>2</sub>CN + [H] → CH<sub>3</sub>CH<sub>2</sub>CH<sub>2</sub>CH<sub>2</sub>NH<sub>2</sub></p>"
                    },
                    "question_type": "Short Answer (3 marks)",
                    "difficulty_level": "hard",
                    "explanation_html": null
                  }
                ]
              },
              {
                "chapter_name": "Solutions",
                "questions": [
                  {
                    "question_no": 28,
                    "question_html": "<p>0.3 g of acetic acid (M = 60 g mol<sup>-1</sup>) dissolved in 30 g of benzene shows a depression in freezing point equal to 0.45°C. Calculate the percentage association of acid if it forms a dimer in the solution. (Given : K<sub>f</sub> for benzene = 5.12 K kg mol<sup>-1</sup>)</p>",
                    "options": [],
                    "correct_answer": {
                      "text": "<p><b>Step 1: Calculate the experimental molar mass (M<sub>B</sub>)</b></p><p>ΔT<sub>f</sub> = K<sub>f</sub> × (W<sub>B</sub> / M<sub>B</sub>) × (1000 / W<sub>A</sub>)</p><p>0.45 = 5.12 × (0.3 / M<sub>B</sub>) × (1000 / 30) ⇒ M<sub>B</sub> = (5.12 × 0.3 × 1000) / (0.45 × 30) = 113.78 g mol<sup>-1</sup></p><p><b>Step 2: Calculate the van't Hoff factor (i)</b></p><p>i = Normal molar mass / Experimental molar mass = 60 / 113.78 = 0.527</p><p><b>Step 3: Calculate the degree of association (α)</b></p><p>For dimerization, 2CH<sub>3</sub>COOH ⇌ (CH<sub>3</sub>COOH)<sub>2</sub>, n = 2.</p><p>i = 1 + (1/n - 1)α = 1 + (1/2 - 1)α = 1 - α/2</p><p>0.527 = 1 - α/2 ⇒ α/2 = 1 - 0.527 = 0.473 ⇒ α = 0.946</p><p><b>Percentage association = 94.6%</b></p>"
                    },
                    "question_type": "Short Answer (3 marks)",
                    "difficulty_level": "hard",
                    "explanation_html": null
                  }
                ]
              },
              {
                "chapter_name": "Chemical Kinetics",
                "questions": [
                  {
                    "question_no": 29,
                    "question_html": "<p>The rate of a reaction doubles when temperature changes from 27°C to 37°C. Calculate energy of activation for the reaction. (R = 8.314 J K<sup>-1</sup> mol<sup>-1</sup>) (Given : log 2 = 0.3010, log 3 = 0.4771, log 4 = 0.6021)</p>",
                    "options": [],
                    "correct_answer": {
                      "text": "<p>Using the Arrhenius equation: log(k<sub>2</sub>/k<sub>1</sub>) = E<sub>a</sub> / (2.303 R) × [(T<sub>2</sub>-T<sub>1</sub>) / (T<sub>1</sub>T<sub>2</sub>)]</p><p>Given: k<sub>2</sub>/k<sub>1</sub> = 2, T<sub>1</sub> = 27°C = 300 K, T<sub>2</sub> = 37°C = 310 K.</p><p>log(2) = E<sub>a</sub> / (2.303 × 8.314 J K<sup>-1</sup> mol<sup>-1</sup>) × [(310-300) / (300 × 310)]</p><p>0.3010 = E<sub>a</sub> / 19.147 × (10 / 93000)</p><p>E<sub>a</sub> = (0.3010 × 19.147 × 93000) / 10 = 53598.2 J mol<sup>-1</sup> or 53.6 kJ mol<sup>-1</sup>.</p>"
                    },
                    "question_type": "Short Answer (3 marks)",
                    "difficulty_level": "medium",
                    "explanation_html": null
                  }
                ]
              },
              {
                "chapter_name": "Biomolecules",
                "questions": [
                  {
                    "question_no": 30,
                    "question_html": "<p>Write the structure of product when D-Glucose reacts with the following : (any three)</p><p>(a) HI</p><p>(b) Conc. HNO<sub>3</sub></p><p>(c) Br<sub>2</sub> water</p><p>(d) HCN</p>",
                    "options": [],
                    "correct_answer": {
                      "text": "<p>(a) With prolonged heating with HI, D-glucose forms n-Hexane.<br>CH<sub>3</sub>–(CH<sub>2</sub>)<sub>4</sub>–CH<sub>3</sub></p><p>(b) With conc. HNO<sub>3</sub>, D-glucose forms a dicarboxylic acid, Saccharic acid.<br>HOOC–(CHOH)<sub>4</sub>–COOH</p><p>(c) With Br<sub>2</sub> water (a mild oxidizing agent), D-glucose is oxidized to Gluconic acid.<br>HOCH<sub>2</sub>–(CHOH)<sub>4</sub>–COOH</p><p>(d) With HCN, D-glucose forms a cyanohydrin.<br>HOCH<sub>2</sub>–(CHOH)<sub>4</sub>–CH(OH)–CN</p>"
                    },
                    "question_type": "Short Answer (3 marks)",
                    "difficulty_level": "medium",
                    "explanation_html": null
                  }
                ]
              },
              {
                "chapter_name": "Haloalkanes and Haloarenes",
                "questions": [
                  {
                    "question_no": 31,
                    "question_html": "<p>Read the case carefully and answer the questions that follow.</p><p>The polarity of C – X bond of alkyl halides is responsible for their nucleophilic substitution, elimination and their reaction with metal atoms to form organometallic compounds. ... Chirality has a profound role in understanding the S<sub>N</sub>1 and S<sub>N</sub>2 mechanism.</p><p>Answer the following questions :</p><p>(i) What happens when bromobenzene is treated with Mg in the presence of dry ether ?</p><p>(ii) Which compound in each of the following pairs will react faster in S<sub>N</sub>1 reaction with OH<sup>-</sup> ?<br>(1) CH<sub>2</sub> = CH–CH<sub>2</sub>–Cl or CH<sub>3</sub>–CH<sub>2</sub>–CH<sub>2</sub>–Cl<br>(2) (CH<sub>3</sub>)<sub>3</sub>C–Cl or CH<sub>3</sub>Cl</p><p>(iii) Write the equations for the preparation of 1-iodobutane from<br>(1) 1-chlorobutane<br>(2) but-1-ene.</p><p>OR</p><p>(iii) Write the structure of the major products in each of the following reactions :<br>(1) 2-Bromopropane + KOH (ethanolic, heat)<br>(2) Chlorobenzene + Acetyl chloride (Anhyd. AlCl<sub>3</sub>)</p>",
                    "options": [],
                    "correct_answer": {
                      "text": "<p>(i) Phenylmagnesium bromide (a Grignard reagent) is formed.<br>C<sub>6</sub>H<sub>5</sub>Br + Mg --(dry ether)--> C<sub>6</sub>H<sub>5</sub>MgBr</p><p>(ii) (1) CH<sub>2</sub>=CH–CH<sub>2</sub>–Cl will react faster because it forms a resonance-stabilized allylic carbocation.<br>(2) (CH<sub>3</sub>)<sub>3</sub>C–Cl will react faster because it forms a stable tertiary carbocation.</p><p>(iii) (1) CH<sub>3</sub>CH<sub>2</sub>CH<sub>2</sub>CH<sub>2</sub>Cl + NaI --(acetone)--> CH<sub>3</sub>CH<sub>2</sub>CH<sub>2</sub>CH<sub>2</sub>I + NaCl (Finkelstein reaction)<br>(2) CH<sub>3</sub>CH<sub>2</sub>CH=CH<sub>2</sub> + HBr --(peroxide)--> CH<sub>3</sub>CH<sub>2</sub>CH<sub>2</sub>CH<sub>2</sub>Br. Then, CH<sub>3</sub>CH<sub>2</sub>CH<sub>2</sub>CH<sub>2</sub>Br + NaI --(acetone)--> CH<sub>3</sub>CH<sub>2</sub>CH<sub>2</sub>CH<sub>2</sub>I + NaBr</p><p>OR</p><p>(iii) (1) Propene (CH<sub>3</sub>–CH=CH<sub>2</sub>) is formed via an elimination reaction.<br>(2) 4-Chloroacetophenone is the major product (para) and 2-Chloroacetophenone is the minor product (ortho) from the Friedel-Crafts acylation reaction.</p>"
                    },
                    "question_type": "Case-based Subjective",
                    "difficulty_level": "medium",
                    "explanation_html": null
                  }
                ]
              },
              {
                "chapter_name": "Coordination Compounds",
                "questions": [
                  {
                    "question_no": 32,
                    "question_html": "<p>Read the case carefully and answer the questions that follow.</p><p>Coordination compounds are widely present in the minerals, plant and animal worlds... The Crystal Field Theory (CFT) explains the effect of different crystal fields (provided by the ligands taken as point charges) on the degeneracy of d-orbital energies of the central metal atom/ion.</p><p>(i) When a coordination compound NiCl<sub>2</sub>·6H<sub>2</sub>O is mixed with AgNO<sub>3</sub> solution, 2 moles of AgCl are precipitated per mole of the compound. Write the structural formula of the complex and secondary valency for Nickel ion.</p><p>(ii) Write the IUPAC name of the ionisation isomer of [Co(NH<sub>3</sub>)<sub>5</sub>(SO<sub>4</sub>)]Cl.</p><p>(iii) Using Valence Bond Theory, predict the geometry and magnetic nature of :<br>(1) [Ni(CO)<sub>4</sub>]<br>(2) [Fe(CN)<sub>6</sub>]<sup>3-</sup></p><p>OR</p><p>(iii) Give reasons :<br>(1) Low spin tetrahedral complexes are not formed.<br>(2) [Co(NH<sub>3</sub>)<sub>6</sub>]<sup>3+</sup> is an inner orbital complex whereas [Ni(NH<sub>3</sub>)<sub>6</sub>]<sup>2+</sup> is an outer orbital complex.</p>",
                    "options": [],
                    "correct_answer": {
                      "text": "<p>(i) Since 2 moles of AgCl are precipitated, there are 2 Cl<sup>-</sup> ions outside the coordination sphere. The structural formula is [Ni(H<sub>2</sub>O)<sub>6</sub>]Cl<sub>2</sub>. The secondary valency (coordination number) of Nickel is 6.</p><p>(ii) The ionisation isomer is [Co(NH<sub>3</sub>)<sub>5</sub>Cl]SO<sub>4</sub>. Its IUPAC name is Pentaamminechloridocobalt(III) sulphate.</p><p>(iii) (1) [Ni(CO)<sub>4</sub>]: Ni is in the 0 oxidation state (3d<sup>8</sup>4s<sup>2</sup>). CO is a strong field ligand, causing the 4s electrons to pair up in the 3d orbitals. The configuration becomes 3d<sup>10</sup>. Hybridization is sp<sup>3</sup>. Geometry: Tetrahedral. Magnetic nature: Diamagnetic (no unpaired electrons).</p><p>(iii) (2) [Fe(CN)<sub>6</sub>]<sup>3-</sup>: Fe is in the +3 state (3d<sup>5</sup>). CN<sup>-</sup> is a strong field ligand, causing electron pairing. The configuration becomes t<sub>2g</sub><sup>5</sup>. Hybridization is d<sup>2</sup>sp<sup>3</sup>. Geometry: Octahedral. Magnetic nature: Paramagnetic (one unpaired electron).</p><p>OR</p><p>(iii) (1) Low spin tetrahedral complexes are not formed because the crystal field splitting energy (Δ<sub>t</sub>) in tetrahedral fields is very small. It is generally not sufficient to overcome the pairing energy required to force electrons into the lower energy orbitals.</p><p>(iii) (2) In [Co(NH<sub>3</sub>)<sub>6</sub>]<sup>3+</sup>, Co is in the +3 state (3d<sup>6</sup>). NH<sub>3</sub> is a strong field ligand for Co<sup>3+</sup> and causes pairing of electrons, leading to a t<sub>2g</sub><sup>6</sup> configuration and d<sup>2</sup>sp<sup>3</sup> (inner orbital) hybridization. In [Ni(NH<sub>3</sub>)<sub>6</sub>]<sup>2+</sup>, Ni is in the +2 state (3d<sup>8</sup>). Here, two d-orbitals are already singly occupied and cannot be paired. Therefore, it uses outer 4d orbitals, leading to sp<sup>3</sup>d<sup>2</sup> (outer orbital) hybridization.</p>"
                    },
                    "question_type": "Case-based Subjective",
                    "difficulty_level": "hard",
                    "explanation_html": null
                  }
                ]
              },
              {
                "chapter_name": "The d- and f-Block Elements",
                "questions": [
                  {
                    "question_no": 33,
                    "question_html": "<p>(a) (i) Account for the following :<br>(1) Transition metals form complex compounds.<br>(2) The E°<sub>Mn<sup>2+</sup>/Mn</sub> value for manganese is highly negative whereas E°<sub>Mn<sup>3+</sup>/Mn<sup>2+</sup></sub> is highly positive.<br>(3) Cu<sup>+</sup> ion is unstable in aqueous solution.</p><p>(ii) Write the equations involved in the preparation of KMnO<sub>4</sub> from Pyrolusite ore (MnO<sub>2</sub>).</p><p>OR</p><p>(b) (i) Identify the following :<br>(1) Transition metal of 3d series that exhibits only one oxidation state.<br>(2) Transition metal of 3d series that acts as a strong reducing agent in +2 oxidation state in aqueous solution.</p><p>(ii) Complete and balance the following equations :<br>(1) Cr<sub>2</sub>O<sub>7</sub><sup>2-</sup> + 14H<sup>+</sup> + 6Fe<sup>2+</sup> →<br>(2) KMnO<sub>4</sub> --(heat)--> </p><p>(iii) What is Misch metal ? Write its one use.</p>",
                    "options": [],
                    "correct_answer": {
                      "text": "<p>(a) (i) (1) Transition metals form complexes due to their small size, high ionic charge, and the availability of vacant d-orbitals to accept electron pairs from ligands.</p><p>(a) (i) (2) The highly negative E°<sub>Mn<sup>2+</sup>/Mn</sub> value is due to the extra stability of the half-filled d<sup>5</sup> configuration of Mn<sup>2+</sup>. The highly positive E°<sub>Mn<sup>3+</sup>/Mn<sup>2+</sup></sub> value is also because the reduction of Mn<sup>3+</sup> (d<sup>4</sup>) to Mn<sup>2+</sup> (d<sup>5</sup>) results in the stable half-filled configuration.</p><p>(a) (i) (3) Cu<sup>+</sup> ion is unstable in aqueous solution and undergoes disproportionation: 2Cu<sup>+</sup>(aq) → Cu<sup>2+</sup>(aq) + Cu(s). This is because the hydration enthalpy of Cu<sup>2+</sup> is much more negative than that of Cu<sup>+</sup>, which compensates for the second ionization enthalpy of copper.</p><p>(a) (ii) <b>Step 1:</b> 2MnO<sub>2</sub> + 4KOH + O<sub>2</sub> --(Fuse)--> 2K<sub>2</sub>MnO<sub>4</sub> (potassium manganate) + 2H<sub>2</sub>O.<br><b>Step 2:</b> The manganate ion is then disproportionated in a neutral or acidic medium: 3MnO<sub>4</sub><sup>2-</sup> + 4H<sup>+</sup> → 2MnO<sub>4</sub><sup>-</sup> + MnO<sub>2</sub> + 2H<sub>2</sub>O.</p><p>OR</p><p>(b) (i) (1) Scandium (Sc) exhibits only a +3 oxidation state.<br>(2) Chromium (Cr). Cr<sup>2+</sup> is a strong reducing agent as it is readily oxidized to Cr<sup>3+</sup>, which has a stable t<sub>2g</sub><sup>3</sup> configuration.</p><p>(b) (ii) (1) Cr<sub>2</sub>O<sub>7</sub><sup>2-</sup> + 14H<sup>+</sup> + 6Fe<sup>2+</sup> → 2Cr<sup>3+</sup> + 6Fe<sup>3+</sup> + 7H<sub>2</sub>O<br>(2) 2KMnO<sub>4</sub> --(heat)--> K<sub>2</sub>MnO<sub>4</sub> + MnO<sub>2</sub> + O<sub>2</sub></p><p>(b) (iii) Misch metal is an alloy of lanthanoid metals (approx. 95%) and iron (approx. 5%) and traces of S, C, Ca, and Al. One use is in the flints of cigarette lighters.</p>"
                    },
                    "question_type": "Long Answer (5 marks)",
                    "difficulty_level": "hard",
                    "explanation_html": null
                  }
                ]
              },
              {
                "chapter_name": "Aldehydes, Ketones and Carboxylic Acids",
                "questions": [
                  {
                    "question_no": 34,
                    "question_html": "<p>(a) (i) An organic compound (X) having molecular formula C<sub>5</sub>H<sub>10</sub>O can show various properties depending on its structures. Draw each of the structures if it<br>(1) gives positive iodoform test.<br>(2) shows Cannizzaro's reaction.<br>(3) reduces Tollens' reagent and has a chiral carbon.</p><p>(ii) Write the reaction involved in the following :<br>(1) Wolff-Kishner reduction<br>(2) Hell-Volhard-Zelinsky reaction</p><p>OR</p><p>(b) (i) How can you convert each of the following compounds to Benzoic acid?<br>(1) Acetophenone<br>(2) Ethylbenzene<br>(3) Bromobenzene</p><p>(ii) Arrange the following compounds in increasing order of their property as indicated :<br>(1) O<sub>2</sub>N–CH<sub>2</sub>–COOH, F–CH<sub>2</sub>–COOH, CN–CH<sub>2</sub>–COOH (Acidic character)<br>(2) Ethanal, Propanal, Butanone, Propanone (Reactivity in nucleophilic addition reactions)</p>",
                    "options": [],
                    "correct_answer": {
                      "text": "<p>(a) (i) (1) A positive iodoform test is given by methyl ketones or alcohols that can be oxidized to methyl ketones. For C<sub>5</sub>H<sub>10</sub>O, the structure is Pentan-2-one (CH<sub>3</sub>–CO–CH<sub>2</sub>–CH<sub>2</sub>–CH<sub>3</sub>).</p><p>(a) (i) (2) Cannizzaro's reaction is given by aldehydes without α-hydrogens. For C<sub>5</sub>H<sub>10</sub>O, the structure is 2,2-Dimethylpropanal ((CH<sub>3</sub>)<sub>3</sub>C–CHO).</p><p>(a) (i) (3) Reduces Tollens' reagent means it's an aldehyde. Having a chiral carbon means the structure is 2-Methylbutanal (CH<sub>3</sub>–CH<sub>2</sub>–CH(CH<sub>3</sub>)–CHO).</p><p>(a) (ii) (1) Wolff-Kishner reduction: Reduction of the carbonyl group of aldehydes and ketones to a CH<sub>2</sub> group using hydrazine (NH<sub>2</sub>NH<sub>2</sub>) followed by heating with a strong base like KOH in a high-boiling solvent.<br>>C=O + NH<sub>2</sub>NH<sub>2</sub>/KOH, ethylene glycol, heat → >CH<sub>2</sub> + N<sub>2</sub></p><p>(a) (ii) (2) Hell-Volhard-Zelinsky reaction: Carboxylic acids having an α-hydrogen are halogenated at the α-position on treatment with chlorine or bromine in the presence of a small amount of red phosphorus to give α-halocarboxylic acids.<br>R–CH<sub>2</sub>–COOH + X<sub>2</sub>/Red P → R–CH(X)–COOH</p><p>OR</p><p>(b) (i) (1) Acetophenone is oxidized using strong oxidizing agents like KMnO<sub>4</sub>/KOH followed by acidification to give benzoic acid.</p><p>(b) (i) (2) Ethylbenzene is oxidized using KMnO<sub>4</sub>/KOH followed by acidification to give benzoic acid.</p><p>(b) (i) (3) Bromobenzene is converted to phenylmagnesium bromide (Grignard reagent) by reacting with Mg in dry ether. This is then treated with solid CO<sub>2</sub> (dry ice) followed by acid hydrolysis to give benzoic acid.</p><p>(b) (ii) (1) Acidic character increases with the electron-withdrawing power of the substituent. The order of -I effect is NO<sub>2</sub> > CN > F. Therefore, the increasing order of acidic character is:<br>F–CH<sub>2</sub>–COOH < CN–CH<sub>2</sub>–COOH < O<sub>2</sub>N–CH<sub>2</sub>–COOH</p><p>(b) (ii) (2) Reactivity in nucleophilic addition decreases with increasing steric hindrance and +I effect. Ketones are less reactive than aldehydes. Therefore, the increasing order of reactivity is:<br>Butanone < Propanone < Propanal < Ethanal</p>"
                    },
                    "question_type": "Long Answer (5 marks)",
                    "difficulty_level": "hard",
                    "explanation_html": null
                  }
                ]
              },
              {
                "chapter_name": "Electrochemistry",
                "questions": [
                  {
                    "question_no": 35,
                    "question_html": "<p>(a) Calculate the emf of the following cell at 25°C :<br>Zn (s) | Zn<sup>2+</sup> (0.1 M) || H<sup>+</sup> (0.01 M) | H<sub>2</sub> (g) (1 bar), Pt (s)<br>[Given: E°<sub>Zn<sup>2+</sup>/Zn</sub> = - 0.76 V, E°<sub>H<sup>+</sup>/H<sub>2</sub></sub> = 0.00 V, log 10 = 1]</p><p>(b) State Kohlrausch law of independent migration of ions. Why does the conductivity of a solution decrease with dilution ?</p>",
                    "options": [],
                    "correct_answer": {
                      "text": "<p>(a) The overall cell reaction is: Zn(s) + 2H<sup>+</sup>(aq) → Zn<sup>2+</sup>(aq) + H<sub>2</sub>(g)<br>First, calculate E°<sub>cell</sub>:<br>E°<sub>cell</sub> = E°<sub>cathode</sub> - E°<sub>anode</sub> = E°<sub>H<sup>+</sup>/H<sub>2</sub></sub> - E°<sub>Zn<sup>2+</sup>/Zn</sub> = 0.00 V - (-0.76 V) = 0.76 V<br>Now, use the Nernst equation:<br>E<sub>cell</sub> = E°<sub>cell</sub> - (0.059/n) log([Zn<sup>2+</sup>]P<sub>H2</sub> / [H<sup>+</sup>]<sup>2</sup>)<br>Here, n=2, [Zn<sup>2+</sup>] = 0.1 M, [H<sup>+</sup>] = 0.01 M, P<sub>H2</sub> = 1 bar.<br>E<sub>cell</sub> = 0.76 - (0.059/2) log(0.1 / (0.01)<sup>2</sup>) = 0.76 - 0.0295 log(1000)<br>E<sub>cell</sub> = 0.76 - 0.0295 × 3 = 0.76 - 0.0885 = 0.6715 V</p><p>(b) <b>Kohlrausch's Law:</b> It states that the limiting molar conductivity of an electrolyte can be represented as the sum of the individual contributions of the anion and cation of the electrolyte.<br>Λ°<sub>m</sub> = ν<sub>+</sub>λ°<sub>+</sub> + ν<sub>-</sub>λ°<sub>-</sub><br><b>Decrease in conductivity with dilution:</b> The conductivity of a solution is the conductance of ions present in a unit volume of the solution. On dilution, the total number of ions increases, but the number of ions per unit volume decreases. Since conductivity depends on the number of ions per unit volume, it decreases as the solution is diluted.</p>"
                    },
                    "question_type": "Long Answer (5 marks)",
                    "difficulty_level": "hard",
                    "explanation_html": null
                  }
                ]
              }
            ]
          }
        ]
      }
    ]
  }
]