[
  {
    "exam_name_actual": "CBSE Board - Class 12 - Science",
    "main_exam_id_name_ref": "CBSE Board - Class 12 - Science",
    "years": [
      {
        "year": "2023",
        "papers_or_subjects": [
          {
            "paper_name": "CBSE Class 12 Science (Chemistry) Paper 2023 (QP Code: 56/5/1)",
            "subject_name": "Chemistry",
            "chapters": [
              {
                "chapter_name": "Haloalkanes and Haloarenes",
                "questions": [
                  {
                    "question_no": 1,
                    "question_html": "<p>Which of the following molecules has a chiral centre correctly labelled with an asterisk (*) ?</p>",
                    "options": [
                      {
                        "id": "a",
                        "text": "CH<sub>3</sub>C*HBrCH<sub>3</sub>"
                      },
                      {
                        "id": "b",
                        "text": "CH<sub>3</sub>C*HClCH<sub>2</sub>Br"
                      },
                      {
                        "id": "c",
                        "text": "HOCH<sub>2</sub>C*H(OH)CH<sub>2</sub>OH"
                      },
                      {
                        "id": "d",
                        "text": "CH<sub>3</sub>C*Br<sub>2</sub>CH<sub>3</sub>"
                      }
                    ],
                    "correct_answer": {
                      "ids": [
                        "b"
                      ]
                    },
                    "question_type": "mcq_single",
                    "difficulty_level": "medium",
                    "explanation_html": "<p>A chiral centre is a carbon atom that is bonded to four different groups. In option (b), the starred carbon atom is bonded to a hydrogen atom (-H), a chlorine atom (-Cl), a methyl group (-CH<sub>3</sub>), and a bromomethyl group (-CH<sub>2</sub>Br). Since all four attached groups are different, this carbon is a chiral centre. In the other options, the starred carbon atom is bonded to at least two identical groups.</p>"
                  }
                ]
              },
              {
                "chapter_name": "Alcohols, Phenols and Ethers",
                "questions": [
                  {
                    "question_no": 2,
                    "question_html": "<p>Which of the following alcohols will not undergo oxidation ?</p>",
                    "options": [
                      {
                        "id": "a",
                        "text": "Butanol"
                      },
                      {
                        "id": "b",
                        "text": "Butan-2-ol"
                      },
                      {
                        "id": "c",
                        "text": "2-Methylbutan-2-ol"
                      },
                      {
                        "id": "d",
                        "text": "3-Methylbutan-2-ol"
                      }
                    ],
                    "correct_answer": {
                      "ids": [
                        "c"
                      ]
                    },
                    "question_type": "mcq_single",
                    "difficulty_level": "easy",
                    "explanation_html": "<p>Oxidation of alcohols typically involves the removal of a hydrogen atom from the carbon atom bearing the -OH group. 2-Methylbutan-2-ol is a tertiary alcohol, meaning the carbon atom attached to the -OH group is not bonded to any hydrogen atoms. Therefore, it cannot be oxidized without breaking a carbon-carbon bond, making it resistant to common oxidizing agents.</p>"
                  }
                ]
              },
              {
                "chapter_name": "Electrochemistry",
                "questions": [
                  {
                    "question_no": 3,
                    "question_html": "<p>A voltaic cell is made by connecting two half cells represented by half equations below :<br>Sn<sup>2+</sup><sub>(aq)</sub> + 2e<sup>-</sup> → Sn<sub>(s)</sub> E° = - 0.14 V<br>Fe<sup>3+</sup><sub>(aq)</sub> + e<sup>-</sup> → Fe<sup>2+</sup><sub>(aq)</sub> E° = + 0.77 V<br>Which statement is correct about this voltaic cell ?</p>",
                    "options": [
                      {
                        "id": "a",
                        "text": "Fe<sup>2+</sup> is oxidised and the voltage of the cell is –0.91 V"
                      },
                      {
                        "id": "b",
                        "text": "Sn is oxidised and the voltage of the cell is 0.91 V"
                      },
                      {
                        "id": "c",
                        "text": "Fe<sup>2+</sup> is oxidised and the voltage of the cell is 0.91 V"
                      },
                      {
                        "id": "d",
                        "text": "Sn is oxidised and the voltage of the cell is 0.63 V"
                      }
                    ],
                    "correct_answer": {
                      "ids": [
                        "b"
                      ]
                    },
                    "question_type": "mcq_single",
                    "difficulty_level": "medium",
                    "explanation_html": "<p>In a voltaic cell, the half-cell with the higher standard reduction potential (E°) acts as the cathode (reduction occurs), and the half-cell with the lower E° acts as the anode (oxidation occurs). Here, E°(Fe³⁺/Fe²⁺) = +0.77 V is higher than E°(Sn²⁺/Sn) = -0.14 V. Therefore, Sn will be oxidized at the anode. The standard cell potential (E°<sub>cell</sub>) is calculated as E°<sub>cathode</sub> - E°<sub>anode</sub> = (+0.77 V) - (-0.14 V) = 0.91 V.</p>"
                  }
                ]
              },
              {
                "chapter_name": "Electrochemistry",
                "questions": [
                  {
                    "question_no": 4,
                    "question_html": "<p>Four half reactions I to IV are shown below :<br>I. 2Cl<sup>-</sup> → Cl<sub>2</sub> + 2e<sup>-</sup><br>II. 4OH<sup>-</sup> → O<sub>2</sub> + 2H<sub>2</sub>O + 2e<sup>-</sup><br>III. Na<sup>+</sup> + e<sup>-</sup> → Na<br>IV. 2H<sup>+</sup> + 2e<sup>-</sup> → H<sub>2</sub><br>Which two of these reactions are most likely to occur when concentrated brine is electrolysed ?</p>",
                    "options": [
                      {
                        "id": "a",
                        "text": "I and III"
                      },
                      {
                        "id": "b",
                        "text": "I and IV"
                      },
                      {
                        "id": "c",
                        "text": "II and III"
                      },
                      {
                        "id": "d",
                        "text": "II and IV"
                      }
                    ],
                    "correct_answer": {
                      "ids": [
                        "b"
                      ]
                    },
                    "question_type": "mcq_single",
                    "difficulty_level": "medium",
                    "explanation_html": "<p>During the electrolysis of concentrated aqueous NaCl (brine):<br>At the anode (oxidation), Cl<sup>-</sup> ions are oxidized to Cl<sub>2</sub> gas (Reaction I) in preference to water, due to the high overpotential of oxygen.<br>At the cathode (reduction), H<sup>+</sup> ions from water are reduced to H<sub>2</sub> gas (Reaction IV) because the reduction potential of H<sup>+</sup> is much higher than that of Na<sup>+</sup>.</p>"
                  }
                ]
              },
              {
                "chapter_name": "The d- and f-Block Elements",
                "questions": [
                  {
                    "question_no": 5,
                    "question_html": "<p>Which property of transition metals enables them to behave as catalysts ?</p>",
                    "options": [
                      {
                        "id": "a",
                        "text": "High melting point"
                      },
                      {
                        "id": "b",
                        "text": "High ionisation enthalpy"
                      },
                      {
                        "id": "c",
                        "text": "Alloy formation"
                      },
                      {
                        "id": "d",
                        "text": "Variable oxidation states"
                      }
                    ],
                    "correct_answer": {
                      "ids": [
                        "d"
                      ]
                    },
                    "question_type": "mcq_single",
                    "difficulty_level": "easy",
                    "explanation_html": "<p>Transition metals are effective catalysts primarily due to their ability to exhibit multiple (variable) oxidation states. This allows them to form unstable intermediate compounds and provide a new reaction pathway with a lower activation energy, thereby increasing the reaction rate. They can also provide a large surface area for adsorption of reactants.</p>"
                  }
                ]
              },
              {
                "chapter_name": "The d- and f-Block Elements",
                "questions": [
                  {
                    "question_no": 6,
                    "question_html": "<p>In the two tetrahedral structures of dichromate ion</p>",
                    "options": [
                      {
                        "id": "a",
                        "text": "4 Cr-O bonds are equivalent in length."
                      },
                      {
                        "id": "b",
                        "text": "6 Cr-O bonds are equivalent in length."
                      },
                      {
                        "id": "c",
                        "text": "All Cr - O bonds are equivalent in length."
                      },
                      {
                        "id": "d",
                        "text": "All Cr - O bonds are non-equivalent."
                      }
                    ],
                    "correct_answer": {
                      "ids": [
                        "b"
                      ]
                    },
                    "question_type": "mcq_single",
                    "difficulty_level": "medium",
                    "explanation_html": "<p>The dichromate ion, Cr<sub>2</sub>O<sub>7</sub><sup>2-</sup>, consists of two CrO<sub>4</sub> tetrahedra linked by a shared oxygen atom. In this structure, there are six terminal Cr-O bonds which are shorter and equivalent in length. There are also two longer Cr-O bridging bonds. Therefore, not all bonds are equivalent, but the six terminal bonds are.</p>"
                  }
                ]
              },
              {
                "chapter_name": "Solutions",
                "questions": [
                  {
                    "question_no": 7,
                    "question_html": "<p>1 mole of liquid A and 2 moles of liquid B make a solution having a total vapour pressure 40 torr. The vapour pressure of pure A and pure B are 45 torr and 30 torr respectively. The above solution</p>",
                    "options": [
                      {
                        "id": "a",
                        "text": "is an ideal solution."
                      },
                      {
                        "id": "b",
                        "text": "shows positive deviation."
                      },
                      {
                        "id": "c",
                        "text": "shows negative deviation."
                      },
                      {
                        "id": "d",
                        "text": "is a maximum boiling azeotrope."
                      }
                    ],
                    "correct_answer": {
                      "ids": [
                        "b"
                      ]
                    },
                    "question_type": "mcq_single",
                    "difficulty_level": "medium",
                    "explanation_html": "<p>First, calculate the theoretical vapour pressure for an ideal solution using Raoult's Law. Mole fraction of A (X<sub>A</sub>) = 1/(1+2) = 1/3. Mole fraction of B (X<sub>B</sub>) = 2/(1+2) = 2/3. The ideal pressure P<sub>ideal</sub> = P°<sub>A</sub>X<sub>A</sub> + P°<sub>B</sub>X<sub>B</sub> = (45 × 1/3) + (30 × 2/3) = 15 + 20 = 35 torr. The observed pressure is 40 torr. Since the observed pressure (40 torr) is greater than the ideal pressure (35 torr), the solution exhibits a positive deviation from Raoult's law.</p>"
                  }
                ]
              },
              {
                "chapter_name": "Amines",
                "questions": [
                  {
                    "question_no": 8,
                    "question_html": "<p>Which of the following would not be a good choice for reducing nitrobenzene to aniline ?</p>",
                    "options": [
                      {
                        "id": "a",
                        "text": "LiAlH<sub>4</sub>"
                      },
                      {
                        "id": "b",
                        "text": "H<sub>2</sub>/Ni"
                      },
                      {
                        "id": "c",
                        "text": "Fe and HCl"
                      },
                      {
                        "id": "d",
                        "text": "Sn and HCl"
                      }
                    ],
                    "correct_answer": {
                      "ids": [
                        "a"
                      ]
                    },
                    "question_type": "mcq_single",
                    "difficulty_level": "medium",
                    "explanation_html": "<p>Reagents like H<sub>2</sub>/Ni, Fe/HCl, and Sn/HCl are standard and efficient choices for the reduction of nitrobenzene to aniline. LiAlH<sub>4</sub> is a very strong reducing agent, but it is not suitable for this specific conversion as it often leads to the formation of other products like azoxybenzene and azobenzene instead of the desired primary amine.</p>"
                  }
                ]
              },
              {
                "chapter_name": "Solutions",
                "questions": [
                  {
                    "question_no": 9,
                    "question_html": "<p>If molality of a dilute solution is doubled, the value of the molal elevation constant (K<sub>b</sub>) will be</p>",
                    "options": [
                      {
                        "id": "a",
                        "text": "halved"
                      },
                      {
                        "id": "b",
                        "text": "doubled"
                      },
                      {
                        "id": "c",
                        "text": "tripled"
                      },
                      {
                        "id": "d",
                        "text": "unchanged"
                      }
                    ],
                    "correct_answer": {
                      "ids": [
                        "d"
                      ]
                    },
                    "question_type": "mcq_single",
                    "difficulty_level": "easy",
                    "explanation_html": "<p>The molal elevation constant (K<sub>b</sub>), or ebullioscopic constant, is a physical constant that is a characteristic property of the solvent. Its value depends only on the nature of the solvent and is independent of the concentration (molality) of the solute. Therefore, changing the molality of the solution does not affect the value of K<sub>b</sub>.</p>"
                  }
                ]
              },
              {
                "chapter_name": "Biomolecules",
                "questions": [
                  {
                    "question_no": 10,
                    "question_html": "<p>Hydrolysis of sucrose is called</p>",
                    "options": [
                      {
                        "id": "a",
                        "text": "inversion"
                      },
                      {
                        "id": "b",
                        "text": "hydration"
                      },
                      {
                        "id": "c",
                        "text": "esterification"
                      },
                      {
                        "id": "d",
                        "text": "saponification"
                      }
                    ],
                    "correct_answer": {
                      "ids": [
                        "a"
                      ]
                    },
                    "question_type": "mcq_single",
                    "difficulty_level": "easy",
                    "explanation_html": "<p>Sucrose is a dextrorotatory sugar. Upon hydrolysis, it breaks down into an equimolar mixture of dextrorotatory D-(+)-glucose and laevorotatory D-(-)-fructose. Since the specific laevorotation of fructose is larger than the specific dextrorotation of glucose, the overall mixture becomes laevorotatory. This phenomenon of the change in the sign of optical rotation is called inversion of sugar.</p>"
                  }
                ]
              },
              {
                "chapter_name": "Aldehydes, Ketones and Carboxylic Acids",
                "questions": [
                  {
                    "question_no": 11,
                    "question_html": "<p>Which one of the following has lowest pK<sub>a</sub> value ?</p>",
                    "options": [
                      {
                        "id": "a",
                        "text": "CH<sub>3</sub>-COOH"
                      },
                      {
                        "id": "b",
                        "text": "O<sub>2</sub>N-CH<sub>2</sub>-COOH"
                      },
                      {
                        "id": "c",
                        "text": "Cl-CH<sub>2</sub>-COOH"
                      },
                      {
                        "id": "d",
                        "text": "HCOOH"
                      }
                    ],
                    "correct_answer": {
                      "ids": [
                        "b"
                      ]
                    },
                    "question_type": "mcq_single",
                    "difficulty_level": "medium",
                    "explanation_html": "<p>A lower pK<sub>a</sub> value corresponds to a stronger acid. The strength of a carboxylic acid is increased by the presence of electron-withdrawing groups attached to the α-carbon, as they stabilize the conjugate base (carboxylate ion). The nitro group (-NO<sub>2</sub>) has a very strong electron-withdrawing inductive effect (-I effect), making O<sub>2</sub>N-CH<sub>2</sub>-COOH the strongest acid among the given options, and thus it has the lowest pK<sub>a</sub> value.</p>"
                  }
                ]
              },
              {
                "chapter_name": "Electrochemistry",
                "questions": [
                  {
                    "question_no": 12,
                    "question_html": "<p>Which of the following cell was used in Apollo space programme ?</p>",
                    "options": [
                      {
                        "id": "a",
                        "text": "Mercury cell"
                      },
                      {
                        "id": "b",
                        "text": "Daniel cell"
                      },
                      {
                        "id": "c",
                        "text": "H<sub>2</sub>-O<sub>2</sub> Fuel cell"
                      },
                      {
                        "id": "d",
                        "text": "Dry cell"
                      }
                    ],
                    "correct_answer": {
                      "ids": [
                        "c"
                      ]
                    },
                    "question_type": "mcq_single",
                    "difficulty_level": "easy",
                    "explanation_html": "<p>The H<sub>2</sub>-O<sub>2</sub> fuel cell was used in the Apollo space missions to generate electricity. This cell has the advantage of being lightweight and highly efficient, and the water produced as a by-product was used for drinking by the astronauts.</p>"
                  }
                ]
              },
              {
                "chapter_name": "Chemical Kinetics",
                "questions": [
                  {
                    "question_no": 13,
                    "question_html": "<p>The following experimental rate data were obtained for a reaction carried out at 25 °C :<br>A<sub>(g)</sub> + B<sub>(g)</sub> → C<sub>(g)</sub> + D<sub>(g)</sub></p><table><tbody><tr><td>Initial [A<sub>(g)</sub>]/mol dm<sup>-3</sup></td><td>Initial [B<sub>(g)</sub>]/mol dm<sup>-3</sup></td><td>Initial rate/mol dm<sup>-3</sup>s<sup>-1</sup></td></tr><tr><td>3.0 × 10<sup>-2</sup></td><td>2.0 × 10<sup>-2</sup></td><td>1.89 × 10<sup>-4</sup></td></tr><tr><td>3.0 × 10<sup>-2</sup></td><td>4.0 × 10<sup>-2</sup></td><td>1.89 × 10<sup>-4</sup></td></tr><tr><td>6.0 × 10<sup>-2</sup></td><td>4.0 × 10<sup>-2</sup></td><td>7.56 × 10<sup>-4</sup></td></tr></tbody></table><p>What are the orders with respect to A<sub>(g)</sub> and B<sub>(g)</sub> ?</p>",
                    "options": [
                      {
                        "id": "a",
                        "text": "Zero for A, Second for B"
                      },
                      {
                        "id": "b",
                        "text": "First for A, Zero for B"
                      },
                      {
                        "id": "c",
                        "text": "Second for A, Zero for B"
                      },
                      {
                        "id": "d",
                        "text": "Second for A, First for B"
                      }
                    ],
                    "correct_answer": {
                      "ids": [
                        "c"
                      ]
                    },
                    "question_type": "mcq_single",
                    "difficulty_level": "hard",
                    "explanation_html": "<p>Let the rate law be Rate = k[A]<sup>x</sup>[B]<sup>y</sup>. <br>Comparing experiments 1 and 2: [A] is constant. When [B] is doubled (from 2.0 × 10<sup>-2</sup> to 4.0 × 10<sup>-2</sup>), the rate remains unchanged (1.89 × 10<sup>-4</sup>). This implies the reaction is zero order with respect to B (y=0).<br>Comparing experiments 2 and 3: [B] is constant. When [A] is doubled (from 3.0 × 10<sup>-2</sup> to 6.0 × 10<sup>-2</sup>), the rate increases by a factor of 4 (7.56 × 10<sup>-4</sup> / 1.89 × 10<sup>-4</sup> = 4). Since 2<sup>x</sup> = 4, the order with respect to A is 2 (x=2).<br>Thus, the order is Second with respect to A and Zero with respect to B.</p>"
                  }
                ]
              },
              {
                "chapter_name": "Coordination Compounds",
                "questions": [
                  {
                    "question_no": 14,
                    "question_html": "<p>The magnetic moment of [NiCl<sub>4</sub>]<sup>2-</sup> is :<br>[Atomic number : Ni = 28]</p>",
                    "options": [
                      {
                        "id": "a",
                        "text": "1.82 BM"
                      },
                      {
                        "id": "b",
                        "text": "2.82 BM"
                      },
                      {
                        "id": "c",
                        "text": "4.42 BM"
                      },
                      {
                        "id": "d",
                        "text": "5.46 BM"
                      }
                    ],
                    "correct_answer": {
                      "ids": [
                        "b"
                      ]
                    },
                    "question_type": "mcq_single",
                    "difficulty_level": "medium",
                    "explanation_html": "<p>In [NiCl<sub>4</sub>]<sup>2-</sup>, the oxidation state of Ni is +2. The electronic configuration of Ni<sup>2+</sup> is [Ar] 3d<sup>8</sup>. Cl<sup>-</sup> is a weak field ligand, so it does not cause pairing of electrons. The complex has a tetrahedral geometry (sp<sup>3</sup> hybridization). The 3d<sup>8</sup> configuration results in two unpaired electrons. The spin-only magnetic moment (μ) is calculated using the formula μ = √[n(n+2)] BM, where n is the number of unpaired electrons. For n=2, μ = √[2(2+2)] = √8 ≈ 2.82 BM.</p>"
                  }
                ]
              },
              {
                "chapter_name": "Biomolecules",
                "questions": [
                  {
                    "question_no": 15,
                    "question_html": "<p><strong>Assertion (A):</strong> Proteins are polymers of α-amino acids connected by a peptide bond.</p><p><strong>Reason (R) :</strong> A tetrapeptide contains 4 amino acids linked by 4 peptide bonds.</p>",
                    "options": [
                      {
                        "id": "a",
                        "text": "Both Assertion (A) and Reason (R) are true and Reason (R) is the correct explanation of the Assertion (A)."
                      },
                      {
                        "id": "b",
                        "text": "Both Assertion (A) and Reason (R) are true, but Reason (R) is not the correct explanation of the Assertion (A)."
                      },
                      {
                        "id": "c",
                        "text": "Assertion (A) is true, but Reason (R) is false."
                      },
                      {
                        "id": "d",
                        "text": "Assertion (A) is false, but Reason (R) is true."
                      }
                    ],
                    "correct_answer": {
                      "ids": [
                        "c"
                      ]
                    },
                    "question_type": "mcq_single",
                    "difficulty_level": "easy",
                    "explanation_html": "<p>Assertion (A) is true; it is the fundamental definition of a protein. Reason (R) is false because a peptide with 'n' amino acids will have 'n-1' peptide bonds. Therefore, a tetrapeptide, which contains 4 amino acids, is formed by 3 peptide bonds, not 4.</p>"
                  }
                ]
              },
              {
                "chapter_name": "Chemical Kinetics",
                "questions": [
                  {
                    "question_no": 16,
                    "question_html": "<p><strong>Assertion (A) :</strong> For a zero order reaction the unit of rate constant and rate of reaction are same.</p><p><strong>Reason (R) :</strong> Rate of reaction for zero order reaction is independent of concentration of reactant.</p>",
                    "options": [
                      {
                        "id": "a",
                        "text": "Both Assertion (A) and Reason (R) are true and Reason (R) is the correct explanation of the Assertion (A)."
                      },
                      {
                        "id": "b",
                        "text": "Both Assertion (A) and Reason (R) are true, but Reason (R) is not the correct explanation of the Assertion (A)."
                      },
                      {
                        "id": "c",
                        "text": "Assertion (A) is true, but Reason (R) is false."
                      },
                      {
                        "id": "d",
                        "text": "Assertion (A) is false, but Reason (R) is true."
                      }
                    ],
                    "correct_answer": {
                      "ids": [
                        "a"
                      ]
                    },
                    "question_type": "mcq_single",
                    "difficulty_level": "medium",
                    "explanation_html": "<p>Assertion (A) is true. The rate law for a zero-order reaction is Rate = k[A]<sup>0</sup> = k. This means the rate of reaction is equal to the rate constant, so their units must be identical (mol L<sup>-1</sup> s<sup>-1</sup>). Reason (R) is also true, as the rate law shows the rate is independent of reactant concentration. Reason (R) is the correct explanation for Assertion (A) because the independence of rate from concentration is the reason the rate law simplifies to Rate = k.</p>"
                  }
                ]
              },
              {
                "chapter_name": "Aldehydes, Ketones and Carboxylic Acids",
                "questions": [
                  {
                    "question_no": 17,
                    "question_html": "<p><strong>Assertion (A):</strong> Acetic acid but not formic acid can be halogenated in presence of red P and Cl<sub>2</sub>.</p><p><strong>Reason (R) :</strong> Acetic acid is a weaker acid than formic acid.</p>",
                    "options": [
                      {
                        "id": "a",
                        "text": "Both Assertion (A) and Reason (R) are true and Reason (R) is the correct explanation of the Assertion (A)."
                      },
                      {
                        "id": "b",
                        "text": "Both Assertion (A) and Reason (R) are true, but Reason (R) is not the correct explanation of the Assertion (A)."
                      },
                      {
                        "id": "c",
                        "text": "Assertion (A) is true, but Reason (R) is false."
                      },
                      {
                        "id": "d",
                        "text": "Assertion (A) is false, but Reason (R) is true."
                      }
                    ],
                    "correct_answer": {
                      "ids": [
                        "b"
                      ]
                    },
                    "question_type": "mcq_single",
                    "difficulty_level": "medium",
                    "explanation_html": "<p>Assertion (A) is true. The reaction described is the Hell-Volhard-Zelinsky (HVZ) reaction, which requires the presence of an α-hydrogen atom in the carboxylic acid. Acetic acid (CH<sub>3</sub>COOH) has α-hydrogens, while formic acid (HCOOH) does not. Reason (R) is also true; the electron-donating methyl group makes acetic acid weaker than formic acid. However, the reason for the reaction is the presence of α-hydrogens, not the relative acidic strength. Thus, both statements are true, but R is not the correct explanation for A.</p>"
                  }
                ]
              },
              {
                "chapter_name": "Coordination Compounds",
                "questions": [
                  {
                    "question_no": 18,
                    "question_html": "<p><strong>Assertion (A) :</strong> Trans [Cr Cl<sub>2</sub>(ox)<sub>2</sub>]<sup>3-</sup> shows optical isomerism.</p><p><strong>Reason (R) :</strong> Optical isomerism is common in octahedral complexes involving didentate ligands.</p>",
                    "options": [
                      {
                        "id": "a",
                        "text": "Both Assertion (A) and Reason (R) are true and Reason (R) is the correct explanation of the Assertion (A)."
                      },
                      {
                        "id": "b",
                        "text": "Both Assertion (A) and Reason (R) are true, but Reason (R) is not the correct explanation of the Assertion (A)."
                      },
                      {
                        "id": "c",
                        "text": "Assertion (A) is true, but Reason (R) is false."
                      },
                      {
                        "id": "d",
                        "text": "Assertion (A) is false, but Reason (R) is true."
                      }
                    ],
                    "correct_answer": {
                      "ids": [
                        "d"
                      ]
                    },
                    "question_type": "mcq_single",
                    "difficulty_level": "hard",
                    "explanation_html": "<p>Assertion (A) is false. For an octahedral complex of the type [M(AA)<sub>2</sub>X<sub>2</sub>], where AA is a bidentate ligand like oxalate (ox), the trans-isomer is symmetrical and has a plane of symmetry, making it optically inactive (achiral). Only the cis-isomer is chiral and shows optical isomerism. Reason (R) is a true general statement; the presence of chelating bidentate ligands frequently leads to chirality in octahedral complexes. Therefore, the assertion is false but the reason is true.</p>"
                  }
                ]
              },
              {
                "chapter_name": "Electrochemistry",
                "questions": [
                  {
                    "question_no": 19,
                    "question_html": "<p>(a) (i) What should be the signs (positive/negative) for E°<sub>Cell</sub> and ΔG° for a spontaneous redox reaction occurring under standard conditions?</p><p>(ii) State Faraday's first law of electrolysis.</p><p>OR</p><p>(b) Calculate the emf of the following cell at 298 K :</p><p>Fe<sub>(s)</sub> | Fe<sup>2+</sup> (0.01M) || H<sup>+</sup> (1M) | H<sub>2(g)</sub> (1 bar), Pt<sub>(s)</sub></p><p>Given E°<sub>Cell</sub> = 0.44 V.</p>",
                    "options": [],
                    "correct_answer": {
                      "text": "<p>(a) (i) For a spontaneous reaction, E°<sub>Cell</sub> must be positive and ΔG° must be negative.</p><p>(a) (ii) Faraday's first law of electrolysis states that the mass of a substance deposited or liberated at any electrode is directly proportional to the quantity of electricity (charge) passed through the electrolyte.</p><p>OR</p><p>(b) The cell reaction is: Fe(s) + 2H<sup>+</sup>(aq) → Fe<sup>2+</sup>(aq) + H<sub>2</sub>(g). Here, n = 2.</p><p>Using the Nernst equation:<br>E<sub>Cell</sub> = E°<sub>Cell</sub> - (0.059/n) log ([Fe<sup>2+</sup>] / [H<sup>+</sup>]<sup>2</sup>)<br>E<sub>Cell</sub> = 0.44 - (0.059/2) log (0.01 / 1<sup>2</sup>)<br>E<sub>Cell</sub> = 0.44 - 0.0295 log (10<sup>-2</sup>)<br>E<sub>Cell</sub> = 0.44 - 0.0295 × (-2)<br>E<sub>Cell</sub> = 0.44 + 0.059 = 0.499 V.</p>"
                    },
                    "question_type": "Very Short Answer (2 marks)",
                    "difficulty_level": "medium",
                    "explanation_html": null
                  }
                ]
              },
              {
                "chapter_name": "Chemical Kinetics",
                "questions": [
                  {
                    "question_no": 20,
                    "question_html": "<p>What happens to the rate constant k and activation energy E<sub>a</sub> as the temperature of a chemical reaction is increased ? Justify.</p>",
                    "options": [],
                    "correct_answer": {
                      "text": "<p><b>Rate constant (k):</b> The rate constant increases as the temperature of the reaction is increased. <br><b>Justification:</b> According to the Arrhenius equation, k = A e<sup>-Ea/RT</sup>, an increase in temperature (T) leads to a decrease in the value of the exponent E<sub>a</sub>/RT, which results in a significant increase in the value of the rate constant k.</p><p><b>Activation energy (E<sub>a</sub>):</b> The activation energy remains unchanged.<br><b>Justification:</b> Activation energy is the minimum energy required for the reactants to form an activated complex. It depends on the nature of the reactants and the reaction pathway, but it is considered to be independent of the temperature.</p>"
                    },
                    "question_type": "Very Short Answer (2 marks)",
                    "difficulty_level": "medium",
                    "explanation_html": null
                  }
                ]
              },
              {
                "chapter_name": "Coordination Compounds",
                "questions": [
                  {
                    "question_no": 21,
                    "question_html": "<p>(a) Which of the following species cannot act as a ligand ? Give reason.<br>OH<sup>-</sup>, NH<sub>4</sub><sup>+</sup>, CH<sub>3</sub>NH<sub>2</sub>, H<sub>2</sub>O</p><p>(b) The complex [Co(NH<sub>3</sub>)<sub>5</sub>(NO<sub>2</sub>)]Cl<sub>2</sub> is red in colour. Give IUPAC name of its linkage isomer.</p>",
                    "options": [],
                    "correct_answer": {
                      "text": "<p>(a) NH<sub>4</sub><sup>+</sup> (Ammonium ion) cannot act as a ligand.<br><b>Reason:</b> A ligand must have at least one lone pair of electrons to donate to the central metal ion. In NH<sub>4</sub><sup>+</sup>, the lone pair of electrons on the nitrogen atom is already used to form a coordinate bond with a proton (H<sup>+</sup>), so it has no lone pair available for donation.</p><p>(b) The linkage isomer is [Co(NH<sub>3</sub>)<sub>5</sub>(ONO)]Cl<sub>2</sub>.<br>Its IUPAC name is Pentaamminenitrito-O-cobalt(III) chloride.</p>"
                    },
                    "question_type": "Very Short Answer (2 marks)",
                    "difficulty_level": "medium",
                    "explanation_html": null
                  }
                ]
              },
              {
                "chapter_name": "Haloalkanes and Haloarenes",
                "questions": [
                  {
                    "question_no": 22,
                    "question_html": "<p>Why is boiling point of o-dichlorobenzene higher than p-dichlorobenzene but melting point of para isomer is higher than ortho isomer ?</p>",
                    "options": [],
                    "correct_answer": {
                      "text": "<p><b>Boiling Point:</b> o-dichlorobenzene is a polar molecule with a net dipole moment, leading to stronger dipole-dipole intermolecular attractions. p-dichlorobenzene is non-polar as the dipole moments of the two C-Cl bonds cancel each other out. Due to stronger intermolecular forces, o-dichlorobenzene has a higher boiling point.</p><p><b>Melting Point:</b> The para isomer is more symmetrical than the ortho isomer. This symmetry allows it to fit more closely and effectively in the crystal lattice, resulting in stronger intermolecular forces in the solid state. Therefore, more energy is required to break the lattice, and the melting point of the para isomer is higher.</p>"
                    },
                    "question_type": "Very Short Answer (2 marks)",
                    "difficulty_level": "medium",
                    "explanation_html": null
                  }
                ]
              },
              {
                "chapter_name": "Alcohols, Phenols and Ethers",
                "questions": [
                  {
                    "question_no": 23,
                    "question_html": "<p>For the pair phenol and cyclohexanol, answer the following :</p><p>(a) Why is phenol more acidic than cyclohexanol ?</p><p>(b) Give one chemical test to distinguish between the two.</p>",
                    "options": [],
                    "correct_answer": {
                      "text": "<p>(a) Phenol is more acidic than cyclohexanol because its conjugate base, the phenoxide ion, is highly stabilized by resonance. The negative charge is delocalized over the benzene ring. In contrast, the conjugate base of cyclohexanol, the cyclohexoxide ion, has no such resonance stabilization.</p><p>(b) <b>Neutral Ferric Chloride (FeCl<sub>3</sub>) test:</b> When a few drops of neutral FeCl<sub>3</sub> solution are added to phenol, a characteristic violet colouration is produced. Cyclohexanol does not give this test.</p>"
                    },
                    "question_type": "Very Short Answer (2 marks)",
                    "difficulty_level": "easy",
                    "explanation_html": null
                  }
                ]
              },
              {
                "chapter_name": "Amines",
                "questions": [
                  {
                    "question_no": 24,
                    "question_html": "<p>(a) (i) Draw the zwitter ion structure for sulphanilic acid.</p><p>(ii) How can the activating effect of –NH<sub>2</sub> group in aniline be controlled ?</p><p>OR</p><p>(b) (i) Complete the reaction with the main product formed :<br>Benzenediazonium chloride + CH<sub>3</sub>CH<sub>2</sub>OH →</p><p>(ii) Convert Bromoethane to Propanamine.</p>",
                    "options": [],
                    "correct_answer": {
                      "text": "<p>(a) (i) The zwitter ion structure of sulphanilic acid is p-H<sub>3</sub>N<sup>+</sup>-C<sub>6</sub>H<sub>4</sub>-SO<sub>3</sub><sup>-</sup>.</p><p>(a) (ii) The activating effect of the -NH<sub>2</sub> group can be controlled by acetylation. Aniline is treated with acetic anhydride to form acetanilide. The lone pair on the nitrogen of the acetamido group is less available for donation to the ring due to resonance with the adjacent carbonyl group, thus reducing its activating effect.</p><p>OR</p><p>(b) (i) The main product formed is Benzene (C<sub>6</sub>H<sub>6</sub>).</p><p>(b) (ii) Bromoethane is first treated with alcoholic potassium cyanide (KCN) to form propanenitrile via a nucleophilic substitution reaction. The propanenitrile is then reduced to propanamine using a reducing agent like LiAlH<sub>4</sub> or catalytic hydrogenation (H<sub>2</sub>/Ni).<br>CH<sub>3</sub>CH<sub>2</sub>Br + KCN → CH<sub>3</sub>CH<sub>2</sub>CN + KBr<br>CH<sub>3</sub>CH<sub>2</sub>CN + 4[H] --(LiAlH<sub>4</sub>)--> CH<sub>3</sub>CH<sub>2</sub>CH<sub>2</sub>NH<sub>2</sub></p>"
                    },
                    "question_type": "Very Short Answer (2 marks)",
                    "difficulty_level": "medium",
                    "explanation_html": null
                  }
                ]
              },
              {
                "chapter_name": "Biomolecules",
                "questions": [
                  {
                    "question_no": 25,
                    "question_html": "<p>Give the reaction of glucose with hydrogen cyanide. Presence of which group is confirmed by this reaction ?</p>",
                    "options": [],
                    "correct_answer": {
                      "text": "<p><b>Reaction:</b> Glucose reacts with hydrogen cyanide (HCN) to form glucose cyanohydrin. The HCN molecule adds across the C=O double bond of the aldehyde group.<br>CHO-(CHOH)<sub>4</sub>-CH<sub>2</sub>OH + HCN → CH(OH)CN-(CHOH)<sub>4</sub>-CH<sub>2</sub>OH</p><p><b>Confirmation:</b> This reaction confirms the presence of a carbonyl group (–C=O) in the glucose molecule.</p>"
                    },
                    "question_type": "Very Short Answer (2 marks)",
                    "difficulty_level": "easy",
                    "explanation_html": null
                  }
                ]
              },
              {
                "chapter_name": "Chemical Kinetics",
                "questions": [
                  {
                    "question_no": 26,
                    "question_html": "<p>(a) For the reaction 2N<sub>2</sub>O<sub>5(g)</sub> → 4NO<sub>2(g)</sub> + O<sub>2(g)</sub> at 318 K calculate the rate of reaction if rate of disappearance of N<sub>2</sub>O<sub>5(g)</sub> is 1.4 x 10<sup>-3</sup> m s<sup>-1</sup>.</p><p>(b) For a first order reaction derive the relationship t<sub>99%</sub> = 2t<sub>90%</sub>.</p>",
                    "options": [],
                    "correct_answer": {
                      "text": "<p>(a) The rate of reaction is related to the rate of disappearance of N<sub>2</sub>O<sub>5</sub> as follows:<br>Rate = -1/2 (Δ[N<sub>2</sub>O<sub>5</sub>]/Δt)<br>Given that the rate of disappearance, - (Δ[N<sub>2</sub>O<sub>5</sub>]/Δt) = 1.4 x 10<sup>-3</sup> m s<sup>-1</sup>.<br>Rate = 1/2 × (1.4 x 10<sup>-3</sup> m s<sup>-1</sup>) = 0.7 x 10<sup>-3</sup> m s<sup>-1</sup> or 7 x 10<sup>-4</sup> m s<sup>-1</sup>.</p><p>(b) For a first-order reaction, the integrated rate law is: t = (2.303/k) log([R]<sub>0</sub>/[R])</p><p>For t<sub>90%</sub> (90% completion), [R] = 0.1[R]<sub>0</sub><br>t<sub>90%</sub> = (2.303/k) log([R]<sub>0</sub>/0.1[R]<sub>0</sub>) = (2.303/k) log(10) = 2.303/k</p><p>For t<sub>99%</sub> (99% completion), [R] = 0.01[R]<sub>0</sub><br>t<sub>99%</sub> = (2.303/k) log([R]<sub>0</sub>/0.01[R]<sub>0</sub>) = (2.303/k) log(100) = (2.303/k) × 2</p><p>Comparing the two expressions:<br>t<sub>99%</sub> = 2 × (2.303/k) = 2 × t<sub>90%</sub><br>Thus, t<sub>99%</sub> = 2t<sub>90%</sub>.</p>"
                    },
                    "question_type": "Short Answer (3 marks)",
                    "difficulty_level": "medium",
                    "explanation_html": null
                  }
                ]
              },
              {
                "chapter_name": "Coordination Compounds",
                "questions": [
                  {
                    "question_no": 27,
                    "question_html": "<p>(a) On the basis of crystal field theory write the electronic configuration for d<sup>5</sup> ion with a strong field ligand for which Δ<sub>o</sub> > P.</p><p>(b) [Ni(CO)<sub>4</sub>] has tetrahedral geometry while [Ni(CN)<sub>4</sub>]<sup>2-</sup> has square planar yet both exhibit diamagnetism. Explain. [Atomic number : Ni = 28]</p>",
                    "options": [],
                    "correct_answer": {
                      "text": "<p>(a) For a d<sup>5</sup> ion in a strong ligand field, the crystal field splitting energy (Δ<sub>o</sub>) is greater than the pairing energy (P). This means it is more energetically favorable for the electrons to pair up in the lower energy t<sub>2g</sub> orbitals before occupying the higher energy e<sub>g</sub> orbitals. Therefore, the electronic configuration is t<sub>2g</sub><sup>5</sup> e<sub>g</sub><sup>0</sup>.</p><p>(b) In [Ni(CO)<sub>4</sub>], Ni has an oxidation state of 0. Its configuration is 3d<sup>8</sup>4s<sup>2</sup>. CO is a strong field ligand and causes the 4s electrons to shift and pair up in the 3d orbitals, resulting in a 3d<sup>10</sup> configuration. With no vacant d-orbitals, it undergoes sp<sup>3</sup> hybridization, leading to a tetrahedral geometry. Since all electrons are paired, it is diamagnetic.</p><p>In [Ni(CN)<sub>4</sub>]<sup>2-</sup>, Ni has an oxidation state of +2. Its configuration is 3d<sup>8</sup>. CN<sup>-</sup> is a strong field ligand and forces the two unpaired 3d electrons to pair up. This leaves one 3d orbital vacant. The hybridization is dsp<sup>2</sup>, leading to a square planar geometry. Since all electrons are paired, it is also diamagnetic.</p>"
                    },
                    "question_type": "Short Answer (3 marks)",
                    "difficulty_level": "hard",
                    "explanation_html": null
                  }
                ]
              },
              {
                "chapter_name": "Amines",
                "questions": [
                  {
                    "question_no": 28,
                    "question_html": "<p>(a) Illustrate Sandmeyer's reaction with an equation.</p><p>(b) Explain, why (CH<sub>3</sub>)<sub>2</sub>NH is more basic than (CH<sub>3</sub>)<sub>3</sub>N in aqueous solution.</p>",
                    "options": [],
                    "correct_answer": {
                      "text": "<p>(a) Sandmeyer's reaction is used to replace the diazonium group (-N<sub>2</sub><sup>+</sup>X<sup>-</sup>) in an aromatic ring with -Cl, -Br, or -CN using the corresponding cuprous salt.<br><b>Equation:</b> C<sub>6</sub>H<sub>5</sub>N<sub>2</sub><sup>+</sup>Cl<sup>-</sup> + CuCl/HCl → C<sub>6</sub>H<sub>5</sub>Cl + N<sub>2</sub></p><p>(b) The basicity of amines in aqueous solution is determined by a combination of three factors: the inductive effect (+I), the solvation effect (hydration), and steric hindrance.<br>• <b>Inductive effect:</b> The +I effect of alkyl groups increases electron density on the nitrogen, increasing basicity. Based on this, the order should be (CH<sub>3</sub>)<sub>3</sub>N > (CH<sub>3</sub>)<sub>2</sub>NH.<br>• <b>Solvation effect:</b> The protonated amine is stabilized by hydrogen bonding with water. More H-atoms on the nitrogen lead to better solvation. Based on this, the order should be (CH<sub>3</sub>)<sub>2</sub>NH > (CH<sub>3</sub>)<sub>3</sub>N.<br>In the case of methyl-substituted amines, the solvation effect dominates over the inductive effect. The secondary amine, (CH<sub>3</sub>)<sub>2</sub>NH, has two hydrogen atoms for H-bonding, leading to greater stabilization of its conjugate acid compared to the tertiary amine, (CH<sub>3</sub>)<sub>3</sub>N, which has only one. This makes (CH<sub>3</sub>)<sub>2</sub>NH the stronger base in an aqueous solution.</p>"
                    },
                    "question_type": "Short Answer (3 marks)",
                    "difficulty_level": "medium",
                    "explanation_html": null
                  }
                ]
              },
              {
                "chapter_name": "Biomolecules",
                "questions": [
                  {
                    "question_no": 29,
                    "question_html": "<p>Give reasons for any 3 of the following observations :</p><p>(a) Penta-acetate of glucose does not react with hydroxylamine.</p><p>(b) Amino acids behave like salts.</p><p>(c) Water soluble vitamins must be taken regularly in diet.</p><p>(d) The two strands in DNA are complimentary to each other.</p>",
                    "options": [],
                    "correct_answer": {
                      "text": "<p>(a) The reaction with hydroxylamine is characteristic of a free aldehyde (-CHO) group. Glucose pentaacetate is formed from the cyclic (hemiacetal) form of glucose, where the -CHO group is not present. The acetylation involves the -OH groups, including the one from the hemiacetal, locking the ring structure and preventing it from opening up to form the open-chain structure with the free aldehyde group.</p><p>(b) Amino acids contain both a basic amino group (-NH<sub>2</sub>) and an acidic carboxyl group (-COOH). In neutral solution, the proton from the carboxyl group transfers to the amino group, forming a dipolar ion called a zwitterion (e.g., H<sub>3</sub>N<sup>+</sup>-CHR-COO<sup>-</sup>). This salt-like zwitterionic structure is why amino acids behave like salts, having high melting points and solubility in water.</p><p>(c) Water-soluble vitamins (like Vitamin B complex and C) cannot be stored in the body for long periods because they are readily excreted in the urine. Therefore, they must be supplied regularly in the diet to prevent deficiency.</p><p>(d) The two strands of DNA are complementary because of the specific hydrogen bonding between the nitrogenous bases. Adenine (A) always pairs with Thymine (T) via two hydrogen bonds, and Guanine (G) always pairs with Cytosine (C) via three hydrogen bonds. This means the sequence of bases on one strand dictates the sequence on the other.</p>"
                    },
                    "question_type": "Short Answer (3 marks)",
                    "difficulty_level": "easy",
                    "explanation_html": null
                  }
                ]
              },
              {
                "chapter_name": "Alcohols, Phenols and Ethers",
                "questions": [
                  {
                    "question_no": 30,
                    "question_html": "<p>(a) (i) Why is the C – O bond length in phenols less than that in methanol ?</p><p>(ii) Arrange the following in order of increasing boiling point :<br>Ethoxyethane, Butanal, Butanol, n-butane</p><p>(iii) How can phenol be prepared from anisole ? Give reaction.</p><p>OR</p><p>(b) (i) Give mechanism of the following reaction :<br>CH<sub>3</sub>CH<sub>2</sub>OH --(H<sub>2</sub>SO<sub>4</sub>, 413 K)--> CH<sub>3</sub>CH<sub>2</sub>–O–CH<sub>2</sub>CH<sub>3</sub> + H<sub>2</sub>O</p><p>(ii) Illustrate hydroboration – oxidation reaction with an example.</p>",
                    "options": [],
                    "correct_answer": {
                      "text": "<p>(a) (i) In phenol, the C-O bond acquires a partial double bond character due to the resonance between the lone pair of electrons on the oxygen atom and the benzene ring. In methanol, the C-O bond is a pure single bond. A double bond is shorter than a single bond, hence the C-O bond length is less in phenol.</p><p>(a) (ii) The increasing order of boiling points is:<br>n-butane < Ethoxyethane < Butanal < Butanol<br>This is due to the increasing strength of intermolecular forces: van der Waals forces in n-butane, weak dipole-dipole forces in ether, stronger dipole-dipole forces in aldehyde, and extensive hydrogen bonding in alcohol.</p><p>(a) (iii) Phenol can be prepared from anisole by heating it with a strong acid like hydroiodic acid (HI) or hydrobromic acid (HBr).<br><b>Reaction:</b> C<sub>6</sub>H<sub>5</sub>OCH<sub>3</sub> + HI --(Heat)--> C<sub>6</sub>H<sub>5</sub>OH + CH<sub>3</sub>I</p><p>OR</p><p>(b) (i) The reaction follows an S<sub>N</sub>2 mechanism:<br><b>Step 1: Protonation of ethanol.</b><br>CH<sub>3</sub>CH<sub>2</sub>OH + H<sup>+</sup> ⇌ CH<sub>3</sub>CH<sub>2</sub>O<sup>+</sup>H<sub>2</sub><br><b>Step 2: Nucleophilic attack by another ethanol molecule.</b><br>CH<sub>3</sub>CH<sub>2</sub>OH + CH<sub>3</sub>CH<sub>2</sub>O<sup>+</sup>H<sub>2</sub> → CH<sub>3</sub>CH<sub>2</sub>-O<sup>+</sup>(H)-CH<sub>2</sub>CH<sub>3</sub> + H<sub>2</sub>O<br><b>Step 3: Deprotonation to form ether.</b><br>CH<sub>3</sub>CH<sub>2</sub>-O<sup>+</sup>(H)-CH<sub>2</sub>CH<sub>3</sub> ⇌ CH<sub>3</sub>CH<sub>2</sub>-O-CH<sub>2</sub>CH<sub>3</sub> + H<sup>+</sup></p><p>(b) (ii) Hydroboration-oxidation is a two-step reaction that converts an alkene into an alcohol. It involves the anti-Markovnikov addition of water across the double bond.<br><b>Example:</b> Reaction of propene.<br>CH<sub>3</sub>-CH=CH<sub>2</sub> --(i) B<sub>2</sub>H<sub>6</sub>/THF, (ii) H<sub>2</sub>O<sub>2</sub>/OH<sup>-</sup>--> CH<sub>3</sub>-CH<sub>2</sub>-CH<sub>2</sub>-OH (Propan-1-ol)</p>"
                    },
                    "question_type": "Short Answer (3 marks)",
                    "difficulty_level": "medium",
                    "explanation_html": null
                  }
                ]
              },
              {
                "chapter_name": "Haloalkanes and Haloarenes",
                "questions": [
                  {
                    "question_no": 31,
                    "question_html": "<p>Read the passage carefully and answer the questions that follow :</p><p><b>Nucleophilic Substitution</b><br>Nucleophilic Substitution reaction of haloalkane can be conducted according to both SN1 and SN2 mechanisms... Generally speaking weak polar solvent is favourable for SN2 reaction, while strong polar solvent is favourable for SN1.</p><p>(a) Why racemisation occurs in S<sub>N</sub>1?</p><p>(b) Why is ethanol less polar than water?</p><p>(c) Which one of the following in each pair is more reactive towards S<sub>N</sub>2 reaction ?<br>(i) CH<sub>3</sub> – CH<sub>2</sub> – I or CH<sub>3</sub>CH<sub>2</sub> – Cl<br>(ii) C<sub>6</sub>H<sub>5</sub>Cl or C<sub>6</sub>H<sub>5</sub>CH<sub>2</sub> – Cl</p><p>OR</p><p>(c) Arrange the following in the increasing order of their reactivity towards S<sub>N</sub>1 reactions :<br>(i) 2-Bromo-2-methylbutane, 1-Bromopentane, 2-Bromopentane<br>(ii) 1-Bromo-3-methylbutane, 2-Bromo-2-methylbutane, 2-Bromo-3-methylbutane</p>",
                    "options": [],
                    "correct_answer": {
                      "text": "<p>(a) In an S<sub>N</sub>1 reaction, the rate-determining step is the formation of a planar carbocation intermediate. This planar intermediate can be attacked by the incoming nucleophile from either the front side or the back side with equal probability, leading to the formation of an equimolar mixture of two enantiomers, which is a racemic mixture.</p><p>(b) Water is more polar than ethanol. This is due to the presence of an electron-releasing ethyl group in ethanol, which reduces the polarity of the O-H bond. Also, water has a higher dielectric constant and forms a more extensive hydrogen-bonding network.</p><p>(c) (i) CH<sub>3</sub>–CH<sub>2</sub>–I is more reactive. In S<sub>N</sub>2 reactions, the C-X bond breaks. The C-I bond is weaker and longer than the C-Cl bond, making iodide (I<sup>-</sup>) a better leaving group than chloride (Cl<sup>-</sup>).</p><p>(c) (ii) C<sub>6</sub>H<sub>5</sub>CH<sub>2</sub>–Cl (Benzyl chloride) is more reactive. In C<sub>6</sub>H<sub>5</sub>Cl (Chlorobenzene), the C-Cl bond has a partial double bond character due to resonance, making it very difficult to break. Benzyl chloride is a primary halide and is highly reactive in S<sub>N</sub>2 reactions.</p><p>OR</p><p>(c) Reactivity in S<sub>N</sub>1 reactions depends on the stability of the carbocation formed (3° > 2° > 1°).</p><p>(i) 1-Bromopentane (1°) < 2-Bromopentane (2°) < 2-Bromo-2-methylbutane (3°).</p><p>(ii) 1-Bromo-3-methylbutane (1°) < 2-Bromo-3-methylbutane (2°) < 2-Bromo-2-methylbutane (3°).</p>"
                    },
                    "question_type": "Case-based Subjective",
                    "difficulty_level": "medium",
                    "explanation_html": null
                  }
                ]
              },
              {
                "chapter_name": "Electrochemistry",
                "questions": [
                  {
                    "question_no": 32,
                    "question_html": "<p>Rahul set-up an experiment to find resistance of aqueous KCl solution for different concentrations at 298 K... he also calculated the conductivity K and molar conductivity Λ<sub>m</sub> and recorded his readings in tabular form.</p><table><tbody><tr><td>S.No.</td><td>Conc.(M)</td><td>k S cm<sup>-1</sup></td><td>Λ<sub>m</sub> S cm<sup>2</sup> mol<sup>-1</sup></td></tr><tr><td>1.</td><td>1.00</td><td>111.3 × 10<sup>-3</sup></td><td>111.3</td></tr><tr><td>2.</td><td>0.10</td><td>12.9 × 10<sup>-3</sup></td><td>129.0</td></tr><tr><td>3.</td><td>0.01</td><td>1.41 × 10<sup>-3</sup></td><td>141.0</td></tr></tbody></table><p>(a) Why does conductivity decrease with dilution ?</p><p>(b) If Λ<sub>m</sub>° of KCl is 150.0 S cm<sup>2</sup> mol<sup>-1</sup>, calculate the degree of dissociation of 0.01 M KCl.</p><p>(c) If Rahul had used HCl instead to KCl then would you expect the Λ<sub>m</sub> values to be more or less than those per KCl for a given concentration. Justify.</p><p>OR</p><p>(c) Amit, a classmate of Rahul repeated the same experiment with CH<sub>3</sub>COOH solution instead of KCl solution. Give one point that would be similar and one that would be different in his observations as compared to Rahul.</p>",
                    "options": [],
                    "correct_answer": {
                      "text": "<p>(a) Conductivity (k) is the conductance of ions in a unit volume of the solution. Upon dilution, the number of ions per unit volume decreases, which leads to a decrease in conductivity.</p><p>(b) The degree of dissociation (α) for a strong electrolyte like KCl is given by the ratio of molar conductivity at a given concentration (Λ<sub>m</sub>) to the limiting molar conductivity (Λ<sub>m</sub>°).<br>α = Λ<sub>m</sub> / Λ<sub>m</sub>°<br>For 0.01 M KCl, Λ<sub>m</sub> = 141.0 S cm<sup>2</sup> mol<sup>-1</sup>.<br>α = 141.0 / 150.0 = 0.94</p><p>(c) The Λ<sub>m</sub> values for HCl would be significantly higher than those for KCl at the same concentrations. This is because the limiting ionic conductivity of the H<sup>+</sup> ion is exceptionally high compared to that of the K<sup>+</sup> ion, due to its unique proton-jump mechanism for conduction.</p><p>OR</p><p>(c) <b>Similarity:</b> For both the strong electrolyte (KCl) and the weak electrolyte (CH<sub>3</sub>COOH), the molar conductivity (Λ<sub>m</sub>) increases with dilution (as concentration decreases).</p><p><b>Difference:</b> The increase in Λ<sub>m</sub> for KCl (strong electrolyte) is gradual, whereas for CH<sub>3</sub>COOH (weak electrolyte), the increase is very steep at high dilutions. This is because the degree of dissociation of the weak electrolyte increases significantly upon dilution.</p>"
                    },
                    "question_type": "Case-based Subjective",
                    "difficulty_level": "medium",
                    "explanation_html": null
                  }
                ]
              },
              {
                "chapter_name": "Solutions",
                "questions": [
                  {
                    "question_no": 33,
                    "question_html": "<p>(a) (i) Why is boiling point of 1M NaCl solution more than that of 1M glucose solution?</p><p>(ii) A non-volatile solute 'X' (molar mass = 50 g mol<sup>-1</sup>) when dissolved in 78g of benzene reduced its vapour pressure to 90%. Calculate the mass of X dissolved in the solution.</p><p>(iii) Calculate the boiling point elevation for a solution prepared by adding 10g of MgCl<sub>2</sub> to 200g of water assuming MgCl<sub>2</sub> is completely dissociated. (K<sub>b</sub> for Water = 0.512 K kg mol<sup>-1</sup>, Molar mass MgCl<sub>2</sub> = 95g mol<sup>-1</sup>)</p><p>OR</p><p>(b) (i) Why is the value of Van't Hoff factor for ethanoic acid in benzene close to 0.5?</p><p>(ii) Determine the osmotic pressure of a solution prepared by dissolving 2.32 × 10<sup>-2</sup>g of K<sub>2</sub>SO<sub>4</sub> in 2L of solution at 25 °C, assuming that K<sub>2</sub>SO<sub>4</sub> is completely dissociated. (R = 0.082 L atm K<sup>-1</sup> mol<sup>-1</sup>, Molar mass K<sub>2</sub>SO<sub>4</sub> = 174g mol<sup>-1</sup>)</p><p>(iii) When 25.6g of Sulphur was dissolved in 1000g of benzene, the freezing point lowered by 0.512 K. Calculate the formula of Sulphur (S<sub>x</sub>). (K<sub>f</sub> for benzene = 5.12 K kg mol<sup>-1</sup>, Atomic mass of Sulphur = 32g mol<sup>-1</sup>)</p>",
                    "options": [],
                    "correct_answer": {
                      "text": "<p>(a) (i) The elevation in boiling point is a colligative property, depending on the number of solute particles. NaCl is an electrolyte that dissociates into two ions (Na<sup>+</sup> and Cl<sup>-</sup>), so its van't Hoff factor (i) is 2. Glucose is a non-electrolyte and does not dissociate (i=1). Since the NaCl solution has more solute particles, it shows a greater elevation in boiling point.</p><p>(a) (ii) Let p° be the initial vapour pressure. Final pressure p = 0.90p°. Using Raoult's Law for relative lowering of vapour pressure: (p°-p)/p° = X<sub>solute</sub>. So, (p°-0.9p°)/p° = 0.1. Thus, X<sub>solute</sub> = 0.1. X<sub>solute</sub> = n<sub>X</sub> / (n<sub>X</sub> + n<sub>benzene</sub>). Moles of benzene = 78g / 78g/mol = 1 mol. Let w be the mass of X. n<sub>X</sub> = w/50. So, 0.1 = (w/50) / (w/50 + 1). Solving this gives w ≈ 5.56 g.</p><p>(a) (iii) MgCl<sub>2</sub> dissociates into 3 ions (Mg<sup>2+</sup> and 2Cl<sup>-</sup>), so i = 3. Molality (m) = (moles of solute) / (kg of solvent) = (10g / 95g/mol) / (0.2 kg) = 0.526 mol/kg. ΔT<sub>b</sub> = i × K<sub>b</sub> × m = 3 × 0.512 K kg mol<sup>-1</sup> × 0.526 mol/kg = 0.81 K.</p><p>OR</p><p>(b) (i) In a non-polar solvent like benzene, ethanoic acid undergoes association through hydrogen bonding to form a dimer. This reduces the effective number of solute particles to nearly half, so the van't Hoff factor (i) is close to 0.5.</p><p>(b) (ii) K<sub>2</sub>SO<sub>4</sub> dissociates into 3 ions (2K<sup>+</sup> and SO<sub>4</sub><sup>2-</sup>), so i = 3. Molarity (C) = moles/volume = (2.32×10<sup>-2</sup>g / 174g/mol) / 2L = 6.67 × 10<sup>-5</sup> M. Osmotic pressure π = iCRT = 3 × (6.67 × 10<sup>-5</sup> mol/L) × (0.082 L atm K<sup>-1</sup> mol<sup>-1</sup>) × 298 K = 4.88 × 10<sup>-3</sup> atm.</p><p>(b) (iii) ΔT<sub>f</sub> = K<sub>f</sub> × m = K<sub>f</sub> × (w<sub>solute</sub> / M<sub>solute</sub>) / (kg of solvent). 0.512 = 5.12 × (25.6 / M<sub>solute</sub>) / 1. M<sub>solute</sub> = (5.12 × 25.6) / 0.512 = 256 g/mol. Let the formula be S<sub>x</sub>. Molar mass = x × Atomic mass of S. 256 = x × 32. x = 256/32 = 8. The formula is S<sub>8</sub>.</p>"
                    },
                    "question_type": "Long Answer (5 marks)",
                    "difficulty_level": "hard",
                    "explanation_html": null
                  }
                ]
              },
              {
                "chapter_name": "Aldehydes, Ketones and Carboxylic Acids",
                "questions": [
                  {
                    "question_no": 34,
                    "question_html": "<p>(a) (i) Write the reaction involved in Cannizzaro's reaction.</p><p>(ii) Why are the boiling point of aldehydes and ketones lower than that of corresponding carboxylic acids ?</p><p>(iii) An organic compound 'A' with molecular formula C<sub>5</sub>H<sub>8</sub>O<sub>2</sub> is reduced to n-pentane with hydrazine followed by heating with NaOH and Glycol. 'A' forms a dioxime with hydroxylamine and gives a positive Iodoform and Tollen's test. Identify 'A' and give its reaction for Iodoform and Tollen's test.</p><p>OR</p><p>(b) (i) Give a chemical test to distinguish between ethanal and ethanoic acid.</p><p>(ii) Why is the α-hydrogens of aldehydes and ketones are acidic in nature ?</p><p>(iii) An organic compound 'A' with molecular formula C<sub>4</sub>H<sub>8</sub>O<sub>2</sub> undergoes acid hydrolysis to form two compounds 'B' and 'C'. Oxidation of 'C' with acidified potassium permanganate also produces 'B'. Sodium salt of 'B' on heating with soda lime gives methane.<br>(1) Identify 'A', 'B' and 'C'.<br>(2) Out of 'B' and 'C', which will have higher boiling point ? Give reason.</p>",
                    "options": [],
                    "correct_answer": {
                      "text": "<p>(a) (i) Cannizzaro's Reaction: Aldehydes which do not have an α-hydrogen atom undergo self oxidation and reduction (disproportionation) on treatment with concentrated alkali.<br>2HCHO + Conc. KOH → CH<sub>3</sub>OH + HCOOK</p><p>(a) (ii) Carboxylic acids have much higher boiling points than aldehydes and ketones of comparable molar masses. This is due to the extensive intermolecular hydrogen bonding in carboxylic acids, which typically exist as stable dimers in the vapour phase.</p><p>(a) (iii) From the information: 'A' is reduced to n-pentane (5 carbons). It gives a positive Tollen's test (has -CHO group) and a positive Iodoform test (has CH<sub>3</sub>CO- group or a group that oxidizes to it). It forms a dioxime (has two C=O groups). The structure of 'A' is CH<sub>3</sub>-CO-CH<sub>2</sub>-CH<sub>2</sub>-CHO (4-oxopentanal).<br><b>Iodoform Test:</b> CH<sub>3</sub>COCH<sub>2</sub>CH<sub>2</sub>CHO + 3I<sub>2</sub> + 4NaOH → CHI<sub>3</sub> (yellow ppt) + NaOOCCH<sub>2</sub>CH<sub>2</sub>COONa + 3NaI + 3H<sub>2</sub>O<br><b>Tollen's Test:</b> CH<sub>3</sub>COCH<sub>2</sub>CH<sub>2</sub>CHO + 2[Ag(NH<sub>3</sub>)<sub>2</sub>]<sup>+</sup> + 3OH<sup>-</sup> → CH<sub>3</sub>COCH<sub>2</sub>CH<sub>2</sub>COO<sup>-</sup> + 2Ag (silver mirror) + 4NH<sub>3</sub> + 2H<sub>2</sub>O</p><p>OR</p><p>(b) (i) <b>Sodium Bicarbonate Test:</b> Add sodium bicarbonate (NaHCO<sub>3</sub>) solution to both. Ethanoic acid will give brisk effervescence due to the evolution of CO<sub>2</sub> gas. Ethanal will not react.</p><p>(b) (ii) The α-hydrogens are acidic due to the strong electron-withdrawing effect of the carbonyl group and the resonance stabilization of the resulting conjugate base (the enolate ion).</p><p>(b) (iii) (1) 'B' gives methane with soda-lime, so 'B' is Ethanoic acid (CH<sub>3</sub>COOH). 'C' on oxidation gives 'B', so 'C' is Ethanol (CH<sub>3</sub>CH<sub>2</sub>OH). 'A' (C<sub>4</sub>H<sub>8</sub>O<sub>2</sub>) is an ester formed from 'B' and 'C', so 'A' is Ethyl ethanoate (CH<sub>3</sub>COOCH<sub>2</sub>CH<sub>3</sub>).<br>(2) Ethanoic acid ('B') will have a higher boiling point than ethanol ('C'). This is because carboxylic acids form stronger intermolecular hydrogen bonds and exist as dimers, requiring more energy to vaporize compared to alcohols of similar molar mass.</p>"
                    },
                    "question_type": "Long Answer (5 marks)",
                    "difficulty_level": "hard",
                    "explanation_html": null
                  }
                ]
              },
              {
                "chapter_name": "The d- and f-Block Elements",
                "questions": [
                  {
                    "question_no": 35,
                    "question_html": "<p>(a) Why is chemistry of actinoids complicated as compared to lanthanoids ?</p><p>(b) Complete the following reaction and justify that it is a disproportionation reaction :<br>3 MnO<sub>4</sub><sup>2-</sup> + 4H<sup>+</sup> → ___ + ___ + 2 H<sub>2</sub>O.</p><p>(c) The given graph shows the trends in melting points of transition metals:<br>(A graph showing melting points of Ti, Cr, Mn, W, Mo vs Atomic number)<br>Explain the reason why Cr has highest melting point and manganese (Mn) a lower melting point.</p>",
                    "images": [
                      {
                        "url": "https://img.testbuddyai.com/Chem-56-5-23-Q35c.png"
                      }
                    ],
                    "options": [],
                    "correct_answer": {
                      "text": "<p>(a) The chemistry of actinoids is more complicated than lanthanoids for two main reasons:<br>1. They exhibit a much wider range of oxidation states. This is due to the very small energy gap between the 5f, 6d, and 7s subshells, allowing all these electrons to participate in bonding.<br>2. All actinoids are radioactive, and their radioactivity makes studying their chemistry difficult and hazardous.</p><p>(b) <b>Complete reaction:</b> 3MnO<sub>4</sub><sup>2-</sup> + 4H<sup>+</sup> → 2MnO<sub>4</sub><sup>-</sup> + MnO<sub>2</sub> + 2H<sub>2</sub>O.<br><b>Justification:</b> This is a disproportionation reaction because the manganese in the manganate ion (MnO<sub>4</sub><sup>2-</sup>), which is in the +6 oxidation state, is simultaneously oxidized to the permanganate ion (MnO<sub>4</sub><sup>-</sup>) where its oxidation state is +7, and reduced to manganese dioxide (MnO<sub>2</sub>) where its oxidation state is +4.</p><p>(c) <b>Chromium (Cr):</b> Chromium (3d<sup>5</sup>4s<sup>1</sup>) has a high melting point because it has a maximum of six unpaired electrons available for bonding (five in 3d and one in 4s). This leads to very strong interatomic metallic bonding, which requires a large amount of energy to break.</p><p><b>Manganese (Mn):</b> Manganese (3d<sup>5</sup>4s<sup>2</sup>) has an anomalously low melting point. This is attributed to its stable, half-filled d-orbital configuration (3d<sup>5</sup>), which makes the d-electrons less available for metallic bonding. This results in weaker interatomic forces and a lower melting point compared to its neighbors.</p>"
                    },
                    "question_type": "Long Answer (5 marks)",
                    "difficulty_level": "medium",
                    "explanation_html": null
                  }
                ]
              }
            ]
          }
        ]
      }
    ]
  }
]