[
  {
    "exam_name_actual": "CBSE Board - Class 10",
    "main_exam_id_name_ref": "CBSE Board - Class 10",
    "years": [
      {
        "year": "2022",
        "papers_or_subjects": [
          {
            "paper_name": "CBSE Class 10 Mathematics (Standard) Paper 2022 (QP Code: 30/1/1)",
            "subject_name": "Mathematics",
            "chapters": [
              {
                "chapter_name": "Arithmetic Progressions",
                "questions": [
                  {
                    "question_no": 1,
                    "question_html": "<p>(a) Find the sum of first 30 terms of AP : &ndash; 30, &ndash; 24, &ndash; 18, &hellip;..</p><p>OR</p><p>(b) In an AP if S<sub>n</sub> = n (4n + 1), then find the AP.</p>",
                    "options": [],
                    "correct_answer": {
                      "text": "<p><b>Solution for part (a):</b></p><p>The given AP is &ndash; 30, &ndash; 24, &ndash; 18, &hellip;..</p><p>First term, a = -30</p><p>Common difference, d = -24 - (-30) = 6</p><p>Number of terms, n = 30</p><p>The sum of the first n terms of an AP is given by the formula:</p><p>S<sub>n</sub> = n/2 [2a + (n-1)d]</p><p>S<sub>30</sub> = 30/2 [2(-30) + (30-1)6]</p><p>S<sub>30</sub> = 15 [-60 + 29 &times; 6]</p><p>S<sub>30</sub> = 15 [-60 + 174]</p><p>S<sub>30</sub> = 15 [114]</p><p>S<sub>30</sub> = 1710</p>"
                    },
                    "question_type": "Very Short Answer (2 marks)",
                    "difficulty_level": "easy",
                    "explanation_html": null
                  }
                ]
              },
              {
                "chapter_name": "Surface Areas and Volumes",
                "questions": [
                  {
                    "question_no": 2,
                    "question_html": "<p>A solid metallic sphere of radius 10.5 cm is melted and recast into a number of smaller cones, each of radius 3.5 cm and height 3 cm. Find the number of cones so formed.</p>",
                    "options": [],
                    "correct_answer": {
                      "text": "<p>Let the number of cones formed be n.</p><p>Radius of the sphere, R = 10.5 cm</p><p>Radius of each cone, r = 3.5 cm</p><p>Height of each cone, h = 3 cm</p><p>According to the question, the volume of the sphere is equal to the sum of the volumes of n cones.</p><p>Volume of sphere = n &times; Volume of one cone</p><p>(4/3)&pi;R<sup>3</sup> = n &times; (1/3)&pi;r<sup>2</sup>h</p><p>4R<sup>3</sup> = n &times; r<sup>2</sup>h</p><p>4 &times; (10.5)<sup>3</sup> = n &times; (3.5)<sup>2</sup> &times; 3</p><p>n = (4 &times; 10.5 &times; 10.5 &times; 10.5) / (3.5 &times; 3.5 &times; 3)</p><p>n = 4 &times; (10.5/3.5) &times; (10.5/3.5) &times; (10.5/3)</p><p>n = 4 &times; 3 &times; 3 &times; 3.5</p><p>n = 126</p><p>Thus, 126 cones are formed.</p>"
                    },
                    "question_type": "Very Short Answer (2 marks)",
                    "difficulty_level": "medium",
                    "explanation_html": null
                  }
                ]
              },
              {
                "chapter_name": "Quadratic Equations",
                "questions": [
                  {
                    "question_no": 3,
                    "question_html": "<p>(a) Find the value of m for which the quadratic equation (m &ndash; 1) x<sup>2</sup> + 2 (m &ndash; 1) x + 1 = 0 has two real and equal roots.</p><p>OR</p><p>(b) Solve the following quadratic equation for x : &radic;3 x<sup>2</sup> + 10x + 7&radic;3 = 0</p>",
                    "options": [],
                    "correct_answer": {
                      "text": "<p><b>Solution for part (a):</b></p><p>The given quadratic equation is (m &ndash; 1)x<sup>2</sup> + 2(m &ndash; 1)x + 1 = 0.</p><p>For a quadratic equation to have two real and equal roots, its discriminant (D) must be equal to zero.</p><p>D = b<sup>2</sup> &ndash; 4ac = 0</p><p>Here, a = m &ndash; 1, b = 2(m &ndash; 1), and c = 1.</p><p>[2(m &ndash; 1)]<sup>2</sup> &ndash; 4(m &ndash; 1)(1) = 0</p><p>4(m &ndash; 1)<sup>2</sup> &ndash; 4(m &ndash; 1) = 0</p><p>4(m &ndash; 1) [ (m &ndash; 1) &ndash; 1 ] = 0</p><p>4(m &ndash; 1)(m &ndash; 2) = 0</p><p>This gives m = 1 or m = 2.</p><p>If m = 1, the coefficient of x<sup>2</sup> becomes zero, and the equation is no longer quadratic. Therefore, m &ne; 1.</p><p>Hence, the value of m is 2.</p>"
                    },
                    "question_type": "Very Short Answer (2 marks)",
                    "difficulty_level": "easy",
                    "explanation_html": null
                  }
                ]
              },
              {
                "chapter_name": "Statistics",
                "questions": [
                  {
                    "question_no": 4,
                    "question_html": "<p>Find the mode of the following frequency distribution :</p><table border='1' style='width:100%; text-align:center;'><tbody><tr><td>Class</td><td>10-20</td><td>20-30</td><td>30-40</td><td>40-50</td><td>50-60</td></tr><tr><td>Frequency</td><td>15</td><td>10</td><td>12</td><td>17</td><td>4</td></tr></tbody></table>",
                    "options": [],
                    "correct_answer": {
                      "text": "<p>The class with the highest frequency is the modal class.</p><p>Highest frequency = 17, which corresponds to the class interval 40-50.</p><p>Modal class = 40-50</p><p>Lower limit of the modal class (l) = 40</p><p>Frequency of the modal class (f<sub>1</sub>) = 17</p><p>Frequency of the class preceding the modal class (f<sub>0</sub>) = 12</p><p>Frequency of the class succeeding the modal class (f<sub>2</sub>) = 4</p><p>Class size (h) = 10</p><p>The formula for the mode is:</p><p>Mode = l + [(f<sub>1</sub> - f<sub>0</sub>) / (2f<sub>1</sub> - f<sub>0</sub> - f<sub>2</sub>)] &times; h</p><p>Mode = 40 + [(17 - 12) / (2 &times; 17 - 12 - 4)] &times; 10</p><p>Mode = 40 + [5 / (34 - 16)] &times; 10</p><p>Mode = 40 + (5 / 18) &times; 10</p><p>Mode = 40 + 50/18 = 40 + 25/9</p><p>Mode &asymp; 40 + 2.78</p><p>Mode &asymp; 42.78</p><p>As per the marking scheme, Mode = 42.7 or 42 7/9.</p>"
                    },
                    "question_type": "Very Short Answer (2 marks)",
                    "difficulty_level": "easy",
                    "explanation_html": null
                  }
                ]
              },
              {
                "chapter_name": "Quadratic Equations",
                "questions": [
                  {
                    "question_no": 5,
                    "question_html": "<p>The product of Rehan's age (in years) 5 years ago and his age 7 years from now, is one more than twice his present age. Find his present age.</p>",
                    "options": [],
                    "correct_answer": {
                      "text": "<p>Let Rehan's present age be x years.</p><p>Rehan's age 5 years ago = (x - 5) years.</p><p>Rehan's age 7 years from now = (x + 7) years.</p><p>According to the problem statement:</p><p>Product of his age 5 years ago and 7 years from now = 2 &times; (present age) + 1</p><p>(x - 5)(x + 7) = 2x + 1</p><p>x<sup>2</sup> + 7x - 5x - 35 = 2x + 1</p><p>x<sup>2</sup> + 2x - 35 = 2x + 1</p><p>x<sup>2</sup> - 35 - 1 = 2x - 2x</p><p>x<sup>2</sup> - 36 = 0</p><p>x<sup>2</sup> = 36</p><p>x = &plusmn;6</p><p>Since age cannot be negative, we take x = 6.</p><p>Therefore, Rehan's present age is 6 years.</p>"
                    },
                    "question_type": "Very Short Answer (2 marks)",
                    "difficulty_level": "medium",
                    "explanation_html": null
                  }
                ]
              },
              {
                "chapter_name": "Circles",
                "questions": [
                  {
                    "question_no": 6,
                    "question_html": "<p>Two concentric circles are of radii 4 cm and 3 cm. Find the length of the chord of the larger circle which touches the smaller circle.</p>",
                    "options": [],
                    "correct_answer": {
                      "text": "<p>Let the two concentric circles have a common center O. Let the radius of the larger circle be OA = 4 cm and the radius of the smaller circle be OB = 3 cm. Let AC be the chord of the larger circle that touches the smaller circle at point B.</p><p>Since AC is a tangent to the smaller circle at point B, the radius OB is perpendicular to the chord AC (OB &perp; AC).</p><p>In the right-angled triangle &Delta;OBA:</p><p>By Pythagoras theorem, OA<sup>2</sup> = OB<sup>2</sup> + AB<sup>2</sup></p><p>4<sup>2</sup> = 3<sup>2</sup> + AB<sup>2</sup></p><p>16 = 9 + AB<sup>2</sup></p><p>AB<sup>2</sup> = 16 - 9 = 7</p><p>AB = &radic;7 cm</p><p>The perpendicular drawn from the center of a circle to a chord bisects the chord. Therefore, B is the midpoint of AC.</p><p>Length of the chord AC = 2 &times; AB = 2&radic;7 cm.</p>"
                    },
                    "question_type": "Very Short Answer (2 marks)",
                    "difficulty_level": "easy",
                    "explanation_html": null
                  }
                ]
              },
              {
                "chapter_name": "Statistics",
                "questions": [
                  {
                    "question_no": 7,
                    "question_html": "<p>For what value of x, is the median of the following frequency distribution 34.5?</p><table border='1' style='width:100%; text-align:center;'><tbody><tr><td>Class</td><td>0-10</td><td>10-20</td><td>20-30</td><td>30-40</td><td>40-50</td><td>50-60</td><td>60-70</td></tr><tr><td>Frequency</td><td>3</td><td>5</td><td>11</td><td>10</td><td>x</td><td>3</td><td>2</td></tr></tbody></table>",
                    "options": [],
                    "correct_answer": {
                      "text": "<p>First, we construct the cumulative frequency table.</p><table border='1' style='width:100%; text-align:center;'><tbody><tr><td>Class</td><td>Frequency (f)</td><td>Cumulative Frequency (cf)</td></tr><tr><td>0-10</td><td>3</td><td>3</td></tr><tr><td>10-20</td><td>5</td><td>8</td></tr><tr><td>20-30</td><td>11</td><td>19</td></tr><tr><td>30-40</td><td>10</td><td>29</td></tr><tr><td>40-50</td><td>x</td><td>29+x</td></tr><tr><td>50-60</td><td>3</td><td>32+x</td></tr><tr><td>60-70</td><td>2</td><td>34+x</td></tr></tbody></table><p>The total frequency is N = 34 + x.</p><p>The median is given as 34.5, which lies in the class interval 30-40. So, the median class is 30-40.</p><p>Lower limit of the median class (l) = 30</p><p>Total frequency (N) = 34 + x, so N/2 = (34+x)/2</p><p>Cumulative frequency of the class preceding the median class (cf) = 19</p><p>Frequency of the median class (f) = 10</p><p>Class size (h) = 10</p><p>The formula for the median is:</p><p>Median = l + [((N/2) - cf) / f] &times; h</p><p>34.5 = 30 + [(((34+x)/2) - 19) / 10] &times; 10</p><p>34.5 - 30 = ((34+x)/2) - 19</p><p>4.5 = (34 + x - 38) / 2</p><p>4.5 = (x - 4) / 2</p><p>9 = x - 4</p><p>x = 13</p>"
                    },
                    "question_type": "Short Answer (3 marks)",
                    "difficulty_level": "medium",
                    "explanation_html": null
                  }
                ]
              },
              {
                "chapter_name": "Circles",
                "questions": [
                  {
                    "question_no": 8,
                    "question_html": "<p>Draw a circle of radius 3 cm. Take two points P and Q on one of its extended diameter each at a distance of 7 cm from its centre. Construct tangents to the circle from these two points P and Q.</p>",
                    "options": [],
                    "correct_answer": {
                      "text": "<p><b>Steps of Construction:</b></p><p>1. Draw a circle with center O and radius 3 cm.</p><p>2. Draw a diameter and extend it on both sides. Mark points P and Q on this extended line such that OP = OQ = 7 cm.</p><p>3. To draw tangents from P, find the perpendicular bisector of the line segment OP. Let M be the midpoint of OP.</p><p>4. With M as the center and MO as the radius, draw a new circle. This circle will intersect the original circle at two points, say A and B.</p><p>5. Join PA and PB. PA and PB are the required tangents to the circle from point P.</p><p>6. Similarly, to draw tangents from Q, find the perpendicular bisector of the line segment OQ. Let N be the midpoint of OQ.</p><p>7. With N as the center and NO as the radius, draw another circle. This circle will intersect the original circle at two points, say C and D.</p><p>8. Join QC and QD. QC and QD are the required tangents to the circle from point Q.</p>"
                    },
                    "question_type": "Short Answer (3 marks)",
                    "difficulty_level": "medium",
                    "explanation_html": null
                  }
                ]
              },
              {
                "chapter_name": "Some Applications of Trigonometry",
                "questions": [
                  {
                    "question_no": 9,
                    "question_html": "<p>(a) The angle of elevation of the top of a building from the foot of the tower is 30&deg; and the angle of elevation of the top of the tower from the foot of the building is 60&deg;. If the tower is 50 m high, then find the height of the building.</p><p>OR</p><p>(b) From a point on a bridge across a river, the angles of depression of the banks on opposite sides of the river are 30&deg; and 45&deg; respectively. If the bridge is at a height of 3 m from the banks, then find the width of the river.</p>",
                    "options": [],
                    "correct_answer": {
                      "text": "<p><b>Solution for part (a):</b></p><p>Let AB be the building of height h meters, and let YX be the tower of height 50 m. Let the distance between the foot of the building and the tower be AX = d meters.</p><p>From the foot of the tower (X), the angle of elevation to the top of the building (B) is 30&deg;. In right &Delta;BAX:</p><p>tan 30&deg; = AB / AX</p><p>1/&radic;3 = h / d  &rArr;  d = h&radic;3  .....(i)</p><p>From the foot of the building (A), the angle of elevation to the top of the tower (Y) is 60&deg;. In right &Delta;YAX:</p><p>tan 60&deg; = YX / AX</p><p>&radic;3 = 50 / d  &rArr;  d = 50 / &radic;3  .....(ii)</p><p>Equating the expressions for d from (i) and (ii):</p><p>h&radic;3 = 50 / &radic;3</p><p>h = 50 / (&radic;3 &times; &radic;3)</p><p>h = 50 / 3</p><p>The height of the building is 50/3 meters, or approximately 16.67 meters.</p>"
                    },
                    "question_type": "Short Answer (3 marks)",
                    "difficulty_level": "medium",
                    "explanation_html": null
                  }
                ]
              },
              {
                "chapter_name": "Statistics",
                "questions": [
                  {
                    "question_no": 10,
                    "question_html": "<p>Following is the daily expenditure on lunch by 30 employees of a company :</p><table border='1' style='width:100%; text-align:center;'><tbody><tr><td>Daily Expenditure (in Rupees)</td><td>100-120</td><td>120-140</td><td>140-160</td><td>160-180</td><td>180-200</td></tr><tr><td>Number of Employees</td><td>8</td><td>3</td><td>8</td><td>6</td><td>5</td></tr></tbody></table><p>Find the mean daily expenditure of the employees.</p>",
                    "options": [],
                    "correct_answer": {
                      "text": "<p>To find the mean, we can use the assumed mean method.</p><table border='1' style='width:100%; text-align:center;'><tbody><tr><td>Daily Expenditure (Class Interval)</td><td>Number of Employees (f<sub>i</sub>)</td><td>Class Mark (x<sub>i</sub>)</td><td>d<sub>i</sub> = x<sub>i</sub> - A</td><td>f<sub>i</sub>d<sub>i</sub></td></tr><tr><td>100-120</td><td>8</td><td>110</td><td>-40</td><td>-320</td></tr><tr><td>120-140</td><td>3</td><td>130</td><td>-20</td><td>-60</td></tr><tr><td>140-160</td><td>8</td><td>150 (A)</td><td>0</td><td>0</td></tr><tr><td>160-180</td><td>6</td><td>170</td><td>20</td><td>120</td></tr><tr><td>180-200</td><td>5</td><td>190</td><td>40</td><td>200</td></tr><tr><td>Total</td><td>&Sigma;f<sub>i</sub> = 30</td><td></td><td></td><td>&Sigma;f<sub>i</sub>d<sub>i</sub> = -60</td></tr></tbody></table><p>Let the assumed mean, A = 150.</p><p>The formula for the mean is:</p><p>Mean = A + (&Sigma;f<sub>i</sub>d<sub>i</sub> / &Sigma;f<sub>i</sub>)</p><p>Mean = 150 + (-60 / 30)</p><p>Mean = 150 - 2</p><p>Mean = 148</p><p>Therefore, the mean daily expenditure of the employees is Rs. 148.</p>"
                    },
                    "question_type": "Short Answer (3 marks)",
                    "difficulty_level": "medium",
                    "explanation_html": null
                  }
                ]
              },
              {
                "chapter_name": "Surface Areas and Volumes",
                "questions": [
                  {
                    "question_no": 11,
                    "question_html": "<p>(a) From a solid cylinder of height 30 cm and radius 7 cm, a conical cavity of height 24 cm and same radius is hollowed out. Find the total surface area of the remaining solid.</p><p>OR</p><p>(b) Water in a canal, 8 m wide and 6 m deep, is flowing with a speed of 12 km/hour. How much area will it irrigate in one hour, if 0.05 m of standing water is required?</p>",
                    "options": [],
                    "correct_answer": {
                      "text": "<p><b>Solution for part (a):</b></p><p>For the solid cylinder:</p><p>Height, H = 30 cm</p><p>Radius, r = 7 cm</p><p>For the conical cavity:</p><p>Height, h = 24 cm</p><p>Radius, r = 7 cm</p><p>First, we need to find the slant height (l) of the conical cavity.</p><p>l = &radic;(r<sup>2</sup> + h<sup>2</sup>) = &radic;(7<sup>2</sup> + 24<sup>2</sup>) = &radic;(49 + 576) = &radic;625 = 25 cm</p><p>The total surface area of the remaining solid is the sum of:</p><p>1. Curved surface area of the cylinder</p><p>2. Area of the bottom base of the cylinder</p><p>3. Inner curved surface area of the conical cavity</p><p>TSA = (2&pi;rH) + (&pi;r<sup>2</sup>) + (&pi;rl)</p><p>TSA = &pi;r (2H + r + l)</p><p>TSA = (22/7) &times; 7 &times; (2 &times; 30 + 7 + 25)</p><p>TSA = 22 &times; (60 + 7 + 25)</p><p>TSA = 22 &times; 92</p><p>TSA = 2024 cm<sup>2</sup></p>"
                    },
                    "question_type": "Long Answer (5 marks)",
                    "difficulty_level": "hard",
                    "explanation_html": null
                  }
                ]
              },
              {
                "chapter_name": "Circles",
                "questions": [
                  {
                    "question_no": 12,
                    "question_html": "<p>In Figure 1, a triangle ABC with &ang;B = 90&deg; is shown. Taking AB as diameter, a circle has been drawn intersecting AC at point P. Prove that the tangent drawn at point P bisects BC.</p>",
                    "images": [
                      {
                        "url": "https://img.testbuddyai.com/Maths-30-1-22-Q12.png"
                      }
                    ],
                    "options": [],
                    "correct_answer": {
                      "text": "<p>Let the tangent drawn at point P intersect BC at Q.</p><p><b>To Prove:</b> Q is the midpoint of BC, i.e., BQ = QC.</p><p><b>Proof:</b></p><p>Since AB is the diameter of the circle, the angle in the semicircle is a right angle.</p><p>&there4; &ang;APB = 90&deg;</p><p>Also, &ang;APB + &ang;BPC = 180&deg; (Linear pair)</p><p>90&deg; + &ang;BPC = 180&deg; &rArr; &ang;BPC = 90&deg;</p><p>Now, QB and QP are tangents to the circle from the external point Q.</p><p>&there4; QB = QP (Lengths of tangents from an external point are equal)</p><p>In &Delta;QBP, since QB = QP, it is an isosceles triangle.</p><p>&there4; &ang;QBP = &ang;QPB  .....(i)</p><p>In the right-angled triangle &Delta;BPC, the sum of angles is 180&deg;.</p><p>&ang;PBC + &ang;BCP + &ang;BPC = 180&deg;</p><p>&ang;PBC + &ang;BCP + 90&deg; = 180&deg;</p><p>&ang;PBC + &ang;BCP = 90&deg;  .....(ii)</p><p>From (i), &ang;PBC can be written as &ang;QBP = &ang;QPB. Also, &ang;BCP is the same as &ang;QCP.</p><p>We know &ang;BPC = 90&deg;, which means &ang;QPB + &ang;QPC = 90&deg;.</p><p>So, &ang;QPC = 90&deg; - &ang;QPB.</p><p>Using (i), &ang;QPC = 90&deg; - &ang;QBP = 90&deg; - &ang;PBC.</p><p>From (ii), 90&deg; - &ang;PBC = &ang;BCP.</p><p>&there4; &ang;QPC = &ang;BCP (or &ang;QCP).</p><p>Now, in &Delta;QPC, since &ang;QPC = &ang;QCP, it is an isosceles triangle with sides opposite to equal angles being equal.</p><p>&there4; QC = QP</p><p>We already established that QB = QP.</p><p>Therefore, QB = QC.</p><p>This proves that the tangent drawn at point P bisects BC.</p>"
                    },
                    "question_type": "Long Answer (5 marks)",
                    "difficulty_level": "hard",
                    "explanation_html": null
                  }
                ]
              },
              {
                "chapter_name": "Arithmetic Progressions",
                "questions": [
                  {
                    "question_no": 13,
                    "question_html": "<p><b>Case Study &ndash; 1</b></p><p>In Mathematics, relations can be expressed in various ways. The matchstick patterns are based on linear relations. Different strategies can be used to calculate the number of matchsticks used in different figures.</p><p>One such pattern is shown below. Observe the pattern and answer the following questions using Arithmetic Progression :</p><p>(a) Write the AP for the number of triangles used in the figures. Also, write the n<sup>th</sup> term of this AP.</p><p>(b) Which figure has 61 matchsticks ?</p>",
                    "images": [
                      {
                        "url": "https://img.testbuddyai.com/Maths-30-1-22-Q13.png"
                      }
                    ],
                    "options": [],
                    "correct_answer": {
                      "text": "<p><b>(a) Number of Triangles</b></p><p>Observing the pattern:</p><ul><li>Figure 1 has 4 triangles.</li><li>Figure 2 has 6 triangles.</li><li>Figure 3 has 8 triangles.</li></ul><p>The sequence for the number of triangles is 4, 6, 8, ...</p><p>This is an Arithmetic Progression (AP) with the first term a = 4 and the common difference d = 6 - 4 = 2.</p><p>The n<sup>th</sup> term (a<sub>n</sub>) of this AP is given by the formula a<sub>n</sub> = a + (n-1)d.</p><p>a<sub>n</sub> = 4 + (n-1)2</p><p>a<sub>n</sub> = 4 + 2n - 2</p><p>a<sub>n</sub> = 2n + 2</p><p><b>(b) Number of Matchsticks</b></p><p>Observing the pattern:</p><ul><li>Figure 1 has 12 matchsticks.</li><li>Figure 2 has 12 + 7 = 19 matchsticks.</li><li>Figure 3 has 19 + 7 = 26 matchsticks.</li></ul><p>The sequence for the number of matchsticks is 12, 19, 26, ...</p><p>This is an AP with the first term a = 12 and the common difference d = 19 - 12 = 7.</p><p>We want to find the figure number (n) that has 61 matchsticks. So, we set a<sub>n</sub> = 61.</p><p>a<sub>n</sub> = a + (n-1)d</p><p>61 = 12 + (n-1)7</p><p>61 - 12 = (n-1)7</p><p>49 = (n-1)7</p><p>49 / 7 = n - 1</p><p>7 = n - 1</p><p>n = 8</p><p>Therefore, the 8th figure has 61 matchsticks.</p>"
                    },
                    "question_type": "Case-based Subjective",
                    "difficulty_level": "medium",
                    "explanation_html": null
                  }
                ]
              },
              {
                "chapter_name": "Some Applications of Trigonometry",
                "questions": [
                  {
                    "question_no": 14,
                    "question_html": "<p><b>Case Study &ndash; 2</b></p><p>Gadisar Lake is located in the Jaisalmer district of Rajasthan. It was built by the King of Jaisalmer and rebuilt by Gadsi Singh in 14<sup>th</sup> century. The lake has many Chhatris. One of them is shown below :</p><p>Observe the picture. From a point A, h m above from water level, the angle of elevation of top of Chhatri (point B) is 45&deg; and angle of depression of its reflection in water (point C) is 60&deg;. If the height of Chhatri above water level is (approximately) 10 m, then</p><p>(a) draw a well-labelled figure based on the above information;</p><p>(b) find the height (h) of the point A above water level. (Use &radic;3 = 1.73)</p>",
                    "images": [
                      {
                        "url": "https://img.testbuddyai.com/Maths-30-1-22-Q14.png"
                      }
                    ],
                    "options": [],
                    "correct_answer": {
                      "text": "<p><b>(a) Well-labelled Figure</b></p><p>Let the water level be represented by a line. Let D be a point on the water level directly below the point of observation A, so AD = h. Let E be a point on the water level directly below the Chhatri B, so BE = 10 m. The reflection of B in the water is C, so the depth of C below the water level is CE = 10 m. Draw a horizontal line AF parallel to the water level from A.</p><p>In the figure:</p><ul><li>Height of A above water = AD = h</li><li>Height of B above water = BE = 10 m</li><li>Depth of reflection C below water = CE = 10 m</li><li>Let the horizontal distance AE = DF = x</li><li>Height of B above the line AF = BF = BE - EF = 10 - h</li><li>Depth of C below the line AF = CF = CE + EF = 10 + h</li><li>Angle of elevation &ang;BAF = 45&deg;</li><li>Angle of depression &ang;CAF = 60&deg;</li></ul><p><b>(b) Finding the height (h)</b></p><p>In the right-angled triangle &Delta;AFB:</p><p>tan 45&deg; = BF / AF</p><p>1 = (10 - h) / x</p><p>x = 10 - h  .....(i)</p><p>In the right-angled triangle &Delta;AFC:</p><p>tan 60&deg; = CF / AF</p><p>&radic;3 = (10 + h) / x</p><p>x = (10 + h) / &radic;3  .....(ii)</p><p>From equations (i) and (ii), we can equate the expressions for x:</p><p>10 - h = (10 + h) / &radic;3</p><p>&radic;3 (10 - h) = 10 + h</p><p>10&radic;3 - &radic;3h = 10 + h</p><p>10&radic;3 - 10 = h + &radic;3h</p><p>10(&radic;3 - 1) = h(1 + &radic;3)</p><p>h = 10(&radic;3 - 1) / (&radic;3 + 1)</p><p>To simplify, we rationalize the denominator:</p><p>h = [10(&radic;3 - 1)(&radic;3 - 1)] / [(&radic;3 + 1)(&radic;3 - 1)]</p><p>h = [10(&radic;3 - 1)<sup>2</sup>] / (3 - 1)</p><p>h = [10(3 + 1 - 2&radic;3)] / 2</p><p>h = 5(4 - 2&radic;3) = 20 - 10&radic;3</p><p>Now, use the given value &radic;3 = 1.73:</p><p>h = 20 - 10(1.73)</p><p>h = 20 - 17.3</p><p>h = 2.7 m</p><p>The height of point A above the water level is 2.7 meters.</p>"
                    },
                    "question_type": "Case-based Subjective",
                    "difficulty_level": "hard",
                    "explanation_html": null
                  }
                ]
              }
            ]
          }
        ]
      }
    ]
  }
]