[
  {
    "exam_name_actual": "CBSE Board - Class 10",
    "main_exam_id_name_ref": "CBSE Board - Class 10",
    "years": [
      {
        "year": "2022",
        "papers_or_subjects": [
          {
            "paper_name": "CBSE Class 10 Mathematics (Standard) Paper 2022 (QP Code: 30/2/1)",
            "subject_name": "Mathematics",
            "chapters": [
              {
                "chapter_name": "Surface Areas and Volumes",
                "questions": [
                  {
                    "question_no": 1,
                    "question_html": "<p>A solid piece of metal in the form of a cuboid of dimensions 11 cm &times; 7 cm &times; 7 cm is melted to form 'n' number of solid spheres of radii 7/2 cm each. Find the value of n.</p>",
                    "options": [],
                    "correct_answer": {
                      "text": "<p><b>Solution:</b></p><p>The volume of the cuboid is equal to the total volume of 'n' spheres.</p><p>Volume of Cuboid = Length &times; Breadth &times; Height</p><p>Volume of Cuboid = 11 &times; 7 &times; 7 cm<sup>3</sup></p><p>Radius of one sphere (r) = 7/2 cm</p><p>Volume of one sphere = (4/3)&pi;r<sup>3</sup></p><p>Volume of one sphere = (4/3) &times; (22/7) &times; (7/2)<sup>3</sup></p><p>Volume of one sphere = (4/3) &times; (22/7) &times; (7/2) &times; (7/2) &times; (7/2) cm<sup>3</sup></p><p>Volume of 'n' spheres = n &times; (4/3) &times; (22/7) &times; (7/2)<sup>3</sup></p><p>Now, equating the volumes:</p><p>11 &times; 7 &times; 7 = n &times; (4/3) &times; (22/7) &times; (7/2)<sup>3</sup></p><p>11 &times; 49 = n &times; (4/3) &times; (22/7) &times; (343/8)</p><p>539 = n &times; (4 &times; 22 &times; 343) / (3 &times; 7 &times; 8)</p><p>539 = n &times; (88 &times; 49) / 168</p><p>As per the marking scheme:</p><p>n &times; (4/3) &times; (22/7) &times; (7/2)<sup>3</sup> = 11 &times; 7<sup>2</sup></p><p>n = (11 &times; 49 &times; 3 &times; 7 &times; 8) / (4 &times; 22 &times; 343)</p><p>n &times; (4/3) &pi; (7/2)<sup>3</sup> = 11 &times; 7 &times; 7</p><p>n = 3</p>"
                    },
                    "question_type": "Very Short Answer (2 marks)",
                    "difficulty_level": "medium",
                    "explanation_html": null
                  }
                ]
              },
              {
                "chapter_name": "Circles",
                "questions": [
                  {
                    "question_no": 2,
                    "question_html": "<p>(a) In Fig. 1, AB is diameter of a circle centered at O. BC is tangent to the circle at B. If OP bisects the chord AD and &ang;AOP = 60&deg;, then find m&ang;C.</p><p>OR</p><p>(b) In Fig. 2, XAY is a tangent to the circle centered at O. If &ang;ABO = 40&deg;, then find m&ang;BAY and m&ang;AOB.</p>",
                    "images": [
                      {
                        "url": "https://img.testbuddyai.com/Maths-30-2-22-Q2a.png"
                      },
                      {
                        "url": "https://img.testbuddyai.com/Maths-30-2-22-Q2b.png"
                      }
                    ],
                    "options": [],
                    "correct_answer": {
                      "text": "<p><b>Solution for part (a):</b></p><p>Given that OP bisects the chord AD. The line segment from the center of a circle that bisects a chord is perpendicular to the chord.</p><p>&therefore; OP &perp; AD</p><p>In &Delta;OAP, &ang;OPA = 90&deg; and &ang;AOP = 60&deg;.</p><p>&therefore; &ang;OAP = 180&deg; - 90&deg; - 60&deg; = 30&deg;.</p><p>So, &ang;DAB = 30&deg;.</p><p>Since BC is tangent at B, AB &perp; BC, which means &ang;ABC = 90&deg;.</p><p>Now, consider the triangle &Delta;ABC. The sum of its angles is 180&deg;.</p><p>&ang;C + &ang;ABC + &ang;BAC = 180&deg;</p><p>&ang;C + 90&deg; + 30&deg; = 180&deg;</p><p>&ang;C = 180&deg; - 120&deg; = 60&deg;.</p><p><b>Solution for part (b):</b></p><p>In &Delta;OAB, OA and OB are radii of the same circle, so OA = OB.</p><p>&therefore; &Delta;OAB is an isosceles triangle.</p><p>&ang;OAB = &ang;OBA = 40&deg;.</p><p>The radius OA is perpendicular to the tangent XAY at the point of contact A.</p><p>&therefore; &ang;OAY = 90&deg;.</p><p>&ang;BAY = &ang;OAY - &ang;OAB = 90&deg; - 40&deg; = 50&deg;.</p><p>In &Delta;OAB, the sum of angles is 180&deg;.</p><p>&ang;AOB + &ang;OAB + &ang;OBA = 180&deg;</p><p>&ang;AOB + 40&circ; + 40&circ; = 180&deg;</p><p>&ang;AOB = 180&circ; - 80&deg; = 100&deg;.</p>"
                    },
                    "question_type": "Very Short Answer (2 marks)",
                    "difficulty_level": "medium",
                    "explanation_html": null
                  }
                ]
              },
              {
                "chapter_name": "Arithmetic Progressions",
                "questions": [
                  {
                    "question_no": 3,
                    "question_html": "<p>(a) Which term of the A.P. -11/2, -3, -1/2, ... is 49/2?</p><p>OR</p><p>(b) Find a and b so that the numbers a, 7, b, 23 are in A.P.</p>",
                    "options": [],
                    "correct_answer": {
                      "text": "<p><b>Solution for part (a):</b></p><p>The given A.P. is -11/2, -3, -1/2, ...</p><p>First term (a) = -11/2</p><p>Common difference (d) = -3 - (-11/2) = -3 + 11/2 = (-6+11)/2 = 5/2.</p><p>Let the n<sup>th</sup> term be 49/2. So, a<sub>n</sub> = 49/2.</p><p>Using the formula a<sub>n</sub> = a + (n-1)d:</p><p>49/2 = -11/2 + (n-1)(5/2)</p><p>49/2 + 11/2 = (n-1)(5/2)</p><p>60/2 = (n-1)(5/2)</p><p>30 = (n-1)(5/2)</p><p>60 = 5(n-1)</p><p>12 = n-1</p><p>n = 13</p><p>So, the 13<sup>th</sup> term of the A.P. is 49/2.</p><p><b>Solution for part (b):</b></p><p>The numbers a, 7, b, 23 are in A.P.</p><p>This means the common difference between consecutive terms is constant.</p><p>7 - a = b - 7 = 23 - b</p><p>From b - 7 = 23 - b:</p><p>2b = 23 + 7</p><p>2b = 30</p><p>b = 15</p><p>From 7 - a = b - 7:</p><p>7 - a = 15 - 7</p><p>7 - a = 8</p><p>a = 7 - 8 = -1</p><p>So, a = -1 and b = 15.</p>"
                    },
                    "question_type": "Very Short Answer (2 marks)",
                    "difficulty_level": "easy",
                    "explanation_html": null
                  }
                ]
              },
              {
                "chapter_name": "Arithmetic Progressions",
                "questions": [
                  {
                    "question_no": 4,
                    "question_html": "<p>Find the sum of first 20 terms of an A.P. whose n<sup>th</sup> term is given as a<sub>n</sub> = 5 - 2n.</p>",
                    "options": [],
                    "correct_answer": {
                      "text": "<p>The n<sup>th</sup> term is given by a<sub>n</sub> = 5 - 2n.</p><p>To find the sum of the first 20 terms (S<sub>20</sub>), we first need to find the first term (a<sub>1</sub>) and the 20<sup>th</sup> term (a<sub>20</sub>).</p><p>First term (a<sub>1</sub>) = 5 - 2(1) = 5 - 2 = 3.</p><p>20<sup>th</sup> term (a<sub>20</sub>) = 5 - 2(20) = 5 - 40 = -35.</p><p>The sum of the first n terms of an A.P. is given by the formula S<sub>n</sub> = n/2 (a<sub>1</sub> + a<sub>n</sub>).</p><p>S<sub>20</sub> = 20/2 (a<sub>1</sub> + a<sub>20</sub>)</p><p>S<sub>20</sub> = 10 (3 + (-35))</p><p>S<sub>20</sub> = 10 (3 - 35)</p><p>S<sub>20</sub> = 10 (-32)</p><p>S<sub>20</sub> = -320</p><p>The sum of the first 20 terms is -320.</p>"
                    },
                    "question_type": "Very Short Answer (2 marks)",
                    "difficulty_level": "easy",
                    "explanation_html": null
                  }
                ]
              },
              {
                "chapter_name": "Quadratic Equations",
                "questions": [
                  {
                    "question_no": 5,
                    "question_html": "<p>Solve the quadratic equation : x<sup>2</sup> &ndash; 2ax + (a<sup>2</sup> &ndash; b<sup>2</sup>) = 0 for x.</p>",
                    "options": [],
                    "correct_answer": {
                      "text": "<p>The given quadratic equation is x<sup>2</sup> &ndash; 2ax + (a<sup>2</sup> &ndash; b<sup>2</sup>) = 0.</p><p>We can solve this using the quadratic formula: x = [-B &plusmn; &radic;(B<sup>2</sup> - 4AC)] / 2A</p><p>Here, A = 1, B = -2a, C = a<sup>2</sup> - b<sup>2</sup>.</p><p>The discriminant (D) is B<sup>2</sup> - 4AC:</p><p>D = (-2a)<sup>2</sup> - 4(1)(a<sup>2</sup> - b<sup>2</sup>)</p><p>D = 4a<sup>2</sup> - 4a<sup>2</sup> + 4b<sup>2</sup></p><p>D = 4b<sup>2</sup></p><p>Now, applying the formula for x:</p><p>x = [-(-2a) &plusmn; &radic;(4b<sup>2</sup>)] / 2(1)</p><p>x = [2a &plusmn; 2b] / 2</p><p>x = 2(a &plusmn; b) / 2</p><p>x = a &plusmn; b</p><p>So, the two solutions for x are x = a + b and x = a - b.</p>"
                    },
                    "question_type": "Very Short Answer (2 marks)",
                    "difficulty_level": "medium",
                    "explanation_html": null
                  }
                ]
              },
              {
                "chapter_name": "Statistics",
                "questions": [
                  {
                    "question_no": 6,
                    "question_html": "<p>If mode of the following frequency distribution is 55, then find the value of x.</p><table border='1' style='width:100%; text-align:center;'><tbody><tr><td>Class</td><td>0-15</td><td>15-30</td><td>30-45</td><td>45-60</td><td>60-75</td><td>75-90</td></tr><tr><td>Frequency</td><td>10</td><td>7</td><td>x</td><td>15</td><td>10</td><td>12</td></tr></tbody></table>",
                    "options": [],
                    "correct_answer": {
                      "text": "<p>The mode is given as 55, which lies in the class interval 45-60.</p><p>Therefore, the modal class is 45-60.</p><p>Lower limit of the modal class (l) = 45</p><p>Frequency of the modal class (f<sub>1</sub>) = 15</p><p>Frequency of the class preceding the modal class (f<sub>0</sub>) = x</p><p>Frequency of the class succeeding the modal class (f<sub>2</sub>) = 10</p><p>Class size (h) = 15</p><p>The formula for the mode is:</p><p>Mode = l + [(f<sub>1</sub> - f<sub>0</sub>) / (2f<sub>1</sub> - f<sub>0</sub> - f<sub>2</sub>)] &times; h</p><p>55 = 45 + [(15 - x) / (2 &times; 15 - x - 10)] &times; 15</p><p>55 - 45 = [(15 - x) / (30 - x - 10)] &times; 15</p><p>10 = [(15 - x) / (20 - x)] &times; 15</p><p>10 / 15 = (15 - x) / (20 - x)</p><p>2 / 3 = (15 - x) / (20 - x)</p><p>2(20 - x) = 3(15 - x)</p><p>40 - 2x = 45 - 3x</p><p>3x - 2x = 45 - 40</p><p>x = 5</p>"
                    },
                    "question_type": "Very Short Answer (2 marks)",
                    "difficulty_level": "medium",
                    "explanation_html": null
                  }
                ]
              },
              {
                "chapter_name": "Statistics",
                "questions": [
                  {
                    "question_no": 7,
                    "question_html": "<p>Heights of 50 students of class X of a school are recorded and following data is obtained :</p><table border='1' style='width:100%; text-align:center;'><tbody><tr><td>Height (in cm)</td><td>130-135</td><td>135-140</td><td>140-145</td><td>145-150</td><td>150-155</td><td>155-160</td></tr><tr><td>Number of Students</td><td>4</td><td>11</td><td>12</td><td>7</td><td>10</td><td>6</td></tr></tbody></table><p>Find the median height of the students.</p>",
                    "options": [],
                    "correct_answer": {
                      "text": "<p>To find the median, we first need to create a cumulative frequency table.</p><table border='1' style='width:100%; text-align:center;'><tbody><tr><td>Height (in cm)</td><td>Number of Students (f)</td><td>Cumulative Frequency (cf)</td></tr><tr><td>130-135</td><td>4</td><td>4</td></tr><tr><td>135-140</td><td>11</td><td>15</td></tr><tr><td>140-145</td><td>12</td><td>27</td></tr><tr><td>145-150</td><td>7</td><td>34</td></tr><tr><td>150-155</td><td>10</td><td>44</td></tr><tr><td>155-160</td><td>6</td><td>50</td></tr></tbody></table><p>The total number of students is N = 50.</p><p>We find N/2 = 50/2 = 25.</p><p>The cumulative frequency just greater than 25 is 27, which corresponds to the class interval 140-145.</p><p>Therefore, the median class is 140-145.</p><p>Lower limit of the median class (l) = 140</p><p>Total frequency (N) = 50</p><p>Cumulative frequency of the class preceding the median class (cf) = 15</p><p>Frequency of the median class (f) = 12</p><p>Class size (h) = 5</p><p>The formula for the median is:</p><p>Median = l + [((N/2) - cf) / f] &times; h</p><p>Median = 140 + [(25 - 15) / 12] &times; 5</p><p>Median = 140 + (10 / 12) &times; 5</p><p>Median = 140 + (5/6) &times; 5</p><p>Median = 140 + 25/6</p><p>Median &asymp; 140 + 4.17</p><p>Median &asymp; 144.17 cm</p><p>The marking scheme gives 144.1 cm (approx).</p>"
                    },
                    "question_type": "Short Answer (3 marks)",
                    "difficulty_level": "medium",
                    "explanation_html": null
                  }
                ]
              },
              {
                "chapter_name": "Statistics",
                "questions": [
                  {
                    "question_no": 8,
                    "question_html": "<p>(a) The mean of the following frequency distribution is 25. Find the value of f.</p><table border='1' style='width:100%; text-align:center;'><tbody><tr><td>Class</td><td>0-10</td><td>10-20</td><td>20-30</td><td>30-40</td><td>40-50</td></tr><tr><td>Frequency</td><td>5</td><td>18</td><td>15</td><td>f</td><td>6</td></tr></tbody></table><p>OR</p><p>(b) Find the mean of the following data using assumed mean method :</p><table border='1' style='width:100%; text-align:center;'><tbody><tr><td>Class</td><td>0-5</td><td>5-10</td><td>10-15</td><td>15-20</td><td>20-25</td></tr><tr><td>Frequency</td><td>8</td><td>7</td><td>10</td><td>13</td><td>12</td></tr></tbody></table>",
                    "options": [],
                    "correct_answer": {
                      "text": "<p><b>Solution for part (a):</b></p><p>We use the direct method to find the mean.</p><table border='1' style='width:100%; text-align:center;'><tbody><tr><td>Class</td><td>Frequency (f<sub>i</sub>)</td><td>Class Mark (x<sub>i</sub>)</td><td>f<sub>i</sub>x<sub>i</sub></td></tr><tr><td>0-10</td><td>5</td><td>5</td><td>25</td></tr><tr><td>10-20</td><td>18</td><td>15</td><td>270</td></tr><tr><td>20-30</td><td>15</td><td>25</td><td>375</td></tr><tr><td>30-40</td><td>f</td><td>35</td><td>35f</td></tr><tr><td>40-50</td><td>6</td><td>45</td><td>270</td></tr><tr><td>Total</td><td>&Sigma;f<sub>i</sub> = 44+f</td><td></td><td>&Sigma;f<sub>i</sub>x<sub>i</sub> = 940+35f</td></tr></tbody></table><p>Mean = &Sigma;f<sub>i</sub>x<sub>i</sub> / &Sigma;f<sub>i</sub></p><p>25 = (940 + 35f) / (44 + f)</p><p>25(44 + f) = 940 + 35f</p><p>1100 + 25f = 940 + 35f</p><p>1100 - 940 = 35f - 25f</p><p>160 = 10f</p><p>f = 16</p><p><b>Solution for part (b):</b></p><p>We use the assumed mean method.</p><table border='1' style='width:100%; text-align:center;'><tbody><tr><td>Class</td><td>Frequency (f<sub>i</sub>)</td><td>Class Mark (x<sub>i</sub>)</td><td>d<sub>i</sub> = x<sub>i</sub> - A</td><td>f<sub>i</sub>d<sub>i</sub></td></tr><tr><td>0-5</td><td>8</td><td>2.5</td><td>-10</td><td>-80</td></tr><tr><td>5-10</td><td>7</td><td>7.5</td><td>-5</td><td>-35</td></tr><tr><td>10-15</td><td>10</td><td>12.5 (A)</td><td>0</td><td>0</td></tr><tr><td>15-20</td><td>13</td><td>17.5</td><td>5</td><td>65</td></tr><tr><td>20-25</td><td>12</td><td>22.5</td><td>10</td><td>120</td></tr><tr><td>Total</td><td>&Sigma;f<sub>i</sub> = 50</td><td></td><td></td><td>&Sigma;f<sub>i</sub>d<sub>i</sub> = 70</td></tr></tbody></table><p>Let the assumed mean, A = 12.5.</p><p>Mean = A + (&Sigma;f<sub>i</sub>d<sub>i</sub> / &Sigma;f<sub>i</sub>)</p><p>Mean = 12.5 + (70 / 50)</p><p>Mean = 12.5 + 7/5</p><p>Mean = 12.5 + 1.4</p><p>Mean = 13.9</p>"
                    },
                    "question_type": "Short Answer (3 marks)",
                    "difficulty_level": "medium",
                    "explanation_html": null
                  }
                ]
              },
              {
                "chapter_name": "Some Applications of Trigonometry",
                "questions": [
                  {
                    "question_no": 9,
                    "question_html": "<p>Two men on either side of a cliff 75 m high observe the angles of elevation of the top of the cliff to be 30&deg; and 60&deg;. Find the distance between the two men.</p>",
                    "images": [
                      {
                        "url": "https://img.testbuddyai.com/Maths-30-2-22-Q9.png"
                      }
                    ],
                    "options": [],
                    "correct_answer": {
                      "text": "<p>Let AB be the cliff of height 75 m. Let the two men be at positions C and D on either side of the cliff.</p><p>Height of the cliff, AB = 75 m.</p><p>Angle of elevation from C, &ang;ACB = 30&deg;.</p><p>Angle of elevation from D, &ang;ADB = 60&deg;.</p><p>We need to find the distance between the two men, which is CD = AC + AD.</p><p>In the right-angled triangle &Delta;ABC:</p><p>tan 30&deg; = AB / AC</p><p>1/&radic;3 = 75 / AC</p><p>AC = 75&radic;3 m</p><p>In the right-angled triangle &Delta;ABD:</p><p>tan 60&circ; = AB / AD</p><p>&radic;3 = 75 / AD</p><p>AD = 75 / &radic;3 = (75&radic;3) / 3 = 25&radic;3 m</p><p>The distance between the two men is CD = AC + AD.</p><p>CD = 75&radic;3 + 25&radic;3</p><p>CD = 100&radic;3 m</p><p>The distance between the two men is 100&radic;3 meters.</p>"
                    },
                    "question_type": "Short Answer (3 marks)",
                    "difficulty_level": "medium",
                    "explanation_html": null
                  }
                ]
              },
              {
                "chapter_name": "Circles",
                "questions": [
                  {
                    "question_no": 10,
                    "question_html": "<p>Construct a pair of tangents to a circle of radius 3 cm which are inclined to each other at an angle of 60&deg;.</p>",
                    "options": [],
                    "correct_answer": {
                      "text": "<p><b>Steps of Construction:</b></p><p>1. Draw a circle with center O and radius 3 cm.</p><p>2. The angle between the tangents is 60&deg;. The angle between the radii at the points of contact is 180&deg; - 60&deg; = 120&deg;.</p><p>3. Draw any radius OA.</p><p>4. At the center O, construct an angle &ang;AOB = 120&deg;, where B is another point on the circle.</p><p>5. At point A on the circle, construct a line perpendicular to the radius OA. This line will be the tangent at A.</p><p>6. At point B on the circle, construct a line perpendicular to the radius OB. This line will be the tangent at B.</p><p>7. Let the two tangents intersect at a point P. Then PA and PB are the required tangents to the circle, and the angle between them, &ang;APB, will be 60&deg;.</p>"
                    },
                    "question_type": "Short Answer (3 marks)",
                    "difficulty_level": "medium",
                    "explanation_html": null
                  }
                ]
              },
              {
                "chapter_name": "Quadratic Equations",
                "questions": [
                  {
                    "question_no": 11,
                    "question_html": "<p>(a) The sum of two numbers is 34. If 3 is subtracted from one number and 2 is added to another, the product of these two numbers becomes 260. Find the numbers.</p><p>OR</p><p>(b) The hypotenuse (in cm) of a right angled triangle is 6 cm more than twice the length of the shortest side. If the length of third side is 6 cm less than thrice the length of shortest side, then find the dimensions of the triangle.</p>",
                    "options": [],
                    "correct_answer": {
                      "text": "<p><b>Solution for part (a):</b></p><p>Let the two numbers be x and y.</p><p>Given: x + y = 34  &rArr;  y = 34 - x  .....(i)</p><p>Also given: (x - 3)(y + 2) = 260  .....(ii)</p><p>Substitute y from (i) into (ii):</p><p>(x - 3)((34 - x) + 2) = 260</p><p>(x - 3)(36 - x) = 260</p><p>36x - x<sup>2</sup> - 108 + 3x = 260</p><p>-x<sup>2</sup> + 39x - 108 = 260</p><p>x<sup>2</sup> - 39x + 108 + 260 = 0</p><p>x<sup>2</sup> - 39x + 368 = 0</p><p>We need to find two numbers that multiply to 368 and add to -39. These are -16 and -23.</p><p>x<sup>2</sup> - 16x - 23x + 368 = 0</p><p>x(x - 16) - 23(x - 16) = 0</p><p>(x - 16)(x - 23) = 0</p><p>So, x = 16 or x = 23.</p><p>If x = 16, then y = 34 - 16 = 18.</p><p>If x = 23, then y = 34 - 23 = 11.</p><p>The two numbers are 16 and 18, or 23 and 11.</p><p><b>Solution for part (b):</b></p><p>Let the length of the shortest side be x cm.</p><p>Hypotenuse = 2x + 6 cm</p><p>Third side = 3x - 6 cm</p><p>By the Pythagorean theorem: (shortest side)<sup>2</sup> + (third side)<sup>2</sup> = (hypotenuse)<sup>2</sup></p><p>x<sup>2</sup> + (3x - 6)<sup>2</sup> = (2x + 6)<sup>2</sup></p><p>x<sup>2</sup> + (9x<sup>2</sup> - 36x + 36) = (4x<sup>2</sup> + 24x + 36)</p><p>10x<sup>2</sup> - 36x + 36 = 4x<sup>2</sup> + 24x + 36</p><p>6x<sup>2</sup> - 60x = 0</p><p>6x(x - 10) = 0</p><p>This gives x = 0 (not possible) or x = 10.</p><p>The shortest side is 10 cm.</p><p>Hypotenuse = 2(10) + 6 = 26 cm.</p><p>Third side = 3(10) - 6 = 24 cm.</p><p>The dimensions of the triangle are 10 cm, 24 cm, and 26 cm.</p>"
                    },
                    "question_type": "Long Answer (5 marks)",
                    "difficulty_level": "hard",
                    "explanation_html": null
                  }
                ]
              },
              {
                "chapter_name": "Circles",
                "questions": [
                  {
                    "question_no": 12,
                    "question_html": "<p>In Fig. 4, PQ is a chord of length 8 cm of a circle of radius 5 cm. The tangents at P and Q meet at a point T. Find the length of TP.</p>",
                    "images": [
                      {
                        "url": "https://img.testbuddyai.com/Maths-30-2-22-Q12.png"
                      }
                    ],
                    "options": [],
                    "correct_answer": {
                      "text": "<p>Given: Radius OP = 5 cm, Chord PQ = 8 cm.</p><p>Let the line from the center O intersect the chord PQ at R. Since the tangents from T are equal (TP=TQ), the triangle TPQ is isosceles, and the line OT is the perpendicular bisector of the chord PQ.</p><p>&therefore; OR &perp; PQ and PR = RQ = PQ/2 = 8/2 = 4 cm.</p><p>In the right-angled triangle &Delta;ORP:</p><p>OP<sup>2</sup> = OR<sup>2</sup> + PR<sup>2</sup></p><p>5<sup>2</sup> = OR<sup>2</sup> + 4<sup>2</sup></p><p>25 = OR<sup>2</sup> + 16</p><p>OR<sup>2</sup> = 9 &rArr; OR = 3 cm.</p><p>Now consider the right-angled triangle &Delta;OPT. The tangent TP is perpendicular to the radius OP at the point of contact P.</p><p>&therefore; &ang;OPT = 90&deg;.</p><p>In &Delta;OPT, let TP = x and TR = y. So OT = OR + RT = 3 + y.</p><p>By Pythagoras theorem: OT<sup>2</sup> = OP<sup>2</sup> + TP<sup>2</sup></p><p>(3 + y)<sup>2</sup> = 5<sup>2</sup> + x<sup>2</sup>  .....(i)</p><p>Also, in the right-angled triangle &Delta;PRT:</p><p>TP<sup>2</sup> = PR<sup>2</sup> + TR<sup>2</sup></p><p>x<sup>2</sup> = 4<sup>2</sup> + y<sup>2</sup></p><p>x<sup>2</sup> = 16 + y<sup>2</sup>  .....(ii)</p><p>Substitute x<sup>2</sup> from (ii) into (i):</p><p>(3 + y)<sup>2</sup> = 25 + (16 + y<sup>2</sup>)</p><p>9 + 6y + y<sup>2</sup> = 41 + y<sup>2</sup></p><p>6y = 41 - 9</p><p>6y = 32</p><p>y = 32/6 = 16/3 cm.</p><p>Now find x using equation (ii):</p><p>x<sup>2</sup> = 16 + (16/3)<sup>2</sup></p><p>x<sup>2</sup> = 16 + 256/9</p><p>x<sup>2</sup> = (144 + 256) / 9</p><p>x<sup>2</sup> = 400 / 9</p><p>x = &radic;(400/9) = 20/3 cm.</p><p>The length of TP is 20/3 cm.</p>"
                    },
                    "question_type": "Long Answer (5 marks)",
                    "difficulty_level": "hard",
                    "explanation_html": null
                  }
                ]
              },
              {
                "chapter_name": "Some Applications of Trigonometry",
                "questions": [
                  {
                    "question_no": 13,
                    "question_html": "<p><b>Case Study &ndash; 1: Kite Festival</b></p><p>In Fig. 5, the angles of elevation of two kites (Points A and B) from the hands of a man (Point C) are found to be 30&deg; and 60&deg; respectively. Taking AD = 50 m and BE = 60 m, find</p><p>(1) the lengths of strings used (take them straight) for kites A and B as shown in the figure.</p><p>(2) the distance &lsquo;d&rsquo; between these two kites</p>",
                    "images": [
                      {
                        "url": "https://img.testbuddyai.com/Maths-30-2-22-Q13.png"
                      }
                    ],
                    "options": [],
                    "correct_answer": {
                      "text": "<p><b>(1) Lengths of strings (AC and BC)</b></p><p>In the right-angled triangle &Delta;ADC:</p><p>&ang;ACD = 30&deg;, AD = 50 m. The string is AC.</p><p>sin 30&deg; = Opposite / Hypotenuse = AD / AC</p><p>1/2 = 50 / AC</p><p>AC = 50 &times; 2 = 100 m.</p><p>In the right-angled triangle &Delta;BEC:</p><p>&ang;BCE = 60&deg;, BE = 60 m. The string is BC.</p><p>sin 60&deg; = Opposite / Hypotenuse = BE / BC</p><p>&radic;3/2 = 60 / BC</p><p>BC = 120 / &radic;3 = (120&radic;3) / 3 = 40&radic;3 m.</p><p>The lengths of the strings are 100 m and 40&radic;3 m.</p><p><b>(2) Distance 'd' between the two kites (AB)</b></p><p>In &Delta;ABC, we know sides AC = 100 m, BC = 40&radic;3 m. The angle &ang;ACB is the angle between the strings.</p><p>The angles of elevation are with respect to the horizontal line DCE. The angle &ang;ACB is not directly given but can be inferred from the geometry.</p><p>The marking scheme implies that &ang;ACB = 90&deg; because it is assumed that one kite is in the north and the other in the east direction, making the angle between them 90&deg; or it considers the plane containing the kites and point C. Assuming DCE is a straight line, &ang;ACB is not 90&deg;. </p><p>Let's follow the marking scheme's assumption: Since DE is a straight line, let's assume the question implies &ang;ACB = 90&deg; (as if the kites are in perpendicular vertical planes from C).</p><p>Using the Pythagorean theorem in &Delta;ABC:</p><p>d<sup>2</sup> = AC<sup>2</sup> + BC<sup>2</sup></p><p>d<sup>2</sup> = (100)<sup>2</sup> + (40&radic;3)<sup>2</sup></p><p>d<sup>2</sup> = 10000 + (1600 &times; 3)</p><p>d<sup>2</sup> = 10000 + 4800</p><p>d<sup>2</sup> = 14800</p><p>d = &radic;14800 = &radic;(100 &times; 148) = 10&radic;148 = 10&radic;(4 &times; 37) = 10 &times; 2&radic;37 = 20&radic;37 m.</p>"
                    },
                    "question_type": "Case-based Subjective",
                    "difficulty_level": "hard",
                    "explanation_html": null
                  }
                ]
              },
              {
                "chapter_name": "Surface Areas and Volumes",
                "questions": [
                  {
                    "question_no": 14,
                    "question_html": "<p><b>Case Study &ndash; 2</b></p><p>The tent is in the shape of a cylinder surmounted by a conical top. If the height and diameter of cylindrical part are 9 m and 30 m respectively and height of conical part is 8 m with same diameter as that of the cylindrical part, then find</p><p>(1) the area of the canvas used in making the tent;</p><p>(2) the cost of the canvas bought for the tent at the rate &_200; 200 per sq m, if 30 sq m canvas was wasted during stitching.</p>",
                    "images": [
                      {
                        "url": "https://img.testbuddyai.com/Maths-30-2-22-Q14.png"
                      }
                    ],
                    "options": [],
                    "correct_answer": {
                      "text": "<p><b>(1) Area of the canvas used</b></p><p>For the cylindrical part:</p><p>Height (h) = 9 m</p><p>Diameter = 30 m, so Radius (r) = 15 m</p><p>For the conical part:</p><p>Height (h<sub>cone</sub>) = 8 m</p><p>Radius (r) = 15 m</p><p>First, we need the slant height (l) of the cone:</p><p>l = &radic;(r<sup>2</sup> + h<sub>cone</sub><sup>2</sup>) = &radic;(15<sup>2</sup> + 8<sup>2</sup>) = &radic;(225 + 64) = &radic;289 = 17 m.</p><p>The area of the canvas used is the sum of the curved surface area of the cylinder and the curved surface area of the cone.</p><p>Area = CSA of Cylinder + CSA of Cone</p><p>Area = 2&pi;rh + &pi;rl</p><p>Area = &pi;r (2h + l)</p><p>Area = (22/7) &times; 15 &times; (2 &times; 9 + 17)</p><p>Area = (22/7) &times; 15 &times; (18 + 17)</p><p>Area = (22/7) &times; 15 &times; 35</p><p>Area = 22 &times; 15 &times; 5</p><p>Area = 1650 m<sup>2</sup>.</p><p><b>(2) Cost of the canvas bought</b></p><p>Area of canvas used in the tent = 1650 m<sup>2</sup>.</p><p>Canvas wasted during stitching = 30 m<sup>2</sup>.</p><p>Total canvas bought = Area used + Area wasted</p><p>Total canvas bought = 1650 + 30 = 1680 m<sup>2</sup>.</p><p>Cost of canvas = Total area &times; Rate per sq m</p><p>Cost = 1680 &times; 200</p><p>Cost = &_200; 3,36,000.</p>"
                    },
                    "question_type": "Case-based Subjective",
                    "difficulty_level": "hard",
                    "explanation_html": null
                  }
                ]
              }
            ]
          }
        ]
      }
    ]
  }
]