[
  {
    "exam_name_actual": "CBSE Board - Class 10",
    "main_exam_id_name_ref": "CBSE Board - Class 10",
    "years": [
      {
        "year": "2022",
        "papers_or_subjects": [
          {
            "paper_name": "CBSE Class 10 Mathematics (Standard) Paper 2022 (QP Code: 30/4/1)",
            "subject_name": "Mathematics",
            "chapters": [
              {
                "chapter_name": "Statistics",
                "questions": [
                  {
                    "question_no": 1,
                    "question_html": "<p>The mode of a grouped frequency distribution is 75 and the modal class is 65-80. The frequency of the class preceding the modal class is 6 and the frequency of the class succeeding the modal class is 8. Find the frequency of the modal class.</p>",
                    "options": [],
                    "correct_answer": {
                      "text": "<p>Given:</p><ul><li>Mode = 75</li><li>Modal class = 65-80</li><li>Lower limit of the modal class (l) = 65</li><li>Frequency of the class preceding the modal class (f<sub>0</sub>) = 6</li><li>Frequency of the class succeeding the modal class (f<sub>2</sub>) = 8</li><li>Class size (h) = 80 - 65 = 15</li></ul><p>Let the frequency of the modal class be f<sub>1</sub>.</p><p>The formula for the mode is:</p><p>Mode = l + [(f<sub>1</sub> - f<sub>0</sub>) / (2f<sub>1</sub> - f<sub>0</sub> - f<sub>2</sub>)] &times; h</p><p>75 = 65 + [(f<sub>1</sub> - 6) / (2f<sub>1</sub> - 6 - 8)] &times; 15</p><p>75 - 65 = [(f<sub>1</sub> - 6) / (2f<sub>1</sub> - 14)] &times; 15</p><p>10 = [(f<sub>1</sub> - 6) / (2f<sub>1</sub> - 14)] &times; 15</p><p>10 / 15 = (f<sub>1</sub> - 6) / (2f<sub>1</sub> - 14)</p><p>2 / 3 = (f<sub>1</sub> - 6) / (2f<sub>1</sub> - 14)</p><p>2(2f<sub>1</sub> - 14) = 3(f<sub>1</sub> - 6)</p><p>4f<sub>1</sub> - 28 = 3f<sub>1</sub> - 18</p><p>4f<sub>1</sub> - 3f<sub>1</sub> = 28 - 18</p><p>f<sub>1</sub> = 10</p><p>The frequency of the modal class is 10.</p>"
                    },
                    "question_type": "Very Short Answer (2 marks)",
                    "difficulty_level": "medium",
                    "explanation_html": null
                  }
                ]
              },
              {
                "chapter_name": "Arithmetic Progressions",
                "questions": [
                  {
                    "question_no": 2,
                    "question_html": "<p>How many natural numbers are there between 1 and 1000 which are divisible by 5 but not by 2?</p>",
                    "options": [],
                    "correct_answer": {
                      "text": "<p>We need to find the count of natural numbers between 1 and 1000 that are divisible by 5 but not by 2. This means the numbers must be multiples of 5 but not even. In other words, they must be odd multiples of 5, which means they end in 5.</p><p>The sequence of such numbers is 5, 15, 25, 35, ..., 995.</p><p>This is an Arithmetic Progression (AP) where:</p><ul><li>First term (a) = 5</li><li>Common difference (d) = 15 - 5 = 10</li><li>Last term (a<sub>n</sub>) = 995</li></ul><p>We use the formula for the n<sup>th</sup> term of an AP: a<sub>n</sub> = a + (n-1)d.</p><p>995 = 5 + (n-1)10</p><p>995 - 5 = (n-1)10</p><p>990 = (n-1)10</p><p>99 = n - 1</p><p>n = 100</p><p>There are 100 such natural numbers.</p>"
                    },
                    "question_type": "Very Short Answer (2 marks)",
                    "difficulty_level": "medium",
                    "explanation_html": null
                  }
                ]
              },
              {
                "chapter_name": "Quadratic Equations",
                "questions": [
                  {
                    "question_no": 3,
                    "question_html": "<p>(a) If the sum of the roots of the quadratic equation ky<sup>2</sup> &ndash; 11y + (k &ndash; 23) = 0 is 13/21 more than the product of the roots, then find the value of k.</p><p>OR</p><p>(b) If x = -2 is the common solution of quadratic equations ax<sup>2</sup> + x &minus; 3a = 0 and x<sup>2</sup> + bx + b = 0, then find the value of a<sup>2</sup>b.</p>",
                    "options": [],
                    "correct_answer": {
                      "text": "<p><b>Solution for part (a):</b></p><p>For the quadratic equation ky<sup>2</sup> &ndash; 11y + (k &ndash; 23) = 0:</p><p>Sum of the roots = -(-11)/k = 11/k</p><p>Product of the roots = (k - 23)/k</p><p>According to the question:</p><p>Sum of roots = Product of roots + 13/21</p><p>11/k = (k - 23)/k + 13/21</p><p>11/k - (k - 23)/k = 13/21</p><p>(11 - (k - 23))/k = 13/21</p><p>(11 - k + 23)/k = 13/21</p><p>(34 - k)/k = 13/21</p><p>21(34 - k) = 13k</p><p>714 - 21k = 13k</p><p>714 = 34k</p><p>k = 714 / 34 = 21</p><p><b>Solution for part (b):</b></p><p>Since x = -2 is a solution for ax<sup>2</sup> + x &minus; 3a = 0:</p><p>a(-2)<sup>2</sup> + (-2) &minus; 3a = 0</p><p>4a - 2 - 3a = 0</p><p>a - 2 = 0</p><p>a = 2</p><p>Since x = -2 is a solution for x<sup>2</sup> + bx + b = 0:</p><p>(-2)<sup>2</sup> + b(-2) + b = 0</p><p>4 - 2b + b = 0</p><p>4 - b = 0</p><p>b = 4</p><p>Now, we need to find the value of a<sup>2</sup>b:</p><p>a<sup>2</sup>b = (2)<sup>2</sup>(4) = 4 &times; 4 = 16</p>"
                    },
                    "question_type": "Very Short Answer (2 marks)",
                    "difficulty_level": "medium",
                    "explanation_html": null
                  }
                ]
              },
              {
                "chapter_name": "Statistics",
                "questions": [
                  {
                    "question_no": 4,
                    "question_html": "<p>Find the mean of the following frequency distribution :</p><table border='1' style='width:100%; text-align:center;'><tbody><tr><td>Class</td><td>1-5</td><td>5-9</td><td>9-13</td><td>13-17</td></tr><tr><td>Frequency</td><td>4</td><td>8</td><td>7</td><td>6</td></tr></tbody></table>",
                    "options": [],
                    "correct_answer": {
                      "text": "<p>To find the mean, we will use the direct method.</p><table border='1' style='width:100%; text-align:center;'><tbody><tr><td>Class</td><td>Frequency (f<sub>i</sub>)</td><td>Class Mark (x<sub>i</sub>)</td><td>f<sub>i</sub>x<sub>i</sub></td></tr><tr><td>1-5</td><td>4</td><td>3</td><td>12</td></tr><tr><td>5-9</td><td>8</td><td>7</td><td>56</td></tr><tr><td>9-13</td><td>7</td><td>11</td><td>77</td></tr><tr><td>13-17</td><td>6</td><td>15</td><td>90</td></tr><tr><td>Total</td><td>&Sigma;f<sub>i</sub> = 25</td><td></td><td>&Sigma;f<sub>i</sub>x<sub>i</sub> = 235</td></tr></tbody></table><p>Mean (&xmacr;) = &Sigma;f<sub>i</sub>x<sub>i</sub> / &Sigma;f<sub>i</sub></p><p>&xmacr; = 235 / 25</p><p>&xmacr; = 9.4</p><p>The mean of the distribution is 9.4.</p>"
                    },
                    "question_type": "Very Short Answer (2 marks)",
                    "difficulty_level": "easy",
                    "explanation_html": null
                  }
                ]
              },
              {
                "chapter_name": "Circles",
                "questions": [
                  {
                    "question_no": 5,
                    "question_html": "<p>In Fig. 1, there are two concentric circles with centre O. If ARC and AQB are tangents to the smaller circle from the point A lying on the larger circle, find the length of AC, if AQ = 5 cm.</p>",
                    "images": [
                      {
                        "url": "https://img.testbuddyai.com/Maths-30-4-22-Q5.png"
                      }
                    ],
                    "options": [],
                    "correct_answer": {
                      "text": "<p>Given that ARC and AQB are tangents from the external point A to the smaller circle.</p><p>The lengths of tangents drawn from an external point to a circle are equal.</p><p>Therefore, the length of tangent AQ is equal to the length of tangent AR.</p><p>AQ = AR = 5 cm.</p><p>Now, consider the chord AC of the larger circle. The line segment OR is the radius of the smaller circle to the point of tangency R on AC.</p><p>Therefore, OR is perpendicular to the tangent AC (OR &perp; AC).</p><p>A perpendicular drawn from the center of a circle to a chord bisects the chord.</p><p>Since OR is perpendicular to the chord AC, R is the midpoint of AC.</p><p>Therefore, AR = RC = 5 cm.</p><p>The length of AC = AR + RC = 5 + 5 = 10 cm.</p>"
                    },
                    "question_type": "Very Short Answer (2 marks)",
                    "difficulty_level": "medium",
                    "explanation_html": null
                  }
                ]
              },
              {
                "chapter_name": "Surface Areas and Volumes",
                "questions": [
                  {
                    "question_no": 6,
                    "question_html": "<p>(a) The curved surface area of a right circular cylinder is 176 sq cm and its volume is 1232 cu cm. What is the height of the cylinder ?</p><p>OR</p><p>(b) The largest sphere is carved out of a solid cube of side 21 cm. Find the volume of the sphere.</p>",
                    "options": [],
                    "correct_answer": {
                      "text": "<p><b>Solution for part (a):</b></p><p>Curved Surface Area (CSA) of cylinder = 2&pi;rh = 176  .....(i)</p><p>Volume of cylinder = &pi;r<sup>2</sup>h = 1232  .....(ii)</p><p>Divide equation (ii) by equation (i):</p><p>(&pi;r<sup>2</sup>h) / (2&pi;rh) = 1232 / 176</p><p>r / 2 = 7</p><p>r = 14 cm.</p><p>Now substitute the value of r in equation (i):</p><p>2 &times; (22/7) &times; 14 &times; h = 176</p><p>2 &times; 22 &times; 2 &times; h = 176</p><p>88h = 176</p><p>h = 176 / 88 = 2 cm.</p><p>The height of the cylinder is 2 cm.</p><p><b>Solution for part (b):</b></p><p>The largest sphere that can be carved out of a cube will have its diameter equal to the side of the cube.</p><p>Side of the cube = 21 cm.</p><p>Diameter of the sphere = 21 cm.</p><p>Radius of the sphere (r) = 21 / 2 cm.</p><p>Volume of the sphere = (4/3)&pi;r<sup>3</sup></p><p>Volume = (4/3) &times; (22/7) &times; (21/2)<sup>3</sup></p><p>Volume = (4/3) &times; (22/7) &times; (21/2) &times; (21/2) &times; (21/2)</p><p>Volume = 11 &times; 21 &times; 21</p><p>Volume = 4851 cm<sup>3</sup>.</p>"
                    },
                    "question_type": "Very Short Answer (2 marks)",
                    "difficulty_level": "medium",
                    "explanation_html": null
                  }
                ]
              },
              {
                "chapter_name": "Circles",
                "questions": [
                  {
                    "question_no": 7,
                    "question_html": "<p>Construct a pair of tangents to a circle of radius 4 cm which are inclined to each other at an angle of 60&deg;.</p>",
                    "options": [],
                    "correct_answer": {
                      "text": "<p><b>Steps of Construction:</b></p><ol><li>Draw a circle with center O and radius 4 cm.</li><li>The angle between the tangents is 60&deg;. The angle between the radii drawn to the points of contact is supplementary to the angle between the tangents. So, the angle at the center is 180&deg; - 60&deg; = 120&deg;.</li><li>Draw any radius OA.</li><li>At the center O, construct an angle &ang;AOB = 120&deg;, where B is another point on the circle.</li><li>At point A, construct a line perpendicular to the radius OA. This line is the tangent at A.</li><li>At point B, construct a line perpendicular to the radius OB. This line is the tangent at B.</li><li>Let these two tangents intersect at a point P. PA and PB are the required tangents, and the angle between them, &ang;APB, is 60&deg;.</li></ol>"
                    },
                    "question_type": "Short Answer (3 marks)",
                    "difficulty_level": "medium",
                    "explanation_html": null
                  }
                ]
              },
              {
                "chapter_name": "Quadratic Equations",
                "questions": [
                  {
                    "question_no": 8,
                    "question_html": "<p>(a) Find the value of 'p' for which the quadratic equation p(x - 4)(x &minus; 2) + (x-1)<sup>2</sup> = 0 has real and equal roots.</p><p>OR</p><p>(b) Had Aarush scored 8 more marks in a Mathematics test, out of 35 marks, 7 times these marks would have been 4 less than square of his actual marks. How many marks did he get in the test?</p>",
                    "options": [],
                    "correct_answer": {
                      "text": "<p><b>Solution for part (a):</b></p><p>The given equation is p(x - 4)(x &minus; 2) + (x-1)<sup>2</sup> = 0.</p><p>p(x<sup>2</sup> - 6x + 8) + (x<sup>2</sup> - 2x + 1) = 0</p><p>px<sup>2</sup> - 6px + 8p + x<sup>2</sup> - 2x + 1 = 0</p><p>(p+1)x<sup>2</sup> - (6p+2)x + (8p+1) = 0</p><p>For real and equal roots, the discriminant (D) must be zero.</p><p>D = B<sup>2</sup> - 4AC = 0</p><p>Here, A = p+1, B = -(6p+2), C = 8p+1.</p><p>[-(6p+2)]<sup>2</sup> - 4(p+1)(8p+1) = 0</p><p>(6p+2)<sup>2</sup> - 4(8p<sup>2</sup> + 8p + p + 1) = 0</p><p>(36p<sup>2</sup> + 24p + 4) - 4(8p<sup>2</sup> + 9p + 1) = 0</p><p>36p<sup>2</sup> + 24p + 4 - 32p<sup>2</sup> - 36p - 4 = 0</p><p>4p<sup>2</sup> - 12p = 0</p><p>4p(p - 3) = 0</p><p>This gives p = 0 or p = 3.</p><p>If p=0, the equation becomes x<sup>2</sup>-2x+1=0, which has real and equal roots (x=1). If p=3, the equation becomes 4x<sup>2</sup>-20x+25=0, which also has real and equal roots (x=5/2). Both are valid solutions.</p><p><b>Solution for part (b):</b></p><p>Let Aarush's actual marks be x.</p><p>If he had scored 8 more marks, his marks would be x + 8.</p><p>According to the question:</p><p>7 times these new marks = (square of actual marks) - 4</p><p>7(x + 8) = x<sup>2</sup> - 4</p><p>7x + 56 = x<sup>2</sup> - 4</p><p>x<sup>2</sup> - 7x - 56 - 4 = 0</p><p>x<sup>2</sup> - 7x - 60 = 0</p><p>We factorize the quadratic equation:</p><p>x<sup>2</sup> - 12x + 5x - 60 = 0</p><p>x(x - 12) + 5(x - 12) = 0</p><p>(x - 12)(x + 5) = 0</p><p>This gives x = 12 or x = -5.</p><p>Since marks cannot be negative, we discard x = -5.</p><p>Aarush's actual marks are 12.</p>"
                    },
                    "question_type": "Short Answer (3 marks)",
                    "difficulty_level": "medium",
                    "explanation_html": null
                  }
                ]
              },
              {
                "chapter_name": "Some Applications of Trigonometry",
                "questions": [
                  {
                    "question_no": 9,
                    "question_html": "<p>An aeroplane when flying at a height of 3125 m from the ground passes vertically below another plane at an instant when the angles of elevation of the two planes from the same point on the ground are 30&deg; and 60&deg; respectively. Find the distance between the two planes at that instant.</p>",
                    "options": [],
                    "correct_answer": {
                      "text": "<p>Let the two planes be at positions C (lower plane) and D (higher plane). Let A be the point of observation on the ground. Let B be the point on the ground directly below the planes.</p><p>Height of the lower plane, BC = 3125 m.</p><p>Angle of elevation of plane C, &ang;BAC = 30&deg;.</p><p>Angle of elevation of plane D, &ang;BAD = 60&deg;.</p><p>We need to find the distance between the two planes, which is CD.</p><p>In the right-angled triangle &Delta;ABC:</p><p>tan 30&deg; = BC / AB</p><p>1/&radic;3 = 3125 / AB</p><p>AB = 3125&radic;3 m.</p><p>In the right-angled triangle &Delta;ABD:</p><p>tan 60&circ; = BD / AB</p><p>&radic;3 = (BC + CD) / AB</p><p>&radic;3 = (3125 + CD) / (3125&radic;3)</p><p>&radic;3 &times; 3125&radic;3 = 3125 + CD</p><p>3 &times; 3125 = 3125 + CD</p><p>9375 = 3125 + CD</p><p>CD = 9375 - 3125 = 6250 m.</p><p>The distance between the two planes is 6250 m.</p>"
                    },
                    "question_type": "Short Answer (3 marks)",
                    "difficulty_level": "hard",
                    "explanation_html": null
                  }
                ]
              },
              {
                "chapter_name": "Arithmetic Progressions",
                "questions": [
                  {
                    "question_no": 10,
                    "question_html": "<p>If the last term of an A.P. of 30 terms is 119 and the 8<sup>th</sup> term from the end (towards the first term) is 91, then find the common difference of the A.P. Hence, find the sum of all the terms of the A.P.</p>",
                    "options": [],
                    "correct_answer": {
                      "text": "<p>The AP has 30 terms (n = 30).</p><p>The last term is the 30<sup>th</sup> term, a<sub>30</sub> = 119.</p><p>a + (30-1)d = 119  &rArr;  a + 29d = 119  .....(i)</p><p>The 8<sup>th</sup> term from the end is the same as the (30 - 8 + 1) = 23<sup>rd</sup> term from the beginning.</p><p>So, a<sub>23</sub> = 91.</p><p>a + (23-1)d = 91  &rArr;  a + 22d = 91  .....(ii)</p><p>Subtract equation (ii) from equation (i):</p><p>(a + 29d) - (a + 22d) = 119 - 91</p><p>7d = 28</p><p>d = 4</p><p>The common difference is 4.</p><p>Now, substitute d=4 into equation (ii):</p><p>a + 22(4) = 91</p><p>a + 88 = 91</p><p>a = 3</p><p>The first term is 3.</p><p>The sum of all 30 terms is given by S<sub>n</sub> = n/2 (a + l), where l is the last term.</p><p>S<sub>30</sub> = 30/2 (a + a<sub>30</sub>)</p><p>S<sub>30</sub> = 15 (3 + 119)</p><p>S<sub>30</sub> = 15 (122)</p><p>S<sub>30</sub> = 1830</p><p>The sum of all the terms is 1830.</p>"
                    },
                    "question_type": "Short Answer (3 marks)",
                    "difficulty_level": "medium",
                    "explanation_html": null
                  }
                ]
              },
              {
                "chapter_name": "Circles",
                "questions": [
                  {
                    "question_no": 11,
                    "question_html": "<p>(a) In Fig.-2, if a circle touches the side QR of &Delta;PQR at S and extended sides PQ and PR at M and N, respectively, then prove that PM = 1/2 (PQ + QR + PR)</p><p>OR</p><p>(b) In Fig. 3, a triangle ABC is drawn to circumscribe a circle of radius 4 cm such that the segments BD and DC into which BC is divided by the point of contact D are of lengths 6 cm and 8 cm respectively. If the area of &Delta;ABC is 84 cm<sup>2</sup>, find the lengths of sides AB and AC.</p>",
                    "images": [
                      {
                        "url": "https://img.testbuddyai.com/Maths-30-4-22-Q11a.png"
                      },
                      {
                        "url": "https://img.testbuddyai.com/Maths-30-4-22-Q11b.png"
                      }
                    ],
                    "options": [],
                    "correct_answer": {
                      "text": "<p><b>Solution for part (a):</b></p><p>The lengths of tangents drawn from an external point to a circle are equal.</p><ul><li>From point P: PM = PN</li><li>From point Q: QM = QS</li><li>From point R: RN = RS</li></ul><p>The perimeter of &Delta;PQR = PQ + QR + PR.</p><p>QR can be written as QS + SR.</p><p>Perimeter = PQ + (QS + SR) + PR</p><p>Substitute QS = QM and SR = RN:</p><p>Perimeter = PQ + QM + RN + PR</p><p>Perimeter = (PQ + QM) + (PR + RN)</p><p>Since PQ + QM = PM and PR + RN = PN:</p><p>Perimeter = PM + PN</p><p>We also know that PM = PN.</p><p>Perimeter = PM + PM = 2PM</p><p>2PM = PQ + QR + PR</p><p>PM = 1/2 (PQ + QR + PR). Hence proved.</p><p><b>Solution for part (b):</b></p><p>Let the points of contact on sides AB and AC be F and E respectively.</p><p>Tangents from an external point are equal:</p><ul><li>From B: BF = BD = 6 cm</li><li>From C: CE = CD = 8 cm</li><li>From A: AF = AE = x cm (let)</li></ul><p>The lengths of the sides of the triangle are:</p><ul><li>AB = AF + FB = x + 6</li><li>AC = AE + EC = x + 8</li><li>BC = BD + DC = 6 + 8 = 14</li></ul><p>The semi-perimeter (s) of &Delta;ABC = (AB + AC + BC) / 2</p><p>s = (x+6 + x+8 + 14) / 2 = (2x + 28) / 2 = x + 14.</p><p>The area of &Delta;ABC can also be calculated using Heron's formula or by dividing it into three smaller triangles: &Delta;OAB, &Delta;OBC, &Delta;OAC.</p><p>Area(&Delta;ABC) = Area(&Delta;OAB) + Area(&Delta;OBC) + Area(&Delta;OAC)</p><p>Area(&Delta;ABC) = (1/2 &times; AB &times; OF) + (1/2 &times; BC &times; OD) + (1/2 &times; AC &times; OE)</p><p>The radius (r = OF = OD = OE) is 4 cm.</p><p>84 = (1/2 &times; (x+6) &times; 4) + (1/2 &times; 14 &times; 4) + (1/2 &times; (x+8) &times; 4)</p><p>84 = 2(x+6) + 2(14) + 2(x+8)</p><p>84 = 2x + 12 + 28 + 2x + 16</p><p>84 = 4x + 56</p><p>84 - 56 = 4x</p><p>28 = 4x</p><p>x = 7</p><p>Now find the lengths of the sides:</p><p>AB = x + 6 = 7 + 6 = 13 cm.</p><p>AC = x + 8 = 7 + 8 = 15 cm.</p>"
                    },
                    "question_type": "Long Answer (5 marks)",
                    "difficulty_level": "hard",
                    "explanation_html": null
                  }
                ]
              },
              {
                "chapter_name": "Some Applications of Trigonometry",
                "questions": [
                  {
                    "question_no": 12,
                    "question_html": "<p>From the top of an 8 m high building, the angle of elevation of the top of a cable tower is 60&deg; and the angle of depression of its foot is 45&deg;. Determine the height of the tower. (Take &radic;3= 1.732).</p>",
                    "options": [],
                    "correct_answer": {
                      "text": "<p>Let AB be the building of height 8 m. Let CD be the cable tower of height h.</p><p>From the top of the building A, draw a horizontal line AE parallel to the ground BD.</p><p>Height of building, AB = 8 m. So, ED = 8 m.</p><p>Angle of elevation of the top of the tower C from A is &ang;CAE = 60&deg;.</p><p>Angle of depression of the foot of the tower D from A is &ang;EAD = 45&deg;.</p><p>Since AE || BD, &ang;ADB = &ang;EAD = 45&deg; (alternate interior angles).</p><p>In the right-angled triangle &Delta;ABD:</p><p>tan 45&deg; = AB / BD</p><p>1 = 8 / BD</p><p>BD = 8 m.</p><p>Since ABDE is a rectangle, AE = BD = 8 m.</p><p>Now, in the right-angled triangle &Delta;AEC:</p><p>tan 60&circ; = CE / AE</p><p>&radic;3 = CE / 8</p><p>CE = 8&radic;3 m.</p><p>The height of the tower is CD = CE + ED.</p><p>h = 8&radic;3 + 8</p><p>h = 8(&radic;3 + 1)</p><p>Using &radic;3 = 1.732:</p><p>h = 8(1.732 + 1)</p><p>h = 8(2.732)</p><p>h = 21.856 m.</p><p>The height of the tower is 21.856 meters.</p>"
                    },
                    "question_type": "Long Answer (5 marks)",
                    "difficulty_level": "hard",
                    "explanation_html": null
                  }
                ]
              },
              {
                "chapter_name": "Statistics",
                "questions": [
                  {
                    "question_no": 13,
                    "question_html": "<p><b>Case Study – 1</b></p><p>To promote Yoga, Green park society in Pune organised a 7-day Yoga camp. The number of people of different age groups is:</p><table border='1' style='width:100%; text-align:center;'><tbody><tr><td>Age Group</td><td>15-25</td><td>25-35</td><td>35-45</td><td>45-55</td><td>55-65</td><td>65-75</td><td>75-85</td></tr><tr><td>No. of People</td><td>8</td><td>10</td><td>15</td><td>25</td><td>40</td><td>24</td><td>18</td></tr></tbody></table><p>(a) Find the median age.</p><p>(b) If x more people of age group 65–75 had enrolled, the mean age would have been 58. Find x.</p>",
                    "images": [
                      {
                        "url": "https://img.testbuddyai.com/Maths-30-4-22-Q13.png"
                      }
                    ],
                    "options": [],
                    "correct_answer": {
                      "text": "<p><b>(a) Median</b></p><p>Cumulative frequency table:</p><table border='1' style='width:100%; text-align:center;'><tbody><tr><td>Age Group</td><td>f</td><td>cf</td></tr><tr><td>15-25</td><td>8</td><td>8</td></tr><tr><td>25-35</td><td>10</td><td>18</td></tr><tr><td>35-45</td><td>15</td><td>33</td></tr><tr><td>45-55</td><td>25</td><td>58</td></tr><tr><td>55-65</td><td>40</td><td>98</td></tr><tr><td>65-75</td><td>24</td><td>122</td></tr><tr><td>75-85</td><td>18</td><td>140</td></tr></tbody></table><p>Total N = 140, N/2 = 70.</p><p>Median class = 55–65.</p><p>l = 55, cf = 58, f = 40, h = 10.</p><p>Median = l + [(N/2 − cf)/f] × h = 55 + [(70 − 58)/40] × 10 = 58 years.</p><p><b>(b) Mean = 58</b></p><p>Class marks and Σfx:</p><table border='1' style='width:100%; text-align:center;'><tbody><tr><td>Age Group</td><td>f</td><td>x</td><td>fx</td></tr><tr><td>15-25</td><td>8</td><td>20</td><td>160</td></tr><tr><td>25-35</td><td>10</td><td>30</td><td>300</td></tr><tr><td>35-45</td><td>15</td><td>40</td><td>600</td></tr><tr><td>45-55</td><td>25</td><td>50</td><td>1250</td></tr><tr><td>55-65</td><td>40</td><td>60</td><td>2400</td></tr><tr><td>65-75</td><td>24</td><td>70</td><td>1680</td></tr><tr><td>75-85</td><td>18</td><td>80</td><td>1440</td></tr><tr><td>Total</td><td>140</td><td></td><td>7830</td></tr></tbody></table><p>New Σf = 140 + x, New Σfx = 7830 + 70x.</p><p>Given mean = 58:</p><p>58(140 + x) = 7830 + 70x</p><p>8120 + 58x = 7830 + 70x</p><p>290 = 12x</p><p>x = 145/6 ≈ 24.</p><p><b>Final Answer:</b> Median = 58 years; x ≈ 24.</p>"
                    },
                    "question_type": "Case-based Subjective",
                    "difficulty_level": "hard",
                    "explanation_html": "<p>Median is found using cumulative frequency and median formula. Mean equation is formed using class marks and solved for x.</p>"
                  }
                ]
              },
              {
                "chapter_name": "Surface Areas and Volumes",
                "questions": [
                  {
                    "question_no": 14,
                    "question_html": "<p><b>Case Study &ndash; 2</b></p><p>The internal radius of hemispherical bowl (filled completely with water) in I is 9 cm and radius and height of cylindrical jar in II is 1.5 cm and 4 cm respectively. If the hemispherical bowl is to be emptied in cylindrical jars, then how many cylindrical jars are required?</p><p>(b) If in the cylindrical jar full of water, a conical funnel of same height and same diameter is immersed, then how much water will flow out of the jar ?</p>",
                    "images": [
                      {
                        "url": "https://img.testbuddyai.com/Maths-30-4-22-Q14.png"
                      }
                    ],
                    "options": [],
                    "correct_answer": {
                      "text": "<p><b>(a) Number of cylindrical jars required</b></p><p>Volume of water in the hemispherical bowl:</p><p>Radius of hemisphere (R) = 9 cm.</p><p>Volume = (2/3)&pi;R<sup>3</sup> = (2/3)&pi;(9)<sup>3</sup> = (2/3)&pi;(729) = 486&pi; cm<sup>3</sup>.</p><p>Volume of one cylindrical jar:</p><p>Radius of cylinder (r) = 1.5 cm</p><p>Height of cylinder (h) = 4 cm</p><p>Volume = &pi;r<sup>2</sup>h = &pi;(1.5)<sup>2</sup>(4) = &pi;(2.25)(4) = 9&pi; cm<sup>3</sup>.</p><p>Number of jars required (n) = (Volume of bowl) / (Volume of one jar)</p><p>n = (486&pi;) / (9&pi;)</p><p>n = 54.</p><p>So, 54 cylindrical jars are required.</p><p><b>(b) Water that will flow out</b></p><p>A conical funnel of the same height and same diameter as the cylindrical jar is immersed in it.</p><p>The volume of water that flows out will be equal to the volume of the conical funnel.</p><p>Dimensions of the conical funnel:</p><p>Height (h) = 4 cm (same as cylinder)</p><p>Diameter = 2 &times; 1.5 = 3 cm, so Radius (r) = 1.5 cm (same as cylinder)</p><p>Volume of the conical funnel = (1/3)&pi;r<sup>2</sup>h</p><p>Volume = (1/3) &times; &pi; &times; (1.5)<sup>2</sup> &times; 4</p><p>Volume = (1/3) &times; (Volume of the cylindrical jar)</p><p>Volume = (1/3) &times; 9&pi; = 3&pi; cm<sup>3</sup>.</p><p>Using &pi; = 22/7:</p><p>Volume = 3 &times; (22/7) = 66/7 cm<sup>3</sup>.</p><p>The amount of water that will flow out is 66/7 cm<sup>3</sup> or approximately 9.43 cm<sup>3</sup>.</p>"
                    },
                    "question_type": "Case-based Subjective",
                    "difficulty_level": "hard",
                    "explanation_html": null
                  }
                ]
              }
            ]
          }
        ]
      }
    ]
  }
]