[
  {
    "exam_name_actual": "CBSE Board - Class 10",
    "main_exam_id_name_ref": "CBSE Board - Class 10",
    "years": [
      {
        "year": "2023",
        "papers_or_subjects": [
          {
            "paper_name": "CBSE Class 10 Social Studies Paper 2023 (QP Code: 32/2/1)",
            "subject_name": "Social Studies",
            "chapters": [
              {
                "chapter_name": "The Rise of Nationalism in Europe",
                "questions": [
                  {
                    "question_no": 1,
                    "question_html": "<p>Which one of the following ideologies were the European Governments driven by after the defeat of Napoleon in 1815 ?</p>",
                    "options": [
                      {
                        "id": "a",
                        "text": "Socialism"
                      },
                      {
                        "id": "b",
                        "text": "Conservatism"
                      },
                      {
                        "id": "c",
                        "text": "Liberalism"
                      },
                      {
                        "id": "d",
                        "text": "Romanticism"
                      }
                    ],
                    "correct_answer": {
                      "ids": [
                        "b"
                      ]
                    },
                    "question_type": "mcq_single",
                    "difficulty_level": "easy",
                    "explanation_html": "<p>After the defeat of Napoleon in 1815, European governments were driven by a spirit of conservatism. Conservatives believed in established, traditional institutions of state and society &ndash; like the monarchy, the Church, social hierarchies, property and the family &ndash; should be preserved.</p>"
                  }
                ]
              },
              {
                "chapter_name": "The Making of a Global World",
                "questions": [
                  {
                    "question_no": 2,
                    "question_html": "<p>Choose the correct option from the following regarding Central Powers in the First World War :</p>",
                    "options": [
                      {
                        "id": "a",
                        "text": "Germany, Austria-Hungary and Ottoman Turkey"
                      },
                      {
                        "id": "b",
                        "text": "Britain, France and Russia"
                      },
                      {
                        "id": "c",
                        "text": "Italy, Japan and Russia"
                      },
                      {
                        "id": "d",
                        "text": "France, Austria-Hungary and China"
                      }
                    ],
                    "correct_answer": {
                      "ids": [
                        "a"
                      ]
                    },
                    "question_type": "mcq_single",
                    "difficulty_level": "easy",
                    "explanation_html": "<p>The First World War (1914-18) was fought between two power blocs. On one side were the Allies &ndash; Britain, France and Russia (later joined by the US); and on the opposite side were the Central Powers &ndash; Germany, Austria-Hungary and Ottoman Turkey.</p>"
                  }
                ]
              },
              {
                "chapter_name": "The Making of a Global World",
                "questions": [
                  {
                    "question_no": 3,
                    "question_html": "<p>In which one of the following countries was 'mass production' an important feature in the 1920s ?</p>",
                    "options": [
                      {
                        "id": "a",
                        "text": "United States of America"
                      },
                      {
                        "id": "b",
                        "text": "Poland"
                      },
                      {
                        "id": "c",
                        "text": "France"
                      },
                      {
                        "id": "d",
                        "text": "Japan"
                      }
                    ],
                    "correct_answer": {
                      "ids": [
                        "a"
                      ]
                    },
                    "question_type": "mcq_single",
                    "difficulty_level": "easy",
                    "explanation_html": "<p>One important feature of the US economy in the 1920s was mass production. The move towards mass production had begun in the late nineteenth century, but in the 1920s it became the characteristic feature of industrial production in the US. A well-known pioneer of mass production was the car manufacturer Henry Ford.</p>"
                  }
                ]
              },
              {
                "chapter_name": "Print Culture and the Modern World",
                "questions": [
                  {
                    "question_no": 4,
                    "question_html": "<p>Who among the following is the writer of &lsquo;Gulamgiri&rsquo;?</p>",
                    "images": [
                      {
                        "url": "https://img.testbuddyai.com/SocialScience-32-2-23-Q4.png"
                      }
                    ],
                    "options": [
                      {
                        "id": "a",
                        "text": "Dr. B.R. Ambedkar"
                      },
                      {
                        "id": "b",
                        "text": "E.V. Periyar"
                      },
                      {
                        "id": "c",
                        "text": "Jyotiba Phule"
                      },
                      {
                        "id": "d",
                        "text": "Ram Mohan Roy"
                      }
                    ],
                    "correct_answer": {
                      "ids": [
                        "c"
                      ]
                    },
                    "question_type": "mcq_single",
                    "difficulty_level": "medium",
                    "explanation_html": "<p>Jyotiba Phule, the Maratha pioneer of &lsquo;low caste&rsquo; protest movements, wrote about the injustices of the caste system in his book Gulamgiri (1871).</p>"
                  }
                ]
              },
              {
                "chapter_name": "Resources and Development",
                "questions": [
                  {
                    "question_no": 5,
                    "question_html": "<p>Which one of the following soils develops in an area with high temperature and heavy rainfall ?</p>",
                    "options": [
                      {
                        "id": "a",
                        "text": "Red and Yellow"
                      },
                      {
                        "id": "b",
                        "text": "Black"
                      },
                      {
                        "id": "c",
                        "text": "Alluvial"
                      },
                      {
                        "id": "d",
                        "text": "Laterite"
                      }
                    ],
                    "correct_answer": {
                      "ids": [
                        "d"
                      ]
                    },
                    "question_type": "mcq_single",
                    "difficulty_level": "easy",
                    "explanation_html": "<p>Laterite soil develops in areas with high temperature and heavy rainfall. This is the result of intense leaching due to heavy rain.</p>"
                  }
                ]
              },
              {
                "chapter_name": "Manufacturing Industries",
                "questions": [
                  {
                    "question_no": 6,
                    "question_html": "<p>There are two statements given as Assertion (A) and Reason (R). Read both the statements and choose the correct option.<br><strong>Assertion (A) :</strong> Agriculture and industry move hand in hand.<br><strong>Reason (R) :</strong> Industrial development is a precondition for eradication of unemployment and poverty from the country.</p>",
                    "options": [
                      {
                        "id": "a",
                        "text": "Both Assertion (A) and Reason (R) are true and Reason (R) is the correct explanation of the Assertion (A)."
                      },
                      {
                        "id": "b",
                        "text": "Both Assertion (A) and Reason (R) are true, but Reason (R) is not the correct explanation of the Assertion (A)."
                      },
                      {
                        "id": "c",
                        "text": "Assertion (A) is true, but Reason (R) is false."
                      },
                      {
                        "id": "d",
                        "text": "Assertion (A) is false, but Reason (R) is true."
                      }
                    ],
                    "correct_answer": {
                      "ids": [
                        "b"
                      ]
                    },
                    "question_type": "mcq_single",
                    "difficulty_level": "medium",
                    "explanation_html": "<p>Both statements are true. Agriculture and industry are complementary. Industries depend on agriculture for raw materials, and they sell their products such as irrigation pumps, fertilizers, etc., to farmers. Industrial development is essential for reducing unemployment and poverty. However, the reason (R) does not directly explain why agriculture and industry move hand in hand (A). It states a general benefit of industrialization.</p>"
                  }
                ]
              },
              {
                "chapter_name": "Lifelines of National Economy",
                "questions": [
                  {
                    "question_no": 7,
                    "question_html": "<p>Match Column I with Column II and choose the correct option.</p>\n<table border='1'>\n<tr><td><b>Column I (Port)</b></td><td><b>Column II (Type)</b></td></tr>\n<tr><td>i. Kandla</td><td>1. Riverine port</td></tr>\n<tr><td>ii. Mumbai</td><td>2. Deepest landlocked port</td></tr>\n<tr><td>iii. Visakhapatnam</td><td>3. Biggest port</td></tr>\n<tr><td>iv. Kolkata</td><td>4. Port developed after independence</td></tr>\n</table>",
                    "options": [
                      {
                        "id": "a",
                        "text": "i &ndash; 4, ii &ndash; 3, iii &ndash; 2, iv &ndash; 1"
                      },
                      {
                        "id": "b",
                        "text": "i &ndash; 2, ii &ndash; 1, iii &ndash; 3, iv &ndash; 4"
                      },
                      {
                        "id": "c",
                        "text": "i &ndash; 2, ii &ndash; 4, iii &ndash; 1, iv &ndash; 3"
                      },
                      {
                        "id": "d",
                        "text": "i &ndash; 1, ii &ndash; 2, iii &ndash; 4, iv &ndash; 3"
                      }
                    ],
                    "correct_answer": {
                      "ids": [
                        "a"
                      ]
                    },
                    "question_type": "mcq_single",
                    "difficulty_level": "medium",
                    "explanation_html": "<p>The correct matches are:<br>\n- Kandla in Kuchchh was the first port developed soon after Independence to ease the volume of trade on the Mumbai port.<br>\n- Mumbai is the biggest port with a spacious natural and well-sheltered harbour.<br>\n- Visakhapatnam is the deepest landlocked and well-protected port.<br>\n- Kolkata is an inland riverine port.</p>"
                  }
                ]
              },
              {
                "chapter_name": "Power Sharing",
                "questions": [
                  {
                    "question_no": 8,
                    "question_html": "<p>There are two statements given as Assertion (A) and Reason (R). Read both the statements and choose the correct option.<br><strong>Assertion (A) :</strong> Belgium amended their constitution four times.<br><strong>Reason (R) :</strong> Amendments were to enable everyone to live together in the same country.</p>",
                    "options": [
                      {
                        "id": "a",
                        "text": "Both Assertion (A) and Reason (R) are true and Reason (R) is the correct explanation of the Assertion (A)."
                      },
                      {
                        "id": "b",
                        "text": "Both Assertion (A) and Reason (R) are true, but Reason (R) is not the correct explanation of the Assertion (A)."
                      },
                      {
                        "id": "c",
                        "text": "Assertion (A) is true, but Reason (R) is false."
                      },
                      {
                        "id": "d",
                        "text": "Assertion (A) is false, but Reason (R) is true."
                      }
                    ],
                    "correct_answer": {
                      "ids": [
                        "a"
                      ]
                    },
                    "question_type": "mcq_single",
                    "difficulty_level": "easy",
                    "explanation_html": "<p>Between 1970 and 1993, the Belgian constitution was amended four times. The purpose of these amendments was to work out an arrangement that would enable everyone, including the French-speaking and Dutch-speaking communities, to live together peacefully within the same country. Thus, both the assertion and the reason are correct, and the reason correctly explains the assertion.</p>"
                  }
                ]
              },
              {
                "chapter_name": "Federalism",
                "questions": [
                  {
                    "question_no": 9,
                    "question_html": "<p>Which one of the following is an example of 'coming together federation'?</p>",
                    "options": [
                      {
                        "id": "a",
                        "text": "India"
                      },
                      {
                        "id": "b",
                        "text": "USA"
                      },
                      {
                        "id": "c",
                        "text": "Belgium"
                      },
                      {
                        "id": "d",
                        "text": "Spain"
                      }
                    ],
                    "correct_answer": {
                      "ids": [
                        "b"
                      ]
                    },
                    "question_type": "mcq_single",
                    "difficulty_level": "easy",
                    "explanation_html": "<p>'Coming together' federations involve independent states coming together on their own to form a bigger unit, so that by pooling sovereignty and retaining identity they can increase their security. This route was adopted by the USA, Switzerland and Australia.</p>"
                  }
                ]
              },
              {
                "chapter_name": "Federalism",
                "questions": [
                  {
                    "question_no": 10,
                    "question_html": "<p>Match Column I with Column II and choose the correct option.</p>\n<table border='1'>\n<tr><td><b>Column I</b></td><td><b>Column II</b></td></tr>\n<tr><td>i. Union List</td><td>1. Agriculture</td></tr>\n<tr><td>ii. State List</td><td>2. Computer Software</td></tr>\n<tr><td>iii. Concurrent List</td><td>3. Banking</td></tr>\n<tr><td>iv. Residuary Subjects</td><td>4. Education</td></tr>\n</table>",
                    "options": [
                      {
                        "id": "a",
                        "text": "i &ndash; 3, ii &ndash; 1, iii &ndash; 4, iv &ndash; 2"
                      },
                      {
                        "id": "b",
                        "text": "i &ndash; 4, ii &ndash; 3, iii &ndash; 2, iv &ndash; 1"
                      },
                      {
                        "id": "c",
                        "text": "i &ndash; 2, ii &ndash; 4, iii &ndash; 3, iv &ndash; 1"
                      },
                      {
                        "id": "d",
                        "text": "i &ndash; 1, ii &ndash; 2, iii &ndash; 3, iv &ndash; 4"
                      }
                    ],
                    "correct_answer": {
                      "ids": [
                        "a"
                      ]
                    },
                    "question_type": "mcq_single",
                    "difficulty_level": "medium",
                    "explanation_html": "<p>The correct matches are:<br>\n- <strong>Union List:</strong> Includes subjects of national importance such as defence, foreign affairs, banking, communications and currency. (i-3)<br>\n- <strong>State List:</strong> Contains subjects of State and local importance such as police, trade, commerce, agriculture and irrigation. (ii-1)<br>\n- <strong>Concurrent List:</strong> Includes subjects of common interest to both the Union Government as well as the State Governments, such as education, forest, trade unions, marriage, adoption and succession. (iii-4)<br>\n- <strong>Residuary Subjects:</strong> Subjects that do not fall in any of the three lists, like computer software, came up after the constitution was made. The Union Government has the power to legislate on these subjects. (iv-2)</p>"
                  }
                ]
              },
              {
                "chapter_name": "Gender, Religion and Caste",
                "questions": [
                  {
                    "question_no": 11,
                    "question_html": "<p>In which one of the following regions is the participation of women in public life the highest ?</p>",
                    "options": [
                      {
                        "id": "a",
                        "text": "Nordic countries"
                      },
                      {
                        "id": "b",
                        "text": "Arab states"
                      },
                      {
                        "id": "c",
                        "text": "European countries"
                      },
                      {
                        "id": "d",
                        "text": "Asian countries"
                      }
                    ],
                    "correct_answer": {
                      "ids": [
                        "a"
                      ]
                    },
                    "question_type": "mcq_single",
                    "difficulty_level": "easy",
                    "explanation_html": "<p>The participation of women in public life is particularly high in the Nordic countries such as Sweden, Norway and Finland. This is due to a long history of social movements and government policies aimed at promoting gender equality.</p>"
                  }
                ]
              },
              {
                "chapter_name": "Political Parties",
                "questions": [
                  {
                    "question_no": 12,
                    "question_html": "<p>Which of the following States is ruled by a regional party ?</p>",
                    "options": [
                      {
                        "id": "a",
                        "text": "Haryana"
                      },
                      {
                        "id": "b",
                        "text": "Madhya Pradesh"
                      },
                      {
                        "id": "c",
                        "text": "Odisha"
                      },
                      {
                        "id": "d",
                        "text": "Rajasthan"
                      }
                    ],
                    "correct_answer": {
                      "ids": [
                        "c"
                      ]
                    },
                    "question_type": "mcq_single",
                    "difficulty_level": "medium",
                    "explanation_html": "<p>As of the time of this exam (2023), Odisha is ruled by the Biju Janata Dal (BJD), which is a regional party. The other states listed are typically governed by national parties like the BJP or the Indian National Congress.</p>"
                  }
                ]
              },
              {
                "chapter_name": "Political Parties",
                "questions": [
                  {
                    "question_no": 13,
                    "question_html": "<p>Which one of the following countries adopted multi-party system ?</p>",
                    "options": [
                      {
                        "id": "a",
                        "text": "USA"
                      },
                      {
                        "id": "b",
                        "text": "India"
                      },
                      {
                        "id": "c",
                        "text": "China"
                      },
                      {
                        "id": "d",
                        "text": "United Kingdom"
                      }
                    ],
                    "correct_answer": {
                      "ids": [
                        "b"
                      ]
                    },
                    "question_type": "mcq_single",
                    "difficulty_level": "easy",
                    "explanation_html": "<p>India has a multi-party system where several parties compete for power, and more than two parties have a reasonable chance of coming to power. The USA and UK have two-party systems, while China has a one-party system.</p>"
                  }
                ]
              },
              {
                "chapter_name": "Development",
                "questions": [
                  {
                    "question_no": 14,
                    "question_html": "<p>Choose the correct option to fill in the blank.<br>For comparing countries, their __________ is considered to be one of the most important attributes by the World Bank.</p>",
                    "options": [
                      {
                        "id": "a",
                        "text": "Education"
                      },
                      {
                        "id": "b",
                        "text": "Income"
                      },
                      {
                        "id": "c",
                        "text": "Health Status"
                      },
                      {
                        "id": "d",
                        "text": "Living Standard"
                      }
                    ],
                    "correct_answer": {
                      "ids": [
                        "b"
                      ]
                    },
                    "question_type": "mcq_single",
                    "difficulty_level": "easy",
                    "explanation_html": "<p>For comparing countries, their income is considered to be one of the most important attributes. The World Bank uses per capita income as the main criterion in classifying different countries in its World Development Reports.</p>"
                  }
                ]
              },
              {
                "chapter_name": "Development",
                "questions": [
                  {
                    "question_no": 15,
                    "question_html": "<p>Study the given table and answer the question that follows :</p>\n<table border='1'>\n<caption>Some data regarding India and its Neighbours for 2019</caption>\n<tr><th>Country</th><th>Gross National Income (GNI) per capita (2011 PPP $)</th><th>Life Expectancy at birth</th><th>Mean Years of Schooling of People aged 25 and above</th><th>HDI Rank in the world (2018)</th></tr>\n<tr><td>Sri Lanka</td><td>12,707</td><td>77</td><td>10.6</td><td>73</td></tr>\n<tr><td>India</td><td>6,681</td><td>69.7</td><td>6.5</td><td>130</td></tr>\n<tr><td>Myanmar</td><td>4,961</td><td>67.1</td><td>5.0</td><td>148</td></tr>\n<tr><td>Pakistan</td><td>5,005</td><td>67.3</td><td>5.2</td><td>154</td></tr>\n<tr><td>Nepal</td><td>3,457</td><td>70.8</td><td>5.0</td><td>143</td></tr>\n<tr><td>Bangladesh</td><td>4,976</td><td>72.6</td><td>6.2</td><td>134</td></tr>\n</table>\n<p>Which of the following countries has the highest level of 'Human Development Index (HDI)' ?</p>",
                    "options": [
                      {
                        "id": "a",
                        "text": "India"
                      },
                      {
                        "id": "b",
                        "text": "Bangladesh"
                      },
                      {
                        "id": "c",
                        "text": "Sri Lanka"
                      },
                      {
                        "id": "d",
                        "text": "Nepal"
                      }
                    ],
                    "correct_answer": {
                      "ids": [
                        "c"
                      ]
                    },
                    "question_type": "mcq_single",
                    "difficulty_level": "easy",
                    "explanation_html": "<p>The Human Development Index (HDI) rank indicates the level of development. A lower rank number signifies a higher level of human development. According to the table, Sri Lanka has an HDI rank of 73, which is the lowest (and therefore the highest level of development) among the countries listed in the options.</p>"
                  }
                ]
              },
              {
                "chapter_name": "Sectors of the Indian Economy",
                "questions": [
                  {
                    "question_no": 16,
                    "question_html": "<p>Natural products being changed into other forms is known as :</p>",
                    "options": [
                      {
                        "id": "a",
                        "text": "Primary product"
                      },
                      {
                        "id": "b",
                        "text": "Secondary product"
                      },
                      {
                        "id": "c",
                        "text": "Tertiary product"
                      },
                      {
                        "id": "d",
                        "text": "Quarternary product"
                      }
                    ],
                    "correct_answer": {
                      "ids": [
                        "b"
                      ]
                    },
                    "question_type": "mcq_single",
                    "difficulty_level": "easy",
                    "explanation_html": "<p>The secondary sector covers activities in which natural products (from the primary sector) are changed into other forms through ways of manufacturing that we associate with industrial activity. The product is not produced by nature but has to be made and therefore some process of manufacturing is essential. This product is also known as a secondary product.</p>"
                  }
                ]
              },
              {
                "chapter_name": "Sectors of the Indian Economy",
                "questions": [
                  {
                    "question_no": 17,
                    "question_html": "<p>Which one of the following is a feature of the unorganized sector ?</p>",
                    "options": [
                      {
                        "id": "a",
                        "text": "Terms of employment are regular."
                      },
                      {
                        "id": "b",
                        "text": "People have assured work."
                      },
                      {
                        "id": "c",
                        "text": "They have some formal processes and procedures."
                      },
                      {
                        "id": "d",
                        "text": "There are rules and regulations but not followed."
                      }
                    ],
                    "correct_answer": {
                      "ids": [
                        "d"
                      ]
                    },
                    "question_type": "mcq_single",
                    "difficulty_level": "easy",
                    "explanation_html": "<p>The unorganized sector is characterized by small and scattered units which are largely outside the control of the government. There are rules and regulations but these are not followed. Jobs here are low-paid and often not regular. There is no provision for overtime, paid leave, holidays, leave due to sickness etc.</p>"
                  }
                ]
              },
              {
                "chapter_name": "Money and Credit",
                "questions": [
                  {
                    "question_no": 18,
                    "question_html": "<p>Which one of the following is the modern form of currency ?</p>",
                    "options": [
                      {
                        "id": "a",
                        "text": "Paper notes"
                      },
                      {
                        "id": "b",
                        "text": "Gold coins"
                      },
                      {
                        "id": "c",
                        "text": "Silver coins"
                      },
                      {
                        "id": "d",
                        "text": "Copper coins"
                      }
                    ],
                    "correct_answer": {
                      "ids": [
                        "a"
                      ]
                    },
                    "question_type": "mcq_single",
                    "difficulty_level": "easy",
                    "explanation_html": "<p>Modern forms of money include currency &ndash; paper notes and coins. Unlike the things that were used as money earlier (like grains and cattle), modern currency is not made of precious metal such as gold, silver, and copper.</p>"
                  }
                ]
              },
              {
                "chapter_name": "Money and Credit",
                "questions": [
                  {
                    "question_no": 19,
                    "question_html": "<p>Which one of the following categories of urban households take the highest percentage of loan from the formal sector ?</p>",
                    "options": [
                      {
                        "id": "a",
                        "text": "Poor households"
                      },
                      {
                        "id": "b",
                        "text": "Households with few assets"
                      },
                      {
                        "id": "c",
                        "text": "Well-off households"
                      },
                      {
                        "id": "d",
                        "text": "Rich households"
                      }
                    ],
                    "correct_answer": {
                      "ids": [
                        "d"
                      ]
                    },
                    "question_type": "mcq_single",
                    "difficulty_level": "medium",
                    "explanation_html": "<p>Formal sector loans require proper documents and collateral, which are more readily available to rich households. Poor households have less access to the formal sector and often depend on informal sources. Therefore, rich urban households take the highest percentage of their loans from formal sources like banks.</p>"
                  }
                ]
              },
              {
                "chapter_name": "Globalization and the Indian Economy",
                "questions": [
                  {
                    "question_no": 20,
                    "question_html": "<p>Which one of the following is a challenge of Globalisation ?</p>",
                    "options": [
                      {
                        "id": "a",
                        "text": "Access to New Markets"
                      },
                      {
                        "id": "b",
                        "text": "Access to New Talent"
                      },
                      {
                        "id": "c",
                        "text": "International Recruitment"
                      },
                      {
                        "id": "d",
                        "text": "Disproportionate Growth"
                      }
                    ],
                    "correct_answer": {
                      "ids": [
                        "d"
                      ]
                    },
                    "question_type": "mcq_single",
                    "difficulty_level": "medium",
                    "explanation_html": "<p>While globalisation has many benefits like access to new markets and talent, a significant challenge is that its benefits have not been shared equally. Well-off consumers and skilled producers have benefited, but many small producers and workers have suffered due to competition. This leads to disproportionate growth, where the gap between the rich and the poor widens.</p>"
                  }
                ]
              },
              {
                "chapter_name": "The Rise of Nationalism in Europe",
                "questions": [
                  {
                    "question_no": "21",
                    "question_html": "<p><b>(a)</b> Analyse the role of Chief Minister Cavour who led the movement to unite the regions of Italy.</p><p><b>(b)</b> OR<br>Examine the ideas of liberal nationalism in Europe during the nineteenth century.</p>",
                    "options": [],
                    "correct_answer": {
                      "text": "<p><b>(a)</b><br>(i) Chief Minister Cavour who led the movement to unify the regions of Italy was neither a revolutionary nor a democrat.<br>(ii) Like many other wealthy and educated members of the Italian elite, he spoke French much better that he did Italian.<br>(iii) Through a tactful diplomatic alliance with France engineered by Cavour, Sardinia - Piedmont succeeded in defeating the Austrian forces in 1859.<br>(iv) Any other point.</p><p><b>(b)</b><br>(i) For the new middle classes liberalism stood for the freedom for the individual and equality of all before law.<br>(ii) Politically it emphasised the government by consent.<br>(iii) Liberals also stressed the inviolability of private property.<br>(iv) In the economic sphere, liberalism stood for the freedom of market and abolition of state imposed restrictions on the movement of goods and capital.<br>(v) Any other relevant point</p>"
                    },
                    "question_type": "Very Short Answer (2 marks)",
                    "difficulty_level": "medium",
                    "explanation_html": null
                  }
                ]
              },
              {
                "chapter_name": "Forest and Wildlife Resources",
                "questions": [
                  {
                    "question_no": 22,
                    "question_html": "<p>Suggest any two ways to conserve wildlife in India.</p>",
                    "options": [],
                    "correct_answer": {
                      "text": "<p>(i) Wildlife (Protection) Act was implemented in 1972 with various provisions for protecting habitat. (Ban on hunting, poaching, encroachment, legal protection to wildlife habitat, restricting trade in wildlife, established national parks and wildlife sanctuaries, initiated various projects)<br>(ii) Organize wildlife club/ nature clubs to create awareness among people.<br>(iii) Enabling wildlife conservation-friendly community empowerment.<br>(iv) Introducing afforestation programs.<br>(v) Controlling forest fire.<br>(vi) Proper utilization of forest resources.</p>"
                    },
                    "question_type": "Very Short Answer (2 marks)",
                    "difficulty_level": "easy",
                    "explanation_html": null
                  }
                ]
              },
              {
                "chapter_name": "Power Sharing",
                "questions": [
                  {
                    "question_no": 23,
                    "question_html": "<p>Why did the feeling of alienation increase among the Sri Lankan Tamils in 1956? Explain.</p>",
                    "options": [],
                    "correct_answer": {
                      "text": "<p>i. In 1956 an act was passed to recognise Sinhala as the only official language thus disregarding Tamil.<br>ii. The governments followed preferential policies for university positions and government jobs for Sinhalese.<br>iii. The new constitution stipulated that the State shall protect and foster Buddhism.<br>iv. Sinhala government ignored the interests of Tamils through their majoritarian policies.<br>v. Any other relevant point.</p>"
                    },
                    "question_type": "Very Short Answer (2 marks)",
                    "difficulty_level": "medium",
                    "explanation_html": null
                  }
                ]
              },
              {
                "chapter_name": "Money and Credit",
                "questions": [
                  {
                    "question_no": 24,
                    "question_html": "<p>&ldquo;Credit pushes the borrower into a situation from which recovery is painful.&rdquo; Examine the statement.</p>",
                    "options": [],
                    "correct_answer": {
                      "text": "<p>i. Repayment of the loan is crucially dependent on the income from farming.<br>ii. The failure of the crop made loan repayment impossible.<br>iii. Sometimes the borrower is not able to repay the loan.<br>iv. Many a times borrower is caught into the situation of debt-trap.<br>v. To repay her loan person has to sell a portion of her/his land.<br>vi. The situation of the person gets much worse off than before.</p>"
                    },
                    "question_type": "Very Short Answer (2 marks)",
                    "difficulty_level": "medium",
                    "explanation_html": null
                  }
                ]
              },
              {
                "chapter_name": "Print Culture and the Modern World",
                "questions": [
                  {
                    "question_no": "25",
                    "question_html": "<p><b>(a)</b> How did print come into existence in Europe ? Explain.</p><p><b>(b)</b> OR<br>How did access to books create a new culture of reading ? Explain.</p>",
                    "options": [],
                    "correct_answer": {
                      "text": "<p><b>(a)</b><br>(i) In the eleventh century, Chinese paper reached Europe via the same route.<br>(ii) Paper made possible the production of manuscripts, carefully written by scribes.<br>(iii) Marco polo took away and spread the technology to Europe.<br>(iv) Italians began producing books with woodblocks, and soon the technology spread to other parts of Europe.<br>(v) Merchants and students in the university town bought the cheaper printed copies.<br>(vi) Book fairs were held in different places.<br>(vii) The break through occurred when Johann Gutenberg developed the first printing press.</p><p><b>(b)</b><br>(i) Earlier reading was restricted to the elites. Common people lived in a world of oral culture. They heard sacred texts read out, ballads recited, and folk tales narrated.<br>(ii) With the printing press, a new reading public emerged.<br>(iii) Printing reduced the cost of books. Multiple copies produced with greater ease.<br>(iv) Books flooded the market, reaching out to an ever-growing readership.<br>(v) Now books could reach out to wider sections of people.<br>(vi) People started writing and publishing popular ballads and folk tales and were illustrated with pictures.</p>"
                    },
                    "question_type": "Short Answer (3 marks)",
                    "difficulty_level": "medium",
                    "explanation_html": null
                  }
                ]
              },
              {
                "chapter_name": "Minerals and Energy Resources",
                "questions": [
                  {
                    "question_no": 26,
                    "question_html": "<p>&ldquo;Energy is required for all activities.&rdquo; Explain the statement with examples.</p>",
                    "options": [],
                    "correct_answer": {
                      "text": "<p>(i) Energy is a basic requirement for economic development.<br>(ii) Every sector of the national economic- Agriculture, industry, transport, communication needs inputs of energy.<br>(iii) Required in vehicles.<br>(iv) To drive machinery in industries.<br>(v) Required in all the facets of life.<br>(vi) Required in household.<br>(vii) Used in all commercial requirements.</p>"
                    },
                    "question_type": "Short Answer (3 marks)",
                    "difficulty_level": "easy",
                    "explanation_html": null
                  }
                ]
              },
              {
                "chapter_name": "Gender, Religion and Caste",
                "questions": [
                  {
                    "question_no": 27,
                    "question_html": "<p>Suggest three steps to enhance the literacy rate among women in India.</p>",
                    "options": [],
                    "correct_answer": {
                      "text": "<p>(i) Government should initiate literacy enhancing programmes for urban as well as grass root level.<br>(ii) Counselling sessions for parents and society for the promotion of enrolment and education.<br>(iii) Increase literacy campaigns to educate the girl child by enrolling them in formal schools.<br>(iv) Initiating educative programs and propaganda to break down traditional prejudices, against girl's education.<br>(v) Granting concession in the form of scholarships to poor and meritorious girl students.<br>(vi) Effective enforcement of compulsory education of girls.</p>"
                    },
                    "question_type": "Short Answer (3 marks)",
                    "difficulty_level": "medium",
                    "explanation_html": null
                  }
                ]
              },
              {
                "chapter_name": "Sectors of the Indian Economy",
                "questions": [
                  {
                    "question_no": 28,
                    "question_html": "<p>Differentiate between primary and secondary sectors with examples.</p>",
                    "options": [],
                    "correct_answer": {
                      "text": "<p>(i) In primary sector, there are many activities that are undertaken directly using natural resources. While secondary sector covers activities in which natural products are changed into other forms.<br>(ii) Primary sector depends mainly but not entirely on natural factors like rainfall, sunshine and climate while secondary sector is based on industrial activity.<br>(iii) Cotton farming is primary activity while cotton textile is secondary activity.<br>(iv) Primary sector contributes to the first process of production while secondary sector adds value to the primary sector product.</p>"
                    },
                    "question_type": "Short Answer (3 marks)",
                    "difficulty_level": "easy",
                    "explanation_html": null
                  },
                  {
                    "question_no": 29,
                    "question_html": "<p>Examine the rising importance of the tertiary sector in India.</p>",
                    "options": [],
                    "correct_answer": {
                      "text": "<p>(i) The tertiary sector provides basic services like public transportation, medical care, electricity, banking, post office, etc.<br>(ii) This sector creates employment even for uneducated and unskilled workers.<br>(iii) The development of agriculture and industry leads to the development of services such as transport trade etc.<br>(iv) As income levels rise the demand of tertiary sector also get enhanced.<br>(v) Over the past decade or so certain new services such as those based on information technology have become important and essential.</p>"
                    },
                    "question_type": "Short Answer (3 marks)",
                    "difficulty_level": "medium",
                    "explanation_html": null
                  }
                ]
              },
              {
                "chapter_name": "Nationalism in India",
                "questions": [
                  {
                    "question_no": "30",
                    "question_html": "<p><b>(a)</b> Analyse the role of the business classes in Civil Disobedience Movement.</p><p><b>(b)</b> OR<br>Analyse the role of women in Civil Disobedience Movement.</p>",
                    "options": [],
                    "correct_answer": {
                      "text": "<p><b>(a)</b><br>(i) Indian merchants and industrialists wanted to expand their business so they reacted against colonial policies in the Civil Disobedience Movement.<br>(ii) They wanted protection against imports of foreign goods, and a rupee-sterling foreign exchange.<br>(iii) To organise business interests, they formed the Indian Industrial and Commercial Congress in 1920 and FICCI in1927.<br>(iv) FICCI was formed by prominent industrialists like Purshottamdas Thakurdas and G.D. Birla.<br>(v) The industrialists attacked colonial control over the Indian economy.<br>(vi) They gave financial assistance and refused to buy and sell imported goods.</p><p><b>(b)</b><br>(i) Large-scale participation of women in Civil Disobedience Movement.<br>(ii) During Gandhiji Salt March thousands of women came out of their homes to listen to Gandhiji.<br>(iii) They participated in protest marches.<br>(iv) They manufactured salt.<br>(v) They picked foreign cloth and liquor shops.<br>(vi) Many were also arrested and sent to jail for participating in these activities.</p>"
                    },
                    "question_type": "Long Answer (5 marks)",
                    "difficulty_level": "hard",
                    "explanation_html": null
                  }
                ]
              },
              {
                "chapter_name": "Agriculture",
                "questions": [
                  {
                    "question_no": "31",
                    "question_html": "<p><b>(a)</b> Explain the features of primitive subsistence and commercial farming in India.</p><p><b>(b)</b> OR<br>Explain the features of intensive subsistence and plantation farming in India.</p>",
                    "options": [],
                    "correct_answer": {
                      "text": "<p><b>(a)</b><br><strong>Primitive Subsistence Farming:</strong><br>(i) This type of farming is still practised in few pockets of India.<br>(ii) Primitive subsistence farming practised on small patches of land.<br>(iii) Use primitive tools like Hoe, Dao and digging sticks.<br>(iv) This type of farming depends upon monsoon, natural fertility of soil and suitability of essential condition to crops grown.<br>(v) It is a slash and burn agriculture.<br><br><strong>Commercial farming:</strong><br>(i) The main characteristics of this type of farming is the use of higher doses of modern inputs e.g., HYV seeds, Chemical fertilizers insecticides and pesticides.<br>(ii) It obtains higher productivity.<br>(iii) The degree of commercialisation of agriculture varies from one region to another.</p><p><b>(b)</b><br><strong>Intensive Subsistence Farming:</strong><br>(i) This type of farming is practised in areas of high population pressure on land.<br>(ii) It is labour-intensive farming.<br>(iii) High doses of biochemical inputs.<br>(iv) Irrigation is used for obtaining higher production.<br><br><strong>Plantation Farming:</strong><br>(i) It is a type of commercial farming.<br>(ii) In this type of farming a single crop is grown.<br>(iii) The plantation has an interface of agriculture and industry.<br>(iv) Plantations cover large tracts of land intensive imports with help of migrant labours.</p>"
                    },
                    "question_type": "Long Answer (5 marks)",
                    "difficulty_level": "medium",
                    "explanation_html": null
                  }
                ]
              },
              {
                "chapter_name": "Outcomes of Democracy",
                "questions": [
                  {
                    "question_no": "32",
                    "question_html": "<p><b>(a)</b> Analyse the conditions under which democracies accommodate social diversities.</p><p><b>(b)</b> OR<br>Analyse the conditions under which democracies promote dignity and freedom of citizens.</p>",
                    "options": [],
                    "correct_answer": {
                      "text": "<p><b>(a)</b><br>(i) Democracies lead to peaceful and harmonious life among citizens.<br>(ii) Democracies have successfully negotiated differences among ethnic populations.<br>(iii) Democracy develops a mechanism to negotiate the differences.<br>(iv) Majority to work with minority.<br>(v) Democracy develops a procedure to conduct competition.<br>(vi) A Democracy has the ability to handle social differences, divisions and conflicts.<br>(vii) Equal treatment of women is a necessary aspect of a democratic society.<br>(viii) Democracy has strengthened the claims of disadvantaged.</p><p><b>(b)</b><br>(i) Every individual wants to receive respect from fellow beings.<br>(ii) The passion for respect and freedom are the basis of democracy.<br>(iii) Democracies throughout the world have recognised dignity and freedom in principle.<br>(iv) Dignity and freedom of the citizens have been achieved in various degrees.<br>(v) Equal treatment of women is necessary ingredients of a democratic society.<br>(vi) Democracy has strengthened the claims of disadvantaged.</p>"
                    },
                    "question_type": "Long Answer (5 marks)",
                    "difficulty_level": "hard",
                    "explanation_html": null
                  }
                ]
              },
              {
                "chapter_name": "Globalization and the Indian Economy",
                "questions": [
                  {
                    "question_no": "33",
                    "question_html": "<p><b>(a)</b> How do Multinational Corporations (MNCs) interlink production across countries ? Explain with examples.</p><p><b>(b)</b> OR<br>Explain any five steps taken by the Central and State Governments to attract foreign investments.</p>",
                    "options": [],
                    "correct_answer": {
                      "text": "<p><b>(a)</b><br>(i) MNCs set up production where it is close to the markets; where there is skilled and unskilled labour available at low costs.<br>(ii) Availability of other factors of production is assured.<br>(iii) The goods and services are produced globally as a result production is organized in increasingly complex ways.<br>(iv) MNCs set up factories and offices for production where facilities are available.<br>(v) MNCs set up production jointly with some of the local companies.<br>(vi) Sometimes MNC place orders for production with small producers.<br>(vii) MNCs set partnership with local companies.</p><p><b>(b)</b><br>(i) Govt has removed barriers on foreign trade and foreign investment.<br>(ii) Liberalised policies have been introduced for globalization.<br>(iii) Industrial zones called special Economic Zones (SEZs) are being set up.<br>(iv) World class facilities like electricity, water, recreational, transport, storage facilities have been provided to foreign companies.<br>(v) Production unit in the SEZs do not have to pay taxes for first five years.<br>(vi) Government has also allowed flexibility to the labour laws to attract foreign investment.</p>"
                    },
                    "question_type": "Long Answer (5 marks)",
                    "difficulty_level": "medium",
                    "explanation_html": null
                  }
                ]
              },
              {
                "chapter_name": "The Age of Industrialization",
                "questions": [
                  {
                    "question_no": "34",
                    "question_html": "<p><b>(i)</b> Why did Manchester imports decline in India ?</p><p><b>(ii)</b> Why could Manchester never recapture its old position in the Indian market after the First World War ?</p><p><b>(iii)</b> Analyse any two benefits of the First World War to India.</p>",
                    "options": [],
                    "correct_answer": {
                      "text": "<p><b>(i)</b><br>(i) Because British mills were busy with war production to meet the needs of army.<br>(ii) Any other relevant points.</p><p><b>(ii)</b><br>(i) Lack of modernisation and inability to compete with United State of America, Germany, and Japan.<br>(ii) Any other relevant points.</p><p><b>(iii)</b><br>i. Crumbling of the environment of Britain.<br>ii. Decline of import of British goods.<br>iii. Indian Companies were in good condition to produce things.<br>iv. Any other relevant points.</p>"
                    },
                    "question_type": "Case-based Subjective",
                    "difficulty_level": "medium",
                    "explanation_html": null
                  }
                ]
              },
              {
                "chapter_name": "Water Resources",
                "questions": [
                  {
                    "question_no": "35",
                    "question_html": "<p><b>(i)</b> Name the movement against the river project in Gujarat.</p><p><b>(ii)</b> How have the big dams mostly been unsuccessful in controlling floods at the time of excessive rainfall ?</p><p><b>(iii)</b> Analyse any two merits of multi-purpose river projects.</p>",
                    "options": [],
                    "correct_answer": {
                      "text": "<p><b>(i)</b> Narmada Bachao Andolan</p><p><b>(ii)</b><br>(i) Because big dams release of water from dams during heavy rains aggravated the flood situation.<br>(ii) Any other relevant points.</p><p><b>(iii)</b><br>(i) Generation of electricity<br>(ii) Canal for irrigation<br>(iii) Soil conservation in nearby areas<br>(iv) Any other relevant points</p>"
                    },
                    "question_type": "Case-based Subjective",
                    "difficulty_level": "medium",
                    "explanation_html": null
                  }
                ]
              },
              {
                "chapter_name": "Political Parties",
                "questions": [
                  {
                    "question_no": "36",
                    "question_html": "<p><b>(i)</b> Explain the meaning of a 'political party'.</p><p><b>(ii)</b> &ldquo;The rise of political parties is directly linked to the emergence of representative democracies.&rdquo; Support this statement.</p><p><b>(iii)</b> Why are political parties a necessary condition for a democracy ? Explain.</p>",
                    "options": [],
                    "correct_answer": {
                      "text": "<p><b>(i)</b><br>(i) A political party is a group of people who come together to contest election and hold power in the government.<br>(ii) Any other relevant points.</p><p><b>(ii)</b><br>(i) Large Societies need representative democracy.<br>(ii) Political parties give platform to elect representatives and representatives formed the government.<br>(iii) Any other relevant points.</p><p><b>(iii)</b><br>i. Political parties bring various representatives together so that a responsible government could be formed.<br>ii. They work as a mechanism to support or restrain the government, make policies, justify, or oppose them.<br>iii. Political parties fulfil the needs that every representative government has.<br>iv. Any other relevant points.</p>"
                    },
                    "question_type": "Case-based Subjective",
                    "difficulty_level": "medium",
                    "explanation_html": null
                  }
                ]
              },
              {
                "chapter_name": "Map Work (For Visually Impaired Candidates)",
                "questions": [
                  {
                    "question_no": "37",
                    "question_html": "<p><b>(i)</b> Name the place where Indian National Congress session took place in December, 1920.</p><p><b>(ii)</b> Name the place where the Jallianwala Bagh incident occurred.</p><p><b>(iii)</b> Name any one major coffee producing state of India.</p><p><b>(iv)</b> Name the state where Bailadila iron ore mines are located.</p><p><b>(v)</b> Name the state where Tarapur nuclear power plant is located.</p><p><b>(vi)</b> Name the state where Haldia sea port is located.</p>",
                    "images": [
                      {
                        "url": "images/https://img.testbuddyai.com/SocialScience-32-2-23-Q37.png"
                      }
                    ],
                    "options": [],
                    "correct_answer": {
                      "text": "<p><b>(i)</b> Nagpur</p><p><b>(ii)</b> Amritsar</p><p><b>(iii)</b> Karnataka</p><p><b>(iv)</b> Chhattisgarh</p><p><b>(v)</b> Maharashtra</p><p><b>(vi)</b> West Bengal</p>"
                    },
                    "question_type": "Very Short Answer (2 marks)",
                    "difficulty_level": "medium",
                    "explanation_html": null
                  }
                ]
              }
            ]
          }
        ]
      }
    ]
  }
]