[
  {
    "exam_name_actual": "CBSE Board - Class 12 - Science",
    "main_exam_id_name_ref": "CBSE Board - Class 12 - Science",
    "years": [
      {
        "year": "2024",
        "papers_or_subjects": [
          {
            "paper_name": "CBSE Class 12 Science (Biology) Paper 2024 (QP Code: 57/5/1)",
            "subject_name": "Biology",
            "chapters": [
              {
                "chapter_name": "Principles of Inheritance and Variation",
                "questions": [
                  {
                    "question_no": 1,
                    "question_html": "<p>A single gene that controls the expression of more than one trait is said to show</p>",
                    "options": [
                      {
                        "id": "a",
                        "text": "Multiple allelism"
                      },
                      {
                        "id": "b",
                        "text": "Polygenic inheritance"
                      },
                      {
                        "id": "c",
                        "text": "Incomplete dominance"
                      },
                      {
                        "id": "d",
                        "text": "Pleiotropism"
                      }
                    ],
                    "correct_answer": {
                      "ids": [
                        "d"
                      ]
                    },
                    "question_type": "mcq_single",
                    "difficulty_level": "Easy",
                    "explanation_html": "<p>Pleiotropism is the phenomenon where a single gene influences multiple, often unrelated, phenotypic traits. This is in contrast to polygenic inheritance, where a single trait is controlled by multiple genes. An example of pleiotropy is the disease phenylketonuria (PKU), where a single gene mutation leads to multiple symptoms like mental retardation and a reduction in hair and skin pigmentation.</p>"
                  }
                ]
              },
              {
                "chapter_name": "Principles of Inheritance and Variation",
                "questions": [
                  {
                    "question_no": 2,
                    "question_html": "<p>A person with trisomy of 21st chromosome shows</p><p>(i) Furrowed tongue</p><p>(ii) Characteristic palm crease</p><p>(iii) Rudimentary ovaries</p><p>(iv) Gynaecomastia</p><p>Select the correct option, from the choices given below :</p>",
                    "options": [
                      {
                        "id": "a",
                        "text": "(ii) and (iv)"
                      },
                      {
                        "id": "b",
                        "text": "(i), (ii) and (iv)"
                      },
                      {
                        "id": "c",
                        "text": "(ii) and (iii)"
                      },
                      {
                        "id": "d",
                        "text": "(i) and (ii)"
                      }
                    ],
                    "correct_answer": {
                      "ids": [
                        "d"
                      ]
                    },
                    "question_type": "mcq_single",
                    "difficulty_level": "Medium",
                    "explanation_html": "<p>Trisomy of the 21st chromosome is the genetic basis for Down's syndrome. The characteristic features of this syndrome include a small round head, a partially open mouth with a large, furrowed tongue (i), and a broad palm with a characteristic single palm crease (ii). Rudimentary ovaries are a feature of Turner's syndrome (XO), and gynaecomastia is a feature of Klinefelter's syndrome (XXY). Therefore, only (i) and (ii) are correct for Down's syndrome.</p>"
                  }
                ]
              },
              {
                "chapter_name": "Reproductive Health",
                "questions": [
                  {
                    "question_no": 3,
                    "question_html": "<p>Observe the schematic representation of assisted reproductive technology given below :</p><p>Identify the most appropriate technique depicted in the above diagram.</p>",
                    "images": [
                      {
                        "url": "https://img.testbuddyai.com/Biology-57-5-24-Q3.png"
                      }
                    ],
                    "options": [
                      {
                        "id": "a",
                        "text": "IUT"
                      },
                      {
                        "id": "b",
                        "text": "IUI"
                      },
                      {
                        "id": "c",
                        "text": "ICSI"
                      },
                      {
                        "id": "d",
                        "text": "ZIFT"
                      }
                    ],
                    "correct_answer": {
                      "ids": [
                        "c"
                      ]
                    },
                    "question_type": "mcq_single",
                    "difficulty_level": "Easy",
                    "explanation_html": "<p>The diagram clearly shows a sperm being directly injected into the cytoplasm of an egg using a fine needle. This laboratory procedure is known as Intracytoplasmic Sperm Injection (ICSI). It is a specialized form of in-vitro fertilization (IVF) used to treat severe cases of male infertility.</p>"
                  }
                ]
              },
              {
                "chapter_name": "Human Health and Disease",
                "questions": [
                  {
                    "question_no": 4,
                    "question_html": "<p>Interferons are proteins secreted by</p>",
                    "options": [
                      {
                        "id": "a",
                        "text": "RBC"
                      },
                      {
                        "id": "b",
                        "text": "WBC"
                      },
                      {
                        "id": "c",
                        "text": "Bacteria infected cell"
                      },
                      {
                        "id": "d",
                        "text": "Virus infected cell"
                      }
                    ],
                    "correct_answer": {
                      "ids": [
                        "d"
                      ]
                    },
                    "question_type": "mcq_single",
                    "difficulty_level": "Easy",
                    "explanation_html": "<p>Interferons are a type of cytokine, which are signaling proteins. They are produced and released by host cells, specifically virus-infected cells, in response to the presence of a virus. These interferons then signal to nearby uninfected cells to heighten their anti-viral defenses, thus protecting them from infection.</p>"
                  }
                ]
              },
              {
                "chapter_name": "Microbes in Human Welfare",
                "questions": [
                  {
                    "question_no": 5,
                    "question_html": "<p>During biological treatment of sewage, the masses of bacteria held together by fungal filaments to form mesh like structures are called</p>",
                    "options": [
                      {
                        "id": "a",
                        "text": "primary sludge"
                      },
                      {
                        "id": "b",
                        "text": "flocs"
                      },
                      {
                        "id": "c",
                        "text": "activated sludge"
                      },
                      {
                        "id": "d",
                        "text": "anaerobic sludge"
                      }
                    ],
                    "correct_answer": {
                      "ids": [
                        "b"
                      ]
                    },
                    "question_type": "mcq_single",
                    "difficulty_level": "Easy",
                    "explanation_html": "<p>In the secondary (biological) treatment stage of sewage, aerobic bacteria grow vigorously in aeration tanks. These bacteria associate with fungal filaments to create mesh-like structures known as flocs. These flocs are crucial for consuming a significant amount of the organic matter present in the sewage, thereby reducing its Biochemical Oxygen Demand (BOD).</p>"
                  }
                ]
              },
              {
                "chapter_name": "Biotechnology : Principles and Processes",
                "questions": [
                  {
                    "question_no": 6,
                    "question_html": "<p>Which one of the following statements is correct in the context of observing DNA separation by agarose gel electrophoresis ?</p>",
                    "options": [
                      {
                        "id": "a",
                        "text": "DNA can be seen in visible light."
                      },
                      {
                        "id": "b",
                        "text": "DNA can be seen without staining in visible light."
                      },
                      {
                        "id": "c",
                        "text": "Ethidium bromide stained DNA can be seen in visible light"
                      },
                      {
                        "id": "d",
                        "text": "Ethidium bromide stained DNA can be seen under UV light."
                      }
                    ],
                    "correct_answer": {
                      "ids": [
                        "d"
                      ]
                    },
                    "question_type": "mcq_single",
                    "difficulty_level": "Medium",
                    "explanation_html": "<p>Separated DNA fragments in an agarose gel are invisible to the naked eye. To visualize them, the gel is stained with a compound called Ethidium Bromide (EtBr). This dye intercalates between the base pairs of the DNA. When the stained gel is exposed to ultraviolet (UV) light, the EtBr fluoresces, revealing the DNA bands as bright orange strips. They are not visible in normal visible light.</p>"
                  }
                ]
              },
              {
                "chapter_name": "Organisms and Populations",
                "questions": [
                  {
                    "question_no": 7,
                    "question_html": "<p>A phenomenon where a male insect mistakenly identified the patterns of a orchid flower as the female insect partner, and tries to copulate and thereby pollinates the flower is said to be :</p>",
                    "options": [
                      {
                        "id": "a",
                        "text": "Pseudocopulation"
                      },
                      {
                        "id": "b",
                        "text": "Pseudopollination"
                      },
                      {
                        "id": "c",
                        "text": "Pseudoparthenocarpy"
                      },
                      {
                        "id": "d",
                        "text": "Pseudofertilisation"
                      }
                    ],
                    "correct_answer": {
                      "ids": [
                        "a"
                      ]
                    },
                    "question_type": "mcq_single",
                    "difficulty_level": "Easy",
                    "explanation_html": "<p>This phenomenon is a remarkable example of co-evolution and is termed pseudocopulation. The Mediterranean orchid *Ophrys* employs this 'sexual deceit' to get pollinated. One of its petals bears an uncanny resemblance to the female of a bee species in size, colour, and markings. The male bee is attracted to what it perceives as a female and 'pseudocopulates' with the flower, and during that process, it dusts pollen grains on its body, which it then transfers to another flower.</p>"
                  }
                ]
              },
              {
                "chapter_name": "Sexual Reproduction in Flowering Plants",
                "questions": [
                  {
                    "question_no": 8,
                    "question_html": "<p>Identify the correct labellings in the figure of a fertilised embryo sac of an angiosperm given below :</p>",
                    "images": [
                      {
                        "url": "https://img.testbuddyai.com/Biology-57-5-24-Q8.png"
                      }
                    ],
                    "options": [
                      {
                        "id": "a",
                        "text": "A – zygote, B – degenerating synergids, C – degenerating antipodals, D – PEN"
                      },
                      {
                        "id": "b",
                        "text": "A – degenerating synergids, B – zygote, C – PEN, D – degenerating antipodals"
                      },
                      {
                        "id": "c",
                        "text": "A – degenerating antipodals, B – PEN, C – degenerating synergids, D – zygote"
                      },
                      {
                        "id": "d",
                        "text": "A – degenerating synergids, B – zygote, C – degenerating antipodals, D – PEN"
                      }
                    ],
                    "correct_answer": {
                      "ids": [
                        "b"
                      ]
                    },
                    "question_type": "mcq_single",
                    "difficulty_level": "Medium",
                    "explanation_html": "<p>After fertilization in an angiosperm embryo sac:</p><ul><li><b>A</b> points to the <b>degenerating synergids</b>, which guided the pollen tube to the egg.</li><li><b>B</b> points to the <b>zygote</b>, formed from the fusion of one male gamete with the egg cell.</li><li><b>C</b> is pointing to the Primary Endosperm Nucleus (<b>PEN</b>) inside the Primary Endosperm Cell (PEC), formed by the fusion of the second male gamete with the two polar nuclei.</li><li><b>D</b> points to the <b>degenerating antipodal cells</b> at the chalazal end.</li></ul><p>Therefore, option (B) correctly identifies all the structures.</p>"
                  }
                ]
              },
              {
                "chapter_name": "Principles of Inheritance and Variation",
                "questions": [
                  {
                    "question_no": 9,
                    "question_html": "<p>Study the pedigree chart of a family showing the inheritance pattern of a certain disorder. Select the option that correctly identifies the nature of the trait depicted in the pedigree chart.</p>",
                    "images": [
                      {
                        "url": "https://img.testbuddyai.com/Biology-57-5-24-Q9.png"
                      }
                    ],
                    "options": [
                      {
                        "id": "a",
                        "text": "Dominant X – linked"
                      },
                      {
                        "id": "b",
                        "text": "Recessive X – linked"
                      },
                      {
                        "id": "c",
                        "text": "Autosomal dominant"
                      },
                      {
                        "id": "d",
                        "text": "Autosomal recessive"
                      }
                    ],
                    "correct_answer": {
                      "ids": [
                        "d"
                      ]
                    },
                    "question_type": "mcq_single",
                    "difficulty_level": "Medium",
                    "explanation_html": "<p>To determine the nature of the trait from the pedigree chart:</p><ol><li><b>Recessive vs. Dominant:</b> In the second generation, two unaffected parents have an affected offspring. This pattern, where the trait 'skips' a generation, is characteristic of a recessive disorder. Both parents must be heterozygous carriers.</li><li><b>Autosomal vs. X-linked:</b> To test if it is X-linked recessive, look at the affected female in the second generation. For an X-linked recessive trait, an affected female must have an affected father (since he would pass his only X chromosome, carrying the recessive allele, to all his daughters). However, her father in the first generation is unaffected. Therefore, it cannot be X-linked recessive.</li></ol><p>Since the trait is recessive but not X-linked, it must be <b>Autosomal recessive</b>.</p>"
                  }
                ]
              },
              {
                "chapter_name": "Molecular Basis of Inheritance",
                "questions": [
                  {
                    "question_no": 10,
                    "question_html": "<p>Match the following genes of the lac operon listed in column 'A' with their respective products listed in column ‘B' :</p><p><b>A (Gene)</b></p><p>a. 'i' gene</p><p>b. 'z' gene</p><p>c. 'a' gene</p><p>d. 'y' gene</p><p><b>B (Products)</b></p><p>(i) β-galactosidase</p><p>(ii) lac permease</p><p>(iii) repressor</p><p>(iv) transacetylase</p><p>Select the correct option :</p>",
                    "options": [
                      {
                        "id": "a",
                        "text": "(i) (iii) (ii) (iv)"
                      },
                      {
                        "id": "b",
                        "text": "(iii) (i) (ii) (iv)"
                      },
                      {
                        "id": "c",
                        "text": "(iii) (i) (iv) (ii)"
                      },
                      {
                        "id": "d",
                        "text": "(iii) (iv) (i) (ii)"
                      }
                    ],
                    "correct_answer": {
                      "ids": [
                        "c"
                      ]
                    },
                    "question_type": "mcq_single",
                    "difficulty_level": "Medium",
                    "explanation_html": "<p>The genes of the lac operon and their products are as follows:</p><ul><li><b>a. 'i' gene:</b> This is the regulator gene, which codes for the <b>(iii) repressor</b> protein.</li><li><b>b. 'z' gene:</b> This is a structural gene that codes for the enzyme <b>(i) β-galactosidase</b>.</li><li><b>c. 'a' gene:</b> This is a structural gene that codes for the enzyme <b>(iv) transacetylase</b>.</li><li><b>d. 'y' gene:</b> This is a structural gene that codes for the enzyme <b>(ii) lac permease</b>.</li></ul><p>Therefore, the correct matching sequence a, b, c, d is (iii), (i), (iv), (ii).</p>"
                  }
                ]
              },
              {
                "chapter_name": "Principles of Inheritance and Variation",
                "questions": [
                  {
                    "question_no": 11,
                    "question_html": "<p>If both the parents are carriers for thalassaemia, the chances of an afflicted child to be born to them is :</p>",
                    "options": [
                      {
                        "id": "a",
                        "text": "25%"
                      },
                      {
                        "id": "b",
                        "text": "50%"
                      },
                      {
                        "id": "c",
                        "text": "75%"
                      },
                      {
                        "id": "d",
                        "text": "100%"
                      }
                    ],
                    "correct_answer": {
                      "ids": [
                        "a"
                      ]
                    },
                    "question_type": "mcq_single",
                    "difficulty_level": "Easy",
                    "explanation_html": "<p>Thalassaemia is an autosomal recessive disorder. If both parents are carriers, they are heterozygous for the trait (let's represent their genotype as Tt, where 'T' is the normal allele and 't' is the allele for thalassaemia). A cross between two carrier parents (Tt × Tt) would result in offspring with the following genotype probabilities: 1 TT (normal) : 2 Tt (carrier) : 1 tt (afflicted). The chance of an afflicted child (tt) being born is 1 out of 4, which is 25%.</p>"
                  }
                ]
              },
              {
                "chapter_name": "Molecular Basis of Inheritance",
                "questions": [
                  {
                    "question_no": 12,
                    "question_html": "<p>If the sequence of nitrogen bases of the coding strand in a transcription unit is 5' – ATGAATG – 3', the sequence of bases in its RNA transcript would be</p>",
                    "options": [
                      {
                        "id": "a",
                        "text": "5'-AUGAAUG – 3'"
                      },
                      {
                        "id": "b",
                        "text": "5' - UACUUAC – 3'"
                      },
                      {
                        "id": "c",
                        "text": "5' – CAUUCAU – 3'"
                      },
                      {
                        "id": "d",
                        "text": "5'-GUAAGUA – 3'"
                      }
                    ],
                    "correct_answer": {
                      "ids": [
                        "a"
                      ]
                    },
                    "question_type": "mcq_single",
                    "difficulty_level": "Medium",
                    "explanation_html": "<p>During transcription, the RNA molecule is synthesized using the template strand of the DNA. The sequence of the resulting RNA is complementary to the template strand and, therefore, is identical to the sequence of the coding strand, with the only difference being that Uracil (U) replaces Thymine (T).</p><p>Given coding strand: 5' – ATGAATG – 3'</p><p>RNA transcript: 5' – AUGAAUG – 3' (A remains A, T becomes U, G remains G, C remains C).</p>"
                  }
                ]
              },
              {
                "chapter_name": "Human Health and Disease",
                "questions": [
                  {
                    "question_no": 13,
                    "question_html": "<p><b>Assertion (A) :</b> AIDS is a syndrome caused by HIV.</p><p><b>Reason (R) :</b> HIV is a virus that damages the immune system with DNA as its genetic material.</p>",
                    "options": [
                      {
                        "id": "a",
                        "text": "Both Assertion (A) and Reason (R) are true and Reason (R) is the correct explanation of the Assertion (A)."
                      },
                      {
                        "id": "b",
                        "text": "Both Assertion (A) and Reason (R) are true, but Reason (R) is not the correct explanation of the Assertion (A)."
                      },
                      {
                        "id": "c",
                        "text": "Assertion (A) is true, but Reason (R) is false."
                      },
                      {
                        "id": "d",
                        "text": "Assertion (A) is false, but Reason (R) is true."
                      }
                    ],
                    "correct_answer": {
                      "ids": [
                        "c"
                      ]
                    },
                    "question_type": "mcq_single",
                    "difficulty_level": "Easy",
                    "explanation_html": "<p>The Assertion (A) is correct; Acquired Immuno-Deficiency Syndrome (AIDS) is caused by the Human Immunodeficiency Virus (HIV). However, the Reason (R) is false. HIV is a retrovirus, which means its genetic material is RNA, not DNA. It uses an enzyme called reverse transcriptase to convert its RNA into DNA after infecting a host cell.</p>"
                  }
                ]
              },
              {
                "chapter_name": "Biotechnology and its Applications",
                "questions": [
                  {
                    "question_no": 14,
                    "question_html": "<p><b>Assertion (A) :</b> In molecular diagnosis, single stranded DNA or RNA tagged with radioactive molecule is called a probe.</p><p><b>Reason (R) :</b> A probe always searches and hybridises with its complementary DNA in a clone of cells.</p>",
                    "options": [
                      {
                        "id": "a",
                        "text": "Both Assertion (A) and Reason (R) are true and Reason (R) is the correct explanation of the Assertion (A)."
                      },
                      {
                        "id": "b",
                        "text": "Both Assertion (A) and Reason (R) are true, but Reason (R) is not the correct explanation of the Assertion (A)."
                      },
                      {
                        "id": "c",
                        "text": "Assertion (A) is true, but Reason (R) is false."
                      },
                      {
                        "id": "d",
                        "text": "Assertion (A) is false, but Reason (R) is true."
                      }
                    ],
                    "correct_answer": {
                      "ids": [
                        "a"
                      ]
                    },
                    "question_type": "mcq_single",
                    "difficulty_level": "Medium",
                    "explanation_html": "<p>Assertion (A) is the correct definition of a probe used in molecular diagnostics. Reason (R) correctly describes the mechanism by which a probe works: it binds (hybridizes) to its specific complementary sequence in a sample of nucleic acids (like DNA from a clone of cells). This hybridization allows the detection of the target sequence. Therefore, both statements are true, and the Reason is the correct explanation for the Assertion.</p>"
                  }
                ]
              },
              {
                "chapter_name": "Principles of Inheritance and Variation",
                "questions": [
                  {
                    "question_no": 15,
                    "question_html": "<p><b>Assertion (A) :</b> In birds the sex of the offspring is determined by males.</p><p><b>Reason (R) :</b> Males are homogametic while females are heterogametic.</p>",
                    "options": [
                      {
                        "id": "a",
                        "text": "Both Assertion (A) and Reason (R) are true and Reason (R) is the correct explanation of the Assertion (A)."
                      },
                      {
                        "id": "b",
                        "text": "Both Assertion (A) and Reason (R) are true, but Reason (R) is not the correct explanation of the Assertion (A)."
                      },
                      {
                        "id": "c",
                        "text": "Assertion (A) is true, but Reason (R) is false."
                      },
                      {
                        "id": "d",
                        "text": "Assertion (A) is false, but Reason (R) is true."
                      }
                    ],
                    "correct_answer": {
                      "ids": [
                        "d"
                      ]
                    },
                    "question_type": "mcq_single",
                    "difficulty_level": "Medium",
                    "explanation_html": "<p>The Assertion (A) is false. In birds, which follow the ZW sex-determination system, the sex of the offspring is determined by the female. The Reason (R) is true; males in birds are homogametic (ZZ), producing only one type of sperm (containing a Z chromosome), while females are heterogametic (ZW), producing two types of eggs (one with a Z chromosome and one with a W chromosome). Since the female produces two different types of gametes, she determines the sex of the offspring.</p>"
                  }
                ]
              },
              {
                "chapter_name": "Biodiversity and Conservation",
                "questions": [
                  {
                    "question_no": 16,
                    "question_html": "<p><b>Assertion (A) :</b> Communities that comprise of more species tend to be more stable.</p><p><b>Reason (R) :</b> A higher number of species results in less year to year variation in total biomass.</p>",
                    "options": [
                      {
                        "id": "a",
                        "text": "Both Assertion (A) and Reason (R) are true and Reason (R) is the correct explanation of the Assertion (A)."
                      },
                      {
                        "id": "b",
                        "text": "Both Assertion (A) and Reason (R) are true, but Reason (R) is not the correct explanation of the Assertion (A)."
                      },
                      {
                        "id": "c",
                        "text": "Assertion (A) is true, but Reason (R) is false."
                      },
                      {
                        "id": "d",
                        "text": "Assertion (A) is false, but Reason (R) is true."
                      }
                    ],
                    "correct_answer": {
                      "ids": [
                        "a"
                      ]
                    },
                    "question_type": "mcq_single",
                    "difficulty_level": "Medium",
                    "explanation_html": "<p>Assertion (A) is a key concept in ecology. Stable communities exhibit productivity that does not vary much from year to year, are resistant to disturbances, and can recover quickly. David Tilman's experiments showed that increased biodiversity contributes to this stability. The Reason (R) provides the evidence for this stability: plots with more species showed less year-to-year variation in total biomass, which is a measure of productivity. Therefore, both statements are true, and the reason is the correct explanation for the assertion.</p>"
                  }
                ]
              },
              {
                "chapter_name": "Sexual Reproduction in Flowering Plants",
                "questions": [
                  {
                    "question_no": 17,
                    "question_html": "<p>(a) “Farmers prefer apomictic seeds to hybrid seeds.\" Justify giving two reasons.</p><p>OR</p><p>(b) Mention one advantage and one disadvantage of amniocentesis.</p>",
                    "options": [],
                    "correct_answer": {
                      "text": "<p>(a) Farmers prefer apomictic seeds for two main reasons:</p><p>1. <b>No Segregation of Characters:</b> In hybrid seeds, the desirable combination of characters segregates in the progeny, meaning the offspring may not have the same beneficial traits. Apomictic seeds are produced asexually, so they are clones of the parent plant, ensuring the desired traits are maintained in every generation.</p><p>2. <b>Cost-Effectiveness:</b> Hybrid seeds have to be purchased every year because of character segregation, which is expensive for farmers. If hybrid varieties are made into apomicts, farmers can keep using the seeds from their own crop year after year without losing the hybrid vigour.</p><p>OR</p><p>(b) <b>Advantage of Amniocentesis:</b> It is used to diagnose genetic disorders or chromosomal abnormalities in the foetus, such as Down's syndrome, haemophilia, or sickle-cell anemia.</p><p><b>Disadvantage of Amniocentesis:</b> It can be misused to determine the sex of the foetus, which may lead to illegal female foeticide.</p>"
                    },
                    "question_type": "Very Short Answer (2 marks)",
                    "difficulty_level": "Medium",
                    "explanation_html": null
                  }
                ]
              },
              {
                "chapter_name": "Biotechnology : Principles and Processes",
                "questions": [
                  {
                    "question_no": 18,
                    "question_html": "<p>5'-G↓A A T T C-3'</p><p>3'-C T T A A↑G-5'</p><p>(a) Name the restriction enzyme that recognises the given specific sequence of bases. What are such sequence of bases referred to as ?</p><p>(b) What are the arrows in the given figure indicating ? Write the result obtained thereafter.</p>",
                    "options": [],
                    "correct_answer": {
                      "text": "<p>(a) The restriction enzyme is <b>EcoRI</b>. Such a sequence of bases is referred to as a <b>palindromic nucleotide sequence</b>, which reads the same on the two strands when the orientation of reading is kept the same (e.g., 5' to 3').</p><p>(b) The arrows indicate the site at which the enzyme makes a cut in the two strands of the DNA (between G and A bases). The result of this cut is the formation of <b>\"sticky ends\"</b>, which are single-stranded overhangs that can easily form hydrogen bonds with complementary sticky ends.</p>"
                    },
                    "question_type": "Very Short Answer (2 marks)",
                    "difficulty_level": "Medium",
                    "explanation_html": null
                  }
                ]
              },
              {
                "chapter_name": "Organisms and Populations",
                "questions": [
                  {
                    "question_no": 19,
                    "question_html": "<p>Observe the population growth curve and answer the questions given below:</p><p>(a) State the conditions under which growth curve 'A' and growth curve 'B' plotted in the graph are possible.</p><p>(b) Mention what does 'K' in the graph represent.</p>",
                    "images": [
                      {
                        "url": "https://img.testbuddyai.com/Biology-57-5-24-Q19.png"
                      }
                    ],
                    "options": [],
                    "correct_answer": {
                      "text": "<p>(a) <b>Growth curve 'A' (Exponential growth)</b> is possible when resources (food and space) are unlimited and there is an absence of environmental checks or competition.</p><p><b>Growth curve 'B' (Logistic growth)</b> is possible when resources are limited, leading to competition among individuals and the presence of environmental resistance.</p><p>(b) 'K' in the graph represents the <b>carrying capacity</b>. It is the maximum number of individuals of a population that a given habitat can sustain without depleting resources.</p>"
                    },
                    "question_type": "Very Short Answer (2 marks)",
                    "difficulty_level": "Medium",
                    "explanation_html": null
                  }
                ]
              },
              {
                "chapter_name": "Microbes in Human Welfare",
                "questions": [
                  {
                    "question_no": 20,
                    "question_html": "<p>Explain how are plants benefitted by their association with “Glomus species\".</p>",
                    "options": [],
                    "correct_answer": {
                      "text": "<p>The association of *Glomus* species with plant roots is a type of symbiotic relationship called mycorrhiza. The plant benefits in several ways:</p><p>1.  <b>Nutrient Absorption:</b> The fungal hyphae absorb essential nutrients, particularly phosphorus, from a much larger volume of soil than the roots can and pass them on to the plant.</p><p>2.  <b>Disease Resistance and Tolerance:</b> The association provides resistance to root-borne pathogens and increases the plant's tolerance to salinity and drought, leading to overall increases in plant growth and development.</p>"
                    },
                    "question_type": "Very Short Answer (2 marks)",
                    "difficulty_level": "Medium",
                    "explanation_html": null
                  }
                ]
              },
              {
                "chapter_name": "Molecular Basis of Inheritance",
                "questions": [
                  {
                    "question_no": 21,
                    "question_html": "<p>If the base adenine constitutes 31% of an isolated DNA fragment, then write what will be the expected percentage of the base cytosine in it. Explain how did you arrive at the answer given.</p>",
                    "options": [],
                    "correct_answer": {
                      "text": "<p>The expected percentage of cytosine will be <b>19%</b>.</p><p><b>Explanation:</b> According to Chargaff's rule of base pairing in a double-stranded DNA molecule:</p><p>1.  The amount of Adenine (A) is always equal to the amount of Thymine (T).</p><p>2.  The amount of Guanine (G) is always equal to the amount of Cytosine (C).</p><p><b>Calculation:</b></p><ul><li>Given, Adenine (A) = 31%.</li><li>Therefore, Thymine (T) must also be 31%.</li><li>The total percentage of A + T = 31% + 31% = 62%.</li><li>The remaining percentage for Guanine (G) + Cytosine (C) is 100% - 62% = 38%.</li><li>Since G = C, the percentage of Cytosine (C) is 38% / 2 = 19%.</li></ul>"
                    },
                    "question_type": "Very Short Answer (2 marks)",
                    "difficulty_level": "Medium",
                    "explanation_html": null
                  }
                ]
              },
              {
                "chapter_name": "Microbes in Human Welfare",
                "questions": [
                  {
                    "question_no": 22,
                    "question_html": "<p>Identify a, b, c, d, e and f in the table given below :</p><table border='1'><tr><td><b>Sl. No.</b></td><td><b>Organism</b></td><td><b>Bioactive Molecule</b></td><td><b>Use</b></td></tr><tr><td>1.</td><td><i>Monascus purpureus</i></td><td>a</td><td>b</td></tr><tr><td>2.</td><td>c</td><td>d</td><td>Antibiotic</td></tr><tr><td>3.</td><td>e</td><td>Cyclosporin A</td><td>f</td></tr></table>",
                    "options": [],
                    "correct_answer": {
                      "text": "<ul><li><b>a:</b> Statin</li><li><b>b:</b> Blood-Cholesterol lowering agent</li><li><b>c:</b> <i>Penicillium notatum</i> (or other correct Penicillium species)</li><li><b>d:</b> Penicillin</li><li><b>e:</b> <i>Trichoderma polysporum</i></li><li><b>f:</b> Immunosuppressant</li></ul>"
                    },
                    "question_type": "Short Answer (3 marks)",
                    "difficulty_level": "Medium",
                    "explanation_html": null
                  }
                ]
              },
              {
                "chapter_name": "Biodiversity and Conservation",
                "questions": [
                  {
                    "question_no": 23,
                    "question_html": "<p>(a) Tropical regions harbour more species than the temperate regions. How have biologists tried to explain this in their own ways ? Explain.</p><p>OR</p><p>(b) (i) What does an ecological pyramid represent ?</p><p>(ii) The Ecological pyramids may have an 'upright' or an ‘inverted' shape. Justify with the help of suitable examples.</p>",
                    "options": [],
                    "correct_answer": {
                      "text": "<p>(a) Biologists have proposed several hypotheses to explain the greater species diversity in the tropics:</p><p>1.  <b>Less Seasonal Environment:</b> Tropical regions have a relatively more constant and predictable environment compared to temperate zones. This promotes niche specialization and leads to greater species diversity.</p><p>2.  <b>Higher Productivity:</b> There is more solar energy available in the tropics, which contributes to higher productivity. This, in turn, can support a greater diversity of species.</p><p>3.  <b>Longer Evolutionary Time:</b> Temperate regions were subjected to frequent glaciations in the past, while tropical latitudes have remained relatively undisturbed for millions of years. This has allowed for a longer evolutionary time for species diversification.</p><p>OR</p><p>(b) (i) An ecological pyramid is a graphical representation designed to show the relationship between organisms at different trophic levels in an ecosystem. It can represent biomass, number, or energy at each level.</p><p>(ii) <b>Upright Pyramid:</b> Most pyramids, like the pyramid of biomass in a grassland ecosystem, are upright. This is because the biomass of the producers (grass) is far greater than the biomass of the primary consumers (herbivores), which in turn is greater than the biomass of the secondary consumers (carnivores).</p><p><b>Inverted Pyramid:</b> Pyramids can also be inverted. For example, the pyramid of biomass in a pond or sea is often inverted. The standing crop of phytoplankton (producers) at any given time is less than the standing crop of zooplankton (primary consumers) that feed on them. This is because the phytoplankton have a very high turnover rate (they reproduce and are consumed very quickly).</p>"
                    },
                    "question_type": "Short Answer (3 marks)",
                    "difficulty_level": "Hard",
                    "explanation_html": null
                  }
                ]
              },
              {
                "chapter_name": "Biotechnology and its Applications",
                "questions": [
                  {
                    "question_no": 24,
                    "question_html": "<p>(a) What are transgenic animals ?</p><p>(b) Name the transgenic animal having the largest number amongst all the existing transgenic animals.</p><p>(c) State any 3 reasons for which these types of animals are being produced.</p>",
                    "options": [],
                    "correct_answer": {
                      "text": "<p>(a) Transgenic animals are those that have had their DNA manipulated to possess and express an extra (foreign) gene.</p><p>(b) Of all existing transgenic animals, over 95% are <b>mice</b>.</p><p>(c) Three reasons for producing transgenic animals are:</p><p>1.  <b>To study disease:</b> Transgenic models are developed for human diseases like cancer or cystic fibrosis to better understand how genes contribute to the disease and to test new treatments.</p><p>2.  <b>To produce useful biological products:</b> Transgenic animals can be created to produce therapeutic proteins in their milk, such as human α-1-antitrypsin to treat emphysema.</p><p>3.  <b>Vaccine safety and chemical safety testing:</b> Transgenic mice are used to test the safety of vaccines before they are used on humans. They are also made to be more sensitive to toxic substances to test their toxicity.</p>"
                    },
                    "question_type": "Short Answer (3 marks)",
                    "difficulty_level": "Medium",
                    "explanation_html": null
                  }
                ]
              },
              {
                "chapter_name": "Sexual Reproduction in Flowering Plants",
                "questions": [
                  {
                    "question_no": 25,
                    "question_html": "<p>If the cells in the leaves of a maize plant contain 10 chromosomes each, write the number of chromosomes in its endosperm and zygote. Name and explain the process by which an endosperm and a zygote are formed in maize.</p>",
                    "options": [],
                    "correct_answer": {
                      "text": "<p>Leaf cells are diploid (2n). If 2n = 10 chromosomes, then the haploid number (n) is 5.</p><ul><li><b>Number of chromosomes in zygote (2n):</b> 10 chromosomes.</li><li><b>Number of chromosomes in endosperm (3n):</b> 15 chromosomes.</li></ul><p><b>Formation Process:</b></p><ul><li><b>Zygote:</b> It is formed by the process of <b>syngamy</b>, which is the fusion of one haploid male gamete (n=5) with the haploid egg cell (n=5) in the embryo sac.</li><li><b>Endosperm:</b> It is formed by the process of <b>triple fusion</b>, where the second haploid male gamete (n=5) fuses with the diploid central cell (containing two polar nuclei, n+n=10) to form a triploid (3n=15) primary endosperm nucleus.</li></ul>"
                    },
                    "question_type": "Short Answer (3 marks)",
                    "difficulty_level": "Medium",
                    "explanation_html": null
                  }
                ]
              },
              {
                "chapter_name": "Molecular Basis of Inheritance",
                "questions": [
                  {
                    "question_no": 26,
                    "question_html": "<p>(a) Why does DNA replication occur within a replication fork and not in its entire length simultaneously?</p><p>(b) “DNA replication is continuous and discontinuous on the two strands within the replication fork.\" Explain with the help of a schematic representation.</p>",
                    "options": [],
                    "correct_answer": {
                      "text": "<p>(a) DNA replication does not occur along its entire length simultaneously because it is an energetically very expensive process. The opening of the entire DNA helix at once would require a huge amount of energy. Therefore, replication is confined to a small opening in the DNA helix called the replication fork, which moves progressively along the DNA.</p><p>(b) DNA replication is semi-discontinuous due to two properties of the enzyme DNA polymerase: it can only polymerise in the 5'→3' direction, and it requires a template. Within the replication fork, the two DNA strands are antiparallel.</p><ul><li><b>Continuous Synthesis:</b> On one strand (the template with polarity 3'→5'), replication is continuous because the 5'→3' synthesis direction follows the opening of the fork. This is the leading strand.</li><li><b>Discontinuous Synthesis:</b> On the other strand (the template with polarity 5'→3'), replication is discontinuous. Synthesis must also occur in the 5'→3' direction, which is away from the opening fork. As a result, it is synthesized in small fragments called Okazaki fragments, which are later joined together by the enzyme DNA ligase. This is the lagging strand.</li></ul>"
                    },
                    "question_type": "Short Answer (3 marks)",
                    "difficulty_level": "Hard",
                    "explanation_html": null
                  }
                ]
              },
              {
                "chapter_name": "Molecular Basis of Inheritance",
                "questions": [
                  {
                    "question_no": 27,
                    "question_html": "<p>Explain the processing of heterogeneous nuclear RNA (hnRNA) into a fully functional mRNA in eukaryotes. Where does this processing occur in the cell ?</p>",
                    "options": [],
                    "correct_answer": {
                      "text": "<p>The processing of hnRNA (the primary transcript) into functional mRNA involves three main steps:</p><p>1.  <b>Capping:</b> An unusual nucleotide, methyl guanosine triphosphate (mGppp), is added to the 5'-end of the hnRNA. This cap is essential for ribosome binding during translation.</p><p>2.  <b>Tailing:</b> A tail of 200-300 adenylate residues (poly-A tail) is added at the 3'-end. This tail protects the mRNA from degradation and aids in its transport out of the nucleus.</p><p>3.  <b>Splicing:</b> The hnRNA contains non-coding sequences called introns and coding sequences called exons. In splicing, the introns are removed, and the exons are joined together in a precise order to form the mature, functional mRNA.</p><p>This entire process of RNA processing occurs in the <b>nucleus</b> of the eukaryotic cell.</p>"
                    },
                    "question_type": "Short Answer (3 marks)",
                    "difficulty_level": "Medium",
                    "explanation_html": null
                  }
                ]
              },
              {
                "chapter_name": "Biodiversity and Conservation",
                "questions": [
                  {
                    "question_no": 28,
                    "question_html": "<p>The world is facing accelerated rates of species extinction largely due to human activities. Explain any three human activities responsible for accelerated rates of species extinction.</p>",
                    "options": [],
                    "correct_answer": {
                      "text": "<p>Three major human activities responsible for accelerated species extinction, often called 'The Evil Quartet', are:</p><p>1.  <b>Habitat Loss and Fragmentation:</b> This is the most important cause. Degradation and destruction of natural habitats, such as the clearing of tropical rainforests for agriculture or development, destroys the homes of countless species. Fragmentation of large habitats into smaller, isolated patches also adversely affects animals requiring large territories and those with migratory habits.</p><p>2.  <b>Over-exploitation:</b> Humans have always depended on nature, but when 'need' turns to 'greed', it leads to the over-exploitation of natural resources. Many species, such as the Steller's sea cow and passenger pigeon, have been hunted to extinction. Many marine fish populations are also being overharvested.</p><p>3.  <b>Alien Species Invasions:</b> When non-native species are introduced into a habitat, either intentionally or unintentionally, they can become invasive, competing with, preying on, or spreading diseases to native species that lack natural defenses against them. The introduction of the Nile perch into Lake Victoria, for example, led to the extinction of over 200 species of cichlid fish.</p>"
                    },
                    "question_type": "Short Answer (3 marks)",
                    "difficulty_level": "Medium",
                    "explanation_html": null
                  }
                ]
              },
              {
                "chapter_name": "Human Reproduction",
                "questions": [
                  {
                    "question_no": 29,
                    "question_html": "<p>In a human female, the reproductive phase starts on the onset of puberty and ceases around middle age of the female. Study the graph given below regarding menstrual cycle and answer the questions that follow :</p><p>(a) Name the hormones and their source organ, which are responsible for menstrual cycle at puberty.</p><p>(b) For successful pregnancy, at what phase of the menstrual cycle an early embryo (upto 8 blastomeres) should be Implanted in the Uterus (IUT) of a human female who has opted for Assisted Reproductive Technology (ART) ? Support your answer with a reason.</p><p>(c) Name the hormone and its source organ responsible for the events occurring during proliferative phase of menstrual cycle. Explain the event.</p><p>OR</p><p>(c) In a normal human female, why does menstruation only occurs if the released ovum is not fertilised ? Explain.</p>",
                    "images": [
                      {
                        "url": "https://img.testbuddyai.com/Biology-57-5-24-Q29.png"
                      }
                    ],
                    "options": [],
                    "correct_answer": {
                      "text": "<p>(a) The primary hormones are <b>LH (Luteinizing Hormone)</b> and <b>FSH (Follicle-Stimulating Hormone)</b>. Their source organ is the <b>anterior pituitary gland</b>.</p><p>(b) The embryo should be implanted during the <b>luteal phase</b> or <b>secretory phase</b> (approximately days 15-25 of the cycle). This is because during this phase, the endometrium (uterine lining) is maximally thickened, vascularized, and rich in glycogen under the influence of progesterone, making it receptive and suitable for the implantation of an early embryo.</p><p>(c) The hormone is <b>Estrogen</b>, and its source is the growing <b>ovarian follicles (Graafian follicle)</b>. The event is the regeneration and proliferation of the endometrium, which was shed during the previous menstruation.</p><p>OR</p><p>(c) If the released ovum is not fertilized, the corpus luteum (formed from the ruptured follicle) degenerates. This causes a sharp decline in the level of the hormone progesterone. The withdrawal of progesterone leads to the disintegration of the endometrium and its blood vessels, resulting in the menstrual flow.</p>"
                    },
                    "question_type": "Case-based Subjective",
                    "difficulty_level": "Hard",
                    "explanation_html": null
                  }
                ]
              },
              {
                "chapter_name": "Human Health and Disease",
                "questions": [
                  {
                    "question_no": 30,
                    "question_html": "<p>Read the following passage and answer the questions that follow :</p><p>\"Mosquitoes are drastically affecting the human health in almost all the developing tropical countries...\"</p><p>(a) Name the form in which Plasmodium gains entry into (i) human body (ii) the female Anopheles body.</p><p>(b) Why do the symptoms of malaria not appear in a person immediately after being bitten by an infected female Anopheles ? Give one reason. Explain when and how do the symptoms of the disease would appear.</p><p>OR</p><p>(b) Explain the events which occur within a female Anopheles mosquito after it has sucked blood from a malaria patient.</p><p>(c) Name a species of mosquito other than female Anopheles and the disease, for which it carries the pathogen.</p>",
                    "options": [],
                    "correct_answer": {
                      "text": "<p>(a) (i) In the human body, *Plasmodium* enters as <b>sporozoites</b>.</p><p>(ii) In the female *Anopheles* body, it enters as <b>gametocytes</b>.</p><p>(b) Symptoms do not appear immediately because the sporozoites first need to undergo a period of asexual reproduction and multiplication, initially in the liver cells and then in the red blood cells (RBCs).</p><p>The symptoms of malaria (recurring chill and high fever) appear when the infected RBCs rupture, releasing a toxic substance called <b>haemozoin</b> into the bloodstream. This rupture and release occur in a synchronized cycle every 3 to 4 days.</p><p>OR</p><p>(b) After a female *Anopheles* mosquito sucks the blood of a malaria patient, the following events occur inside it: The gametocytes (male and female) are taken up. Fertilization occurs in the mosquito's gut/stomach. The resulting zygote develops into sporozoites, which escape from the gut and migrate to the mosquito's salivary glands, making the mosquito infective.</p><p>(c) <b>Mosquito species:</b> *Aedes*</p><p><b>Disease:</b> Dengue or Chikungunya</p>"
                    },
                    "question_type": "Case-based Subjective",
                    "difficulty_level": "Hard",
                    "explanation_html": null
                  }
                ]
              },
              {
                "chapter_name": "Biotechnology : Principles and Processes",
                "questions": [
                  {
                    "question_no": 31,
                    "question_html": "<p>(a) (i) Draw a schematic diagram of the cloning vector pBR 322 and label (1) Bam HI site (2) gene for ampicillin resistance (3) ‘ori' (4) 'rop' gene.</p><p>(ii) State the role of 'rop' gene.</p><p>(iii) A cloning vector does not have a selectable marker. How will it affect the process of cloning ?</p><p>(iv) Why is insertional inactivation preferred over the use of selectable markers in cloning vectors ?</p><p>OR</p><p>(b) (i) Name the nematode (scientific name) that infects the roots of tobacco plant and reduces its yield.</p><p>(ii) Name the vector that is used to introduce nematode-specific genes into the host plant (tobacco).</p><p>(iii) How do sense and anti-sense RNAs function ?</p><p>(iv) Why could parasite not survive in a transgenic tobacco plant ?</p>",
                    "options": [],
                    "correct_answer": {
                      "text": "<p>(a) (i) [A schematic diagram of pBR322 should be drawn with labels for ori, rop, amp<sup>R</sup>, and the BamHI site located within the tet<sup>R</sup> gene.]</p><p>(ii) The 'rop' gene codes for proteins involved in the replication of the plasmid.</p><p>(iii) If a cloning vector lacks a selectable marker, it will be impossible to differentiate between transformed cells (which have taken up the plasmid) and non-transformed cells. This makes the selection process extremely difficult and inefficient.</p><p>(iv) Insertional inactivation is a one-step process for identifying recombinants. When a gene is inserted into a selectable marker, that marker becomes inactive. For example, plating on a single medium containing ampicillin and a chromogenic substrate can differentiate recombinants (white colonies) from non-recombinants (blue colonies). Using two selectable markers would require a two-step process of replica plating, which is more cumbersome.</p><p>OR</p><p>(b) (i) The nematode is <i>Meloidegyne incognita</i>.</p><p>(ii) The vector used is the <i>Agrobacterium tumefaciens</i> Ti plasmid.</p><p>(iii) The sense and anti-sense RNAs are complementary to each other and bind to form a double-stranded RNA (dsRNA).</p><p>(iv) The parasite could not survive because the introduced genes in the tobacco plant produce sense and anti-sense RNA. This forms dsRNA, which initiates a process called RNA interference (RNAi). RNAi silences the specific mRNA of the nematode, preventing the translation of a protein essential for its survival. Unable to produce this vital protein, the parasite dies.</p>"
                    },
                    "question_type": "Long Answer (5 marks)",
                    "difficulty_level": "Hard",
                    "explanation_html": null
                  }
                ]
              },
              {
                "chapter_name": "Human Reproduction",
                "questions": [
                  {
                    "question_no": 32,
                    "question_html": "<p>(a) (i) Draw a diagram of a human sperm. Label any four parts and write their functions.</p><p>(ii) In a human female, probability of an ovum to get fertilized by more than one sperm is impossible. Give reason.</p><p>OR</p><p>(b) (i) With the help of labelled diagram only, show the different stages of embryo development in a dicot plant.</p><p>(ii) Endosperm development precedes embryo development. Justify.</p>",
                    "options": [],
                    "correct_answer": {
                      "text": "<p>(a) (i) [Diagram of a human sperm should be drawn].</p><p><b>Four parts and their functions:</b></p><ul><li><b>Head (Nucleus):</b> Contains the chromosomal/genetic material.</li><li><b>Acrosome:</b> A cap-like structure filled with enzymes that help in the fertilization of the ovum by allowing the sperm to penetrate the egg.</li><li><b>Middle piece:</b> Contains numerous mitochondria, which produce energy for the movement of the tail, facilitating sperm motility.</li><li><b>Tail:</b> Provides motility, helping the sperm to swim towards the ovum.</li></ul><p>(ii) This is impossible due to mechanisms that prevent polyspermy. When a sperm comes into contact with the Zona Pellucida layer of the ovum, it induces changes in the membrane that block the entry of any additional sperm, ensuring that only one sperm fertilizes the egg.</p><p>OR</p><p>(b) (i) [Labelled diagrams showing the stages of dicot embryo development: Zygote → Globular Embryo → Heart-Shaped Embryo → Mature Embryo].</p><p>(ii) Endosperm development precedes embryo development because the endosperm's primary function is to provide nutrition to the developing embryo. By developing first, it ensures that a ready supply of nourishment is available for the embryo as it starts to grow and differentiate. This is an adaptation to provide assured nutrition.</p>"
                    },
                    "question_type": "Long Answer (5 marks)",
                    "difficulty_level": "Hard",
                    "explanation_html": null
                  }
                ]
              },
              {
                "chapter_name": "Evolution",
                "questions": [
                  {
                    "question_no": 33,
                    "question_html": "<p>(a) Natural selection operates in different ways in nature.</p><p>(i) Identify the type of natural selection depicted in the graph above.</p><p>(ii) In England after industrialisation, the population of dark winged moths were more favoured than white winged moth. Explain.</p><p>(iii) Anthropogenic action can enhance the rate of evolution. Explain with the help of an example.</p><p>OR</p><p>(b) (i) Why did Hershey and Chase use <sup>35</sup>S and <sup>32</sup>P in their experiment ? Explain.</p><p>(ii) State the importance of (1) blending and (2) centrifugation in their experiment.</p><p>(iii) Write the conclusion they arrived at the end of their experiment.</p>",
                    "images": [
                      {
                        "url": "https://img.testbuddyai.com/Biology-57-5-24-Q33.png"
                      }
                    ],
                    "options": [],
                    "correct_answer": {
                      "text": "<p>(a) (i) The graph depicts <b>Directional Selection</b>, where one extreme phenotype is favoured over other phenotypes, causing the allele frequency to shift over time in the direction of that phenotype.</p><p>(ii) This is an example of industrial melanism. Before industrialization, the tree trunks were light-colored, so white-winged moths were camouflaged and survived, while dark moths were easily spotted and eaten by predators. After industrialization, smoke and soot made the tree trunks dark. Now, the dark-winged moths were camouflaged and survived, while the white-winged moths were easily preyed upon. Natural selection favoured the dark moths in the new environment.</p><p>(iii) Anthropogenic (human-induced) actions can enhance evolution by creating strong selective pressures. For example, the excessive use of herbicides or pesticides in agriculture selects for resistant varieties of weeds or pests. Only those individuals with resistance survive and reproduce, leading to a rapid evolution of a resistant population.</p><p>OR</p><p>(b) (i) Hershey and Chase used <sup>35</sup>S and <sup>32</sup>P because proteins contain sulfur (in amino acids like methionine) but not phosphorus, while DNA contains phosphorus (in its sugar-phosphate backbone) but not sulfur. This allowed them to selectively label and track the viral protein coat and the viral DNA separately.</p><p>(ii) (1) <b>Blending</b> was important to agitate the mixture and remove the viral coats that were attached to the outside of the bacteria after infection.</p><p>(2) <b>Centrifugation</b> was important to separate the heavier bacterial cells (which would form a pellet at the bottom) from the lighter viral particles (which would remain in the supernatant).</p><p>(iii) They concluded that <b>DNA is the genetic material</b>, not protein. This was because the radioactive phosphorus (<sup>32</sup>P), used to label DNA, was found inside the bacterial cells, while the radioactive sulfur (<sup>35</sup>S), used to label protein, was found in the supernatant with the viral coats.</p>"
                    },
                    "question_type": "Long Answer (5 marks)",
                    "difficulty_level": "Hard",
                    "explanation_html": null
                  }
                ]
              }
            ]
          }
        ]
      }
    ]
  }
]