[
  {
    "exam_name_actual": "CBSE Board - Class 10",
    "main_exam_id_name_ref": "CBSE Board - Class 10",
    "years": [
      {
        "year": "2024",
        "papers_or_subjects": [
          {
            "paper_name": "CBSE Class 10 Mathematics (Basic) Paper 2024 (QP Code: 430/3/1)",
            "subject_name": "Mathematics",
            "chapters": [
              {
                "chapter_name": "Circles",
                "questions": [
                  {
                    "question_no": 1,
                    "question_html": "<p>In the given figure, tangents PA and PB drawn from P to circle are inclined to each other at an angle of 80°. The measure of ∠PAB is</p>",
                    "images": [
                      {
                        "url": "https://img.testbuddyai.com/Maths-430-3-24-Q1.png"
                      }
                    ],
                    "options": [
                      {
                        "id": "a",
                        "text": "80°"
                      },
                      {
                        "id": "b",
                        "text": "60°"
                      },
                      {
                        "id": "c",
                        "text": "50°"
                      },
                      {
                        "id": "d",
                        "text": "40°"
                      }
                    ],
                    "correct_answer": {
                      "ids": [
                        "c"
                      ]
                    },
                    "question_type": "mcq_single",
                    "difficulty_level": "medium",
                    "explanation_html": "<p>In ΔPAB, the lengths of tangents from an external point P to a circle are equal. So, PA = PB.</p><p>Since two sides are equal, ΔPAB is an isosceles triangle.</p><p>The angles opposite to the equal sides are also equal, so ∠PAB = ∠PBA.</p><p>The sum of angles in a triangle is 180°. In ΔPAB:</p><p>∠APB + ∠PAB + ∠PBA = 180°</p><p>Given ∠APB = 80°.</p><p>80° + ∠PAB + ∠PAB = 180°</p><p>2∠PAB = 180° - 80°</p><p>2∠PAB = 100°</p><p>∠PAB = 50°</p>"
                  }
                ]
              },
              {
                "chapter_name": "Quadratic Equations",
                "questions": [
                  {
                    "question_no": 2,
                    "question_html": "<p>The value(s) of k for which the quadratic equation 5x² – 9kx + 5 = 0 has real and equal roots, is/are :</p>",
                    "options": [
                      {
                        "id": "a",
                        "text": "-10/9"
                      },
                      {
                        "id": "b",
                        "text": "±9/10"
                      },
                      {
                        "id": "c",
                        "text": "10/9"
                      },
                      {
                        "id": "d",
                        "text": "±10/9"
                      }
                    ],
                    "correct_answer": {
                      "ids": [
                        "d"
                      ]
                    },
                    "question_type": "mcq_single",
                    "difficulty_level": "medium",
                    "explanation_html": "<p>For a quadratic equation to have real and equal roots, its discriminant (D) must be zero. The discriminant is given by D = b² - 4ac.</p><p>For the equation 5x² – 9kx + 5 = 0, we have:</p><p>a = 5, b = -9k, c = 5</p><p>Setting D = 0:</p><p>(-9k)² - 4(5)(5) = 0</p><p>81k² - 100 = 0</p><p>81k² = 100</p><p>k² = 100/81</p><p>k = ±√(100/81)</p><p>k = ±10/9</p>"
                  }
                ]
              },
              {
                "chapter_name": "Coordinate Geometry",
                "questions": [
                  {
                    "question_no": 3,
                    "question_html": "<p>The distance between the points A(−1, 5) and B(6, −2) is :</p>",
                    "options": [
                      {
                        "id": "a",
                        "text": "2√7"
                      },
                      {
                        "id": "b",
                        "text": "7√2"
                      },
                      {
                        "id": "c",
                        "text": "49"
                      },
                      {
                        "id": "d",
                        "text": "14"
                      }
                    ],
                    "correct_answer": {
                      "ids": [
                        "b"
                      ]
                    },
                    "question_type": "mcq_single",
                    "difficulty_level": "easy",
                    "explanation_html": "<p>Using the distance formula, d = √[(x₂ - x₁)² + (y₂ - y₁)²].</p><p>Here, (x₁, y₁) = (-1, 5) and (x₂, y₂) = (6, -2).</p><p>d = √[(6 - (-1))² + (-2 - 5)²]</p><p>d = √[(7)² + (-7)²]</p><p>d = √[49 + 49]</p><p>d = √[2 × 49]</p><p>d = 7√2</p>"
                  }
                ]
              },
              {
                "chapter_name": "Polynomials",
                "questions": [
                  {
                    "question_no": 4,
                    "question_html": "<p>A quadratic polynomial whose zeroes are 3 and −2, is :</p>",
                    "options": [
                      {
                        "id": "a",
                        "text": "x² – x – 6"
                      },
                      {
                        "id": "b",
                        "text": "x² + x – 6"
                      },
                      {
                        "id": "c",
                        "text": "2x² – x – 12"
                      },
                      {
                        "id": "d",
                        "text": "x² + x + 6"
                      }
                    ],
                    "correct_answer": {
                      "ids": [
                        "a"
                      ]
                    },
                    "question_type": "mcq_single",
                    "difficulty_level": "easy",
                    "explanation_html": "<p>A quadratic polynomial can be formed using its zeroes (α and β) with the formula: k[x² - (α + β)x + αβ], where k is a non-zero constant.</p><p>Given zeroes are α = 3 and β = -2.</p><p>Sum of zeroes (α + β) = 3 + (-2) = 1.</p><p>Product of zeroes (αβ) = 3 × (-2) = -6.</p><p>Substituting these values into the formula (with k=1):</p><p>x² - (1)x + (-6) = x² - x - 6</p>"
                  }
                ]
              },
              {
                "chapter_name": "Pair of Linear Equations in Two Variables",
                "questions": [
                  {
                    "question_no": 5,
                    "question_html": "<p>The lines represented by linear equations x = a and y = b (a ≠ b) are</p>",
                    "options": [
                      {
                        "id": "a",
                        "text": "intersecting at (a, b)."
                      },
                      {
                        "id": "b",
                        "text": "intersecting at (b, a)."
                      },
                      {
                        "id": "c",
                        "text": "parallel."
                      },
                      {
                        "id": "d",
                        "text": "coincident."
                      }
                    ],
                    "correct_answer": {
                      "ids": [
                        "a"
                      ]
                    },
                    "question_type": "mcq_single",
                    "difficulty_level": "easy",
                    "explanation_html": "<p>The equation x = a represents a vertical line parallel to the y-axis, passing through the point (a, 0).</p><p>The equation y = b represents a horizontal line parallel to the x-axis, passing through the point (0, b).</p><p>A vertical line and a horizontal line are perpendicular to each other and will intersect at a single point. The point of intersection is where both conditions are satisfied, i.e., where the x-coordinate is 'a' and the y-coordinate is 'b'.</p><p>Therefore, the lines intersect at the point (a, b).</p>"
                  }
                ]
              },
              {
                "chapter_name": "Triangles",
                "questions": [
                  {
                    "question_no": 6,
                    "question_html": "<p>If in the given figure, DE || BC. If AD = 2.8 cm, DB = 2.1 cm and EC = 4.8 cm, then the value of x is :</p>",
                    "images": [
                      {
                        "url": "https://img.testbuddyai.com/Maths-430-3-24-Q6.png"
                      }
                    ],
                    "options": [
                      {
                        "id": "a",
                        "text": "3.6 cm"
                      },
                      {
                        "id": "b",
                        "text": "2.4 cm"
                      },
                      {
                        "id": "c",
                        "text": "6.4 cm"
                      },
                      {
                        "id": "d",
                        "text": "4.8 cm"
                      }
                    ],
                    "correct_answer": {
                      "ids": [
                        "c"
                      ]
                    },
                    "question_type": "mcq_single",
                    "difficulty_level": "easy",
                    "explanation_html": "<p>According to the Basic Proportionality Theorem (Thales's Theorem), if a line is drawn parallel to one side of a triangle intersecting the other two sides, then it divides the two sides in the same ratio.</p><p>Since DE || BC, we have:</p><p>AD / DB = AE / EC</p><p>Given values: AD = 2.8 cm, DB = 2.1 cm, EC = 4.8 cm, and AE = x.</p><p>2.8 / 2.1 = x / 4.8</p><p>x = (2.8 × 4.8) / 2.1</p><p>x = (28 × 48) / (21 × 10) = (4 × 48) / (3 × 10) = 4 × 1.6 = 6.4 cm</p>"
                  }
                ]
              },
              {
                "chapter_name": "Introduction to Trigonometry",
                "questions": [
                  {
                    "question_no": 7,
                    "question_html": "<p>In a right-angled triangle ABC, ∠A = 90° and AB = AC. The value of sin C is :</p>",
                    "options": [
                      {
                        "id": "a",
                        "text": "0"
                      },
                      {
                        "id": "b",
                        "text": "√3/2"
                      },
                      {
                        "id": "c",
                        "text": "1/2"
                      },
                      {
                        "id": "d",
                        "text": "1/√2"
                      }
                    ],
                    "correct_answer": {
                      "ids": [
                        "d"
                      ]
                    },
                    "question_type": "mcq_single",
                    "difficulty_level": "easy",
                    "explanation_html": "<p>In ΔABC, AB = AC, so it is an isosceles triangle. The angles opposite the equal sides are equal, so ∠B = ∠C.</p><p>The sum of angles in a triangle is 180°. So, ∠A + ∠B + ∠C = 180°.</p><p>Given ∠A = 90°.</p><p>90° + ∠C + ∠C = 180°</p><p>2∠C = 90°</p><p>∠C = 45°</p><p>The value of sin C = sin 45° = 1/√2.</p>"
                  }
                ]
              },
              {
                "chapter_name": "Probability",
                "questions": [
                  {
                    "question_no": 8,
                    "question_html": "<p>A die is thrown once. The probability of getting a number less than 6, is :</p>",
                    "options": [
                      {
                        "id": "a",
                        "text": "0"
                      },
                      {
                        "id": "b",
                        "text": "5/6"
                      },
                      {
                        "id": "c",
                        "text": "1/6"
                      },
                      {
                        "id": "d",
                        "text": "1"
                      }
                    ],
                    "correct_answer": {
                      "ids": [
                        "b"
                      ]
                    },
                    "question_type": "mcq_single",
                    "difficulty_level": "easy",
                    "explanation_html": "<p>When a die is thrown once, the sample space (total possible outcomes) is S = {1, 2, 3, 4, 5, 6}. So, the total number of outcomes is 6.</p><p>The favorable outcomes are the numbers less than 6, which are E = {1, 2, 3, 4, 5}. The number of favorable outcomes is 5.</p><p>Probability = (Number of favorable outcomes) / (Total number of outcomes) = 5/6.</p>"
                  }
                ]
              },
              {
                "chapter_name": "Circles",
                "questions": [
                  {
                    "question_no": 9,
                    "question_html": "<p>From an external point P, a tangent PA is drawn to a circle. The number of tangents through P parallel to PA is :</p>",
                    "options": [
                      {
                        "id": "a",
                        "text": "2"
                      },
                      {
                        "id": "b",
                        "text": "more than 2"
                      },
                      {
                        "id": "c",
                        "text": "1"
                      },
                      {
                        "id": "d",
                        "text": "0"
                      }
                    ],
                    "correct_answer": {
                      "ids": [
                        "d"
                      ]
                    },
                    "question_type": "mcq_single",
                    "difficulty_level": "medium",
                    "explanation_html": "<p>A tangent to a circle touches the circle at exactly one point. The line PA is a tangent through point P. A line parallel to PA passing through the same point P would be the line PA itself. However, the question asks for other tangents. A line can only be tangent at one point. There cannot be another tangent passing through the same external point P that is also parallel to the existing tangent PA. Any other line through P would either be a secant or not touch the circle at all. Therefore, there are no other tangents through P that are parallel to PA.</p>"
                  }
                ]
              },
              {
                "chapter_name": "Surface Areas and Volumes",
                "questions": [
                  {
                    "question_no": 10,
                    "question_html": "<p>If the volume of a sphere is 11/21 cm³, then the radius of the sphere is :</p>",
                    "options": [
                      {
                        "id": "a",
                        "text": "2 cm"
                      },
                      {
                        "id": "b",
                        "text": "4 cm"
                      },
                      {
                        "id": "c",
                        "text": "1/2 cm"
                      },
                      {
                        "id": "d",
                        "text": "1/4 cm"
                      }
                    ],
                    "correct_answer": {
                      "ids": [
                        "c"
                      ]
                    },
                    "question_type": "mcq_single",
                    "difficulty_level": "medium",
                    "explanation_html": "<p>The volume of a sphere is given by the formula V = (4/3)πr³.</p><p>Given V = 11/21 cm³. Using π = 22/7.</p><p>11/21 = (4/3) × (22/7) × r³</p><p>11/21 = (88/21) × r³</p><p>Multiply both sides by 21:</p><p>11 = 88r³</p><p>r³ = 11/88 = 1/8</p><p>r = ³√(1/8) = 1/2 cm</p>"
                  }
                ]
              },
              {
                "chapter_name": "Polynomials",
                "questions": [
                  {
                    "question_no": 11,
                    "question_html": "<p>In the given figure, graph of a polynomial f(x) is shown. The number of zeroes of polynomial f(x) is :</p>",
                    "images": [
                      {
                        "url": "https://img.testbuddyai.com/Maths-430-3-24-Q11.png"
                      }
                    ],
                    "options": [
                      {
                        "id": "a",
                        "text": "3"
                      },
                      {
                        "id": "b",
                        "text": "1"
                      },
                      {
                        "id": "c",
                        "text": "0"
                      },
                      {
                        "id": "d",
                        "text": "2"
                      }
                    ],
                    "correct_answer": {
                      "ids": [
                        "d"
                      ]
                    },
                    "question_type": "mcq_single",
                    "difficulty_level": "easy",
                    "explanation_html": "<p>The zeroes of a polynomial are the x-coordinates of the points where its graph intersects the x-axis. Observing the given graph, the curve intersects the x-axis at two distinct points. Therefore, the number of zeroes is 2.</p>"
                  }
                ]
              },
              {
                "chapter_name": "Areas Related to Circles",
                "questions": [
                  {
                    "question_no": 12,
                    "question_html": "<p>In the given figure, two concentric circles of radii 5 cm and 3 cm have their centre O. OAB is a sector of outer circle making an angle of 60° at the centre while OCD is the sector of smaller circle. The area of the shaded region is :</p>",
                    "images": [
                      {
                        "url": "https://img.testbuddyai.com/Maths-430-3-24-Q12.png"
                      }
                    ],
                    "options": [
                      {
                        "id": "a",
                        "text": "7π/2 cm²"
                      },
                      {
                        "id": "b",
                        "text": "8π/3 cm²"
                      },
                      {
                        "id": "c",
                        "text": "25π/6 cm²"
                      },
                      {
                        "id": "d",
                        "text": "3π/2 cm²"
                      }
                    ],
                    "correct_answer": {
                      "ids": [
                        "b"
                      ]
                    },
                    "question_type": "mcq_single",
                    "difficulty_level": "medium",
                    "explanation_html": "<p>The area of the shaded region is the area of the larger sector (OAB) minus the area of the smaller sector (OCD).</p><p>Area of a sector = (θ/360°) × πr².</p><p>Radius of outer circle (R) = 5 cm.</p><p>Radius of inner circle (r) = 3 cm.</p><p>Angle (θ) = 60°.</p><p>Area of shaded region = (60/360) × π(5)² - (60/360) × π(3)²</p><p>= (1/6)π (25 - 9)</p><p>= (1/6)π (16) = 16π/6 = 8π/3 cm²</p>"
                  }
                ]
              },
              {
                "chapter_name": "Statistics",
                "questions": [
                  {
                    "question_no": 13,
                    "question_html": "<p>If the mean and median of a data are 10 and 11 respectively, then mode of the data is :</p>",
                    "options": [
                      {
                        "id": "a",
                        "text": "12"
                      },
                      {
                        "id": "b",
                        "text": "8"
                      },
                      {
                        "id": "c",
                        "text": "20"
                      },
                      {
                        "id": "d",
                        "text": "13"
                      }
                    ],
                    "correct_answer": {
                      "ids": [
                        "d"
                      ]
                    },
                    "question_type": "mcq_single",
                    "difficulty_level": "easy",
                    "explanation_html": "<p>Using the empirical relationship between mean, median, and mode: Mode = 3 Median - 2 Mean.</p><p>Given Mean = 10 and Median = 11.</p><p>Mode = 3(11) - 2(10)</p><p>Mode = 33 - 20 = 13.</p>"
                  }
                ]
              },
              {
                "chapter_name": "Probability",
                "questions": [
                  {
                    "question_no": 14,
                    "question_html": "<p>Two fair coins are tossed together. The probability of getting 2 heads, is :</p>",
                    "options": [
                      {
                        "id": "a",
                        "text": "1/2"
                      },
                      {
                        "id": "b",
                        "text": "3/4"
                      },
                      {
                        "id": "c",
                        "text": "1/4"
                      },
                      {
                        "id": "d",
                        "text": "3/8"
                      }
                    ],
                    "correct_answer": {
                      "ids": [
                        "c"
                      ]
                    },
                    "question_type": "mcq_single",
                    "difficulty_level": "easy",
                    "explanation_html": "<p>When two fair coins are tossed, the sample space of all possible outcomes is S = {HH, HT, TH, TT}. The total number of outcomes is 4.</p><p>The event of getting 2 heads corresponds to the outcome {HH}. The number of favorable outcomes is 1.</p><p>Probability = (Number of favorable outcomes) / (Total number of outcomes) = 1/4.</p>"
                  }
                ]
              },
              {
                "chapter_name": "Introduction to Trigonometry",
                "questions": [
                  {
                    "question_no": 15,
                    "question_html": "<p>If cos A = 1/2, then tan A is equal to</p>",
                    "options": [
                      {
                        "id": "a",
                        "text": "1/√3"
                      },
                      {
                        "id": "b",
                        "text": "√3"
                      },
                      {
                        "id": "c",
                        "text": "3"
                      },
                      {
                        "id": "d",
                        "text": "3/2"
                      }
                    ],
                    "correct_answer": {
                      "ids": [
                        "b"
                      ]
                    },
                    "question_type": "mcq_single",
                    "difficulty_level": "easy",
                    "explanation_html": "<p>If cos A = 1/2, then for an acute angle, A = 60°.</p><p>We need to find tan A = tan 60°.</p><p>The value of tan 60° is √3.</p>"
                  }
                ]
              },
              {
                "chapter_name": "Surface Areas and Volumes",
                "questions": [
                  {
                    "question_no": 16,
                    "question_html": "<p>From a solid cube of side 14 cm, a sphere of maximum diameter is carved out. The radius of sphere is :</p>",
                    "options": [
                      {
                        "id": "a",
                        "text": "7 cm"
                      },
                      {
                        "id": "b",
                        "text": "14 cm"
                      },
                      {
                        "id": "c",
                        "text": "7/2 cm"
                      },
                      {
                        "id": "d",
                        "text": "√14 cm"
                      }
                    ],
                    "correct_answer": {
                      "ids": [
                        "a"
                      ]
                    },
                    "question_type": "mcq_single",
                    "difficulty_level": "easy",
                    "explanation_html": "<p>For a sphere of maximum diameter to be carved from a cube, its diameter must be equal to the side length of the cube.</p><p>Side of the cube = 14 cm.</p><p>Maximum diameter of the sphere = 14 cm.</p><p>Radius of the sphere = Diameter / 2 = 14 / 2 = 7 cm.</p>"
                  }
                ]
              },
              {
                "chapter_name": "Arithmetic Progressions",
                "questions": [
                  {
                    "question_no": 17,
                    "question_html": "<p>The common difference of an A.P. whose nth term is given by aₙ = 5n – 1, is :</p>",
                    "options": [
                      {
                        "id": "a",
                        "text": "1"
                      },
                      {
                        "id": "b",
                        "text": "6"
                      },
                      {
                        "id": "c",
                        "text": "5"
                      },
                      {
                        "id": "d",
                        "text": "4"
                      }
                    ],
                    "correct_answer": {
                      "ids": [
                        "c"
                      ]
                    },
                    "question_type": "mcq_single",
                    "difficulty_level": "easy",
                    "explanation_html": "<p>To find the common difference, we can find the first two terms of the A.P.</p><p>For n = 1, a₁ = 5(1) - 1 = 4.</p><p>For n = 2, a₂ = 5(2) - 1 = 9.</p><p>The common difference (d) = a₂ - a₁ = 9 - 4 = 5.</p>"
                  }
                ]
              },
              {
                "chapter_name": "Statistics",
                "questions": [
                  {
                    "question_no": 18,
                    "question_html": "<p>If for a distribution, Σfᵢxᵢ = 132 + 5p, Σfᵢ = 20 and the mean of the distribution is 8.1, then the value of p is :</p>",
                    "options": [
                      {
                        "id": "a",
                        "text": "3"
                      },
                      {
                        "id": "b",
                        "text": "6"
                      },
                      {
                        "id": "c",
                        "text": "4"
                      },
                      {
                        "id": "d",
                        "text": "5"
                      }
                    ],
                    "correct_answer": {
                      "ids": [
                        "b"
                      ]
                    },
                    "question_type": "mcq_single",
                    "difficulty_level": "medium",
                    "explanation_html": "<p>The formula for the mean of a distribution is Mean = (Σfᵢxᵢ) / (Σfᵢ).</p><p>Given: Mean = 8.1, Σfᵢxᵢ = 132 + 5p, Σfᵢ = 20.</p><p>8.1 = (132 + 5p) / 20</p><p>8.1 × 20 = 132 + 5p</p><p>162 = 132 + 5p</p><p>162 - 132 = 5p</p><p>30 = 5p</p><p>p = 6</p>"
                  }
                ]
              },
              {
                "chapter_name": "Coordinate Geometry",
                "questions": [
                  {
                    "question_no": 19,
                    "question_html": "<p><b>Assertion (A) :</b> The distance of P(a, b) from origin is a² + b².<br><b>Reason (R) :</b> The distance between two points A(x₁, y₁) and B(x₂, y₂) is √[(x₂ - x₁)² + (y₂ - y₁)²].</p>",
                    "options": [
                      {
                        "id": "a",
                        "text": "Both Assertion (A) and Reason (R) are true. Reason (R) is the correct explanation of Assertion (A)."
                      },
                      {
                        "id": "b",
                        "text": "Both Assertion (A) and Reason (R) are true. Reason (R) is not the correct explanation of Assertion (A)."
                      },
                      {
                        "id": "c",
                        "text": "Assertion (A) is true, but Reason (R) is false."
                      },
                      {
                        "id": "d",
                        "text": "Assertion (A) is false, but Reason (R) is true."
                      }
                    ],
                    "correct_answer": {
                      "ids": [
                        "d"
                      ]
                    },
                    "question_type": "mcq_single",
                    "difficulty_level": "medium",
                    "explanation_html": "<p><b>Reason (R):</b> The formula provided for the distance between two points is the correct distance formula. So, Reason (R) is true.</p><p><b>Assertion (A):</b> Using the distance formula from Reason (R), the distance of P(a, b) from the origin (0, 0) is √[(a - 0)² + (b - 0)²] = √(a² + b²). The assertion states the distance is a² + b², which is missing the square root. Therefore, Assertion (A) is false.</p>"
                  }
                ]
              },
              {
                "chapter_name": "Real Numbers",
                "questions": [
                  {
                    "question_no": 20,
                    "question_html": "<p><b>Assertion (A) :</b> √2 (5 – √2) is an irrational number.<br><b>Reason (R) :</b> Product of two irrational numbers is always irrational.</p>",
                    "options": [
                      {
                        "id": "a",
                        "text": "Both Assertion (A) and Reason (R) are true. Reason (R) is the correct explanation of Assertion (A)."
                      },
                      {
                        "id": "b",
                        "text": "Both Assertion (A) and Reason (R) are true. Reason (R) is not the correct explanation of Assertion (A)."
                      },
                      {
                        "id": "c",
                        "text": "Assertion (A) is true, but Reason (R) is false."
                      },
                      {
                        "id": "d",
                        "text": "Assertion (A) is false, but Reason (R) is true."
                      }
                    ],
                    "correct_answer": {
                      "ids": [
                        "c"
                      ]
                    },
                    "question_type": "mcq_single",
                    "difficulty_level": "medium",
                    "explanation_html": "<p><b>Assertion (A):</b> √2 (5 – √2) = 5√2 - 2. This is the sum of an irrational number (5√2) and a rational number (-2), which is always irrational. So, Assertion (A) is true.</p><p><b>Reason (R):</b> The product of two irrational numbers is not always irrational. For example, √2 × √2 = 2, which is rational. Therefore, Reason (R) is false.</p>"
                  }
                ]
              },
              {
                "chapter_name": "Coordinate Geometry",
                "questions": [
                  {
                    "question_no": 21,
                    "question_html": "<p>If Q(0, 2) is equidistant from P(5, −3) and R(x, 7), find the value(s) of x.</p><p>OR</p><p>If A(1, 1) and B(7, 9) are the end points of a diameter of a circle, then find the co-ordinates of the centre of the circle.</p>",
                    "options": [],
                    "correct_answer": {
                      "text": "<p>Since Q(0, 2) is equidistant from P(5, -3) and R(x, 7), the distance QP must be equal to the distance QR.</p><p>Using the distance formula, d = √[(x₂-x₁)² + (y₂-y₁)²], we have QP² = QR².</p><p>(5 - 0)² + (-3 - 2)² = (x - 0)² + (7 - 2)²</p><p>5² + (-5)² = x² + 5²</p><p>25 + 25 = x² + 25</p><p>50 = x² + 25</p><p>x² = 25</p><p>x = ±5</p><p>The possible values of x are 5 and -5.</p><p>OR</p><p>The center of the circle is the midpoint of its diameter AB.</p><p>Given the endpoints of the diameter A(1, 1) and B(7, 9).</p><p>Using the midpoint formula, Center(x, y) = [ (x₁+x₂)/2, (y₁+y₂)/2 ].</p><p>Center = [ (1+7)/2, (1+9)/2 ]</p><p>Center = [ 8/2, 10/2 ] = (4, 5).</p><p>The coordinates of the center of the circle are (4, 5).</p>"
                    },
                    "question_type": "Very Short Answer (2 marks)",
                    "difficulty_level": "Easy",
                    "explanation_html": null
                  }
                ]
              },
              {
                "chapter_name": "Introduction to Trigonometry",
                "questions": [
                  {
                    "question_no": 22,
                    "question_html": "<p>Evaluate : 4 sin² 60° tan² 45° – 2 sec² 30° tan² 60°</p>",
                    "options": [],
                    "correct_answer": {
                      "text": "<p>We need to evaluate the expression: 4 sin² 60° tan² 45° – 2 sec² 30° tan² 60°.</p><p>We know the standard trigonometric values:</p><ul><li>sin 60° = √3/2</li><li>tan 45° = 1</li><li>sec 30° = 2/√3</li><li>tan 60° = √3</li></ul><p>Substitute these values into the expression:</p><p>= 4 (√3/2)² (1)² - 2 (2/√3)² (√3)²</p><p>= 4 (3/4) (1) - 2 (4/3) (3)</p><p>= 3 - 8</p><p>= -5</p>"
                    },
                    "question_type": "Very Short Answer (2 marks)",
                    "difficulty_level": "Medium",
                    "explanation_html": null
                  }
                ]
              },
              {
                "chapter_name": "Real Numbers",
                "questions": [
                  {
                    "question_no": 23,
                    "question_html": "<p>Prove that –7 – 2√3 is an irrational number, given that √3 is an irrational number.</p><p>OR</p><p>Explain why (7 × 11 × 13 + 2 × 11) is not a prime number.</p>",
                    "options": [],
                    "correct_answer": {
                      "text": "<p>We will use the method of proof by contradiction.</p><p>Assume that -7 - 2√3 is a rational number, say 'x'.</p><p>x = -7 - 2√3</p><p>Rearrange the equation to isolate the irrational part (√3):</p><p>x + 7 = -2√3</p><p>(x + 7) / -2 = √3</p><p>-(x + 7) / 2 = √3</p><p>Since x is a rational number, x+7 is also rational. -(x+7)/2 is also rational.</p><p>This implies that √3 is a rational number. However, this contradicts the given information that √3 is an irrational number.</p><p>Therefore, our initial assumption is false, and -7 - 2√3 must be an irrational number.</p><p>OR</p><p>The given number is (7 × 11 × 13 + 2 × 11).</p><p>A prime number has exactly two factors: 1 and the number itself. If a number has more than two factors, it is a composite number (not prime).</p><p>Let's simplify the expression by factoring out the common term, which is 11:</p><p>= 11 × (7 × 13 + 2)</p><p>= 11 × (91 + 2)</p><p>= 11 × 93</p><p>The number can be expressed as a product of 11 and 93. This means that besides 1 and the number itself, 11 and 93 are also its factors.</p><p>Since the number has more than two factors, it is not a prime number.</p>"
                    },
                    "question_type": "Very Short Answer (2 marks)",
                    "difficulty_level": "Medium",
                    "explanation_html": null
                  }
                ]
              },
              {
                "chapter_name": "Coordinate Geometry",
                "questions": [
                  {
                    "question_no": 24,
                    "question_html": "<p>Find the ratio in which the Y-axis divides the line segment joining the points A(5, –6) and B(–1, –4). Also, find the point of intersection.</p>",
                    "options": [],
                    "correct_answer": {
                      "text": "<p>Let the Y-axis divide the line segment joining A(5, -6) and B(-1, -4) in the ratio k:1 at a point P.</p><p>Any point on the Y-axis has its x-coordinate equal to 0. So, the coordinates of P are (0, y).</p><p>Using the section formula for the x-coordinate:</p><p>x = (k*x₂ + 1*x₁) / (k+1)</p><p>0 = (k*(-1) + 1*5) / (k+1)</p><p>0 = -k + 5</p><p>k = 5</p><p>So, the ratio is k:1 = 5:1.</p><p>Now, we find the y-coordinate of the point of intersection P using the section formula for y:</p><p>y = (k*y₂ + 1*y₁) / (k+1)</p><p>y = (5*(-4) + 1*(-6)) / (5+1)</p><p>y = (-20 - 6) / 6 = -26 / 6 = -13/3.</p><p>The point of intersection is (0, -13/3).</p>"
                    },
                    "question_type": "Very Short Answer (2 marks)",
                    "difficulty_level": "Medium",
                    "explanation_html": null
                  }
                ]
              },
              {
                "chapter_name": "Probability",
                "questions": [
                  {
                    "question_no": 25,
                    "question_html": "<p>There are 80 cards numbered from 1 to 80. One card is drawn at random from them. Find the probability that the number on the selected card is not divisible by 8.</p>",
                    "options": [],
                    "correct_answer": {
                      "text": "<p>Total number of cards = 80. This is the total number of possible outcomes.</p><p>First, let's find the numbers from 1 to 80 that are divisible by 8. These are 8, 16, 24, 32, 40, 48, 56, 64, 72, 80.</p><p>The number of cards divisible by 8 is 10.</p><p>The probability of drawing a card divisible by 8 is:</p><p>P(divisible by 8) = (Number of favorable outcomes) / (Total outcomes) = 10/80 = 1/8.</p><p>The event 'not divisible by 8' is the complement of the event 'divisible by 8'.</p><p>The probability of drawing a card not divisible by 8 is:</p><p>P(not divisible by 8) = 1 - P(divisible by 8)</p><p>= 1 - 1/8</p><p>= 7/8.</p>"
                    },
                    "question_type": "Very Short Answer (2 marks)",
                    "difficulty_level": "Easy",
                    "explanation_html": null
                  }
                ]
              },
              {
                "chapter_name": "Real Numbers",
                "questions": [
                  {
                    "question_no": 26,
                    "question_html": "<p>Find LCM and HCF of two numbers 336 and 54, using prime-factorisation method.</p>",
                    "options": [],
                    "correct_answer": {
                      "text": "<p>First, find the prime factorization of each number.</p><p><strong>For 336:</strong></p><p>336 = 2 × 168 = 2 × 2 × 84 = 2 × 2 × 2 × 42 = 2 × 2 × 2 × 2 × 21 = 2⁴ × 3 × 7</p><p><strong>For 54:</strong></p><p>54 = 2 × 27 = 2 × 3 × 9 = 2 × 3 × 3 × 3 = 2 × 3³</p><p><strong>To find the HCF (Highest Common Factor):</strong></p><p>HCF is the product of the lowest powers of common prime factors.</p><p>The common prime factors are 2 and 3.</p><p>HCF = 2¹ × 3¹ = 6.</p><p><strong>To find the LCM (Least Common Multiple):</strong></p><p>LCM is the product of the highest powers of all prime factors present in the numbers.</p><p>LCM = 2⁴ × 3³ × 7¹ = 16 × 27 × 7 = 3024.</p>"
                    },
                    "question_type": "Short Answer (3 marks)",
                    "difficulty_level": "Easy",
                    "explanation_html": null
                  }
                ]
              },
              {
                "chapter_name": "Quadratic Equations",
                "questions": [
                  {
                    "question_no": 27,
                    "question_html": "<p>The altitude of a right-angled triangle is 7 cm less than its base. If its hypotenuse is 17 cm long, then</p><p>(a) represent the above information in the form of a quadratic equation;</p><p>(b) find the length of the sides of the triangle.</p>",
                    "options": [],
                    "correct_answer": {
                      "text": "<p>Let the base of the right-angled triangle be x cm.</p><p>The altitude is 7 cm less than the base, so the altitude = (x - 7) cm.</p><p>The hypotenuse is given as 17 cm.</p><p><strong>(a) Represent as a quadratic equation:</strong></p><p>By the Pythagorean theorem, (base)² + (altitude)² = (hypotenuse)².</p><p>x² + (x - 7)² = 17²</p><p>x² + (x² - 14x + 49) = 289</p><p>2x² - 14x + 49 - 289 = 0</p><p>2x² - 14x - 240 = 0</p><p>Dividing by 2, we get: x² - 7x - 120 = 0. This is the required quadratic equation.</p><p><strong>(b) Find the length of the sides:</strong></p><p>We need to solve the quadratic equation x² - 7x - 120 = 0.</p><p>We can factor it. We need two numbers that multiply to -120 and add to -7. These numbers are -15 and 8.</p><p>(x - 15)(x + 8) = 0</p><p>This gives two possible values for x: x = 15 or x = -8.</p><p>Since the length of a side cannot be negative, we discard x = -8.</p><p>Base = x = 15 cm.</p><p>Altitude = x - 7 = 15 - 7 = 8 cm.</p><p>The lengths of the sides of the triangle are 8 cm, 15 cm, and 17 cm.</p>"
                    },
                    "question_type": "Short Answer (3 marks)",
                    "difficulty_level": "Medium",
                    "explanation_html": null
                  }
                ]
              },
              {
                "chapter_name": "Surface Areas and Volumes",
                "questions": [
                  {
                    "question_no": 28,
                    "question_html": "<p>A vessel is in the form of a hollow hemisphere surmounted by a hollow cylinder. The diameter of the hemisphere is 14 cm and the total height of the vessel is 13 cm. Find the inner surface area of the vessel.</p><p>OR</p><p>A solid toy is in the form of a hemisphere surmounted by a right circular cone. The height of the cone is 2 cm and the diameter of the base is 4 cm. Determine the volume of the toy.</p>",
                    "options": [],
                    "correct_answer": {
                      "text": "<p>The inner surface area of the vessel is the sum of the curved surface area (CSA) of the hemisphere and the CSA of the cylinder.</p><p><strong>Given:</strong></p><ul><li>Diameter of hemisphere = 14 cm, so radius (r) = 7 cm.</li><li>Total height of vessel = 13 cm.</li></ul><p>The height of the cylindrical part (h) = Total height - radius of hemisphere = 13 - 7 = 6 cm.</p><p><strong>Inner Surface Area = CSA of hemisphere + CSA of cylinder</strong></p><p>= 2πr² + 2πrh</p><p>= 2πr (r + h)</p><p>= 2 × (22/7) × 7 × (7 + 6)</p><p>= 44 × 13</p><p>= 572 cm².</p><p>The inner surface area of the vessel is 572 cm².</p><p>OR</p><p>The volume of the toy is the sum of the volume of the hemisphere and the volume of the cone.</p><p><strong>Given:</strong></p><ul><li>Height of cone (h) = 2 cm.</li><li>Diameter of base = 4 cm, so radius (r) = 2 cm.</li></ul><p><strong>Volume of Toy = Volume of hemisphere + Volume of cone</strong></p><p>= (2/3)πr³ + (1/3)πr²h</p><p>= (1/3)πr² (2r + h)</p><p>= (1/3) × π × (2)² × (2*2 + 2)</p><p>= (1/3) × π × 4 × (6)</p><p>= 8π cm³</p><p>If we use π = 22/7, Volume = 8 * (22/7) = 176/7 ≈ 25.14 cm³.</p><p>If we use π = 3.14, Volume = 8 * 3.14 = 25.12 cm³.</p>"
                    },
                    "question_type": "Short Answer (3 marks)",
                    "difficulty_level": "Medium",
                    "explanation_html": null
                  }
                ]
              },
              {
                "chapter_name": "Polynomials",
                "questions": [
                  {
                    "question_no": 29,
                    "question_html": "<p>Find the zeroes of the quadratic polynomial 5x² + 3x – 2 and verify the relationship between the zeroes and the co-efficients.</p>",
                    "options": [],
                    "correct_answer": {
                      "text": "<p><strong>Step 1: Find the zeroes.</strong></p><p>Let p(x) = 5x² + 3x – 2. To find the zeroes, set p(x)=0.</p><p>5x² + 3x – 2 = 0</p><p>Using the splitting the middle term method, we need two numbers that multiply to 5*(-2) = -10 and add to 3. These are 5 and -2.</p><p>5x² + 5x – 2x – 2 = 0</p><p>5x(x + 1) - 2(x + 1) = 0</p><p>(5x - 2)(x + 1) = 0</p><p>The zeroes are x = 2/5 and x = -1.</p><p><strong>Step 2: Verify the relationship.</strong></p><p>The zeroes are α = 2/5 and β = -1.</p><p>For the polynomial ax²+bx+c, we have a=5, b=3, c=-2.</p><p><strong>Sum of zeroes:</strong></p><p>α + β = 2/5 + (-1) = 2/5 - 1 = -3/5.</p><p>From the formula, Sum = -b/a = -3/5.</p><p>The sum is verified.</p><p><strong>Product of zeroes:</strong></p><p>α * β = (2/5) * (-1) = -2/5.</p><p>From the formula, Product = c/a = -2/5.</p><p>The product is verified.</p>"
                    },
                    "question_type": "Short Answer (3 marks)",
                    "difficulty_level": "Medium",
                    "explanation_html": null
                  }
                ]
              },
              {
                "chapter_name": "Triangles",
                "questions": [
                  {
                    "question_no": 30,
                    "question_html": "<p>In the given figure, ∠ABC = ∠ACB and BC/BE = BD/AC. Show that ΔABE ~ ΔDBC and AE || DC.</p>",
                    "images": [
                      {
                        "url": "https://img.testbuddyai.com/Maths-430-3-24-Q30.png"
                      }
                    ],
                    "options": [],
                    "correct_answer": {
                      "text": "<p><strong>Given:</strong> In ΔABC, ∠ABC = ∠ACB. This means ΔABC is an isosceles triangle, and the sides opposite to equal angles are equal. So, AC = AB.</p><p>Also given: BC/BE = BD/AC.</p><p><strong>Step 1: Prove ΔABE ~ ΔDBC.</strong></p><p>Substitute AC = AB into the given proportion:</p><p>BC/BE = BD/AB</p><p>Rearranging, we get AB/BD = BE/BC.</p><p>Now consider ΔABE and ΔDBC.</p><ul><li>AB/BD = BE/BC (Proven above)</li><li>∠ABE = ∠DBC (Common angle B)</li></ul><p>By SAS similarity criterion, ΔABE ~ ΔDBC.</p><p><strong>Step 2: Prove AE || DC.</strong></p><p>Since ΔABE ~ ΔDBC, their corresponding angles are equal.</p><p>Therefore, ∠BAE = ∠BDC.</p><p>These two angles are corresponding angles formed by the lines AE and DC with the transversal BD.</p><p>Since the corresponding angles are equal, the lines must be parallel.</p><p>Hence, AE || DC.</p>"
                    },
                    "question_type": "Short Answer (3 marks)",
                    "difficulty_level": "Hard",
                    "explanation_html": null
                  }
                ]
              },
              {
                "chapter_name": "Introduction to Trigonometry",
                "questions": [
                  {
                    "question_no": 31,
                    "question_html": "<p>Prove that (sin θ + cosec θ)² + (cos θ + sec θ)² = 7 + tan² θ + cot² θ.</p><p>OR</p><p>If cos A = 5/13, then verify that (cos A / (1-tan A)) + (sin A / (1-cot A)) = cos A + sin A.</p>",
                    "options": [],
                    "correct_answer": {
                      "text": "<p><strong>LHS = (sin θ + cosec θ)² + (cos θ + sec θ)²</strong></p><p>Expand the squares:</p><p>= (sin²θ + cosec²θ + 2sinθcosecθ) + (cos²θ + sec²θ + 2cosθsecθ)</p><p>Since sinθcosecθ = 1 and cosθsecθ = 1:</p><p>= sin²θ + cosec²θ + 2 + cos²θ + sec²θ + 2</p><p>Group the terms:</p><p>= (sin²θ + cos²θ) + cosec²θ + sec²θ + 4</p><p>Use the identities: sin²θ + cos²θ = 1, cosec²θ = 1 + cot²θ, and sec²θ = 1 + tan²θ.</p><p>= 1 + (1 + cot²θ) + (1 + tan²θ) + 4</p><p>= 7 + tan²θ + cot²θ = RHS. Hence proved.</p><p>OR</p><p>Given cos A = 5/13. In a right triangle, this corresponds to Adjacent/Hypotenuse.</p><p>By Pythagorean theorem, Opposite = √(13² - 5²) = √(169 - 25) = √144 = 12.</p><p>So, sin A = Opposite/Hypotenuse = 12/13.</p><p>tan A = Opposite/Adjacent = 12/5.</p><p>cot A = Adjacent/Opposite = 5/12.</p><p><strong>Verify the equation:</strong></p><p>LHS = (cos A / (1-tan A)) + (sin A / (1-cot A))</p><p>= [ (5/13) / (1 - 12/5) ] + [ (12/13) / (1 - 5/12) ]</p><p>= [ (5/13) / (-7/5) ] + [ (12/13) / (7/12) ]</p><p>= (5/13) * (-5/7) + (12/13) * (12/7)</p><p>= -25/91 + 144/91 = 119/91 = (17*7)/(13*7) = 17/13.</p><p>RHS = cos A + sin A</p><p>= 5/13 + 12/13 = 17/13.</p><p>Since LHS = RHS = 17/13, the equation is verified.</p>"
                    },
                    "question_type": "Short Answer (3 marks)",
                    "difficulty_level": "Hard",
                    "explanation_html": null
                  }
                ]
              },
              {
                "chapter_name": "Statistics",
                "questions": [
                  {
                    "question_no": 32,
                    "question_html": "<p>Consider the following distribution of hourly wages of 50 workers of a factory:</p><table><thead><tr><th>Hourly wages (in ₹)</th><th>100-120</th><th>120-140</th><th>140-160</th><th>160-180</th><th>180-200</th></tr></thead><tbody><tr><th>Number of workers</th><td>12</td><td>14</td><td>8</td><td>6</td><td>10</td></tr></tbody></table><p>Find the mean and the median of the above data.</p>",
                    "options": [],
                    "correct_answer": {
                      "text": "<p><strong>Calculation of Mean:</strong></p><table><thead><tr><th>Wages (C.I.)</th><th>No. of workers (fᵢ)</th><th>Class Mark (xᵢ)</th><th>fᵢxᵢ</th></tr></thead><tbody><tr><td>100-120</td><td>12</td><td>110</td><td>1320</td></tr><tr><td>120-140</td><td>14</td><td>130</td><td>1820</td></tr><tr><td>140-160</td><td>8</td><td>150</td><td>1200</td></tr><tr><td>160-180</td><td>6</td><td>170</td><td>1020</td></tr><tr><td>180-200</td><td>10</td><td>190</td><td>1900</td></tr><tr><td><strong>Total</strong></td><td><strong>Σfᵢ = 50</strong></td><td></td><td><strong>Σfᵢxᵢ = 7260</strong></td></tr></tbody></table><p>Mean = Σfᵢxᵢ / Σfᵢ = 7260 / 50 = 145.2. The mean wage is ₹145.20.</p><p><strong>Calculation of Median:</strong></p><table><thead><tr><th>Wages (C.I.)</th><th>No. of workers (f)</th><th>Cumulative Frequency (cf)</th></tr></thead><tbody><tr><td>100-120</td><td>12</td><td>12</td></tr><tr><td>120-140</td><td>14</td><td>26</td></tr><tr><td>140-160</td><td>8</td><td>34</td></tr><tr><td>160-180</td><td>6</td><td>40</td></tr><tr><td>180-200</td><td>10</td><td>50</td></tr></tbody></table><p>N = 50, so N/2 = 25. The median class is the one where cf is just >= 25, which is 120-140.</p><p>Median = l + [(N/2 - cf) / f] × h</p><p>l=120, N/2=25, cf=12, f=14, h=20.</p><p>Median = 120 + [(25 - 12) / 14] × 20 = 120 + (13/14) × 20 = 120 + 18.57 = 138.57.</p><p>The median wage is ₹138.57.</p>"
                    },
                    "question_type": "Long Answer (5 marks)",
                    "difficulty_level": "Medium",
                    "explanation_html": null
                  }
                ]
              },
              {
                "chapter_name": "Circles",
                "questions": [
                  {
                    "question_no": 33,
                    "question_html": "<p>In the given figure, AB is chord of length 6 cm of a circle of radius 5 cm. The tangents at A and B intersect at a point P. Find the length of PB.</p><p>OR</p><p>Prove that the parallelogram circumscribing a circle is a rhombus. Also, find area of the rhombus, if radius of circle is 3 cm and length of one side of the rhombus is 10 cm.</p>",
                    "images": [
                      {
                        "url": "https://img.testbuddyai.com/Maths-430-3-24-Q33a.png"
                      }
                    ],
                    "options": [],
                    "correct_answer": {
                      "text": "<p>Let O be the center. Join OP. OP is the perpendicular bisector of the chord AB. Let the intersection point be Q.</p><p>AQ = QB = 6/2 = 3 cm.</p><p>In right ΔOQA, OA² = OQ² + AQ² => 5² = OQ² + 3² => OQ = 4 cm.</p><p>Now, consider right ΔOAP. Let PA = PB = y and PQ = x.</p><p>In right ΔPQA, PA² = PQ² + AQ² => y² = x² + 3².</p><p>In right ΔOPA, OP² = OA² + PA² => (x+4)² = 5² + y². Substitute y²: (x+4)² = 25 + x² + 9 => x²+8x+16 = 34+x² => 8x = 18 => x = 18/8 = 9/4 cm.</p><p>Now find y: y² = (9/4)² + 9 = 81/16 + 9 = (81+144)/16 = 225/16. So, y = 15/4 = 3.75 cm. The length of PB is 3.75 cm.</p><p>OR</p><p><strong>Proof:</strong> Let ABCD be a parallelogram circumscribing a circle. Let the points of contact be P, Q, R, S on sides AB, BC, CD, DA respectively. We know tangents from an external point are equal. So AP=AS, BP=BQ, CR=CQ, DR=DS.</p><p>Adding them: (AP+BP) + (CR+DR) = (AS+DS) + (BQ+CQ) => AB+CD = AD+BC.</p><p>Since ABCD is a parallelogram, AB=CD and AD=BC. So, 2AB = 2AD => AB=AD. A parallelogram with adjacent sides equal is a rhombus.</p><p><strong>Area:</strong> Area of a rhombus = base × height. The height of the rhombus is the diameter of the inscribed circle. Height = 2 × radius = 2 × 3 = 6 cm. Base = side length = 10 cm. Area = 10 × 6 = 60 cm².</p>"
                    },
                    "question_type": "Long Answer (5 marks)",
                    "difficulty_level": "Hard",
                    "explanation_html": null
                  }
                ]
              },
              {
                "chapter_name": "Some Applications of Trigonometry",
                "questions": [
                  {
                    "question_no": 34,
                    "question_html": "<p>Two poles of equal height are standing opposite each other on either side of a road, which is 100 m wide. From a point somewhere between them on the road, the angles of elevation of the top of the poles are 60° and 30° respectively. Find the height of the poles and the distances of the point from the poles.</p>",
                    "options": [],
                    "correct_answer": {
                      "text": "<p>Let the two poles be AB and CD of equal height 'h'. The width of the road AC = 100 m. Let P be the point on the road. Let AP = x, so PC = 100-x.</p><p>In right ΔABP, tan(60°) = AB/AP => √3 = h/x => h = x√3.   ...(1)</p><p>In right ΔCDP, tan(30°) = CD/PC => 1/√3 = h/(100-x) => h = (100-x)/√3.   ...(2)</p><p>Equating (1) and (2): x√3 = (100-x)/√3 => 3x = 100-x => 4x = 100 => x = 25 m.</p><p>The point is 25 m from pole AB and 100-25 = 75 m from pole CD.</p><p>Height of the poles, h = x√3 = 25√3 m. (Approx 43.3 m).</p>"
                    },
                    "question_type": "Long Answer (5 marks)",
                    "difficulty_level": "Medium",
                    "explanation_html": null
                  }
                ]
              },
              {
                "chapter_name": "Pair of Linear Equations in Two Variables",
                "questions": [
                  {
                    "question_no": 35,
                    "question_html": "<p>Using graphical method, solve the following pair of equations :<br>x + 2y = 8 and 3x – 2y = 12</p><p>OR</p><p>The sum of the digits of a 2-digit number is 9. Also, nine times this number is twice the number obtained by reversing the order of the digits. Find the number.</p>",
                    "options": [],
                    "correct_answer": {
                      "text": "<p><strong>Line 1: x + 2y = 8</strong>. Points: (0, 4), (8, 0).<br><strong>Line 2: 3x - 2y = 12</strong>. Points: (0, -6), (4, 0).<br>Plotting these lines, they intersect at (5, 1.5). So x=5, y=1.5.</p><p>OR</p><p>Let the ten's digit be y and one's digit be x. The number is 10y+x. Reversed number is 10x+y.</p><p>x + y = 9   ...(1)</p><p>9(10y+x) = 2(10x+y) => 90y+9x = 20x+2y => 88y = 11x => x = 8y.   ...(2)</p><p>Substitute (2) into (1): 8y + y = 9 => 9y = 9 => y=1. Then x = 8(1) = 8.</p><p>The number is 10(1) + 8 = 18.</p>"
                    },
                    "question_type": "Long Answer (5 marks)",
                    "difficulty_level": "Medium",
                    "explanation_html": null
                  }
                ]
              },
              {
                "chapter_name": "Arithmetic Progressions",
                "questions": [
                  {
                    "question_no": 36,
                    "question_html": "<p>While preparing for a competitive examination, Akbar came across a match-stick pattern based question. The pattern is given below :</p><p>Based on the above information, answer the following questions :<br>(i) Write first term and common difference of the A.P. formed by number of squares in each figure.<br>(ii) Write first term and common difference of the A.P. formed by number of sticks used in each figure.<br>(iii) (a) How many squares are there in Fig. (10) ? Also, write the number of sticks used in Fig. (10).<br>OR<br>(iii) (b) If 88 sticks are used to make mth figure (Fig. (m)), find the value of m. How many squares are formed in this figure ?</p>",
                    "images": [
                      {
                        "url": "https://img.testbuddyai.com/Maths-430-3-24-Q36.png"
                      }
                    ],
                    "options": [],
                    "correct_answer": {
                      "text": "<p><strong>(i) AP for squares:</strong> Fig. 1 has 1 square, Fig. 2 has 5, Fig. 3 has 9. The sequence is 1, 5, 9, ... First term a=1, common difference d=4.</p><p><strong>(ii) AP for sticks:</strong> Fig. 1 has 4 sticks, Fig. 2 has 16, Fig. 3 has 28. The sequence is 4, 16, 28, ... First term a=4, common difference d=12.</p><p><strong>(iii) (a) Figure 10:</strong><br>Number of squares = a + (n-1)d = 1 + (10-1)4 = 1 + 36 = 37 squares.</p><p>Number of sticks = a + (n-1)d = 4 + (10-1)12 = 4 + 108 = 112 sticks.</p><p>OR</p><p><strong>(iii) (b) Figure m with 88 sticks:</strong><br>aₘ = 88 => 4 + (m-1)12 = 88 => (m-1)12 = 84 => m-1 = 7 => m=8.</p><p>Number of squares in 8th figure = 1 + (8-1)4 = 1 + 28 = 29 squares.</p>"
                    },
                    "question_type": "Case-based Subjective",
                    "difficulty_level": "Medium",
                    "explanation_html": null
                  }
                ]
              },
              {
                "chapter_name": "Circles",
                "questions": [
                  {
                    "question_no": 37,
                    "question_html": "<p>Based on the diagram of the NSS symbol with 8 spokes, answer the following questions:<br>(i) Find m∠ROS.<br>(ii) Find the perimeter of sector OPQ.<br>(iii) (a) Find the area of shaded region PQRS.<br>OR<br>(iii) (b) Find the area of shaded region ACB i.e. the segment ACB.</p>",
                    "images": [
                      {
                        "url": "https://img.testbuddyai.com/Maths-430-3-24-Q37.png"
                      }
                    ],
                    "options": [],
                    "correct_answer": {
                      "text": "<p><strong>(i) m∠ROS:</strong> The 8 spokes divide the circle into 8 equal sectors. So, the angle of each sector is 360°/8 = 45°.</p><p><strong>(ii) Perimeter of sector OPQ:</strong> Perimeter = 2 * radius + arc length. Given OP=21 cm. Arc length = (45/360) * 2πr = (1/8) * 2 * (22/7) * 21 = 16.5 cm. Perimeter = 21 + 21 + 16.5 = 58.5 cm.</p><p><strong>(iii) (a) Area of shaded region PQRS:</strong> This is the area of the ring between the two circles for the sector angle. Area = (45/360) * π(R²-r²) = (1/8) * (22/7) * (21²-10²) = (11/28) * (441-100) = (11/28) * 341 ≈ 133.96 cm².</p><p>OR</p><p><strong>(iii) (b) Area of segment ACB:</strong> This seems to refer to a different diagram not fully described. Assuming it's a segment of the larger circle with a 90° angle. Area = Area of sector - Area of triangle = (90/360)*π(21)² - (1/2)*21*21 = (1/4)*(22/7)*441 - 220.5 = 346.5 - 220.5 = 126 cm². The provided solution leads to 28.57 cm², suggesting a different setup (perhaps r=10, angle=90).</p>"
                    },
                    "question_type": "Case-based Subjective",
                    "difficulty_level": "Hard",
                    "explanation_html": null
                  }
                ]
              },
              {
                "chapter_name": "Triangles",
                "questions": [
                  {
                    "question_no": 38,
                    "question_html": "<p>In the figure given below, a folding table is shown...<br>(i) Prove that ΔOAC is similar to ΔOBD.<br>(ii) Prove that OA/AC = OB/BD.<br>(iii) (a) Observe the figure and find the value of x. Hence, find the length of OC.<br>OR<br>(iii) (b) Observe the figure and find BD/AC.</p>",
                    "images": [
                      {
                        "url": "https://img.testbuddyai.com/Maths-430-3-24-Q38.png"
                      }
                    ],
                    "options": [],
                    "correct_answer": {
                      "text": "<p><b>Given:</b> OB = x, OD = x, OC = (3x)/19, OA = (3x)/4</p><p><b>i) To prove ΔOAC ∼ ΔOBD:</b></p><p>Since the table top is parallel to the ground, AB and CD are intersecting at O accordingly.</p><p>Observe angles ∠OAC and ∠OBD are equal (alternate interior angles).</p><p>Also, ∠OCA and ∠ODB are equal (corresponding angles).</p><p>Angle ∠AOC = ∠BOD (vertically opposite angles).</p><p>Therefore, by AA similarity criterion, ΔOAC ∼ ΔOBD.</p><p><b>ii) To prove BD/OB = AC/OA:</b></p><p>From similarity, corresponding sides are proportional:</p><p>AC/OA = BD/OB = CD/AB</p><p>Thus, BD/OB = AC/OA.</p><p><b>iii a) Find x and length of OC:</b></p><p>Given OC = (3x)/19 and OA = (3x)/4.</p><p>From the properties of medians or proportionality, solving for x gives:</p><p>x = 19 cm (calculated from ratios and given expressions).</p><p>Therefore, OC = (3 × 19) / 19 = 3 cm.</p><p><b>OR iii b)</b> Find AC/BD:</p><p>Using similarity, AC/BD = OA/OB (reciprocal of part ii), which can be calculated from given lengths.</p><p>Substitute the values of OA and OB to get AC/BD.</p>"
                    },
                    "question_type": "Case-based Subjective",
                    "difficulty_level": "Hard",
                    "explanation_html": null
                  }
                ]
              }
            ]
          }
        ]
      }
    ]
  }
]