[
  {
    "exam_name_actual": "CBSE Board - Class 10",
    "main_exam_id_name_ref": "CBSE Board - Class 10",
    "years": [
      {
        "year": "2024",
        "papers_or_subjects": [
          {
            "paper_name": "CBSE Class 10 Mathematics (Basic) Paper 2024 (QP Code: 430/1/1)",
            "subject_name": "Mathematics",
            "chapters": [
              {
                "chapter_name": "Polynomials",
                "questions": [
                  {
                    "question_no": 1,
                    "question_html": "<p>For what value of k, the product of zeroes of the polynomial kx²-4x-7 is 2?</p>",
                    "options": [
                      {
                        "id": "a",
                        "text": "-1/14"
                      },
                      {
                        "id": "b",
                        "text": "-7/2"
                      },
                      {
                        "id": "c",
                        "text": "7/2"
                      },
                      {
                        "id": "d",
                        "text": "-2/7"
                      }
                    ],
                    "correct_answer": {
                      "ids": [
                        "b"
                      ]
                    },
                    "question_type": "mcq_single",
                    "difficulty_level": "easy",
                    "explanation_html": "<p>For a quadratic polynomial ax² + bx + c, the product of zeroes is given by c/a.</p><p>Given polynomial: kx² - 4x - 7.</p><p>Here, a = k, b = -4, c = -7.</p><p>Product of zeroes = c/a = -7/k.</p><p>It is given that the product of zeroes is 2.</p><p>So, -7/k = 2</p><p>⇒ 2k = -7</p><p>⇒ k = -7/2</p>"
                  }
                ]
              },
              {
                "chapter_name": "Arithmetic Progressions",
                "questions": [
                  {
                    "question_no": 2,
                    "question_html": "<p>In an A.P., if a = 8 and a₁₀ = -19, then value of d is:</p>",
                    "options": [
                      {
                        "id": "a",
                        "text": "3"
                      },
                      {
                        "id": "b",
                        "text": "11/9"
                      },
                      {
                        "id": "c",
                        "text": "-27/10"
                      },
                      {
                        "id": "d",
                        "text": "-3"
                      }
                    ],
                    "correct_answer": {
                      "ids": [
                        "d"
                      ]
                    },
                    "question_type": "mcq_single",
                    "difficulty_level": "easy",
                    "explanation_html": "<p>The formula for the nth term of an A.P. is aₙ = a + (n-1)d.</p><p>Given: a = 8, a₁₀ = -19, n = 10.</p><p>Substituting the values in the formula:</p><p>a₁₀ = a + (10-1)d</p><p>-19 = 8 + 9d</p><p>-19 - 8 = 9d</p><p>-27 = 9d</p><p>d = -27 / 9</p><p>d = -3</p>"
                  }
                ]
              },
              {
                "chapter_name": "Coordinate Geometry",
                "questions": [
                  {
                    "question_no": 3,
                    "question_html": "<p>The mid-point of the line segment joining the points (–1, 3) and (8, 3/2) is:</p>",
                    "options": [
                      {
                        "id": "a",
                        "text": "(7/2, -3/4)"
                      },
                      {
                        "id": "b",
                        "text": "(7/2, 9/2)"
                      },
                      {
                        "id": "c",
                        "text": "(9/2, -3/4)"
                      },
                      {
                        "id": "d",
                        "text": "(7/2, 9/4)"
                      }
                    ],
                    "correct_answer": {
                      "ids": [
                        "d"
                      ]
                    },
                    "question_type": "mcq_single",
                    "difficulty_level": "easy",
                    "explanation_html": "<p>The mid-point formula for two points (x₁, y₁) and (x₂, y₂) is ((x₁+x₂)/2, (y₁+y₂)/2).</p><p>Given points are (–1, 3) and (8, 3/2).</p><p>Mid-point x-coordinate = (-1 + 8) / 2 = 7/2.</p><p>Mid-point y-coordinate = (3 + 3/2) / 2 = ((6+3)/2) / 2 = (9/2) / 2 = 9/4.</p><p>So, the mid-point is (7/2, 9/4).</p>"
                  }
                ]
              },
              {
                "chapter_name": "Introduction to Trigonometry",
                "questions": [
                  {
                    "question_no": 4,
                    "question_html": "<p>If sin θ = 1/3, then sec θ is equal to:</p>",
                    "options": [
                      {
                        "id": "a",
                        "text": "2√2/3"
                      },
                      {
                        "id": "b",
                        "text": "3/(2√2)"
                      },
                      {
                        "id": "c",
                        "text": "3"
                      },
                      {
                        "id": "d",
                        "text": "1/√3"
                      }
                    ],
                    "correct_answer": {
                      "ids": [
                        "b"
                      ]
                    },
                    "question_type": "mcq_single",
                    "difficulty_level": "easy",
                    "explanation_html": "<p>Given sin θ = 1/3. We know that sin²θ + cos²θ = 1.</p><p>cos²θ = 1 - sin²θ = 1 - (1/3)² = 1 - 1/9 = 8/9.</p><p>cos θ = √(8/9) = (2√2)/3.</p><p>sec θ = 1/cos θ = 1 / ((2√2)/3) = 3/(2√2).</p>"
                  }
                ]
              },
              {
                "chapter_name": "Real Numbers",
                "questions": [
                  {
                    "question_no": 5,
                    "question_html": "<p>HCF (132, 77) is:</p>",
                    "options": [
                      {
                        "id": "a",
                        "text": "11"
                      },
                      {
                        "id": "b",
                        "text": "77"
                      },
                      {
                        "id": "c",
                        "text": "22"
                      },
                      {
                        "id": "d",
                        "text": "44"
                      }
                    ],
                    "correct_answer": {
                      "ids": [
                        "a"
                      ]
                    },
                    "question_type": "mcq_single",
                    "difficulty_level": "easy",
                    "explanation_html": "<p>To find the HCF of 132 and 77, we find their prime factors.</p><p>132 = 2 × 2 × 3 × 11</p><p>77 = 7 × 11</p><p>The highest common factor (HCF) is the product of the common prime factors raised to the lowest power. The only common prime factor is 11.</p><p>So, HCF(132, 77) = 11.</p>"
                  }
                ]
              },
              {
                "chapter_name": "Quadratic Equations",
                "questions": [
                  {
                    "question_no": 6,
                    "question_html": "<p>If the roots of quadratic equation 4x²-5x+k=0 are real and equal, then value of k is:</p>",
                    "options": [
                      {
                        "id": "a",
                        "text": "5/4"
                      },
                      {
                        "id": "b",
                        "text": "25/16"
                      },
                      {
                        "id": "c",
                        "text": "-5/4"
                      },
                      {
                        "id": "d",
                        "text": "-25/16"
                      }
                    ],
                    "correct_answer": {
                      "ids": [
                        "b"
                      ]
                    },
                    "question_type": "mcq_single",
                    "difficulty_level": "easy",
                    "explanation_html": "<p>For the roots of a quadratic equation ax² + bx + c = 0 to be real and equal, the discriminant (D) must be zero.</p><p>D = b² - 4ac = 0</p><p>Given equation: 4x² - 5x + k = 0. Here, a=4, b=-5, c=k.</p><p>(-5)² - 4(4)(k) = 0</p><p>25 - 16k = 0</p><p>16k = 25</p><p>k = 25/16</p>"
                  }
                ]
              },
              {
                "chapter_name": "Probability",
                "questions": [
                  {
                    "question_no": 7,
                    "question_html": "<p>If probability of winning a game is p, then probability of losing the game is:</p>",
                    "options": [
                      {
                        "id": "a",
                        "text": "1+p"
                      },
                      {
                        "id": "b",
                        "text": "-p"
                      },
                      {
                        "id": "c",
                        "text": "p-1"
                      },
                      {
                        "id": "d",
                        "text": "1-p"
                      }
                    ],
                    "correct_answer": {
                      "ids": [
                        "d"
                      ]
                    },
                    "question_type": "mcq_single",
                    "difficulty_level": "easy",
                    "explanation_html": "<p>Winning and losing a game are complementary events. The sum of probabilities of an event and its complement is always 1.</p><p>P(winning) + P(losing) = 1</p><p>Given P(winning) = p.</p><p>p + P(losing) = 1</p><p>P(losing) = 1 - p</p>"
                  }
                ]
              },
              {
                "chapter_name": "Coordinate Geometry",
                "questions": [
                  {
                    "question_no": 8,
                    "question_html": "<p>The distance between the points (2, -3) and (–2, 3) is:</p>",
                    "options": [
                      {
                        "id": "a",
                        "text": "2√13 units"
                      },
                      {
                        "id": "b",
                        "text": "5 units"
                      },
                      {
                        "id": "c",
                        "text": "13√2 units"
                      },
                      {
                        "id": "d",
                        "text": "10 units"
                      }
                    ],
                    "correct_answer": {
                      "ids": [
                        "a"
                      ]
                    },
                    "question_type": "mcq_single",
                    "difficulty_level": "easy",
                    "explanation_html": "<p>The distance formula between two points (x₁, y₁) and (x₂, y₂) is √((x₂-x₁)² + (y₂-y₁)²).</p><p>Given points are (2, -3) and (–2, 3).</p><p>Distance = √((-2 - 2)² + (3 - (-3))²)</p><p>Distance = √((-4)² + (6)²)</p><p>Distance = √(16 + 36) = √52</p><p>√52 = √(4 × 13) = 2√13 units.</p>"
                  }
                ]
              },
              {
                "chapter_name": "Introduction to Trigonometry",
                "questions": [
                  {
                    "question_no": 9,
                    "question_html": "<p>For what value of θ, sin²θ+sinθ+cos²θ is equal to 2?</p>",
                    "options": [
                      {
                        "id": "a",
                        "text": "45°"
                      },
                      {
                        "id": "b",
                        "text": "0°"
                      },
                      {
                        "id": "c",
                        "text": "90°"
                      },
                      {
                        "id": "d",
                        "text": "30°"
                      }
                    ],
                    "correct_answer": {
                      "ids": [
                        "c"
                      ]
                    },
                    "question_type": "mcq_single",
                    "difficulty_level": "easy",
                    "explanation_html": "<p>The given expression is sin²θ + sinθ + cos²θ.</p><p>Using the trigonometric identity sin²θ + cos²θ = 1, we can simplify the expression:</p><p>(sin²θ + cos²θ) + sinθ = 1 + sinθ.</p><p>We are given that this expression is equal to 2.</p><p>1 + sinθ = 2</p><p>sinθ = 2 - 1 = 1</p><p>The value of θ for which sinθ = 1 is 90°.</p>"
                  }
                ]
              },
              {
                "chapter_name": "Probability",
                "questions": [
                  {
                    "question_no": 10,
                    "question_html": "<p>A card is drawn from a well shuffled deck of 52 playing cards. The probability that drawn card is a red queen, is:</p>",
                    "options": [
                      {
                        "id": "a",
                        "text": "1/13"
                      },
                      {
                        "id": "b",
                        "text": "2/13"
                      },
                      {
                        "id": "c",
                        "text": "1/52"
                      },
                      {
                        "id": "d",
                        "text": "1/26"
                      }
                    ],
                    "correct_answer": {
                      "ids": [
                        "d"
                      ]
                    },
                    "question_type": "mcq_single",
                    "difficulty_level": "easy",
                    "explanation_html": "<p>A standard deck of 52 cards has 4 queens. Two are red (Queen of Hearts and Queen of Diamonds) and two are black.</p><p>Total number of possible outcomes = 52.</p><p>Number of favorable outcomes (drawing a red queen) = 2.</p><p>Probability = (Number of favorable outcomes) / (Total number of outcomes) = 2/52 = 1/26.</p>"
                  }
                ]
              },
              {
                "chapter_name": "Statistics",
                "questions": [
                  {
                    "question_no": 11,
                    "question_html": "<p>If a certain variable x divides a statistical data arranged in order into two equal parts; then the value of x is called the:</p>",
                    "options": [
                      {
                        "id": "a",
                        "text": "mean"
                      },
                      {
                        "id": "b",
                        "text": "median"
                      },
                      {
                        "id": "c",
                        "text": "mode"
                      },
                      {
                        "id": "d",
                        "text": "range"
                      }
                    ],
                    "correct_answer": {
                      "ids": [
                        "b"
                      ]
                    },
                    "question_type": "mcq_single",
                    "difficulty_level": "easy",
                    "explanation_html": "<p>The median is the value that divides a dataset, which has been arranged in ascending or descending order, into two equal halves. Therefore, the value of x is the median of the data.</p>"
                  }
                ]
              },
              {
                "chapter_name": "Surface Areas and Volumes",
                "questions": [
                  {
                    "question_no": 12,
                    "question_html": "<p>The radius of a sphere is 7/2 cm. The volume of the sphere is:</p>",
                    "options": [
                      {
                        "id": "a",
                        "text": "231/3 cu cm"
                      },
                      {
                        "id": "b",
                        "text": "539/12 cu cm"
                      },
                      {
                        "id": "c",
                        "text": "539/3 cu cm"
                      },
                      {
                        "id": "d",
                        "text": "154 cu cm"
                      }
                    ],
                    "correct_answer": {
                      "ids": [
                        "c"
                      ]
                    },
                    "question_type": "mcq_single",
                    "difficulty_level": "easy",
                    "explanation_html": "<p>The volume of a sphere is given by the formula V = (4/3)πr³.</p><p>Given radius r = 7/2 cm.</p><p>V = (4/3) × (22/7) × (7/2)³</p><p>V = (4/3) × (22/7) × (7/2) × (7/2) × (7/2)</p><p>V = (4 × 22 × 7 × 7 × 7) / (3 × 7 × 2 × 2 × 2)</p><p>V = (1 × 11 × 7 × 7) / 3 = 539/3 cu cm.</p>"
                  }
                ]
              },
              {
                "chapter_name": "Statistics",
                "questions": [
                  {
                    "question_no": 13,
                    "question_html": "<p>The mean and median of a statistical data are 21 and 23 respectively. The mode of the data is:</p>",
                    "options": [
                      {
                        "id": "a",
                        "text": "27"
                      },
                      {
                        "id": "b",
                        "text": "22"
                      },
                      {
                        "id": "c",
                        "text": "17"
                      },
                      {
                        "id": "d",
                        "text": "23"
                      }
                    ],
                    "correct_answer": {
                      "ids": [
                        "a"
                      ]
                    },
                    "question_type": "mcq_single",
                    "difficulty_level": "easy",
                    "explanation_html": "<p>The empirical relationship between mean, median, and mode is: Mode = 3 Median - 2 Mean.</p><p>Given: Mean = 21, Median = 23.</p><p>Mode = 3(23) - 2(21)</p><p>Mode = 69 - 42 = 27.</p>"
                  }
                ]
              },
              {
                "chapter_name": "Surface Areas and Volumes",
                "questions": [
                  {
                    "question_no": 14,
                    "question_html": "<p>The height and radius of a right circular cone are 24 cm and 7 cm respectively. The slant height of the cone is:</p>",
                    "options": [
                      {
                        "id": "a",
                        "text": "24 cm"
                      },
                      {
                        "id": "b",
                        "text": "31 cm"
                      },
                      {
                        "id": "c",
                        "text": "26 cm"
                      },
                      {
                        "id": "d",
                        "text": "25 cm"
                      }
                    ],
                    "correct_answer": {
                      "ids": [
                        "d"
                      ]
                    },
                    "question_type": "mcq_single",
                    "difficulty_level": "easy",
                    "explanation_html": "<p>The slant height (l) of a right circular cone can be found using the Pythagorean theorem: l² = r² + h².</p><p>Given: radius (r) = 7 cm, height (h) = 24 cm.</p><p>l² = 7² + 24²</p><p>l² = 49 + 576 = 625</p><p>l = √625 = 25 cm.</p>"
                  }
                ]
              },
              {
                "chapter_name": "Polynomials",
                "questions": [
                  {
                    "question_no": 15,
                    "question_html": "<p>If one of the zeroes of the quadratic polynomial (α-1)x²+αx+1 is -3, then the value of α is:</p>",
                    "options": [
                      {
                        "id": "a",
                        "text": "-2/3"
                      },
                      {
                        "id": "b",
                        "text": "2/3"
                      },
                      {
                        "id": "c",
                        "text": "4/3"
                      },
                      {
                        "id": "d",
                        "text": "3/4"
                      }
                    ],
                    "correct_answer": {
                      "ids": [
                        "c"
                      ]
                    },
                    "question_type": "mcq_single",
                    "difficulty_level": "easy",
                    "explanation_html": "<p>If -3 is a zero of the polynomial, then substituting x = -3 into the polynomial will result in 0.</p><p>(α-1)(-3)² + α(-3) + 1 = 0</p><p>(α-1)(9) - 3α + 1 = 0</p><p>9α - 9 - 3α + 1 = 0</p><p>6α - 8 = 0</p><p>6α = 8</p><p>α = 8/6 = 4/3.</p>"
                  }
                ]
              },
              {
                "chapter_name": "Coordinate Geometry",
                "questions": [
                  {
                    "question_no": 16,
                    "question_html": "<p>The diameter of a circle is of length 6 cm. If one end of the diameter is (–4, 0), the other end on x-axis is at:</p>",
                    "options": [
                      {
                        "id": "a",
                        "text": "(0, 2)"
                      },
                      {
                        "id": "b",
                        "text": "(6, 0)"
                      },
                      {
                        "id": "c",
                        "text": "(2, 0)"
                      },
                      {
                        "id": "d",
                        "text": "(4, 0)"
                      }
                    ],
                    "correct_answer": {
                      "ids": [
                        "c"
                      ]
                    },
                    "question_type": "mcq_single",
                    "difficulty_level": "easy",
                    "explanation_html": "<p>Let the two ends of the diameter be A(-4, 0) and B(x, 0) since it is on the x-axis.</p><p>The length of the diameter is given as 6 cm.</p><p>Using the distance formula: Distance = √((x₂-x₁)² + (y₂-y₁)²)</p><p>6 = √((x - (-4))² + (0 - 0)²)</p><p>6 = √((x+4)²)</p><p>6 = |x+4|</p><p>So, x+4 = 6 or x+4 = -6.</p><p>x = 2 or x = -10. The center would be (-1,0) if x=2, or (-7,0) if x=-10. Both are valid. However, looking at the options, (2, 0) is present.</p>"
                  }
                ]
              },
              {
                "chapter_name": "Pair of Linear Equations in Two Variables",
                "questions": [
                  {
                    "question_no": 17,
                    "question_html": "<p>The value of k for which the pair of linear equations 5x+2y-7=0 and 2x+ky+1=0 don't have a solution, is:</p>",
                    "options": [
                      {
                        "id": "a",
                        "text": "5"
                      },
                      {
                        "id": "b",
                        "text": "4/5"
                      },
                      {
                        "id": "c",
                        "text": "5/4"
                      },
                      {
                        "id": "d",
                        "text": "5/2"
                      }
                    ],
                    "correct_answer": {
                      "ids": [
                        "b"
                      ]
                    },
                    "question_type": "mcq_single",
                    "difficulty_level": "easy",
                    "explanation_html": "<p>For a pair of linear equations a₁x+b₁y+c₁=0 and a₂x+b₂y+c₂=0 to have no solution, the condition is a₁/a₂ = b₁/b₂ ≠ c₁/c₂.</p><p>Given equations: 5x+2y-7=0 and 2x+ky+1=0.</p><p>a₁=5, b₁=2, a₂=2, b₂=k.</p><p>5/2 = 2/k</p><p>5k = 4</p><p>k = 4/5.</p>"
                  }
                ]
              },
              {
                "chapter_name": "Probability",
                "questions": [
                  {
                    "question_no": 18,
                    "question_html": "<p>Two dice are rolled together. The probability of getting a doublet is:</p>",
                    "options": [
                      {
                        "id": "a",
                        "text": "2/36"
                      },
                      {
                        "id": "b",
                        "text": "1/36"
                      },
                      {
                        "id": "c",
                        "text": "1/6"
                      },
                      {
                        "id": "d",
                        "text": "5/6"
                      }
                    ],
                    "correct_answer": {
                      "ids": [
                        "c"
                      ]
                    },
                    "question_type": "mcq_single",
                    "difficulty_level": "easy",
                    "explanation_html": "<p>When two dice are rolled, the total number of possible outcomes is 6 × 6 = 36.</p><p>A doublet means getting the same number on both dice. The favorable outcomes are (1,1), (2,2), (3,3), (4,4), (5,5), and (6,6).</p><p>Number of favorable outcomes = 6.</p><p>Probability = (Number of favorable outcomes) / (Total number of outcomes) = 6/36 = 1/6.</p>"
                  }
                ]
              },
              {
                "chapter_name": "Circles",
                "questions": [
                  {
                    "question_no": 19,
                    "question_html": "<p><b>Assertion (A):</b> If the PA and PB are tangents drawn to a circle with centre O from an external point P, then the quadrilateral OAPB is a cyclic quadrilateral.</p><p><b>Reason (R):</b> In a cyclic quadrilateral, opposite angles are equal.</p>",
                    "images": [
                      {
                        "url": "https://img.testbuddyai.com/Maths-430-1-24-Q19.png"
                      }
                    ],
                    "options": [
                      {
                        "id": "a",
                        "text": "Both, Assertion (A) and Reason (R) are true. Reason (R) explains Assertion (A) completely."
                      },
                      {
                        "id": "b",
                        "text": "Both, Assertion (A) and Reason (R) are true. Reason (R) does not explain Assertion (A)."
                      },
                      {
                        "id": "c",
                        "text": "Assertion (A) is true but Reason (R) is false."
                      },
                      {
                        "id": "d",
                        "text": "Assertion (A) is false but Reason (R) is true."
                      }
                    ],
                    "correct_answer": {
                      "ids": [
                        "c"
                      ]
                    },
                    "question_type": "mcq_single",
                    "difficulty_level": "medium",
                    "explanation_html": "<p><b>Assertion (A):</b> The tangent at any point on a circle is perpendicular to the radius through the point of contact. So, ∠OAP = 90° and ∠OBP = 90°. The sum of opposite angles ∠OAP + ∠OBP = 90° + 90° = 180°. In quadrilateral OAPB, the sum of all angles is 360°, so ∠APB + ∠AOB = 360° - 180° = 180°. Since the sums of both pairs of opposite angles are 180°, OAPB is a cyclic quadrilateral. Assertion (A) is true.</p><p><b>Reason (R):</b> The property of a cyclic quadrilateral is that the sum of opposite angles is 180° (they are supplementary), not that they are equal. Reason (R) is false.</p>"
                  }
                ]
              },
              {
                "chapter_name": "Polynomials",
                "questions": [
                  {
                    "question_no": 20,
                    "question_html": "<p><b>Assertion (A):</b> Zeroes of a polynomial p(x) = x²-2x-3 are -1 and 3.</p><p><b>Reason (R):</b> The graph of polynomial p(x) = x²-2x-3 intersects x-axis at (–1, 0) and (3, 0).</p>",
                    "options": [
                      {
                        "id": "a",
                        "text": "Both Assertion (A) and Reason (R) are true. Reason (R) explains Assertion (A) completely."
                      },
                      {
                        "id": "b",
                        "text": "Both, Assertion (A) and Reason (R) are true. Reason (R) does not explain Assertion (A)."
                      },
                      {
                        "id": "c",
                        "text": "Assertion (A) is true but Reason (R) is false."
                      },
                      {
                        "id": "d",
                        "text": "Assertion (A) is false but Reason (R) is true."
                      }
                    ],
                    "correct_answer": {
                      "ids": [
                        "a"
                      ]
                    },
                    "question_type": "mcq_single",
                    "difficulty_level": "easy",
                    "explanation_html": "<p><b>Assertion (A):</b> To find the zeroes of p(x) = x²-2x-3, we set p(x) = 0. x²-2x-3 = 0 ⇒ (x-3)(x+1) = 0. The zeroes are x=3 and x=-1. Assertion (A) is true.</p><p><b>Reason (R):</b> The zeroes of a polynomial are the x-coordinates of the points where its graph intersects the x-axis. Since the zeroes are -1 and 3, the graph intersects the x-axis at (–1, 0) and (3, 0). Reason (R) is true.</p><p>Reason (R) is the correct graphical interpretation and explanation for Assertion (A).</p>"
                  }
                ]
              },
              {
                "chapter_name": "Triangles",
                "questions": [
                  {
                    "question_no": 21,
                    "question_html": "<p>D is a point on the side BC of ΔABC such that ∠ADC = ∠BAC. Show that AC² = BC × DC.</p>",
                    "images": [
                      {
                        "url": "https://img.testbuddyai.com/Maths-430-1-24-Q21.png"
                      }
                    ],
                    "options": [],
                    "correct_answer": {
                      "text": "<p><b>Given:</b> In ΔABC, D is a point on BC such that ∠ADC = ∠BAC.</p><p><b>To Prove:</b> AC² = BC × DC.</p><p><b>Proof:</b></p><p>We will compare triangles ΔABC and ΔDAC.</p><p>In ΔABC and ΔDAC,</p><p>∠BAC = ∠ADC (Given)</p><p>∠ACB = ∠DCA (Common angle)</p><p>By the AA (Angle-Angle) similarity criterion, ΔABC ~ ΔDAC.</p><p>Since the triangles are similar, the ratio of their corresponding sides is equal.</p><p>BC/AC = AC/DC</p><p>By cross-multiplication,</p><p>AC × AC = BC × DC</p><p>AC² = BC × DC</p><p>Hence, proved.</p>"
                    },
                    "question_type": "Very Short Answer (2 marks)",
                    "difficulty_level": "medium",
                    "explanation_html": null
                  }
                ]
              },
              {
                "chapter_name": "Pair of Linear Equations in Two Variables",
                "questions": [
                  {
                    "question_no": 22,
                    "question_html": "<p>(A) Solve the following pair of linear equations for x and y algebraically :<br>x + 2y = 9 and y - 2x = 2</p><p>OR</p><p>(B) Check whether the point (–4, 3) lies on both the lines represented by the linear equations x + y + 1 = 0 and x - y = 1.</p>",
                    "options": [],
                    "correct_answer": {
                      "text": "<p><b>Part (A)</b></p><p>We have the system of equations:</p><p>1. x + 2y = 9</p><p>2. -2x + y = 2</p><p>From equation 1, we can express x as x = 9 - 2y.</p><p>Substitute this into equation 2:</p><p>-2(9 - 2y) + y = 2</p><p>-18 + 4y + y = 2</p><p>5y = 20</p><p>y = 4</p><p>Now substitute y = 4 back into the expression for x:</p><p>x = 9 - 2(4) = 9 - 8 = 1.</p><p>The solution is x = 1, y = 4.</p><p><b>Part (B) OR</b></p><p>We need to check if the point (–4, 3) satisfies both equations.</p><p><b>Check for equation 1: x + y + 1 = 0</b></p><p>Substitute x = -4 and y = 3:</p><p>(-4) + (3) + 1 = -1 + 1 = 0.</p><p>Since 0 = 0, the point (–4, 3) lies on the line x + y + 1 = 0.</p><p><b>Check for equation 2: x - y = 1</b></p><p>Substitute x = -4 and y = 3:</p><p>(-4) - (3) = -7.</p><p>Since -7 ≠ 1, the point (–4, 3) does not lie on the line x - y = 1.</p><p>Therefore, the point (–4, 3) does not lie on both lines.</p>"
                    },
                    "question_type": "Very Short Answer (2 marks)",
                    "difficulty_level": "medium",
                    "explanation_html": null
                  }
                ]
              },
              {
                "chapter_name": "Real Numbers",
                "questions": [
                  {
                    "question_no": 23,
                    "question_html": "<p>(A) Prove that 6-4√5 is an irrational number, given that √5 is an irrational number.</p><p>OR</p><p>(B) Show that 11 × 19 × 23 + 3 × 11 is not a prime number.</p>",
                    "options": [],
                    "correct_answer": {
                      "text": "<p><b>Part (A)</b></p><p>We will use the method of contradiction.</p><p>Let's assume that 6 - 4√5 is a rational number. Let this rational number be 'r'.</p><p>6 - 4√5 = r</p><p>Rearranging the equation to isolate the irrational part (√5):</p><p>6 - r = 4√5</p><p>(6 - r) / 4 = √5</p><p>On the left side, since 6, 4, and r (assumed rational) are all rational numbers, the expression (6 - r) / 4 is also rational.</p><p>On the right side, we have √5, which is given to be an irrational number.</p><p>This leads to a contradiction: a rational number cannot be equal to an irrational number.</p><p>Therefore, our initial assumption that 6 - 4√5 is rational must be false.</p><p>Hence, 6 - 4√5 is an irrational number.</p><p><b>Part (B) OR</b></p><p>A prime number is a natural number greater than 1 that has exactly two distinct positive divisors: 1 and itself. To show the given number is not prime, we need to show it has more than two factors.</p><p>The given expression is 11 × 19 × 23 + 3 × 11.</p><p>We can factor out the common term, which is 11.</p><p>= 11 × (19 × 23 + 3)</p><p>Now, let's calculate the value inside the parenthesis:</p><p>= 11 × (437 + 3)</p><p>= 11 × 440</p><p>The number can be expressed as a product of 11 and 440. This shows that the number has factors other than 1 and itself (for example, 11 and 440 are factors).</p><p>Since the number has more than two factors, it is a composite number, and therefore not a prime number.</p>"
                    },
                    "question_type": "Very Short Answer (2 marks)",
                    "difficulty_level": "medium",
                    "explanation_html": null
                  }
                ]
              },
              {
                "chapter_name": "Introduction to Trigonometry",
                "questions": [
                  {
                    "question_no": 24,
                    "question_html": "<p>Evaluate : sin A cos B + cos A sin B; if A = 30° and B = 45°.</p>",
                    "options": [],
                    "correct_answer": {
                      "text": "<p>We need to evaluate the expression sin A cos B + cos A sin B for A = 30° and B = 45°.</p><p>First, let's recall the standard trigonometric values:</p><ul><li>sin 30° = 1/2</li><li>cos 45° = 1/√2</li><li>cos 30° = √3/2</li><li>sin 45° = 1/√2</li></ul><p>Now, substitute these values into the expression:</p><p>= (sin 30°)(cos 45°) + (cos 30°)(sin 45°)</p><p>= (1/2) × (1/√2) + (√3/2) × (1/√2)</p><p>= 1/(2√2) + √3/(2√2)</p><p>Since the denominators are the same, we can combine the fractions:</p><p>= (1 + √3) / (2√2)</p><p>This is the exact value. We can also rationalize the denominator:</p><p>= [(1 + √3) × √2] / [2√2 × √2]</p><p>= (√2 + √6) / (2 × 2)</p><p>= (√2 + √6) / 4</p><p>Note: The expression is the sine addition formula, sin(A + B). So, the value is sin(30°+45°) = sin(75°).</p>"
                    },
                    "question_type": "Very Short Answer (2 marks)",
                    "difficulty_level": "easy",
                    "explanation_html": null
                  }
                ]
              },
              {
                "chapter_name": "Probability",
                "questions": [
                  {
                    "question_no": 25,
                    "question_html": "<p>A bag contains 4 red, 5 white and some yellow balls. If probability of drawing a red ball at random is 1/5, then find the probability of drawing a yellow ball at random.</p>",
                    "options": [],
                    "correct_answer": {
                      "text": "<p>Let the number of yellow balls in the bag be 'n'.</p><p>Number of red balls = 4</p><p>Number of white balls = 5</p><p>Total number of balls in the bag = 4 (red) + 5 (white) + n (yellow) = 9 + n.</p><p>The probability of drawing a red ball is given as 1/5.</p><p>The formula for probability is: P(event) = (Number of favorable outcomes) / (Total number of outcomes).</p><p>P(red ball) = (Number of red balls) / (Total number of balls)</p><p>1/5 = 4 / (9 + n)</p><p>Now, we solve for n by cross-multiplying:</p><p>1 × (9 + n) = 5 × 4</p><p>9 + n = 20</p><p>n = 20 - 9</p><p>n = 11.</p><p>So, there are 11 yellow balls in the bag.</p><p>The new total number of balls is 9 + 11 = 20.</p><p>Now, we find the probability of drawing a yellow ball.</p><p>P(yellow ball) = (Number of yellow balls) / (Total number of balls)</p><p>= 11 / 20.</p>"
                    },
                    "question_type": "Very Short Answer (2 marks)",
                    "difficulty_level": "medium",
                    "explanation_html": null
                  }
                ]
              },
              {
                "chapter_name": "Real Numbers",
                "questions": [
                  {
                    "question_no": 26,
                    "question_html": "<p>Two alarm clocks ring their alarms at regular intervals of 20 minutes and 25 minutes respectively. If they first beep together at 12 noon, at what time will they beep again together next time ?</p>",
                    "options": [],
                    "correct_answer": {
                      "text": "<p>To find the next time the two alarm clocks will beep together, we need to find the Least Common Multiple (LCM) of their intervals.</p><p>The intervals are 20 minutes and 25 minutes.</p><p>We can find the LCM using prime factorization:</p><ul><li>Prime factors of 20: 2 × 10 = 2 × 2 × 5 = 2² × 5</li><li>Prime factors of 25: 5 × 5 = 5²</li></ul><p>The LCM is the product of the highest powers of all prime factors that appear in either number.</p><p>LCM(20, 25) = 2² × 5² = 4 × 25 = 100.</p><p>The alarms will beep together again after 100 minutes.</p><p>The first beep was at 12:00 noon.</p><p>We need to add 100 minutes to 12:00 noon.</p><p>100 minutes = 1 hour and 40 minutes.</p><p>So, the next time they will beep together is:</p><p>12:00 noon + 1 hour 40 minutes = 1:40 p.m.</p>"
                    },
                    "question_type": "Short Answer (3 marks)",
                    "difficulty_level": "easy",
                    "explanation_html": null
                  }
                ]
              },
              {
                "chapter_name": "Pair of Linear Equations in Two Variables",
                "questions": [
                  {
                    "question_no": 27,
                    "question_html": "<p>The greater of two supplementary angles exceeds the smaller by 18°. Find measures of these two angles.</p>",
                    "options": [],
                    "correct_answer": {
                      "text": "<p>Let the two supplementary angles be x and y, with x being the greater angle (x > y).</p><p><b>Condition 1: The angles are supplementary.</b></p><p>Supplementary angles add up to 180°.</p><p>So, our first equation is: x + y = 180  ---(1)</p><p><b>Condition 2: The greater angle exceeds the smaller by 18°.</b></p><p>This means the difference between the two angles is 18°.</p><p>So, our second equation is: x - y = 18  ---(2)</p><p>Now we have a system of two linear equations. We can solve it by elimination.</p><p>Add equation (1) and equation (2):</p><p>(x + y) + (x - y) = 180 + 18</p><p>2x = 198</p><p>x = 99</p><p>Now, substitute the value of x into equation (1) to find y:</p><p>99 + y = 180</p><p>y = 180 - 99</p><p>y = 81</p><p>The two angles are 99° and 81°.</p>"
                    },
                    "question_type": "Short Answer (3 marks)",
                    "difficulty_level": "easy",
                    "explanation_html": null
                  }
                ]
              },
              {
                "chapter_name": "Coordinate Geometry",
                "questions": [
                  {
                    "question_no": 28,
                    "question_html": "<p>Find the co-ordinates of the points of trisection of the line segment joining the points (–2, 2) and (7, –4).</p>",
                    "options": [],
                    "correct_answer": {
                      "text": "<p>Let the given points be A(–2, 2) and B(7, –4). Let the points of trisection be P and Q, such that P is closer to A.</p><p>The points of trisection divide the line segment into three equal parts: AP = PQ = QB.</p><p><b>Finding the coordinates of point P:</b></p><p>Point P divides the line segment AB in the ratio 1:2.</p><p>Using the section formula: P(x, y) = [ (m₁x₂ + m₂x₁)/(m₁+m₂), (m₁y₂ + m₂y₁)/(m₁+m₂) ]</p><p>Here, (x₁, y₁) = (–2, 2), (x₂, y₂) = (7, –4), m₁ = 1, m₂ = 2.</p><p>x-coordinate of P = (1×7 + 2×(–2)) / (1+2) = (7 - 4) / 3 = 3/3 = 1.</p><p>y-coordinate of P = (1×(–4) + 2×2) / (1+2) = (–4 + 4) / 3 = 0/3 = 0.</p><p>So, the coordinates of point P are (1, 0).</p><p><b>Finding the coordinates of point Q:</b></p><p>Point Q divides the line segment AB in the ratio 2:1.</p><p>Here, (x₁, y₁) = (–2, 2), (x₂, y₂) = (7, –4), m₁ = 2, m₂ = 1.</p><p>x-coordinate of Q = (2×7 + 1×(–2)) / (2+1) = (14 - 2) / 3 = 12/3 = 4.</p><p>y-coordinate of Q = (2×(–4) + 1×2) / (2+1) = (–8 + 2) / 3 = –6/3 = –2.</p><p>So, the coordinates of point Q are (4, –2).</p><p>The points of trisection are (1, 0) and (4, –2).</p>"
                    },
                    "question_type": "Short Answer (3 marks)",
                    "difficulty_level": "medium",
                    "explanation_html": null
                  }
                ]
              },
              {
                "chapter_name": "Circles",
                "questions": [
                  {
                    "question_no": 29,
                    "question_html": "<p>(A) In two concentric circles, the radii are OA = r cm and OQ = 6 cm, as shown in the figure. Chord CD of larger circle is a tangent to smaller circle at Q. PA is tangent to larger circle. If PA = 16 cm and OP = 20 cm, find the length CD.</p><p>OR</p><p>(B) In given figure, two tangents PT and QT are drawn to a circle with centre O from an external point T. Prove that ∠PTQ = 2 ∠OPQ.</p>",
                    "images": [
                      {
                        "url": "https://img.testbuddyai.com/Maths-430-1-24-Q29a.png"
                      },
                      {
                        "url": "https://img.testbuddyai.com/Maths-430-1-24-Q29b.png"
                      }
                    ],
                    "options": [],
                    "correct_answer": {
                      "text": "<p><b>Part (A)</b></p><p>We are given information about two different setups combined. Let's separate them.</p><p>1.  A tangent PA is drawn to the larger circle from point P. OA is the radius of this larger circle. The radius at the point of tangency is perpendicular to the tangent. So, ∠OAP = 90°.</p><p>    In the right-angled triangle OAP:</p><p>    OP² = OA² + PA² (Pythagoras theorem)</p><p>    20² = OA² + 16²</p><p>    400 = OA² + 256</p><p>    OA² = 400 - 256 = 144</p><p>    OA = √144 = 12 cm. So, the radius of the larger circle is r = 12 cm.</p><p>2.  Now consider the chord CD of the larger circle, which is tangent to the smaller circle at Q. OQ is the radius of the smaller circle, given as 6 cm. OD is the radius of the larger circle, which we found to be 12 cm.</p><p>    Since CD is tangent to the smaller circle at Q, OQ ⊥ CD.</p><p>    In the right-angled triangle OQD:</p><p>    OD² = OQ² + QD²</p><p>    12² = 6² + QD²</p><p>    144 = 36 + QD²</p><p>    QD² = 144 - 36 = 108</p><p>    QD = √108 = √(36 × 3) = 6√3 cm.</p><p>    The perpendicular from the center of a circle to a chord bisects the chord. So, CD = 2 × QD.</p><p>    CD = 2 × 6√3 = 12√3 cm.</p><p><b>Part (B) OR</b></p><p><b>Given:</b> PT and QT are tangents from point T to a circle with center O.</p><p><b>To Prove:</b> ∠PTQ = 2 ∠OPQ.</p><p>Let ∠PTQ = θ.</p><p>In triangle PTQ, the tangents from an external point are equal in length, so PT = QT. This makes △PTQ an isosceles triangle.</p><p>Therefore, the base angles are equal: ∠TPQ = ∠TQP.</p><p>In △PTQ, the sum of angles is 180°. So, ∠TPQ + ∠TQP + ∠PTQ = 180°.</p><p>2∠TPQ + θ = 180° => ∠TPQ = (180° - θ)/2 = 90° - θ/2.</p><p>Now, we know that the radius is perpendicular to the tangent at the point of contact. So, OP ⊥ PT, which means ∠OPT = 90°.</p><p>From the figure, we can see that ∠OPT = ∠OPQ + ∠TPQ.</p><p>90° = ∠OPQ + (90° - θ/2)</p><p>∠OPQ = 90° - (90° - θ/2) = θ/2.</p><p>So, ∠OPQ = θ/2. This means θ = 2∠OPQ.</p><p>Substituting back θ = ∠PTQ, we get ∠PTQ = 2∠OPQ.</p><p>Hence, proved.</p>"
                    },
                    "question_type": "Short Answer (3 marks)",
                    "difficulty_level": "hard",
                    "explanation_html": null
                  }
                ]
              },
              {
                "chapter_name": "Surface Areas and Volumes",
                "questions": [
                  {
                    "question_no": 30,
                    "question_html": "<p>(A) A solid is in the form of a cylinder with hemi-spherical ends of same radii. The total height of the solid is 20 cm and the diameter of the cylinder is 14 cm. Find the surface area of the solid.</p><p>OR</p><p>(B) A juice glass is cylindrical in shape with hemi-spherical raised up portion at the bottom. The inner diameter of glass is 10 cm and its height is 14 cm. Find the capacity of the glass. (use π = 3.14)</p>",
                    "options": [],
                    "correct_answer": {
                      "text": "<p><b>Part (A)</b></p><p>The solid consists of a cylinder and two hemispheres at its ends.</p><p><b>Dimensions:</b></p><ul><li>Diameter of cylinder = 14 cm, so radius (r) = 7 cm.</li><li>Radius of hemispheres = radius of cylinder = 7 cm.</li><li>Total height of the solid = 20 cm.</li></ul><p>The height of the cylindrical part (h) = Total height - height of two hemispheres (i.e., 2 × radius).</p><p>h = 20 - (2 × 7) = 20 - 14 = 6 cm.</p><p><b>Total Surface Area (TSA) of the solid:</b></p><p>TSA = (Curved Surface Area of Cylinder) + (Surface Area of two Hemispheres)</p><p>= (2πrh) + (2 × 2πr²)</p><p>= 2πrh + 4πr²</p><p>= 2πr(h + 2r)</p><p>Substitute the values (r=7, h=6):</p><p>= 2 × (22/7) × 7 × (6 + 2×7)</p><p>= 44 × (6 + 14)</p><p>= 44 × 20 = 880 cm².</p><p>The surface area of the solid is 880 cm².</p><p><b>Part (B) OR</b></p><p>The glass is a cylinder with a hemispherical part raised from the bottom.</p><p><b>Dimensions:</b></p><ul><li>Inner diameter of glass = 10 cm, so inner radius (r) = 5 cm.</li><li>Height of the glass (h) = 14 cm.</li></ul><p>The capacity of the glass is the volume of the cylindrical part minus the volume of the hemispherical part.</p><p><b>Capacity of the glass = Volume of Cylinder - Volume of Hemisphere</b></p><p>= πr²h - (2/3)πr³</p><p>= πr²(h - 2r/3)</p><p>Substitute the values (r=5, h=14, π=3.14):</p><p>= 3.14 × (5)² × (14 - (2×5)/3)</p><p>= 3.14 × 25 × (14 - 10/3)</p><p>= 78.5 × ( (42-10)/3 )</p><p>= 78.5 × (32/3) ≈ 78.5 × 10.67 ≈ 837.33 cm³.</p><p>Alternatively, calculating separately:</p><p>Volume of Cylinder = πr²h = 3.14 × 5² × 14 = 3.14 × 25 × 14 = 1099 cm³.</p><p>Volume of Hemisphere = (2/3)πr³ = (2/3) × 3.14 × 5³ = (2/3) × 3.14 × 125 ≈ 261.67 cm³.</p><p>Capacity = 1099 - 261.67 = 837.33 cm³.</p>"
                    },
                    "question_type": "Short Answer (3 marks)",
                    "difficulty_level": "hard",
                    "explanation_html": null
                  }
                ]
              },
              {
                "chapter_name": "Introduction to Trigonometry",
                "questions": [
                  {
                    "question_no": 31,
                    "question_html": "<p>Prove that: (cotθ−cosecθ)² = (1−cosθ)/(1+cosθ)</p>",
                    "options": [],
                    "correct_answer": {
                      "text": "<p>We will start from the Left Hand Side (LHS) and show that it is equal to the Right Hand Side (RHS).</p><p>LHS = (cotθ − cosecθ)²</p><p>First, express cotθ and cosecθ in terms of sinθ and cosθ.</p><p>cotθ = cosθ / sinθ</p><p>cosecθ = 1 / sinθ</p><p>LHS = ( (cosθ / sinθ) - (1 / sinθ) )²</p><p>Since the denominators are the same, combine the terms inside the parenthesis:</p><p>LHS = ( (cosθ - 1) / sinθ )²</p><p>Square the numerator and the denominator:</p><p>LHS = (cosθ - 1)² / sin²θ</p><p>We know that (a - b)² = (b - a)², so (cosθ - 1)² = (1 - cosθ)².</p><p>LHS = (1 - cosθ)² / sin²θ</p><p>Use the Pythagorean identity sin²θ + cos²θ = 1, which means sin²θ = 1 - cos²θ.</p><p>LHS = (1 - cosθ)² / (1 - cos²θ)</p><p>The denominator is a difference of squares: 1 - cos²θ = (1 - cosθ)(1 + cosθ).</p><p>LHS = [ (1 - cosθ)(1 - cosθ) ] / [ (1 - cosθ)(1 + cosθ) ]</p><p>Cancel one of the (1 - cosθ) terms from the numerator and the denominator.</p><p>LHS = (1 - cosθ) / (1 + cosθ) = RHS.</p><p>Hence, the identity is proved.</p>"
                    },
                    "question_type": "Short Answer (3 marks)",
                    "difficulty_level": "medium",
                    "explanation_html": null
                  }
                ]
              },
              {
                "chapter_name": "Triangles",
                "questions": [
                  {
                    "question_no": 32,
                    "question_html": "<p>(A) If a line is drawn parallel to one side of a triangle to intersect the other two sides in distinct points, then prove that other two sides are divided in the same ratio.</p><p>OR</p><p>(B) Sides AB and AC and median AD of a ΔABC are respectively proportional to sides PQ and PR and median PM of a ΔPQR. Show that ΔABC ~ ΔPQR.</p>",
                    "images": [
                      {
                        "url": "https://img.testbuddyai.com/Maths-430-1-24-Q32a.png"
                      }
                    ],
                    "options": [],
                    "correct_answer": {
                      "text": "<p><b>Part (A) - Proof of Basic Proportionality Theorem (Thales's Theorem)</b></p><p><b>Given:</b> A triangle ΔABC in which a line DE is drawn parallel to BC, intersecting sides AB at D and AC at E.</p><p><b>To Prove:</b> AD/DB = AE/EC.</p><p><b>Construction:</b> Join BE and CD. Draw EN ⊥ AB and DM ⊥ AC.</p><p><b>Proof:</b></p><p>The area of a triangle is given by (1/2) × base × height.</p><p>Area(ΔADE) = (1/2) × AD × EN</p><p>Area(ΔBDE) = (1/2) × DB × EN</p><p>Dividing the two areas: Area(ΔADE)/Area(ΔBDE) = (AD × EN)/(DB × EN) = AD/DB  ---(i)</p><p>Similarly,</p><p>Area(ΔADE) = (1/2) × AE × DM</p><p>Area(ΔCDE) = (1/2) × EC × DM</p><p>Dividing the two areas: Area(ΔADE)/Area(ΔCDE) = (AE × DM)/(EC × DM) = AE/EC  ---(ii)</p><p>Now, ΔBDE and ΔCDE are on the same base DE and between the same parallel lines DE and BC. Triangles on the same base and between the same parallels are equal in area.</p><p>So, Area(ΔBDE) = Area(ΔCDE)  ---(iii)</p><p>From equations (i), (ii), and (iii), we can conclude that:</p><p>AD/DB = AE/EC.</p><p>Hence, proved.</p><p><b>Part (B) OR</b></p><p><b>Given:</b> In ΔABC and ΔPQR, AD and PM are medians, and AB/PQ = AC/PR = AD/PM.</p><p><b>To Prove:</b> ΔABC ~ ΔPQR.</p><p><b>Construction:</b> Extend AD to E such that AD = DE. Join CE. Extend PM to N such that PM = MN. Join RN.</p><p><b>Proof:</b></p><p>In quadrilateral ABEC, diagonals AE and BC bisect each other (since D is the midpoint of BC and by construction D is the midpoint of AE). Therefore, ABEC is a parallelogram, which means AB = CE and AC = BE.</p><p>Similarly, in quadrilateral PQNR, diagonals PN and QR bisect each other, making PQNR a parallelogram. This means PQ = RN and PR = QN.</p><p>We are given: AB/PQ = AC/PR = AD/PM.</p><p>Substitute AB=CE, PQ=RN, and AD=(1/2)AE, PM=(1/2)PN:</p><p>CE/RN = AC/PR = ((1/2)AE) / ((1/2)PN) = AE/PN.</p><p>Now consider ΔAEC and ΔPNR. We have shown that CE/RN = AC/PR = AE/PN. By SSS similarity criterion, ΔAEC ~ ΔPNR.</p><p>This implies that their corresponding angles are equal: ∠CAE = ∠RPN (or ∠CAD = ∠RPM). Let's call this ∠2 = ∠4.</p><p>Similarly, using AC=BE and PR=QN, we can show ΔABE ~ ΔPQN, which implies ∠BAE = ∠QPN (or ∠BAD = ∠QPM). Let's call this ∠1 = ∠3.</p><p>Now, ∠BAC = ∠BAE + ∠CAE = ∠1 + ∠2.</p><p>And ∠QPR = ∠QPN + ∠RPN = ∠3 + ∠4.</p><p>Since ∠1 = ∠3 and ∠2 = ∠4, it follows that ∠BAC = ∠QPR.</p><p>Now, in ΔABC and ΔPQR, we have:</p><p>1. AB/PQ = AC/PR (Given)</p><p>2. ∠BAC = ∠QPR (Proved above)</p><p>By SAS similarity criterion, ΔABC ~ ΔPQR.</p><p>Hence, proved.</p>"
                    },
                    "question_type": "Long Answer (5 marks)",
                    "difficulty_level": "hard",
                    "explanation_html": null
                  }
                ]
              },
              {
                "chapter_name": "Arithmetic Progressions",
                "questions": [
                  {
                    "question_no": 33,
                    "question_html": "<p>How many terms of the A.P. 27, 24, 21, ....... must be taken so that their sum is 105 ? Which term of the A.P. is zero ?</p>",
                    "options": [],
                    "correct_answer": {
                      "text": "<p>The given Arithmetic Progression (A.P.) is 27, 24, 21, ...</p><p><b>Part 1: How many terms for a sum of 105?</b></p><p>First, identify the first term (a) and the common difference (d).</p><ul><li>First term, a = 27</li><li>Common difference, d = 24 - 27 = -3</li></ul><p>Let 'n' be the number of terms required for the sum (Sₙ) to be 105.</p><p>The formula for the sum of an A.P. is Sₙ = n/2 [2a + (n-1)d].</p><p>105 = n/2 [2(27) + (n-1)(-3)]</p><p>210 = n [54 - 3n + 3]</p><p>210 = n [57 - 3n]</p><p>210 = 57n - 3n²</p><p>Rearrange into a quadratic equation:</p><p>3n² - 57n + 210 = 0</p><p>Divide the equation by 3:</p><p>n² - 19n + 70 = 0</p><p>Factor the quadratic equation. We need two numbers that multiply to 70 and add to -19. These are -14 and -5.</p><p>(n - 14)(n - 5) = 0</p><p>This gives two possible values for n: n = 14 or n = 5.</p><p>Both answers are possible. The sum of the first 5 terms is 105. The terms from the 6th to the 14th are positive and negative numbers that cancel each other out, so the sum of the first 14 terms is also 105.</p><p><b>Part 2: Which term of the A.P. is zero?</b></p><p>Let the nth term (aₙ) be zero.</p><p>The formula for the nth term is aₙ = a + (n-1)d.</p><p>0 = 27 + (n-1)(-3)</p><p>-27 = -3(n-1)</p><p>9 = n - 1</p><p>n = 10</p><p>The 10th term of the A.P. is zero.</p>"
                    },
                    "question_type": "Long Answer (5 marks)",
                    "difficulty_level": "medium",
                    "explanation_html": null
                  }
                ]
              },
              {
                "chapter_name": "Some Applications of Trigonometry",
                "questions": [
                  {
                    "question_no": 34,
                    "question_html": "<p>(A) The shadow of a tower standing on a level ground is found to be 40 m longer when the Sun's altitude is 30° than when it was 60°. Find the height of the tower and the length of original shadow. (use √3 = 1.73)</p><p>OR</p><p>(B) The angles of depression of the top and the bottom of an 8 m tall building from the top of a multi-storeyed building are 30° and 45° respectively. Find the height of the multi-storeyed building and the distance between the two buildings. (use √3 = 1.73)</p>",
                    "images": [
                      {
                        "url": "https://img.testbuddyai.com/Maths-430-1-24-Q34a.png"
                      },
                      {
                        "url": "https://img.testbuddyai.com/Maths-430-1-24-Q34b.png"
                      }
                    ],
                    "options": [],
                    "correct_answer": {
                      "text": "<p><b>Part (A)</b></p><p>Let AB be the tower of height 'h'. Let AC be the original shadow when the sun's altitude is 60°, and let AD be the longer shadow when the altitude is 30°. Let AC = x.</p><p>We are given that AD is 40 m longer than AC, so AD = x + 40.</p><p><b>In right-angled triangle ABC (altitude 60°):</b></p><p>tan(60°) = AB/AC = h/x</p><p>√3 = h/x  =>  h = x√3  ---(i)</p><p><b>In right-angled triangle ABD (altitude 30°):</b></p><p>tan(30°) = AB/AD = h/(x+40)</p><p>1/√3 = h/(x+40)  =>  x + 40 = h√3  ---(ii)</p><p>Now substitute the expression for h from (i) into (ii):</p><p>x + 40 = (x√3)√3</p><p>x + 40 = 3x</p><p>40 = 2x</p><p>x = 20</p><p>The length of the original shadow (AC) is 20 meters.</p><p>Now find the height of the tower (h) using equation (i):</p><p>h = 20√3</p><p>Using √3 = 1.73, h = 20 × 1.73 = 34.6 meters.</p><p><b>Part (B) OR</b></p><p>Let CD be the multi-storeyed building of height 'h' and AB be the other building of height 8 m. Let the distance between them be 'x'. Draw a horizontal line BE from B to CD.</p><p>Height of multi-storeyed building = CD = h.</p><p>Distance between buildings = AC = x.</p><p>DE = h - 8.</p><p>Angle of depression to the top (B) is 30°, so ∠DBE = 30°.</p><p>Angle of depression to the bottom (A) is 45°, so ∠DCA = 45°.</p><p><b>In right-angled triangle DCA:</b></p><p>tan(45°) = CD/AC = h/x</p><p>1 = h/x  =>  h = x  ---(i)</p><p><b>In right-angled triangle DBE:</b></p><p>tan(30°) = DE/BE = (h-8)/x</p><p>1/√3 = (h-8)/x  => x = (h-8)√3  ---(ii)</p><p>Since h=x, substitute h for x in (ii):</p><p>h = (h-8)√3</p><p>h = h√3 - 8√3</p><p>8√3 = h√3 - h</p><p>8√3 = h(√3 - 1)</p><p>h = 8√3 / (√3 - 1)</p><p>Rationalize the denominator:</p><p>h = [8√3(√3+1)] / [(√3-1)(√3+1)] = [8(3+√3)] / (3-1) = [8(3+√3)] / 2 = 4(3+√3)</p><p>h = 12 + 4√3</p><p>Using √3 = 1.73: h = 12 + 4(1.73) = 12 + 6.92 = 18.92 meters.</p><p>Since h=x, the distance between the buildings is also 18.92 meters.</p>"
                    },
                    "question_type": "Long Answer (5 marks)",
                    "difficulty_level": "hard",
                    "explanation_html": null
                  }
                ]
              },
              {
                "chapter_name": "Areas Related to Circles",
                "questions": [
                  {
                    "question_no": 35,
                    "question_html": "<p>A chord of a circle of radius 14 cm subtends an angle of 90° at the centre. Find the area of the corresponding minor and major segments of the circle.</p>",
                    "options": [],
                    "correct_answer": {
                      "text": "<p>Given:</p><ul><li>Radius of the circle (r) = 14 cm</li><li>Angle subtended at the center (θ) = 90°</li></ul><p><b>Area of the Minor Segment</b></p><p>Area of Minor Segment = Area of Sector OAB - Area of Triangle OAB.</p><p>1.  <b>Area of Sector OAB:</b></p><p>    Area = (θ/360°) × πr²</p><p>    = (90/360) × (22/7) × 14²</p><p>    = (1/4) × (22/7) × 196</p><p>    = (1/4) × 22 × 28 = 22 × 7 = 154 cm².</p><p>2.  <b>Area of Triangle OAB:</b></p><p>    Since the angle at the center is 90°, ΔOAB is a right-angled triangle with OA and OB as the perpendicular sides.</p><p>    Area = (1/2) × base × height = (1/2) × OA × OB</p><p>    = (1/2) × 14 × 14 = 7 × 14 = 98 cm².</p><p>3.  <b>Area of Minor Segment:</b></p><p>    = 154 - 98 = 56 cm².</p><p><b>Area of the Major Segment</b></p><p>Area of Major Segment = Area of Circle - Area of Minor Segment.</p><p>1.  <b>Area of Circle:</b></p><p>    Area = πr² = (22/7) × 14² = (22/7) × 196 = 22 × 28 = 616 cm².</p><p>2.  <b>Area of Major Segment:</b></p><p>    = 616 - 56 = 560 cm².</p>"
                    },
                    "question_type": "Long Answer (5 marks)",
                    "difficulty_level": "medium",
                    "explanation_html": null
                  }
                ]
              },
              {
                "chapter_name": "Quadratic Equations",
                "questions": [
                  {
                    "question_no": 36,
                    "question_html": "<p><b>Case-study</b></p><p>Two circles touch externally. The sum of their areas is 130π sq m and the distance between their centres is 14 m.</p><p>Based on above information, answer the following questions :</p><p>(i) Obtain a quadratic equation involving R and r from above.</p><p>(ii) Write a quadratic equation involving only r.</p><p>(iii) (a) Find the radius r and the corresponding area irrigated.</p><p>OR</p><p>(b) Find the radius R and the corresponding area irrigated.</p>",
                    "images": [
                      {
                        "url": "https://img.testbuddyai.com/Maths-430-1-24-Q36.png"
                      }
                    ],
                    "options": [],
                    "correct_answer": {
                      "text": "<p>Let the radii of the two circles be R and r, where R > r.</p><p><b>Condition 1: Distance between centers</b></p><p>When two circles touch externally, the distance between their centers is the sum of their radii.</p><p>R + r = 14  ---(1)</p><p>From this, we can write R = 14 - r.</p><p><b>Condition 2: Sum of their areas</b></p><p>The area of a circle is π(radius)².</p><p>πR² + πr² = 130π</p><p>Dividing by π, we get: R² + r² = 130  ---(2)</p><p><b>(i) Quadratic equation involving R and r:</b></p><p>This is given by equation (2): R² + r² = 130.</p><p><b>(ii) Quadratic equation involving only r:</b></p><p>Substitute R = 14 - r from equation (1) into equation (2):</p><p>(14 - r)² + r² = 130</p><p>(196 - 28r + r²) + r² = 130</p><p>2r² - 28r + 196 - 130 = 0</p><p>2r² - 28r + 66 = 0</p><p>Dividing by 2, we get the quadratic equation: r² - 14r + 33 = 0.</p><p><b>(iii) (a) Find the radius r:</b></p><p>We solve the quadratic equation r² - 14r + 33 = 0 by factoring.</p><p>We need two numbers that multiply to 33 and add to -14. These are -11 and -3.</p><p>(r - 11)(r - 3) = 0</p><p>This gives two possible values for r: r = 11 or r = 3.</p><p>If r = 11, then R = 14 - 11 = 3. This contradicts our assumption R > r.</p><p>If r = 3, then R = 14 - 3 = 11. This is consistent with R > r.</p><p>So, the smaller radius is r = 3 m.</p><p>The corresponding area irrigated is the area of the smaller circle: Area = πr² = π(3)² = 9π m².</p><p><b>OR</b></p><p><b>(iii) (b) Find the radius R:</b></p><p>From the solution above, the larger radius is R = 11 m.</p><p>The corresponding area irrigated is the area of the larger circle: Area = πR² = π(11)² = 121π m².</p>"
                    },
                    "question_type": "Case-based Subjective",
                    "difficulty_level": "hard",
                    "explanation_html": null
                  }
                ]
              },
              {
                "chapter_name": "Statistics",
                "questions": [
                  {
                    "question_no": 37,
                    "question_html": "<p><b>Case-study</b></p><p>Gurpreet collected leaves and measured their lengths. The data is in the table:</p><table><thead><tr><th>Length (in mm)</th><th>70-80</th><th>80-90</th><th>90-100</th><th>100-110</th><th>110-120</th><th>120-130</th><th>130-140</th></tr></thead><tbody><tr><td>Number of leaves</td><td>3</td><td>5</td><td>9</td><td>12</td><td>5</td><td>4</td><td>2</td></tr></tbody></table><p>Based on the above information, answer the following questions :</p><p>(i) Write the median class of the data.</p><p>(ii) How many leaves are of length equal to or more than 10 cm ?</p><p>(iii) (a) Find median of the data.</p><p>OR</p><p>(b) Write the modal class and find the mode of the data.</p>",
                    "images": [
                      {
                        "url": "https://img.testbuddyai.com/Maths-430-1-24-Q37.png"
                      }
                    ],
                    "options": [],
                    "correct_answer": {
                      "text": "<p>First, let's create a cumulative frequency table.</p><table><thead><tr><th>Length (C.I.)</th><th>Frequency (f)</th><th>Cumulative Frequency (cf)</th></tr></thead><tbody><tr><td>70-80</td><td>3</td><td>3</td></tr><tr><td>80-90</td><td>5</td><td>8</td></tr><tr><td>90-100</td><td>9</td><td>17</td></tr><tr><td>100-110</td><td>12</td><td>29</td></tr><tr><td>110-120</td><td>5</td><td>34</td></tr><tr><td>120-130</td><td>4</td><td>38</td></tr><tr><td>130-140</td><td>2</td><td>40</td></tr></tbody></table><p>Total number of leaves, N = 40.</p><p><b>(i) Median Class:</b></p><p>The median position is N/2 = 40/2 = 20. We look for the class where the 20th observation lies. The cumulative frequency just greater than 20 is 29, which corresponds to the class 100-110. So, the median class is 100-110.</p><p><b>(ii) Leaves with length ≥ 10 cm:</b></p><p>10 cm is equal to 100 mm. We need to find the number of leaves with length 100 mm or more. This is the sum of frequencies for classes from 100-110 onwards.</p><p>Number of leaves = 12 (for 100-110) + 5 (for 110-120) + 4 (for 120-130) + 2 (for 130-140) = 23 leaves.</p><p><b>(iii) (a) Median of the data:</b></p><p>Median = l + [ (N/2 - cf) / f ] * h</p><ul><li>l (lower limit of median class) = 100</li><li>N (total frequency) = 40</li><li>cf (cumulative frequency of class preceding median class) = 17</li><li>f (frequency of median class) = 12</li><li>h (class size) = 10</li></ul><p>Median = 100 + [ (20 - 17) / 12 ] * 10 = 100 + (3/12) * 10 = 100 + (1/4) * 10 = 100 + 2.5 = 102.5 mm.</p><p><b>OR</b></p><p><b>(iii) (b) Modal Class and Mode:</b></p><p>The modal class is the class with the highest frequency. The highest frequency is 12, which corresponds to the class 100-110.</p><p>Mode = l + [ (f₁ - f₀) / (2f₁ - f₀ - f₂) ] * h</p><ul><li>l = 100</li><li>h = 10</li><li>f₁ (frequency of modal class) = 12</li><li>f₀ (frequency of preceding class) = 9</li><li>f₂ (frequency of succeeding class) = 5</li></ul><p>Mode = 100 + [ (12 - 9) / (2*12 - 9 - 5) ] * 10 = 100 + [ 3 / (24 - 14) ] * 10 = 100 + (3/10) * 10 = 100 + 3 = 103 mm.</p>"
                    },
                    "question_type": "Case-based Subjective",
                    "difficulty_level": "hard",
                    "explanation_html": null
                  }
                ]
              },
              {
                "chapter_name": "Circles",
                "questions": [
                  {
                    "question_no": 38,
                    "question_html": "<p><b>Case-study</b></p><p>A circular mirror hangs on a wall. The mirror is a circle with centre O. AP and AQ are tangents to the circle at P and Q respectively such that AP = 30 cm and ∠PAQ = 60°.</p><p>Based on the above information; answer the following questions :</p><p>(i) Find the length PQ.</p><p>(ii) Find m∠POQ.</p><p>(iii) (a) Find the length OA.</p><p>OR</p><p>(b) Find the radius of the mirror.</p>",
                    "images": [
                      {
                        "url": "https://img.testbuddyai.com/Maths-430-1-24-Q38.png"
                      }
                    ],
                    "options": [],
                    "correct_answer": {
                      "text": "<p>Given: Tangents AP and AQ from point A. AP = 30 cm, ∠PAQ = 60°.</p><p><b>(i) Find the length PQ:</b></p><p>In triangle APQ, the lengths of tangents from an external point to a circle are equal. So, AP = AQ = 30 cm.</p><p>Since two sides of the triangle are equal, it is an isosceles triangle. The angles opposite the equal sides are also equal: ∠APQ = ∠AQP.</p><p>The sum of angles in ΔAPQ is 180°. So, ∠PAQ + ∠APQ + ∠AQP = 180°.</p><p>60° + 2∠APQ = 180° => 2∠APQ = 120° => ∠APQ = 60°.</p><p>Since all three angles are 60°, ΔAPQ is an equilateral triangle.</p><p>Therefore, PQ = AP = AQ = 30 cm.</p><p><b>(ii) Find m∠POQ:</b></p><p>In the quadrilateral APOQ, the sum of angles is 360°. The radius is perpendicular to the tangent at the point of contact, so ∠APO = 90° and ∠AQO = 90°.</p><p>∠PAQ + ∠APO + ∠POQ + ∠AQO = 360°.</p><p>60° + 90° + ∠POQ + 90° = 360°.</p><p>∠POQ + 240° = 360° => ∠POQ = 120°.</p><p><b>(iii) (a) Find the length OA:</b></p><p>The line segment OA connecting the center to the external point bisects the angle between the tangents (∠PAQ) and the angle between the radii (∠POQ).</p><p>So, ∠PAO = ∠PAQ / 2 = 60° / 2 = 30°.</p><p>In the right-angled triangle APO (right-angled at P):</p><p>cos(∠PAO) = Adjacent / Hypotenuse = AP / OA.</p><p>cos(30°) = 30 / OA</p><p>√3 / 2 = 30 / OA</p><p>OA = (30 × 2) / √3 = 60 / √3 = 20√3 cm.</p><p><b>OR</b></p><p><b>(iii) (b) Find the radius of the mirror (OP):</b></p><p>In the same right-angled triangle APO:</p><p>tan(∠PAO) = Opposite / Adjacent = OP / AP.</p><p>tan(30°) = OP / 30</p><p>1 / √3 = OP / 30</p><p>OP = 30 / √3 = 10√3 cm.</p><p>The radius of the mirror is 10√3 cm.</p>"
                    },
                    "question_type": "Case-based Subjective",
                    "difficulty_level": "hard",
                    "explanation_html": null
                  }
                ]
              }
            ]
          }
        ]
      }
    ]
  }
]