[
  {
    "exam_name_actual": "CBSE Board - Class 10",
    "main_exam_id_name_ref": "CBSE Board - Class 10",
    "years": [
      {
        "year": "2024",
        "papers_or_subjects": [
          {
            "paper_name": "CBSE Class 10 Mathematics (Standard) Paper 2024 (QP Code: 30/4/1)",
            "subject_name": "Mathematics",
            "chapters": [
              {
                "chapter_name": "Pair of Linear Equations in Two Variables",
                "questions": [
                  {
                    "question_no": 1,
                    "question_html": "<p>If ax + by = a² – b² and bx + ay = 0, then the value of x + y is :</p>",
                    "options": [
                      {
                        "id": "a",
                        "text": "a² – b²"
                      },
                      {
                        "id": "b",
                        "text": "a + b"
                      },
                      {
                        "id": "c",
                        "text": "a – b"
                      },
                      {
                        "id": "d",
                        "text": "a² + b²"
                      }
                    ],
                    "correct_answer": {
                      "ids": [
                        "c"
                      ]
                    },
                    "question_type": "mcq_single",
                    "difficulty_level": "medium",
                    "explanation_html": "<p>We are given two linear equations:</p>\n<p>1) ax + by = a² - b²</p>\n<p>2) bx + ay = 0</p>\n<p>To find the value of x + y, we can add the two equations together.</p>\n<p>(ax + by) + (bx + ay) = (a² - b²) + 0</p>\n<p>Rearranging the terms to group x and y:</p>\n<p>ax + bx + ay + by = a² - b²</p>\n<p>Factor out x from the first two terms and y from the last two terms:</p>\n<p>x(a + b) + y(a + b) = a² - b²</p>\n<p>Factor out the common term (a + b):</p>\n<p>(x + y)(a + b) = a² - b²</p>\n<p>We know the identity a² - b² = (a - b)(a + b). Substitute this into the equation:</p>\n<p>(x + y)(a + b) = (a - b)(a + b)</p>\n<p>Assuming (a + b) is not equal to zero, we can divide both sides by (a + b):</p>\n<p>x + y = a - b</p>\n<p>Therefore, the value of x + y is a - b.</p>"
                  }
                ]
              },
              {
                "chapter_name": "Real Numbers",
                "questions": [
                  {
                    "question_no": 2,
                    "question_html": "<p>The HCF of two numbers 65 and 104 is 13. If LCM of 65 and 104 is 40x, then the value of x is :</p>",
                    "options": [
                      {
                        "id": "a",
                        "text": "5"
                      },
                      {
                        "id": "b",
                        "text": "13"
                      },
                      {
                        "id": "c",
                        "text": "40"
                      },
                      {
                        "id": "d",
                        "text": "8"
                      }
                    ],
                    "correct_answer": {
                      "ids": [
                        "b"
                      ]
                    },
                    "question_type": "mcq_single",
                    "difficulty_level": "easy",
                    "explanation_html": "<p>We use the fundamental relationship between two numbers, their HCF, and their LCM.</p>\n<p>The formula is: Product of two numbers = HCF × LCM.</p>\n<p>The two numbers are 65 and 104.</p>\n<p>The HCF is given as 13.</p>\n<p>The LCM is given as 40x.</p>\n<p>Substitute these values into the formula:</p>\n<p>65 × 104 = 13 × (40x)</p>\n<p>Now, we solve for x.</p>\n<p>6760 = 520x</p>\n<p>x = 6760 / 520</p>\n<p>x = 13</p>\n<p>Thus, the value of x is 13.</p>"
                  }
                ]
              },
              {
                "chapter_name": "Polynomials",
                "questions": [
                  {
                    "question_no": 3,
                    "question_html": "<p>If a polynomial p(x) is given by p(x) = x² – 5x + 6, then the value of p(1) + p(4) is :</p>",
                    "options": [
                      {
                        "id": "a",
                        "text": "0"
                      },
                      {
                        "id": "b",
                        "text": "4"
                      },
                      {
                        "id": "c",
                        "text": "2"
                      },
                      {
                        "id": "d",
                        "text": "– 4"
                      }
                    ],
                    "correct_answer": {
                      "ids": [
                        "b"
                      ]
                    },
                    "question_type": "mcq_single",
                    "difficulty_level": "easy",
                    "explanation_html": "<p>Given the polynomial p(x) = x² – 5x + 6.</p>\n<p>First, we find the value of p(1) by substituting x = 1 into the polynomial:</p>\n<p>p(1) = (1)² – 5(1) + 6</p>\n<p>p(1) = 1 – 5 + 6</p>\n<p>p(1) = 2</p>\n<p>Next, we find the value of p(4) by substituting x = 4 into the polynomial:</p>\n<p>p(4) = (4)² – 5(4) + 6</p>\n<p>p(4) = 16 – 20 + 6</p>\n<p>p(4) = 2</p>\n<p>Finally, we find the value of p(1) + p(4):</p>\n<p>p(1) + p(4) = 2 + 2 = 4</p>"
                  }
                ]
              },
              {
                "chapter_name": "Quadratic Equations",
                "questions": [
                  {
                    "question_no": 4,
                    "question_html": "<p>If the discriminant of the quadratic equation 3x² – 2x + c = 0 is 16, then the value of c is :</p>",
                    "options": [
                      {
                        "id": "a",
                        "text": "1"
                      },
                      {
                        "id": "b",
                        "text": "0"
                      },
                      {
                        "id": "c",
                        "text": "–1"
                      },
                      {
                        "id": "d",
                        "text": "√2"
                      }
                    ],
                    "correct_answer": {
                      "ids": [
                        "c"
                      ]
                    },
                    "question_type": "mcq_single",
                    "difficulty_level": "easy",
                    "explanation_html": "<p>The general form of a quadratic equation is ax² + bx + c = 0.</p>\n<p>The given equation is 3x² – 2x + c = 0.</p>\n<p>By comparing, we have a = 3, b = –2, and the constant term is c.</p>\n<p>The formula for the discriminant (D) is D = b² – 4ac.</p>\n<p>We are given that the discriminant is 16.</p>\n<p>So, b² – 4ac = 16.</p>\n<p>Substitute the values of a and b:</p>\n<p>(–2)² – 4(3)(c) = 16</p>\n<p>4 – 12c = 16</p>\n<p>Subtract 4 from both sides:</p>\n<p>–12c = 16 – 4</p>\n<p>–12c = 12</p>\n<p>Divide by –12:</p>\n<p>c = 12 / (–12)</p>\n<p>c = –1</p>\n<p>The value of c is –1.</p>"
                  }
                ]
              },
              {
                "chapter_name": "Areas Related to Circles",
                "questions": [
                  {
                    "question_no": 5,
                    "question_html": "<p>If an arc subtends an angle of 90° at the centre of a circle, then the ratio of its length to the circumference of the circle is :</p>",
                    "options": [
                      {
                        "id": "a",
                        "text": "2:3"
                      },
                      {
                        "id": "b",
                        "text": "1:4"
                      },
                      {
                        "id": "c",
                        "text": "4:1"
                      },
                      {
                        "id": "d",
                        "text": "1:3"
                      }
                    ],
                    "correct_answer": {
                      "ids": [
                        "b"
                      ]
                    },
                    "question_type": "mcq_single",
                    "difficulty_level": "easy",
                    "explanation_html": "<p>Let the radius of the circle be 'r' and the angle subtended by the arc at the centre be θ.</p>\n<p>Given θ = 90°.</p>\n<p>The formula for the length of an arc is (θ/360°) × 2πr.</p>\n<p>Length of the arc = (90°/360°) × 2πr = (1/4) × 2πr.</p>\n<p>The formula for the circumference of the circle is 2πr.</p>\n<p>We need to find the ratio of the length of the arc to the circumference.</p>\n<p>Ratio = (Length of the arc) / (Circumference)</p>\n<p>Ratio = [(1/4) × 2πr] / [2πr]</p>\n<p>The term 2πr cancels out from the numerator and the denominator.</p>\n<p>Ratio = 1/4</p>\n<p>So, the ratio is 1:4.</p>"
                  }
                ]
              },
              {
                "chapter_name": "Areas Related to Circles",
                "questions": [
                  {
                    "question_no": 6,
                    "question_html": "<p>The area of the sector of a circle of radius 12 cm is 60π cm². The central angle of this sector is :</p>",
                    "options": [
                      {
                        "id": "a",
                        "text": "120°"
                      },
                      {
                        "id": "b",
                        "text": "6°"
                      },
                      {
                        "id": "c",
                        "text": "75°"
                      },
                      {
                        "id": "d",
                        "text": "150°"
                      }
                    ],
                    "correct_answer": {
                      "ids": [
                        "d"
                      ]
                    },
                    "question_type": "mcq_single",
                    "difficulty_level": "medium",
                    "explanation_html": "<p>The formula for the area of a sector of a circle is:</p>\n<p>Area = (θ/360°) × πr²</p>\n<p>Where θ is the central angle and r is the radius.</p>\n<p>We are given:</p>\n<p>Area of the sector = 60π cm²</p>\n<p>Radius (r) = 12 cm</p>\n<p>Substitute the given values into the formula:</p>\n<p>60π = (θ/360°) × π(12)²</p>\n<p>60π = (θ/360°) × 144π</p>\n<p>We can cancel π from both sides:</p>\n<p>60 = (θ/360°) × 144</p>\n<p>To find θ, we rearrange the equation:</p>\n<p>θ = (60 × 360) / 144</p>\n<p>Simplify the expression:</p>\n<p>θ = (60 × 5 × 72) / (2 × 72)</p>\n<p>θ = (60 × 5) / 2</p>\n<p>θ = 30 × 5</p>\n<p>θ = 150°</p>\n<p>The central angle of the sector is 150°.</p>"
                  }
                ]
              },
              {
                "chapter_name": "Statistics",
                "questions": [
                  {
                    "question_no": 7,
                    "question_html": "<p>If the difference of mode and median of a data is 24, then the difference of its median and mean is :</p>",
                    "options": [
                      {
                        "id": "a",
                        "text": "12"
                      },
                      {
                        "id": "b",
                        "text": "24"
                      },
                      {
                        "id": "c",
                        "text": "8"
                      },
                      {
                        "id": "d",
                        "text": "36"
                      }
                    ],
                    "correct_answer": {
                      "ids": [
                        "a"
                      ]
                    },
                    "question_type": "mcq_single",
                    "difficulty_level": "medium",
                    "explanation_html": "<p>We use the empirical relationship between mean, median, and mode for a moderately skewed distribution:</p>\n<p>Mode = 3 Median – 2 Mean</p>\n<p>We are given that the difference between the mode and median is 24:</p>\n<p>Mode – Median = 24</p>\n<p>From this given information, we can express the Mode in terms of the Median:</p>\n<p>Mode = 24 + Median</p>\n<p>Now, substitute this expression for the Mode into the empirical formula:</p>\n<p>24 + Median = 3 Median – 2 Mean</p>\n<p>Rearrange the equation to find the difference between the median and the mean.</p>\n<p>Subtract 'Median' from both sides:</p>\n<p>24 = 2 Median – 2 Mean</p>\n<p>Factor out 2 on the right side:</p>\n<p>24 = 2 (Median – Mean)</p>\n<p>Divide both sides by 2:</p>\n<p>12 = Median – Mean</p>\n<p>Therefore, the difference between the median and the mean is 12.</p>"
                  }
                ]
              },
              {
                "chapter_name": "Probability",
                "questions": [
                  {
                    "question_no": 8,
                    "question_html": "<p>Two dice are tossed simultaneously. The probability of getting odd numbers on both the dice is :</p>",
                    "options": [
                      {
                        "id": "a",
                        "text": "6/36"
                      },
                      {
                        "id": "b",
                        "text": "3/36"
                      },
                      {
                        "id": "c",
                        "text": "12/36"
                      },
                      {
                        "id": "d",
                        "text": "9/36"
                      }
                    ],
                    "correct_answer": {
                      "ids": [
                        "d"
                      ]
                    },
                    "question_type": "mcq_single",
                    "difficulty_level": "easy",
                    "explanation_html": "<p>When two dice are tossed, each die can show a number from 1 to 6. The total number of possible outcomes is 6 × 6 = 36.</p>\n<p>We are interested in the event of getting odd numbers on both dice.</p>\n<p>The odd numbers on a single die are {1, 3, 5}. There are 3 odd numbers.</p>\n<p>For the event to occur, the first die must show an odd number (3 possibilities) AND the second die must also show an odd number (3 possibilities).</p>\n<p>The favorable outcomes are pairs where both numbers are odd:</p>\n<p>(1, 1), (1, 3), (1, 5)</p>\n<p>(3, 1), (3, 3), (3, 5)</p>\n<p>(5, 1), (5, 3), (5, 5)</p>\n<p>The total number of favorable outcomes is 3 × 3 = 9.</p>\n<p>The probability of an event is calculated as:</p>\n<p>P(Event) = (Number of Favorable Outcomes) / (Total Number of Outcomes)</p>\n<p>P(odd on both) = 9 / 36</p>"
                  }
                ]
              },
              {
                "chapter_name": "Surface Areas and Volumes",
                "questions": [
                  {
                    "question_no": 9,
                    "question_html": "<p>The ratio of total surface area of a solid hemisphere to the square of its radius is :</p>",
                    "options": [
                      {
                        "id": "a",
                        "text": "2π : 1"
                      },
                      {
                        "id": "b",
                        "text": "4π : 1"
                      },
                      {
                        "id": "c",
                        "text": "3π : 1"
                      },
                      {
                        "id": "d",
                        "text": "1 : 4π"
                      }
                    ],
                    "correct_answer": {
                      "ids": [
                        "c"
                      ]
                    },
                    "question_type": "mcq_single",
                    "difficulty_level": "easy",
                    "explanation_html": "<p>Let the radius of the solid hemisphere be 'r'.</p>\n<p><b>Step 1: Find the total surface area (TSA) of the solid hemisphere.</b></p>\n<p>The total surface area of a solid hemisphere consists of the area of its curved surface and the area of its flat circular base.</p>\n<p>Area of curved surface = 2πr²</p>\n<p>Area of flat circular base = πr²</p>\n<p>TSA = 2πr² + πr² = 3πr²</p>\n<p><b>Step 2: Find the square of its radius.</b></p>\n<p>The square of the radius is simply r².</p>\n<p><b>Step 3: Calculate the ratio.</b></p>\n<p>Ratio = (Total Surface Area) / (Square of the radius)</p>\n<p>Ratio = (3πr²) / (r²)</p>\n<p>The r² term cancels out.</p>\n<p>Ratio = 3π / 1</p>\n<p>Therefore, the ratio is 3π : 1.</p>"
                  }
                ]
              },
              {
                "chapter_name": "Introduction to Trigonometry",
                "questions": [
                  {
                    "question_no": 10,
                    "question_html": "<p>If sin θ = 1, then the value of (1/2)sin(θ/2) is :</p>",
                    "options": [
                      {
                        "id": "a",
                        "text": "1/(2√2)"
                      },
                      {
                        "id": "b",
                        "text": "1/√2"
                      },
                      {
                        "id": "c",
                        "text": "1/2"
                      },
                      {
                        "id": "d",
                        "text": "0"
                      }
                    ],
                    "correct_answer": {
                      "ids": [
                        "a"
                      ]
                    },
                    "question_type": "mcq_single",
                    "difficulty_level": "easy",
                    "explanation_html": "<p><b>Step 1: Find the value of θ.</b></p>\n<p>We are given that sin θ = 1. The value of θ for which sin θ = 1 (in the range 0° ≤ θ ≤ 90°) is 90°.</p>\n<p>So, θ = 90°.</p>\n<p><b>Step 2: Calculate the value of θ/2.</b></p>\n<p>θ/2 = 90° / 2 = 45°.</p>\n<p><b>Step 3: Evaluate the given expression.</b></p>\n<p>The expression is (1/2)sin(θ/2).</p>\n<p>Substitute the value of θ/2 = 45° into the expression:</p>\n<p>(1/2)sin(45°)</p>\n<p>We know that the value of sin(45°) is 1/√2.</p>\n<p>So, the expression becomes (1/2) × (1/√2).</p>\n<p>= 1/(2√2).</p>\n<p>Therefore, the value of the expression is 1/(2√2).</p>"
                  }
                ]
              },
              {
                "chapter_name": "Pair of Linear Equations in Two Variables",
                "questions": [
                  {
                    "question_no": 11,
                    "question_html": "<p>Two lines are given to be parallel. The equation of one of these lines is 5x – 3y = 2. The equation of the second line can be :</p>",
                    "options": [
                      {
                        "id": "a",
                        "text": "– 15x – 9y = 5"
                      },
                      {
                        "id": "b",
                        "text": "15x + 9y = 5"
                      },
                      {
                        "id": "c",
                        "text": "9x – 15y = 6"
                      },
                      {
                        "id": "d",
                        "text": "– 15x + 9y = 5"
                      }
                    ],
                    "correct_answer": {
                      "ids": [
                        "d"
                      ]
                    },
                    "question_type": "mcq_single",
                    "difficulty_level": "easy",
                    "explanation_html": "<p>The standard form of a linear equation is a₁x + b₁y + c₁ = 0.</p>\n<p>The given equation is 5x – 3y = 2, which can be written as 5x – 3y – 2 = 0.</p>\n<p>Here, a₁ = 5, b₁ = –3, and c₁ = –2.</p>\n<p>For two lines a₁x + b₁y + c₁ = 0 and a₂x + b₂y + c₂ = 0 to be parallel, the condition is:</p>\n<p>a₁/a₂ = b₁/b₂ ≠ c₁/c₂</p>\n<p>This means the ratio of the coefficients of x must be equal to the ratio of the coefficients of y.</p>\n<p>Let's check each option:</p>\n<p><b>(A) –15x – 9y = 5:</b> a₂ = –15, b₂ = –9. a₁/a₂ = 5/(–15) = –1/3. b₁/b₂ = (–3)/(–9) = 1/3. The ratios are not equal.</p>\n<p><b>(B) 15x + 9y = 5:</b> a₂ = 15, b₂ = 9. a₁/a₂ = 5/15 = 1/3. b₁/b₂ = (–3)/9 = –1/3. The ratios are not equal.</p>\n<p><b>(C) 9x – 15y = 6:</b> a₂ = 9, b₂ = –15. a₁/a₂ = 5/9. b₁/b₂ = (–3)/(–15) = 1/5. The ratios are not equal.</p>\n<p><b>(D) –15x + 9y = 5:</b> a₂ = –15, b₂ = 9. a₁/a₂ = 5/(–15) = –1/3. b₁/b₂ = (–3)/9 = –1/3. The ratios are equal.</p>\n<p>Now, let's check the second part of the condition, c₁/c₂. The equation is –15x + 9y – 5 = 0, so c₂ = –5.</p>\n<p>c₁/c₂ = (–2)/(–5) = 2/5.</p>\n<p>Since a₁/a₂ = b₁/b₂ (–1/3 = –1/3) and this ratio is not equal to c₁/c₂ (–1/3 ≠ 2/5), the lines are parallel.</p>"
                  }
                ]
              },
              {
                "chapter_name": "Arithmetic Progressions",
                "questions": [
                  {
                    "question_no": 12,
                    "question_html": "<p>Three numbers in A.P. have the sum 30. What is its middle term?</p>",
                    "options": [
                      {
                        "id": "a",
                        "text": "4"
                      },
                      {
                        "id": "b",
                        "text": "10"
                      },
                      {
                        "id": "c",
                        "text": "16"
                      },
                      {
                        "id": "d",
                        "text": "8"
                      }
                    ],
                    "correct_answer": {
                      "ids": [
                        "b"
                      ]
                    },
                    "question_type": "mcq_single",
                    "difficulty_level": "easy",
                    "explanation_html": "<p>Let the three numbers in an Arithmetic Progression (A.P.) be represented as (a – d), a, and (a + d).</p>\n<p>Here, 'a' is the middle term and 'd' is the common difference.</p>\n<p>We are given that the sum of these three numbers is 30.</p>\n<p>Sum = (a – d) + a + (a + d) = 30</p>\n<p>Combine the terms:</p>\n<p>3a = 30</p>\n<p>The '-d' and '+d' cancel each other out.</p>\n<p>Now, solve for 'a':</p>\n<p>a = 30 / 3</p>\n<p>a = 10</p>\n<p>The middle term of the A.P. is 'a', which is 10.</p>"
                  }
                ]
              },
              {
                "chapter_name": "Triangles",
                "questions": [
                  {
                    "question_no": 13,
                    "question_html": "<p>In a Δ ABC, DE || BC (as shown in the figure). If AD = 4 cm, AB = 9 cm and AC = 13.5 cm, then the length of EC is :</p>",
                    "images": [
                      {
                        "url": "https://img.testbuddyai.com/Maths-30-4-24-Q13.png"
                      }
                    ],
                    "options": [
                      {
                        "id": "a",
                        "text": "6 cm"
                      },
                      {
                        "id": "b",
                        "text": "7.5 cm"
                      },
                      {
                        "id": "c",
                        "text": "9 cm"
                      },
                      {
                        "id": "d",
                        "text": "5.7 cm"
                      }
                    ],
                    "correct_answer": {
                      "ids": [
                        "b"
                      ]
                    },
                    "question_type": "mcq_single",
                    "difficulty_level": "medium",
                    "explanation_html": "<p>In ΔABC, we are given that DE is parallel to BC.</p>\n<p>By the Basic Proportionality Theorem (also known as Thales's Theorem), if a line is drawn parallel to one side of a triangle intersecting the other two sides, then it divides the two sides proportionally.</p>\n<p>A corollary to this theorem states that the ratio of the smaller side segment to the whole side is the same on both sides. Therefore:</p>\n<p>AD/AB = AE/AC</p>\n<p>We are given the following values:</p>\n<p>AD = 4 cm</p>\n<p>AB = 9 cm</p>\n<p>AC = 13.5 cm</p>\n<p>Substitute these values into the equation to find AE:</p>\n<p>4/9 = AE/13.5</p>\n<p>AE = (4 × 13.5) / 9</p>\n<p>AE = 54 / 9</p>\n<p>AE = 6 cm</p>\n<p>The question asks for the length of EC. We know that AC is the sum of AE and EC.</p>\n<p>AC = AE + EC</p>\n<p>13.5 = 6 + EC</p>\n<p>EC = 13.5 – 6</p>\n<p>EC = 7.5 cm</p>"
                  }
                ]
              },
              {
                "chapter_name": "Some Applications of Trigonometry",
                "questions": [
                  {
                    "question_no": 14,
                    "question_html": "<p>At some time of the day, the length of the shadow of a tower is equal to its height. Then, the Sun's altitude at that time is :</p>",
                    "options": [
                      {
                        "id": "a",
                        "text": "30°"
                      },
                      {
                        "id": "b",
                        "text": "45°"
                      },
                      {
                        "id": "c",
                        "text": "60°"
                      },
                      {
                        "id": "d",
                        "text": "90°"
                      }
                    ],
                    "correct_answer": {
                      "ids": [
                        "b"
                      ]
                    },
                    "question_type": "mcq_single",
                    "difficulty_level": "easy",
                    "explanation_html": "<p>Let 'h' be the height of the tower and 's' be the length of its shadow.</p>\n<p>The Sun's altitude is the angle of elevation of the Sun, let's call it θ.</p>\n<p>The tower, its shadow, and the line of sight to the Sun form a right-angled triangle, with the tower as the perpendicular (opposite side) and the shadow as the base (adjacent side).</p>\n<p>We are given that the length of the shadow is equal to the height of the tower, so s = h.</p>\n<p>In trigonometry, the tangent of an angle in a right-angled triangle is the ratio of the length of the opposite side to the length of the adjacent side.</p>\n<p>tan(θ) = Opposite / Adjacent = h / s</p>\n<p>Since h = s, we can substitute h for s:</p>\n<p>tan(θ) = h / h = 1</p>\n<p>Now we need to find the angle θ whose tangent is 1.</p>\n<p>θ = tan⁻¹(1)</p>\n<p>θ = 45°</p>\n<p>Therefore, the Sun's altitude is 45°.</p>"
                  }
                ]
              },
              {
                "chapter_name": "Circles",
                "questions": [
                  {
                    "question_no": 15,
                    "question_html": "<p>In the given figure, AB and AC are tangents to the circle. If ∠ ABC = 42°, then the measure of ∠ BAC is :</p>",
                    "images": [
                      {
                        "url": "https://img.testbuddyai.com/Maths-30-4-24-Q15.png"
                      }
                    ],
                    "options": [
                      {
                        "id": "a",
                        "text": "96°"
                      },
                      {
                        "id": "b",
                        "text": "42°"
                      },
                      {
                        "id": "c",
                        "text": "106°"
                      },
                      {
                        "id": "d",
                        "text": "86°"
                      }
                    ],
                    "correct_answer": {
                      "ids": [
                        "a"
                      ]
                    },
                    "question_type": "mcq_single",
                    "difficulty_level": "medium",
                    "explanation_html": "<p><b>Step 1: Identify the properties of the triangle ABC.</b></p>\n<p>According to the theorem on tangents to a circle, the lengths of tangents drawn from an external point to a circle are equal.</p>\n<p>In the figure, AB and AC are tangents from the external point A. Therefore, AB = AC.</p>\n<p>Since two sides of the triangle ABC are equal, it is an isosceles triangle.</p>\n<p><b>Step 2: Use the properties of an isosceles triangle.</b></p>\n<p>In an isosceles triangle, the angles opposite the equal sides are also equal.</p>\n<p>Therefore, ∠ACB = ∠ABC.</p>\n<p>We are given that ∠ABC = 42°. So, ∠ACB = 42°.</p>\n<p><b>Step 3: Apply the angle sum property of a triangle.</b></p>\n<p>The sum of all angles in a triangle is 180°.</p>\n<p>∠BAC + ∠ABC + ∠ACB = 180°</p>\n<p>Substitute the known values:</p>\n<p>∠BAC + 42° + 42° = 180°</p>\n<p>∠BAC + 84° = 180°</p>\n<p>∠BAC = 180° – 84°</p>\n<p>∠BAC = 96°</p>\n<p>The measure of ∠BAC is 96°.</p>"
                  }
                ]
              },
              {
                "chapter_name": "Coordinate Geometry",
                "questions": [
                  {
                    "question_no": 16,
                    "question_html": "<p>The fourth vertex D of a parallelogram ABCD whose three vertices are A(–2, 3), B(6, 7) and C(8, 3) is :</p>",
                    "options": [
                      {
                        "id": "a",
                        "text": "(0, 1)"
                      },
                      {
                        "id": "b",
                        "text": "(0, –1)"
                      },
                      {
                        "id": "c",
                        "text": "(–1, 0)"
                      },
                      {
                        "id": "d",
                        "text": "(1, 0)"
                      }
                    ],
                    "correct_answer": {
                      "ids": [
                        "b"
                      ]
                    },
                    "question_type": "mcq_single",
                    "difficulty_level": "medium",
                    "explanation_html": "<p>A key property of a parallelogram is that its diagonals bisect each other. This means they share the same midpoint.</p>\n<p>Let the vertices of the parallelogram be A(–2, 3), B(6, 7), C(8, 3), and D(x, y).</p>\n<p>The diagonals of parallelogram ABCD are AC and BD.</p>\n<p>Midpoint of diagonal AC = Midpoint of diagonal BD.</p>\n<p><b>Step 1: Find the midpoint of diagonal AC.</b></p>\n<p>Using the midpoint formula M = ((x₁ + x₂)/2, (y₁ + y₂)/2):</p>\n<p>Midpoint of AC = ((–2 + 8)/2, (3 + 3)/2)</p>\n<p>= (6/2, 6/2)</p>\n<p>= (3, 3)</p>\n<p><b>Step 2: Find the midpoint of diagonal BD.</b></p>\n<p>The coordinates of B are (6, 7) and D are (x, y).</p>\n<p>Midpoint of BD = ((6 + x)/2, (7 + y)/2)</p>\n<p><b>Step 3: Equate the coordinates of the midpoints.</b></p>\n<p>Since the midpoints are the same, we equate their x and y coordinates:</p>\n<p>(6 + x)/2 = 3   and   (7 + y)/2 = 3</p>\n<p><b>Step 4: Solve for x and y.</b></p>\n<p>For the x-coordinate:</p>\n<p>6 + x = 3 × 2</p>\n<p>6 + x = 6</p>\n<p>x = 0</p>\n<p>For the y-coordinate:</p>\n<p>7 + y = 3 × 2</p>\n<p>7 + y = 6</p>\n<p>y = 6 – 7</p>\n<p>y = –1</p>\n<p>Therefore, the coordinates of the fourth vertex D are (0, –1).</p>"
                  }
                ]
              },
              {
                "chapter_name": "Probability",
                "questions": [
                  {
                    "question_no": 17,
                    "question_html": "<p>For an event E, if P(E) + P(Ē) = q, then the value of q² – 4 is :</p>",
                    "options": [
                      {
                        "id": "a",
                        "text": "–3"
                      },
                      {
                        "id": "b",
                        "text": "3"
                      },
                      {
                        "id": "c",
                        "text": "5"
                      },
                      {
                        "id": "d",
                        "text": "–5"
                      }
                    ],
                    "correct_answer": {
                      "ids": [
                        "a"
                      ]
                    },
                    "question_type": "mcq_single",
                    "difficulty_level": "easy",
                    "explanation_html": "<p>According to the axioms of probability, for any event E, the sum of the probability of the event occurring, P(E), and the probability of the event not occurring (its complement), P(Ē), is always equal to 1.</p>\n<p>So, P(E) + P(Ē) = 1.</p>\n<p>We are given in the question that P(E) + P(Ē) = q.</p>\n<p>By comparing the two equations, we can conclude that q = 1.</p>\n<p>Now, we need to find the value of the expression q² – 4.</p>\n<p>Substitute the value of q = 1 into the expression:</p>\n<p>q² – 4 = (1)² – 4</p>\n<p>= 1 – 4</p>\n<p>= –3</p>\n<p>Therefore, the value of q² – 4 is –3.</p>"
                  }
                ]
              },
              {
                "chapter_name": "Circles",
                "questions": [
                  {
                    "question_no": 18,
                    "question_html": "<p>In the given figure, QR is a common tangent to the two given circles touching externally at A. The tangent at A meets QR at P. If AP = 4.2 cm, then the length of QR is :</p>",
                    "images": [
                      {
                        "url": "https://img.testbuddyai.com/Maths-30-4-24-Q18.png"
                      }
                    ],
                    "options": [
                      {
                        "id": "a",
                        "text": "4.2 cm"
                      },
                      {
                        "id": "b",
                        "text": "2.1 cm"
                      },
                      {
                        "id": "c",
                        "text": "8.4 cm"
                      },
                      {
                        "id": "d",
                        "text": "6.3 cm"
                      }
                    ],
                    "correct_answer": {
                      "ids": [
                        "c"
                      ]
                    },
                    "question_type": "mcq_single",
                    "difficulty_level": "medium",
                    "explanation_html": "<p>This problem uses the theorem which states that the lengths of tangents drawn from an external point to a circle are equal.</p>\n<p><b>Step 1: Consider the left circle.</b></p>\n<p>Point P is an external point to the left circle. PQ and PA are two tangents drawn from point P to this circle.</p>\n<p>According to the theorem, PQ = PA.</p>\n<p>Given AP = 4.2 cm, so PQ = 4.2 cm.</p>\n<p><b>Step 2: Consider the right circle.</b></p>\n<p>Point P is also an external point to the right circle. PR and PA are two tangents drawn from point P to this circle.</p>\n<p>According to the same theorem, PR = PA.</p>\n<p>Given AP = 4.2 cm, so PR = 4.2 cm.</p>\n<p><b>Step 3: Calculate the length of QR.</b></p>\n<p>The length of the line segment QR is the sum of the lengths of PQ and PR.</p>\n<p>QR = PQ + PR</p>\n<p>QR = 4.2 cm + 4.2 cm</p>\n<p>QR = 8.4 cm</p>\n<p>Thus, the length of QR is 8.4 cm.</p>"
                  }
                ]
              },
              {
                "chapter_name": "Coordinate Geometry",
                "questions": [
                  {
                    "question_no": 19,
                    "question_html": "<p><b>Assertion (A) :</b> Mid-point of a line segment divides the line segment in the ratio 1:1.</p>\n<p><b>Reason (R) :</b> The ratio in which the point (– 3, k) divides the line segment joining the points (– 5, 4) and (– 2, 3) is 1:2.</p>",
                    "options": [
                      {
                        "id": "a",
                        "text": "Both Assertion (A) and Reason (R) are true and Reason (R) is the correct explanation of the Assertion (A)."
                      },
                      {
                        "id": "b",
                        "text": "Both Assertion (A) and Reason (R) are true, but Reason (R) is not the correct explanation of the Assertion (A)."
                      },
                      {
                        "id": "c",
                        "text": "Assertion (A) is true, but Reason (R) is false."
                      },
                      {
                        "id": "d",
                        "text": "Assertion (A) is false, but Reason (R) is true."
                      }
                    ],
                    "correct_answer": {
                      "ids": [
                        "c"
                      ]
                    },
                    "question_type": "mcq_single",
                    "difficulty_level": "medium",
                    "explanation_html": "<p><b>Step 1: Analyze Assertion (A).</b></p>\n<p>Assertion (A) states: 'Mid-point of a line segment divides the line segment in the ratio 1:1.' By definition, a midpoint is the point that divides a segment into two equal halves. This corresponds to a ratio of 1:1. Therefore, Assertion (A) is true.</p>\n<p><b>Step 2: Analyze Reason (R).</b></p>\n<p>Reason (R) states: 'The ratio in which the point P(– 3, k) divides the line segment joining the points A(– 5, 4) and B(– 2, 3) is 1:2.'</p>\n<p>Let the ratio be m:n. We can use the section formula to find this ratio. The section formula for the x-coordinate is:</p>\n<p>x = (mx₂ + nx₁)/(m + n)</p>\n<p>Here, (x, y) = P(–3, k), (x₁, y₁) = A(–5, 4), and (x₂, y₂) = B(–2, 3).</p>\n<p>Substitute the x-coordinates into the formula:</p>\n<p>–3 = (m(–2) + n(–5))/(m + n)</p>\n<p>–3(m + n) = –2m – 5n</p>\n<p>–3m – 3n = –2m – 5n</p>\n<p>Rearrange the terms to solve for m/n:</p>\n<p>5n – 3n = 3m – 2m</p>\n<p>2n = m</p>\n<p>m/n = 2/1</p>\n<p>The calculated ratio is 2:1. This contradicts the ratio of 1:2 given in Reason (R). Therefore, Reason (R) is false.</p>\n<p><b>Conclusion:</b> Assertion (A) is true, but Reason (R) is false.</p>"
                  }
                ]
              },
              {
                "chapter_name": "Areas Related to Circles",
                "questions": [
                  {
                    "question_no": 20,
                    "question_html": "<p><b>Assertion (A) :</b> If the circumference of a circle is 176 cm, then its radius is 28 cm.</p>\n<p><b>Reason (R) :</b> Circumference = 2π × radius of a circle.</p>",
                    "options": [
                      {
                        "id": "a",
                        "text": "Both Assertion (A) and Reason (R) are true and Reason (R) is the correct explanation of the Assertion (A)."
                      },
                      {
                        "id": "b",
                        "text": "Both Assertion (A) and Reason (R) are true, but Reason (R) is not the correct explanation of the Assertion (A)."
                      },
                      {
                        "id": "c",
                        "text": "Assertion (A) is true, but Reason (R) is false."
                      },
                      {
                        "id": "d",
                        "text": "Assertion (A) is false, but Reason (R) is true."
                      }
                    ],
                    "correct_answer": {
                      "ids": [
                        "a"
                      ]
                    },
                    "question_type": "mcq_single",
                    "difficulty_level": "easy",
                    "explanation_html": "<p><b>Step 1: Analyze Reason (R).</b></p>\n<p>Reason (R) states that Circumference = 2π × radius of a circle. This is the correct formula for the circumference of a circle (C = 2πr). Therefore, Reason (R) is true.</p>\n<p><b>Step 2: Analyze Assertion (A) using Reason (R).</b></p>\n<p>Assertion (A) claims that if the circumference is 176 cm, the radius is 28 cm. We can verify this using the formula from Reason (R).</p>\n<p>C = 2πr</p>\n<p>176 = 2 × (22/7) × r</p>\n<p>176 = (44/7) × r</p>\n<p>To find r, rearrange the equation:</p>\n<p>r = (176 × 7) / 44</p>\n<p>Since 176 = 4 × 44, we can simplify:</p>\n<p>r = 4 × 7</p>\n<p>r = 28 cm</p>\n<p>The calculated radius is 28 cm, which matches the statement in Assertion (A). Therefore, Assertion (A) is true.</p>\n<p><b>Step 3: Determine the relationship between (A) and (R).</b></p>\n<p>Since Assertion (A) was verified to be true by applying the formula given in Reason (R), Reason (R) is the correct explanation for Assertion (A).</p>\n<p><b>Conclusion:</b> Both Assertion (A) and Reason (R) are true, and Reason (R) is the correct explanation of Assertion (A).</p>"
                  }
                ]
              },
              {
                "chapter_name": "Real Numbers",
                "questions": [
                  {
                    "question_no": 21,
                    "question_html": "<p>Three bells toll at intervals of 9, 12 and 15 minutes respectively. If they start tolling together, after what time will they next toll together?</p>",
                    "options": [],
                    "correct_answer": {
                      "text": "<p>To find the time after which the bells will toll together again, we need to find the Least Common Multiple (LCM) of their tolling intervals.</p><p>The intervals are 9, 12, and 15 minutes.</p><p>Prime factorization of the numbers:</p><ul><li>9 = 3²</li><li>12 = 2² × 3</li><li>15 = 3 × 5</li></ul><p>LCM(9, 12, 15) = 2² × 3² × 5 = 4 × 9 × 5 = 180</p><p>So, the three bells will toll together after 180 minutes.</p>"
                    },
                    "question_type": "Very Short Answer (2 marks)",
                    "difficulty_level": "Easy",
                    "explanation_html": null
                  }
                ]
              },
              {
                "chapter_name": "Areas Related to Circles",
                "questions": [
                  {
                    "question_no": 22,
                    "question_html": "<p>(a) The minute hand of a clock is 14 cm long. Find the area on the face of the clock described by the minute hand in 5 minutes.</p><p>OR</p><p>(b) Find the length of the arc of a circle which subtends an angle of 60° at the centre of the circle of radius 42 cm.</p>",
                    "options": [],
                    "correct_answer": {
                      "text": "<p><b>Part (a):</b></p><p>The minute hand completes a full circle (360°) in 60 minutes.</p><p>Angle subtended in 1 minute = 360° / 60 = 6°.</p><p>Angle subtended in 5 minutes = 5 × 6° = 30°.</p><p>The length of the minute hand is the radius of the sector formed, r = 14 cm.</p><p>Area of the sector = (θ/360°) × πr²</p><p>= (30/360) × (22/7) × 14 × 14</p><p>= (1/12) × 22 × 2 × 14</p><p>= (1/3) × 22 × 7 = 154/3 cm² or approximately 51.33 cm².</p><p><b>OR</b></p><p><b>Part (b):</b></p><p>Given: radius (r) = 42 cm, angle (θ) = 60°.</p><p>Length of the arc = (θ/360°) × 2πr</p><p>= (60/360) × 2 × (22/7) × 42</p><p>= (1/6) × 2 × 22 × 6</p><p>= 44 cm.</p>"
                    },
                    "question_type": "Very Short Answer (2 marks)",
                    "difficulty_level": "Easy",
                    "explanation_html": null
                  }
                ]
              },
              {
                "chapter_name": "Introduction to Trigonometry",
                "questions": [
                  {
                    "question_no": 23,
                    "question_html": "<p>(a) Evaluate : (5 cos² 60° + 4 sec² 30° – tan² 45°) / (sin² 30° + sin² 60°)</p><p>OR</p><p>(b) If sin (A - B) = 1/2, cos (A + B) = 1/2; 0 < A + B ≤ 90°, A > B; find ∠ A and ∠ B.</p>",
                    "options": [],
                    "correct_answer": {
                      "text": "<p><b>Part (a):</b></p><p>We know the values:</p><ul><li>cos 60° = 1/2</li><li>sec 30° = 2/√3</li><li>tan 45° = 1</li><li>sin 30° = 1/2</li><li>sin 60° = √3/2 (Note: The denominator has sin² 60°, not sin² 30° + cos² 30°)</li></ul><p>The expression is (5(1/2)² + 4(2/√3)² – 1²) / ((1/2)² + (√3/2)²)</p><p>= (5(1/4) + 4(4/3) – 1) / (1/4 + 3/4)</p><p>= (5/4 + 16/3 – 1) / 1</p><p>= (15 + 64 – 12) / 12</p><p>= 67 / 12</p><p><b>OR</b></p><p><b>Part (b):</b></p><p>Given sin (A - B) = 1/2.</p><p>Since sin 30° = 1/2, we have A - B = 30°  ---(i)</p><p>Given cos (A + B) = 1/2.</p><p>Since cos 60° = 1/2, we have A + B = 60°  ---(ii)</p><p>Adding equations (i) and (ii):</p><p>2A = 90° ⇒ A = 45°</p><p>Substituting A = 45° into equation (ii):</p><p>45° + B = 60° ⇒ B = 15°</p><p>So, ∠ A = 45° and ∠ B = 15°.</p>"
                    },
                    "question_type": "Very Short Answer (2 marks)",
                    "difficulty_level": "Medium",
                    "explanation_html": null
                  }
                ]
              },
              {
                "chapter_name": "Circles",
                "questions": [
                  {
                    "question_no": 24,
                    "question_html": "<p>In the given figure, O is the centre of the circle. If ∠ AOB = 145°, then find the value of x.</p>",
                    "images": [
                      {
                        "url": "https://img.testbuddyai.com/Maths-30-4-24-Q24.png"
                      }
                    ],
                    "options": [],
                    "correct_answer": {
                      "text": "<p>Let P be any point on the major arc of the circle. Join AP and BP.</p><p>The angle subtended by an arc at the centre is double the angle subtended by it at any point on the remaining part of the circle.</p><p>Therefore, ∠APB = (1/2) × ∠AOB = (1/2) × 145° = 72.5°.</p><p>Now, the figure APBC is a cyclic quadrilateral since all its vertices A, P, B, and C lie on the circle.</p><p>In a cyclic quadrilateral, the sum of opposite angles is 180°.</p><p>∠APB + ∠ACB = 180°</p><p>72.5° + x = 180°</p><p>x = 180° - 72.5°</p><p>x = 107.5°</p>"
                    },
                    "question_type": "Very Short Answer (2 marks)",
                    "difficulty_level": "Medium",
                    "explanation_html": null
                  }
                ]
              },
              {
                "chapter_name": "Triangles",
                "questions": [
                  {
                    "question_no": 25,
                    "question_html": "<p>In the given figure, Δ AHK ~ Δ ABC. If AK = 8 cm, BC = 3.2 cm and HK = 6.4 cm, then find the length of AC.</p>",
                    "images": [
                      {
                        "url": "https://img.testbuddyai.com/Maths-30-4-24-Q25.png"
                      }
                    ],
                    "options": [],
                    "correct_answer": {
                      "text": "<p>Given that Δ AHK is similar to Δ ABC (Δ AHK ~ Δ ABC).</p><p>When two triangles are similar, the ratio of their corresponding sides is equal.</p><p>Therefore, AH/AB = HK/BC = AK/AC.</p><p>We can use the ratio involving the given sides:</p><p>HK / BC = AK / AC</p><p>Substitute the given values:</p><p>6.4 / 3.2 = 8 / AC</p><p>2 = 8 / AC</p><p>AC = 8 / 2</p><p>AC = 4 cm.</p>"
                    },
                    "question_type": "Very Short Answer (2 marks)",
                    "difficulty_level": "Easy",
                    "explanation_html": null
                  }
                ]
              },
              {
                "chapter_name": "Introduction to Trigonometry",
                "questions": [
                  {
                    "question_no": 26,
                    "question_html": "<p>Prove that (sin θ − cos θ + 1) / (sin θ + cos θ − 1) = 1 / (sec θ − tan θ)</p>",
                    "options": [],
                    "correct_answer": {
                      "text": "<p>L.H.S = (sin θ − cos θ + 1) / (sin θ + cos θ − 1)</p><p>Divide the numerator and the denominator by cos θ:</p><p>= (tan θ − 1 + sec θ) / (tan θ + 1 − sec θ)</p><p>Rearrange the terms:</p><p>= (tan θ + sec θ − 1) / (tan θ − sec θ + 1)</p><p>Using the identity sec²θ − tan²θ = 1, substitute for 1 in the numerator:</p><p>= [ (tan θ + sec θ) − (sec²θ − tan²θ) ] / (tan θ − sec θ + 1)</p><p>= [ (sec θ + tan θ) − (sec θ − tan θ)(sec θ + tan θ) ] / (tan θ − sec θ + 1)</p><p>Take (sec θ + tan θ) as a common factor from the numerator:</p><p>= [ (sec θ + tan θ) {1 − (sec θ − tan θ)} ] / (tan θ − sec θ + 1)</p><p>= [ (sec θ + tan θ) (1 − sec θ + tan θ) ] / (tan θ − sec θ + 1)</p><p>Cancel the common term (tan θ − sec θ + 1) from the numerator and denominator:</p><p>= sec θ + tan θ</p><p>Now, consider the R.H.S:</p><p>R.H.S = 1 / (sec θ − tan θ)</p><p>Multiply the numerator and denominator by (sec θ + tan θ):</p><p>= (sec θ + tan θ) / ((sec θ − tan θ)(sec θ + tan θ))</p><p>= (sec θ + tan θ) / (sec²θ − tan²θ)</p><p>= (sec θ + tan θ) / 1</p><p>= sec θ + tan θ</p><p>Since L.H.S = R.H.S, the identity is proved.</p>"
                    },
                    "question_type": "Short Answer (3 marks)",
                    "difficulty_level": "Hard",
                    "explanation_html": null
                  }
                ]
              },
              {
                "chapter_name": "Probability",
                "questions": [
                  {
                    "question_no": 27,
                    "question_html": "<p>(a) Three coins are tossed simultaneously. What is the probability of getting (i) at least one head? (ii) exactly two tails? (iii) at most one tail?</p><p>OR</p><p>(b) A box contains 90 discs which are numbered 1 to 90. If one disc is drawn at random from the box, find the probability that it bears a: (i) 2-digit number less than 40. (ii) number divisible by 5 and greater than 50. (iii) a perfect square number.</p>",
                    "options": [],
                    "correct_answer": {
                      "text": "<p><b>Part (a):</b></p><p>When three coins are tossed, the sample space S = {HHH, HHT, HTH, THH, HTT, THT, TTH, TTT}.</p><p>Total number of outcomes = 8.</p><p>(i) <b>At least one head:</b> The only outcome with no heads is TTT. So, favorable outcomes are 8 - 1 = 7.</p><p>P(at least one head) = 7/8.</p><p>(ii) <b>Exactly two tails:</b> The favorable outcomes are {HTT, THT, TTH}. Number of favorable outcomes = 3.</p><p>P(exactly two tails) = 3/8.</p><p>(iii) <b>At most one tail:</b> This means 0 tails or 1 tail. The favorable outcomes are {HHH, HHT, HTH, THH}. Number of favorable outcomes = 4.</p><p>P(at most one tail) = 4/8 = 1/2.</p><p><b>OR</b></p><p><b>Part (b):</b></p><p>Total number of discs = 90. Total outcomes = 90.</p><p>(i) <b>A 2-digit number less than 40:</b> The numbers are from 10 to 39, inclusive. Number of favorable outcomes = 39 - 10 + 1 = 30.</p><p>P(2-digit number < 40) = 30/90 = 1/3.</p><p>(ii) <b>A number divisible by 5 and greater than 50:</b> The numbers are 55, 60, 65, 70, 75, 80, 85, 90. Number of favorable outcomes = 8.</p><p>P(divisible by 5 and > 50) = 8/90 = 4/45.</p><p>(iii) <b>A perfect square number:</b> The perfect squares from 1 to 90 are 1², 2², ..., 9² (1, 4, 9, 16, 25, 36, 49, 64, 81). Number of favorable outcomes = 9.</p><p>P(a perfect square) = 9/90 = 1/10.</p>"
                    },
                    "question_type": "Short Answer (3 marks)",
                    "difficulty_level": "Medium",
                    "explanation_html": null
                  }
                ]
              },
              {
                "chapter_name": "Pair of Linear Equations in Two Variables",
                "questions": [
                  {
                    "question_no": 28,
                    "question_html": "<p>Rehana went to a bank to withdraw ₹ 2,000. She asked the cashier to give her ₹ 50 and ₹ 100 notes only. Rehana got 25 notes in all. Find how many notes of ₹ 50 and ₹ 100 did she receive.</p>",
                    "options": [],
                    "correct_answer": {
                      "text": "<p>Let the number of ₹ 50 notes be x.</p><p>Let the number of ₹ 100 notes be y.</p><p>According to the problem, Rehana got 25 notes in all. So, our first equation is:</p><p>x + y = 25   ---(i)</p><p>The total value of the notes is ₹ 2,000. So, our second equation is:</p><p>50x + 100y = 2000</p><p>Divide the second equation by 50 to simplify:</p><p>x + 2y = 40   ---(ii)</p><p>Now we solve the system of linear equations. Subtract equation (i) from equation (ii):</p><p>(x + 2y) - (x + y) = 40 - 25</p><p>y = 15</p><p>Substitute the value of y back into equation (i):</p><p>x + 15 = 25</p><p>x = 10</p><p>Therefore, Rehana received 10 notes of ₹ 50 and 15 notes of ₹ 100.</p>"
                    },
                    "question_type": "Short Answer (3 marks)",
                    "difficulty_level": "Easy",
                    "explanation_html": null
                  }
                ]
              },
              {
                "chapter_name": "Polynomials",
                "questions": [
                  {
                    "question_no": 29,
                    "question_html": "<p>(a) Find the zeroes of the polynomial 4x² + 4x − 3 and verify the relationship between zeroes and coefficients of the polynomial.</p><p>OR</p><p>(b) If α and β are the zeroes of the polynomial x² + x – 2, then find the value of α/β + β/α.</p>",
                    "options": [],
                    "correct_answer": {
                      "text": "<p><b>Part (a):</b></p><p>Let P(x) = 4x² + 4x − 3.</p><p>To find the zeroes, we set P(x) = 0.</p><p>4x² + 4x − 3 = 0</p><p>We can factor this by splitting the middle term: 4x² + 6x - 2x - 3 = 0</p><p>2x(2x + 3) - 1(2x + 3) = 0</p><p>(2x - 1)(2x + 3) = 0</p><p>The zeroes are x = 1/2 and x = -3/2.</p><p><b>Verification:</b></p><p>Sum of zeroes = 1/2 + (-3/2) = -2/2 = -1.</p><p>From the polynomial, - (coefficient of x) / (coefficient of x²) = -4/4 = -1.</p><p>Hence, Sum of zeroes = -b/a is verified.</p><p>Product of zeroes = (1/2) × (-3/2) = -3/4.</p><p>From the polynomial, (constant term) / (coefficient of x²) = -3/4.</p><p>Hence, Product of zeroes = c/a is verified.</p><p><b>OR</b></p><p><b>Part (b):</b></p><p>For the polynomial x² + x – 2, the zeroes are α and β.</p><p>From the relationship between zeroes and coefficients:</p><p>Sum of zeroes: α + β = -b/a = -1/1 = -1.</p><p>Product of zeroes: αβ = c/a = -2/1 = -2.</p><p>We need to find the value of α/β + β/α.</p><p>α/β + β/α = (α² + β²) / αβ</p><p>We know that α² + β² = (α + β)² - 2αβ.</p><p>So, the expression becomes [ (α + β)² - 2αβ ] / αβ.</p><p>Substitute the values of (α + β) and αβ:</p><p>= [ (-1)² - 2(-2) ] / (-2)</p><p>= [ 1 + 4 ] / (-2)</p><p>= 5 / (-2) = -5/2.</p>"
                    },
                    "question_type": "Short Answer (3 marks)",
                    "difficulty_level": "Medium",
                    "explanation_html": null
                  }
                ]
              },
              {
                "chapter_name": "Real Numbers",
                "questions": [
                  {
                    "question_no": 30,
                    "question_html": "<p>Prove that (2 − √3)/5 is an irrational number, given that √3 is an irrational number.</p>",
                    "options": [],
                    "correct_answer": {
                      "text": "<p>Let us assume, to the contrary, that (2 − √3)/5 is a rational number.</p><p>Then, (2 − √3)/5 = p/q, where p and q are integers and q ≠ 0.</p><p>2 − √3 = 5p/q</p><p>Rearranging the equation to isolate √3:</p><p>√3 = 2 - 5p/q</p><p>√3 = (2q - 5p) / q</p><p>Since p and q are integers, (2q - 5p) and q are also integers. Also, q ≠ 0.</p><p>Therefore, (2q - 5p) / q is a rational number.</p><p>This implies that √3 is a rational number.</p><p>But this contradicts the given fact that √3 is an irrational number.</p><p>This contradiction has arisen because of our incorrect assumption that (2 − √3)/5 is rational.</p><p>Therefore, we conclude that (2 − √3)/5 is an irrational number.</p>"
                    },
                    "question_type": "Short Answer (3 marks)",
                    "difficulty_level": "Easy",
                    "explanation_html": null
                  }
                ]
              },
              {
                "chapter_name": "Circles",
                "questions": [
                  {
                    "question_no": 31,
                    "question_html": "<p>Prove that the parallelogram circumscribing a circle is a rhombus.</p>",
                    "options": [],
                    "correct_answer": {
                      "text": "<p>Let ABCD be a parallelogram circumscribing a circle with center O. Let the points of contact of the sides AB, BC, CD, and DA be P, Q, R, and S respectively.</p><p>We know that the lengths of tangents drawn from an external point to a circle are equal.</p><p>Therefore:</p><ul><li>AP = AS  ---(i)</li><li>BP = BQ  ---(ii)</li><li>CR = CQ  ---(iii)</li><li>DR = DS  ---(iv)</li></ul><p>Adding equations (i), (ii), (iii), and (iv):</p><p>(AP + BP) + (CR + DR) = (AS + DS) + (BQ + CQ)</p><p>AB + CD = AD + BC</p><p>Since ABCD is a parallelogram, its opposite sides are equal.</p><p>AB = CD and AD = BC</p><p>Substituting these into our equation:</p><p>AB + AB = AD + AD</p><p>2AB = 2AD</p><p>AB = AD</p><p>Thus, a parallelogram with adjacent sides equal is a rhombus.</p><p>Hence, the parallelogram circumscribing a circle is a rhombus.</p>"
                    },
                    "question_type": "Short Answer (3 marks)",
                    "difficulty_level": "Medium",
                    "explanation_html": null
                  }
                ]
              },
              {
                "chapter_name": "Some Applications of Trigonometry",
                "questions": [
                  {
                    "question_to": 32,
                    "question_html": "<p>Two pillars of equal lengths stand on either side of a road which is 100 m wide, exactly opposite to each other. At a point on the road between the pillars, the angles of elevation of the tops of the pillars are 60° and 30°. Find the length of each pillar and distance of the point on the road from the pillars. (Use √3 = 1.732)</p>",
                    "options": [],
                    "correct_answer": {
                      "text": "<p>Let AB and CD be the two pillars of equal height, h meters. Let BD be the road, which is 100 m wide. Let P be a point on the road such that the angles of elevation are ∠APB = 30° and ∠CPD = 60°.</p><p>Let the distance of the point P from pillar CD be x meters. So, PD = x.</p><p>Then the distance of the point P from pillar AB is BP = 100 - x.</p><p>In right-angled triangle CDP:</p><p>tan(60°) = CD / PD = h / x</p><p>√3 = h / x</p><p>h = x√3   ---(i)</p><p>In right-angled triangle ABP:</p><p>tan(30°) = AB / BP = h / (100 - x)</p><p>1/√3 = h / (100 - x)</p><p>h = (100 - x) / √3   ---(ii)</p><p>From equations (i) and (ii), we get:</p><p>x√3 = (100 - x) / √3</p><p>3x = 100 - x</p><p>4x = 100</p><p>x = 25 m</p><p>Now, find the height h using equation (i):</p><p>h = 25√3</p><p>Using √3 = 1.732:</p><p>h = 25 × 1.732 = 43.3 m</p><p>The distance of the point from the pillars are:</p><ul><li>Distance from pillar CD (PD) = x = 25 m.</li><li>Distance from pillar AB (BP) = 100 - x = 100 - 25 = 75 m.</li></ul><p><b>Answer:</b> The length of each pillar is 43.3 m. The distances of the point from the pillars are 25 m and 75 m.</p>"
                    },
                    "question_type": "Long Answer (5 marks)",
                    "difficulty_level": "Medium",
                    "explanation_html": null
                  }
                ]
              },
              {
                "chapter_name": "Triangles",
                "questions": [
                  {
                    "question_no": 33,
                    "question_html": "<p>(a) E is a point on the side AD produced of a parallelogram ABCD and BE intersects CD at F. Show that Δ ABE ~ Δ CFB.</p><p>OR</p><p>(b) Sides AB, BC and the median AD of Δ ABC are respectively proportional to sides PQ, QR and the median PM of another Δ PQR. Prove that Δ ABC ~ Δ PQR.</p>",
                    "options": [],
                    "correct_answer": {
                      "text": "<p><b>(a)</b> Since ABCD is a parallelogram, AD ∥ BC and AB ∥ CD. Now E lies on AD produced, so AE ∥ BC and F lies on CD so CF ∥ AB. Therefore ∠AEB = ∠CBF (alternate interior angles) and ∠ABE = ∠CFB (alternate interior angles). Since two pairs of corresponding angles are equal, by AA similarity criterion, ΔABE ~ ΔCFB.</p><p><b>(b)</b> It is given that AB/PQ = BC/QR = AD/PM. Since AD and PM are medians, D and M are midpoints of BC and QR respectively. Hence BD = BC/2 and QM = QR/2. Therefore AB/PQ = BD/QM = AD/PM. So the three sides of ΔABD are proportional to the three sides of ΔPQM. Hence ΔABD ~ ΔPQM (SSS similarity). Therefore ∠B = ∠Q. Now in ΔABC and ΔPQR, AB/PQ = BC/QR and the included angles ∠B = ∠Q. Hence ΔABC ~ ΔPQR (SAS similarity).</p>"
                    },
                    "question_type": "Long Answer (5 marks)",
                    "difficulty_level": "Hard",
                    "explanation_html": null
                  }
                ]
              },
              {
                "chapter_name": "Quadratic Equations",
                "questions": [
                  {
                    "question_no": 34,
                    "question_html": "<p>(a) A train travels a distance of 90 km at a constant speed. Had the speed been 15 km/h more, it would have taken 30 minutes less for the journey. Find the original speed of the train.</p><p>OR</p><p>(b) Find the value of ‘c’ for which the quadratic equation (c + 1)x² – 6(c + 1)x + 3(c + 9) = 0; c ≠ −1 has real and equal roots.</p>",
                    "options": [],
                    "correct_answer": {
                      "text": "<p><b>Part (a):</b></p><p>Let the original speed of the train be x km/h.</p><p>Time taken to travel 90 km = Distance / Speed = 90/x hours.</p><p>If the speed had been 15 km/h more, the new speed would be (x + 15) km/h.</p><p>Time taken with the new speed = 90 / (x + 15) hours.</p><p>The problem states that the new time is 30 minutes (or 0.5 hours) less than the original time.</p><p>So, (Original Time) - (New Time) = 0.5 hours</p><p>90/x - 90/(x + 15) = 1/2</p><p>90 [ (x + 15 - x) / (x(x + 15)) ] = 1/2</p><p>90 [ 15 / (x² + 15x) ] = 1/2</p><p>1350 / (x² + 15x) = 1/2</p><p>2700 = x² + 15x</p><p>x² + 15x - 2700 = 0</p><p>We can solve this quadratic equation by factoring:</p><p>(x + 60)(x - 45) = 0</p><p>The possible values for x are -60 and 45. Since speed cannot be negative, x = 45 km/h.</p><p>The original speed of the train is 45 km/h.</p><p><b>OR</b></p><p><b>Part (b):</b></p><p>The quadratic equation is (c + 1)x² – 6(c + 1)x + 3(c + 9) = 0.</p><p>For a quadratic equation ax² + bx + d = 0 to have real and equal roots, the discriminant (D) must be zero. D = b² - 4ad = 0.</p><p>Here, a = (c + 1), b = -6(c + 1), and d = 3(c + 9).</p><p>[-6(c + 1)]² - 4(c + 1)[3(c + 9)] = 0</p><p>36(c + 1)² - 12(c + 1)(c + 9) = 0</p><p>Since c ≠ -1, (c+1) is not zero, so we can divide the entire equation by 12(c + 1):</p><p>3(c + 1) - (c + 9) = 0</p><p>3c + 3 - c - 9 = 0</p><p>2c - 6 = 0</p><p>2c = 6</p><p>c = 3</p>"
                    },
                    "question_type": "Long Answer (5 marks)",
                    "difficulty_level": "Medium",
                    "explanation_html": null
                  }
                ]
              },
              {
                "chapter_name": "Statistics",
                "questions": [
                  {
                    "question_no": 35,
                    "question_html": "<p>The following table shows the ages of the patients admitted in a hospital during a year :</p><table><tbody><tr><td>Age (in years)</td><td>5 – 15</td><td>15 – 25</td><td>25 – 35</td><td>35 – 45</td><td>45 – 55</td><td>55 – 65</td></tr><tr><td>Number of patients</td><td>6</td><td>11</td><td>21</td><td>23</td><td>14</td><td>5</td></tr></tbody></table><p>Find the mode and mean of the data given above.</p>",
                    "options": [],
                    "correct_answer": {
                      "text": "<p>First, let's calculate the mean. We'll create a table with class marks (mid-points) and the product of frequency and class mark.</p><table><tbody><tr><td>Age (in years)</td><td>No. of patients (fᵢ)</td><td>Mid-point (xᵢ)</td><td>fᵢxᵢ</td></tr><tr><td>5 – 15</td><td>6</td><td>10</td><td>60</td></tr><tr><td>15 – 25</td><td>11</td><td>20</td><td>220</td></tr><tr><td>25 – 35</td><td>21</td><td>30</td><td>630</td></tr><tr><td>35 – 45</td><td>23</td><td>40</td><td>920</td></tr><tr><td>45 – 55</td><td>14</td><td>50</td><td>700</td></tr><tr><td>55 – 65</td><td>5</td><td>60</td><td>300</td></tr><tr><td><b>Total</b></td><td><b>Σfᵢ = 80</b></td><td></td><td><b>Σfᵢxᵢ = 2830</b></td></tr></tbody></table><p><b>Mean Calculation:</b></p><p>Mean (x̄) = Σfᵢxᵢ / Σfᵢ = 2830 / 80 = 35.375</p><p><b>Mode Calculation:</b></p><p>The class with the highest frequency is the modal class. Here, the highest frequency is 23, corresponding to the class 35 – 45.</p><p>Mode = L + [ (f₁ - f₀) / (2f₁ - f₀ - f₂) ] × h</p><p>Where:</p><ul><li>L = lower limit of the modal class = 35</li><li>f₁ = frequency of the modal class = 23</li><li>f₀ = frequency of the class preceding the modal class = 21</li><li>f₂ = frequency of the class succeeding the modal class = 14</li><li>h = class size = 10</li></ul><p>Mode = 35 + [ (23 - 21) / (2 × 23 - 21 - 14) ] × 10</p><p>= 35 + [ 2 / (46 - 35) ] × 10</p><p>= 35 + [ 2 / 11 ] × 10</p><p>= 35 + 20 / 11</p><p>≈ 35 + 1.818</p><p>≈ 36.82</p><p><b>Answer:</b> The mean age is 35.375 years and the modal age is approximately 36.82 years.</p>"
                    },
                    "question_type": "Long Answer (5 marks)",
                    "difficulty_level": "Medium",
                    "explanation_html": null
                  }
                ]
              },
              {
                "chapter_name": "Coordinate Geometry",
                "questions": [
                  {
                    "question_no": 36,
                    "question_html": "<p><b>Case Study – 1</b></p><p>Ryan, from a very young age, was fascinated by the twinkling of stars and the vastness of space. He always dreamt of becoming an astronaut one day. So he started to sketch his own rocket designs on the graph sheet. One such design is given below :</p><p>Based on the above, answer the following questions :</p><p>(i) Find the mid-point of the segment joining F and G.</p><p>(ii) (a) What is the distance between the points A and C?</p><p>OR</p><p>(b) Find the coordinates of the point which divides the line segment joining the points A and B in the ratio 1 : 3 internally.</p><p>(iii) What are the coordinates of the point D ?</p>",
                    "images": [
                      {
                        "url": "https://img.testbuddyai.com/Maths-30-4-24-Q36.png"
                      }
                    ],
                    "options": [],
                    "correct_answer": {
                      "text": "<p>First, let's identify the coordinates of the key points from the graph:</p><ul><li>A = (3, 4)</li><li>B = (3, 2)</li><li>C = (1, -2)</li><li>D = (-2, -5)</li><li>F = (-3, 0)</li><li>G = (1, 4)</li></ul><p><b>(i) Find the mid-point of the segment joining F and G.</b></p><p>Mid-point formula: ((x₁ + x₂)/2, (y₁ + y₂)/2)</p><p>Mid-point of FG = ((-3 + 1)/2, (0 + 4)/2) = (-2/2, 4/2) = (-1, 2).</p><p><b>(ii) (a) What is the distance between the points A and C?</b></p><p>Distance formula: √((x₂ - x₁)² + (y₂ - y₁)²)</p><p>Distance AC = √((1 - 3)² + (-2 - 4)²) = √((-2)² + (-6)²) = √(4 + 36) = √40 or 2√10 units.</p><p><b>OR</b></p><p><b>(b) Find the coordinates of the point which divides the line segment joining the points A and B in the ratio 1 : 3 internally.</b></p><p>Section formula: ((mx₂ + nx₁)/(m+n), (my₂ + ny₁)/(m+n))</p><p>Here, (x₁, y₁) = A(3, 4), (x₂, y₂) = B(3, 2), m = 1, n = 3.</p><p>Coordinates = ((1×3 + 3×3)/(1+3), (1×2 + 3×4)/(1+3))</p><p>= ((3 + 9)/4, (2 + 12)/4) = (12/4, 14/4) = (3, 3.5) or (3, 7/2).</p><p><b>(iii) What are the coordinates of the point D ?</b></p><p>From the graph, the coordinates of point D are (-2, -5).</p>"
                    },
                    "question_type": "Case-based Subjective",
                    "difficulty_level": "Medium",
                    "explanation_html": null
                  }
                ]
              },
              {
                "chapter_name": "Arithmetic Progressions",
                "questions": [
                  {
                    "question_no": 37,
                    "question_html": "<p><b>Case Study – 2</b></p><p>Treasure Hunt is an exciting and adventurous game where participants follow a series of clues/numbers/maps to discover hidden treasures. Players engage in a thrilling quest, solving puzzles and riddles to unveil the location of the coveted prize. While playing a treasure hunt game, some clues (numbers) are hidden in various spots collectively forming an A.P. If the number on the nth spot is 20 + 4n, then answer the following questions to help the players in spotting the clues :</p><p>(i) Which number is on first spot ?</p><p>(ii) (a) Which spot is numbered as 112 ?</p><p>OR</p><p>(b) What is the sum of all the numbers on the first 10 spots ?</p><p>(iii) Which number is on the (n – 2)th spot ?</p>",
                    "images": [
                      {
                        "url": "https://img.testbuddyai.com/Maths-30-4-24-Q37.png"
                      }
                    ],
                    "options": [],
                    "correct_answer": {
                      "text": "<p>The number on the nth spot is given by the formula aₙ = 20 + 4n.</p><p><b>(i) Which number is on the first spot?</b></p><p>For the first spot, n = 1.</p><p>a₁ = 20 + 4(1) = 24.</p><p><b>(ii) (a) Which spot is numbered as 112?</b></p><p>We need to find n such that aₙ = 112.</p><p>20 + 4n = 112</p><p>4n = 112 - 20</p><p>4n = 92</p><p>n = 23. So, the 23rd spot is numbered 112.</p><p><b>OR</b></p><p><b>(b) What is the sum of all the numbers on the first 10 spots?</b></p><p>This is an A.P. with a₁ = 24. Let's find the common difference d.</p><p>a₂ = 20 + 4(2) = 28.</p><p>d = a₂ - a₁ = 28 - 24 = 4.</p><p>Sum of first n terms, Sₙ = n/2 [2a₁ + (n-1)d].</p><p>S₁₀ = 10/2 [2(24) + (10-1)4]</p><p>= 5 [48 + 9(4)]</p><p>= 5 [48 + 36] = 5 [84] = 420.</p><p><b>(iii) Which number is on the (n – 2)th spot?</b></p><p>We substitute (n-2) for n in the given formula.</p><p>aₙ₋₂ = 20 + 4(n - 2)</p><p>= 20 + 4n - 8</p><p>= 12 + 4n.</p>"
                    },
                    "question_type": "Case-based Subjective",
                    "difficulty_level": "Medium",
                    "explanation_html": null
                  }
                ]
              },
              {
                "chapter_name": "Surface Areas and Volumes",
                "questions": [
                  {
                    "question_no": 38,
                    "question_html": "<p><b>Case Study – 3</b></p><p>Tamper-proof tetra-packed milk guarantees both freshness and security. This milk ensures uncompromised quality, preserving the nutritional values within and making it a reliable choice for health-conscious individuals.</p><p>500 mL milk is packed in a cuboidal container of dimensions 15 cm × 8 cm × 5 cm. These milk packets are then packed in cuboidal cartons of dimensions 30 cm × 32 cm × 15 cm.</p><p>Based on the above given information, answer the following questions :</p><p>(i) Find the volume of the cuboidal carton.</p><p>(ii) (a) Find the total surface area of a milk packet.</p><p>OR</p><p>(b) How many milk packets can be filled in a carton ?</p><p>(iii) How much milk can the cup (as shown in the figure) hold ? (cup has diameter 5 cm and height 7cm)</p>",
                    "images": [
                      {
                        "url": "https://img.testbuddyai.com/Maths-30-4-24-Q38.png"
                      }
                    ],
                    "options": [],
                    "correct_answer": {
                      "text": "<p><b>(i) Find the volume of the cuboidal carton.</b></p><p>Volume = length × width × height</p><p>= 30 cm × 32 cm × 15 cm</p><p>= 14400 cm³.</p><p><b>(ii) (a) Find the total surface area of a milk packet.</b></p><p>The milk packet is a cuboid with dimensions 15 cm × 8 cm × 5 cm.</p><p>Total Surface Area (TSA) = 2(lb + bh + hl)</p><p>= 2(15×8 + 8×5 + 5×15)</p><p>= 2(120 + 40 + 75)</p><p>= 2(235) = 470 cm².</p><p><b>OR</b></p><p><b>(b) How many milk packets can be filled in a carton?</b></p><p>Volume of one milk packet = 15 cm × 8 cm × 5 cm = 600 cm³.</p><p>Number of packets = (Volume of carton) / (Volume of one packet)</p><p>= 14400 / 600 = 24 packets.</p><p><b>(iii) How much milk can the cup (as shown in the figure) hold?</b></p><p>The cup is a cylinder with diameter = 5 cm and height = 7 cm.</p><p>Radius (r) = diameter / 2 = 5/2 = 2.5 cm.</p><p>Volume of a cylinder = πr²h</p><p>Volume = (22/7) × (2.5)² × 7</p><p>= 22 × 6.25</p><p>= 137.5 cm³.</p><p>Since 1 cm³ = 1 mL, the cup can hold 137.5 mL of milk.</p>"
                    },
                    "question_type": "Case-based Subjective",
                    "difficulty_level": "Medium",
                    "explanation_html": null
                  }
                ]
              }
            ]
          }
        ]
      }
    ]
  }
]