[
  {
    "exam_name_actual": "CBSE Board - Class 10",
    "main_exam_id_name_ref": "CBSE Board - Class 10",
    "years": [
      {
        "year": "2024",
        "papers_or_subjects": [
          {
            "paper_name": "CBSE Class 10 Mathematics (Standard) Paper 2024 (QP Code: 30/2/1)",
            "subject_name": "Mathematics",
            "chapters": [
              {
                "chapter_name": "Pair of Linear Equations in Two Variables",
                "questions": [
                  {
                    "question_no": 1,
                    "question_html": "<p>The value of k for which the system of equations 3x – y + 8 = 0 and 6x – ky + 16 = 0 has infinitely many solutions, is</p>",
                    "options": [
                      {
                        "id": "a",
                        "text": "-2"
                      },
                      {
                        "id": "b",
                        "text": "2"
                      },
                      {
                        "id": "c",
                        "text": "1/2"
                      },
                      {
                        "id": "d",
                        "text": "-1/2"
                      }
                    ],
                    "correct_answer": {
                      "ids": [
                        "b"
                      ]
                    },
                    "question_type": "mcq_single",
                    "difficulty_level": "easy",
                    "explanation_html": "<p>The given system of equations is:</p>\n<p>3x – y + 8 = 0</p>\n<p>6x – ky + 16 = 0</p>\n<p>For a pair of linear equations to have infinitely many solutions, the ratio of the coefficients must be equal:</p>\n<p>a₁/a₂ = b₁/b₂ = c₁/c₂</p>\n<p>Here, a₁ = 3, b₁ = -1, c₁ = 8 and a₂ = 6, b₂ = -k, c₂ = 16.</p>\n<p>So, 3/6 = (-1)/(-k) = 8/16</p>\n<p>1/2 = 1/k = 1/2</p>\n<p>From 1/2 = 1/k, we get k = 2.</p>"
                  }
                ]
              },
              {
                "chapter_name": "Coordinate Geometry",
                "questions": [
                  {
                    "question_no": 2,
                    "question_html": "<p>Point P divides the line segment joining the points A(4, –5) and B(1, 2) in the ratio 5:2. Co-ordinates of point P are</p>",
                    "options": [
                      {
                        "id": "a",
                        "text": "(5/2, -3/2)"
                      },
                      {
                        "id": "b",
                        "text": "(11/7, 0)"
                      },
                      {
                        "id": "c",
                        "text": "(13/7, 0)"
                      },
                      {
                        "id": "d",
                        "text": "(0, 13/7)"
                      }
                    ],
                    "correct_answer": {
                      "ids": [
                        "c"
                      ]
                    },
                    "question_type": "mcq_single",
                    "difficulty_level": "easy",
                    "explanation_html": "<p>Let the coordinates of point P be (x, y).</p>\n<p>Given points are A(x₁, y₁) = (4, -5) and B(x₂, y₂) = (1, 2).</p>\n<p>The ratio is m₁:m₂ = 5:2.</p>\n<p>Using the section formula:</p>\n<p>x = (m₁x₂ + m₂x₁) / (m₁ + m₂)</p>\n<p>x = (5*1 + 2*4) / (5 + 2) = (5 + 8) / 7 = 13/7</p>\n<p>y = (m₁y₂ + m₂y₁) / (m₁ + m₂)</p>\n<p>y = (5*2 + 2*(-5)) / (5 + 2) = (10 - 10) / 7 = 0/7 = 0</p>\n<p>So, the coordinates of point P are (13/7, 0).</p>"
                  }
                ]
              },
              {
                "chapter_name": "Arithmetic Progressions",
                "questions": [
                  {
                    "question_no": 3,
                    "question_html": "<p>The common difference of an A.P. in which a₁₅ - a₁₁ = 48, is</p>",
                    "options": [
                      {
                        "id": "a",
                        "text": "12"
                      },
                      {
                        "id": "b",
                        "text": "16"
                      },
                      {
                        "id": "c",
                        "text": "-12"
                      },
                      {
                        "id": "d",
                        "text": "-16"
                      }
                    ],
                    "correct_answer": {
                      "ids": [
                        "a"
                      ]
                    },
                    "question_type": "mcq_single",
                    "difficulty_level": "easy",
                    "explanation_html": "<p>Let the first term of the A.P. be 'a' and the common difference be 'd'.</p>\n<p>The nth term of an A.P. is given by aₙ = a + (n-1)d.</p>\n<p>So, a₁₅ = a + (15-1)d = a + 14d</p>\n<p>And, a₁₁ = a + (11-1)d = a + 10d</p>\n<p>Given, a₁₅ - a₁₁ = 48</p>\n<p>(a + 14d) - (a + 10d) = 48</p>\n<p>a + 14d - a - 10d = 48</p>\n<p>4d = 48</p>\n<p>d = 48 / 4 = 12</p>\n<p>The common difference is 12.</p>"
                  }
                ]
              },
              {
                "chapter_name": "Quadratic Equations",
                "questions": [
                  {
                    "question_no": 4,
                    "question_html": "<p>The quadratic equation x² + x + 1 = 0 has _____ roots.</p>",
                    "options": [
                      {
                        "id": "a",
                        "text": "real and equal"
                      },
                      {
                        "id": "b",
                        "text": "irrational"
                      },
                      {
                        "id": "c",
                        "text": "real and distinct"
                      },
                      {
                        "id": "d",
                        "text": "not-real"
                      }
                    ],
                    "correct_answer": {
                      "ids": [
                        "d"
                      ]
                    },
                    "question_type": "mcq_single",
                    "difficulty_level": "easy",
                    "explanation_html": "<p>For a quadratic equation ax² + bx + c = 0, the nature of the roots is determined by the discriminant (D = b² - 4ac).</p>\n<p>Given equation: x² + x + 1 = 0</p>\n<p>Here, a = 1, b = 1, c = 1.</p>\n<p>D = (1)² - 4(1)(1)</p>\n<p>D = 1 - 4 = -3</p>\n<p>Since D < 0, the quadratic equation has no real roots (i.e., the roots are not-real or complex).</p>"
                  }
                ]
              },
              {
                "chapter_name": "Real Numbers",
                "questions": [
                  {
                    "question_no": 5,
                    "question_html": "<p>If the HCF (2520, 6600) = 40 and LCM (2520, 6600) = 252 × k, then the value of k is</p>",
                    "options": [
                      {
                        "id": "a",
                        "text": "1650"
                      },
                      {
                        "id": "b",
                        "text": "1600"
                      },
                      {
                        "id": "c",
                        "text": "165"
                      },
                      {
                        "id": "d",
                        "text": "1625"
                      }
                    ],
                    "correct_answer": {
                      "ids": [
                        "a"
                      ]
                    },
                    "question_type": "mcq_single",
                    "difficulty_level": "medium",
                    "explanation_html": "<p>We know that for any two positive integers a and b, HCF(a, b) × LCM(a, b) = a × b.</p>\n<p>Given numbers are 2520 and 6600.</p>\n<p>HCF(2520, 6600) = 40</p>\n<p>LCM(2520, 6600) = 252 × k</p>\n<p>Using the formula:</p>\n<p>40 × (252 × k) = 2520 × 6600</p>\n<p>To find k, we can rearrange the equation:</p>\n<p>k = (2520 × 6600) / (40 × 252)</p>\n<p>k = (252 × 10 × 6600) / (40 × 252)</p>\n<p>k = (10 × 6600) / 40</p>\n<p>k = 66000 / 40</p>\n<p>k = 6600 / 4 = 1650</p>"
                  }
                ]
              },
              {
                "chapter_name": "Triangles",
                "questions": [
                  {
                    "question_no": 6,
                    "question_html": "<p>In the given figure ΔABC is shown. DE is parallel to BC. If AD = 5 cm, DB = 2.5 cm and BC = 12 cm, then DE is equal to</p>",
                    "images": [
                      {
                        "url": "https://img.testbuddyai.com/Maths-30-2-24-Q6.png"
                      }
                    ],
                    "options": [
                      {
                        "id": "a",
                        "text": "10 cm"
                      },
                      {
                        "id": "b",
                        "text": "6 cm"
                      },
                      {
                        "id": "c",
                        "text": "8 cm"
                      },
                      {
                        "id": "d",
                        "text": "7.5 cm"
                      }
                    ],
                    "correct_answer": {
                      "ids": [
                        "c"
                      ]
                    },
                    "question_type": "mcq_single",
                    "difficulty_level": "medium",
                    "explanation_html": "<p>Given that DE || BC.</p>\n<p>In ΔADE and ΔABC:</p>\n<p>∠ADE = ∠ABC (Corresponding angles, since DE || BC)</p>\n<p>∠AED = ∠ACB (Corresponding angles, since DE || BC)</p>\n<p>∠A = ∠A (Common angle)</p>\n<p>Therefore, by AAA similarity criterion, ΔADE ~ ΔABC.</p>\n<p>When triangles are similar, the ratio of their corresponding sides is equal.</p>\n<p>AD/AB = DE/BC</p>\n<p>We have AD = 5 cm and DB = 2.5 cm, so AB = AD + DB = 5 + 2.5 = 7.5 cm.</p>\n<p>BC = 12 cm.</p>\n<p>5 / 7.5 = DE / 12</p>\n<p>DE = (5 × 12) / 7.5</p>\n<p>DE = 60 / 7.5 = 600 / 75 = 8 cm.</p>"
                  }
                ]
              },
              {
                "chapter_name": "Introduction to Trigonometry",
                "questions": [
                  {
                    "question_no": 7,
                    "question_html": "<p>If sin θ = cos θ, (0° < θ < 90°), then value of (sec θ · sin θ) is :</p>",
                    "options": [
                      {
                        "id": "a",
                        "text": "1/√2"
                      },
                      {
                        "id": "b",
                        "text": "√2"
                      },
                      {
                        "id": "c",
                        "text": "1"
                      },
                      {
                        "id": "d",
                        "text": "0"
                      }
                    ],
                    "correct_answer": {
                      "ids": [
                        "c"
                      ]
                    },
                    "question_type": "mcq_single",
                    "difficulty_level": "medium",
                    "explanation_html": "<p>Given that sin θ = cos θ.</p>\n<p>Dividing both sides by cos θ (since 0° < θ < 90°, cos θ ≠ 0):</p>\n<p>sin θ / cos θ = 1</p>\n<p>tan θ = 1</p>\n<p>For 0° < θ < 90°, this means θ = 45°.</p>\n<p>Now, we need to find the value of (sec θ · sin θ).</p>\n<p>sec θ · sin θ = (1/cos θ) · sin θ = sin θ / cos θ = tan θ</p>\n<p>Since tan θ = 1, the value of the expression is 1.</p>"
                  }
                ]
              },
              {
                "chapter_name": "Probability",
                "questions": [
                  {
                    "question_no": 8,
                    "question_html": "<p>Two dice are rolled together. The probability of getting the sum of the two numbers to be more than 10, is</p>",
                    "options": [
                      {
                        "id": "a",
                        "text": "1/9"
                      },
                      {
                        "id": "b",
                        "text": "1/6"
                      },
                      {
                        "id": "c",
                        "text": "7/12"
                      },
                      {
                        "id": "d",
                        "text": "1/12"
                      }
                    ],
                    "correct_answer": {
                      "ids": [
                        "d"
                      ]
                    },
                    "question_type": "mcq_single",
                    "difficulty_level": "easy",
                    "explanation_html": "<p>When two dice are rolled, the total number of possible outcomes is 6 × 6 = 36.</p>\n<p>We want the probability that the sum of the two numbers is more than 10. This means the sum can be 11 or 12.</p>\n<p>The pairs of numbers that give a sum of 11 are: (5, 6) and (6, 5).</p>\n<p>The pair of numbers that gives a sum of 12 is: (6, 6).</p>\n<p>The total number of favorable outcomes is 2 + 1 = 3.</p>\n<p>Probability = (Number of favorable outcomes) / (Total number of outcomes)</p>\n<p>Probability = 3 / 36 = 1/12.</p>"
                  }
                ]
              },
              {
                "chapter_name": "Polynomials",
                "questions": [
                  {
                    "question_no": 9,
                    "question_html": "<p>If α and β are zeroes of the polynomial 5x² + 3x – 7, the value of 1/α + 1/β is</p>",
                    "options": [
                      {
                        "id": "a",
                        "text": "-3/7"
                      },
                      {
                        "id": "b",
                        "text": "3/5"
                      },
                      {
                        "id": "c",
                        "text": "3/7"
                      },
                      {
                        "id": "d",
                        "text": "-5/7"
                      }
                    ],
                    "correct_answer": {
                      "ids": [
                        "c"
                      ]
                    },
                    "question_type": "mcq_single",
                    "difficulty_level": "easy",
                    "explanation_html": "<p>The given polynomial is p(x) = 5x² + 3x – 7.</p>\n<p>For a quadratic polynomial ax² + bx + c, the sum of the zeroes (α + β) = -b/a and the product of the zeroes (αβ) = c/a.</p>\n<p>Here, a = 5, b = 3, c = -7.</p>\n<p>Sum of zeroes (α + β) = -3/5</p>\n<p>Product of zeroes (αβ) = -7/5</p>\n<p>We need to find the value of 1/α + 1/β.</p>\n<p>1/α + 1/β = (β + α) / (αβ)</p>\n<p>Substitute the values of the sum and product of the zeroes:</p>\n<p>(1/α + 1/β) = (-3/5) / (-7/5) = (-3/5) * (5/-7) = 3/7.</p>"
                  }
                ]
              },
              {
                "chapter_name": "Triangles",
                "questions": [
                  {
                    "question_no": 10,
                    "question_html": "<p>The perimeters of two similar triangles ABC and PQR are 56 cm and 48 cm respectively. PQ/AB is equal to</p>",
                    "options": [
                      {
                        "id": "a",
                        "text": "7/8"
                      },
                      {
                        "id": "b",
                        "text": "6/7"
                      },
                      {
                        "id": "c",
                        "text": "7/6"
                      },
                      {
                        "id": "d",
                        "text": "8/7"
                      }
                    ],
                    "correct_answer": {
                      "ids": [
                        "b"
                      ]
                    },
                    "question_type": "mcq_single",
                    "difficulty_level": "easy",
                    "explanation_html": "<p>It is given that ΔABC ~ ΔPQR.</p>\n<p>The ratio of the perimeters of two similar triangles is equal to the ratio of their corresponding sides.</p>\n<p>Perimeter(ΔPQR) / Perimeter(ΔABC) = PQ/AB = QR/BC = PR/AC</p>\n<p>Given:</p>\n<p>Perimeter(ΔABC) = 56 cm</p>\n<p>Perimeter(ΔPQR) = 48 cm</p>\n<p>So, PQ/AB = 48 / 56</p>\n<p>PQ/AB = (8 × 6) / (8 × 7)</p>\n<p>PQ/AB = 6/7</p>"
                  }
                ]
              },
              {
                "chapter_name": "Circles",
                "questions": [
                  {
                    "question_no": 11,
                    "question_html": "<p>AB and CD are two chords of a circle intersecting at P. Choose the correct statement from the following :</p>",
                    "images": [
                      {
                        "url": "https://img.testbuddyai.com/Maths-30-2-24-Q11.png"
                      }
                    ],
                    "options": [
                      {
                        "id": "a",
                        "text": "ΔADP ~ ΔCBA"
                      },
                      {
                        "id": "b",
                        "text": "ΔADP ~ ΔBPC"
                      },
                      {
                        "id": "c",
                        "text": "ΔADP ~ ΔBCP"
                      },
                      {
                        "id": "d",
                        "text": "ΔADP ~ ΔCBP"
                      }
                    ],
                    "correct_answer": {
                      "ids": [
                        "d"
                      ]
                    },
                    "question_type": "mcq_single",
                    "difficulty_level": "medium",
                    "explanation_html": "<p>Consider triangles ΔADP and ΔCBP.</p>\n<p>∠PAD = ∠PCB (Angles in the same segment, subtended by arc DB)</p>\n<p>∠ADP = ∠CBP (Angles in the same segment, subtended by arc AC)</p>\n<p>∠APD = ∠CPB (Vertically opposite angles)</p>\n<p>Therefore, by AAA similarity criterion, ΔADP ~ ΔCBP.</p>"
                  }
                ]
              },
              {
                "chapter_name": "Statistics",
                "questions": [
                  {
                    "question_no": 12,
                    "question_html": "<p>If value of each observation in a data is increased by 2, then median of the new data</p>",
                    "options": [
                      {
                        "id": "a",
                        "text": "increases by 2"
                      },
                      {
                        "id": "b",
                        "text": "increases by 2n"
                      },
                      {
                        "id": "c",
                        "text": "remains same"
                      },
                      {
                        "id": "d",
                        "text": "decreases by 2"
                      }
                    ],
                    "correct_answer": {
                      "ids": [
                        "a"
                      ]
                    },
                    "question_type": "mcq_single",
                    "difficulty_level": "easy",
                    "explanation_html": "<p>The median is a measure of central tendency. If a constant value is added to every observation in a dataset, the median of the new dataset will also be shifted by that same constant value.</p>\n<p>In this case, each observation is increased by 2. Therefore, the median of the new data will also increase by 2.</p>"
                  }
                ]
              },
              {
                "chapter_name": "Probability",
                "questions": [
                  {
                    "question_no": 13,
                    "question_html": "<p>A box contains cards numbered 6 to 55. A card is drawn at random from the box. The probability that the drawn card has a number which is a perfect square, is</p>",
                    "options": [
                      {
                        "id": "a",
                        "text": "7/50"
                      },
                      {
                        "id": "b",
                        "text": "7/55"
                      },
                      {
                        "id": "c",
                        "text": "1/10"
                      },
                      {
                        "id": "d",
                        "text": "5/49"
                      }
                    ],
                    "correct_answer": {
                      "ids": [
                        "c"
                      ]
                    },
                    "question_type": "mcq_single",
                    "difficulty_level": "easy",
                    "explanation_html": "<p>The cards are numbered from 6 to 55.</p>\n<p>The total number of cards = 55 - 6 + 1 = 50.</p>\n<p>We need to find the numbers that are perfect squares between 6 and 55.</p>\n<p>The perfect squares are:</p>\n<p>3² = 9</p>\n<p>4² = 16</p>\n<p>5² = 25</p>\n<p>6² = 36</p>\n<p>7² = 49</p>\n<p>The perfect squares greater than or equal to 6 and less than or equal to 55 are 9, 16, 25, 36, 49.</p>\n<p>The number of favorable outcomes is 5.</p>\n<p>Probability = (Number of favorable outcomes) / (Total number of outcomes)</p>\n<p>Probability = 5 / 50 = 1/10.</p>"
                  }
                ]
              },
              {
                "chapter_name": "Circles",
                "questions": [
                  {
                    "question_no": 14,
                    "question_html": "<p>In the given figure, tangents PA and PB to the circle centred at O, from point P are perpendicular to each other. If PA = 5 cm, then length of AB is equal to</p>",
                    "images": [
                      {
                        "url": "https://img.testbuddyai.com/Maths-30-2-24-Q14.png"
                      }
                    ],
                    "options": [
                      {
                        "id": "a",
                        "text": "5 cm"
                      },
                      {
                        "id": "b",
                        "text": "5√2 cm"
                      },
                      {
                        "id": "c",
                        "text": "2√5 cm"
                      },
                      {
                        "id": "d",
                        "text": "10 cm"
                      }
                    ],
                    "correct_answer": {
                      "ids": [
                        "b"
                      ]
                    },
                    "question_type": "mcq_single",
                    "difficulty_level": "medium",
                    "explanation_html": "<p>Given that tangents PA and PB are perpendicular to each other, so ∠APB = 90°.</p>\n<p>We know that the tangent at any point of a circle is perpendicular to the radius through the point of contact. So, OA ⊥ PA and OB ⊥ PB. Hence, ∠OAP = 90° and ∠OBP = 90°.</p>\n<p>In quadrilateral OAPB, three angles are 90°. Therefore, the fourth angle ∠AOB is also 90°, and OAPB is a rectangle.</p>\n<p>Also, OA = OB (radii of the same circle). A rectangle with adjacent sides equal is a square. So, OAPB is a square.</p>\n<p>This implies OA = OB = AP = BP = 5 cm.</p>\n<p>Now consider the right-angled triangle APB.</p>\n<p>By Pythagoras theorem, AB² = AP² + BP²</p>\n<p>AB² = 5² + 5² = 25 + 25 = 50</p>\n<p>AB = √50 = √(25 × 2) = 5√2 cm.</p>"
                  }
                ]
              },
              {
                "chapter_name": "Coordinate Geometry",
                "questions": [
                  {
                    "question_no": 15,
                    "question_html": "<p>XOYZ is a rectangle with vertices X(–3, 0), O(0, 0), Y(0, 4) and Z(x, y). The length of its each diagonal is</p>",
                    "options": [
                      {
                        "id": "a",
                        "text": "5 units"
                      },
                      {
                        "id": "b",
                        "text": "√5 units"
                      },
                      {
                        "id": "c",
                        "text": "x² + y² units"
                      },
                      {
                        "id": "d",
                        "text": "4 units"
                      }
                    ],
                    "correct_answer": {
                      "ids": [
                        "a"
                      ]
                    },
                    "question_type": "mcq_single",
                    "difficulty_level": "easy",
                    "explanation_html": "<p>In a rectangle, the diagonals are equal in length. The vertices of one diagonal are given as X(–3, 0) and Y(0, 4).</p>\n<p>Using the distance formula to find the length of the diagonal XY:</p>\n<p>d = √[(x₂ - x₁)² + (y₂ - y₁)²]</p>\n<p>Length of XY = √[(0 - (-3))² + (4 - 0)²]</p>\n<p>Length of XY = √[(3)² + (4)²]</p>\n<p>Length of XY = √[9 + 16] = √25 = 5 units.</p>\n<p>Since the diagonals of a rectangle are equal, the length of each diagonal is 5 units.</p>"
                  }
                ]
              },
              {
                "chapter_name": "Arithmetic Progressions",
                "questions": [
                  {
                    "question_no": 16,
                    "question_html": "<p>Which term of the A.P. –29, –26, –23, ... is 16?</p>",
                    "options": [
                      {
                        "id": "a",
                        "text": "11th"
                      },
                      {
                        "id": "b",
                        "text": "16th"
                      },
                      {
                        "id": "c",
                        "text": "10th"
                      },
                      {
                        "id": "d",
                        "text": "31st"
                      }
                    ],
                    "correct_answer": {
                      "ids": [
                        "b"
                      ]
                    },
                    "question_type": "mcq_single",
                    "difficulty_level": "easy",
                    "explanation_html": "<p>The given Arithmetic Progression (A.P.) is –29, –26, –23, ...</p>\n<p>First term (a) = -29</p>\n<p>Common difference (d) = -26 - (-29) = -26 + 29 = 3</p>\n<p>Let the nth term (aₙ) be 16.</p>\n<p>The formula for the nth term is aₙ = a + (n-1)d.</p>\n<p>16 = -29 + (n-1)3</p>\n<p>16 + 29 = (n-1)3</p>\n<p>45 = (n-1)3</p>\n<p>45 / 3 = n-1</p>\n<p>15 = n-1</p>\n<p>n = 15 + 1 = 16</p>\n<p>Therefore, 16 is the 16th term of the A.P.</p>"
                  }
                ]
              },
              {
                "chapter_name": "Circles",
                "questions": [
                  {
                    "question_no": 17,
                    "question_html": "<p>In the given figure, AT is tangent to a circle centred at O. If ∠CAT = 40°, then ∠CBA is equal to</p>",
                    "images": [
                      {
                        "url": "https://img.testbuddyai.com/Maths-30-2-24-Q17.png"
                      }
                    ],
                    "options": [
                      {
                        "id": "a",
                        "text": "70°"
                      },
                      {
                        "id": "b",
                        "text": "50°"
                      },
                      {
                        "id": "c",
                        "text": "65°"
                      },
                      {
                        "id": "d",
                        "text": "40°"
                      }
                    ],
                    "correct_answer": {
                      "ids": [
                        "d"
                      ]
                    },
                    "question_type": "mcq_single",
                    "difficulty_level": "medium",
                    "explanation_html": "<p>According to the Alternate Segment Theorem, the angle between a tangent and a chord through the point of contact is equal to the angle in the alternate segment.</p>\n<p>Here, AT is the tangent and AC is the chord through the point of contact A.</p>\n<p>The angle between them is ∠CAT = 40°.</p>\n<p>The angle in the alternate segment is ∠CBA.</p>\n<p>Therefore, ∠CBA = ∠CAT = 40°.</p>"
                  }
                ]
              },
              {
                "chapter_name": "Statistics",
                "questions": [
                  {
                    "question_no": 18,
                    "question_html": "<p>After an examination, a teacher wants to know the marks obtained by maximum number of the students in her class. She requires to calculate _____ of marks.</p>",
                    "options": [
                      {
                        "id": "a",
                        "text": "median"
                      },
                      {
                        "id": "b",
                        "text": "mode"
                      },
                      {
                        "id": "c",
                        "text": "mean"
                      },
                      {
                        "id": "d",
                        "text": "range"
                      }
                    ],
                    "correct_answer": {
                      "ids": [
                        "b"
                      ]
                    },
                    "question_type": "mcq_single",
                    "difficulty_level": "easy",
                    "explanation_html": "<p>The teacher wants to find the marks obtained by the maximum number of students. This is the definition of the mode.</p>\n<p>The mode is the value that appears most frequently in a data set. Therefore, she needs to calculate the mode of the marks.</p>"
                  }
                ]
              },
              {
                "chapter_name": "Introduction to Trigonometry",
                "questions": [
                  {
                    "question_no": 19,
                    "question_html": "<p><b>Assertion (A)</b>: If sin A = 1/3 (0° < A < 90°), then the value of cos A is (2√2)/3.</p><p><b>Reason (R)</b>: For every angle θ, sin²θ + cos²θ = 1.</p>",
                    "options": [
                      {
                        "id": "a",
                        "text": "Both Assertion (A) and Reason (R) are true. Reason (R) is the correct explanation of Assertion (A)."
                      },
                      {
                        "id": "b",
                        "text": "Both Assertion (A) and Reason (R) are true. Reason (R) does not give correct explanation of (A)."
                      },
                      {
                        "id": "c",
                        "text": "Assertion (A) is true but Reason (R) is not true."
                      },
                      {
                        "id": "d",
                        "text": "Assertion (A) is not true but Reason (R) is true."
                      }
                    ],
                    "correct_answer": {
                      "ids": [
                        "a"
                      ]
                    },
                    "question_type": "mcq_single",
                    "difficulty_level": "easy",
                    "explanation_html": "<p><b>Reason (R):</b> The identity sin²θ + cos²θ = 1 is a fundamental trigonometric identity and is true for all values of θ.</p>\n<p><b>Assertion (A):</b> Using the identity from Reason (R), we have cos²A = 1 - sin²A.</p>\n<p>Given sin A = 1/3.</p>\n<p>cos²A = 1 - (1/3)² = 1 - 1/9 = 8/9.</p>\n<p>cos A = ±√(8/9) = ±(2√2)/3.</p>\n<p>Since 0° < A < 90°, A is in the first quadrant, where cos A is positive.</p>\n<p>So, cos A = (2√2)/3.</p>\n<p>Thus, Assertion (A) is true, and Reason (R) is the correct explanation for it.</p>"
                  }
                ]
              },
              {
                "chapter_name": "Surface Areas and Volumes",
                "questions": [
                  {
                    "question_no": 20,
                    "question_html": "<p><b>Assertion (A)</b>: Two cubes each of edge length 10 cm are joined together. The total surface area of newly formed cuboid is 1200 cm².</p><p><b>Reason (R)</b>: Area of each surface of a cube of side 10 cm is 100 cm².</p>",
                    "options": [
                      {
                        "id": "a",
                        "text": "Both Assertion (A) and Reason (R) are true. Reason (R) is the correct explanation of Assertion (A)."
                      },
                      {
                        "id": "b",
                        "text": "Both Assertion (A) and Reason (R) are true. Reason (R) does not give correct explanation of (A)."
                      },
                      {
                        "id": "c",
                        "text": "Assertion (A) is true but Reason (R) is not true."
                      },
                      {
                        "id": "d",
                        "text": "Assertion (A) is not true but Reason (R) is true."
                      }
                    ],
                    "correct_answer": {
                      "ids": [
                        "d"
                      ]
                    },
                    "question_type": "mcq_single",
                    "difficulty_level": "medium",
                    "explanation_html": "<p><b>Reason (R):</b> A cube has 6 square surfaces (faces). The area of one surface of a cube with side length 'a' is a². For a = 10 cm, the area of each surface is 10² = 100 cm². So, Reason (R) is true.</p>\n<p><b>Assertion (A):</b> When two cubes of edge 10 cm are joined end to end, a cuboid is formed.</p>\n<p>The dimensions of the new cuboid are:</p>\n<p>Length (l) = 10 + 10 = 20 cm</p>\n<p>Breadth (b) = 10 cm</p>\n<p>Height (h) = 10 cm</p>\n<p>The total surface area of a cuboid is 2(lb + bh + hl).</p>\n<p>Total Surface Area = 2[(20)(10) + (10)(10) + (10)(20)]</p>\n<p>Total Surface Area = 2[200 + 100 + 200] = 2[500] = 1000 cm².</p>\n<p>The assertion states that the area is 1200 cm², which is incorrect.</p>\n<p>Therefore, Assertion (A) is not true but Reason (R) is true.</p>"
                  }
                ]
              },
              {
                "chapter_name": "Real Numbers",
                "questions": [
                  {
                    "question_no": 21,
                    "question_html": "<p>Can the number (15)n, n being a natural number, end with the digit 0 ? Give reasons.</p>",
                    "options": [],
                    "correct_answer": {
                      "text": "<p>The prime factorization of 15 is 3 × 5.</p><p>Therefore, (15)ⁿ = (3 × 5)ⁿ = 3ⁿ × 5ⁿ.</p><p>For a number to end with the digit 0, its prime factorization must contain both 2 and 5.</p><p>Since the prime factorization of (15)ⁿ does not contain the prime factor 2, it cannot end with the digit 0 for any natural number n.</p>"
                    },
                    "question_type": "Very Short Answer (2 marks)",
                    "difficulty_level": "Easy",
                    "explanation_html": null
                  }
                ]
              },
              {
                "chapter_name": "Coordinate Geometry",
                "questions": [
                  {
                    "question_no": 22,
                    "question_html": "<p>Find the type of triangle ABC formed whose vertices are A(1, 0), B(–5, 0) and C(-2, 5).</p>",
                    "options": [],
                    "correct_answer": {
                      "text": "<p>To determine the type of triangle, we find the lengths of its sides using the distance formula, d = √[(x₂-x₁)² + (y₂-y₁)²].</p><p>AB = √[(-5-1)² + (0-0)²] = √[(-6)²] = √36 = 6 units.</p><p>BC = √[(-2 - (-5))² + (5-0)²] = √[(3)² + (5)²] = √[9 + 25] = √34 units.</p><p>CA = √[(1 - (-2))² + (0-5)²] = √[(3)² + (-5)²] = √[9 + 25] = √34 units.</p><p>Since two sides, BC and CA, are equal in length (BC = CA = √34), the triangle ABC is an isosceles triangle.</p>"
                    },
                    "question_type": "Very Short Answer (2 marks)",
                    "difficulty_level": "Medium",
                    "explanation_html": null
                  }
                ]
              },
              {
                "chapter_name": "Introduction to Trigonometry",
                "questions": [
                  {
                    "question_no": 23,
                    "question_html": "<p>Evaluate : 2 sin² 30° sec 60° + tan² 60°.</p><p>OR</p><p>If 2 sin (A + B) = √3 and cos (A – B) = 1, then find the measures of angles A and B. 0 ≤ A, B, (A + B) ≤ 90°.</p>",
                    "options": [],
                    "correct_answer": {
                      "text": "<p>We have to evaluate 2 sin² 30° sec 60° + tan² 60°.</p><p>We know the values:</p><p>sin 30° = 1/2</p><p>sec 60° = 2</p><p>tan 60° = √3</p><p>Substituting these values:</p><p>= 2 (1/2)² × 2 + (√3)²</p><p>= 2 × (1/4) × 2 + 3</p><p>= 1 + 3</p><p>= 4</p><p>OR</p><p>Given: 2 sin (A + B) = √3</p><p>sin (A + B) = √3 / 2</p><p>Since sin 60° = √3 / 2, we have A + B = 60°   ...(1)</p><p>Also given: cos (A – B) = 1</p><p>Since cos 0° = 1, we have A – B = 0°   ...(2)</p><p>Adding equations (1) and (2):</p><p>(A + B) + (A - B) = 60° + 0°</p><p>2A = 60°</p><p>A = 30°</p><p>Substituting A = 30° into equation (1):</p><p>30° + B = 60°</p><p>B = 30°</p><p>So, the measures of the angles are A = 30° and B = 30°.</p>"
                    },
                    "question_type": "Very Short Answer (2 marks)",
                    "difficulty_level": "Medium",
                    "explanation_html": null
                  }
                ]
              },
              {
                "chapter_name": "Circles",
                "questions": [
                  {
                    "question_no": 24,
                    "question_html": "<p>In the given figure, AB and CD are tangents to a circle centred at O. Is ∠BAC = ∠DCA? Justify your answer.</p>",
                    "images": [
                      {
                        "url": "https://img.testbuddyai.com/Maths-30-2-24-Q24.png"
                      }
                    ],
                    "options": [],
                    "correct_answer": {
                      "text": "<p>Yes, ∠BAC = ∠DCA.</p><p><strong>Justification:</strong></p><p>From the figure, the tangents AB and CD are parallel to each other. The line segment AC acts as a transversal intersecting these two parallel lines.</p><p>When a transversal intersects two parallel lines, the alternate interior angles are equal.</p><p>Therefore, ∠BAC and ∠DCA form a pair of alternate interior angles, and thus they are equal.</p>"
                    },
                    "question_type": "Very Short Answer (2 marks)",
                    "difficulty_level": "Easy",
                    "explanation_html": null
                  }
                ]
              },
              {
                "chapter_name": "Coordinate Geometry",
                "questions": [
                  {
                    "question_no": 25,
                    "question_html": "<p>In what ratio is the line segment joining the points (3, −5) and (−1, 6) divided by the line y = x ?</p><p>OR</p><p>A(3,0), B(6, 4) and C(-1, 3) are vertices of a triangle ABC. Find length of its median BE.</p>",
                    "options": [],
                    "correct_answer": {
                      "text": "<p>Let the line y = x divide the line segment joining A(3, -5) and B(-1, 6) at point P in the ratio k:1.</p><p>Using the section formula, the coordinates of P are:</p><p>P(x, y) = [ (k(-1) + 1(3)) / (k+1), (k(6) + 1(-5)) / (k+1) ]</p><p>P(x, y) = [ (-k+3)/(k+1), (6k-5)/(k+1) ]</p><p>Since point P lies on the line y = x, its x-coordinate must be equal to its y-coordinate.</p><p>(-k+3)/(k+1) = (6k-5)/(k+1)</p><p>-k + 3 = 6k - 5</p><p>8 = 7k</p><p>k = 8/7</p><p>Therefore, the required ratio is k:1 = 8/7 : 1, which is 8:7.</p><p>OR</p><p>The vertices of ΔABC are A(3,0), B(6, 4) and C(-1, 3).</p><p>BE is the median to the side AC. This means E is the midpoint of AC.</p><p>Using the midpoint formula, the coordinates of E are:</p><p>E = [ (3 + (-1))/2, (0 + 3)/2 ]</p><p>E = [ 2/2, 3/2 ] = (1, 3/2)</p><p>Now, we find the length of the median BE using the distance formula with points B(6, 4) and E(1, 3/2).</p><p>BE = √[(1-6)² + (3/2 - 4)²]</p><p>BE = √[(-5)² + (-5/2)²]</p><p>BE = √[25 + 25/4]</p><p>BE = √[(100+25)/4] = √[125/4] = (√125)/2 = (5√5)/2 units.</p>"
                    },
                    "question_type": "Very Short Answer (2 marks)",
                    "difficulty_level": "Medium",
                    "explanation_html": null
                  }
                ]
              },
              {
                "chapter_name": "Arithmetic Progressions",
                "questions": [
                  {
                    "question_no": 26,
                    "question_html": "<p>If the sum of first m terms of an A.P. is same as sum of its first n terms (m ≠ n), then show that the sum of its first (m + n) terms is zero.</p><p>OR</p><p>In an A.P., the sum of three consecutive terms is 24 and the sum of their squares is 194. Find the numbers.</p>",
                    "options": [],
                    "correct_answer": {
                      "text": "<p>Let the A.P. have first term 'a' and common difference 'd'.</p><p>Given, Sₘ = Sₙ.</p><p>m/2 [2a + (m-1)d] = n/2 [2a + (n-1)d]</p><p>m[2a + md - d] = n[2a + nd - d]</p><p>2am + m²d - md = 2an + n²d - nd</p><p>2a(m-n) + (m²-n²)d - (m-n)d = 0</p><p>2a(m-n) + (m-n)(m+n)d - (m-n)d = 0</p><p>Since m ≠ n, we can divide by (m-n):</p><p>2a + (m+n)d - d = 0</p><p>2a + (m+n-1)d = 0</p><p>Now, the sum of the first (m+n) terms is:</p><p>Sₘ₊ₙ = (m+n)/2 [2a + (m+n-1)d]</p><p>From our previous result, we know that [2a + (m+n-1)d] = 0.</p><p>Sₘ₊ₙ = (m+n)/2 [0] = 0. Hence proved.</p><p>OR</p><p>Let the three consecutive terms of the A.P. be (a-d), a, and (a+d).</p><p>Given, their sum is 24:</p><p>(a-d) + a + (a+d) = 24</p><p>3a = 24</p><p>a = 8</p><p>Given, the sum of their squares is 194:</p><p>(a-d)² + a² + (a+d)² = 194</p><p>Substitute a = 8:</p><p>(8-d)² + 8² + (8+d)² = 194</p><p>(64 - 16d + d²) + 64 + (64 + 16d + d²) = 194</p><p>192 + 2d² = 194</p><p>2d² = 2</p><p>d² = 1</p><p>d = ±1</p><p>If d = 1, the numbers are (8-1), 8, (8+1), which are 7, 8, 9.</p><p>If d = -1, the numbers are (8-(-1)), 8, (8-1), which are 9, 8, 7.</p><p>The numbers are 7, 8, and 9.</p>"
                    },
                    "question_type": "Short Answer (3 marks)",
                    "difficulty_level": "Hard",
                    "explanation_html": null
                  }
                ]
              },
              {
                "chapter_name": "Real Numbers",
                "questions": [
                  {
                    "question_no": 27,
                    "question_html": "<p>Prove that √5 is an irrational number.</p>",
                    "options": [],
                    "correct_answer": {
                      "text": "<p>We will use the method of proof by contradiction.</p><p><strong>Step 1:</strong> Assume that √5 is a rational number. This means it can be written in the form a/b, where a and b are co-prime integers (having no common factors other than 1) and b ≠ 0.</p><p>√5 = a/b</p><p><strong>Step 2:</strong> Square both sides of the equation.</p><p>5 = a²/b²</p><p>5b² = a²   ...(1)</p><p><strong>Step 3:</strong> From equation (1), a² is divisible by 5. Therefore, 'a' must also be divisible by 5. We can write a = 5c for some integer c.</p><p><strong>Step 4:</strong> Substitute a = 5c into equation (1).</p><p>5b² = (5c)²</p><p>5b² = 25c²</p><p>b² = 5c²</p><p><strong>Step 5:</strong> This new equation shows that b² is divisible by 5, which means 'b' must also be divisible by 5.</p><p><strong>Step 6:</strong> From our steps, we have shown that both 'a' and 'b' are divisible by 5. This means they have a common factor of 5, which contradicts our initial assumption that a and b are co-prime.</p><p><strong>Conclusion:</strong> Our assumption was false. Therefore, √5 is an irrational number.</p>"
                    },
                    "question_type": "Short Answer (3 marks)",
                    "difficulty_level": "Easy",
                    "explanation_html": null
                  }
                ]
              },
              {
                "chapter_name": "Circles",
                "questions": [
                  {
                    "question_no": 28,
                    "question_html": "<p><b>(a)</b> In the given figure, PQ is tangent to a circle centred at O and ∠BAQ = 30°; show that BP = BQ.</p><p>OR</p><p><b>(b)</b> In the given figure, AB, BC, CD and DA are tangents to the circle with centre O forming a quadrilateral ABCD. Show that ∠AOB + ∠COD = 180°.</p>",
                    "images": [
                      {
                        "url": "https://img.testbuddyai.com/Maths-30-2-24-Q28a.png"
                      },
                      {
                        "url": "https://img.testbuddyai.com/Maths-30-2-24-Q28b.png"
                      }
                    ],
                    "options": [],
                    "correct_answer": {
                      "text": "<p><b>(a)</b> By the Alternate Segment Theorem, angle between tangent PQ and chord AQ equals the angle in the opposite arc. Therefore, ∠BQP = ∠BAQ = 30°. Also, ∠BPQ = ∠BAQ = 30°. In ΔBPQ, two base angles are equal (∠BQP = ∠BPQ), hence BP = BQ.</p><p><b>(b)</b> Since tangents drawn from an external point are equal, the triangles formed by joining O to points of contact are congruent pairs, giving equal central angles. Sum of all central angles around O is 360°. Therefore, ∠AOB + ∠COD = 180°.</p>"
                    },
                    "question_type": "Short Answer (3 marks)",
                    "difficulty_level": "Hard",
                    "explanation_html": null
                  }
                ]
              },
              {
                "chapter_name": "Introduction to Trigonometry",
                "questions": [
                  {
                    "question_no": 29,
                    "question_html": "<p>Prove that (1 + sec θ – tan θ) / (1 + sec θ + tan θ) = (1 – sin θ) / cos θ</p>",
                    "options": [],
                    "correct_answer": {
                      "text": "<p>We will simplify the Left Hand Side (LHS).</p><p>LHS = (1 + sec θ – tan θ) / (1 + sec θ + tan θ)</p><p>We know the identity sec²θ - tan²θ = 1. Let's substitute this for the '1' in the numerator.</p><p>LHS = [(sec²θ - tan²θ) + (sec θ – tan θ)] / (1 + sec θ + tan θ)</p><p>Factor the difference of squares in the numerator: (secθ - tanθ)(secθ + tanθ).</p><p>LHS = [(secθ - tanθ)(secθ + tanθ) + (sec θ – tan θ)] / (1 + sec θ + tan θ)</p><p>Take out the common factor (secθ - tanθ) from the numerator.</p><p>LHS = [(sec θ – tan θ) { (sec θ + tan θ) + 1 }] / (1 + sec θ + tan θ)</p><p>Cancel the common term (1 + sec θ + tan θ) from the numerator and denominator.</p><p>LHS = sec θ – tan θ</p><p>Now, convert this into terms of sin and cos.</p><p>LHS = (1/cos θ) - (sin θ/cos θ)</p><p>LHS = (1 - sin θ) / cos θ</p><p>This is equal to the Right Hand Side (RHS).</p><p>Hence, LHS = RHS is proved.</p>"
                    },
                    "question_type": "Short Answer (3 marks)",
                    "difficulty_level": "Medium",
                    "explanation_html": null
                  }
                ]
              },
              {
                "chapter_name": "Statistics",
                "questions": [
                  {
                    "question_no": 30,
                    "question_html": "<p>In a test, the marks obtained by 100 students (out of 50) are given below :</p><table><thead><tr><th>Marks obtained :</th><th>0 – 10</th><th>10 – 20</th><th>20 – 30</th><th>30 – 40</th><th>40 – 50</th></tr></thead><tbody><tr><td>Number of students :</td><td>12</td><td>23</td><td>34</td><td>25</td><td>6</td></tr></tbody></table><p>Find the mean marks of the students.</p>",
                    "options": [],
                    "correct_answer": {
                      "text": "<p>To find the mean, we use the formula: Mean = (Σfᵢxᵢ) / (Σfᵢ).</p><p>We create a table to facilitate the calculation:</p><table><thead><tr><th>Marks obtained (Class Interval)</th><th>Number of students (fᵢ)</th><th>Class Mark (xᵢ)</th><th>fᵢxᵢ</th></tr></thead><tbody><tr><td>0 – 10</td><td>12</td><td>5</td><td>60</td></tr><tr><td>10 – 20</td><td>23</td><td>15</td><td>345</td></tr><tr><td>20 – 30</td><td>34</td><td>25</td><td>850</td></tr><tr><td>30 – 40</td><td>25</td><td>35</td><td>875</td></tr><tr><td>40 – 50</td><td>6</td><td>45</td><td>270</td></tr><tr><td><strong>Total</strong></td><td><strong>Σfᵢ = 100</strong></td><td></td><td><strong>Σfᵢxᵢ = 2400</strong></td></tr></tbody></table><p>Now, we calculate the mean:</p><p>Mean = 2400 / 100 = 24.</p><p>The mean marks of the students are 24.</p>"
                    },
                    "question_type": "Short Answer (3 marks)",
                    "difficulty_level": "Easy",
                    "explanation_html": null
                  }
                ]
              },
              {
                "chapter_name": "Quadratic Equations",
                "questions": [
                  {
                    "question_no": 31,
                    "question_html": "<p>In a 2-digit number, the digit at the unit's place is 5 less than the digit at the ten's place. The product of the digits is 36. Find the number.</p>",
                    "options": [],
                    "correct_answer": {
                      "text": "<p>Let the digit at the ten's place be x.</p><p>Let the digit at the unit's place be y.</p><p>From the first condition, the unit's digit is 5 less than the ten's digit:</p><p>y = x - 5   ...(1)</p><p>From the second condition, the product of the digits is 36:</p><p>x * y = 36   ...(2)</p><p>Substitute equation (1) into equation (2):</p><p>x * (x - 5) = 36</p><p>x² - 5x = 36</p><p>x² - 5x - 36 = 0</p><p>Factor the quadratic equation:</p><p>(x - 9)(x + 4) = 0</p><p>The possible values for x are x = 9 or x = -4.</p><p>Since x represents a digit in a number, it cannot be negative. So, we take x = 9.</p><p>Now, find y using equation (1):</p><p>y = 9 - 5 = 4.</p><p>The ten's digit is 9 and the unit's digit is 4.</p><p>The number is 94.</p>"
                    },
                    "question_type": "Short Answer (3 marks)",
                    "difficulty_level": "Medium",
                    "explanation_html": null
                  }
                ]
              },
              {
                "chapter_name": "Pair of Linear Equations in Two Variables",
                "questions": [
                  {
                    "question_no": 32,
                    "question_html": "<p>Using graphical method, solve the following system of equations :<br>3x + y + 4 = 0 and 3x – y + 2 = 0</p><p>OR</p><p>Tara scored 40 marks in a test, getting 3 marks for each right answer and losing 1 mark for each wrong answer. Had 4 marks been awarded for each correct answer and 2 marks been deducted for each wrong answer, then Tara would have scored 50 marks. Assuming that Tara attempted all questions, find the total number of questions in the test.</p>",
                    "options": [],
                    "correct_answer": {
                      "text": "<p>To solve graphically, we find points for each line.</p><p><strong>Line 1: 3x + y + 4 = 0  => y = -3x - 4</strong></p><ul><li>If x = 0, y = -4. Point: (0, -4)</li><li>If x = -1, y = -3(-1) - 4 = 3 - 4 = -1. Point: (-1, -1)</li><li>If x = -2, y = -3(-2) - 4 = 6 - 4 = 2. Point: (-2, 2)</li></ul><p><strong>Line 2: 3x – y + 2 = 0  => y = 3x + 2</strong></p><ul><li>If x = 0, y = 2. Point: (0, 2)</li><li>If x = -1, y = 3(-1) + 2 = -3 + 2 = -1. Point: (-1, -1)</li><li>If x = 1, y = 3(1) + 2 = 5. Point: (1, 5)</li></ul><p>By plotting these points and drawing the lines, we find that they intersect at the point (-1, -1).</p><p>Therefore, the solution is x = -1, y = -1.</p><p>OR</p><p>Let the number of right answers be x and the number of wrong answers be y.</p><p><strong>Case 1:</strong> 3 marks for right, 1 mark lost for wrong, total score is 40.</p><p>3x - y = 40   ...(1)</p><p><strong>Case 2:</strong> 4 marks for right, 2 marks lost for wrong, total score is 50.</p><p>4x - 2y = 50</p><p>Dividing by 2, we get: 2x - y = 25   ...(2)</p><p>Now, we solve the system of linear equations. Subtract equation (2) from equation (1):</p><p>(3x - y) - (2x - y) = 40 - 25</p><p>x = 15</p><p>Substitute x = 15 into equation (1):</p><p>3(15) - y = 40</p><p>45 - y = 40</p><p>y = 5</p><p>The number of right answers is 15 and the number of wrong answers is 5.</p><p>The total number of questions attempted is x + y = 15 + 5 = 20.</p>"
                    },
                    "question_type": "Long Answer (5 marks)",
                    "difficulty_level": "Medium",
                    "explanation_html": null
                  }
                ]
              },
              {
                "chapter_name": "Triangles",
                "questions": [
                  {
                    "question_no": 33,
                    "question_html": "<p>If a line is drawn parallel to one side of a triangle to intersect the other two sides in distinct points, then prove that the other two sides are divided in the same ratio.</p><p>OR</p><p>Sides AB and AC and median AD to ∆ABC are respectively proportional to sides PQ and PR and median PM of another triangle PQR. Show that ∆ABC ~ ∆PQR.</p>",
                    "options": [],
                    "correct_answer": {
                      "text": "<p>This is the statement and proof of the <strong>Basic Proportionality Theorem (Thales' Theorem)</strong>.</p><p><strong>Statement:</strong> If a line is drawn parallel to one side of a triangle to intersect the other two sides at distinct points, then the other two sides are divided in the same ratio.</p><p><strong>Given:</strong> In ΔABC, a line DE is drawn parallel to BC, intersecting AB at D and AC at E.</p><p><strong>To Prove:</strong> AD/DB = AE/EC.</p><p><strong>Construction:</strong> Join BE and CD. Draw DM ⊥ AC and EN ⊥ AB.</p><p><strong>Proof:</strong></p><p>Area of a triangle = (1/2) × base × height.</p><p>ar(ΔADE)/ar(ΔBDE) = [(1/2) × AD × EN] / [(1/2) × DB × EN] = AD/DB   ...(1)</p><p>ar(ΔADE)/ar(ΔCDE) = [(1/2) × AE × DM] / [(1/2) × EC × DM] = AE/EC   ...(2)</p><p>Now, ΔBDE and ΔCDE lie on the same base DE and between the same parallel lines DE and BC. Therefore, their areas are equal: ar(ΔBDE) = ar(ΔCDE).</p><p>From this, the left sides of equations (1) and (2) are equal.</p><p>Therefore, their right sides must also be equal: AD/DB = AE/EC. Hence proved.</p><p>OR</p><p><strong>Given:</strong> In ΔABC and ΔPQR, AD and PM are medians. Also, AB/PQ = AC/PR = AD/PM.</p><p><strong>To Prove:</strong> ΔABC ~ ΔPQR.</p><p><strong>Construction:</strong> Produce AD to E such that AD = DE. Join CE. Produce PM to N such that PM = MN. Join RN.</p><p><strong>Proof:</strong></p><p>In ΔADB and ΔEDC, AD=DE (construction), BD=DC (AD is median), ∠ADB=∠EDC (vertically opposite angles). By SAS, ΔADB ≅ ΔEDC. So, AB = EC (CPCT).</p><p>Similarly, in ΔPQM and ΔNRM, PM=MN, QM=MR, ∠PMQ=∠NMR. By SAS, ΔPQM ≅ ΔNRM. So, PQ = NR (CPCT).</p><p>The given proportion AB/PQ = AC/PR = AD/PM becomes EC/NR = AC/PR = (2AD)/(2PM) = AE/PN.</p><p>In ΔAEC and ΔPNR, we have EC/NR = AC/PR = AE/PN. By SSS similarity, ΔAEC ~ ΔPNR.</p><p>Therefore, ∠CAE = ∠RPN (or ∠1 = ∠2).</p><p>Similarly, we can prove ΔABE ~ ΔPQN, which gives ∠BAE = ∠QPN (or ∠3 = ∠4).</p><p>Adding these results: ∠1 + ∠3 = ∠2 + ∠4 => ∠BAC = ∠QPR.</p><p>Now in ΔABC and ΔPQR, we have:</p><ul><li>AB/PQ = AC/PR (Given)</li><li>∠BAC = ∠QPR (Proved above)</li></ul><p>By SAS similarity criterion, ΔABC ~ ΔPQR. Hence proved.</p>"
                    },
                    "question_type": "Long Answer (5 marks)",
                    "difficulty_level": "Hard",
                    "explanation_html": null
                  }
                ]
              },
              {
                "chapter_name": "Some Applications of Trigonometry",
                "questions": [
                  {
                    "question_no": 34,
                    "question_html": "<p>From the top of a 45 m high light house, the angles of depression of two ships, on the opposite side of it, are observed to be 30° and 60°. If the line joining the ships passes through the foot of the light house, find the distance between the ships. (Use √3 = 1.73)</p>",
                    "options": [],
                    "correct_answer": {
                      "text": "<p>Let AB be the lighthouse of height 45 m. Let the two ships be at points C and D on opposite sides of the lighthouse.</p><p>The angle of depression to ship C is 30°, so the angle of elevation ∠ACB = 30°.</p><p>The angle of depression to ship D is 60°, so the angle of elevation ∠ADB = 60°.</p><p>In the right-angled triangle ΔABC:</p><p>tan(30°) = AB/AC</p><p>1/√3 = 45/AC</p><p>AC = 45√3 m.</p><p>In the right-angled triangle ΔABD:</p><p>tan(60°) = AB/AD</p><p>√3 = 45/AD</p><p>AD = 45/√3 = (45√3)/3 = 15√3 m.</p><p>The distance between the two ships is CD = AC + AD.</p><p>CD = 45√3 + 15√3 = 60√3 m.</p><p>Using √3 = 1.73:</p><p>CD = 60 × 1.73 = 103.8 m.</p><p>The distance between the ships is 103.8 meters.</p>"
                    },
                    "question_type": "Long Answer (5 marks)",
                    "difficulty_level": "Medium",
                    "explanation_html": null
                  }
                ]
              },
              {
                "chapter_name": "Areas Related to Circles",
                "questions": [
                  {
                    "question_no": 35,
                    "question_html": "<p>The perimeter of a certain sector of a circle of radius 5.6 m is 20.0 m. Find the area of the sector.</p>",
                    "options": [],
                    "correct_answer": {
                      "text": "<p>The perimeter of a sector is given by the sum of the lengths of the two radii and the length of the arc.</p><p>Perimeter = 2 × radius + length of arc (L)</p><p>Given, Perimeter = 20.0 m and radius (r) = 5.6 m.</p><p>20.0 = 2 × 5.6 + L</p><p>20.0 = 11.2 + L</p><p>L = 20.0 - 11.2 = 8.8 m.</p><p>The length of the arc is 8.8 m.</p><p>The area of a sector can be calculated using the formula: Area = (1/2) × L × r.</p><p>Area = (1/2) × 8.8 × 5.6</p><p>Area = 4.4 × 5.6</p><p>Area = 24.64 m².</p><p>The area of the sector is 24.64 m².</p>"
                    },
                    "question_type": "Long Answer (5 marks)",
                    "difficulty_level": "Medium",
                    "explanation_html": null
                  }
                ]
              },
              {
                "chapter_name": "Polynomials",
                "questions": [
                  {
                    "question_no": 36,
                    "question_html": "<p>A ball is thrown in the air so that t seconds after it is thrown, its height h metre above its starting point is given by the polynomial h = 25t – 5t2.</p><p>Observe the graph of the polynomial and answer the following questions :<br>(i) Write zeroes of the given polynomial.<br>(ii) Find the maximum height achieved by ball.<br>(iii) (a) After throwing upward, how much time did the ball take to reach to the height of 30 m ?<br>OR<br>(iii) (b) Find the two different values of t when the height of the ball was 20 m.</p>",
                    "images": [
                      {
                        "url": "https://img.testbuddyai.com/Maths-30-2-24-Q36.png"
                      }
                    ],
                    "options": [],
                    "correct_answer": {
                      "text": "<p>The polynomial is h(t) = 25t - 5t².</p><p><strong>(i) Write zeroes of the given polynomial.</strong></p><p>From the graph, the parabola intersects the t-axis at t=0 and t=5. Also, algebraically, set h(t)=0:</p><p>25t - 5t² = 0</p><p>5t(5 - t) = 0</p><p>The zeroes are t = 0 and t = 5.</p><p><strong>(ii) Find the maximum height achieved by ball.</strong></p><p>The maximum height occurs at the vertex of the parabola. The t-coordinate of the vertex is halfway between the zeroes: t = (0+5)/2 = 2.5 seconds.</p><p>Now find the height at t = 2.5:</p><p>h(2.5) = 25(2.5) - 5(2.5)²</p><p>h(2.5) = 62.5 - 5(6.25) = 62.5 - 31.25 = 31.25 m.</p><p>The maximum height is 31.25 m.</p><p><strong>(iii) (a) After throwing upward, how much time did the ball take to reach to the height of 30 m?</strong></p><p>Set h(t) = 30:</p><p>30 = 25t - 5t²</p><p>5t² - 25t + 30 = 0</p><p>t² - 5t + 6 = 0</p><p>(t - 2)(t - 3) = 0</p><p>This gives t = 2 seconds and t = 3 seconds. The ball reaches 30 m first at t=2 seconds on its way up.</p><p>OR</p><p><strong>(iii) (b) Find the two different values of t when the height of the ball was 20 m.</strong></p><p>Set h(t) = 20:</p><p>20 = 25t - 5t²</p><p>5t² - 25t + 20 = 0</p><p>t² - 5t + 4 = 0</p><p>(t - 1)(t - 4) = 0</p><p>The two different values of t are t = 1 second and t = 4 seconds.</p>"
                    },
                    "question_type": "Case-based Subjective",
                    "difficulty_level": "Hard",
                    "explanation_html": null
                  }
                ]
              },
              {
                "chapter_name": "Surface Areas and Volumes",
                "questions": [
                  {
                    "question_no": 37,
                    "question_html": "<p>A circus tent is cylindrical upto a height of 8 m and conical above it. The diameter of the base is 28 m and total height of tent is 18.5 m.</p><p>Based on the above, answer the following questions :<br>(i) Find slant height of the conical part.<br>(ii) Determine the floor area of the tent.<br>(iii) (a) Find area of the cloth used for making tent.<br>OR<br>(iii) (b) Find total volume of air inside an empty tent.</p>",
                    "images": [
                      {
                        "url": "https://img.testbuddyai.com/Maths-30-2-24-Q37.png"
                      }
                    ],
                    "options": [],
                    "correct_answer": {
                      "text": "<p><strong>Given:</strong></p><ul><li>Height of cylindrical part (h_cyl) = 8 m.</li><li>Diameter of base = 28 m, so radius (r) = 14 m.</li><li>Total height of tent = 18.5 m.</li></ul><p>Height of conical part (h_con) = Total height - h_cyl = 18.5 - 8 = 10.5 m.</p><p><strong>(i) Find slant height of the conical part.</strong></p><p>Slant height (l) = √[r² + (h_con)²]</p><p>l = √[14² + (10.5)²] = √[196 + 110.25] = √306.25 = 17.5 m.</p><p><strong>(ii) Determine the floor area of the tent.</strong></p><p>The floor area is the area of the circular base.</p><p>Area = πr² = (22/7) × 14² = (22/7) × 196 = 22 × 28 = 616 m².</p><p><strong>(iii) (a) Find area of the cloth used for making tent.</strong></p><p>Area of cloth = Curved Surface Area (CSA) of cylinder + CSA of cone.</p><p>Area = (2πrh_cyl) + (πrl)</p><p>Area = [2 × (22/7) × 14 × 8] + [(22/7) × 14 × 17.5]</p><p>Area = [704] + [770] = 1474 m².</p><p>OR</p><p><strong>(iii) (b) Find total volume of air inside an empty tent.</strong></p><p>Total Volume = Volume of cylinder + Volume of cone.</p><p>Volume = (πr²h_cyl) + (1/3 πr²h_con)</p><p>Volume = [(22/7) × 14² × 8] + [1/3 × (22/7) × 14² × 10.5]</p><p>Volume = [616 × 8] + [1/3 × 616 × 10.5]</p><p>Volume = 4928 + 2156 = 7084 m³.</p>"
                    },
                    "question_type": "Case-based Subjective",
                    "difficulty_level": "Hard",
                    "explanation_html": null
                  }
                ]
              },
              {
                "chapter_name": "Probability",
                "questions": [
                  {
                    "question_no": 38,
                    "question_html": "<p>In a survey on holidays, 120 people were asked to state which type of transport they used on their last holiday. The following pie chart shows the results of the survey.</p><p>Observe the pie chart and answer the following questions :<br>(i) If one person is selected at random, find the probability that he/she travelled by bus or ship.<br>(ii) Which is most favourite mode of transport and how many people used it ?<br>(iii) (a) A person is selected at random. If the probability that he did not use train is 4/5, find the number of people who used train.<br>OR<br>(iii) (b) The probability that randomly selected person used aeroplane is 7/60. Find the revenue collected by air company at the rate of ₹ 5,000 per person.</p>",
                    "images": [
                      {
                        "url": "https://img.testbuddyai.com/Maths-30-2-24-Q38.png"
                      }
                    ],
                    "options": [],
                    "correct_answer": {
                      "text": "<p>Total number of people = 120.</p><p><strong>(i) Probability of travelling by bus or ship.</strong></p><p>Angle for Bus = 36°</p><p>Angle for Ship = 33°</p><p>Total angle for bus or ship = 36° + 33° = 69°.</p><p>Probability = (Angle for event) / (Total angle) = 69 / 360 = 23 / 120.</p><p><strong>(ii) Most favourite mode of transport and number of people.</strong></p><p>The largest sector in the pie chart is for Car (177°).</p><p>Number of people who used a car = (Angle for Car / 360°) × Total people</p><p>= (177 / 360) × 120 = 177 / 3 = 59 people.</p><p><strong>(iii) (a) Find the number of people who used train.</strong></p><p>Given, P(did not use train) = 4/5.</p><p>The probability of an event and its complement sum to 1.</p><p>P(used train) = 1 - P(did not use train) = 1 - 4/5 = 1/5.</p><p>Number of people who used train = P(used train) × Total people</p><p>= (1/5) × 120 = 24 people.</p><p>OR</p><p><strong>(iii) (b) Find the revenue collected by air company.</strong></p><p>Given, P(used aeroplane) = 7/60.</p><p>Number of people who used an aeroplane = P(used aeroplane) × Total people</p><p>= (7/60) × 120 = 14 people.</p><p>Revenue = Number of people × Rate per person</p><p>= 14 × 5000 = ₹70,000.</p>"
                    },
                    "question_type": "Case-based Subjective",
                    "difficulty_level": "Medium",
                    "explanation_html": null
                  }
                ]
              }
            ]
          }
        ]
      }
    ]
  }
]