[
  {
    "exam_name_actual": "CBSE Board - Class 10",
    "main_exam_id_name_ref": "CBSE Board - Class 10",
    "years": [
      {
        "year": "2024",
        "papers_or_subjects": [
          {
            "paper_name": "CBSE Class 10 Mathematics (Standard) Paper 2024 (QP Code: 30/5/1)",
            "subject_name": "Mathematics",
            "chapters": [
              {
                "chapter_name": "Arithmetic Progressions",
                "questions": [
                  {
                    "question_no": 1,
                    "question_html": "<p>The next (4th) term of the A.P. √18, √50, √98, ... is :</p>",
                    "options": [
                      {
                        "id": "a",
                        "text": "√128"
                      },
                      {
                        "id": "b",
                        "text": "√140"
                      },
                      {
                        "id": "c",
                        "text": "√162"
                      },
                      {
                        "id": "d",
                        "text": "√200"
                      }
                    ],
                    "correct_answer": {
                      "ids": [
                        "c"
                      ]
                    },
                    "question_type": "mcq_single",
                    "difficulty_level": "easy",
                    "explanation_html": "<p>The given arithmetic progression is √18, √50, √98, ...</p><p>We can simplify the terms:</p><p>√18 = √(9 × 2) = 3√2</p><p>√50 = √(25 × 2) = 5√2</p><p>√98 = √(49 × 2) = 7√2</p><p>So the A.P. is 3√2, 5√2, 7√2, ...</p><p>The first term, a = 3√2.</p><p>The common difference, d = 5√2 - 3√2 = 2√2.</p><p>The nth term of an A.P. is given by aₙ = a + (n-1)d.</p><p>The 4th term is a₄ = a + (4-1)d = a + 3d.</p><p>a₄ = 3√2 + 3(2√2) = 3√2 + 6√2 = 9√2.</p><p>To convert this back to the format of the options, we square the 9 and multiply by 2 inside the square root:</p><p>9√2 = √(9² × 2) = √(81 × 2) = √162.</p>"
                  }
                ]
              },
              {
                "chapter_name": "Introduction to Trigonometry",
                "questions": [
                  {
                    "question_no": 2,
                    "question_html": "<p>If x/3 = 2 sin A, y/3 = 2 cos A, then the value of x² + y² is:</p>",
                    "options": [
                      {
                        "id": "a",
                        "text": "36"
                      },
                      {
                        "id": "b",
                        "text": "9"
                      },
                      {
                        "id": "c",
                        "text": "6"
                      },
                      {
                        "id": "d",
                        "text": "18"
                      }
                    ],
                    "correct_answer": {
                      "ids": [
                        "a"
                      ]
                    },
                    "question_type": "mcq_single",
                    "difficulty_level": "easy",
                    "explanation_html": "<p>Given the equations:</p><p>1) x/3 = 2 sin A</p><p>2) y/3 = 2 cos A</p><p>From equation (1), we can express x as:</p><p>x = 3 × 2 sin A = 6 sin A</p><p>From equation (2), we can express y as:</p><p>y = 3 × 2 cos A = 6 cos A</p><p>We need to find the value of x² + y².</p><p>Substitute the expressions for x and y:</p><p>x² + y² = (6 sin A)² + (6 cos A)²</p><p>x² + y² = 36 sin² A + 36 cos² A</p><p>Factor out 36:</p><p>x² + y² = 36(sin² A + cos² A)</p><p>Using the trigonometric identity sin² A + cos² A = 1:</p><p>x² + y² = 36(1)</p><p>x² + y² = 36.</p>"
                  }
                ]
              },
              {
                "chapter_name": "Introduction to Trigonometry",
                "questions": [
                  {
                    "question_no": 3,
                    "question_html": "<p>If 4 sec θ – 5 = 0, then the value of cot θ is :</p>",
                    "options": [
                      {
                        "id": "a",
                        "text": "3/4"
                      },
                      {
                        "id": "b",
                        "text": "4/5"
                      },
                      {
                        "id": "c",
                        "text": "5/3"
                      },
                      {
                        "id": "d",
                        "text": "4/3"
                      }
                    ],
                    "correct_answer": {
                      "ids": [
                        "d"
                      ]
                    },
                    "question_type": "mcq_single",
                    "difficulty_level": "medium",
                    "explanation_html": "<p>Given the equation 4 sec θ – 5 = 0.</p><p>First, solve for sec θ:</p><p>4 sec θ = 5</p><p>sec θ = 5/4</p><p>We know that sec θ = Hypotenuse / Base. So, for a right-angled triangle, we can consider Hypotenuse (H) = 5 and Base (B) = 4.</p><p>Using the Pythagorean theorem, Perpendicular² + Base² = Hypotenuse² (P² + B² = H²):</p><p>P² + 4² = 5²</p><p>P² + 16 = 25</p><p>P² = 25 - 16</p><p>P² = 9</p><p>P = 3 (taking the positive root for length)</p><p>Now, we need to find the value of cot θ.</p><p>We know that cot θ = Base / Perpendicular.</p><p>cot θ = 4 / 3.</p>"
                  }
                ]
              },
              {
                "chapter_name": "Pair of Linear Equations in Two Variables",
                "questions": [
                  {
                    "question_no": 4,
                    "question_html": "<p>Which out of the following type of straight lines will be represented by the system of equations 3x + 4y = 5 and 6x + 8y = 7 ?</p>",
                    "options": [
                      {
                        "id": "a",
                        "text": "Parallel"
                      },
                      {
                        "id": "b",
                        "text": "Intersecting"
                      },
                      {
                        "id": "c",
                        "text": "Coincident"
                      },
                      {
                        "id": "d",
                        "text": "Perpendicular to each other"
                      }
                    ],
                    "correct_answer": {
                      "ids": [
                        "a"
                      ]
                    },
                    "question_type": "mcq_single",
                    "difficulty_level": "easy",
                    "explanation_html": "<p>The given system of linear equations is:</p><p>3x + 4y = 5  => 3x + 4y - 5 = 0</p><p>6x + 8y = 7  => 6x + 8y - 7 = 0</p><p>We compare these equations with the standard form a₁x + b₁y + c₁ = 0 and a₂x + b₂y + c₂ = 0.</p><p>Here, a₁ = 3, b₁ = 4, c₁ = -5</p><p>And a₂ = 6, b₂ = 8, c₂ = -7</p><p>Now we check the ratio of the corresponding coefficients:</p><p>a₁/a₂ = 3/6 = 1/2</p><p>b₁/b₂ = 4/8 = 1/2</p><p>c₁/c₂ = -5/-7 = 5/7</p><p>We observe that a₁/a₂ = b₁/b₂ ≠ c₁/c₂.</p><p>This condition (a₁/a₂ = b₁/b₂ ≠ c₁/c₂) is the condition for the pair of linear equations to represent parallel lines. Therefore, the lines are parallel.</p>"
                  }
                ]
              },
              {
                "chapter_name": "Quadratic Equations",
                "questions": [
                  {
                    "question_no": 5,
                    "question_html": "<p>The ratio of the sum and product of the roots of the quadratic equation 5x² – 6x + 21 = 0 is :</p>",
                    "options": [
                      {
                        "id": "a",
                        "text": "5:21"
                      },
                      {
                        "id": "b",
                        "text": "2:7"
                      },
                      {
                        "id": "c",
                        "text": "21:5"
                      },
                      {
                        "id": "d",
                        "text": "7:2"
                      }
                    ],
                    "correct_answer": {
                      "ids": [
                        "b"
                      ]
                    },
                    "question_type": "mcq_single",
                    "difficulty_level": "easy",
                    "explanation_html": "<p>For a quadratic equation of the form ax² + bx + c = 0, the sum of the roots is given by -b/a and the product of the roots is given by c/a.</p><p>The given quadratic equation is 5x² – 6x + 21 = 0.</p><p>Here, a = 5, b = -6, and c = 21.</p><p>Sum of the roots = -(-6)/5 = 6/5.</p><p>Product of the roots = 21/5.</p><p>We need to find the ratio of the sum of the roots to the product of the roots:</p><p>Ratio = (Sum of roots) / (Product of roots)</p><p>Ratio = (6/5) / (21/5)</p><p>Ratio = 6/21</p><p>Simplifying the fraction by dividing both the numerator and the denominator by their greatest common divisor, which is 3:</p><p>Ratio = 2/7.</p><p>So, the ratio is 2:7.</p>"
                  }
                ]
              },
              {
                "chapter_name": "Statistics",
                "questions": [
                  {
                    "question_no": 6,
                    "question_html": "<p>For the data 2, 9, x + 6, 2x + 3, 5, 10, 5; if the mean is 7, then the value of x is :</p>",
                    "options": [
                      {
                        "id": "a",
                        "text": "9"
                      },
                      {
                        "id": "b",
                        "text": "6"
                      },
                      {
                        "id": "c",
                        "text": "5"
                      },
                      {
                        "id": "d",
                        "text": "3"
                      }
                    ],
                    "correct_answer": {
                      "ids": [
                        "d"
                      ]
                    },
                    "question_type": "mcq_single",
                    "difficulty_level": "medium",
                    "explanation_html": "<p>The mean of a set of data is the sum of the observations divided by the number of observations.</p><p>The given data is: 2, 9, x + 6, 2x + 3, 5, 10, 5.</p><p>Number of observations = 7.</p><p>The mean is given as 7.</p><p>Sum of observations = 2 + 9 + (x + 6) + (2x + 3) + 5 + 10 + 5.</p><p>Sum = (2 + 9 + 6 + 3 + 5 + 10 + 5) + (x + 2x) = 40 + 3x.</p><p>Using the formula for the mean:</p><p>Mean = (Sum of observations) / (Number of observations)</p><p>7 = (40 + 3x) / 7</p><p>Multiply both sides by 7:</p><p>7 × 7 = 40 + 3x</p><p>49 = 40 + 3x</p><p>Subtract 40 from both sides:</p><p>49 - 40 = 3x</p><p>9 = 3x</p><p>Divide by 3:</p><p>x = 3.</p>"
                  }
                ]
              },
              {
                "chapter_name": "Probability",
                "questions": [
                  {
                    "question_no": 7,
                    "question_html": "<p>One ticket is drawn at random from a bag containing tickets numbered 1 to 40. The probability that the selected ticket has a number which is a multiple of 7 is :</p>",
                    "options": [
                      {
                        "id": "a",
                        "text": "1/7"
                      },
                      {
                        "id": "b",
                        "text": "1/8"
                      },
                      {
                        "id": "c",
                        "text": "1/5"
                      },
                      {
                        "id": "d",
                        "text": "7/40"
                      }
                    ],
                    "correct_answer": {
                      "ids": [
                        "b"
                      ]
                    },
                    "question_type": "mcq_single",
                    "difficulty_level": "easy",
                    "explanation_html": "<p>The total number of possible outcomes is the total number of tickets in the bag, which is 40.</p><p>The favorable outcomes are the tickets with numbers that are multiples of 7.</p><p>We need to find the multiples of 7 from 1 to 40.</p><p>The multiples are: 7, 14, 21, 28, 35.</p><p>The next multiple, 42, is greater than 40.</p><p>So, there are 5 favorable outcomes.</p><p>The probability of an event is calculated as:</p><p>P(event) = (Number of favorable outcomes) / (Total number of possible outcomes)</p><p>P(multiple of 7) = 5 / 40</p><p>Simplifying the fraction:</p><p>P(multiple of 7) = 1/8.</p>"
                  }
                ]
              },
              {
                "chapter_name": "Areas Related to Circles",
                "questions": [
                  {
                    "question_no": 8,
                    "question_html": "<p>The perimeter of the sector of a circle of radius 21 cm which subtends an angle of 60° at the centre of circle, is :</p>",
                    "options": [
                      {
                        "id": "a",
                        "text": "22 cm"
                      },
                      {
                        "id": "b",
                        "text": "43 cm"
                      },
                      {
                        "id": "c",
                        "text": "64 cm"
                      },
                      {
                        "id": "d",
                        "text": "462 cm"
                      }
                    ],
                    "correct_answer": {
                      "ids": [
                        "c"
                      ]
                    },
                    "question_type": "mcq_single",
                    "difficulty_level": "medium",
                    "explanation_html": "<p>The perimeter of a sector is the sum of the lengths of the two radii and the length of the arc.</p><p>Perimeter = 2 × radius + length of the arc.</p><p>Given:</p><p>Radius (r) = 21 cm</p><p>Angle (θ) = 60°</p><p>First, calculate the length of the arc using the formula:</p><p>Length of arc = (θ/360°) × 2πr</p><p>Length of arc = (60/360) × 2 × (22/7) × 21</p><p>Length of arc = (1/6) × 2 × 22 × 3</p><p>Length of arc = (1/6) × 132 = 22 cm.</p><p>Now, calculate the perimeter of the sector:</p><p>Perimeter = 2r + Length of arc</p><p>Perimeter = 2(21) + 22</p><p>Perimeter = 42 + 22 = 64 cm.</p>"
                  }
                ]
              },
              {
                "chapter_name": "Areas Related to Circles",
                "questions": [
                  {
                    "question_no": 9,
                    "question_html": "<p>The length of an arc of a circle with radius 12 cm is 10π cm. The angle subtended by the arc at the centre of the circle, is :</p>",
                    "options": [
                      {
                        "id": "a",
                        "text": "120°"
                      },
                      {
                        "id": "b",
                        "text": "6°"
                      },
                      {
                        "id": "c",
                        "text": "75°"
                      },
                      {
                        "id": "d",
                        "text": "150°"
                      }
                    ],
                    "correct_answer": {
                      "ids": [
                        "d"
                      ]
                    },
                    "question_type": "mcq_single",
                    "difficulty_level": "medium",
                    "explanation_html": "<p>The formula for the length of an arc of a circle is:</p><p>Length of arc = (θ/360°) × 2πr</p><p>Where θ is the angle in degrees and r is the radius.</p><p>Given:</p><p>Length of arc = 10π cm</p><p>Radius (r) = 12 cm</p><p>Substitute the given values into the formula:</p><p>10π = (θ/360) × 2π(12)</p><p>10π = (θ/360) × 24π</p><p>Divide both sides by π:</p><p>10 = (θ/360) × 24</p><p>To solve for θ, rearrange the equation:</p><p>θ = (10 × 360) / 24</p><p>θ = 3600 / 24</p><p>θ = 150°.</p>"
                  }
                ]
              },
              {
                "chapter_name": "Real Numbers",
                "questions": [
                  {
                    "question_no": 10,
                    "question_html": "<p>The greatest number which divides 281 and 1249, leaving remainder 5 and 7 respectively, is :</p>",
                    "options": [
                      {
                        "id": "a",
                        "text": "23"
                      },
                      {
                        "id": "b",
                        "text": "276"
                      },
                      {
                        "id": "c",
                        "text": "138"
                      },
                      {
                        "id": "d",
                        "text": "69"
                      }
                    ],
                    "correct_answer": {
                      "ids": [
                        "c"
                      ]
                    },
                    "question_type": "mcq_single",
                    "difficulty_level": "medium",
                    "explanation_html": "<p>Let the required greatest number be N.</p><p>When N divides 281, the remainder is 5. This means that (281 - 5) = 276 is exactly divisible by N.</p><p>When N divides 1249, the remainder is 7. This means that (1249 - 7) = 1242 is exactly divisible by N.</p><p>So, N is a common divisor of 276 and 1242. Since we want the greatest such number, N must be the Highest Common Factor (HCF) of 276 and 1242.</p><p>We find the HCF using the prime factorization method.</p><p>Prime factorization of 276:</p><p>276 = 2 × 138 = 2 × 2 × 69 = 2² × 3 × 23</p><p>Prime factorization of 1242:</p><p>1242 = 2 × 621 = 2 × 3 × 207 = 2 × 3 × 9 × 23 = 2 × 3³ × 23</p><p>To find the HCF, we take the product of the lowest powers of common prime factors.</p><p>The common prime factors are 2, 3, and 23.</p><p>The lowest power of 2 is 2¹.</p><p>The lowest power of 3 is 3¹.</p><p>The lowest power of 23 is 23¹.</p><p>HCF(276, 1242) = 2¹ × 3¹ × 23¹ = 6 × 23 = 138.</p><p>Thus, the greatest number is 138.</p>"
                  }
                ]
              },
              {
                "chapter_name": "Arithmetic Progressions",
                "questions": [
                  {
                    "question_no": 11,
                    "question_html": "<p>The number of terms in the A.P. 3, 6, 9, 12, ..., 111 is :</p>",
                    "options": [
                      {
                        "id": "a",
                        "text": "36"
                      },
                      {
                        "id": "b",
                        "text": "40"
                      },
                      {
                        "id": "c",
                        "text": "37"
                      },
                      {
                        "id": "d",
                        "text": "30"
                      }
                    ],
                    "correct_answer": {
                      "ids": [
                        "c"
                      ]
                    },
                    "question_type": "mcq_single",
                    "difficulty_level": "easy",
                    "explanation_html": "<p>The given arithmetic progression is 3, 6, 9, 12, ..., 111.</p><p>First term, a = 3.</p><p>Common difference, d = 6 - 3 = 3.</p><p>The last term, aₙ = 111.</p><p>The formula for the nth term of an A.P. is aₙ = a + (n-1)d.</p><p>Substitute the given values into the formula:</p><p>111 = 3 + (n-1)3</p><p>Subtract 3 from both sides:</p><p>111 - 3 = (n-1)3</p><p>108 = (n-1)3</p><p>Divide both sides by 3:</p><p>108 / 3 = n-1</p><p>36 = n-1</p><p>Add 1 to both sides:</p><p>n = 36 + 1 = 37.</p><p>Therefore, there are 37 terms in the A.P.</p>"
                  }
                ]
              },
              {
                "chapter_name": "Circles",
                "questions": [
                  {
                    "question_no": 12,
                    "question_html": "<p>A chord of a circle of radius 10 cm subtends a right angle at its centre. The length of the chord (in cm) is :</p>",
                    "images": [
                      {
                        "url": "https://img.testbuddyai.com/Maths-30-5-24-Q12.png"
                      }
                    ],
                    "options": [
                      {
                        "id": "a",
                        "text": "5√2"
                      },
                      {
                        "id": "b",
                        "text": "10√2"
                      },
                      {
                        "id": "c",
                        "text": "5/√2"
                      },
                      {
                        "id": "d",
                        "text": "5"
                      }
                    ],
                    "correct_answer": {
                      "ids": [
                        "b"
                      ]
                    },
                    "question_type": "mcq_single",
                    "difficulty_level": "easy",
                    "explanation_html": "<p>Let O be the centre of the circle and AB be the chord. The radii OA and OB connect the centre to the ends of the chord.</p><p>Given:</p><p>Radius (OA = OB) = 10 cm.</p><p>The angle subtended by the chord at the centre, ∠AOB = 90°.</p><p>This forms a right-angled triangle, ΔOAB, with the right angle at O.</p><p>The sides OA and OB are the legs of the right triangle, and the chord AB is the hypotenuse.</p><p>Using the Pythagorean theorem (a² + b² = c²):</p><p>OA² + OB² = AB²</p><p>10² + 10² = AB²</p><p>100 + 100 = AB²</p><p>200 = AB²</p><p>AB = √200</p><p>To simplify √200, we can write it as √(100 × 2):</p><p>AB = √100 × √2 = 10√2 cm.</p><p>Therefore, the length of the chord is 10√2 cm.</p>"
                  }
                ]
              },
              {
                "chapter_name": "Real Numbers",
                "questions": [
                  {
                    "question_no": 13,
                    "question_html": "<p>The LCM of three numbers 28, 44, 132 is :</p>",
                    "options": [
                      {
                        "id": "a",
                        "text": "258"
                      },
                      {
                        "id": "b",
                        "text": "231"
                      },
                      {
                        "id": "c",
                        "text": "462"
                      },
                      {
                        "id": "d",
                        "text": "924"
                      }
                    ],
                    "correct_answer": {
                      "ids": [
                        "d"
                      ]
                    },
                    "question_type": "mcq_single",
                    "difficulty_level": "easy",
                    "explanation_html": "<p>To find the Least Common Multiple (LCM) of 28, 44, and 132, we first find the prime factorization of each number.</p><p>28 = 2 × 14 = 2 × 2 × 7 = 2² × 7</p><p>44 = 2 × 22 = 2 × 2 × 11 = 2² × 11</p><p>132 = 2 × 66 = 2 × 2 × 33 = 2 × 2 × 3 × 11 = 2² × 3 × 11</p><p>The LCM is the product of the highest powers of all prime factors that appear in any of the numbers.</p><p>The prime factors involved are 2, 3, 7, and 11.</p><p>The highest power of 2 is 2².</p><p>The highest power of 3 is 3¹.</p><p>The highest power of 7 is 7¹.</p><p>The highest power of 11 is 11¹.</p><p>LCM(28, 44, 132) = 2² × 3¹ × 7¹ × 11¹</p><p>LCM = 4 × 3 × 7 × 11</p><p>LCM = 12 × 77</p><p>LCM = 924.</p>"
                  }
                ]
              },
              {
                "chapter_name": "Real Numbers",
                "questions": [
                  {
                    "question_no": 14,
                    "question_html": "<p>If the product of two co-prime numbers is 553, then their HCF is :</p>",
                    "options": [
                      {
                        "id": "a",
                        "text": "1"
                      },
                      {
                        "id": "b",
                        "text": "553"
                      },
                      {
                        "id": "c",
                        "text": "7"
                      },
                      {
                        "id": "d",
                        "text": "79"
                      }
                    ],
                    "correct_answer": {
                      "ids": [
                        "a"
                      ]
                    },
                    "question_type": "mcq_single",
                    "difficulty_level": "easy",
                    "explanation_html": "<p>By definition, two numbers are co-prime (or relatively prime) if their highest common factor (HCF) is 1. This means they share no common factors other than 1.</p><p>The question states that the two numbers are co-prime. Therefore, their HCF must be 1, regardless of their product.</p>"
                  }
                ]
              },
              {
                "chapter_name": "Polynomials",
                "questions": [
                  {
                    "question_no": 15,
                    "question_html": "<p>If α and β are the zeroes of the polynomial p(x) = kx² – 30x + 45k and α + β = αβ, then the value of k is :</p>",
                    "options": [
                      {
                        "id": "a",
                        "text": "-2/3"
                      },
                      {
                        "id": "b",
                        "text": "-3/2"
                      },
                      {
                        "id": "c",
                        "text": "3/2"
                      },
                      {
                        "id": "d",
                        "text": "2/3"
                      }
                    ],
                    "correct_answer": {
                      "ids": [
                        "d"
                      ]
                    },
                    "question_type": "mcq_single",
                    "difficulty_level": "medium",
                    "explanation_html": "<p>For a quadratic polynomial of the form ax² + bx + c, the sum of the zeroes (α + β) is -b/a, and the product of the zeroes (αβ) is c/a.</p><p>The given polynomial is p(x) = kx² – 30x + 45k.</p><p>Here, a = k, b = -30, and c = 45k.</p><p>Sum of the zeroes: α + β = -(-30)/k = 30/k.</p><p>Product of the zeroes: αβ = 45k/k = 45.</p><p>The problem states that the sum of the zeroes is equal to the product of the zeroes:</p><p>α + β = αβ</p><p>Substitute the expressions we found:</p><p>30/k = 45</p><p>To solve for k, rearrange the equation:</p><p>30 = 45k</p><p>k = 30/45</p><p>Simplify the fraction by dividing the numerator and denominator by their greatest common divisor, 15:</p><p>k = 2/3.</p>"
                  }
                ]
              },
              {
                "chapter_name": "Circles",
                "questions": [
                  {
                    "question_no": 16,
                    "question_html": "<p>In the given figure, RJ and RL are two tangents to the circle. If ∠ RJL = 42°, then the measure of ∠ JOL is :</p>",
                    "images": [
                      {
                        "url": "https://img.testbuddyai.com/Maths-30-5-24-Q16.png"
                      }
                    ],
                    "options": [
                      {
                        "id": "a",
                        "text": "42°"
                      },
                      {
                        "id": "b",
                        "text": "84°"
                      },
                      {
                        "id": "c",
                        "text": "96°"
                      },
                      {
                        "id": "d",
                        "text": "138°"
                      }
                    ],
                    "correct_answer": {
                      "ids": [
                        "b"
                      ]
                    },
                    "question_type": "mcq_single",
                    "difficulty_level": "medium",
                    "explanation_html": "<p>Given that RJ and RL are tangents from an external point R to the circle.</p><p>A property of tangents states that the lengths of tangents drawn from an external point to a circle are equal. Therefore, RJ = RL.</p><p>This makes triangle RJL an isosceles triangle.</p><p>In an isosceles triangle, the angles opposite the equal sides are also equal. So, ∠RLJ = ∠RJL.</p><p>Given ∠RJL = 42°, it follows that ∠RLJ = 42°.</p><p>The sum of angles in a triangle is 180°. In ΔRJL:</p><p>∠JRL + ∠RJL + ∠RLJ = 180°</p><p>∠JRL + 42° + 42° = 180°</p><p>∠JRL + 84° = 180°</p><p>∠JRL = 180° - 84° = 96°.</p><p>Now, consider the quadrilateral OJRL formed by the tangents and the radii to the points of contact. The radius is always perpendicular to the tangent at the point of contact. Thus, ∠OJR = 90° and ∠OLR = 90°.</p><p>The sum of the angles in a quadrilateral is 360°. Also, in such a quadrilateral, the angle between the tangents (∠JRL) and the angle at the center (∠JOL) are supplementary (add up to 180°).</p><p>∠JOL + ∠JRL = 180°</p><p>∠JOL + 96° = 180°</p><p>∠JOL = 180° - 96° = 84°.</p>"
                  }
                ]
              },
              {
                "chapter_name": "Triangles",
                "questions": [
                  {
                    "question_no": 17,
                    "question_html": "<p>In the given figure, in Δ ABC, DE || BC. If AD = 2.4 cm, DB = 4 cm and AE = 2 cm, then the length of AC is :</p>",
                    "images": [
                      {
                        "url": "https://img.testbuddyai.com/Maths-30-5-24-Q17.png"
                      }
                    ],
                    "options": [
                      {
                        "id": "a",
                        "text": "10/3 cm"
                      },
                      {
                        "id": "b",
                        "text": "3/10 cm"
                      },
                      {
                        "id": "c",
                        "text": "16/3 cm"
                      },
                      {
                        "id": "d",
                        "text": "1.2 cm"
                      }
                    ],
                    "correct_answer": {
                      "ids": [
                        "c"
                      ]
                    },
                    "question_type": "mcq_single",
                    "difficulty_level": "easy",
                    "explanation_html": "<p>In ΔABC, it is given that DE is parallel to BC (DE || BC).</p><p>According to the Basic Proportionality Theorem (also known as Thales' Theorem), if a line is drawn parallel to one side of a triangle intersecting the other two sides, then it divides the two sides proportionally.</p><p>Therefore, we have: AD/DB = AE/EC.</p><p>Given values are:</p><p>AD = 2.4 cm</p><p>DB = 4 cm</p><p>AE = 2 cm</p><p>Substitute these values into the proportion:</p><p>2.4 / 4 = 2 / EC</p><p>Now, solve for EC:</p><p>EC = (2 × 4) / 2.4</p><p>EC = 8 / 2.4 = 80 / 24</p><p>Simplifying the fraction 80/24 by dividing both by 8:</p><p>EC = 10/3 cm.</p><p>The question asks for the length of AC. AC is the sum of AE and EC.</p><p>AC = AE + EC</p><p>AC = 2 + 10/3</p><p>To add these, find a common denominator:</p><p>AC = 6/3 + 10/3 = 16/3 cm.</p>"
                  }
                ]
              },
              {
                "chapter_name": "Triangles",
                "questions": [
                  {
                    "question_no": 18,
                    "question_html": "<p>If a vertical pole of length 7.5 m casts a shadow 5 m long on the ground and at the same time, a tower casts a shadow 24 m long, then the height of the tower is :</p>",
                    "options": [
                      {
                        "id": "a",
                        "text": "20 m"
                      },
                      {
                        "id": "b",
                        "text": "40 m"
                      },
                      {
                        "id": "c",
                        "text": "60 m"
                      },
                      {
                        "id": "d",
                        "text": "36 m"
                      }
                    ],
                    "correct_answer": {
                      "ids": [
                        "d"
                      ]
                    },
                    "question_type": "mcq_single",
                    "difficulty_level": "medium",
                    "explanation_html": "<p>At the same time of the day, the angle of elevation of the sun is the same for both the pole and the tower. This creates two similar right-angled triangles.</p><p>Let H₁ be the height of the pole and S₁ be the length of its shadow.</p><p>H₁ = 7.5 m, S₁ = 5 m.</p><p>Let H₂ be the height of the tower and S₂ be the length of its shadow.</p><p>H₂ = ?, S₂ = 24 m.</p><p>Since the triangles are similar, the ratio of the corresponding sides (height to shadow length) will be equal.</p><p>H₁ / S₁ = H₂ / S₂</p><p>Substitute the given values:</p><p>7.5 / 5 = H₂ / 24</p><p>First, simplify the ratio on the left side:</p><p>1.5 = H₂ / 24</p><p>Now, solve for H₂ by multiplying both sides by 24:</p><p>H₂ = 1.5 × 24</p><p>H₂ = 36 m.</p><p>Therefore, the height of the tower is 36 m.</p>"
                  }
                ]
              },
              {
                "chapter_name": "Triangles",
                "questions": [
                  {
                    "question_no": 19,
                    "question_html": "<p>Assertion (A) : ABCD is a trapezium with DC || AB. E and F are points on AD and BC respectively, such that EF || AB. Then AE/ED = BF/FC.</p><p>Reason (R) : Any line parallel to parallel sides of a trapezium divides the non-parallel sides proportionally.</p>",
                    "options": [
                      {
                        "id": "a",
                        "text": "Both Assertion (A) and Reason (R) are true and Reason (R) is the correct explanation of Assertion (A)."
                      },
                      {
                        "id": "b",
                        "text": "Both Assertion (A) and Reason (R) are true, but Reason (R) is not the correct explanation of Assertion (A)."
                      },
                      {
                        "id": "c",
                        "text": "Assertion (A) is true, but Reason (R) is false."
                      },
                      {
                        "id": "d",
                        "text": "Assertion (A) is false, but Reason (R) is true."
                      }
                    ],
                    "correct_answer": {
                      "ids": [
                        "a"
                      ]
                    },
                    "question_type": "mcq_single",
                    "difficulty_level": "medium",
                    "explanation_html": "<p>The theorem stated in Reason (R) is a known property of trapeziums, which is a corollary of the Basic Proportionality Theorem. It states that a line drawn parallel to the parallel sides of a trapezium divides the non-parallel sides in the same ratio. This statement is true.</p><p>The Assertion (A) describes a specific case of this theorem. In trapezium ABCD, DC || AB. A line EF is drawn such that EF || AB (which also means EF || DC). E is on the non-parallel side AD and F is on the non-parallel side BC. According to the theorem in Reason (R), this line EF must divide the non-parallel sides proportionally. This means AE/ED = BF/FC. Thus, Assertion (A) is also true.</p><p>Since Assertion (A) is a direct consequence and a perfect example of the theorem stated in Reason (R), Reason (R) is the correct explanation for Assertion (A).</p>"
                  }
                ]
              },
              {
                "chapter_name": "Polynomials",
                "questions": [
                  {
                    "question_no": 20,
                    "question_html": "<p>Assertion (A) : Degree of a zero polynomial is not defined.</p><p>Reason (R) : Degree of a non-zero constant polynomial is 0.</p>",
                    "options": [
                      {
                        "id": "a",
                        "text": "Both Assertion (A) and Reason (R) are true and Reason (R) is the correct explanation of Assertion (A)."
                      },
                      {
                        "id": "b",
                        "text": "Both Assertion (A) and Reason (R) are true, but Reason (R) is not the correct explanation of Assertion (A)."
                      },
                      {
                        "id": "c",
                        "text": "Assertion (A) is true, but Reason (R) is false."
                      },
                      {
                        "id": "d",
                        "text": "Assertion (A) is false, but Reason (R) is true."
                      }
                    ],
                    "correct_answer": {
                      "ids": [
                        "b"
                      ]
                    },
                    "question_type": "mcq_single",
                    "difficulty_level": "medium",
                    "explanation_html": "<p><b>Analysis of Assertion (A):</b></p><p>The zero polynomial is p(x) = 0. We can write this as p(x) = 0·x⁰, p(x) = 0·x¹, p(x) = 0·x², and so on. Since there is no highest power of x with a non-zero coefficient, the degree is not defined. So, Assertion (A) is true.</p><p><b>Analysis of Reason (R):</b></p><p>A non-zero constant polynomial is p(x) = c, where c is a non-zero constant. This can be written as p(x) = c·x⁰. The highest power of the variable x is 0. Therefore, the degree of a non-zero constant polynomial is 0. So, Reason (R) is true.</p><p><b>Relationship between (A) and (R):</b></p><p>Both statements are correct definitions from the chapter on polynomials. However, Reason (R) explains the degree of a *non-zero constant polynomial*, while Assertion (A) is about the *zero polynomial*. The reason for (A) being true is the ambiguity in assigning a specific power to the variable, which is different from the reason for (R) being true. Therefore, Reason (R) is not the correct explanation for Assertion (A).</p>"
                  }
                ]
              },
              {
                "chapter_name": "Circles",
                "questions": [
                  {
                    "question_no": 21,
                    "question_html": "<p>If two tangents inclined at an angle of 60° are drawn to a circle of radius 3 cm, then find the length of each tangent.</p><p><b>OR</b></p><p>Prove that the tangents drawn at the ends of a diameter of a circle are parallel.</p>",
                    "options": [],
                    "correct_answer": {
                      "text": "<p>Let PA and PB be two tangents to a circle with center O and radius 3 cm. The angle between the tangents is ∠APB = 60°.</p><p>The line segment OP bisects the angle between the tangents, so ∠APO = 60°/2 = 30°.</p><p>The radius OA is perpendicular to the tangent PA at the point of contact A, so ∠OAP = 90°.</p><p>In the right-angled triangle ΔOAP:</p><p>tan(∠APO) = OA / AP</p><p>tan(30°) = 3 / AP</p><p>1/√3 = 3 / AP</p><p>AP = 3√3 cm.</p><p>The length of each tangent is 3√3 cm.</p><p><b>OR</b></p><p>Let XY be the diameter of a circle with center O. Let PQ and RS be the tangents drawn at the ends of the diameter, X and Y, respectively.</p><p>The radius is perpendicular to the tangent at the point of contact.</p><p>So, OX ⊥ PQ, which means ∠OXP = 90°.</p><p>And, OY ⊥ RS, which means ∠OYR = 90°.</p><p>Now, ∠OXP and ∠OYR are alternate interior angles formed by the transversal line XY intersecting lines PQ and RS.</p><p>Since the alternate interior angles are equal (both 90°), the lines PQ and RS must be parallel.</p><p>Hence, the tangents drawn at the ends of a diameter of a circle are parallel.</p>"
                    },
                    "question_type": "Very Short Answer (2 marks)",
                    "difficulty_level": "Medium",
                    "explanation_html": null
                  }
                ]
              },
              {
                "chapter_name": "Introduction to Trigonometry",
                "questions": [
                  {
                    "question_no": 22,
                    "question_html": "<p>Evaluate : (2 tan 30° ⋅ sec 60° ⋅ tan 45°) / (1 - sin² 60°)</p>",
                    "options": [],
                    "correct_answer": {
                      "text": "<p>We need to evaluate the expression: (2 tan 30° ⋅ sec 60° ⋅ tan 45°) / (1 - sin² 60°)</p><p>First, find the values of the trigonometric functions:</p><p>tan 30° = 1/√3</p><p>sec 60° = 2</p><p>tan 45° = 1</p><p>sin 60° = √3/2</p><p>The denominator can be simplified using the identity cos² θ = 1 - sin² θ:</p><p>1 - sin² 60° = cos² 60° = (1/2)² = 1/4</p><p>Now, substitute these values into the expression:</p><p>= [2 * (1/√3) * 2 * 1] / (1/4)</p><p>= (4/√3) / (1/4)</p><p>= (4/√3) * 4</p><p>= 16/√3</p><p>Rationalizing the denominator, we get:</p><p>= (16√3) / 3</p>"
                    },
                    "question_type": "Very Short Answer (2 marks)",
                    "difficulty_level": "Medium",
                    "explanation_html": null
                  }
                ]
              },
              {
                "chapter_name": "Polynomials",
                "questions": [
                  {
                    "question_no": 23,
                    "question_html": "<p>If α, β are zeroes of the polynomial p(x) = 5x² – 6x + 1, then find the value of α + β + αβ.</p>",
                    "options": [],
                    "correct_answer": {
                      "text": "<p>Given the polynomial p(x) = 5x² – 6x + 1.</p><p>For a quadratic polynomial ax² + bx + c, the sum of the zeroes (α + β) is -b/a and the product of the zeroes (αβ) is c/a.</p><p>Here, a = 5, b = -6, and c = 1.</p><p>Sum of zeroes (α + β) = -(-6) / 5 = 6/5</p><p>Product of zeroes (αβ) = 1 / 5</p><p>We need to find the value of α + β + αβ.</p><p>α + β + αβ = (6/5) + (1/5) = 7/5</p>"
                    },
                    "question_type": "Very Short Answer (2 marks)",
                    "difficulty_level": "Easy",
                    "explanation_html": null
                  }
                ]
              },
              {
                "chapter_name": "Coordinate Geometry",
                "questions": [
                  {
                    "question_no": 24,
                    "question_html": "<p>Find the ratio in which the point P(–4, 6) divides the line segment joining the points A(–6, 10) and B(3, –8).</p><p><b>OR</b></p><p>Prove that the points (3, 0), (6, 4) and (–1, 3) are the vertices of an isosceles triangle.</p>",
                    "options": [],
                    "correct_answer": {
                      "text": "<p>Let the point P(–4, 6) divide the line segment joining A(–6, 10) and B(3, –8) in the ratio k : 1.</p><p>Using the section formula for the x-coordinate:</p><p>x = (kx₂ + x₁) / (k + 1)</p><p>-4 = (k(3) - 6) / (k + 1)</p><p>-4(k + 1) = 3k - 6</p><p>-4k - 4 = 3k - 6</p><p>2 = 7k</p><p>k = 2/7</p><p>So, the ratio is k : 1, which is 2/7 : 1, or 2 : 7.</p><p><b>OR</b></p><p>Let the points be A(3, 0), B(6, 4), and C(–1, 3).</p><p>To prove it is an isosceles triangle, we need to show that at least two sides have equal length. We use the distance formula: d = √[(x₂ - x₁)² + (y₂ - y₁)²].</p><p><b>Length of AB:</b></p><p>AB = √[(6 - 3)² + (4 - 0)²] = √[3² + 4²] = √[9 + 16] = √25 = 5</p><p><b>Length of BC:</b></p><p>BC = √[(-1 - 6)² + (3 - 4)²] = √[(-7)² + (-1)²] = √[49 + 1] = √50 = 5√2</p><p><b>Length of AC:</b></p><p>AC = √[(-1 - 3)² + (3 - 0)²] = √[(-4)² + 3²] = √[16 + 9] = √25 = 5</p><p>Since AB = AC = 5, two sides of the triangle are equal.</p><p>Therefore, the points (3, 0), (6, 4), and (–1, 3) are the vertices of an isosceles triangle.</p>"
                    },
                    "question_type": "Very Short Answer (2 marks)",
                    "difficulty_level": "Medium",
                    "explanation_html": null
                  }
                ]
              },
              {
                "chapter_name": "Probability",
                "questions": [
                  {
                    "question_no": 25,
                    "question_html": "<p>A carton consists of 60 shirts of which 48 are good, 8 have major defects and 4 have minor defects. Nigam, a trader, will accept the shirts which are good but Anmol, another trader, will only reject the shirts which have major defects. One shirt is drawn at random from the carton. Find the probability that it is acceptable to Anmol.</p>",
                    "options": [],
                    "correct_answer": {
                      "text": "<p>Total number of shirts = 60.</p><p>Anmol will only reject the shirts with major defects. This means Anmol will accept shirts that are good and shirts that have minor defects.</p><p>Number of good shirts = 48</p><p>Number of shirts with minor defects = 4</p><p>Number of shirts acceptable to Anmol = Number of good shirts + Number of shirts with minor defects</p><p>= 48 + 4 = 52.</p><p>The probability that a randomly drawn shirt is acceptable to Anmol is:</p><p>P(acceptable to Anmol) = (Number of shirts acceptable to Anmol) / (Total number of shirts)</p><p>= 52 / 60</p><p>Simplifying the fraction by dividing both numerator and denominator by 4:</p><p>= 13 / 15.</p>"
                    },
                    "question_type": "Very Short Answer (2 marks)",
                    "difficulty_level": "Easy",
                    "explanation_html": null
                  }
                ]
              },
              {
                "chapter_name": "Real Numbers",
                "questions": [
                  {
                    "question_no": 26,
                    "question_html": "<p>Prove that √3 is an irrational number.</p><p><b>OR</b></p><p>Prove that (√2 + √3)² is an irrational number, given that √6 is an irrational number.</p>",
                    "options": [],
                    "correct_answer": {
                      "text": "<p>Let us assume, to the contrary, that √3 is a rational number.</p><p>Then, there exist positive integers a and b, which are co-prime (gcd(a, b) = 1), such that √3 = a/b.</p><p>Squaring both sides, we get 3 = a²/b².</p><p>This implies 3b² = a².</p><p>Therefore, a² is divisible by 3. By the theorem, if a prime number divides a², then it also divides a. So, a is divisible by 3.</p><p>Let a = 3c for some integer c.</p><p>Substituting a = 3c in 3b² = a², we get:</p><p>3b² = (3c)²</p><p>3b² = 9c²</p><p>b² = 3c²</p><p>This means b² is divisible by 3, and therefore b is also divisible by 3.</p><p>So, both a and b are divisible by 3. This contradicts our assumption that a and b are co-prime.</p><p>This contradiction has arisen because of our incorrect assumption that √3 is rational.</p><p>Hence, √3 is an irrational number.</p><p><b>OR</b></p><p>First, simplify the expression:</p><p>(√2 + √3)² = (√2)² + 2(√2)(√3) + (√3)² = 2 + 2√6 + 3 = 5 + 2√6.</p><p>Let us assume, to the contrary, that 5 + 2√6 is a rational number.</p><p>Then, it can be written in the form a/b, where a and b are integers and b ≠ 0.</p><p>5 + 2√6 = a/b</p><p>2√6 = a/b - 5</p><p>2√6 = (a - 5b) / b</p><p>√6 = (a - 5b) / 2b</p><p>Since a and b are integers, (a - 5b) and 2b are also integers. Since b ≠ 0, 2b ≠ 0.</p><p>Therefore, (a - 5b) / 2b is a rational number.</p><p>This implies that √6 is a rational number.</p><p>However, it is given that √6 is an irrational number. This is a contradiction.</p><p>This contradiction has arisen because of our incorrect assumption that 5 + 2√6 is rational.</p><p>Hence, (√2 + √3)² is an irrational number.</p>"
                    },
                    "question_type": "Short Answer (3 marks)",
                    "difficulty_level": "Medium",
                    "explanation_html": null
                  }
                ]
              },
              {
                "chapter_name": "Arithmetic Progressions",
                "questions": [
                  {
                    "question_no": 27,
                    "question_html": "<p>If the sum of the first 14 terms of an A.P. is 1050 and the first term is 10, then find the 20th term and the nth term.</p><p><b>OR</b></p><p>The first term of an A.P. is 5, the last term is 45 and the sum of all the terms is 400. Find the number of terms and the common difference of the A.P.</p>",
                    "options": [],
                    "correct_answer": {
                      "text": "<p>Given: n = 14, S₁₄ = 1050, a = 10.</p><p>Using the sum formula Sₙ = n/2 [2a + (n-1)d]:</p><p>1050 = 14/2 [2(10) + (14-1)d]</p><p>1050 = 7 [20 + 13d]</p><p>150 = 20 + 13d</p><p>130 = 13d</p><p>d = 10.</p><p>Now, find the 20th term (a₂₀):</p><p>a₂₀ = a + (20-1)d = 10 + 19(10) = 10 + 190 = 200.</p><p>Find the nth term (aₙ):</p><p>aₙ = a + (n-1)d = 10 + (n-1)10 = 10 + 10n - 10 = 10n.</p><p><b>OR</b></p><p>Given: First term (a) = 5, last term (l or aₙ) = 45, sum of terms (Sₙ) = 400.</p><p>First, find the number of terms (n) using the formula Sₙ = n/2 (a + l):</p><p>400 = n/2 (5 + 45)</p><p>400 = n/2 (50)</p><p>400 = 25n</p><p>n = 400 / 25 = 16.</p><p>The number of terms is 16.</p><p>Now, find the common difference (d) using the formula for the last term aₙ = a + (n-1)d:</p><p>45 = 5 + (16-1)d</p><p>40 = 15d</p><p>d = 40 / 15 = 8/3.</p><p>The number of terms is 16 and the common difference is 8/3.</p>"
                    },
                    "question_type": "Short Answer (3 marks)",
                    "difficulty_level": "Medium",
                    "explanation_html": null
                  }
                ]
              },
              {
                "chapter_name": "Circles",
                "questions": [
                  {
                    "question_no": 28,
                    "question_html": "<p>Prove that the parallelogram circumscribing a circle is a rhombus.</p>",
                    "options": [],
                    "correct_answer": {
                      "text": "<p><b>Given:</b> A parallelogram ABCD circumscribes a circle with center O.</p><p><b>To Prove:</b> ABCD is a rhombus.</p><p><b>Proof:</b> Let the points where the sides touch the circle be P, Q, R, and S for sides AB, BC, CD, and DA respectively.</p><p>We know that the lengths of tangents drawn from an external point to a circle are equal.</p><p>Therefore:</p><p>AP = AS  ---(1)</p><p>BP = BQ  ---(2)</p><p>CR = CQ  ---(3)</p><p>DR = DS  ---(4)</p><p>Adding all four equations:</p><p>(AP + BP) + (CR + DR) = (AS + DS) + (BQ + CQ)</p><p>AB + CD = AD + BC</p><p>Since ABCD is a parallelogram, we know that opposite sides are equal:</p><p>AB = CD and AD = BC.</p><p>Substituting these into the equation above:</p><p>AB + AB = BC + BC</p><p>2AB = 2BC</p><p>AB = BC</p><p>Since a parallelogram with adjacent sides equal is a rhombus, and we have shown AB = BC, it follows that ABCD is a rhombus (as AB=CD and BC=AD).</p>"
                    },
                    "question_type": "Short Answer (3 marks)",
                    "difficulty_level": "Medium",
                    "explanation_html": null
                  }
                ]
              },
              {
                "chapter_name": "Introduction to Trigonometry",
                "questions": [
                  {
                    "question_no": 29,
                    "question_html": "<p>Prove that : tan A / (1 - cot A) + cot A / (1 - tan A) = 1 + sec A cosec A</p>",
                    "options": [],
                    "correct_answer": {
                      "text": "<p><b>LHS</b> = tan A / (1 - cot A) + cot A / (1 - tan A)</p><p>Convert all terms to sin A and cos A:</p><p>= [(sin A/cos A) / (1 - cos A/sin A)] + [(cos A/sin A) / (1 - sin A/cos A)]</p><p>= [(sin A/cos A) / ((sin A - cos A)/sin A)] + [(cos A/sin A) / ((cos A - sin A)/cos A)]</p><p>= sin² A / [cos A (sin A - cos A)] + cos² A / [sin A (cos A - sin A)]</p><p>Factor out a negative from the second denominator to make them common:</p><p>= sin² A / [cos A (sin A - cos A)] - cos² A / [sin A (sin A - cos A)]</p><p>Take the common denominator:</p><p>= [sin³ A - cos³ A] / [sin A cos A (sin A - cos A)]</p><p>Use the identity a³ - b³ = (a - b)(a² + ab + b²):</p><p>= [(sin A - cos A)(sin² A + sin A cos A + cos² A)] / [sin A cos A (sin A - cos A)]</p><p>Cancel out (sin A - cos A) and use sin² A + cos² A = 1:</p><p>= (1 + sin A cos A) / (sin A cos A)</p><p>Separate the terms:</p><p>= 1/(sin A cos A) + (sin A cos A)/(sin A cos A)</p><p>= (1/sin A)(1/cos A) + 1</p><p>= cosec A sec A + 1</p><p>= 1 + sec A cosec A = <b>RHS</b></p>"
                    },
                    "question_type": "Short Answer (3 marks)",
                    "difficulty_level": "Hard",
                    "explanation_html": null
                  }
                ]
              },
              {
                "chapter_name": "Probability",
                "questions": [
                  {
                    "question_no": 30,
                    "question_html": "<p>Three unbiased coins are tossed simultaneously. Find the probability of getting : (i) at least one head. (ii) exactly one tail. (iii) two heads and one tail.</p>",
                    "options": [],
                    "correct_answer": {
                      "text": "<p>When three coins are tossed, the total number of possible outcomes is 2³ = 8.</p><p>The sample space is: {HHH, HHT, HTH, THH, HTT, THT, TTH, TTT}.</p><p><b>(i) Probability of getting at least one head:</b></p><p>This means getting one, two, or three heads. The only outcome without at least one head is {TTT}.</p><p>Number of favorable outcomes = Total outcomes - 1 = 8 - 1 = 7.</p><p>P(at least one head) = 7/8.</p><p><b>(ii) Probability of getting exactly one tail:</b></p><p>The favorable outcomes are {HHT, HTH, THH}.</p><p>Number of favorable outcomes = 3.</p><p>P(exactly one tail) = 3/8.</p><p><b>(iii) Probability of getting two heads and one tail:</b></p><p>This is the same as getting exactly one tail. The favorable outcomes are {HHT, HTH, THH}.</p><p>Number of favorable outcomes = 3.</p><p>P(two heads and one tail) = 3/8.</p>"
                    },
                    "question_type": "Short Answer (3 marks)",
                    "difficulty_level": "Easy",
                    "explanation_html": null
                  }
                ]
              },
              {
                "chapter_name": "Areas Related to Circles",
                "questions": [
                  {
                    "question_no": 31,
                    "question_html": "<p>An arc of a circle of radius 10 cm subtends a right angle at the centre of the circle. Find the area of the corresponding major sector. (Use π = 3.14)</p>",
                    "options": [],
                    "correct_answer": {
                      "text": "<p>Given: radius (r) = 10 cm.</p><p>The angle of the minor sector (θ) = 90° (right angle).</p><p>The angle of the major sector will be 360° - 90° = 270°.</p><p>The area of a sector is given by the formula: Area = (angle/360°) × πr².</p><p><b>Area of the major sector:</b></p><p>Area = (270°/360°) × 3.14 × (10)²</p><p>= (3/4) × 3.14 × 100</p><p>= (3/4) × 314</p><p>= 3 × 78.5</p><p>= 235.5 cm².</p><p>Alternatively, we can find the area of the minor sector and subtract it from the area of the full circle.</p><p>Area of full circle = πr² = 3.14 × 10² = 314 cm².</p><p>Area of minor sector = (90°/360°) × 314 = (1/4) × 314 = 78.5 cm².</p><p>Area of major sector = Area of circle - Area of minor sector = 314 - 78.5 = 235.5 cm².</p>"
                    },
                    "question_type": "Short Answer (3 marks)",
                    "difficulty_level": "Medium",
                    "explanation_html": null
                  }
                ]
              },
              {
                "chapter_name": "Quadratic Equations",
                "questions": [
                  {
                    "question_no": 32,
                    "question_html": "<p>Find the value of 'k' for which the quadratic equation (k + 1)x² – 6(k + 1)x + 3(k + 9) = 0, k ≠ – 1 has real and equal roots.</p><p><b>OR</b></p><p>The age of a man is twice the square of the age of his son. Eight years hence, the age of the man will be 4 years more than three times the age of his son. Find their present ages.</p>",
                    "options": [],
                    "correct_answer": {
                      "text": "<p>The given quadratic equation is (k + 1)x² – 6(k + 1)x + 3(k + 9) = 0.</p><p>For a quadratic equation ax² + bx + c = 0 to have real and equal roots, the discriminant (D) must be zero. D = b² - 4ac = 0.</p><p>Here, a = k + 1, b = -6(k + 1), and c = 3(k + 9).</p><p>[-6(k + 1)]² - 4(k + 1)[3(k + 9)] = 0</p><p>36(k + 1)² - 12(k + 1)(k + 9) = 0</p><p>Since k ≠ -1, we can divide the entire equation by 12(k + 1):</p><p>3(k + 1) - (k + 9) = 0</p><p>3k + 3 - k - 9 = 0</p><p>2k - 6 = 0</p><p>2k = 6</p><p>k = 3.</p><p><b>OR</b></p><p>Let the present age of the son be x years.</p><p>Then, the present age of the man is 2x² years.</p><p>Eight years hence:</p><p>Son's age = x + 8</p><p>Man's age = 2x² + 8</p><p>According to the problem, the man's age will be 4 years more than three times the son's age:</p><p>2x² + 8 = 3(x + 8) + 4</p><p>2x² + 8 = 3x + 24 + 4</p><p>2x² + 8 = 3x + 28</p><p>2x² - 3x - 20 = 0</p><p>We can solve this quadratic equation by splitting the middle term. We need two numbers that multiply to -40 and add to -3. These numbers are -8 and 5.</p><p>2x² - 8x + 5x - 20 = 0</p><p>2x(x - 4) + 5(x - 4) = 0</p><p>(2x + 5)(x - 4) = 0</p><p>This gives two possible values for x: x = -5/2 or x = 4.</p><p>Since age cannot be negative, we discard x = -5/2.</p><p>So, the son's present age is x = 4 years.</p><p>The man's present age is 2x² = 2(4)² = 2(16) = 32 years.</p>"
                    },
                    "question_type": "Long Answer (5 marks)",
                    "difficulty_level": "Medium",
                    "explanation_html": null
                  }
                ]
              },
              {
                "chapter_name": "Some Applications of Trigonometry",
                "questions": [
                  {
                    "question_no": 33,
                    "question_html": "<p>From a point on a bridge across the river, the angles of depressions of the banks on opposite sides of the river are 30° and 60° respectively. If the bridge is at a height of 4 m from the banks, find the width of the river.</p>",
                    "options": [],
                    "correct_answer": {
                      "text": "<p>Let P be the point on the bridge, and let A and B be points on the opposite banks of the river. Let PQ be the height of the bridge from the river, so PQ = 4 m.</p><p>The width of the river is AB = AQ + QB.</p><p>The angle of depression to bank A is 30°. This means the alternate interior angle ∠PAQ = 30°.</p><p>The angle of depression to bank B is 60°. This means the alternate interior angle ∠PBQ = 60°.</p><p>In the right-angled triangle ΔPQA:</p><p>tan(30°) = PQ / AQ</p><p>1/√3 = 4 / AQ</p><p>AQ = 4√3 m.</p><p>In the right-angled triangle ΔPQB:</p><p>tan(60°) = PQ / QB</p><p>√3 = 4 / QB</p><p>QB = 4/√3 m.</p><p>The width of the river is AB = AQ + QB:</p><p>Width = 4√3 + 4/√3</p><p>To add these, find a common denominator:</p><p>Width = (4√3 * √3 + 4) / √3 = (12 + 4) / √3 = 16/√3 m.</p><p>Rationalizing the denominator:</p><p>Width = (16√3) / 3 m.</p>"
                    },
                    "question_type": "Long Answer (5 marks)",
                    "difficulty_level": "Medium",
                    "explanation_html": null
                  }
                ]
              },
              {
                "chapter_name": "Triangles",
                "questions": [
                  {
                    "question_no": 34,
                    "question_html": "<p>In the given figure, ΔFEC ≅ ΔGDB and ∠1 = ∠2. Prove that ΔADE ~ ΔABC.</p><p><b>OR</b></p><p>Sides AB and AC and median AD of a ΔABC are respectively proportional to sides PQ and PR and median PM of another ΔPQR. Show that ΔABC ~ ΔPQR.</p>",
                    "images": [
                      {
                        "url": "https://img.testbuddyai.com/Maths-30-5-24-Q34.png"
                      }
                    ],
                    "options": [],
                    "correct_answer": {
                      "text": "<p><b>(a)</b> Since ΔFEC ≅ ΔGDB, therefore EC = DB. Also ∠1 = ∠2 ⇒ AD = AE. Now AB = AD + DB and AC = AE + EC. Substituting, AB = AD + EC and AC = AE + EC. Since AD = AE, we get AB = AC. Hence ΔABC is isosceles ⇒ ∠ABC = ∠ACB. In ΔADE, since AD = AE, so ∠ADE = ∠AED. Also AD/AB = AE/AC, thus DE ∥ BC. Hence ∠ADE = ∠ABC and ∠AED = ∠ACB. Now ∠DAE = ∠BAC (common). Therefore ΔADE ~ ΔABC by AA similarity.</p><p><b>(b)</b> Given AB/PQ = AC/PR = AD/PM and AD, PM are medians. Let D and M be midpoints of BC and QR respectively. Then BD = DC and QM = MR. From AB/PQ = AD/PM, take triangles ABD and PQM. By SSS similarity, ΔABD ~ ΔPQM ⇒ ∠B = ∠Q. Now AB/PQ = AC/PR and ∠B = ∠Q, therefore ΔABC ~ ΔPQR by SAS similarity.</p>"
                    },
                    "question_type": "Long Answer (5 marks)",
                    "difficulty_level": "Hard",
                    "explanation_html": null
                  }
                ]
              },
              {
                "chapter_name": "Surface Areas and Volumes",
                "questions": [
                  {
                    "question_no": 35,
                    "question_html": "<p>A wooden article was made by scooping out a hemisphere from each end of a solid cylinder, as shown in the figure. If the height of the cylinder is 5.8 cm and its base is of radius 2.1 cm, find the total surface area of the article.</p>",
                    "images": [
                      {
                        "url": "https://img.testbuddyai.com/Maths-30-5-24-Q35.png"
                      }
                    ],
                    "options": [],
                    "correct_answer": {
                      "text": "<p>Given: Height of the cylinder (h) = 5.8 cm.</p><p>Radius of the base (and of the hemispheres) (r) = 2.1 cm.</p><p>The total surface area of the article is the sum of the curved surface area (CSA) of the cylinder and the curved surface areas of the two scooped-out hemispheres.</p><p><b>CSA of the cylinder:</b></p><p>CSA_cylinder = 2πrh = 2 × (22/7) × 2.1 × 5.8</p><p>= 2 × 22 × 0.3 × 5.8</p><p>= 44 × 1.74 = 76.56 cm².</p><p><b>CSA of one hemisphere:</b></p><p>CSA_hemisphere = 2πr² = 2 × (22/7) × (2.1)²</p><p>= 2 × (22/7) × 4.41</p><p>= 2 × 22 × 0.63 = 27.72 cm².</p><p><b>CSA of two hemispheres:</b></p><p>2 × 27.72 = 55.44 cm².</p><p><b>Total Surface Area of the article:</b></p><p>TSA = CSA_cylinder + CSA of two hemispheres</p><p>= 76.56 + 55.44</p><p>= 132 cm².</p>"
                    },
                    "question_type": "Long Answer (5 marks)",
                    "difficulty_level": "Medium",
                    "explanation_html": null
                  }
                ]
              },
              {
                "chapter_name": "Pair of Linear Equations in Two Variables",
                "questions": [
                  {
                    "question_no": 36,
                    "question_html": "<p><b>Case Study – 1</b></p><p>On a day, the cashier of the park found that 300 tickets were sold and an amount of ₹ 55,000 was collected. The ticket charges for the park are ₹ 150 per child and ₹ 250 per adult.</p><p>Based on the above, answer the following questions :</p><p>(i) If the number of children visited be x and the number of adults visited be y, then write the given situation algebraically.</p><p>(ii) (a) How many children visited the amusement park that day?</p><p><b>OR</b></p><p>(b) How many adults visited the amusement park that day?</p><p>(iii) How much amount will be collected if 250 children and 100 adults visit the amusement park?</p>",
                    "images": [
                      {
                        "url": "https://img.testbuddyai.com/Maths-30-5-24-Q36.png"
                      }
                    ],
                    "options": [],
                    "correct_answer": {
                      "text": "<p><b>(i) Algebraic representation:</b></p><p>Let x be the number of children and y be the number of adults.</p><p>Total number of tickets sold: x + y = 300  ---(1)</p><p>Total amount collected: 150x + 250y = 55000. We can simplify this by dividing by 50: 3x + 5y = 1100  ---(2)</p><p><b>(ii) (a) Number of children:</b></p><p>We need to solve the system of equations.</p><p>From (1), y = 300 - x.</p><p>Substitute this into (2):</p><p>3x + 5(300 - x) = 1100</p><p>3x + 1500 - 5x = 1100</p><p>-2x = -400</p><p>x = 200.</p><p>So, 200 children visited the park.</p><p><b>OR</b></p><p><b>(b) Number of adults:</b></p><p>Using the value of x found above:</p><p>y = 300 - x = 300 - 200 = 100.</p><p>So, 100 adults visited the park.</p><p><b>(iii) Amount for 250 children and 100 adults:</b></p><p>Amount = (250 × 150) + (100 × 250)</p><p>= 37500 + 25000</p><p>= ₹ 62,500.</p>"
                    },
                    "question_type": "Case-based Subjective",
                    "difficulty_level": "Medium",
                    "explanation_html": null
                  }
                ]
              },
              {
                "chapter_name": "Coordinate Geometry",
                "questions": [
                  {
                    "question_no": 37,
                    "question_html": "<p><b>Case Study – 2</b></p><p>A garden is in the shape of a square. The gardener grew saplings of Ashoka tree on the boundary of the garden at the distance of 1 m from each other. He chose a triangular region inside the garden to grow rose plants, as shown in the figure.</p><p>Based on the above, answer the following questions :</p><p>(i) If A is taken as origin, what are the coordinates of the vertices of ΔPQR?</p><p>(ii) (a) Find distances PQ and QR.</p><p><b>OR</b></p><p>(b) Find the coordinates of the point which divides the line segment joining points P and R in the ratio 2 : 1 internally.</p><p>(iii) Find out if ΔPQR is an isosceles triangle.</p>",
                    "images": [
                      {
                        "url": "https://img.testbuddyai.com/Maths-30-5-24-Q37.png"
                      }
                    ],
                    "options": [],
                    "correct_answer": {
                      "text": "<p><b>(i) Coordinates of the vertices of ΔPQR:</b></p><p>Assuming A is the origin (0,0) and the saplings are 1m apart, we can determine the coordinates by counting units along the x and y axes.</p><p>P: x=4, y=6. So, P(4, 6).</p><p>Q: x=3, y=2. So, Q(3, 2).</p><p>R: x=6, y=5. So, R(6, 5).</p><p><b>(ii) (a) Distances PQ and QR:</b></p><p>Using the distance formula d = √[(x₂ - x₁)² + (y₂ - y₁)²].</p><p>PQ = √[(3 - 4)² + (2 - 6)²] = √[(-1)² + (-4)²] = √[1 + 16] = √17.</p><p>QR = √[(6 - 3)² + (5 - 2)²] = √[3² + 3²] = √[9 + 9] = √18 = 3√2.</p><p><b>OR</b></p><p><b>(b) Coordinates of the point dividing PR in the ratio 2:1:</b></p><p>Let the point be S(x, y). Using the section formula:</p><p>x = [2(6) + 1(4)] / (2 + 1) = (12 + 4) / 3 = 16/3.</p><p>y = [2(5) + 1(6)] / (2 + 1) = (10 + 6) / 3 = 16/3.</p><p>The coordinates are (16/3, 16/3).</p><p><b>(iii) Is ΔPQR an isosceles triangle?</b></p><p>We need to find the lengths of all three sides.</p><p>PQ = √17 (from part ii)</p><p>QR = √18 (from part ii)</p><p>PR = √[(6 - 4)² + (5 - 6)²] = √[2² + (-1)²] = √[4 + 1] = √5.</p><p>Since all three sides have different lengths (√17 ≠ √18 ≠ √5), ΔPQR is not an isosceles triangle. It is a scalene triangle.</p>"
                    },
                    "question_type": "Case-based Subjective",
                    "difficulty_level": "Medium",
                    "explanation_html": null
                  }
                ]
              },
              {
                "chapter_name": "Statistics",
                "questions": [
                  {
                    "question_no": 38,
                    "question_html": "<p><b>Case Study – 3</b></p><p>The time taken by a group of students to run 100 m, was noted as follows:</p><table><thead><tr><th>Time (in seconds)</th><th>0-20</th><th>20-40</th><th>40-60</th><th>60-80</th><th>80-100</th></tr></thead><tbody><tr><td>Number of students</td><td>8</td><td>10</td><td>13</td><td>6</td><td>3</td></tr></tbody></table><p>Based on the above, answer the following questions :</p><p>(i) What is the median class of the above given data?</p><p>(ii) (a) Find the mean time taken by the students to finish the race.</p><p><b>OR</b></p><p>(b) Find the mode of the above given data.</p><p>(iii) How many students took time less than 60 seconds?</p>",
                    "images": [
                      {
                        "url": "https://img.testbuddyai.com/Maths-30-5-24-Q38.png"
                      }
                    ],
                    "options": [],
                    "correct_answer": {
                      "text": "<p>First, let's create a cumulative frequency table.</p><table><thead><tr><th>Time (sec)</th><th>Frequency (f)</th><th>Cumulative Frequency (cf)</th></tr></thead><tbody><tr><td>0-20</td><td>8</td><td>8</td></tr><tr><td>20-40</td><td>10</td><td>18</td></tr><tr><td>40-60</td><td>13</td><td>31</td></tr><tr><td>60-80</td><td>6</td><td>37</td></tr><tr><td>80-100</td><td>3</td><td>40</td></tr></tbody></table><p><b>(i) Median Class:</b></p><p>Total number of students (N) = 40. N/2 = 20.</p><p>The cumulative frequency just greater than 20 is 31. The corresponding class is 40-60.</p><p>So, the median class is 40-60.</p><p><b>(ii) (a) Mean Time:</b></p><table><thead><tr><th>Time (sec)</th><th>Frequency (fᵢ)</th><th>Class Mark (xᵢ)</th><th>fᵢxᵢ</th></tr></thead><tbody><tr><td>0-20</td><td>8</td><td>10</td><td>80</td></tr><tr><td>20-40</td><td>10</td><td>30</td><td>300</td></tr><tr><td>40-60</td><td>13</td><td>50</td><td>650</td></tr><tr><td>60-80</td><td>6</td><td>70</td><td>420</td></tr><tr><td>80-100</td><td>3</td><td>90</td><td>270</td></tr><tr><td><b>Total</b></td><td><b>Σfᵢ = 40</b></td><td></td><td><b>Σfᵢxᵢ = 1720</b></td></tr></tbody></table><p>Mean = Σfᵢxᵢ / Σfᵢ = 1720 / 40 = 43 seconds.</p><p><b>OR</b></p><p><b>(b) Mode:</b></p><p>The highest frequency is 13, so the modal class is 40-60.</p><p>Mode = l + [ (f₁ - f₀) / (2f₁ - f₀ - f₂) ] × h</p><p>l = 40, f₁ = 13, f₀ = 10, f₂ = 6, h = 20</p><p>Mode = 40 + [ (13 - 10) / (2×13 - 10 - 6) ] × 20 = 40 + [ 3 / (26 - 16) ] × 20 = 40 + (3/10)×20 = 40 + 6 = 46 seconds.</p><p><b>(iii) Students who took less than 60 seconds:</b></p><p>This is the sum of frequencies for the classes 0-20, 20-40, and 40-60.</p><p>Number of students = 8 + 10 + 13 = 31.</p><p>Alternatively, this is the cumulative frequency of the class 40-60, which is 31.</p>"
                    },
                    "question_type": "Case-based Subjective",
                    "difficulty_level": "Medium",
                    "explanation_html": null
                  }
                ]
              }
            ]
          }
        ]
      }
    ]
  }
]