[
  {
    "exam_name_actual": "CBSE Board - Class 10",
    "main_exam_id_name_ref": "CBSE Board - Class 10",
    "years": [
      {
        "year": "2025",
        "papers_or_subjects": [
          {
            "paper_name": "CBSE Class 10 Mathematics (Basic) Paper 2025 (QP Code: 430/3/1)",
            "subject_name": "Mathematics",
            "chapters": [
              {
                "chapter_name": "Real Numbers",
                "questions": [
                  {
                    "question_no": 1,
                    "question_html": "<p>If p = 2³ x 3² x 5 and q = 2² × 3³, then the LCM of p and q is :</p>",
                    "options": [
                      {
                        "id": "a",
                        "text": "2³ x 3³"
                      },
                      {
                        "id": "b",
                        "text": "2² x 3²"
                      },
                      {
                        "id": "c",
                        "text": "2² x 3² × 5"
                      },
                      {
                        "id": "d",
                        "text": "2³ x 3³ x 5"
                      }
                    ],
                    "correct_answer": {
                      "ids": [
                        "d"
                      ]
                    },
                    "question_type": "mcq_single",
                    "difficulty_level": "easy",
                    "explanation_html": "<p>The LCM (Least Common Multiple) of two numbers given in their prime factorization form is found by taking the highest power of each prime factor present in either number and multiplying them. For p = 2³ × 3² × 5 and q = 2² × 3³, the highest power of 2 is 2³, the highest power of 3 is 3³, and the highest power of 5 is 5¹. Therefore, the LCM is 2³ × 3³ × 5.</p>"
                  },
                  {
                    "question_no": 2,
                    "question_html": "<p>3ⁿ, where n is a natural number, cannot end with the digit :</p>",
                    "options": [
                      {
                        "id": "a",
                        "text": "3"
                      },
                      {
                        "id": "b",
                        "text": "5"
                      },
                      {
                        "id": "c",
                        "text": "7"
                      },
                      {
                        "id": "d",
                        "text": "9"
                      }
                    ],
                    "correct_answer": {
                      "ids": [
                        "b"
                      ]
                    },
                    "question_type": "mcq_single",
                    "difficulty_level": "easy",
                    "explanation_html": "<p>Let's check the last digit of the first few powers of 3: 3¹=3, 3²=9, 3³=27 (ends in 7), 3⁴=81 (ends in 1), 3⁵=243 (ends in 3). The pattern of the last digits is 3, 9, 7, 1, and this cycle repeats. None of these powers end in the digit 5. A number ending in 5 must be divisible by 5, which means its prime factorization must include 5. The prime factorization of 3ⁿ only contains the prime factor 3.</p>"
                  },
                  {
                    "question_no": 3,
                    "question_html": "<p>A prime number has :</p>",
                    "options": [
                      {
                        "id": "a",
                        "text": "exactly two prime factors"
                      },
                      {
                        "id": "b",
                        "text": "exactly one prime factor"
                      },
                      {
                        "id": "c",
                        "text": "at least one prime factor"
                      },
                      {
                        "id": "d",
                        "text": "at least two prime factors"
                      }
                    ],
                    "correct_answer": {
                      "ids": [
                        "b"
                      ]
                    },
                    "question_type": "mcq_single",
                    "difficulty_level": "easy",
                    "explanation_html": "<p>A prime number is a natural number greater than 1 that has exactly two distinct positive divisors: 1 and itself. The question asks for the number of *prime factors*. For any prime number 'p', its only prime factor is 'p' itself. For example, the prime factors of 7 are just 7. Therefore, a prime number has exactly one prime factor.</p>"
                  }
                ]
              },
              {
                "chapter_name": "Pair of Linear Equations in Two Variables",
                "questions": [
                  {
                    "question_no": 4,
                    "question_html": "<p>For what value(s) of k does the system of equations kx + 2y = 3 and 2x + y = 5 have a unique solution ?</p>",
                    "options": [
                      {
                        "id": "a",
                        "text": "k = a real number"
                      },
                      {
                        "id": "b",
                        "text": "k ≠ 8"
                      },
                      {
                        "id": "c",
                        "text": "k ≠ 4"
                      },
                      {
                        "id": "d",
                        "text": "k = 4"
                      }
                    ],
                    "correct_answer": {
                      "ids": [
                        "c"
                      ]
                    },
                    "question_type": "mcq_single",
                    "difficulty_level": "easy",
                    "explanation_html": "<p>A system of linear equations a₁x + b₁y = c₁ and a₂x + b₂y = c₂ has a unique solution if the condition a₁/a₂ ≠ b₁/b₂ is satisfied. For the given equations, a₁=k, b₁=2, a₂=2, and b₂=1. Applying the condition, we get k/2 ≠ 2/1. Cross-multiplying gives k ≠ 4.</p>"
                  }
                ]
              },
              {
                "chapter_name": "Quadratic Equations",
                "questions": [
                  {
                    "question_no": 5,
                    "question_html": "<p>If x = √x, (x ≠ 0) is expressed as a quadratic equation in the form ax² + bx + c = 0, then the value of a + b + c is:</p>",
                    "options": [
                      {
                        "id": "a",
                        "text": "0"
                      },
                      {
                        "id": "b",
                        "text": "1"
                      },
                      {
                        "id": "c",
                        "text": "2"
                      },
                      {
                        "id": "d",
                        "text": "3"
                      }
                    ],
                    "correct_answer": {
                      "ids": [
                        "a"
                      ]
                    },
                    "question_type": "mcq_single",
                    "difficulty_level": "medium",
                    "explanation_html": "<p>The equation is x = √x. Squaring both sides gives x² = x. Rearranging this into the standard quadratic form ax² + bx + c = 0, we get x² - x = 0. Comparing this to the standard form, we have a = 1, b = -1, and c = 0. The value of a + b + c is 1 + (-1) + 0 = 0.</p>"
                  }
                ]
              },
              {
                "chapter_name": "Coordinate Geometry",
                "questions": [
                  {
                    "question_no": 6,
                    "question_html": "<p>If point (1, 2) is the mid-point of the line segment joining the points (3, 5) and (2a, b), then (a, b) =</p>",
                    "options": [
                      {
                        "id": "a",
                        "text": "(– 1, – 1)"
                      },
                      {
                        "id": "b",
                        "text": "(–1/2, –1/2)"
                      },
                      {
                        "id": "c",
                        "text": "(–1/2, – 1)"
                      },
                      {
                        "id": "d",
                        "text": "(– 1, –1/2)"
                      }
                    ],
                    "correct_answer": {
                      "ids": [
                        "c"
                      ]
                    },
                    "question_type": "mcq_single",
                    "difficulty_level": "easy",
                    "explanation_html": "<p>Using the midpoint formula, the coordinates of the midpoint are [(x₁+x₂)/2, (y₁+y₂)/2]. We are given the midpoint (1, 2) and the endpoints (3, 5) and (2a, b). Equating the coordinates: 1 = (3 + 2a)/2, which gives 2 = 3 + 2a, so 2a = -1 and a = -1/2. And 2 = (5 + b)/2, which gives 4 = 5 + b, so b = -1. Therefore, (a, b) = (-1/2, -1).</p>"
                  },
                  {
                    "question_no": 7,
                    "question_html": "<p>The distance of point (– 3, 4) from y-axis is :</p>",
                    "options": [
                      {
                        "id": "a",
                        "text": "– 3"
                      },
                      {
                        "id": "b",
                        "text": "3"
                      },
                      {
                        "id": "c",
                        "text": "4"
                      },
                      {
                        "id": "d",
                        "text": "5"
                      }
                    ],
                    "correct_answer": {
                      "ids": [
                        "b"
                      ]
                    },
                    "question_type": "mcq_single",
                    "difficulty_level": "easy",
                    "explanation_html": "<p>The distance of a point (x, y) from the y-axis is the absolute value of its x-coordinate, |x|. For the point (– 3, 4), the distance from the y-axis is |– 3| = 3.</p>"
                  }
                ]
              },
              {
                "chapter_name": "Introduction to Trigonometry",
                "questions": [
                  {
                    "question_no": 8,
                    "question_html": "<p>The value of (sec²30° + tan²30°) / (sin²45° + cos²45°) is :</p>",
                    "options": [
                      {
                        "id": "a",
                        "text": "1"
                      },
                      {
                        "id": "b",
                        "text": "5/3"
                      },
                      {
                        "id": "c",
                        "text": "13/3"
                      },
                      {
                        "id": "d",
                        "text": "7"
                      }
                    ],
                    "correct_answer": {
                      "ids": [
                        "b"
                      ]
                    },
                    "question_type": "mcq_single",
                    "difficulty_level": "medium",
                    "explanation_html": "<p>The denominator is sin²45° + cos²45°, which is equal to 1 based on the Pythagorean identity sin²θ + cos²θ = 1. The numerator is sec²30° + tan²30°. We know that sec(30°) = 2/√3 and tan(30°) = 1/√3. So, the numerator is (2/√3)² + (1/√3)² = 4/3 + 1/3 = 5/3. The value of the expression is (5/3) / 1 = 5/3.</p>"
                  }
                ]
              },
              {
                "chapter_name": "Triangles",
                "questions": [
                  {
                    "question_no": 9,
                    "question_html": "<p>Which types of triangles are always similar?</p>",
                    "options": [
                      {
                        "id": "a",
                        "text": "Right-angled triangles"
                      },
                      {
                        "id": "b",
                        "text": "Acute-angled triangles"
                      },
                      {
                        "id": "c",
                        "text": "Isosceles triangles"
                      },
                      {
                        "id": "d",
                        "text": "Equilateral triangles"
                      }
                    ],
                    "correct_answer": {
                      "ids": [
                        "d"
                      ]
                    },
                    "question_type": "mcq_single",
                    "difficulty_level": "easy",
                    "explanation_html": "<p>Equilateral triangles are always similar. This is because all angles in an equilateral triangle are 60°. By the Angle-Angle (AA) similarity criterion, if two triangles have two corresponding angles equal, they are similar. Since all equilateral triangles have all angles equal to 60°, any two equilateral triangles are similar to each other.</p>"
                  },
                  {
                    "question_no": 10,
                    "question_html": "<p>What values of x and y will make ∆ ABC similar to ∆ QRP in the figures given below ?</p>",
                    "images": [
                      {
                        "url": "https://img.testbuddyai.com/Maths-430-3-25-Q10.png"
                      }
                    ],
                    "options": [
                      {
                        "id": "a",
                        "text": "x = 6, y = 5"
                      },
                      {
                        "id": "b",
                        "text": "x = 5, y = 6"
                      },
                      {
                        "id": "c",
                        "text": "x = 6, y = 6"
                      },
                      {
                        "id": "d",
                        "text": "x = 12, y = 3.2"
                      }
                    ],
                    "correct_answer": {
                      "ids": [
                        "b"
                      ]
                    },
                    "question_type": "mcq_single",
                    "difficulty_level": "medium",
                    "explanation_html": "<p>For ΔABC to be similar to ΔQRP, the ratio of their corresponding sides must be equal. The correspondence is A↔Q, B↔R, C↔P. So, AB/QR = BC/RP = AC/QP. Substituting the given values: 2/4 = 2.5/x = 3/y. From the first part of the ratio, 2/4 = 2.5/x, which simplifies to 1/2 = 2.5/x. This gives x = 5. From the second part, 2/4 = 3/y, which is 1/2 = 3/y. This gives y = 6. So, x = 5 and y = 6.</p>"
                  }
                ]
              },
              {
                "chapter_name": "Circles",
                "questions": [
                  {
                    "question_no": 11,
                    "question_html": "<p>In the given figure, from which point can the tangent not be drawn to the circle with radius r ?</p>",
                    "images": [
                      {
                        "url": "https://img.testbuddyai.com/Maths-430-3-25-Q11.png"
                      }
                    ],
                    "options": [
                      {
                        "id": "a",
                        "text": "X"
                      },
                      {
                        "id": "b",
                        "text": "P"
                      },
                      {
                        "id": "c",
                        "text": "Q"
                      },
                      {
                        "id": "d",
                        "text": "Y"
                      }
                    ],
                    "correct_answer": {
                      "ids": [
                        "d"
                      ]
                    },
                    "question_type": "mcq_single",
                    "difficulty_level": "easy",
                    "explanation_html": "<p>A tangent to a circle can be drawn from any point that is on the circle or outside the circle. A tangent cannot be drawn from a point that is inside the circle. In the given figure, point Y is located inside the circle with radius r. Therefore, a tangent cannot be drawn from point Y.</p>"
                  }
                ]
              },
              {
                "chapter_name": "Some Applications of Trigonometry",
                "questions": [
                  {
                    "question_no": 12,
                    "question_html": "<p>In the given figure, the angle of elevation of point A from point C is :</p>",
                    "images": [
                      {
                        "url": "https://img.testbuddyai.com/Maths-430-3-25-Q12.png"
                      }
                    ],
                    "options": [
                      {
                        "id": "a",
                        "text": "30°"
                      },
                      {
                        "id": "b",
                        "text": "45°"
                      },
                      {
                        "id": "c",
                        "text": "60°"
                      },
                      {
                        "id": "d",
                        "text": "Cannot be determined"
                      }
                    ],
                    "correct_answer": {
                      "ids": [
                        "a"
                      ]
                    },
                    "question_type": "mcq_single",
                    "difficulty_level": "easy",
                    "explanation_html": "<p>The angle of elevation of point A from point C is the angle ∠ACB. In the right-angled triangle ABC, the side opposite to this angle is AB = 2 cm, and the adjacent side is BC = 2√3 cm. Using the tangent function, tan(∠ACB) = Opposite/Adjacent = AB/BC = 2 / (2√3) = 1/√3. The angle whose tangent is 1/√3 is 30°. Therefore, the angle of elevation is 30°.</p>"
                  }
                ]
              },
              {
                "chapter_name": "Areas Related to Circles",
                "questions": [
                  {
                    "question_no": 13,
                    "question_html": "<p>The angle of the sector of a circle whose area is one-eighth of the area of the circle is :</p>",
                    "options": [
                      {
                        "id": "a",
                        "text": "22 1/2 °"
                      },
                      {
                        "id": "b",
                        "text": "45°"
                      },
                      {
                        "id": "c",
                        "text": "60°"
                      },
                      {
                        "id": "d",
                        "text": "90°"
                      }
                    ],
                    "correct_answer": {
                      "ids": [
                        "b"
                      ]
                    },
                    "question_type": "mcq_single",
                    "difficulty_level": "easy",
                    "explanation_html": "<p>The area of a sector is proportional to its central angle. A full circle has an angle of 360°. If the area of the sector is one-eighth of the area of the circle, then its angle will be one-eighth of the total angle of the circle. Angle of the sector = (1/8) × 360° = 45°.</p>"
                  },
                  {
                    "question_no": 14,
                    "question_html": "<p>The perimeter of a quadrant of a circle of circumference 22 cm is :</p>",
                    "options": [
                      {
                        "id": "a",
                        "text": "29 cm"
                      },
                      {
                        "id": "b",
                        "text": "22 cm"
                      },
                      {
                        "id": "c",
                        "text": "12.5 cm"
                      },
                      {
                        "id": "d",
                        "text": "5.5 cm"
                      }
                    ],
                    "correct_answer": {
                      "ids": [
                        "c"
                      ]
                    },
                    "question_type": "mcq_single",
                    "difficulty_level": "medium",
                    "explanation_html": "<p>The circumference is 22 cm. A quadrant is one-fourth of a circle, so the length of its arc is (1/4) × 22 = 5.5 cm. First, we find the radius from the circumference: 2πr = 22, so 2 × (22/7) × r = 22, which gives r = 7/2 = 3.5 cm. The perimeter of the quadrant is the length of the arc plus the two radii that form its boundaries. Perimeter = 5.5 + 3.5 + 3.5 = 12.5 cm.</p>"
                  }
                ]
              },
              {
                "chapter_name": "Surface Areas and Volumes",
                "questions": [
                  {
                    "question_no": 15,
                    "question_html": "<p>A cone and cylinder have same height and same radius. The volume of the cone and the volume of the cylinder are in the ratio :</p>",
                    "options": [
                      {
                        "id": "a",
                        "text": "1:1"
                      },
                      {
                        "id": "b",
                        "text": "1:3"
                      },
                      {
                        "id": "c",
                        "text": "3:1"
                      },
                      {
                        "id": "d",
                        "text": "1:2"
                      }
                    ],
                    "correct_answer": {
                      "ids": [
                        "b"
                      ]
                    },
                    "question_type": "mcq_single",
                    "difficulty_level": "easy",
                    "explanation_html": "<p>The volume of a cone is V_cone = (1/3)πr²h, and the volume of a cylinder is V_cylinder = πr²h. Since they have the same radius (r) and height (h), the ratio of their volumes is (V_cone) / (V_cylinder) = [(1/3)πr²h] / [πr²h] = 1/3. In ratio notation, this is 1:3.</p>"
                  }
                ]
              },
              {
                "chapter_name": "Statistics",
                "questions": [
                  {
                    "question_no": 16,
                    "question_html": "<p>The following table shows the marks scored by 23 students of a class.</p><table><thead><tr><th>Marks</th><th>0 – 10</th><th>10 – 20</th><th>20 – 30</th><th>30 – 40</th><th>40 – 50</th></tr></thead><tbody><tr><td>Number of Students</td><td>5</td><td>3</td><td>4</td><td>8</td><td>3</td></tr></tbody></table><p>The lower limit of the modal class is :</p>",
                    "options": [
                      {
                        "id": "a",
                        "text": "10"
                      },
                      {
                        "id": "b",
                        "text": "20"
                      },
                      {
                        "id": "c",
                        "text": "30"
                      },
                      {
                        "id": "d",
                        "text": "40"
                      }
                    ],
                    "correct_answer": {
                      "ids": [
                        "c"
                      ]
                    },
                    "question_type": "mcq_single",
                    "difficulty_level": "easy",
                    "explanation_html": "<p>The modal class is the class interval with the highest frequency. In the given table, the frequencies are 5, 3, 4, 8, and 3. The highest frequency is 8, which corresponds to the class interval 30 – 40. The lower limit of this class is 30.</p>"
                  },
                  {
                    "question_no": 17,
                    "question_html": "<p>For a distribution, if mean = 15 and mode = 12, then its median is :</p>",
                    "options": [
                      {
                        "id": "a",
                        "text": "12"
                      },
                      {
                        "id": "b",
                        "text": "13"
                      },
                      {
                        "id": "c",
                        "text": "14"
                      },
                      {
                        "id": "d",
                        "text": "15"
                      }
                    ],
                    "correct_answer": {
                      "ids": [
                        "c"
                      ]
                    },
                    "question_type": "mcq_single",
                    "difficulty_level": "easy",
                    "explanation_html": "<p>The empirical relationship between mean, median, and mode is given by the formula: Mode = 3 Median – 2 Mean. We are given Mean = 15 and Mode = 12. Substituting these values, we get 12 = 3 Median – 2(15). This simplifies to 12 = 3 Median – 30. Adding 30 to both sides gives 42 = 3 Median. Dividing by 3, we find Median = 14.</p>"
                  }
                ]
              },
              {
                "chapter_name": "Probability",
                "questions": [
                  {
                    "question_no": 18,
                    "question_html": "<p>A pair of dice is thrown simultaneously. Let E denote the event that \"The sum of numbers obtained on both dice is at least 9.\" The number of outcomes in favour of event E is :</p>",
                    "options": [
                      {
                        "id": "a",
                        "text": "4"
                      },
                      {
                        "id": "b",
                        "text": "6"
                      },
                      {
                        "id": "c",
                        "text": "10"
                      },
                      {
                        "id": "d",
                        "text": "26"
                      }
                    ],
                    "correct_answer": {
                      "ids": [
                        "c"
                      ]
                    },
                    "question_type": "mcq_single",
                    "difficulty_level": "medium",
                    "explanation_html": "<p>\"At least 9\" means the sum can be 9, 10, 11, or 12. Let's list the favorable outcomes: For a sum of 9: (3,6), (6,3), (4,5), (5,4) - 4 outcomes. For a sum of 10: (4,6), (6,4), (5,5) - 3 outcomes. For a sum of 11: (5,6), (6,5) - 2 outcomes. For a sum of 12: (6,6) - 1 outcome. The total number of favorable outcomes is 4 + 3 + 2 + 1 = 10.</p>"
                  }
                ]
              },
              {
                "chapter_name": "Introduction to Trigonometry",
                "questions": [
                  {
                    "question_no": 19,
                    "question_html": "<p><b>Assertion (A) :</b> For sin θ = 1, cos θ must be 0.</p><p><b>Reason (R) :</b> sin²θ - cos²θ = 1.</p>",
                    "options": [
                      {
                        "id": "a",
                        "text": "Both Assertion (A) and Reason (R) are true and Reason (R) is the correct explanation of Assertion (A)."
                      },
                      {
                        "id": "b",
                        "text": "Both Assertion (A) and Reason (R) are true, but Reason (R) is not the correct explanation of Assertion (A)."
                      },
                      {
                        "id": "c",
                        "text": "Assertion (A) is true, but Reason (R) is false."
                      },
                      {
                        "id": "d",
                        "text": "Assertion (A) is false, but Reason (R) is true."
                      }
                    ],
                    "correct_answer": {
                      "ids": [
                        "c"
                      ]
                    },
                    "question_type": "mcq_single",
                    "difficulty_level": "medium",
                    "explanation_html": "<p><b>Assertion (A):</b> From the Pythagorean identity sin²θ + cos²θ = 1, if sin θ = 1, then (1)² + cos²θ = 1, which means cos²θ = 0, and therefore cos θ = 0. So, the assertion is true. <br><b>Reason (R):</b> The statement sin²θ - cos²θ = 1 is false. The correct identity is sin²θ + cos²θ = 1. Therefore, Assertion (A) is true, but Reason (R) is false.</p>"
                  }
                ]
              },
              {
                "chapter_name": "Quadratic Equations",
                "questions": [
                  {
                    "question_no": 20,
                    "question_html": "<p><b>Assertion (A) :</b> Every quadratic equation has two real roots.</p><p><b>Reason (R) :</b> A quadratic polynomial can have at most two zeroes.</p>",
                    "options": [
                      {
                        "id": "a",
                        "text": "Both Assertion (A) and Reason (R) are true and Reason (R) is the correct explanation of Assertion (A)."
                      },
                      {
                        "id": "b",
                        "text": "Both Assertion (A) and Reason (R) are true, but Reason (R) is not the correct explanation of Assertion (A)."
                      },
                      {
                        "id": "c",
                        "text": "Assertion (A) is true, but Reason (R) is false."
                      },
                      {
                        "id": "d",
                        "text": "Assertion (A) is false, but Reason (R) is true."
                      }
                    ],
                    "correct_answer": {
                      "ids": [
                        "d"
                      ]
                    },
                    "question_type": "mcq_single",
                    "difficulty_level": "easy",
                    "explanation_html": "<p><b>Assertion (A):</b> The statement that every quadratic equation has two *real* roots is false. A quadratic equation ax² + bx + c = 0 has real roots only if its discriminant (D = b² - 4ac) is greater than or equal to zero. If D < 0, the roots are not real. <br><b>Reason (R):</b> The statement that a quadratic polynomial can have at most two zeroes is true. This is a fundamental property of polynomials. Since Assertion (A) is false and Reason (R) is true, the correct option is (D).</p>"
                  }
                ]
              },
              {
                "chapter_name": "Pair of Linear Equations in Two Variables",
                "questions": [
                  {
                    "question_no": 21,
                    "question_html": "<p>Solve the following system of equations graphically :<br>2x – 3y = - 6 and x = 3</p>",
                    "options": [],
                    "correct_answer": {
                      "text": "<p>To solve the equations graphically, we need to plot them on a graph.</p><p><strong>Equation 1: 2x - 3y = -6</strong></p><ul><li>If x = 0, -3y = -6 => y = 2. Point is (0, 2).</li><li>If y = 0, 2x = -6 => x = -3. Point is (-3, 0).</li></ul><p>Plot these two points and draw a straight line through them.</p><p><strong>Equation 2: x = 3</strong></p><p>This is a vertical line parallel to the y-axis at a distance of 3 units from it.</p><p><strong>Solution:</strong></p><p>Draw both lines on the graph. The point where the two lines intersect is the solution.</p><p>The line x = 3 intersects the line 2x - 3y = -6. To find the intersection point algebraically to confirm the graph:</p><p>Substitute x = 3 into the first equation:</p><p>2(3) - 3y = -6</p><p>6 - 3y = -6</p><p>-3y = -12</p><p>y = 4</p><p>The solution is the point of intersection (3, 4). So, x = 3, y = 4.</p>"
                    },
                    "question_type": "Very Short Answer (2 marks)",
                    "difficulty_level": "Easy",
                    "explanation_html": null
                  }
                ]
              },
              {
                "chapter_name": "Triangles",
                "questions": [
                  {
                    "question_no": 22,
                    "question_html": "<p>A vertical pole of height 10 m casts a shadow of 15 m on the ground and at the same time, a tower casts a shadow of 45 m on the ground. Find the height of the tower.</p><p>OR</p><p>In the given figure, QR/QS = QT/PR and ∠1 = ∠2. Prove that ΔPQS ~ ΔTQR.</p>",
                    "images": [
                      {
                        "url": "https://img.testbuddyai.com/Maths-430-3-25-Q22b.png"
                      }
                    ],
                    "options": [],
                    "correct_answer": {
                      "text": "<p>Let the height of the pole be AB = 10 m and its shadow be BC = 15 m.</p><p>Let the height of the tower be PQ and its shadow be QR = 45 m.</p><p>At the same time, the angle of elevation of the sun is the same for both the pole and the tower.</p><p>Let the angle of elevation be θ. Then, in ΔABC, tan θ = AB/BC = 10/15 = 2/3.</p><p>In ΔPQR, tan θ = PQ/QR = PQ/45.</p><p>Since the angle is the same:</p><p>PQ/45 = 10/15</p><p>PQ = (10/15) * 45</p><p>PQ = (2/3) * 45</p><p>PQ = 2 * 15 = 30 m.</p><p>Alternatively, using similarity:</p><p>ΔABC ~ ΔPQR (by AA similarity, as both have a right angle and the same angle of elevation).</p><p>So, AB/PQ = BC/QR</p><p>10/PQ = 15/45</p><p>10/PQ = 1/3</p><p>PQ = 30 m.</p><p>The height of the tower is 30 m.</p><p>OR</p><p><strong>Given:</strong> QR/QS = QT/PR and ∠1 = ∠2.</p><p><strong>To Prove:</strong> ΔPQS ~ ΔTQR.</p><p><strong>Proof:</strong></p><p>In ΔPQR, we are given ∠1 = ∠2.</p><p>Sides opposite to equal angles in a triangle are equal. Therefore, PR = PQ.  ...(i)</p><p>We are also given the proportion: QR/QS = QT/PR.</p><p>Substitute PR with PQ from equation (i):</p><p>QR/QS = QT/PQ</p><p>Rearranging this gives:</p><p>PQ/QS = QT/QR</p><p>Now, consider ΔPQS and ΔTQR.</p><p>1. PQ/QS = QT/QR (Proved above)</p><p>2. ∠PQS = ∠TQR (Common angle, ∠Q)</p><p>By the SAS (Side-Angle-Side) similarity criterion, ΔPQS ~ ΔTQR.</p>"
                    },
                    "question_type": "Very Short Answer (2 marks)",
                    "difficulty_level": "Medium",
                    "explanation_html": null
                  }
                ]
              },
              {
                "chapter_name": "Circles",
                "questions": [
                  {
                    "question_no": 23,
                    "question_html": "<p>In the given figure, TP and TQ are two tangents. If ∠ PTQ = 50°, then find the measure of ∠ OPQ.</p>",
                    "images": [
                      {
                        "url": "https://img.testbuddyai.com/Maths-430-3-25-Q23.png"
                      }
                    ],
                    "options": [],
                    "correct_answer": {
                      "text": "<p><strong>Given:</strong> TP and TQ are tangents from point T to the circle with center O. ∠PTQ = 50°.</p><p><strong>Step 1: Use the property of tangents from an external point.</strong></p><p>The lengths of tangents drawn from an external point to a circle are equal. So, TP = TQ.</p><p><strong>Step 2: Analyze triangle PTQ.</strong></p><p>Since TP = TQ, ΔPTQ is an isosceles triangle.</p><p>The angles opposite to equal sides are equal, so ∠TPQ = ∠TQP.</p><p>The sum of angles in a triangle is 180°.</p><p>∠PTQ + ∠TPQ + ∠TQP = 180°</p><p>50° + 2∠TPQ = 180°</p><p>2∠TPQ = 130°</p><p>∠TPQ = 65°</p><p><strong>Step 3: Use the property of the radius and tangent.</strong></p><p>The radius is perpendicular to the tangent at the point of contact. So, OP ⊥ TP.</p><p>Therefore, ∠OPT = 90°.</p><p><strong>Step 4: Find ∠OPQ.</strong></p><p>From the figure, we can see that ∠OPT = ∠OPQ + ∠TPQ.</p><p>90° = ∠OPQ + 65°</p><p>∠OPQ = 90° - 65°</p><p>∠OPQ = 25°</p>"
                    },
                    "question_type": "Very Short Answer (2 marks)",
                    "difficulty_level": "Easy",
                    "explanation_html": null
                  }
                ]
              },
              {
                "chapter_name": "Introduction to Trigonometry",
                "questions": [
                  {
                    "question_no": 24,
                    "question_html": "<p>If sin 3A = 1, then find the value of cos 2A – tan² 45°.</p><p>OR</p><p>If (sec A + tan A) (1 – sin A) = k cos A, then find the value of k.</p>",
                    "options": [],
                    "correct_answer": {
                      "text": "<p><strong>Given:</strong> sin 3A = 1.</p><p>We know that sin 90° = 1.</p><p>So, 3A = 90°</p><p>A = 30°</p><p>Now we need to find the value of cos 2A – tan² 45°.</p><p>Substitute A = 30°:</p><p>cos(2 × 30°) – tan² 45°</p><p>= cos 60° – tan² 45°</p><p>We know that cos 60° = 1/2 and tan 45° = 1.</p><p>= (1/2) - (1)²</p><p>= 1/2 - 1</p><p>= -1/2</p><p>OR</p><p><strong>Given:</strong> (sec A + tan A) (1 – sin A) = k cos A</p><p>Let's simplify the Left Hand Side (LHS):</p><p>LHS = (sec A + tan A) (1 – sin A)</p><p>Convert sec A and tan A into terms of sin A and cos A:</p><p>sec A = 1/cos A</p><p>tan A = sin A/cos A</p><p>LHS = (1/cos A + sin A/cos A) (1 – sin A)</p><p>LHS = [(1 + sin A)/cos A] (1 – sin A)</p><p>LHS = (1 + sin A)(1 – sin A) / cos A</p><p>Using the identity (a+b)(a-b) = a² - b²:</p><p>LHS = (1 - sin² A) / cos A</p><p>Using the Pythagorean identity sin² A + cos² A = 1, we have 1 - sin² A = cos² A.</p><p>LHS = cos² A / cos A</p><p>LHS = cos A</p><p>Now, equate the simplified LHS with the RHS:</p><p>cos A = k cos A</p><p>Dividing both sides by cos A (assuming cos A ≠ 0), we get:</p><p>k = 1</p>"
                    },
                    "question_type": "Very Short Answer (2 marks)",
                    "difficulty_level": "Medium",
                    "explanation_html": null
                  }
                ]
              },
              {
                "chapter_name": "Areas Related to Circles",
                "questions": [
                  {
                    "question_no": 25,
                    "question_html": "<p>In the given figure, OPRQ is a quadrant of a circle with centre O and radius 10 cm. If OP = 10 cm and OS = 6 cm, find the area of the shaded region. (Use π = 3·14)</p>",
                    "images": [
                      {
                        "url": "https://img.testbuddyai.com/Maths-430-3-25-Q25.png"
                      }
                    ],
                    "options": [],
                    "correct_answer": {
                      "text": "<p>Area of quadrant = (1/4) × 3.14 × 10² = 78.5 cm²<br>Area of ΔPOS = (1/2) × 10 × 6 = 30 cm²<br>Area of shaded region = 78.5 − 30 = 48.5 cm²</p>"
                    },
                    "question_type": "Very Short Answer (2 marks)",
                    "difficulty_level": "Medium",
                    "explanation_html": null
                  }
                ]
              },
              {
                "chapter_name": "Real Numbers",
                "questions": [
                  {
                    "question_no": 26,
                    "question_html": "<p>Prove that √2 is an irrational number.</p><p>OR</p><p>Find which among the following numbers a, b and c is/are composite numbers.</p><p>a = 7 × 11 × 13 + 13</p><p>b = 6 × 5 × 4 + 4</p><p>c = 7 × 13 + 6</p>",
                    "options": [],
                    "correct_answer": {
                      "text": "<p>We will use the method of proof by contradiction.</p><p><strong>Step 1:</strong> Assume that √2 is a rational number. This means it can be written as p/q, where p and q are co-prime integers (no common factors other than 1) and q ≠ 0.</p><p>√2 = p/q</p><p><strong>Step 2:</strong> Square both sides.</p><p>2 = p²/q²  =>  2q² = p²</p><p>This means p² is an even number. If p² is even, p must also be even. So, we can write p = 2m for some integer m.</p><p><strong>Step 3:</strong> Substitute p = 2m back into the equation.</p><p>2q² = (2m)²  =>  2q² = 4m²  =>  q² = 2m²</p><p>This means q² is also an even number, and therefore q must be even.</p><p><strong>Step 4:</strong> Identify the contradiction.</p><p>We have concluded that both p and q are even. This means they have a common factor of 2, which contradicts our initial assumption that p and q are co-prime.</p><p><strong>Step 5:</strong> Conclude.</p><p>Since our assumption leads to a contradiction, the assumption is false. Therefore, √2 is an irrational number.</p><p>OR</p><p>A composite number is a positive integer that has at least one divisor other than 1 and itself.</p><p><strong>For a:</strong></p><p>a = 7 × 11 × 13 + 13</p><p>Factor out the common term 13:</p><p>a = 13 × (7 × 11 + 1) = 13 × (77 + 1) = 13 × 78</p><p>Since 'a' has factors 13 and 78, it is a composite number.</p><p><strong>For b:</strong></p><p>b = 6 × 5 × 4 + 4</p><p>Factor out the common term 4:</p><p>b = 4 × (6 × 5 × 1 + 1) = 4 × (30 + 1) = 4 × 31</p><p>Since 'b' has factors 4 and 31, it is a composite number.</p><p><strong>For c:</strong></p><p>c = 7 × 13 + 6 = 91 + 6 = 97</p><p>97 is a prime number. Its only factors are 1 and 97. So, it is not a composite number.</p><p><strong>Conclusion:</strong> 'a' and 'b' are composite numbers.</p>"
                    },
                    "question_type": "Short Answer (3 marks)",
                    "difficulty_level": "Medium",
                    "explanation_html": null
                  }
                ]
              },
              {
                "chapter_name": "Polynomials",
                "questions": [
                  {
                    "question_no": 27,
                    "question_html": "<p>Find the zeroes of the polynomial 9s² – 6s + 1 and verify the relationship between the zeroes and the coefficients of the given polynomial.</p>",
                    "options": [],
                    "correct_answer": {
                      "text": "<p><strong>Step 1: Find the zeroes of the polynomial.</strong></p><p>Let p(s) = 9s² – 6s + 1.</p><p>To find the zeroes, set p(s) = 0.</p><p>9s² – 6s + 1 = 0</p><p>This can be factored by recognizing it as a perfect square trinomial (a-b)² = a²-2ab+b².</p><p>(3s)² - 2(3s)(1) + (1)² = 0</p><p>(3s - 1)² = 0</p><p>So, 3s - 1 = 0</p><p>s = 1/3</p><p>The polynomial has two equal zeroes: α = 1/3 and β = 1/3.</p><p><strong>Step 2: Verify the relationship between zeroes and coefficients.</strong></p><p>The polynomial is in the form as² + bs + c, where a = 9, b = -6, and c = 1.</p><p><strong>Verification of the sum of zeroes:</strong></p><p>Sum of zeroes (from our calculation) = α + β = 1/3 + 1/3 = 2/3.</p><p>Sum of zeroes (from formula) = -b/a = -(-6)/9 = 6/9 = 2/3.</p><p>The sum is verified.</p><p><strong>Verification of the product of zeroes:</strong></p><p>Product of zeroes (from our calculation) = α × β = (1/3) × (1/3) = 1/9.</p><p>Product of zeroes (from formula) = c/a = 1/9.</p><p>The product is verified.</p><p>Thus, the relationship between the zeroes and the coefficients is verified.</p>"
                    },
                    "question_type": "Short Answer (3 marks)",
                    "difficulty_level": "Easy",
                    "explanation_html": null
                  }
                ]
              },
              {
                "chapter_name": "Pair of Linear Equations in Two Variables",
                "questions": [
                  {
                    "question_no": 28,
                    "question_html": "<p>A fraction becomes 1/3, when 1 is subtracted from the numerator and it becomes 1/4, when 8 is added to its denominator. Find the fraction.</p><p>OR</p><p>Find the value of k for which the following pair of linear equations will have infinitely many solutions :<br>kx + 3y – (k – 3) = 0 and 12x + ky – k = 0<br>Hence, find any two solutions of the given pair of equations.</p>",
                    "options": [],
                    "correct_answer": {
                      "text": "<p>Let the fraction be x/y.</p><p><strong>Condition 1:</strong> When 1 is subtracted from the numerator, the fraction becomes 1/3.</p><p>(x - 1) / y = 1/3</p><p>3(x - 1) = y</p><p>3x - 3 = y  =>  3x - y = 3   ...(1)</p><p><strong>Condition 2:</strong> When 8 is added to the denominator, the fraction becomes 1/4.</p><p>x / (y + 8) = 1/4</p><p>4x = y + 8</p><p>4x - y = 8   ...(2)</p><p><strong>Solving the equations:</strong></p><p>Subtract equation (1) from equation (2):</p><p>(4x - y) - (3x - y) = 8 - 3</p><p>x = 5</p><p>Substitute x = 5 into equation (1):</p><p>3(5) - y = 3</p><p>15 - y = 3</p><p>y = 12</p><p>The fraction is 5/12.</p><p>OR</p><p>The given pair of linear equations is:</p><p>kx + 3y - (k-3) = 0</p><p>12x + ky - k = 0</p><p>For a pair of linear equations a₁x + b₁y + c₁ = 0 and a₂x + b₂y + c₂ = 0 to have infinitely many solutions, the condition is:</p><p>a₁/a₂ = b₁/b₂ = c₁/c₂</p><p>Here, a₁=k, b₁=3, c₁=-(k-3) and a₂=12, b₂=k, c₂=-k.</p><p>k/12 = 3/k = -(k-3)/(-k)</p><p><strong>Step 1: Solve the first part of the proportion.</strong></p><p>k/12 = 3/k</p><p>k² = 36</p><p>k = ±6</p><p><strong>Step 2: Solve the second part of the proportion.</strong></p><p>3/k = (k-3)/k</p><p>3k = k(k-3)</p><p>Since k cannot be 0 for the equations to be linear, we can divide by k:</p><p>3 = k - 3</p><p>k = 6</p><p><strong>Step 3: Find the common value of k.</strong></p><p>The value that satisfies both conditions is k = 6.</p><p><strong>Finding two solutions for k=6:</strong></p><p>The equations become:</p><p>6x + 3y - (6-3) = 0  =>  6x + 3y = 3  =>  2x + y = 1</p><p>12x + 6y - 6 = 0  =>  12x + 6y = 6  =>  2x + y = 1</p><p>Both equations are the same. We can find infinite solutions. Let's find two.</p><p><strong>Solution 1:</strong> Let x = 0. Then 2(0) + y = 1 => y = 1. So, (0, 1) is a solution.</p><p><strong>Solution 2:</strong> Let x = 1. Then 2(1) + y = 1 => y = -1. So, (1, -1) is a solution.</p>"
                    },
                    "question_type": "Short Answer (3 marks)",
                    "difficulty_level": "Medium",
                    "explanation_html": null
                  }
                ]
              },
              {
                "chapter_name": "Introduction to Trigonometry",
                "questions": [
                  {
                    "question_no": 29,
                    "question_html": "<p>Prove that : (1+cosec A)/cosec A = cos² A / (1-sin A)</p>",
                    "options": [],
                    "correct_answer": {
                      "text": "<p>We need to prove (1+cosec A)/cosec A = cos² A / (1-sin A).</p><p><strong>Step 1: Simplify the Left Hand Side (LHS).</strong></p><p>LHS = (1 + cosec A) / cosec A</p><p>We can write this as:</p><p>LHS = 1/cosec A + cosec A/cosec A</p><p>Since 1/cosec A = sin A:</p><p>LHS = sin A + 1</p><p><strong>Step 2: Simplify the Right Hand Side (RHS).</strong></p><p>RHS = cos² A / (1 - sin A)</p><p>Using the Pythagorean identity cos² A = 1 - sin² A:</p><p>RHS = (1 - sin² A) / (1 - sin A)</p><p>Factor the numerator using the difference of squares formula (a²-b² = (a-b)(a+b)):</p><p>RHS = [(1 - sin A)(1 + sin A)] / (1 - sin A)</p><p>Cancel the common term (1 - sin A), assuming sin A ≠ 1.</p><p>RHS = 1 + sin A</p><p><strong>Step 3: Compare LHS and RHS.</strong></p><p>LHS = 1 + sin A and RHS = 1 + sin A.</p><p>Since LHS = RHS, the identity is proven.</p>"
                    },
                    "question_type": "Short Answer (3 marks)",
                    "difficulty_level": "Easy",
                    "explanation_html": null
                  }
                ]
              },
              {
                "chapter_name": "Probability",
                "questions": [
                  {
                    "question_no": 30,
                    "question_html": "<p>A box contains 6 blue, 4 white and 8 red marbles. A marble is drawn at random from this box. Find the probability that the marble so drawn is :</p><p>(i) white</p><p>(ii) white or red</p><p>(iii) not red</p>",
                    "options": [],
                    "correct_answer": {
                      "text": "<p>First, calculate the total number of marbles in the box.</p><p>Total marbles = 6 (blue) + 4 (white) + 8 (red) = 18 marbles.</p><p>The total number of possible outcomes is 18.</p><p><strong>(i) Probability of drawing a white marble:</strong></p><p>Number of white marbles (favorable outcomes) = 4.</p><p>P(white) = (Number of white marbles) / (Total number of marbles) = 4/18 = 2/9.</p><p><strong>(ii) Probability of drawing a white or red marble:</strong></p><p>Number of white or red marbles = 4 (white) + 8 (red) = 12.</p><p>P(white or red) = (Number of white or red marbles) / (Total number of marbles) = 12/18 = 2/3.</p><p><strong>(iii) Probability of drawing a marble that is not red:</strong></p><p>This means the marble is either blue or white.</p><p>Number of non-red marbles = 6 (blue) + 4 (white) = 10.</p><p>P(not red) = (Number of non-red marbles) / (Total number of marbles) = 10/18 = 5/9.</p><p>Alternatively, using the complement rule:</p><p>P(not red) = 1 - P(red) = 1 - (8/18) = 1 - 4/9 = 5/9.</p>"
                    },
                    "question_type": "Short Answer (3 marks)",
                    "difficulty_level": "Easy",
                    "explanation_html": null
                  }
                ]
              },
              {
                "chapter_name": "Circles",
                "questions": [
                  {
                    "question_no": 31,
                    "question_html": "<p>In the given figure, a circle is inscribed in a quadrilateral ABCD which touches the sides AB, BC, CD and DA at P, Q, R and S respectively. Prove that ∠ AOB + ∠ COD = 180°.</p>",
                    "images": [
                      {
                        "url": "https://img.testbuddyai.com/Maths-430-3-25-Q31.png"
                      }
                    ],
                    "options": [],
                    "correct_answer": {
                      "text": "<p><strong>Given:</strong> A quadrilateral ABCD circumscribing a circle with center O. The points of contact are P, Q, R, and S.</p><p><strong>To Prove:</strong> ∠AOB + ∠COD = 180°.</p><p><strong>Construction:</strong> Join OA, OB, OC, OD, OP, OQ, OR, OS.</p><p><strong>Proof:</strong></p><p>Consider triangles ΔOAP and ΔOAS.</p><ul><li>OP = OS (Radii of the same circle)</li><li>OA = OA (Common side)</li><li>AP = AS (Tangents from an external point A are equal)</li></ul><p>By SSS congruence, ΔOAP ≅ ΔOAS.</p><p>Therefore, by CPCT, ∠AOP = ∠AOS. Let's call this ∠1 = ∠8 from the diagram angles around O.</p><p>Similarly, we can prove the congruence for other pairs of triangles:</p><ul><li>ΔOBP ≅ ΔOBQ => ∠BOP = ∠BOQ (Let's call this ∠2 = ∠3)</li><li>ΔOCQ ≅ ΔOCR => ∠COQ = ∠COR (Let's call this ∠4 = ∠5)</li><li>ΔODR ≅ ΔODS => ∠DOR = ∠DOS (Let's call this ∠6 = ∠7)</li></ul><p>The sum of all angles around the center O is 360°.</p><p>∠1 + ∠2 + ∠3 + ∠4 + ∠5 + ∠6 + ∠7 + ∠8 = 360°</p><p>Using the equalities we found:</p><p>(∠8 + ∠1) + (∠2 + ∠3) + (∠4 + ∠5) + (∠6 + ∠7) = 360°</p><p>2∠1 + 2∠2 + 2∠5 + 2∠6 = 360° (substituting equals)</p><p>2(∠1 + ∠2 + ∠5 + ∠6) = 360°</p><p>∠1 + ∠2 + ∠5 + ∠6 = 180°</p><p>From the figure, we can see that:</p><p>∠AOB = ∠1 + ∠2</p><p>∠COD = ∠5 + ∠6</p><p>Substituting these back into the equation:</p><p>∠AOB + ∠COD = 180°.</p><p>Hence, proved.</p>"
                    },
                    "question_type": "Short Answer (3 marks)",
                    "difficulty_level": "Hard",
                    "explanation_html": null
                  }
                ]
              },
              {
                "chapter_name": "Quadratic Equations",
                "questions": [
                  {
                    "question_no": 32,
                    "question_html": "<p>Find two consecutive odd integers, sum of whose squares is 290.</p><p>OR</p><p>A charity trust decides to build a rectangular hall having an area of 300 m². The length of the hall is one metre more than twice its width. Find the length and breadth of the hall.</p>",
                    "options": [],
                    "correct_answer": {
                      "text": "<p>Let the two consecutive odd integers be x and (x + 2).</p><p>According to the question, the sum of their squares is 290.</p><p>x² + (x + 2)² = 290</p><p>x² + (x² + 4x + 4) = 290</p><p>2x² + 4x + 4 = 290</p><p>2x² + 4x - 286 = 0</p><p>Divide the equation by 2:</p><p>x² + 2x - 143 = 0</p><p>We can solve this quadratic equation by factoring. We need two numbers that multiply to -143 and add to 2. These numbers are 13 and -11.</p><p>x² + 13x - 11x - 143 = 0</p><p>x(x + 13) - 11(x + 13) = 0</p><p>(x - 11)(x + 13) = 0</p><p>This gives two possible values for x: x = 11 or x = -13.</p><p><strong>Case 1:</strong> If x = 11, the next odd integer is x + 2 = 13. The numbers are 11 and 13.</p><p><strong>Case 2:</strong> If x = -13, the next odd integer is x + 2 = -11. The numbers are -13 and -11.</p><p>Both pairs are valid solutions.</p><p>OR</p><p>Let the width (breadth) of the rectangular hall be x metres.</p><p>The length of the hall is one metre more than twice its width, so the length is (2x + 1) metres.</p><p>The area of the hall is given as 300 m².</p><p>Area of a rectangle = length × width</p><p>(2x + 1) * x = 300</p><p>2x² + x = 300</p><p>2x² + x - 300 = 0</p><p>We need to solve this quadratic equation. We can use the factoring method. We need two numbers that multiply to 2*(-300) = -600 and add up to 1. These numbers are 25 and -24.</p><p>2x² + 25x - 24x - 300 = 0</p><p>x(2x + 25) - 12(2x + 25) = 0</p><p>(x - 12)(2x + 25) = 0</p><p>This gives two possible values for x: x = 12 or x = -25/2.</p><p>Since the width of a hall cannot be negative, we discard x = -25/2.</p><p>So, the width x = 12 metres.</p><p>The length = 2x + 1 = 2(12) + 1 = 24 + 1 = 25 metres.</p><p>The length of the hall is 25 m and the breadth is 12 m.</p>"
                    },
                    "question_type": "Long Answer (5 marks)",
                    "difficulty_level": "Medium",
                    "explanation_html": null
                  }
                ]
              },
              {
                "chapter_name": "Triangles",
                "questions": [
                  {
                    "question_no": 33,
                    "question_html": "<p>In the given figure, CM and RN are respectively, the medians of ΔABC and ΔPQR. If ΔABC ∼ ΔPQR, prove that:<br>i) ΔAMC ∼ ΔPNR<br>ii) ΔBCM ∼ ΔQRN<br>iii) ΔBMC ∼ ΔQNR</p>",
                    "images": [
                      {
                        "url": "https://img.testbuddyai.com/Maths-430-3-25-Q33b.png"
                      }
                    ],
                    "options": [],
                    "correct_answer": {
                      "text": "<p>Given: CM and RN are medians of ΔABC and ΔPQR, and ΔABC ∼ ΔPQR.</p><p>To Prove:<br>i) ΔAMC ∼ ΔPNR<br>ii) ΔBCM ∼ ΔQRN<br>iii) ΔBMC ∼ ΔQNR</p> <p><b>Proof:</b></p> <p>Since ΔABC ∼ ΔPQR, we have AB/PQ = AC/PR = BC/QR and also the corresponding angles are equal: ∠A = ∠P, ∠B = ∠Q, ∠C = ∠R.</p><p>Since medians divide the triangles into two triangles each with equal areas and correspondingly similar triangles:</p><p>i) In ΔAMC and ΔPNR: ∠A = ∠P, and the triangles share the angle at M and N, and sides are proportional because medians in similar triangles are proportional. So, ΔAMC ∼ ΔPNR by SAS similarity criterion.</p><p>ii) In ΔBCM and ΔQRN: ∠B = ∠Q, and the sides are in same proportion as original triangles. Medians again ensure proportionality. Thus, ΔBCM ∼ ΔQRN by SAS similarity criterion.</p><p>iii) Similarly, ΔBMC ∼ ΔQNR because their corresponding angles are equal and their sides are in proportion due to the properties of similar triangles and the way medians divide the triangle.</p><p>Thus, the required similarity relations are proved.</p>"
                    },
                    "question_type": "LA (5 marks)",
                    "difficulty_level": "hard",
                    "explanation_html": null
                  }
                ]
              },
              {
                "chapter_name": "Surface Areas and Volumes",
                "questions": [
                  {
                    "question_no": 34,
                    "question_html": "<p>A perfume bottle is in the form of a cylinder but the bottom of the bottle has a hemispherical raised portion to reduce the capacity of the bottle. The inner diameter of the bottle is 5 cm and the height of the bottle is 10 cm. Find the capacity of the perfume bottle in mL. (Use π = 3·14 and 1 cm³ = 1 mL)</p>",
                    "images": [
                      {
                        "url": "https://img.testbuddyai.com/Maths-430-3-25-Q34.png"
                      }
                    ],
                    "options": [],
                    "correct_answer": {
                      "text": "<p>Volume of cylinder = 3.14 × (2.5)² × 10 = 196.25 cm³<br>Volume of hemisphere = (2/3) × 3.14 × (2.5)³ = 32.71 cm³<br>Capacity = 196.25 − 32.71 = 163.54 cm³ ≈ 163.5 mL</p>"
                    },
                    "question_type": "Long Answer (5 marks)",
                    "difficulty_level": "Medium",
                    "explanation_html": null
                  }
                ]
              },
              {
                "chapter_name": "Statistics",
                "questions": [
                  {
                    "question_no": 35,
                    "question_html": "<p>The weights of 30 students of a class are given in the following distribution table :</p><table><thead><tr><th>Weight (in kg)</th><th>Number of students</th></tr></thead><tbody><tr><td>40 – 45</td><td>2</td></tr><tr><td>45 – 50</td><td>5</td></tr><tr><td>50 – 55</td><td>8</td></tr><tr><td>55 – 60</td><td>6</td></tr><tr><td>60 – 65</td><td>6</td></tr><tr><td>65 – 70</td><td>3</td></tr></tbody></table><p>Find the median weight of the students.</p>",
                    "options": [],
                    "correct_answer": {
                      "text": "<p>To find the median, we first need to create a cumulative frequency table.</p><table><thead><tr><th>Weight (in kg)</th><th>Number of students (f)</th><th>Cumulative Frequency (cf)</th></tr></thead><tbody><tr><td>40 – 45</td><td>2</td><td>2</td></tr><tr><td>45 – 50</td><td>5</td><td>2 + 5 = 7</td></tr><tr><td>50 – 55</td><td>8</td><td>7 + 8 = 15</td></tr><tr><td>55 – 60</td><td>6</td><td>15 + 6 = 21</td></tr><tr><td>60 – 65</td><td>6</td><td>21 + 6 = 27</td></tr><tr><td>65 – 70</td><td>3</td><td>27 + 3 = 30</td></tr></tbody></table><p><strong>Step 1: Find the median class.</strong></p><p>Total number of students (N) = 30.</p><p>N/2 = 30/2 = 15.</p><p>The median class is the class interval whose cumulative frequency is just greater than or equal to N/2. Here, the cf is exactly 15 for the class 50-55.</p><p>So, the median class is 50 - 55.</p><p><strong>Step 2: Identify the values for the median formula.</strong></p><p>Median = l + [(N/2 - cf) / f] × h</p><ul><li>l (lower limit of the median class) = 50</li><li>N (total frequency) = 30</li><li>cf (cumulative frequency of the class preceding the median class) = 7</li><li>f (frequency of the median class) = 8</li><li>h (class size) = 5</li></ul><p><strong>Step 3: Substitute the values and calculate the median.</strong></p><p>Median = 50 + [(15 - 7) / 8] × 5</p><p>Median = 50 + [8 / 8] × 5</p><p>Median = 50 + 1 × 5</p><p>Median = 55</p><p>The median weight of the students is 55 kg.</p>"
                    },
                    "question_type": "Long Answer (5 marks)",
                    "difficulty_level": "Medium",
                    "explanation_html": null
                  }
                ]
              },
              {
                "chapter_name": "Arithmetic Progressions",
                "questions": [
                  {
                    "question_no": 36,
                    "question_html": "<p>In a society, a yoga instructor was hired to train the people of the society to live a healthy lifestyle. Yoga sessions were held daily from 5 p.m. to 7 p.m. in the society park. On day one, 5 people joined the yoga session, on day two, 3 more people joined, on day three, another 3 people joined and in this manner every next day, 3 more people kept on joining.</p><p>Based on the given information, answer the following questions :</p><p>(i) On which day did 59 people join the yoga session ?</p><p>(ii) How many people joined the yoga session on the 31st day ?</p><p>(iii) (a) The yoga instructor was paid ₹100 for each person attending the yoga session. On which day would he earn ₹5,000?</p><p>OR</p><p>(b) What was the total amount earned by the yoga instructor in 16 days ?</p>",
                    "images": [
                      {
                        "url": "https://img.testbuddyai.com/Maths-430-3-25-Q36.png"
                      }
                    ],
                    "options": [],
                    "correct_answer": {
                      "text": "<p>The number of people joining the yoga session each day forms an Arithmetic Progression (AP).</p><p>First term (a) = 5 (on day 1)</p><p>Common difference (d) = 3 (since 3 more people join each day)</p><p>The number of people on the nth day is given by aₙ = a + (n-1)d.</p><p><strong>(i) On which day did 59 people join the yoga session?</strong></p><p>We need to find 'n' when aₙ = 59.</p><p>59 = 5 + (n-1)3</p><p>54 = (n-1)3</p><p>18 = n-1</p><p>n = 19. So, on the 19th day, 59 people joined.</p><p><strong>(ii) How many people joined the yoga session on the 31st day?</strong></p><p>We need to find a₃₁.</p><p>a₃₁ = 5 + (31-1)3 = 5 + 30 * 3 = 5 + 90 = 95.</p><p>On the 31st day, 95 people joined.</p><p><strong>(iii) (a) On which day would he earn ₹5,000?</strong></p><p>The instructor earns ₹100 per person. To earn ₹5,000, the number of people must be:</p><p>Number of people = 5000 / 100 = 50.</p><p>We need to find 'n' when aₙ = 50.</p><p>50 = 5 + (n-1)3</p><p>45 = (n-1)3</p><p>15 = n-1</p><p>n = 16. The instructor would earn ₹5,000 on the 16th day.</p><p>OR</p><p><strong>(b) What was the total amount earned by the yoga instructor in 16 days?</strong></p><p>First, find the total number of people who attended over 16 days. This is the sum of the first 16 terms of the AP (S₁₆).</p><p>Sₙ = n/2 [2a + (n-1)d]</p><p>S₁₆ = 16/2 [2(5) + (16-1)3] = 8 [10 + 15 * 3] = 8 [10 + 45] = 8 * 55 = 440.</p><p>Total people in 16 days = 440.</p><p>Total earnings = Total people × Rate per person</p><p>Total earnings = 440 × 100 = ₹44,000.</p>"
                    },
                    "question_type": "Case-based Subjective",
                    "difficulty_level": "Medium",
                    "explanation_html": null
                  }
                ]
              },
              {
                "chapter_name": "Some Applications of Trigonometry",
                "questions": [
                  {
                    "question_no": 37,
                    "question_html": "<p>Two motorboats A and B are waiting at the opposite banks of a river in order to reach the opposite side. From a point P on the bridge, 20 m above the river, the angles of depression of the boats are 30° and 45° respectively, as shown in the figure given below. Both the boats leave at the same time at the speed of 10 m/s and 5 m/s, respectively</p><p>Based on the above information, answer the following questions :</p><p>(i) Find the distance travelled by boat A to reach point D in the river, vertically below the point P. (Use √3 =1.73)</p><p>(ii) What is the width of the river ?</p><p>(iii) (a) Which boat will reach point D first, and how much earlier, than the other boat ?</p><p>OR</p><p>(b) What is the distance between the two boats after 3 seconds ?</p>",
                    "images": [
                      {
                        "url": "https://img.testbuddyai.com/Maths-430-3-25-Q37.png"
                      }
                    ],
                    "options": [],
                    "correct_answer": {
                      "text": "<p>The height of the bridge at point P from the river is PD = 20 m.</p><p><strong>(i) Find the distance travelled by boat A to reach point D (distance AD).</strong></p><p>In the right-angled triangle ΔPDA, the angle of depression to A is 30°, so ∠PAD is not 30°. The angle ∠APD is 90-30=60, or the alternate interior angle ∠DAP is 30°.</p><p>tan(30°) = Opposite/Adjacent = PD/AD</p><p>1/√3 = 20/AD</p><p>AD = 20√3 m.</p><p>Using √3 = 1.73, AD = 20 * 1.73 = 34.6 m.</p><p>The question asks for distance travelled by boat A to reach D. This is ambiguous. Let's assume boats start at A and B and travel towards D. Distance Boat A travels is AD = 34.6 m.</p><p><strong>(ii) What is the width of the river?</strong></p><p>The width of the river is AB = AD + DB.</p><p>First, find DB. In the right-angled triangle ΔPDB, the angle of depression to B is 45°, so the alternate interior angle ∠PBD is 45°.</p><p>tan(45°) = PD/DB</p><p>1 = 20/DB => DB = 20 m.</p><p>Width of river AB = AD + DB = 34.6 + 20 = 54.6 m.</p><p><strong>(iii) (a) Which boat will reach point D first, and how much earlier?</strong></p><p>Time for boat A to reach D = Distance/Speed = AD / Speed_A = 34.6 / 10 = 3.46 seconds.</p><p>Time for boat B to reach D = Distance/Speed = DB / Speed_B = 20 / 5 = 4 seconds.</p><p>Since 3.46 < 4, Boat A will reach point D first.</p><p>Time difference = 4 - 3.46 = 0.54 seconds. Boat A is 0.54 seconds earlier.</p><p>OR</p><p><strong>(b) What is the distance between the two boats after 3 seconds?</strong></p><p>Distance covered by boat A in 3 seconds = Speed_A × time = 10 m/s × 3 s = 30 m.</p><p>Position of boat A after 3s is 34.6 - 30 = 4.6 m from D.</p><p>Distance covered by boat B in 3 seconds = Speed_B × time = 5 m/s × 3 s = 15 m.</p><p>Position of boat B after 3s is 20 - 15 = 5 m from D.</p><p>The distance between the two boats after 3 seconds = (Position of A from D) + (Position of B from D) = 4.6 + 5 = 9.6 m.</p>"
                    },
                    "question_type": "Case-based Subjective",
                    "difficulty_level": "Hard",
                    "explanation_html": null
                  }
                ]
              },
              {
                "chapter_name": "Coordinate Geometry",
                "questions": [
                  {
                    "question_no": 38,
                    "question_html": "<p>There is a semicircular park in Aman's society. He wishes to plant saplings along the boundary of the park. There is a borewell at the centre O of the park along the diameter AB as shown in the figure below.</p><p>Based on the above information, answer the following questions :</p><p>(i) Find the coordinates of point O.</p><p>(ii) Find the radius of the semicircular park.</p><p>(iii) (a) One sapling is kept at point C(12, y). Find the coordinates of C.</p><p>OR</p><p>(b) One sapling is kept at point P along AB so that PA = (1/3) PB. Find the coordinates of P.</p>",
                    "images": [
                      {
                        "url": "https://img.testbuddyai.com/Maths-430-3-25-Q38.png"
                      }
                    ],
                    "options": [],
                    "correct_answer": {
                      "text": "<p>Given points for the diameter are A(2, 3) and B(22, 3).</p><p><strong>(i) Find the coordinates of point O.</strong></p><p>The center O is the midpoint of the diameter AB.</p><p>Using the midpoint formula O = ((x₁+x₂)/2, (y₁+y₂)/2):</p><p>O = ((2+22)/2, (3+3)/2) = (24/2, 6/2) = (12, 3).</p><p>The coordinates of O are (12, 3).</p><p><strong>(ii) Find the radius of the semicircular park.</strong></p><p>The radius is the distance from the center O to any point on the circle, like A.</p><p>Using the distance formula, Radius = OA = √[(12-2)² + (3-3)²] = √[10² + 0²] = √100 = 10 units.</p><p>The radius of the park is 10 units.</p><p><strong>(iii) (a) One sapling is kept at point C(12, y). Find the coordinates of C.</strong></p><p>Point C is on the semicircular boundary, so its distance from the center O(12, 3) must be equal to the radius, which is 10.</p><p>OC = 10</p><p>Using the distance formula: √[(12-12)² + (y-3)²] = 10</p><p>√[0² + (y-3)²] = 10</p><p>(y-3)² = 100</p><p>y-3 = ±10</p><p>This gives two possibilities: y - 3 = 10 => y = 13 OR y - 3 = -10 => y = -7.</p><p>From the diagram, point C is below the diameter, so its y-coordinate should be less than 3. Thus we can assume y = -7 is the intended answer but both are possible on a full circle.</p><p>The coordinates of C are (12, 13) or (12, -7).</p><p>OR</p><p><strong>(b) One sapling is kept at point P along AB so that PA = (1/3) PB. Find the coordinates of P.</strong></p><p>This can be written as PA/PB = 1/3. This means P divides the line segment AB in the ratio 1:3.</p><p>Using the section formula for P(x, y):</p><p>P = [(m*x₂ + n*x₁)/(m+n), (m*y₂ + n*y₁)/(m+n)]</p><p>Here, (x₁, y₁) = A(2, 3), (x₂, y₂) = B(22, 3), and the ratio m:n is 1:3.</p><p>x = (1*22 + 3*2) / (1+3) = (22 + 6) / 4 = 28 / 4 = 7.</p><p>y = (1*3 + 3*3) / (1+3) = (3 + 9) / 4 = 12 / 4 = 3.</p><p>The coordinates of P are (7, 3).</p>"
                    },
                    "question_type": "Case-based Subjective",
                    "difficulty_level": "Medium",
                    "explanation_html": null
                  }
                ]
              }
            ]
          }
        ]
      }
    ]
  }
]