[
  {
    "exam_name_actual": "CBSE Board - Class 10",
    "main_exam_id_name_ref": "CBSE Board - Class 10",
    "years": [
      {
        "year": "2025",
        "papers_or_subjects": [
          {
            "paper_name": "CBSE Class 10 Mathematics (Standard) Paper 2025 (QP Code: 30/3/1)",
            "subject_name": "Mathematics",
            "chapters": [
              {
                "chapter_name": "Introduction to Trigonometry",
                "questions": [
                  {
                    "question_no": 1,
                    "question_html": "<p>If tan 3θ = √3, then θ/2 equals:</p>",
                    "options": [
                      {
                        "id": "a",
                        "text": "60°"
                      },
                      {
                        "id": "b",
                        "text": "30°"
                      },
                      {
                        "id": "c",
                        "text": "20°"
                      },
                      {
                        "id": "d",
                        "text": "10°"
                      }
                    ],
                    "correct_answer": {
                      "ids": [
                        "d"
                      ]
                    },
                    "question_type": "mcq_single",
                    "difficulty_level": "easy",
                    "explanation_html": "<p>Given tan 3θ = √3. We know that tan 60° = √3. Therefore, 3θ = 60°, which means θ = 20°. The question asks for the value of θ/2, which is 20°/2 = 10°.</p>"
                  }
                ]
              },
              {
                "chapter_name": "Real Numbers",
                "questions": [
                  {
                    "question_no": 2,
                    "question_html": "<p>If x is the LCM of 4, 6, 8 and y is the LCM of 3, 5, 7 and p is the LCM of x and y, then which of the following is true ?</p>",
                    "options": [
                      {
                        "id": "a",
                        "text": "p = 35x"
                      },
                      {
                        "id": "b",
                        "text": "p = 4y"
                      },
                      {
                        "id": "c",
                        "text": "p = 8x"
                      },
                      {
                        "id": "d",
                        "text": "p = 16y"
                      }
                    ],
                    "correct_answer": {
                      "ids": [
                        "a"
                      ]
                    },
                    "question_type": "mcq_single",
                    "difficulty_level": "medium",
                    "explanation_html": "<p>First, find x, the LCM of 4, 6, and 8. Prime factorizations: 4=2², 6=2×3, 8=2³. LCM(4,6,8) = 2³×3 = 24. So, x = 24. Next, find y, the LCM of 3, 5, and 7. Since these are all prime numbers, their LCM is their product: y = 3×5×7 = 105. Now, find p, the LCM of x and y, i.e., LCM(24, 105). Prime factorizations: 24=2³×3, 105=3×5×7. LCM(24,105) = 2³×3×5×7 = 8×105 = 840. So, p = 840. Now, check the options. (A) p=35x => 840=35×24 => 840=840. This is true.</p>"
                  }
                ]
              },
              {
                "chapter_name": "Pair of Linear Equations in Two Variables",
                "questions": [
                  {
                    "question_no": 3,
                    "question_html": "<p>The value of ‘k' for which the system of linear equations 6x + y = 3k and 36x + 6y = 3 have infinitely many solutions is :</p>",
                    "options": [
                      {
                        "id": "a",
                        "text": "6"
                      },
                      {
                        "id": "b",
                        "text": "1/6"
                      },
                      {
                        "id": "c",
                        "text": "1/2"
                      },
                      {
                        "id": "d",
                        "text": "1/3"
                      }
                    ],
                    "correct_answer": {
                      "ids": [
                        "b"
                      ]
                    },
                    "question_type": "mcq_single",
                    "difficulty_level": "medium",
                    "explanation_html": "<p>For a system of linear equations a₁x+b₁y=c₁ and a₂x+b₂y=c₂ to have infinitely many solutions, the condition is a₁/a₂ = b₁/b₂ = c₁/c₂. For the given equations, a₁=6, b₁=1, c₁=3k and a₂=36, b₂=6, c₂=3. So, we must have 6/36 = 1/6 = 3k/3. The first two parts are equal (1/6 = 1/6). We need to solve 1/6 = 3k/3, which simplifies to 1/6 = k. So, k = 1/6.</p>"
                  }
                ]
              },
              {
                "chapter_name": "Polynomials",
                "questions": [
                  {
                    "question_no": 4,
                    "question_html": "<p>If α and β are the zeroes of the polynomial p(x) = x² – ax – b, then the value of (α + β + αβ) is equal to :</p>",
                    "options": [
                      {
                        "id": "a",
                        "text": "a + b"
                      },
                      {
                        "id": "b",
                        "text": "–a – b"
                      },
                      {
                        "id": "c",
                        "text": "a – b"
                      },
                      {
                        "id": "d",
                        "text": "–a + b"
                      }
                    ],
                    "correct_answer": {
                      "ids": [
                        "c"
                      ]
                    },
                    "question_type": "mcq_single",
                    "difficulty_level": "easy",
                    "explanation_html": "<p>For the quadratic polynomial p(x) = x² – ax – b, the sum of the zeroes (α + β) is -(-a)/1 = a. The product of the zeroes (αβ) is -b/1 = -b. The question asks for the value of (α + β + αβ). Substituting the values we found, we get a + (-b) = a – b.</p>"
                  }
                ]
              },
              {
                "chapter_name": "Quadratic Equations",
                "questions": [
                  {
                    "question_no": 5,
                    "question_html": "<p>If x/12 – 3/x = 0, then the values of x are :</p>",
                    "options": [
                      {
                        "id": "a",
                        "text": "± 6"
                      },
                      {
                        "id": "b",
                        "text": "± 4"
                      },
                      {
                        "id": "c",
                        "text": "± 12"
                      },
                      {
                        "id": "d",
                        "text": "± 3"
                      }
                    ],
                    "correct_answer": {
                      "ids": [
                        "a"
                      ]
                    },
                    "question_type": "mcq_single",
                    "difficulty_level": "easy",
                    "explanation_html": "<p>Given the equation x/12 – 3/x = 0. We can add 3/x to both sides to get x/12 = 3/x. Now, we cross-multiply to get x² = 12 × 3 = 36. Taking the square root of both sides, we get x = ±√36 = ±6.</p>"
                  }
                ]
              },
              {
                "chapter_name": "Coordinate Geometry",
                "questions": [
                  {
                    "question_no": 6,
                    "question_html": "<p>The line represented by x/4 + y/6 = 1, intersects x-axis and y-axis respectively at P and Q. The coordinates of the mid-point of line segment PQ are :</p>",
                    "options": [
                      {
                        "id": "a",
                        "text": "(2, 3)"
                      },
                      {
                        "id": "b",
                        "text": "(3, 2)"
                      },
                      {
                        "id": "c",
                        "text": "(2, 0)"
                      },
                      {
                        "id": "d",
                        "text": "(0, 3)"
                      }
                    ],
                    "correct_answer": {
                      "ids": [
                        "a"
                      ]
                    },
                    "question_type": "mcq_single",
                    "difficulty_level": "easy",
                    "explanation_html": "<p>The equation of the line is in the intercept form x/a + y/b = 1, where 'a' is the x-intercept and 'b' is the y-intercept. Here, the x-intercept is 4 and the y-intercept is 6. The line intersects the x-axis at P(4, 0) and the y-axis at Q(0, 6). The coordinates of the mid-point of PQ are ((x₁+x₂)/2, (y₁+y₂)/2) = ((4+0)/2, (0+6)/2) = (2, 3).</p>"
                  }
                ]
              },
              {
                "chapter_name": "Coordinate Geometry",
                "questions": [
                  {
                    "question_no": 7,
                    "question_html": "<p>Two of the vertices of ΔPQR are P(–1, 5) and Q(5, 2). The coordinates of a point which divides PQ in the ratio 2:1 are:</p>",
                    "options": [
                      {
                        "id": "a",
                        "text": "(3, –3)"
                      },
                      {
                        "id": "b",
                        "text": "(5, 5)"
                      },
                      {
                        "id": "c",
                        "text": "(3, 3)"
                      },
                      {
                        "id": "d",
                        "text": "(5, 1)"
                      }
                    ],
                    "correct_answer": {
                      "ids": [
                        "c"
                      ]
                    },
                    "question_type": "mcq_single",
                    "difficulty_level": "easy",
                    "explanation_html": "<p>Using the section formula for a point dividing a line segment in the ratio m:n, the coordinates are ((mx₂+nx₁)/(m+n), (my₂+ny₁)/(m+n)). Here, (x₁, y₁) = (–1, 5), (x₂, y₂) = (5, 2), and the ratio m:n is 2:1. The x-coordinate is (2×5 + 1×(–1))/(2+1) = (10–1)/3 = 9/3 = 3. The y-coordinate is (2×2 + 1×5)/(2+1) = (4+5)/3 = 9/3 = 3. So the coordinates are (3, 3).</p>"
                  }
                ]
              },
              {
                "chapter_name": "Circles",
                "questions": [
                  {
                    "question_no": 8,
                    "question_html": "<p>If tangents PA and PB drawn from an external point P to the circle with centre O are inclined to each other at an angle of 80° as shown in the given figure, then the measure of ∠POA is :</p>",
                    "images": [
                      {
                        "url": "https://img.testbuddyai.com/Maths-30-3-25-Q8.png"
                      }
                    ],
                    "options": [
                      {
                        "id": "a",
                        "text": "40°"
                      },
                      {
                        "id": "b",
                        "text": "50°"
                      },
                      {
                        "id": "c",
                        "text": "60°"
                      },
                      {
                        "id": "d",
                        "text": "80°"
                      }
                    ],
                    "correct_answer": {
                      "ids": [
                        "b"
                      ]
                    },
                    "question_type": "mcq_single",
                    "difficulty_level": "medium",
                    "explanation_html": "<p>In triangles ΔPOA and ΔPOB, OA=OB (radii of the same circle), PA=PB (tangents from an external point are equal), and PO is common. So, ΔPOA ≅ ΔPOB (SSS congruence). Therefore, ∠APO = ∠BPO. The angle between the tangents is ∠APB = 80°, so ∠APO = 80°/2 = 40°. The radius is perpendicular to the tangent at the point of contact, so ∠OAP = 90°. In triangle ΔPOA, the sum of angles is 180°. So, ∠POA + ∠OAP + ∠APO = 180°. ∠POA + 90° + 40° = 180°, which gives ∠POA = 180° - 130° = 50°.</p>"
                  }
                ]
              },
              {
                "chapter_name": "Introduction to Trigonometry",
                "questions": [
                  {
                    "question_no": 9,
                    "question_html": "<p>(cot θ + tan θ) equals :</p>",
                    "options": [
                      {
                        "id": "a",
                        "text": "cosec θ sec θ"
                      },
                      {
                        "id": "b",
                        "text": "sin θ sec θ"
                      },
                      {
                        "id": "c",
                        "text": "cos θ tan θ"
                      },
                      {
                        "id": "d",
                        "text": "sin θ cos θ"
                      }
                    ],
                    "correct_answer": {
                      "ids": [
                        "a"
                      ]
                    },
                    "question_type": "mcq_single",
                    "difficulty_level": "easy",
                    "explanation_html": "<p>Expressing cot θ and tan θ in terms of sin θ and cos θ: cot θ = cos θ / sin θ and tan θ = sin θ / cos θ. The expression becomes (cos θ / sin θ) + (sin θ / cos θ). Taking a common denominator of sin θ cos θ, we get (cos²θ + sin²θ) / (sin θ cos θ). Using the identity sin²θ + cos²θ = 1, this simplifies to 1 / (sin θ cos θ). This can be written as (1/sin θ) × (1/cos θ), which is equal to cosec θ sec θ.</p>"
                  }
                ]
              },
              {
                "chapter_name": "Triangles",
                "questions": [
                  {
                    "question_no": 10,
                    "question_html": "<p>If in two triangles ΔDEF and ΔPQR, ∠D = ∠Q and ∠R = ∠E, then which of the following is not true?</p>",
                    "options": [
                      {
                        "id": "a",
                        "text": "DE/QR = DF/PQ"
                      },
                      {
                        "id": "b",
                        "text": "EF/PR = DF/PQ"
                      },
                      {
                        "id": "c",
                        "text": "EF/RP = DE/QR"
                      },
                      {
                        "id": "d",
                        "text": "DE/PQ = EF/RP"
                      }
                    ],
                    "correct_answer": {
                      "ids": [
                        "d"
                      ]
                    },
                    "question_type": "mcq_single",
                    "difficulty_level": "medium",
                    "explanation_html": "<p>Given ∠D=∠Q and ∠R=∠E. Since the sum of angles in a triangle is 180°, the third angles must also be equal: ∠F=∠P. The similarity correspondence is ΔDEF ~ ΔQRP. The ratio of corresponding sides must be equal: DE/QR = EF/RP = DF/QP. Let's check the options against this. (A) DE/QR = DF/PQ is true. (B) EF/PR = DF/PQ is true. (C) EF/RP = DE/QR is true. (D) DE/PQ = EF/RP. This implies DE/QR = EF/RP should be DE/PQ. The correspondence is wrong. The side corresponding to DE is QR, not PQ. So this is not true.</p>"
                  }
                ]
              },
              {
                "chapter_name": "Triangles",
                "questions": [
                  {
                    "question_no": 11,
                    "question_html": "<p>The measurements of ΔLMN and ΔABC are shown in the figure given below. The length of side AC is :</p>",
                    "images": [
                      {
                        "url": "https://img.testbuddyai.com/Maths-30-3-25-Q11.png"
                      }
                    ],
                    "options": [
                      {
                        "id": "a",
                        "text": "16 cm"
                      },
                      {
                        "id": "b",
                        "text": "7 cm"
                      },
                      {
                        "id": "c",
                        "text": "8 cm"
                      },
                      {
                        "id": "d",
                        "text": "4 cm"
                      }
                    ],
                    "correct_answer": {
                      "ids": [
                        "c"
                      ]
                    },
                    "question_type": "mcq_single",
                    "difficulty_level": "hard",
                    "explanation_html": "<p>In ΔLMN, the angles are ∠M = 130°, ∠N = 28°. The third angle is ∠L = 180° − 130° − 28° = 22°. In ΔABC, ∠A = 22°, ∠B = 130°. The third angle is ∠C = 180° − 22° − 130° = 28°. Since the angles are equal (∠L = ∠A, ∠M = ∠B, ∠N = ∠C), the triangles are similar: ΔLMN ~ ΔABC. The ratio of corresponding sides is equal: LM/AB = MN/BC = LN/AC. We have LM = 45, MN = 63, LN = 72, and BC = 5. We need to find AC.</p><p>Using the correct correspondence ΔABC ~ NML, we get: AB/NM = BC/ML = AC/NL. Substituting values: AB/63 = 5/45 = AC/72. Since 5/45 = 1/9, AC/72 = 1/9 ⇒ AC = 72 × (1/9) = 8 cm.</p><p>Thus, the length of side AC is 8 cm.</p>"
                  }
                ]
              },
              {
                "chapter_name": "Surface Areas and Volumes",
                "questions": [
                  {
                    "question_no": 12,
                    "question_html": "<p>If the volumes of two cubes are in the ratio 8 : 125, then the ratio of their surface areas is :</p>",
                    "options": [
                      {
                        "id": "a",
                        "text": "8 : 125"
                      },
                      {
                        "id": "b",
                        "text": "4 : 25"
                      },
                      {
                        "id": "c",
                        "text": "2 : 5"
                      },
                      {
                        "id": "d",
                        "text": "16 : 25"
                      }
                    ],
                    "correct_answer": {
                      "ids": [
                        "b"
                      ]
                    },
                    "question_type": "mcq_single",
                    "difficulty_level": "easy",
                    "explanation_html": "<p>Let the side lengths of the two cubes be a₁ and a₂. The ratio of their volumes is V₁/V₂ = a₁³/a₂³ = 8/125. Taking the cube root, we find the ratio of their side lengths: a₁/a₂ = ∛(8/125) = 2/5. The surface area of a cube with side 'a' is 6a². The ratio of their surface areas is A₁/A₂ = (6a₁²)/(6a₂²) = a₁²/a₂² = (a₁/a₂)² = (2/5)² = 4/25. So the ratio is 4:25.</p>"
                  }
                ]
              },
              {
                "chapter_name": "Areas Related to Circles",
                "questions": [
                  {
                    "question_no": 13,
                    "question_html": "<p>If the area of a sector of circle of radius 36 cm is 54π cm², then the length of the corresponding arc of the sector is :</p>",
                    "options": [
                      {
                        "id": "a",
                        "text": "8π cm"
                      },
                      {
                        "id": "b",
                        "text": "6π cm"
                      },
                      {
                        "id": "c",
                        "text": "4π cm"
                      },
                      {
                        "id": "d",
                        "text": "3π cm"
                      }
                    ],
                    "correct_answer": {
                      "ids": [
                        "d"
                      ]
                    },
                    "question_type": "mcq_single",
                    "difficulty_level": "easy",
                    "explanation_html": "<p>The area of a sector is given by A = (θ/360)πr² and the length of the arc is L = (θ/360)2πr. There is a direct relationship between area and arc length: A = (1/2)Lr. We are given A = 54π and r = 36. We can use this formula to find L. 54π = (1/2) * L * 36. 54π = 18L. L = 54π / 18 = 3π cm.</p>"
                  }
                ]
              },
              {
                "chapter_name": "Probability",
                "questions": [
                  {
                    "question_no": 14,
                    "question_html": "<p>A die is thrown once. The probability of getting a number which is not a factor of 36, is :</p>",
                    "options": [
                      {
                        "id": "a",
                        "text": "1/2"
                      },
                      {
                        "id": "b",
                        "text": "2/3"
                      },
                      {
                        "id": "c",
                        "text": "1/6"
                      },
                      {
                        "id": "d",
                        "text": "5/6"
                      }
                    ],
                    "correct_answer": {
                      "ids": [
                        "c"
                      ]
                    },
                    "question_type": "mcq_single",
                    "difficulty_level": "easy",
                    "explanation_html": "<p>When a die is thrown, the possible outcomes are {1, 2, 3, 4, 5, 6}. The factors of 36 that can appear on a die are {1, 2, 3, 4, 6}. There are 5 such factors. The number of outcomes that are factors of 36 is 5. The number of outcomes that are *not* factors of 36 is just {5}, which is 1 outcome. The probability of getting a number that is not a factor of 36 is the number of non-factor outcomes divided by the total number of outcomes, which is 1/6.</p>"
                  }
                ]
              },
              {
                "chapter_name": "Statistics",
                "questions": [
                  {
                    "question_no": 15,
                    "question_html": "<p>If the mean of 2, 9, x+6, 2x+3, 5, 10, 5 is 7, then the value of x is :</p>",
                    "options": [
                      {
                        "id": "a",
                        "text": "9"
                      },
                      {
                        "id": "b",
                        "text": "6"
                      },
                      {
                        "id": "c",
                        "text": "5"
                      },
                      {
                        "id": "d",
                        "text": "3"
                      }
                    ],
                    "correct_answer": {
                      "ids": [
                        "d"
                      ]
                    },
                    "question_type": "mcq_single",
                    "difficulty_level": "easy",
                    "explanation_html": "<p>The mean is the sum of the observations divided by the number of observations. There are 7 observations. The sum is 2 + 9 + (x+6) + (2x+3) + 5 + 10 + 5 = 40 + 3x. The mean is given as 7. So, (40 + 3x) / 7 = 7. Multiplying both sides by 7, we get 40 + 3x = 49. Subtracting 40 from both sides, we get 3x = 9. Dividing by 3, we get x = 3.</p>"
                  }
                ]
              },
              {
                "chapter_name": "Coordinate Geometry",
                "questions": [
                  {
                    "question_no": 16,
                    "question_html": "<p>AOBC is a rectangle whose three vertices are A(0, 2), O(0, 0) and B(4, 0). The square of the length of its diagonal is equal to :</p>",
                    "options": [
                      {
                        "id": "a",
                        "text": "36"
                      },
                      {
                        "id": "b",
                        "text": "20"
                      },
                      {
                        "id": "c",
                        "text": "16"
                      },
                      {
                        "id": "d",
                        "text": "4"
                      }
                    ],
                    "correct_answer": {
                      "ids": [
                        "b"
                      ]
                    },
                    "question_type": "mcq_single",
                    "difficulty_level": "easy",
                    "explanation_html": "<p>The vertices given are A(0, 2), O(0, 0), and B(4, 0). The diagonals of a rectangle are AB and OC. Let's find the length of the diagonal AB. Using the distance formula, AB = √[(4-0)² + (0-2)²] = √[4² + (-2)²] = √[16 + 4] = √20. The square of the length of the diagonal is (√20)² = 20.</p>"
                  }
                ]
              },
              {
                "chapter_name": "Polynomials",
                "questions": [
                  {
                    "question_no": 17,
                    "question_html": "<p>Zeroes of the polynomial p(x) = x² – 3√2x + 4 are:</p>",
                    "options": [
                      {
                        "id": "a",
                        "text": "2, √2"
                      },
                      {
                        "id": "b",
                        "text": "2√2, √2"
                      },
                      {
                        "id": "c",
                        "text": "4√2, –√2"
                      },
                      {
                        "id": "d",
                        "text": "√2, 2"
                      }
                    ],
                    "correct_answer": {
                      "ids": [
                        "b"
                      ]
                    },
                    "question_type": "mcq_single",
                    "difficulty_level": "medium",
                    "explanation_html": "<p>We need to find the zeroes of p(x) = x² – 3√2x + 4. We can factor this by splitting the middle term. We need two numbers whose sum is -3√2 and product is 4. Let the numbers be -2√2 and -√2. Their sum is -3√2 and their product is (–2√2)(–√2) = 2(2) = 4. So, we can write the polynomial as x² – 2√2x – √2x + 4 = x(x – 2√2) – √2(x – 2√2) = (x – √2)(x – 2√2). The zeroes are the values of x for which p(x)=0, so the zeroes are √2 and 2√2.</p>"
                  }
                ]
              },
              {
                "chapter_name": "Triangles",
                "questions": [
                  {
                    "question_no": 18,
                    "question_html": "<p>In the given figure, in ΔABC, AD ⊥ BC and ∠BAC = 90°. If BC = 16 cm and DC = 4 cm, then the value of x is :</p>",
                    "images": [
                      {
                        "url": "https://img.testbuddyai.com/Maths-30-3-25-Q18.png"
                      }
                    ],
                    "options": [
                      {
                        "id": "a",
                        "text": "4 cm"
                      },
                      {
                        "id": "b",
                        "text": "5 cm"
                      },
                      {
                        "id": "c",
                        "text": "8 cm"
                      },
                      {
                        "id": "d",
                        "text": "3 cm"
                      }
                    ],
                    "correct_answer": {
                      "ids": [
                        "c"
                      ]
                    },
                    "question_type": "mcq_single",
                    "difficulty_level": "medium",
                    "explanation_html": "<p>In a right-angled triangle, the altitude drawn to the hypotenuse creates two smaller triangles that are similar to the original triangle and to each other. One of the geometric mean theorems states that AC² = DC × BC. We are given DC = 4 cm and BC = 16 cm. So, AC² = 4 × 16 = 64. Taking the square root, we get AC = 8 cm. The value of x is the length of AC, so x = 8 cm.</p>"
                  }
                ]
              },
              {
                "chapter_name": "Some Applications of Trigonometry",
                "questions": [
                  {
                    "question_no": 19,
                    "question_html": "<p>Assertion (A) : A ladder leaning against a wall, stands at a horizontal distance of 6 m from the wall. If the height of the wall up to which the ladder reaches is 8 m, then the length of the ladder is 10 m. Reason (R): The ladder makes an angle of 60° with the ground.</p>",
                    "options": [
                      {
                        "id": "a",
                        "text": "Both Assertion (A) and Reason (R) are true and Reason (R) is the correct explanation of the Assertion (A)."
                      },
                      {
                        "id": "b",
                        "text": "Both Assertion (A) and Reason (R) are true, but Reason (R) is not the correct explanation of the Assertion (A)."
                      },
                      {
                        "id": "c",
                        "text": "Assertion (A) is true, but Reason (R) is false."
                      },
                      {
                        "id": "d",
                        "text": "Assertion (A) is false, but Reason (R) is true."
                      }
                    ],
                    "correct_answer": {
                      "ids": [
                        "c"
                      ]
                    },
                    "question_type": "mcq_single",
                    "difficulty_level": "medium",
                    "explanation_html": "<p>Evaluate Assertion (A). The ladder, wall, and ground form a right-angled triangle. The horizontal distance is the base (6 m), the height on the wall is the perpendicular (8 m), and the ladder's length is the hypotenuse. By the Pythagorean theorem, length² = 6² + 8² = 36 + 64 = 100. So, the length is √100 = 10 m. Assertion (A) is true. Evaluate Reason (R). Let θ be the angle the ladder makes with the ground. tan θ = opposite/adjacent = 8/6 = 4/3. For θ = 60°, tan 60° = √3 ≈ 1.732. Since 4/3 ≈ 1.333, θ is not 60°. Therefore, Reason (R) is false. Since A is true and R is false, the correct option is (C).</p>"
                  }
                ]
              },
              {
                "chapter_name": "Circles",
                "questions": [
                  {
                    "question_no": 20,
                    "question_html": "<p>Assertion (A): If two tangents are drawn to a circle from an external point, then they subtend equal angles at the centre of the circle. Reason (R): A parallelogram circumscribing a circle is a rhombus.</p>",
                    "options": [
                      {
                        "id": "a",
                        "text": "Both Assertion (A) and Reason (R) are true and Reason (R) is the correct explanation of the Assertion (A)."
                      },
                      {
                        "id": "b",
                        "text": "Both Assertion (A) and Reason (R) are true, but Reason (R) is not the correct explanation of the Assertion (A)."
                      },
                      {
                        "id": "c",
                        "text": "Assertion (A) is true, but Reason (R) is false."
                      },
                      {
                        "id": "d",
                        "text": "Assertion (A) is false, but Reason (R) is true."
                      }
                    ],
                    "correct_answer": {
                      "ids": [
                        "b"
                      ]
                    },
                    "question_type": "mcq_single",
                    "difficulty_level": "medium",
                    "explanation_html": "<p>Evaluate Assertion (A). Let tangents be PA and PB from point P to a circle with center O. By SSS congruence (as shown in Q8), ΔPOA ≅ ΔPOB, which implies ∠POA = ∠POB. So, the tangents subtend equal angles at the center. Assertion (A) is true. Evaluate Reason (R). A parallelogram circumscribing a circle is indeed a rhombus (as proved in Q26a of set 30/2/1). So, Reason (R) is also true. However, Reason (R) is a theorem about a specific type of quadrilateral circumscribing a circle and does not explain why tangents from a single point subtend equal angles at the center. The two statements are unrelated theorems. Therefore, both are true, but R is not the correct explanation of A.</p>"
                  }
                ]
              },
              {
                "chapter_name": "Introduction to Trigonometry",
                "questions": [
                  {
                    "question_no": 21,
                    "question_html": "<p>If 4k = tan² 60° – 2 cosec² 30° – 2 tan² 30°, then find the value of k.</p>",
                    "options": [],
                    "correct_answer": {
                      "text": "<p>4k = (√3)² – 2(2)² – 2(1/√3)²</p><p>= 3 – 8 – 2/3</p><p>= –5 – 2/3</p><p>= –17/3</p><p>k = –17/12</p>"
                    },
                    "question_type": "Very Short Answer (2 marks)",
                    "difficulty_level": "Easy",
                    "explanation_html": null
                  }
                ]
              },
              {
                "chapter_name": "Probability",
                "questions": [
                  {
                    "question_no": 22,
                    "question_html": "<p>The probability of guessing the correct answer of a certain test question is x/12. If the probability of not guessing the correct answer is 5/6, then find the value of x.</p>",
                    "options": [],
                    "correct_answer": {
                      "text": "<p>Let the probability of guessing the correct answer be P(E) and not guessing the correct answer be P(not E).</p><p>We know that P(E) + P(not E) = 1</p><p>x/12 + 5/6 = 1</p><p>x/12 = 1 – 5/6</p><p>x/12 = 1/6</p><p>x = 12/6 = 2</p>"
                    },
                    "question_type": "Very Short Answer (2 marks)",
                    "difficulty_level": "Easy",
                    "explanation_html": null
                  }
                ]
              },
              {
                "chapter_name": "Real Numbers",
                "questions": [
                  {
                    "question_no": 23,
                    "question_html": "<p>(a) Find the smallest number which is divisible by both 644 and 462.</p><p><strong>OR</strong></p><p>(b) Two numbers are in the ratio 4 : 5 and their HCF is 11. Find the LCM of these numbers.</p>",
                    "options": [],
                    "correct_answer": {
                      "text": "<p><strong>(a)</strong></p><p>To find the smallest number divisible by both 644 and 462, we need to find their LCM.</p><p>Prime factorization of 462 = 2 × 3 × 7 × 11</p><p>Prime factorization of 644 = 2² × 7 × 23</p><p>LCM(462, 644) = 2² × 3 × 7 × 11 × 23 = 21252</p><p>∴ The smallest number which is divisible by both 462 and 644 is 21252.</p><p><strong>OR</strong></p><p><strong>(b)</strong></p><p>Let the two numbers be 4x and 5x, where x is the common factor.</p><p>Given, HCF = 11</p><p>∴ x = 11</p><p>The numbers are 4 × 11 = 44 and 5 × 11 = 55.</p><p>We know, LCM × HCF = Product of the two numbers</p><p>LCM(44, 55) = (44 × 55) / 11 = 4 × 55 = 220</p>"
                    },
                    "question_type": "Very Short Answer (2 marks)",
                    "difficulty_level": "Medium",
                    "explanation_html": null
                  }
                ]
              },
              {
                "chapter_name": "Quadratic Equations",
                "questions": [
                  {
                    "question_no": 24,
                    "question_html": "<p>(a) Find the value(s) of 'k' so that the quadratic equation 4x² + kx + 1 = 0 has real and equal roots.</p><p><strong>OR</strong></p><p>(b) If 'α' and 'β' are the zeroes of the polynomial p(y) = y² – 5y + 3, then find the value of α⁴β³ + α³β⁴.</p>",
                    "options": [],
                    "correct_answer": {
                      "text": "<p><strong>(a)</strong></p><p>The given quadratic equation is 4x² + kx + 1 = 0.</p><p>For real and equal roots, the discriminant (D) must be zero.</p><p>D = b² – 4ac = 0</p><p>Here, a = 4, b = k, c = 1.</p><p>k² – 4(4)(1) = 0</p><p>k² – 16 = 0</p><p>k² = 16</p><p>k = ±4</p><p><strong>OR</strong></p><p><strong>(b)</strong></p><p>Given polynomial p(y) = y² – 5y + 3.</p><p>For zeroes α and β:</p><p>Sum of zeroes, α + β = –(–5)/1 = 5</p><p>Product of zeroes, αβ = 3/1 = 3</p><p>We need to find the value of α⁴β³ + α³β⁴.</p><p>α⁴β³ + α³β⁴ = α³β³(α + β) = (αβ)³(α + β)</p><p>= (3)³(5) = 27 × 5 = 135</p>"
                    },
                    "question_type": "Very Short Answer (2 marks)",
                    "difficulty_level": "Medium",
                    "explanation_html": null
                  }
                ]
              },
              {
                "chapter_name": "Circles",
                "questions": [
                  {
                    "question_no": 25,
                    "question_html": "<p>Prove that the tangents drawn at the ends of a diameter of a circle are parallel.</p>",
                    "options": [],
                    "correct_answer": {
                      "text": "<p>Let AB be the diameter of the circle with centre O. Let l and m be the tangents drawn at the end points A and B respectively.</p><p>We know that the radius is perpendicular to the tangent at the point of contact.</p><p>Therefore, OA ⊥ l and OB ⊥ m.</p><p>This means ∠1 = 90° and ∠2 = 90°.</p><p>So, ∠1 = ∠2.</p><p>Since ∠1 and ∠2 are alternate interior angles and they are equal, the lines l and m must be parallel.</p><p>Hence, the tangents drawn at the ends of a diameter of a circle are parallel.</p>"
                    },
                    "question_type": "Very Short Answer (2 marks)",
                    "difficulty_level": "Easy",
                    "explanation_html": null
                  }
                ]
              },
              {
                "chapter_name": "Coordinate Geometry",
                "questions": [
                  {
                    "question_no": 26,
                    "question_html": "<p>(a) If the mid-point of the line segment joining the points A(3, 4) and B(k, 6) is P(x, y) and x + y – 10 = 0, find the value of k.</p><p><strong>OR</strong></p><p>(b) Find the coordinates of the points which divide the line segment joining A(–2, 2) and B(2, 8) into four equal parts.</p>",
                    "options": [],
                    "correct_answer": {
                      "text": "<p><strong>(a)</strong></p><p>P(x, y) is the mid-point of the line segment joining A(3, 4) and B(k, 6).</p><p>Using the mid-point formula:</p><p>x = (3 + k) / 2</p><p>y = (4 + 6) / 2 = 10 / 2 = 5</p><p>Given that x + y – 10 = 0.</p><p>Substituting the values of x and y:</p><p>(3 + k) / 2 + 5 – 10 = 0</p><p>(3 + k) / 2 – 5 = 0</p><p>(3 + k) / 2 = 5</p><p>3 + k = 10</p><p>k = 7</p><p><strong>OR</strong></p><p><strong>(b)</strong></p><p>Let the points that divide the line segment AB into four equal parts be P, Q, and R.</p><p>Q is the mid-point of AB.</p><p>Coordinates of Q = ((–2 + 2)/2, (2 + 8)/2) = (0/2, 10/2) = (0, 5)</p><p>P is the mid-point of AQ.</p><p>Coordinates of P = ((–2 + 0)/2, (2 + 5)/2) = (–1, 7/2)</p><p>R is the mid-point of QB.</p><p>Coordinates of R = ((0 + 2)/2, (5 + 8)/2) = (1, 13/2)</p><p>The coordinates of the points are (–1, 7/2), (0, 5), and (1, 13/2).</p>"
                    },
                    "question_type": "Short Answer (3 marks)",
                    "difficulty_level": "Medium",
                    "explanation_html": null
                  }
                ]
              },
              {
                "chapter_name": "Real Numbers",
                "questions": [
                  {
                    "question_no": 27,
                    "question_html": "<p>Prove that (5√3 + 2/3) is an irrational number given that √3 is an irrational number.</p>",
                    "options": [],
                    "correct_answer": {
                      "text": "<p>Let us assume, to the contrary, that 5√3 + 2/3 is a rational number.</p><p>Then, 5√3 + 2/3 = a/b, where a and b are integers and b ≠ 0.</p><p>5√3 = a/b – 2/3</p><p>5√3 = (3a – 2b) / 3b</p><p>√3 = (3a – 2b) / 15b</p><p>Since a and b are integers, (3a – 2b) and 15b are also integers. Thus, (3a – 2b) / 15b is a rational number.</p><p>This implies that √3 is a rational number.</p><p>But this contradicts the given fact that √3 is an irrational number.</p><p>This contradiction has arisen because of our incorrect assumption that 5√3 + 2/3 is rational.</p><p>Therefore, we conclude that 5√3 + 2/3 is an irrational number.</p>"
                    },
                    "question_type": "Short Answer (3 marks)",
                    "difficulty_level": "Medium",
                    "explanation_html": null
                  }
                ]
              },
              {
                "chapter_name": "Introduction to Trigonometry",
                "questions": [
                  {
                    "question_no": 28,
                    "question_html": "<p>(a) Prove that : √((secA-1)/(secA+1)) + √((secA+1)/(secA-1)) = 2 cosec A</p><p><strong>OR</strong></p><p>(b) Prove that : (1/cosA - cosA)(1/sinA - sinA) = 1/(tanA + cotA)</p>",
                    "options": [],
                    "correct_answer": {
                      "text": "<p><strong>(a)</strong></p><p>LHS = √((secA-1)/(secA+1)) + √((secA+1)/(secA-1))</p><p>= (secA – 1 + secA + 1) / √(sec²A – 1)</p><p>= 2secA / √tan²A</p><p>= 2secA / tanA</p><p>= 2(1/cosA) / (sinA/cosA)</p><p>= 2/sinA</p><p>= 2cosecA = RHS</p><p><strong>OR</strong></p><p><strong>(b)</strong></p><p>LHS = (1/cosA – cosA)(1/sinA – sinA)</p><p>= ((1 – cos²A)/cosA) × ((1 – sin²A)/sinA)</p><p>= (sin²A/cosA) × (cos²A/sinA)</p><p>= sinA cosA</p><p>RHS = 1 / (tanA + cotA)</p><p>= 1 / (sinA/cosA + cosA/sinA)</p><p>= 1 / ((sin²A + cos²A) / (sinA cosA))</p><p>= 1 / (1 / (sinA cosA))</p><p>= sinA cosA</p><p>∴ LHS = RHS</p>"
                    },
                    "question_type": "Short Answer (3 marks)",
                    "difficulty_level": "Hard",
                    "explanation_html": null
                  }
                ]
              },
              {
                "chapter_name": "Areas Related to Circles",
                "questions": [
                  {
                    "question_no": 29,
                    "question_html": "<p>A chord of a circle of radius 10 cm subtends a right angle at the centre of the circle. Find the area of the corresponding minor segment. [Use π = 3.14]</p>",
                    "options": [],
                    "correct_answer": {
                      "text": "<p>Radius of the circle (r) = 10 cm.</p><p>Angle subtended by the chord at the centre (θ) = 90°.</p><p>Area of the minor segment = Area of the sector OACB – Area of the triangle ΔOAB.</p><p>Area of sector OACB = (θ/360) × πr²</p><p>= (90/360) × 3.14 × (10)²</p><p>= (1/4) × 3.14 × 100 = 78.5 cm².</p><p>Area of right triangle ΔOAB = (1/2) × base × height</p><p>= (1/2) × 10 × 10 = 50 cm².</p><p>Area of the minor segment ACB = (78.5 – 50) cm² = 28.5 cm².</p>"
                    },
                    "question_type": "Short Answer (3 marks)",
                    "difficulty_level": "Medium",
                    "explanation_html": null
                  }
                ]
              },
              {
                "chapter_name": "Probability",
                "questions": [
                  {
                    "question_no": 30,
                    "question_html": "<p>Three unbiased coins are tossed simultaneously. Find the probability of getting:</p><p>(a) exactly two tails</p><p>(b) at least one head</p><p>(c) at most two heads</p>",
                    "options": [],
                    "correct_answer": {
                      "text": "<p>The sample space when three coins are tossed is S = {HHH, HHT, HTH, THH, HTT, THT, TTH, TTT}.</p><p>Total number of possible outcomes = 8.</p><p><strong>(a) exactly two tails:</strong></p><p>Favorable outcomes are {HTT, THT, TTH}.</p><p>Number of favorable outcomes = 3.</p><p>P(exactly two tails) = 3/8.</p><p><strong>(b) at least one head:</strong></p><p>This includes all outcomes except {TTT}.</p><p>Favorable outcomes are {HHH, HHT, HTH, THH, HTT, THT, TTH}.</p><p>Number of favorable outcomes = 7.</p><p>P(at least one head) = 7/8.</p><p><strong>(c) at most two heads:</strong></p><p>This includes all outcomes except {HHH}.</p><p>Favorable outcomes are {HHT, HTH, THH, HTT, THT, TTH, TTT}.</p><p>Number of favorable outcomes = 7.</p><p>P(at most two heads) = 7/8.</p>"
                    },
                    "question_type": "Short Answer (3 marks)",
                    "difficulty_level": "Medium",
                    "explanation_html": null
                  }
                ]
              },
              {
                "chapter_name": "Circles",
                "questions": [
                  {
                    "question_no": 31,
                    "question_html": "<p>In the given figure, PC is a tangent to the circle at C. AOB is the diameter which when extended meets the tangent at P. Find ∠CBA and ∠BCO, if ∠PCA = 110°.</p>",
                    "images": [
                      {
                        "url": "https://img.testbuddyai.com/Maths-30-3-25-Q31.png"
                      }
                    ],
                    "options": [],
                    "correct_answer": {
                      "text": "<p>Given ∠PCA = 110°.</p><p>Since AOB is a diameter, the angle in the semicircle is 90°.</p><p>∴ ∠ACB = 90°.</p><p>We can write ∠PCA = ∠PCB + ∠BCA.</p><p>110° = ∠PCB + 90°</p><p>∠PCB = 110° – 90° = 20°.</p><p>Also, OC is the radius and PC is the tangent at C. So, OC ⊥ PC.</p><p>∴ ∠OCP = 90°.</p><p>∠OCP = ∠OCB + ∠PCB</p><p>90° = ∠OCB + 20°</p><p>∠OCB = 90° – 20° = 70°.</p><p>In ΔOBC, OB = OC (radii of the same circle).</p><p>Therefore, ΔOBC is an isosceles triangle.</p><p>∠OBC = ∠OCB (angles opposite to equal sides).</p><p>∴ ∠OBC = 70°.</p><p>Since ∠OBC is the same as ∠CBA,</p><p>∠CBA = 70° and ∠BCO = 70°.</p>"
                    },
                    "question_type": "Short Answer (3 marks)",
                    "difficulty_level": "Hard",
                    "explanation_html": null
                  }
                ]
              },
              {
                "chapter_name": "Triangles",
                "questions": [
                  {
                    "question_no": 32,
                    "question_html": "<p>The perimeter of an isosceles triangle is 32 cm. If each equal side is 5/6 th of the base, find the area of the triangle.</p>",
                    "options": [],
                    "correct_answer": {
                      "text": "<p>Let the base of the isosceles triangle be y cm.</p><p>Let the equal sides be x cm each.</p><p>Given, x = (5/6)y.</p><p>Perimeter of the triangle = x + x + y = 32 cm.</p><p>2x + y = 32.</p><p>Substituting x = (5/6)y:</p><p>2(5/6)y + y = 32</p><p>(5/3)y + y = 32</p><p>(8/3)y = 32</p><p>y = (32 × 3) / 8 = 12 cm.</p><p>So, the base is 12 cm.</p><p>The equal sides are x = (5/6) × 12 = 10 cm.</p><p>The sides of the triangle are 10 cm, 10 cm, and 12 cm.</p><p>To find the area, we use Heron's formula.</p><p>Semi-perimeter (s) = Perimeter / 2 = 32 / 2 = 16 cm.</p><p>Area = √[s(s-a)(s-b)(s-c)]</p><p>= √[16(16-10)(16-10)(16-12)]</p><p>= √[16 × 6 × 6 × 4]</p><p>= 4 × 6 × 2 = 48 cm².</p>"
                    },
                    "question_type": "Long Answer (5 marks)",
                    "difficulty_level": "Medium",
                    "explanation_html": null
                  }
                ]
              },
              {
                "chapter_name": "Arithmetic Progressions",
                "questions": [
                  {
                    "question_no": 33,
                    "question_html": "<p>(a) The sum of the third term and the seventh term of an AP is 6 and their product is 8. Find the sum of the first sixteen terms of the AP.</p><p><strong>OR</strong></p><p>(b) The minimum age of children eligible to participate in a painting competition is 8 years. It is observed that the age of the youngest boy was 8 years and the ages of the participants, when seated in order of age, have a common difference of 4 months. If the sum of the ages of all the participants is 168 years, find the age of the eldest participant in the painting competition.</p>",
                    "options": [],
                    "correct_answer": {
                      "text": "<p><strong>(a)</strong></p><p>Let the first term of the AP be 'a' and the common difference be 'd'.</p><p>Given, a₃ + a₇ = 6</p><p>(a + 2d) + (a + 6d) = 6</p><p>2a + 8d = 6  => a + 4d = 3  (Equation 1)</p><p>Given, a₃ × a₇ = 8</p><p>(a + 2d)(a + 6d) = 8</p><p>From Equation 1, a = 3 – 4d. Substituting this:</p><p>(3 – 4d + 2d)(3 – 4d + 6d) = 8</p><p>(3 – 2d)(3 + 2d) = 8</p><p>9 – 4d² = 8</p><p>4d² = 1 => d² = 1/4 => d = ±1/2</p><p><strong>Case 1:</strong> If d = 1/2</p><p>a = 3 – 4(1/2) = 3 – 2 = 1</p><p>S₁₆ = n/2 [2a + (n-1)d] = 16/2 [2(1) + (16-1)(1/2)] = 8[2 + 15/2] = 8[19/2] = 76</p><p><strong>Case 2:</strong> If d = –1/2</p><p>a = 3 – 4(–1/2) = 3 + 2 = 5</p><p>S₁₆ = 16/2 [2(5) + (16-1)(–1/2)] = 8[10 – 15/2] = 8[5/2] = 20</p><p><strong>OR</strong></p><p><strong>(b)</strong></p><p>The ages of the participants form an AP.</p><p>First term (a) = 8 years</p><p>Common difference (d) = 4 months = 4/12 year = 1/3 year</p><p>Sum of ages (Sₙ) = 168 years</p><p>Sₙ = n/2 [2a + (n-1)d] = 168</p><p>n/2 [2(8) + (n-1)(1/3)] = 168</p><p>n[16 + (n-1)/3] = 336</p><p>n[(48 + n – 1)/3] = 336</p><p>n(n + 47) = 1008</p><p>n² + 47n – 1008 = 0</p><p>By factorization, (n + 63)(n – 16) = 0.</p><p>Since n cannot be negative, n = 16.</p><p>There are 16 participants.</p><p>Age of the eldest participant = a₁₆ = a + (16-1)d</p><p>= 8 + 15(1/3) = 8 + 5 = 13 years.</p>"
                    },
                    "question_type": "Long Answer (5 marks)",
                    "difficulty_level": "Hard",
                    "explanation_html": null
                  }
                ]
              },
              {
                "chapter_name": "Triangles",
                "questions": [
                  {
                    "question_no": 34,
                    "question_html": "<p>(a) In the given figure, PA, QB and RC are perpendicular to AC. If PA = x units, QB = y units and RC = z units, prove that 1/x + 1/z = 1/y.</p><p><strong>OR</strong></p><p>(b) Sides AB and BC and median AD of triangle ABC are respectively proportional to sides PQ and QR and median PM of ΔPQR. Show that ΔABC ~ ΔPQR.</p>",
                    "images": [
                      {
                        "url": "https://img.testbuddyai.com/Maths-30-3-25-Q34a.png"
                      }
                    ],
                    "options": [],
                    "correct_answer": {
                      "text": "<p><strong>(a)</strong></p><p>In ΔCPA, BQ || PA. By basic proportionality theorem (or similar triangles ΔCBQ ~ ΔCPA), we have:</p><p>CB/CA = BQ/PA => CB/CA = y/x  (Equation 1)</p><p>In ΔARC, BQ || RC. By similar triangles (ΔABQ ~ ΔARC), we have:</p><p>AB/AC = BQ/RC => AB/AC = y/z  (Equation 2)</p><p>Adding Equation 1 and Equation 2:</p><p>CB/CA + AB/AC = y/x + y/z</p><p>(CB + AB)/CA = y(1/x + 1/z)</p><p>AC/CA = y(1/x + 1/z)</p><p>1 = y(1/x + 1/z)</p><p>1/y = 1/x + 1/z</p><p>Hence proved.</p><p><strong>OR</strong></p><p><strong>(b)</strong></p><p>Given: In ΔABC and ΔPQR, AB/PQ = BC/QR = AD/PM, where AD and PM are medians.</p><p>Since AD is the median, D is the midpoint of BC. So, BC = 2BD.</p><p>Since PM is the median, M is the midpoint of QR. So, QR = 2QM.</p><p>Substituting this in the given proportion:</p><p>AB/PQ = (2BD)/(2QM) = AD/PM</p><p>AB/PQ = BD/QM = AD/PM</p><p>By SSS similarity criterion, ΔABD ~ ΔPQM.</p><p>Since the triangles are similar, their corresponding angles are equal.</p><p>∴ ∠B = ∠Q.</p><p>Now, in ΔABC and ΔPQR:</p><p>AB/PQ = BC/QR (Given)</p><p>∠B = ∠Q (Proved above)</p><p>By SAS similarity criterion, ΔABC ~ ΔPQR.</p><p>Hence proved.</p>"
                    },
                    "question_type": "Long Answer (5 marks)",
                    "difficulty_level": "Hard",
                    "explanation_html": null
                  }
                ]
              },
              {
                "chapter_name": "Surface Areas and Volumes",
                "questions": [
                  {
                    "question_no": 35,
                    "question_html": "<p>A vessel is in the form of an inverted cone. Its height is 8 cm and the radius of its top, which is open, is 5 cm. It is filled with water up to the brim. When lead shots, each of which is a sphere of radius 0.5 cm, are dropped into the vessel, one-fourth of the water flows out. Find the number of lead shots dropped in the vessel.</p>",
                    "options": [],
                    "correct_answer": {
                      "text": "<p>For the conical vessel:</p><p>Height (h) = 8 cm</p><p>Radius (r) = 5 cm</p><p>Volume of water in the cone = (1/3)πr²h</p><p>= (1/3)π(5)²(8) = 200π/3 cm³</p><p>Volume of water that flows out = (1/4) × Volume of water in the cone</p><p>= (1/4) × (200π/3) = 50π/3 cm³</p><p>For each spherical lead shot:</p><p>Radius (R) = 0.5 cm = 1/2 cm</p><p>Volume of one lead shot = (4/3)πR³</p><p>= (4/3)π(1/2)³ = (4/3)π(1/8) = π/6 cm³</p><p>Let 'n' be the number of lead shots dropped.</p><p>Total volume of lead shots = Volume of water that flows out</p><p>n × (π/6) = 50π/3</p><p>n = (50π/3) × (6/π)</p><p>n = 100</p><p>Therefore, 100 lead shots were dropped into the vessel.</p>"
                    },
                    "question_type": "Long Answer (5 marks)",
                    "difficulty_level": "Medium",
                    "explanation_html": null
                  }
                ]
              },
              {
                "chapter_name": "Quadratic Equations",
                "questions": [
                  {
                    "question_no": 36,
                    "question_html": "<p><strong>Case Study – 1</strong></p><p>A garden designer is planning a rectangular lawn that is to be surrounded by a uniform walkway. The total area of the lawn and the walkway is 360 square metres. The width of the walkway is same on all sides. The dimensions of the lawn itself are 12 metres by 10 metres.</p><p>Based on the information given above, answer the following questions :</p><p>(i) Formulate the quadratic equation representing the total area of the lawn and the walkway, taking width of walkway = x m.</p><p>(ii) (a) Solve the quadratic equation to find the width of the walkway 'x'.</p><p><strong>OR</strong></p><p>(b) If the cost of paving the walkway at the rate of ₹ 50 per square metre is ₹ 12,000, calculate the area of the walkway.</p><p>(iii) Find the perimeter of the lawn.</p>",
                    "images": [
                      {
                        "url": "https://img.testbuddyai.com/Maths-30-3-25-Q36.png"
                      }
                    ],
                    "options": [],
                    "correct_answer": {
                      "text": "<p><strong>(i)</strong></p><p>Dimensions of the lawn = 12 m by 10 m.</p><p>Width of the walkway = x m.</p><p>Length of the lawn with walkway = 12 + 2x</p><p>Width of the lawn with walkway = 10 + 2x</p><p>Total area = (12 + 2x)(10 + 2x) = 360</p><p>120 + 24x + 20x + 4x² = 360</p><p>4x² + 44x + 120 – 360 = 0</p><p>4x² + 44x – 240 = 0</p><p>Dividing by 4, we get: x² + 11x – 60 = 0</p><p><strong>(ii) (a)</strong></p><p>Solving the quadratic equation x² + 11x – 60 = 0.</p><p>x² + 15x – 4x – 60 = 0</p><p>x(x + 15) – 4(x + 15) = 0</p><p>(x – 4)(x + 15) = 0</p><p>So, x = 4 or x = –15. Since width cannot be negative, x = 4 m.</p><p>The width of the walkway is 4 m.</p><p><strong>OR</strong></p><p><strong>(b)</strong></p><p>Total cost of paving = ₹ 12,000</p><p>Rate of paving = ₹ 50 per square metre</p><p>Area of the walkway = Total Cost / Rate = 12000 / 50 = 240 m²</p><p><strong>(iii)</strong></p><p>Perimeter of the lawn = 2(length + width)</p><p>= 2(12 + 10) = 2(22) = 44 m.</p>"
                    },
                    "question_type": "Case-based Subjective",
                    "difficulty_level": "Medium",
                    "explanation_html": null
                  }
                ]
              },
              {
                "chapter_name": "Some Applications of Trigonometry",
                "questions": [
                  {
                    "question_no": 37,
                    "question_html": "<p><strong>Case Study – 2</strong></p><p>A lighthouse stands tall on a cliff by the sea, watching over ships that pass by. One day a ship is seen approaching the shore and from the top of the lighthouse, the angles of depression of the ship are observed to be 30° and 45° as it moves from point P to point Q. The height of the lighthouse is 50 metres.</p><p>Based on the information given above, answer the following questions :</p><p>(i) Find the distance of the ship from the base of the lighthouse when it is at point Q, where the angle of depression is 45°.</p><p>(ii) Find the measures of ∠PBA and ∠QBA.</p><p>(iii) (a) Find the distance travelled by the ship between points P and Q.</p><p><strong>OR</strong></p><p>(b) If the ship continues moving towards the shore and takes 10 minutes to travel from Q to A, calculate the speed of the ship in km/h, from Q to A.</p>",
                    "images": [
                      {
                        "url": "https://img.testbuddyai.com/Maths-30-3-25-Q37.png"
                      }
                    ],
                    "options": [],
                    "correct_answer": {
                      "text": "<p>Let AB be the lighthouse with height AB = 50 m.</p><p><strong>(i)</strong></p><p>At point Q, the angle of depression is 45°. So, ∠AQB = 45°.</p><p>In right-angled ΔAQB:</p><p>tan(45°) = AB / AQ</p><p>1 = 50 / AQ</p><p>AQ = 50 m.</p><p>The distance of the ship from the base at point Q is 50 m.</p><p><strong>(ii)</strong></p><p>In right-angled ΔAPB, ∠BAP = 90° and ∠APB = 30°. So, ∠PBA = 180° – 90° – 30° = 60°.</p><p>In right-angled ΔAQB, ∠BAQ = 90° and ∠AQB = 45°. So, ∠QBA = 180° – 90° – 45° = 45°.</p><p><strong>(iii) (a)</strong></p><p>At point P, the angle of depression is 30°. So, ∠APB = 30°.</p><p>In right-angled ΔAPB:</p><p>tan(30°) = AB / AP</p><p>1/√3 = 50 / AP</p><p>AP = 50√3 m.</p><p>The distance travelled PQ = AP – AQ = 50√3 – 50 = 50(√3 – 1) m.</p><p><strong>OR</strong></p><p><strong>(b)</strong></p><p>Distance to travel from Q to A = AQ = 50 m.</p><p>Time taken = 10 minutes = 10/60 hours = 1/6 hours.</p><p>Speed = Distance / Time = 50 m / (1/6 h) = 300 m/h.</p><p>To convert to km/h: Speed = 300 / 1000 km/h = 0.3 km/h.</p>"
                    },
                    "question_type": "Case-based Subjective",
                    "difficulty_level": "Medium",
                    "explanation_html": null
                  }
                ]
              },
              {
                "chapter_name": "Statistics",
                "questions": [
                  {
                    "question_no": 38,
                    "question_html": "<p><strong>Case Study – 3</strong></p><p>The India Meteorological Department observes seasonal and annual rainfall every year in different sub-divisions of our country. It helps them to compare and analyse the results.</p><p>The table below shows sub-divisions wise seasonal (monsoon) rainfall (in mm) in 2023.</p><table><thead><tr><th>Rainfall (mm)</th><th>No. of Sub-divisions</th></tr></thead><tbody><tr><td>200 – 400</td><td>3</td></tr><tr><td>400 – 600</td><td>4</td></tr><tr><td>600 – 800</td><td>7</td></tr><tr><td>800 – 1000</td><td>4</td></tr><tr><td>1000 – 1200</td><td>3</td></tr><tr><td>1200 – 1400</td><td>3</td></tr></tbody></table><p>Based on the information given above, answer the following questions :</p><p>(i) Write the modal class.</p><p>(ii) (a) Find the median of the given data.</p><p><strong>OR</strong></p><p>(b) Find the mean rainfall in the season.</p><p>(iii) If a sub-division having at least 800 mm rainfall during monsoon season is considered a good rainfall sub-division, then how many sub-divisions had good rainfall ?</p>",
                    "options": [],
                    "correct_answer": {
                      "text": "<p><strong>(i)</strong></p><p>The modal class is the class with the highest frequency. The highest frequency is 7, which corresponds to the class 600 – 800.</p><p>Modal Class = 600 – 800.</p><p><strong>(ii) (a) Median</strong></p><p>First, we find the cumulative frequency (cf).</p><table><thead><tr><th>Rainfall (mm)</th><th>No. of Sub-divisions (fᵢ)</th><th>Cumulative Frequency (cf)</th></tr></thead><tbody><tr><td>200 – 400</td><td>3</td><td>3</td></tr><tr><td>400 – 600</td><td>4</td><td>7</td></tr><tr><td>600 – 800</td><td>7</td><td>14</td></tr><tr><td>800 – 1000</td><td>4</td><td>18</td></tr><tr><td>1000 – 1200</td><td>3</td><td>21</td></tr><tr><td>1200 – 1400</td><td>3</td><td>24</td></tr></tbody></table><p>Total number of sub-divisions N = 24. So, N/2 = 12.</p><p>The cumulative frequency just greater than 12 is 14, which corresponds to the class 600 – 800.</p><p>Median Class = 600 – 800.</p><p>l = 600, h = 200, f = 7, cf = 7.</p><p>Median = l + [(N/2 - cf) / f] × h = 600 + [(12 - 7)/7] × 200 = 600 + (5/7) × 200 = 600 + 1000/7 ≈ 600 + 142.86 = 742.86 mm.</p><p><strong>OR</strong></p><p><strong>(b) Mean</strong></p><table><thead><tr><th>Rainfall (mm)</th><th>No. of Sub-divisions (fᵢ)</th><th>Class Mark (xᵢ)</th><th>fᵢxᵢ</th></tr></thead><tbody><tr><td>200 – 400</td><td>3</td><td>300</td><td>900</td></tr><tr><td>400 – 600</td><td>4</td><td>500</td><td>2000</td></tr><tr><td>600 – 800</td><td>7</td><td>700</td><td>4900</td></tr><tr><td>800 – 1000</td><td>4</td><td>900</td><td>3600</td></tr><tr><td>1000 – 1200</td><td>3</td><td>1100</td><td>3300</td></tr><tr><td>1200 – 1400</td><td>3</td><td>1300</td><td>3900</td></tr><tr><td><strong>Total</strong></td><td><strong>Σfᵢ = 24</strong></td><td></td><td><strong>Σfᵢxᵢ = 18600</strong></td></tr></tbody></table><p>Mean = Σfᵢxᵢ / Σfᵢ = 18600 / 24 = 775 mm.</p><p><strong>(iii)</strong></p><p>Number of sub-divisions with at least 800 mm rainfall = (frequency of 800-1000) + (frequency of 1000-1200) + (frequency of 1200-1400)</p><p>= 4 + 3 + 3 = 10.</p><p>10 sub-divisions had good rainfall.</p>"
                    },
                    "question_type": "Case-based Subjective",
                    "difficulty_level": "Medium",
                    "explanation_html": null
                  }
                ]
              }
            ]
          }
        ]
      }
    ]
  }
]