[
  {
    "exam_name_actual": "CBSE Board - Class 10",
    "main_exam_id_name_ref": "CBSE Board - Class 10",
    "years": [
      {
        "year": "2025",
        "papers_or_subjects": [
          {
            "paper_name": "CBSE Class 10 Mathematics (Standard) Paper 2025 (QP Code: 30/6/1)",
            "subject_name": "Mathematics",
            "chapters": [
              {
                "chapter_name": "Real Numbers",
                "questions": [
                  {
                    "question_no": 1,
                    "question_html": "<p>√0.4 is a/an</p>",
                    "options": [
                      {
                        "id": "a",
                        "text": "natural number"
                      },
                      {
                        "id": "b",
                        "text": "integer"
                      },
                      {
                        "id": "c",
                        "text": "rational number"
                      },
                      {
                        "id": "d",
                        "text": "irrational number"
                      }
                    ],
                    "correct_answer": {
                      "ids": [
                        "d"
                      ]
                    },
                    "question_type": "mcq_single",
                    "difficulty_level": "easy",
                    "explanation_html": "<p>We can write √0.4 as √(4/10) = √(2/5). Since 2 and 5 are prime numbers, their square roots are irrational. The square root of a fraction that is not a perfect square is an irrational number. Therefore, √0.4 is an irrational number.</p>"
                  },
                  {
                    "question_no": 2,
                    "question_html": "<p>Which of the following cannot be the unit digit of 8n, where n is a natural number?</p>",
                    "options": [
                      {
                        "id": "a",
                        "text": "4"
                      },
                      {
                        "id": "b",
                        "text": "2"
                      },
                      {
                        "id": "c",
                        "text": "0"
                      },
                      {
                        "id": "d",
                        "text": "6"
                      }
                    ],
                    "correct_answer": {
                      "ids": [
                        "c"
                      ]
                    },
                    "question_type": "mcq_single",
                    "difficulty_level": "easy",
                    "explanation_html": "<p>Let's look at the pattern of the unit digits of powers of 8:<br>8¹ = 8<br>8² = 64 (unit digit is 4)<br>8³ = 512 (unit digit is 2)<br>8⁴ = 4096 (unit digit is 6)<br>8⁵ = 32768 (unit digit is 8)<br>The pattern of the unit digits is 8, 4, 2, 6, and this cycle repeats. The number 0 never appears as the unit digit for any natural number power of 8.</p>"
                  }
                ]
              },
              {
                "chapter_name": "Quadratic Equations",
                "questions": [
                  {
                    "question_no": 3,
                    "question_html": "<p>Which of the following quadratic equations has real and equal roots ?</p>",
                    "options": [
                      {
                        "id": "a",
                        "text": "(x + 1)² = 2x + 1"
                      },
                      {
                        "id": "b",
                        "text": "x² + x = 0"
                      },
                      {
                        "id": "c",
                        "text": "x² – 4 = 0"
                      },
                      {
                        "id": "d",
                        "text": "x² + x + 1 = 0"
                      }
                    ],
                    "correct_answer": {
                      "ids": [
                        "a"
                      ]
                    },
                    "question_type": "mcq_single",
                    "difficulty_level": "medium",
                    "explanation_html": "<p>A quadratic equation has real and equal roots if its discriminant (D = b² - 4ac) is zero.<br>(A) (x + 1)² = 2x + 1 => x² + 2x + 1 = 2x + 1 => x² = 0. Here, a=1, b=0, c=0. D = 0² - 4(1)(0) = 0. This equation has real and equal roots (both are 0).<br>(B) x² + x = 0. D = 1² - 4(1)(0) = 1. Roots are real and distinct.<br>(C) x² - 4 = 0. D = 0² - 4(1)(-4) = 16. Roots are real and distinct.<br>(D) x² + x + 1 = 0. D = 1² - 4(1)(1) = -3. Roots are not real.</p>"
                  }
                ]
              },
              {
                "chapter_name": "Polynomials",
                "questions": [
                  {
                    "question_no": 4,
                    "question_html": "<p>If the zeroes of the polynomial ax² + bx + 2a/b are reciprocal of each other, then the value of b is</p>",
                    "options": [
                      {
                        "id": "a",
                        "text": "2"
                      },
                      {
                        "id": "b",
                        "text": "1/2"
                      },
                      {
                        "id": "c",
                        "text": "-2"
                      },
                      {
                        "id": "d",
                        "text": "-1/2"
                      }
                    ],
                    "correct_answer": {
                      "ids": [
                        "a"
                      ]
                    },
                    "question_type": "mcq_single",
                    "difficulty_level": "medium",
                    "explanation_html": "<p>Let the zeroes of the polynomial be α and β. We are given that the zeroes are reciprocals of each other, so β = 1/α. For a quadratic polynomial Ax² + Bx + C, the product of the zeroes is C/A. In this case, A = a, B = b, and C = 2a/b. The product of the zeroes is αβ = α(1/α) = 1. Therefore, C/A = 1. (2a/b) / a = 1. (2a) / (ab) = 1. 2/b = 1. This gives b = 2.</p>"
                  }
                ]
              },
              {
                "chapter_name": "Coordinate Geometry",
                "questions": [
                  {
                    "question_no": 5,
                    "question_html": "<p>The distance of the point A(–3, –4) from x-axis is</p>",
                    "options": [
                      {
                        "id": "a",
                        "text": "3"
                      },
                      {
                        "id": "b",
                        "text": "4"
                      },
                      {
                        "id": "c",
                        "text": "5"
                      },
                      {
                        "id": "d",
                        "text": "7"
                      }
                    ],
                    "correct_answer": {
                      "ids": [
                        "b"
                      ]
                    },
                    "question_type": "mcq_single",
                    "difficulty_level": "easy",
                    "explanation_html": "<p>The distance of any point (x, y) from the x-axis is the absolute value of its y-coordinate. For the point A(–3, –4), the y-coordinate is –4. The distance is |–4| = 4 units.</p>"
                  }
                ]
              },
              {
                "chapter_name": "Triangles",
                "questions": [
                  {
                    "question_no": 6,
                    "question_html": "<p>In the adjoining figure, PQ || XY || BC, AP = 2 cm, PX = 1.5 cm and BX = 4 cm. If QY = 0.75 cm, then AQ + CY =</p>",
                    "images": [
                      {
                        "url": "https://img.testbuddyai.com/Maths-30-6-25-Q6.png"
                      }
                    ],
                    "options": [
                      {
                        "id": "a",
                        "text": "6 cm"
                      },
                      {
                        "id": "b",
                        "text": "4.5 cm"
                      },
                      {
                        "id": "c",
                        "text": "3 cm"
                      },
                      {
                        "id": "d",
                        "text": "5.25 cm"
                      }
                    ],
                    "correct_answer": {
                      "ids": [
                        "c"
                      ]
                    },
                    "question_type": "mcq_single",
                    "difficulty_level": "hard",
                    "explanation_html": "<p>Since PQ || XY, in triangle AXY, by the Basic Proportionality Theorem (Thales's Theorem), we have AP/PX = AQ/QY. Substituting the given values: 2 / 1.5 = AQ / 0.75. Solving for AQ, we get AQ = (2 × 0.75) / 1.5 = 1.5 / 1.5 = 1 cm. Now, since XY || BC, in triangle ABC, by the Basic Proportionality Theorem, we have AX/XB = AY/YC. We know AX = AP + PX = 2 + 1.5 = 3.5 cm, and AY = AQ + QY = 1 + 0.75 = 1.75 cm. Substituting these values: 3.5 / 4 = 1.75 / CY. Solving for CY, we get CY = (1.75 × 4) / 3.5 = 7 / 3.5 = 2 cm. Finally, AQ + CY = 1 cm + 2 cm = 3 cm.</p>"
                  },
                  {
                    "question_no": 7,
                    "question_html": "<p>Given ΔABC ~ ΔPQR, ∠A = 30° and ∠Q = 90°. The value of (∠R + ∠B) is</p>",
                    "options": [
                      {
                        "id": "a",
                        "text": "90°"
                      },
                      {
                        "id": "b",
                        "text": "120°"
                      },
                      {
                        "id": "c",
                        "text": "150°"
                      },
                      {
                        "id": "d",
                        "text": "180°"
                      }
                    ],
                    "correct_answer": {
                      "ids": [
                        "c"
                      ]
                    },
                    "question_type": "mcq_single",
                    "difficulty_level": "medium",
                    "explanation_html": "<p>Since ΔABC ~ ΔPQR, their corresponding angles are equal. So, ∠A = ∠P = 30°, ∠B = ∠Q = 90°, and ∠C = ∠R. In ΔPQR, the sum of angles is 180°. So, ∠P + ∠Q + ∠R = 180°. 30° + 90° + ∠R = 180°. This gives ∠R = 180° - 120° = 60°. We need to find the value of (∠R + ∠B). Substituting the values we found: 60° + 90° = 150°.</p>"
                  }
                ]
              },
              {
                "chapter_name": "Probability",
                "questions": [
                  {
                    "question_no": 8,
                    "question_html": "<p>Two coins are tossed simultaneously. The probability of getting atleast one head is</p>",
                    "options": [
                      {
                        "id": "a",
                        "text": "1/4"
                      },
                      {
                        "id": "b",
                        "text": "1/2"
                      },
                      {
                        "id": "c",
                        "text": "3/4"
                      },
                      {
                        "id": "d",
                        "text": "1"
                      }
                    ],
                    "correct_answer": {
                      "ids": [
                        "c"
                      ]
                    },
                    "question_type": "mcq_single",
                    "difficulty_level": "easy",
                    "explanation_html": "<p>When two coins are tossed, the sample space of all possible outcomes is S = {HH, HT, TH, TT}, where H is Head and T is Tail. The total number of outcomes is 4. The event of getting 'at least one head' includes the outcomes {HH, HT, TH}. The number of favorable outcomes is 3. The probability of an event is the ratio of the number of favorable outcomes to the total number of outcomes. Therefore, the probability is 3/4.</p>"
                  }
                ]
              },
              {
                "chapter_name": "Circles",
                "questions": [
                  {
                    "question_no": 9,
                    "question_html": "<p>In the adjoining figure, PA and PB are tangents to a circle with centre O such that ∠P = 90°. If AB = 3√2 cm, then the diameter of the circle is</p>",
                    "images": [
                      {
                        "url": "https://img.testbuddyai.com/Maths-30-6-25-Q9.png"
                      }
                    ],
                    "options": [
                      {
                        "id": "a",
                        "text": "3√2 cm"
                      },
                      {
                        "id": "b",
                        "text": "6√2 cm"
                      },
                      {
                        "id": "c",
                        "text": "3 cm"
                      },
                      {
                        "id": "d",
                        "text": "6 cm"
                      }
                    ],
                    "correct_answer": {
                      "ids": [
                        "d"
                      ]
                    },
                    "question_type": "mcq_single",
                    "difficulty_level": "hard",
                    "explanation_html": "<p>In the quadrilateral OAPB, ∠OAP = 90° and ∠OBP = 90° because the tangent at any point of a circle is perpendicular to the radius through the point of contact. We are given ∠APB = 90°. The sum of angles in a quadrilateral is 360°, so ∠AOB = 360° - 90° - 90° - 90° = 90°. Since all angles are 90°, OAPB is a rectangle. Also, the adjacent sides OA and OB are radii of the same circle, so OA = OB. A rectangle with equal adjacent sides is a square. Therefore, OAPB is a square, and OA = OB = AP = PB. Let the radius be r. In the right-angled triangle APB, by Pythagoras theorem, AP² + PB² = AB². Since AP = PB = r, we have r² + r² = (3√2)². 2r² = 18. r² = 9. So, r = 3 cm. The diameter of the circle is 2r = 2 × 3 = 6 cm.</p>"
                  },
                  {
                    "question_no": 10,
                    "question_html": "<p>For a circle with centre O and radius 5 cm, which of the following statements is true ?<br>P : Distance between every pair of parallel tangents is 5 cm.<br>Q : Distance between every pair of parallel tangents is 10 cm.<br>R : Distance between every pair of parallel tangents must be between 5 cm and 10 cm.<br>S : There does not exist a point outside the circle from where length of tangent is 5 cm.</p>",
                    "options": [
                      {
                        "id": "a",
                        "text": "P"
                      },
                      {
                        "id": "b",
                        "text": "Q"
                      },
                      {
                        "id": "c",
                        "text": "R"
                      },
                      {
                        "id": "d",
                        "text": "S"
                      }
                    ],
                    "correct_answer": {
                      "ids": [
                        "b"
                      ]
                    },
                    "question_type": "mcq_single",
                    "difficulty_level": "medium",
                    "explanation_html": "<p>Parallel tangents to a circle are drawn at the endpoints of a diameter. The distance between these two parallel lines is equal to the length of the diameter. The radius is given as 5 cm, so the diameter is 2 × 5 = 10 cm. Therefore, the distance between any pair of parallel tangents is 10 cm. This makes statement Q true. Statement S is false, because for any desired tangent length L, we can find a point P outside the circle such that the tangent from P has length L. Specifically, the distance from the center to P would be √(r² + L²), which for L=5 and r=5 is √(25+25) = 5√2, a valid distance.</p>"
                  },
                  {
                    "question_no": 11,
                    "question_html": "<p>In the adjoining figure, TS is a tangent to a circle with centre O. The value of 2x° is</p>",
                    "images": [
                      {
                        "url": "https://img.testbuddyai.com/Maths-30-6-25-Q11.png"
                      }
                    ],
                    "options": [
                      {
                        "id": "a",
                        "text": "22.5"
                      },
                      {
                        "id": "b",
                        "text": "45"
                      },
                      {
                        "id": "c",
                        "text": "67.5"
                      },
                      {
                        "id": "d",
                        "text": "90"
                      }
                    ],
                    "correct_answer": {
                      "ids": [
                        "b"
                      ]
                    },
                    "question_type": "mcq_single",
                    "difficulty_level": "medium",
                    "explanation_html": "<p>The radius of a circle is perpendicular to the tangent at the point of contact. Therefore, in triangle OTS, the angle at the point of contact S is ∠OST = 90°. The sum of the angles in a triangle is 180°. So, in ΔOTS, ∠SOT + ∠OST + ∠OTS = 180°. We are given ∠SOT = 3x° and ∠OTS = x°. Substituting the values: 3x + 90 + x = 180. 4x = 180 - 90. 4x = 90. x = 90 / 4 = 22.5. The question asks for the value of 2x°, which is 2 × 22.5 = 45°.</p>"
                  }
                ]
              },
              {
                "chapter_name": "Introduction to Trigonometry",
                "questions": [
                  {
                    "question_no": 12,
                    "question_html": "<p>If x(2 tan 30° / (1 + tan² 30°)) = y(2 tan 30° / (1 – tan² 30°)), then x : y =</p>",
                    "options": [
                      {
                        "id": "a",
                        "text": "1 : 1"
                      },
                      {
                        "id": "b",
                        "text": "1 : 2"
                      },
                      {
                        "id": "c",
                        "text": "2 : 1"
                      },
                      {
                        "id": "d",
                        "text": "4 : 1"
                      }
                    ],
                    "correct_answer": {
                      "ids": [
                        "c"
                      ]
                    },
                    "question_type": "mcq_single",
                    "difficulty_level": "hard",
                    "explanation_html": "<p>We can use the double angle identities: sin(2A) = 2tanA / (1 + tan²A) and tan(2A) = 2tanA / (1 - tan²A). Let A = 30°, then 2A = 60°. The given equation becomes: x(sin 60°) = y(tan 60°). Substitute the values of sin 60° (√3/2) and tan 60° (√3): x(√3/2) = y(√3). We can divide both sides by √3 (since it's not zero). x/2 = y. x = 2y. The ratio x/y = 2/1, so x : y = 2 : 1.</p>"
                  }
                ]
              },
              {
                "chapter_name": "Some Applications of Trigonometry",
                "questions": [
                  {
                    "question_no": 13,
                    "question_html": "<p>A peacock sitting on the top of a tree of height 10 m observes a snake moving on the ground. If the snake is 10√3 m away from the base of the tree, then angle of depression of the snake from the eye of the peacock is</p>",
                    "options": [
                      {
                        "id": "a",
                        "text": "30°"
                      },
                      {
                        "id": "b",
                        "text": "45°"
                      },
                      {
                        "id": "c",
                        "text": "60°"
                      },
                      {
                        "id": "d",
                        "text": "90°"
                      }
                    ],
                    "correct_answer": {
                      "ids": [
                        "a"
                      ]
                    },
                    "question_type": "mcq_single",
                    "difficulty_level": "medium",
                    "explanation_html": "<p>This situation forms a right-angled triangle. The height of the tree is the side opposite to the angle of elevation from the snake, which is 10 m. The distance of the snake from the base of the tree is the adjacent side, which is 10√3 m. The angle of depression from the peacock to the snake is equal to the angle of elevation from the snake to the peacock. Let this angle be θ. We have tan(θ) = Opposite / Adjacent = 10 / (10√3) = 1/√3. The angle θ for which tan(θ) = 1/√3 is 30°.</p>"
                  }
                ]
              },
              {
                "chapter_name": "Surface Areas and Volumes",
                "questions": [
                  {
                    "question_no": 14,
                    "question_html": "<p>If a cone of greatest possible volume is hollowed out from a solid wooden cylinder, then the ratio of the volume of remaining wood to the volume of cone hollowed out is</p>",
                    "options": [
                      {
                        "id": "a",
                        "text": "1 : 1"
                      },
                      {
                        "id": "b",
                        "text": "1 : 3"
                      },
                      {
                        "id": "c",
                        "text": "2 : 1"
                      },
                      {
                        "id": "d",
                        "text": "3 : 1"
                      }
                    ],
                    "correct_answer": {
                      "ids": [
                        "c"
                      ]
                    },
                    "question_type": "mcq_single",
                    "difficulty_level": "medium",
                    "explanation_html": "<p>For a cone of the greatest possible volume to be hollowed out from a cylinder, the cone must have the same base radius (r) and the same height (h) as the cylinder. The volume of the cylinder is V_cyl = πr²h. The volume of the cone is V_cone = (1/3)πr²h. The volume of the remaining wood is V_rem = V_cyl - V_cone = πr²h - (1/3)πr²h = (2/3)πr²h. The question asks for the ratio of the volume of remaining wood to the volume of the cone: Ratio = V_rem / V_cone = [(2/3)πr²h] / [(1/3)πr²h] = 2/1. So the ratio is 2:1.</p>"
                  }
                ]
              },
              {
                "chapter_name": "Statistics",
                "questions": [
                  {
                    "question_no": 15,
                    "question_html": "<p>If the mode of some observations is 10 and sum of mean and median is 25, then the mean and median respectively are</p>",
                    "options": [
                      {
                        "id": "a",
                        "text": "12 and 13"
                      },
                      {
                        "id": "b",
                        "text": "13 and 12"
                      },
                      {
                        "id": "c",
                        "text": "10 and 15"
                      },
                      {
                        "id": "d",
                        "text": "15 and 10"
                      }
                    ],
                    "correct_answer": {
                      "ids": [
                        "b"
                      ]
                    },
                    "question_type": "mcq_single",
                    "difficulty_level": "medium",
                    "explanation_html": "<p>We use the empirical relationship between mean, median, and mode: Mode = 3 × Median – 2 × Mean. We are given Mode = 10 and Mean + Median = 25. Let Mean = M and Median = Me. We have M + Me = 25, so M = 25 - Me. Substituting into the formula: 10 = 3 × Me - 2 × (25 - Me). 10 = 3Me - 50 + 2Me. 60 = 5Me. Me = 12. So, the median is 12. Now, find the mean: M = 25 - Me = 25 - 12 = 13. Therefore, the mean is 13 and the median is 12.</p>"
                  },
                  {
                    "question_no": 16,
                    "question_html": "<p>If the maximum number of students has obtained 52 marks out of 80, then</p>",
                    "options": [
                      {
                        "id": "a",
                        "text": "52 is the mean of the data."
                      },
                      {
                        "id": "b",
                        "text": "52 is the median of the data."
                      },
                      {
                        "id": "c",
                        "text": "52 is the mode of the data."
                      },
                      {
                        "id": "d",
                        "text": "52 is the range of the data."
                      }
                    ],
                    "correct_answer": {
                      "ids": [
                        "c"
                      ]
                    },
                    "question_type": "mcq_single",
                    "difficulty_level": "easy",
                    "explanation_html": "<p>The mode of a data set is the value that appears most frequently. The statement 'the maximum number of students has obtained 52 marks' means that the score of 52 occurred more often than any other score. This is the definition of the mode.</p>"
                  }
                ]
              },
              {
                "chapter_name": "Pair of Linear Equations in Two Variables",
                "questions": [
                  {
                    "question_no": 17,
                    "question_html": "<p>The system of equations 2x + 1 = 0 and 3y – 5 = 0 has</p>",
                    "options": [
                      {
                        "id": "a",
                        "text": "unique solution"
                      },
                      {
                        "id": "b",
                        "text": "two solutions"
                      },
                      {
                        "id": "c",
                        "text": "no solution"
                      },
                      {
                        "id": "d",
                        "text": "infinite number of solutions"
                      }
                    ],
                    "correct_answer": {
                      "ids": [
                        "a"
                      ]
                    },
                    "question_type": "mcq_single",
                    "difficulty_level": "easy",
                    "explanation_html": "<p>The first equation, 2x + 1 = 0, can be solved for x: 2x = -1, so x = -1/2. The second equation, 3y - 5 = 0, can be solved for y: 3y = 5, so y = 5/3. These two equations give a single, specific value for x and a single, specific value for y. Therefore, there is only one pair of (x, y) values that satisfies both equations, which is (-1/2, 5/3). This is a unique solution.</p>"
                  }
                ]
              },
              {
                "chapter_name": "Introduction to Trigonometry",
                "questions": [
                  {
                    "question_no": 18,
                    "question_html": "<p>In a right triangle ABC, right-angled at A, if sin B = 1/4, then the value of sec B is</p>",
                    "options": [
                      {
                        "id": "a",
                        "text": "4"
                      },
                      {
                        "id": "b",
                        "text": "√15 / 4"
                      },
                      {
                        "id": "c",
                        "text": "√15"
                      },
                      {
                        "id": "d",
                        "text": "4 / √15"
                      }
                    ],
                    "correct_answer": {
                      "ids": [
                        "d"
                      ]
                    },
                    "question_type": "mcq_single",
                    "difficulty_level": "medium",
                    "explanation_html": "<p>In a right-angled triangle, sin B = Opposite / Hypotenuse. Given sin B = 1/4, we can let the side opposite to angle B (AC) be 1 and the hypotenuse (BC) be 4. By the Pythagorean theorem, Adjacent² + Opposite² = Hypotenuse². So, AB² + AC² = BC² => AB² + 1² = 4². AB² = 16 - 1 = 15. AB = √15. The value of sec B is Hypotenuse / Adjacent = BC / AB = 4 / √15.</p>"
                  }
                ]
              },
              {
                "chapter_name": "Real Numbers",
                "questions": [
                  {
                    "question_no": 19,
                    "question_html": "<p>Assertion (A) : For any two prime numbers p and q, their HCF is 1 and LCM is p + q.</p>\n<p>Reason (R) : For any two natural numbers, HCF × LCM = product of numbers.</p>",
                    "options": [
                      {
                        "id": "a",
                        "text": "Both Assertion (A) and Reason (R) are true and Reason (R) is correct explanation of Assertion (A)."
                      },
                      {
                        "id": "b",
                        "text": "Both Assertion (A) and Reason (R) are true, but Reason (R) is not the correct explanation of Assertion (A)."
                      },
                      {
                        "id": "c",
                        "text": "Assertion (A) is true, but Reason (R) is false."
                      },
                      {
                        "id": "d",
                        "text": "Assertion (A) is false, but Reason (R) is true."
                      }
                    ],
                    "correct_answer": {
                      "ids": [
                        "d"
                      ]
                    },
                    "question_type": "mcq_single",
                    "difficulty_level": "medium",
                    "explanation_html": "<p>Assertion (A) is false. For any two prime numbers p and q, their only common factor is 1, so their HCF is indeed 1. However, their LCM is the product of the numbers, i.e., p × q, not p + q. For example, for primes 3 and 5, HCF is 1 and LCM is 15, not 8. Reason (R) is true. This is a fundamental theorem of arithmetic which states that for any two positive integers, the product of their HCF and LCM is equal to the product of the two numbers. Since (A) is false and (R) is true, the correct option is (D).</p>"
                  }
                ]
              },
              {
                "chapter_name": "Probability",
                "questions": [
                  {
                    "question_no": 20,
                    "question_html": "<p>In an experiment of throwing a die, Assertion (A) : Event E₁ : getting a number less than 3 and Event E₂ : getting a number greater than 3 are complementary events.</p>\n<p>Reason (R) : If two events E and F are complementary events, then P(E) + P(F) = 1.</p>",
                    "options": [
                      {
                        "id": "a",
                        "text": "Both Assertion (A) and Reason (R) are true and Reason (R) is correct explanation of Assertion (A)."
                      },
                      {
                        "id": "b",
                        "text": "Both Assertion (A) and Reason (R) are true, but Reason (R) is not the correct explanation of Assertion (A)."
                      },
                      {
                        "id": "c",
                        "text": "Assertion (A) is true, but Reason (R) is false."
                      },
                      {
                        "id": "d",
                        "text": "Assertion (A) is false, but Reason (R) is true."
                      }
                    ],
                    "correct_answer": {
                      "ids": [
                        "d"
                      ]
                    },
                    "question_type": "mcq_single",
                    "difficulty_level": "medium",
                    "explanation_html": "<p>Assertion (A) is false. When throwing a die, the sample space is S = {1, 2, 3, 4, 5, 6}. Event E₁ (getting a number less than 3) corresponds to outcomes {1, 2}. Event E₂ (getting a number greater than 3) corresponds to outcomes {4, 5, 6}. Two events are complementary if they are mutually exclusive and their union is the entire sample space. Here, the outcome '3' is not included in either E₁ or E₂. So, E₁ ∪ E₂ ≠ S. Therefore, they are not complementary events. Reason (R) is true. This is the definition of complementary events. The sum of the probabilities of an event and its complement is always 1. Since (A) is false and (R) is true, the correct option is (D).</p>"
                  }
                ]
              },
              {
                "chapter_name": "Pair of Linear Equations in Two Variables",
                "questions": [
                  {
                    "question_no": 21,
                    "question_html": "<p>Solve the following pair of equations algebraically :</p><p>101x + 102y = 304</p><p>102x + 101y = 305</p><p>OR</p><p>In a pair of supplementary angles, the greater angle exceeds the smaller by 50°. Express the given situation as a system of linear equations in two variables and hence obtain the measure of each angle.</p>",
                    "options": [],
                    "correct_answer": {
                      "text": "<p><strong>Part (a):</strong></p><p>Adding equations we get</p><p>x + y = 3</p><p>Subtracting equations we get</p><p>-x + y = -1</p><p>Solving to get</p><p>x = 2 and y = 1</p><p><strong>OR Part (b):</strong></p><p>Let smaller angle be x and greater angle be y</p><p>ATQ, x + y = 180</p><p>Also y = x + 50</p><p>Solving we get</p><p>x = 65° and y = 115°</p>"
                    },
                    "question_type": "Very Short Answer (2 marks)",
                    "difficulty_level": "Medium",
                    "explanation_html": null
                  }
                ]
              },
              {
                "chapter_name": "Introduction to Trigonometry",
                "questions": [
                  {
                    "question_no": 22,
                    "question_html": "<p>If a sec θ + b tan θ = m and b sec θ + a tan θ = n, prove that a² + n² = b² + m²</p><p>OR</p><p>Use the identity : sin²A + cos²A = 1 to prove that tan²A + 1 = sec²A. Hence, find the value of tan A, when sec A = 5/3, where A is an acute angle.</p>",
                    "options": [],
                    "correct_answer": {
                      "text": "<p><strong>Part (a):</strong></p><p>m² = a² sec²θ + b² tan²θ + 2ab secθ tanθ</p><p>n² = b² sec²θ + a² tan²θ + 2ab secθ tanθ</p><p>m² - n² = a²(sec²θ – tan²θ) + b²(tan²θ – sec²θ)</p><p>⇒ m²– n² = a² - b² or a² + n² = m² + b²</p><p><strong>OR Part (b):</strong></p><p>sin²A + cos²A = 1</p><p>Dividing both sides by cos²A, we get</p><p>sin²A/cos²A + cos²A/cos²A = 1/cos²A</p><p>tan²A + 1 = sec²A</p><p>tan²A + 1 = (5/3)²</p><p>tan A = 4/3</p>"
                    },
                    "question_type": "Very Short Answer (2 marks)",
                    "difficulty_level": "Medium",
                    "explanation_html": null
                  }
                ]
              },
              {
                "chapter_name": "Coordinate Geometry",
                "questions": [
                  {
                    "question_no": 23,
                    "question_html": "<p>Prove that abscissa of a point P which is equidistant from points with coordinates A(7, 1) and B(3, 5) is 2 more than its ordinate.</p>",
                    "options": [],
                    "correct_answer": {
                      "text": "<p>Let P (x, y) be equidistant from A(7, 1) and B(3, 5)</p><p>PA = PB ⇒ PA² = PB²</p><p>(x - 7)² + (y - 1)² = (x − 3)² + (y − 5)²</p><p>x² + 49 - 14x + y² + 1 – 2y = x² + 9 – 6x + y² + 25 – 10y</p><p>x = 2 + y</p><p>Thus, abscissa of the point P is 2 more than its ordinate.</p>"
                    },
                    "question_type": "Very Short Answer (2 marks)",
                    "difficulty_level": "Medium",
                    "explanation_html": null
                  }
                ]
              },
              {
                "chapter_name": "Triangles",
                "questions": [
                  {
                    "question_no": 24,
                    "question_html": "<p>P is a point on the side BC of ∆ABC such that ∠APC = ∠BAC. Prove that AC² = BC · CP.</p>",
                    "options": [],
                    "correct_answer": {
                      "text": "<p>In ΔAPC and ΔBAC,</p><p>∠APC = ∠BAC (Given)</p><p>∠ACP = ∠BCA (Common)</p><p>∴ ΔAPC ~ ΔBAC (AA similarity)</p><p>So, AC/BC = CP/AC</p><p>AC² = BC.CP</p>"
                    },
                    "question_type": "Very Short Answer (2 marks)",
                    "difficulty_level": "Easy",
                    "explanation_html": null
                  }
                ]
              },
              {
                "chapter_name": "Probability",
                "questions": [
                  {
                    "question_no": 25,
                    "question_html": "<p>The number of red balls in a bag is three more than the number of black balls. If the probability of drawing a red ball at random from the given bag is 12/23, find the total number of balls in the given bag.</p>",
                    "options": [],
                    "correct_answer": {
                      "text": "<p>Let number of black balls = x</p><p>Then number of red balls = x + 3</p><p>∴ total number of balls = 2x + 3</p><p>According to the question,</p><p>P(Red ball) = (x+3)/(2x+3) = 12/23</p><p>23(x + 3) = 12(2x + 3)</p><p>23x + 69 = 24x + 36</p><p>x = 33</p><p>Total number of balls = 2x + 3 = 2(33) + 3 = 69</p>"
                    },
                    "question_type": "Very Short Answer (2 marks)",
                    "difficulty_level": "Medium",
                    "explanation_html": null
                  }
                ]
              },
              {
                "chapter_name": "Real Numbers",
                "questions": [
                  {
                    "question_no": 26,
                    "question_html": "<p>Prove that √5 is an irrational number.</p><p>OR</p><p>Let p, q and r be three distinct prime numbers. Check whether p·q·r + q is a composite number or not. Further, give an example for 3 distinct primes p, q, r such that (i) p·q·r + 1 is a composite number. (ii) p·q·r + 1 is a prime number.</p>",
                    "options": [],
                    "correct_answer": {
                      "text": "<p><strong>Part (a):</strong></p><p>Let √5 be a rational number.</p><p>∴ √5 = p/q, where q ≠ 0 and let p & q be the coprimes.</p><p>⇒ 5q² = p²</p><p>⇒ p² is divisible by 5.</p><p>⇒ p is divisible by 5. ----- (1)</p><p>Let p = 5a, where ‘a' is some integer</p><p>∴ 25a² = 5q²</p><p>⇒ q² = 5a²</p><p>⇒ q² is divisible by 5.</p><p>⇒ q is divisible by 5. ----- (2)</p><p>∴ 5 divides both p & q.</p><p>Equations (1) and (2) lead to a contradiction as p and q are coprimes.</p><p>Hence, √5 is an irrational number.</p><p><strong>OR Part (b):</strong></p><p>p·q·r + q = q(pr + 1)</p><p>Thus, the given number has more than 2 factors. Hence it is composite.</p><p>(i) Taking p = 3, q = 5 and r = 7</p><p>pqr + 1 = 3·5·7 + 1 = 106 is a composite number.</p><p>(ii) Taking p = 2, q = 3 and r = 5</p><p>pqr + 1 = 2·3·5 + 1 = 31 is a prime number.</p>"
                    },
                    "question_type": "Short Answer (3 marks)",
                    "difficulty_level": "Medium",
                    "explanation_html": null
                  }
                ]
              },
              {
                "chapter_name": "Polynomials",
                "questions": [
                  {
                    "question_no": 27,
                    "question_html": "<p>Find the zeroes of the polynomial p(x) = 3x² − 4x − 4. Hence, write a polynomial whose each of the zeroes is 2 more than zeroes of p(x).</p>",
                    "options": [],
                    "correct_answer": {
                      "text": "<p>p(x) = 3x² - 4x – 4</p><p>Factoring the polynomial: 3x² - 6x + 2x - 4 = 3x(x-2) + 2(x-2) = (3x+2)(x-2)</p><p>For zeroes, p(x) = 0, so (3x+2)(x-2) = 0</p><p>Zeroes are x = -2/3 and x = 2</p><p>New zeroes are (-2/3)+2 = 4/3 and 2+2 = 4</p><p>Sum of new zeroes = 4/3 + 4 = 16/3</p><p>Product of new zeroes = (4/3) × 4 = 16/3</p><p>Required polynomial is k(x² - (Sum of zeroes)x + Product of zeroes)</p><p>= k(x² - (16/3)x + 16/3)</p><p>For k=3, the polynomial is 3x² - 16x + 16.</p>"
                    },
                    "question_type": "Short Answer (3 marks)",
                    "difficulty_level": "Medium",
                    "explanation_html": null
                  }
                ]
              },
              {
                "chapter_name": "Pair of Linear Equations in Two Variables",
                "questions": [
                  {
                    "question_no": 28,
                    "question_html": "<p>Check whether the following pair of equations is consistent or not. If consistent, solve graphically.</p><p>x + 3y = 6</p><p>3y - 2x = -12</p>",
                    "options": [],
                    "correct_answer": {
                      "text": "<p>The equations are:</p><p>x + 3y = 6   (1)</p><p>-2x + 3y = -12 (2)</p><p>Here a₁=1, b₁=3, a₂=-2, b₂=3.</p><p>a₁/a₂ = 1/-2</p><p>b₁/b₂ = 3/3 = 1</p><p>Since a₁/a₂ ≠ b₁/b₂, the pair of equations is consistent.</p><p>To solve graphically:</p><p>For eq (1): If x=0, y=2. If y=0, x=6. Points are (0,2) and (6,0).</p><p>For eq (2): If x=0, y=-4. If y=0, x=6. Points are (0,-4) and (6,0).</p><p>Plotting these points on a graph and drawing the lines, we find that they intersect at the point (6, 0).</p><p>Solution is x = 6 and y = 0.</p>"
                    },
                    "question_type": "Short Answer (3 marks)",
                    "difficulty_level": "Medium",
                    "explanation_html": null
                  }
                ]
              },
              {
                "chapter_name": "Coordinate Geometry",
                "questions": [
                  {
                    "question_no": 29,
                    "question_html": "<p>If the points A(6, 1), B(p, 2), C(9, 4) and D(7, q) are the vertices of a parallelogram ABCD, then find the values of p and q. Hence, check whether ABCD is a rectangle or not.</p>",
                    "options": [],
                    "correct_answer": {
                      "text": "<p>Diagonals of a parallelogram bisect each other.</p><p>∴ Mid-point of diagonal AC = Mid-point of diagonal BD.</p><p>((6+9)/2, (1+4)/2) = ((p+7)/2, (2+q)/2)</p><p>(15/2, 5/2) = ((p+7)/2, (2+q)/2)</p><p>Equating the coordinates:</p><p>(p+7)/2 = 15/2  ⇒ p+7 = 15 ⇒ p = 8</p><p>(2+q)/2 = 5/2  ⇒ 2+q = 5 ⇒ q = 3</p><p>To check if it is a rectangle, we check if the diagonals are equal.</p><p>Diagonal AC = √((9-6)² + (4-1)²) = √(3² + 3²) = √18 = 3√2</p><p>Diagonal BD = √((7-p)² + (q-2)²) = √((7-8)² + (3-2)²) = √((-1)² + 1²) = √2</p><p>Since AC ≠ BD, ABCD is not a rectangle.</p>"
                    },
                    "question_type": "Short Answer (3 marks)",
                    "difficulty_level": "Medium",
                    "explanation_html": null
                  }
                ]
              },
              {
                "chapter_name": "Introduction to Trigonometry",
                "questions": [
                  {
                    "question_no": 30,
                    "question_html": "<p>Prove that : (cos θ - 2 cos³θ) / (sinθ - 2 sin³θ) + cot θ = 0.</p><p>OR</p><p>Given that sin θ + cos θ = x, prove that sin⁴θ + cos⁴θ = (2 - (x² - 1)²)/2.</p>",
                    "options": [],
                    "correct_answer": {
                      "text": "<p><strong>Part (a):</strong></p><p>LHS = (cos θ(1 - 2cos²θ)) / (sin θ(1 - 2sin²θ)) + cot θ</p><p>= (cot θ (1 - 2cos²θ)) / (1 - 2(1 - cos²θ))</p><p>= (cot θ (1 - 2cos²θ)) / (1 - 2 + 2cos²θ)</p><p>= (cot θ (1 - 2cos²θ)) / (2cos²θ - 1)</p><p>= (cot θ (1 - 2cos²θ)) / -(1 - 2cos²θ)</p><p>= -cot θ + cot θ = 0 = RHS</p><p><strong>OR Part (b):</strong></p><p>Given: sinθ + cosθ = x</p><p>Squaring both sides, (sinθ + cosθ)² = x²</p><p>sin²θ + cos²θ + 2sinθcosθ = x²</p><p>1 + 2sinθcosθ = x² ⇒ 2sinθcosθ = x² - 1</p><p>We need to prove sin⁴θ + cos⁴θ = (2 - (x² - 1)²)/2</p><p>Consider LHS: sin⁴θ + cos⁴θ = (sin²θ + cos²θ)² - 2sin²θcos²θ</p><p>= 1² - 2(sinθcosθ)²</p><p>= 1 - 2((x²-1)/2)²</p><p>= 1 - 2((x⁴ - 2x² + 1)/4)</p><p>= 1 - (x⁴ - 2x² + 1)/2</p><p>= (2 - x⁴ + 2x² - 1)/2 = (-x⁴ + 2x² + 1)/2</p><p>Consider RHS: (2 - (x²-1)²)/2 = (2 - (x⁴ - 2x² + 1))/2 = (2 - x⁴ + 2x² - 1)/2 = (-x⁴ + 2x² + 1)/2</p><p>Since LHS = RHS, the identity is proved.</p>"
                    },
                    "question_type": "Short Answer (3 marks)",
                    "difficulty_level": "Hard",
                    "explanation_html": null
                  }
                ]
              },
              {
                "chapter_name": "Circles",
                "questions": [
                  {
                    "question_no": 31,
                    "question_html": "<p>In the adjoining figure, TP and TQ are tangents drawn to a circle with centre O. If ∠OPQ = 15° and ∠PTQ = θ, then find the value of sin 2θ.</p>",
                    "images": [
                      {
                        "url": "https://img.testbuddyai.com/Maths-30-6-25-Q31.png"
                      }
                    ],
                    "options": [],
                    "correct_answer": {
                      "text": "<p>Since OP is the radius and TP is the tangent, OP ⊥ TP. So, ∠OPT = 90°.</p><p>∠TPQ = ∠OPT - ∠OPQ = 90° - 15° = 75°.</p><p>In ΔPTQ, TP = TQ (tangents from an external point).</p><p>So, ∠TQP = ∠TPQ = 75° (angles opposite to equal sides).</p><p>In ΔPTQ, by angle sum property:</p><p>∠PTQ + ∠TPQ + ∠TQP = 180°</p><p>θ + 75° + 75° = 180°</p><p>θ + 150° = 180°</p><p>θ = 30°</p><p>We need to find sin 2θ = sin(2 × 30°) = sin 60° = √3 / 2.</p>"
                    },
                    "question_type": "Short Answer (3 marks)",
                    "difficulty_level": "Medium",
                    "explanation_html": null
                  }
                ]
              },
              {
                "chapter_name": "Quadratic Equations",
                "questions": [
                  {
                    "question_no": 32,
                    "question_html": "<p>There is a circular park of diameter 65 m as shown in the following figure, where AB is a diameter. An entry gate is to be constructed at a point P on the boundary of the park such that distance of P from A is 35 m more than the distance of P from B. Find distance of point P from A and B respectively.</p><p>OR</p><p>Find the smallest value of p for which the quadratic equation x² - 2(p + 1)x + p² = 0 has real roots. Hence, find the roots of the equation so obtained.</p>",
                    "images": [
                      {
                        "url": "https://img.testbuddyai.com/Maths-30-6-25-Q32a.png"
                      }
                    ],
                    "options": [],
                    "correct_answer": {
                      "text": "<p><strong>Part (a):</strong></p><p>Let the distance of P from B be x m. Then the distance of P from A is (x + 35) m.</p><p>Since P is on the circle with AB as diameter, ∠APB = 90° (angle in a semicircle).</p><p>In right-angled ΔAPB, by Pythagoras theorem:</p><p>AP² + PB² = AB²</p><p>(x + 35)² + x² = 65²</p><p>x² + 70x + 1225 + x² = 4225</p><p>2x² + 70x - 3000 = 0</p><p>x² + 35x - 1500 = 0</p><p>(x + 60)(x - 25) = 0</p><p>Since distance cannot be negative, x = 25 m.</p><p>Distance of P from B = 25 m.</p><p>Distance of P from A = 25 + 35 = 60 m.</p><p><strong>OR Part (b):</strong></p><p>For the quadratic equation to have real roots, the discriminant (D) must be greater than or equal to 0.</p><p>D = b² - 4ac ≥ 0</p><p>Here, a=1, b=-2(p+1), c=p².</p><p>[-2(p + 1)]² - 4(1)(p²) ≥ 0</p><p>4(p + 1)² - 4p² ≥ 0</p><p>4(p² + 2p + 1) - 4p² ≥ 0</p><p>4p² + 8p + 4 - 4p² ≥ 0</p><p>8p + 4 ≥ 0</p><p>8p ≥ -4</p><p>p ≥ -1/2</p><p>The smallest value of p is -1/2.</p><p>Substituting p = -1/2 into the equation:</p><p>x² - 2(-1/2 + 1)x + (-1/2)² = 0</p><p>x² - 2(1/2)x + 1/4 = 0</p><p>x² - x + 1/4 = 0</p><p>4x² - 4x + 1 = 0</p><p>(2x - 1)² = 0</p><p>The roots are x = 1/2, 1/2.</p>"
                    },
                    "question_type": "Long Answer (5 marks)",
                    "difficulty_level": "Hard",
                    "explanation_html": null
                  }
                ]
              },
              {
                "chapter_name": "Triangles",
                "questions": [
                  {
                    "question_no": 33,
                    "question_html": "<p>If a line drawn parallel to one side of triangle intersecting the other two sides in distinct points divides the two sides in the same ratio, then it is parallel to third side. State and prove the converse of the above statement.</p><p>OR</p><p>In the adjoining figure, ΔCAB is a right triangle, right angled at A and AD ⊥ BC. Prove that ΔADB ~ ΔCDA. Further, if BC = 10 cm and CD = 2 cm, find the length of AD.</p>",
                    "images": [
                      {
                        "url": "https://img.testbuddyai.com/Maths-30-6-25-Q33b.png"
                      }
                    ],
                    "options": [],
                    "correct_answer": {
                      "text": "<p><strong>Part (a): Converse of Basic Proportionality Theorem</strong></p><p><strong>Statement:</strong> If a line divides any two sides of a triangle in the same ratio, then the line is parallel to the third side.</p><p><strong>Given:</strong> A ΔABC and a line DE intersecting AB at D and AC at E, such that AD/DB = AE/EC.</p><p><strong>To Prove:</strong> DE || BC.</p><p><strong>Proof:</strong> Let us assume that DE is not parallel to BC. Then, there must be another line through D that is parallel to BC. Let DF be parallel to BC, with F on AC.</p><p>By Basic Proportionality Theorem, since DF || BC,</p><p>AD/DB = AF/FC</p><p>But it is given that AD/DB = AE/EC</p><p>Therefore, AF/FC = AE/EC</p><p>Adding 1 to both sides:</p><p>AF/FC + 1 = AE/EC + 1</p><p>(AF+FC)/FC = (AE+EC)/EC</p><p>AC/FC = AC/EC</p><p>This implies FC = EC. This is only possible when F and E are the same point.</p><p>Thus, our assumption was wrong. Hence, DE must be parallel to BC.</p><p><strong>OR Part (b):</strong></p><p>In right ΔCAB, by Pythagoras theorem, AC² + AB² = BC².</p><p>In right ΔADC, ∠ADC = 90°. In ΔADB, ∠ADB = 90°.</p><p>In ΔCAB and ΔCDA:</p><p>∠CAB = ∠CDA = 90°</p><p>∠C = ∠C (Common)</p><p>∴ ΔCAB ~ ΔCDA (AA similarity)</p><p>In ΔCAB and ΔADB:</p><p>∠CAB = ∠ADB = 90°</p><p>∠B = ∠B (Common)</p><p>∴ ΔCAB ~ ΔADB (AA similarity)</p><p>From the two similarity results, since both triangles are similar to ΔCAB, they are similar to each other.</p><p>∴ ΔADB ~ ΔCDA.</p><p>Since the triangles are similar, the ratio of their corresponding sides is equal:</p><p>AD/CD = DB/DA</p><p>AD² = CD × DB</p><p>Given BC = 10 cm and CD = 2 cm.</p><p>DB = BC - CD = 10 - 2 = 8 cm.</p><p>AD² = 2 × 8 = 16</p><p>AD = 4 cm.</p>"
                    },
                    "question_type": "Long Answer (5 marks)",
                    "difficulty_level": "Medium",
                    "explanation_html": null
                  }
                ]
              },
              {
                "chapter_name": "Surface Areas and Volumes",
                "questions": [
                  {
                    "question_no": 34,
                    "question_html": "<p>From one face of a solid cube of side 14 cm, the largest possible cone is carved out. Find the volume and surface area of the remaining solid. (Use π = 22/7, √5 = 2.2)</p>",
                    "options": [],
                    "correct_answer": {
                      "text": "<p>For the largest possible cone carved from a cube of side 14 cm:</p><p>Height of the cone (h) = side of the cube = 14 cm.</p><p>Diameter of the cone's base = side of the cube = 14 cm.</p><p>Radius of the cone's base (r) = 14/2 = 7 cm.</p><p>Slant height of the cone (l) = √(h² + r²) = √(14² + 7²) = √(196 + 49) = √245 = √(49×5) = 7√5 cm.</p><p>Using √5 = 2.2, l = 7 × 2.2 = 15.4 cm.</p><p><strong>Volume of remaining solid:</strong></p><p>Volume = Volume of cube - Volume of cone</p><p>= (side)³ - (1/3)πr²h</p><p>= 14³ - (1/3) × (22/7) × 7² × 14</p><p>= 2744 - (1/3) × 22 × 7 × 14</p><p>= 2744 - 2156/3</p><p>= (8232 - 2156)/3 = 6076/3 cm³ ≈ 2025.33 cm³.</p><p><strong>Surface area of remaining solid:</strong></p><p>Surface Area = (Total surface area of cube) - (Area of base of cone) + (Curved surface area of cone)</p><p>= 6(side)² - πr² + πrl</p><p>= 6(14)² - (22/7)×7² + (22/7)×7×15.4</p><p>= 6 × 196 - 154 + 22 × 15.4</p><p>= 1176 - 154 + 338.8</p><p>= 1022 + 338.8 = 1360.8 cm².</p>"
                    },
                    "question_type": "Long Answer (5 marks)",
                    "difficulty_level": "Hard",
                    "explanation_html": null
                  }
                ]
              },
              {
                "chapter_name": "Statistics",
                "questions": [
                  {
                    "question_no": 35,
                    "question_html": "<p>Following distribution shows the marks of 230 students in a particular subject. If the median marks are 46, then find the values of x and y.</p><table><tbody><tr><td>Marks</td><td>Number of Students</td></tr><tr><td>10-20</td><td>12</td></tr><tr><td>20-30</td><td>30</td></tr><tr><td>30-40</td><td>x</td></tr><tr><td>40-50</td><td>65</td></tr><tr><td>50-60</td><td>y</td></tr><tr><td>60-70</td><td>25</td></tr><tr><td>70-80</td><td>18</td></tr></tbody></table>",
                    "options": [],
                    "correct_answer": {
                      "text": "<p>First, let's create a cumulative frequency table:</p><table><tbody><tr><td>Marks</td><td>Frequency (f)</td><td>Cumulative Frequency (cf)</td></tr><tr><td>10-20</td><td>12</td><td>12</td></tr><tr><td>20-30</td><td>30</td><td>42</td></tr><tr><td>30-40</td><td>x</td><td>42 + x</td></tr><tr><td>40-50</td><td>65</td><td>107 + x</td></tr><tr><td>50-60</td><td>y</td><td>107 + x + y</td></tr><tr><td>60-70</td><td>25</td><td>132 + x + y</td></tr><tr><td>70-80</td><td>18</td><td>150 + x + y</td></tr></tbody></table><p>Total number of students is 230, so N = 150 + x + y = 230.</p><p>This gives the equation: x + y = 80  ---(1)</p><p>The median is 46, which lies in the class interval 40-50. So, the median class is 40-50.</p><p>Median formula: Median = l + [ (N/2 - cf) / f ] × h</p><p>Here, l = 40 (lower limit of median class)</p><p>N = 230</p><p>cf = 42 + x (cumulative frequency of the class preceding the median class)</p><p>f = 65 (frequency of the median class)</p><p>h = 10 (class size)</p><p>Substituting the values:</p><p>46 = 40 + [ (230/2 - (42 + x)) / 65 ] × 10</p><p>6 = [ (115 - 42 - x) / 65 ] × 10</p><p>6 = [ (73 - x) / 65 ] × 10</p><p>6 × 65 = (73 - x) × 10</p><p>390 = 730 - 10x</p><p>10x = 730 - 390</p><p>10x = 340</p><p>x = 34</p><p>Now, substitute x = 34 into equation (1):</p><p>34 + y = 80</p><p>y = 46</p><p>So, the values are x = 34 and y = 46.</p>"
                    },
                    "question_type": "Long Answer (5 marks)",
                    "difficulty_level": "Medium",
                    "explanation_html": null
                  }
                ]
              },
              {
                "chapter_name": "Areas Related to Circles",
                "questions": [
                  {
                    "question_no": 36,
                    "question_html": "<p><strong>Case Study:</strong> Anurag purchased a farmhouse which is in the form of a semicircle of diameter 70 m. He divides it into three parts by taking a point P on the semicircle in such a way that ∠PAB = 30° as shown in the following figure, where O is the centre of semicircle. In part I, he planted saplings of Mango tree, in part II, he grew tomatoes and in part III, he grew oranges. Based on given information, answer the following questions.</p><p>(i) What is the measure of ∠POA?</p><p>(ii) Find the length of wire needed to fence entire piece of land.</p><p>(iii) (a) Find the area of region in which saplings of Mango tree are planted (Region I).</p><p>OR</p><p>(iii) (b) Find the length of wire needed to fence the region III.</p>",
                    "images": [
                      {
                        "url": "https://img.testbuddyai.com/Maths-30-6-25-Q36.png"
                      }
                    ],
                    "options": [],
                    "correct_answer": {
                      "text": "<p>Diameter AB = 70 m, so Radius OA = OB = OP = 35 m.</p><p>In ΔOAP, OA = OP (radii), so it's an isosceles triangle.</p><p>∠OPA = ∠OAP = 30°.</p><p><strong>(i) Measure of ∠POA:</strong></p><p>In ΔOAP, ∠POA = 180° - (∠OAP + ∠OPA) = 180° - (30° + 30°) = 120°.</p><p><strong>(ii) Length of wire to fence entire land:</strong></p><p>Length = Length of diameter AB + Length of semicircular arc APB</p><p>= 70 + (1/2) × 2πr = 70 + πr = 70 + (22/7) × 35 = 70 + 110 = 180 m.</p><p><strong>(iii) (a) Area of Region I (Mangoes):</strong></p><p>∠POB = 180° - ∠POA = 180° - 120° = 60°.</p><p>Area of Region I = Area of sector POB - Area of ΔPOB.</p><p>Since ∠POB = 60° and OP=OB, ΔPOB is an equilateral triangle.</p><p>Area of sector POB = (60/360) × πr² = (1/6) × (22/7) × 35² = (1/6) × 22 × 5 × 35 = 3850/6 ≈ 641.67 m².</p><p>Area of ΔPOB = (√3/4) × side² = (√3/4) × 35² = 1225√3 / 4 ≈ 530.44 m².</p><p>Area of Region I ≈ 641.67 - 530.44 = 111.23 m².</p><p>Using the values from marking scheme: Area = (1925/3) - (1225√3/4) m² or 111.89 m² (approx.)</p><p><strong>OR (iii) (b) Length of wire to fence Region III:</strong></p><p>Region III is bounded by OA, OP and arc AP.</p><p>Length = OA + OP + Arc length AP.</p><p>Arc length AP = (120/360) × 2πr = (1/3) × 2 × (22/7) × 35 = (2/3) × 110 = 220/3 m.</p><p>Total length = 35 + 35 + 220/3 = 70 + 220/3 = (210+220)/3 = 430/3 m ≈ 143.33 m.</p><p>[Note: The marking scheme calculates wire length as `(120/360) x 2 x 22/7 x 35 + 35√3` which seems to be Arc AP + line segment AP. In ΔAPB, ∠APB=90°, AB=70, so AP = AB cos(30°) = 70(√3/2) = 35√3. The length would be Arc AP + AP = 220/3 + 35√3 ≈ 73.33 + 60.62 = 133.95 m. Let's follow this interpretation.]</p><p>Required length of wire = Arc AP + line segment AP = (220/3) + 35√3 m or 133.8 m (approx.)</p>"
                    },
                    "question_type": "Case-based Subjective",
                    "difficulty_level": "Hard",
                    "explanation_html": null
                  }
                ]
              },
              {
                "chapter_name": "Arithmetic Progressions",
                "questions": [
                  {
                    "question_no": 37,
                    "question_html": "<p><strong>Case Study:</strong> In order to organise, Annual Sports Day, a school prepared an eight lane running track with an integrated football field inside the track area as shown below. The length of innermost lane of the track is 400 m and each subsequent lane is 7.6 m longer than the preceding lane.</p><p>Based on given information, answer the following questions, using concept of Arithmetic Progression.</p><p>(i) What is the length of the 6th lane?</p><p>(ii) How long is the 8th lane than that of 4th lane?</p><p>(iii) (a) While practicing for a race, a student took one round each in first six lanes. Find the total distance covered by the student.</p><p>OR</p><p>(iii) (b) A student took one round each in lane 4 to lane 8. Find the total distance covered by the student.</p>",
                    "images": [
                      {
                        "url": "https://img.testbuddyai.com/Maths-30-6-25-Q37.png"
                      }
                    ],
                    "options": [],
                    "correct_answer": {
                      "text": "<p>The lengths of the lanes form an Arithmetic Progression (AP).</p><p>First term (a) = 400 m.</p><p>Common difference (d) = 7.6 m.</p><p><strong>(i) Length of the 6th lane (a₆):</strong></p><p>aₙ = a + (n-1)d</p><p>a₆ = 400 + (6-1) × 7.6 = 400 + 5 × 7.6 = 400 + 38 = 438 m.</p><p><strong>(ii) Difference between 8th and 4th lane:</strong></p><p>a₈ - a₄ = (a + 7d) - (a + 3d) = 4d = 4 × 7.6 = 30.4 m.</p><p><strong>(iii) (a) Total distance in first six lanes (S₆):</strong></p><p>Sₙ = n/2 [2a + (n-1)d]</p><p>S₆ = 6/2 [2 × 400 + (6-1) × 7.6] = 3 [800 + 5 × 7.6] = 3 [800 + 38] = 3 × 838 = 2514 m.</p><p><strong>OR (iii) (b) Total distance from lane 4 to lane 8:</strong></p><p>This is the sum of a₄, a₅, a₆, a₇, a₈. This can be calculated as S₈ - S₃.</p><p>S₈ = 8/2 [2 × 400 + 7 × 7.6] = 4 [800 + 53.2] = 4 × 853.2 = 3412.8 m.</p><p>S₃ = 3/2 [2 × 400 + 2 × 7.6] = 1.5 [800 + 15.2] = 1.5 × 815.2 = 1222.8 m.</p><p>Total distance = 3412.8 - 1222.8 = 2190 m.</p>"
                    },
                    "question_type": "Case-based Subjective",
                    "difficulty_level": "Medium",
                    "explanation_html": null
                  }
                ]
              },
              {
                "chapter_name": "Some Applications of Trigonometry",
                "questions": [
                  {
                    "question_no": 38,
                    "question_html": "<p><strong>Case Study:</strong> The Statue of Unity situated in Gujarat is the world's largest Statue which stands over a 58 m high base. As part of the project, a student constructed an inclinometer and wishes to find the height of Statue of Unity using it. He noted following observations from two places:</p><p><strong>Situation–I:</strong> The angle of elevation of the top of Statue from Place A which is 80√3 m away from the base of the Statue is found to be 60°.</p><p><strong>Situation–II:</strong> The angle of elevation of the top of Statue from a Place B which is 40 m above the ground is found to be 30° and entire height of the Statue including the base is found to be 240 m.</p><p>(i) Represent the Situation – I with the help of a diagram.</p><p>(ii) Represent the Situation – II with the help of a diagram.</p><p>(iii) (a) Calculate the height of Statue excluding the base and also find the height including the base with the help of Situation – I.</p><p>OR</p><p>(iii) (b) Find the horizontal distance of point B (Situation – II) from the Statue and the value of tan α, where α is the angle of elevation of top of base of the Statue from point B.</p>",
                    "images": [
                      {
                        "url": "https://img.testbuddyai.com/Maths-30-6-25-Q38.png"
                      }
                    ],
                    "options": [],
                    "correct_answer": {
                      "text": "<p><strong>(i) Diagram for Situation – I:</strong> A right-angled triangle where the base is 80√3 m, the angle of elevation from point A to the top of the statue is 60°, and the perpendicular is the total height (statue + base).</p><p><strong>(ii) Diagram for Situation – II:</strong> A diagram showing the statue on its base. Point B is 40m high. A horizontal line from B meets the statue's vertical line. The angle of elevation from B to the top is 30°. The total height is 240m.</p><p><strong>(iii) (a) Calculation using Situation-I:</strong></p><p>Let H be the height of the statue including the base. Let the point on the ground be A, and the base of the statue be C. The top is Q.</p><p>In right ΔACQ,</p><p>tan 60° = QC / AC = H / (80√3)</p><p>√3 = H / (80√3)</p><p>H = 80√3 × √3 = 240 m.</p><p>The height of the statue including the base is 240 m.</p><p>The height of the base is 58 m.</p><p>Height of the statue excluding the base = 240 - 58 = 182 m.</p><p><strong>OR (iii) (b) Calculation using Situation-II:</strong></p><p>Let the horizontal distance from B to the statue be x. Let Q be the top of the statue and R be the point on the statue's vertical line at the same level as B.</p><p>The height of the statue above point R is QR = 240 - 40 = 200 m.</p><p>In the right triangle formed,</p><p>tan 30° = QR / x = 200 / x</p><p>1/√3 = 200 / x</p><p>x = 200√3 m.</p><p>The horizontal distance of point B from the statue is 200√3 m.</p><p>Now, let α be the angle of elevation of the top of the base (let's call it point P) from point B.</p><p>The height of the top of the base above point B is PR = 58 - 40 = 18 m.</p><p>tan α = PR / (horizontal distance) = 18 / (200√3)</p><p>tan α = 9 / (100√3) = (9√3) / 300 = 3√3 / 100.</p>"
                    },
                    "question_type": "Case-based Subjective",
                    "difficulty_level": "Hard",
                    "explanation_html": null
                  }
                ]
              }
            ]
          }
        ]
      }
    ]
  }
]