[
  {
    "exam_name_actual": "CBSE Board - Class 10",
    "main_exam_id_name_ref": "CBSE Board - Class 10",
    "years": [
      {
        "year": "2025",
        "papers_or_subjects": [
          {
            "paper_name": "CBSE Class 10 Mathematics (Standard) Paper 2025 (QP Code: 30/2/1)",
            "subject_name": "Mathematics",
            "chapters": [
              {
                "chapter_name": "Introduction to Trigonometry",
                "questions": [
                  {
                    "question_no": 1,
                    "question_html": "<p>If 7 cos² θ + 3 sin² θ = 4, then the value of θ is :</p>",
                    "options": [
                      {
                        "id": "a",
                        "text": "30°"
                      },
                      {
                        "id": "b",
                        "text": "45°"
                      },
                      {
                        "id": "c",
                        "text": "60°"
                      },
                      {
                        "id": "d",
                        "text": "90°"
                      }
                    ],
                    "correct_answer": {
                      "ids": [
                        "c"
                      ]
                    },
                    "question_type": "mcq_single",
                    "difficulty_level": "medium",
                    "explanation_html": "<p>Given the equation 7 cos² θ + 3 sin² θ = 4. We can rewrite 7 cos² θ as 4 cos² θ + 3 cos² θ. The equation becomes 4 cos² θ + 3 cos² θ + 3 sin² θ = 4. Factoring out 3, we get 4 cos² θ + 3(cos² θ + sin² θ) = 4. Using the identity sin² θ + cos² θ = 1, the equation simplifies to 4 cos² θ + 3(1) = 4. So, 4 cos² θ = 1, which means cos² θ = 1/4. Taking the square root, we get cos θ = 1/2. For an acute angle, θ = 60°.</p>"
                  }
                ]
              },
              {
                "chapter_name": "Probability",
                "questions": [
                  {
                    "question_no": 2,
                    "question_html": "<p>The probability of drawing an even prime number out of numbers from 1 to 30 is:</p>",
                    "options": [
                      {
                        "id": "a",
                        "text": "1/30"
                      },
                      {
                        "id": "b",
                        "text": "4/15"
                      },
                      {
                        "id": "c",
                        "text": "7/30"
                      },
                      {
                        "id": "d",
                        "text": "0"
                      }
                    ],
                    "correct_answer": {
                      "ids": [
                        "a"
                      ]
                    },
                    "question_type": "mcq_single",
                    "difficulty_level": "easy",
                    "explanation_html": "<p>The numbers from 1 to 30 constitute the total possible outcomes, so there are 30 outcomes. A prime number is a number greater than 1 that has only two divisors: 1 and itself. An even number is an integer that is exactly divisible by 2. The only number that is both even and prime is 2. Therefore, there is only one favorable outcome. The probability is the ratio of favorable outcomes to the total number of outcomes, which is 1/30.</p>"
                  }
                ]
              },
              {
                "chapter_name": "Quadratic Equations",
                "questions": [
                  {
                    "question_no": 3,
                    "question_html": "<p>The quadratic equation whose roots are 7 and 1/7 is :</p>",
                    "options": [
                      {
                        "id": "a",
                        "text": "7x² – 50x + 7 = 0"
                      },
                      {
                        "id": "b",
                        "text": "7x² – 50x + 1 = 0"
                      },
                      {
                        "id": "c",
                        "text": "7x² + 50x – 7 = 0"
                      },
                      {
                        "id": "d",
                        "text": "7x² + 50x – 1 = 0"
                      }
                    ],
                    "correct_answer": {
                      "ids": [
                        "a"
                      ]
                    },
                    "question_type": "mcq_single",
                    "difficulty_level": "easy",
                    "explanation_html": "<p>For a quadratic equation with roots α and β, the equation can be written as x² - (α + β)x + αβ = 0. Here, the roots are α = 7 and β = 1/7. The sum of the roots is α + β = 7 + 1/7 = 49/7 + 1/7 = 50/7. The product of the roots is αβ = 7 * (1/7) = 1. Substituting these values into the formula, we get x² - (50/7)x + 1 = 0. To eliminate the fraction, we can multiply the entire equation by 7, which gives 7x² - 50x + 7 = 0.</p>"
                  }
                ]
              },
              {
                "chapter_name": "Real Numbers",
                "questions": [
                  {
                    "question_no": 4,
                    "question_html": "<p>The least number which is a perfect square and is divisible by each of 16, 20 and 50, is :</p>",
                    "options": [
                      {
                        "id": "a",
                        "text": "1200"
                      },
                      {
                        "id": "b",
                        "text": "100"
                      },
                      {
                        "id": "c",
                        "text": "3600"
                      },
                      {
                        "id": "d",
                        "text": "2400"
                      }
                    ],
                    "correct_answer": {
                      "ids": [
                        "c"
                      ]
                    },
                    "question_type": "mcq_single",
                    "difficulty_level": "medium",
                    "explanation_html": "<p>First, find the least common multiple (LCM) of 16, 20, and 50. The prime factorizations are: 16 = 2⁴, 20 = 2² × 5, 50 = 2 × 5². The LCM is the product of the highest powers of all prime factors, so LCM(16, 20, 50) = 2⁴ × 5² = 16 × 25 = 400. Now, we need the least perfect square that is divisible by 400. We check the prime factorization of the LCM, which is 2⁴ × 5². Since all the exponents (4 and 2) are even, the LCM itself is a perfect square (400 = 20²). As 400 is not an option and the question may be flawed, we check the given options. 3600 is a perfect square (60²) and it is divisible by 16 (3600/16=225), 20 (3600/20=180), and 50 (3600/50=72). It is the only option that is a perfect square and divisible by all three numbers.</p>"
                  }
                ]
              },
              {
                "chapter_name": "Coordinate Geometry",
                "questions": [
                  {
                    "question_no": 5,
                    "question_html": "<p>The coordinates of the end points of a diameter of a circle are (5, – 2) and (5, 2). The length of the radius of the circle is :</p>",
                    "options": [
                      {
                        "id": "a",
                        "text": "± 2"
                      },
                      {
                        "id": "b",
                        "text": "± 4"
                      },
                      {
                        "id": "c",
                        "text": "4"
                      },
                      {
                        "id": "d",
                        "text": "2"
                      }
                    ],
                    "correct_answer": {
                      "ids": [
                        "d"
                      ]
                    },
                    "question_type": "mcq_single",
                    "difficulty_level": "easy",
                    "explanation_html": "<p>The length of the diameter is the distance between its endpoints. Using the distance formula, D = √[(x₂-x₁)² + (y₂-y₁)²], the diameter length is √[(5-5)² + (2-(-2))²] = √[0² + 4²] = √16 = 4. The radius is half the length of the diameter, so Radius = 4 / 2 = 2. Length must be a positive value.</p>"
                  },
                  {
                    "question_no": 6,
                    "question_html": "<p>The points (– 5, 0), (5, 0) and (0, 4) are the vertices of a triangle which is a/an:</p>",
                    "options": [
                      {
                        "id": "a",
                        "text": "right-angled triangle"
                      },
                      {
                        "id": "b",
                        "text": "isosceles triangle"
                      },
                      {
                        "id": "c",
                        "text": "equilateral triangle"
                      },
                      {
                        "id": "d",
                        "text": "scalene triangle"
                      }
                    ],
                    "correct_answer": {
                      "ids": [
                        "b"
                      ]
                    },
                    "question_type": "mcq_single",
                    "difficulty_level": "easy",
                    "explanation_html": "<p>Let the vertices be A(–5, 0), B(5, 0), and C(0, 4). We calculate the lengths of the three sides using the distance formula. AB = √[(5 - (-5))² + (0 - 0)²] = √[10²] = 10. BC = √[(0 - 5)² + (4 - 0)²] = √[(-5)² + 4²] = √[25 + 16] = √41. AC = √[(0 - (-5))² + (4 - 0)²] = √[5² + 4²] = √[25 + 16] = √41. Since two sides, BC and AC, have the same length (√41), the triangle is an isosceles triangle.</p>"
                  }
                ]
              },
              {
                "chapter_name": "Circles",
                "questions": [
                  {
                    "question_no": 7,
                    "question_html": "<p>In the given figure, RS is the tangent to the circle at the point L and MN is the diameter. If ∠ NML = 30°, then ∠ RLM is :</p>",
                    "images": [
                      {
                        "url": "https://img.testbuddyai.com/Maths-30-2-25-Q7.png"
                      }
                    ],
                    "options": [
                      {
                        "id": "a",
                        "text": "30°"
                      },
                      {
                        "id": "b",
                        "text": "60°"
                      },
                      {
                        "id": "c",
                        "text": "90°"
                      },
                      {
                        "id": "d",
                        "text": "120°"
                      }
                    ],
                    "correct_answer": {
                      "ids": [
                        "b"
                      ]
                    },
                    "question_type": "mcq_single",
                    "difficulty_level": "medium",
                    "explanation_html": "<p>Since MN is the diameter, the angle subtended by the diameter at any point on the circumference is 90°. Therefore, ∠MLN = 90°. In triangle MNL, the sum of angles is 180°. So, ∠MNL + ∠NML + ∠MLN = 180°. ∠MNL + 30° + 90° = 180°, which gives ∠MNL = 60°. By the alternate segment theorem, the angle between the tangent (RS) and the chord (ML) at the point of contact (L) is equal to the angle in the alternate segment. Thus, ∠RLM = ∠MNL = 60°.</p>"
                  }
                ]
              },
              {
                "chapter_name": "Triangles",
                "questions": [
                  {
                    "question_no": 8,
                    "question_html": "<p>In the given figure, PQ||BC. If AP/PB = 4/13 and AC = 20.4 cm, then the length of AQ is :</p>",
                    "images": [
                      {
                        "url": "https://img.testbuddyai.com/Maths-30-2-25-Q8.png"
                      }
                    ],
                    "options": [
                      {
                        "id": "a",
                        "text": "2.8 cm"
                      },
                      {
                        "id": "b",
                        "text": "5.8 cm"
                      },
                      {
                        "id": "c",
                        "text": "3.8 cm"
                      },
                      {
                        "id": "d",
                        "text": "4.8 cm"
                      }
                    ],
                    "correct_answer": {
                      "ids": [
                        "d"
                      ]
                    },
                    "question_type": "mcq_single",
                    "difficulty_level": "medium",
                    "explanation_html": "<p>Since PQ is parallel to BC in triangle ABC, by the Basic Proportionality Theorem (Thales' Theorem), the line PQ divides the sides AB and AC in the same ratio. Therefore, AP/PB = AQ/QC. We are given AP/PB = 4/13, so AQ/QC = 4/13. This implies that AQ = 4k and QC = 13k for some constant k. The total length of AC is AQ + QC, so AC = 4k + 13k = 17k. We are given AC = 20.4 cm. So, 17k = 20.4, which means k = 20.4 / 17 = 1.2. The length of AQ is 4k, so AQ = 4 × 1.2 = 4.8 cm.</p>"
                  },
                  {
                    "question_no": 9,
                    "question_html": "<p>Which of the following statements is incorrect?</p>",
                    "options": [
                      {
                        "id": "a",
                        "text": "Two congruent figures are always similar."
                      },
                      {
                        "id": "b",
                        "text": "A square and a rhombus of the same area are always similar."
                      },
                      {
                        "id": "c",
                        "text": "Two equilateral triangles are always similar."
                      },
                      {
                        "id": "d",
                        "text": "Two similar triangles need not be congruent."
                      }
                    ],
                    "correct_answer": {
                      "ids": [
                        "b"
                      ]
                    },
                    "question_type": "mcq_single",
                    "difficulty_level": "medium",
                    "explanation_html": "<p>(A) is correct because congruent figures have the same shape and size, so they certainly have the same shape. (C) is correct because all equilateral triangles have angles of 60°, making them similar by AAA criterion. (D) is correct because similarity requires the same shape, not necessarily the same size. (B) is incorrect. For two polygons to be similar, their corresponding angles must be equal and their corresponding sides must be in proportion. A square has all angles of 90°. A rhombus can have different angles (as long as they are not all 90°). Therefore, a square and a non-square rhombus are never similar, even if they have the same area.</p>"
                  }
                ]
              },
              {
                "chapter_name": "Real Numbers",
                "questions": [
                  {
                    "question_no": 10,
                    "question_html": "<p>The sum of the exponents of prime factors in the prime factorisation of 4004 is:</p>",
                    "options": [
                      {
                        "id": "a",
                        "text": "5"
                      },
                      {
                        "id": "b",
                        "text": "4"
                      },
                      {
                        "id": "c",
                        "text": "3"
                      },
                      {
                        "id": "d",
                        "text": "2"
                      }
                    ],
                    "correct_answer": {
                      "ids": [
                        "a"
                      ]
                    },
                    "question_type": "mcq_single",
                    "difficulty_level": "easy",
                    "explanation_html": "<p>First, find the prime factorization of 4004. 4004 = 2 × 2002 = 2 × 2 × 1001 = 2² × 1001. Now, factorize 1001. It is not divisible by 2, 3, 5. Check 7: 1001 / 7 = 143. Now, factorize 143. Check 11: 143 / 11 = 13. So, 1001 = 7 × 11 × 13. Therefore, the prime factorization of 4004 is 2² × 7¹ × 11¹ × 13¹. The exponents of the prime factors are 2, 1, 1, and 1. The sum of these exponents is 2 + 1 + 1 + 1 = 5.</p>"
                  }
                ]
              },
              {
                "chapter_name": "Probability",
                "questions": [
                  {
                    "question_no": 11,
                    "question_html": "<p>In a cricket match, a batsman hits the boundary 7 times out of the 42 balls he plays. The probability of his not hitting a boundary is :</p>",
                    "options": [
                      {
                        "id": "a",
                        "text": "1/7"
                      },
                      {
                        "id": "b",
                        "text": "2/7"
                      },
                      {
                        "id": "c",
                        "text": "5/6"
                      },
                      {
                        "id": "d",
                        "text": "1/6"
                      }
                    ],
                    "correct_answer": {
                      "ids": [
                        "c"
                      ]
                    },
                    "question_type": "mcq_single",
                    "difficulty_level": "easy",
                    "explanation_html": "<p>The total number of balls played is 42. The number of times the batsman hits a boundary is 7. The number of times the batsman does not hit a boundary is the total number of balls minus the number of boundaries hit, which is 42 - 7 = 35. The probability of not hitting a boundary is the number of times he did not hit a boundary divided by the total number of balls played. P(not hitting a boundary) = 35 / 42. This fraction can be simplified by dividing both the numerator and the denominator by their greatest common divisor, which is 7. So, 35/7 = 5 and 42/7 = 6. The probability is 5/6.</p>"
                  }
                ]
              },
              {
                "chapter_name": "Areas Related to Circles",
                "questions": [
                  {
                    "question_no": 12,
                    "question_html": "<p>If a large circular pizza is divided into 5 equal sectors, then the central angle of each sector will be :</p>",
                    "options": [
                      {
                        "id": "a",
                        "text": "60°"
                      },
                      {
                        "id": "b",
                        "text": "90°"
                      },
                      {
                        "id": "c",
                        "text": "45°"
                      },
                      {
                        "id": "d",
                        "text": "72°"
                      }
                    ],
                    "correct_answer": {
                      "ids": [
                        "d"
                      ]
                    },
                    "question_type": "mcq_single",
                    "difficulty_level": "easy",
                    "explanation_html": "<p>A full circle has a total central angle of 360°. If the pizza is divided into 5 equal sectors, the central angle of each sector is the total angle divided by the number of sectors. Angle of each sector = 360° / 5 = 72°.</p>"
                  }
                ]
              },
              {
                "chapter_name": "Introduction to Trigonometry",
                "questions": [
                  {
                    "question_no": 13,
                    "question_html": "<p>If sin 30° tan 45° = sec 60° / k, then the value of k is :</p>",
                    "options": [
                      {
                        "id": "a",
                        "text": "4"
                      },
                      {
                        "id": "b",
                        "text": "3"
                      },
                      {
                        "id": "c",
                        "text": "2"
                      },
                      {
                        "id": "d",
                        "text": "1"
                      }
                    ],
                    "correct_answer": {
                      "ids": [
                        "a"
                      ]
                    },
                    "question_type": "mcq_single",
                    "difficulty_level": "easy",
                    "explanation_html": "<p>We substitute the known values of the trigonometric functions into the equation. sin 30° = 1/2, tan 45° = 1, and sec 60° = 1/cos 60° = 1/(1/2) = 2. The equation becomes (1/2) * 1 = 2 / k. This simplifies to 1/2 = 2 / k. To solve for k, we can cross-multiply, which gives k * 1 = 2 * 2, so k = 4.</p>"
                  }
                ]
              },
              {
                "chapter_name": "Pair of Linear Equations in Two Variables",
                "questions": [
                  {
                    "question_no": 14,
                    "question_html": "<p>The line represented by the equation x – y = 0 is :</p>",
                    "options": [
                      {
                        "id": "a",
                        "text": "parallel to x-axis"
                      },
                      {
                        "id": "b",
                        "text": "parallel to y-axis"
                      },
                      {
                        "id": "c",
                        "text": "passing through the origin"
                      },
                      {
                        "id": "d",
                        "text": "passing through the point (3, 2)"
                      }
                    ],
                    "correct_answer": {
                      "ids": [
                        "c"
                      ]
                    },
                    "question_type": "mcq_single",
                    "difficulty_level": "easy",
                    "explanation_html": "<p>The equation x – y = 0 can be rewritten as y = x. To check if it passes through the origin (0, 0), we substitute x=0 and y=0 into the equation: 0 = 0, which is true. Therefore, the line passes through the origin. A line parallel to the x-axis has the form y = c, and a line parallel to the y-axis has the form x = c. The line y=x is not parallel to either axis. It does not pass through (3, 2) because 3 - 2 ≠ 0.</p>"
                  }
                ]
              },
              {
                "chapter_name": "Arithmetic Progressions",
                "questions": [
                  {
                    "question_no": 15,
                    "question_html": "<p>The 10th term of the AP 5, 19/4, 9/2, 17/4, ... is :</p>",
                    "options": [
                      {
                        "id": "a",
                        "text": "11/4"
                      },
                      {
                        "id": "b",
                        "text": "4/11"
                      },
                      {
                        "id": "c",
                        "text": "13/4"
                      },
                      {
                        "id": "d",
                        "text": "4/13"
                      }
                    ],
                    "correct_answer": {
                      "ids": [
                        "a"
                      ]
                    },
                    "question_type": "mcq_single",
                    "difficulty_level": "medium",
                    "explanation_html": "<p>The given arithmetic progression (AP) is 5, 19/4, 9/2, 17/4, ... . First, find the common difference (d). d = a₂ - a₁ = 19/4 - 5 = 19/4 - 20/4 = -1/4. The first term is a = 5. The formula for the nth term of an AP is aₙ = a + (n-1)d. We need to find the 10th term (a₁₀). a₁₀ = 5 + (10-1)(-1/4) = 5 + 9(-1/4) = 5 - 9/4 = 20/4 - 9/4 = 11/4.</p>"
                  }
                ]
              },
              {
                "chapter_name": "Polynomials",
                "questions": [
                  {
                    "question_no": 16,
                    "question_html": "<p>If – 4 is a zero of the polynomial p(x) = x² – x – (2 + 2k), then the value of k is:</p>",
                    "options": [
                      {
                        "id": "a",
                        "text": "3"
                      },
                      {
                        "id": "b",
                        "text": "9"
                      },
                      {
                        "id": "c",
                        "text": "6"
                      },
                      {
                        "id": "d",
                        "text": "-9"
                      }
                    ],
                    "correct_answer": {
                      "ids": [
                        "b"
                      ]
                    },
                    "question_type": "mcq_single",
                    "difficulty_level": "easy",
                    "explanation_html": "<p>If – 4 is a zero of the polynomial p(x), then p(– 4) must be equal to 0. We substitute x = – 4 into the polynomial expression: p(– 4) = (– 4)² – (– 4) – (2 + 2k) = 0. This simplifies to 16 + 4 – 2 – 2k = 0. Combining the constant terms, we get 18 – 2k = 0. Adding 2k to both sides gives 18 = 2k. Finally, dividing by 2 gives k = 9.</p>"
                  }
                ]
              },
              {
                "chapter_name": "Coordinate Geometry",
                "questions": [
                  {
                    "question_no": 17,
                    "question_html": "<p>The equation of a line parallel to the x-axis and at a distance of 3 units below x-axis is :</p>",
                    "options": [
                      {
                        "id": "a",
                        "text": "x = 3"
                      },
                      {
                        "id": "b",
                        "text": "x = –3"
                      },
                      {
                        "id": "c",
                        "text": "y = –3"
                      },
                      {
                        "id": "d",
                        "text": "y = 3"
                      }
                    ],
                    "correct_answer": {
                      "ids": [
                        "c"
                      ]
                    },
                    "question_type": "mcq_single",
                    "difficulty_level": "easy",
                    "explanation_html": "<p>A line parallel to the x-axis has a constant y-value for all its points. Its equation is of the form y = c. Since the line is 3 units *below* the x-axis, the y-coordinate for every point on this line is –3. Therefore, the equation of the line is y = –3.</p>"
                  }
                ]
              },
              {
                "chapter_name": "Real Numbers",
                "questions": [
                  {
                    "question_no": 18,
                    "question_html": "<p>The HCF of 40, 110 and 360 is :</p>",
                    "options": [
                      {
                        "id": "a",
                        "text": "40"
                      },
                      {
                        "id": "b",
                        "text": "110"
                      },
                      {
                        "id": "c",
                        "text": "360"
                      },
                      {
                        "id": "d",
                        "text": "10"
                      }
                    ],
                    "correct_answer": {
                      "ids": [
                        "d"
                      ]
                    },
                    "question_type": "mcq_single",
                    "difficulty_level": "easy",
                    "explanation_html": "<p>To find the Highest Common Factor (HCF), we find the prime factorization of each number. 40 = 2³ × 5. 110 = 2 × 5 × 11. 360 = 2³ × 3² × 5. The HCF is the product of the lowest powers of the common prime factors. The common prime factors are 2 and 5. The lowest power of 2 that appears in all factorizations is 2¹ (from 110). The lowest power of 5 is 5¹. Therefore, HCF(40, 110, 360) = 2¹ × 5¹ = 10.</p>"
                  }
                ]
              },
              {
                "chapter_name": "Arithmetic Progressions",
                "questions": [
                  {
                    "question_no": 19,
                    "question_html": "<p>Assertion (A) : Common difference of the AP : 5, 1, – 3, – 7, ... is 4. Reason (R): Common difference of the AP : a₁, a₂, a₃, ..., aₙ is obtained by d = aₙ – aₙ₋₁.</p>",
                    "options": [
                      {
                        "id": "a",
                        "text": "Both Assertion (A) and Reason (R) are true and Reason (R) is the correct explanation of the Assertion (A)."
                      },
                      {
                        "id": "b",
                        "text": "Both Assertion (A) and Reason (R) are true, but Reason (R) is not the correct explanation of the Assertion (A)."
                      },
                      {
                        "id": "c",
                        "text": "Assertion (A) is true, but Reason (R) is false."
                      },
                      {
                        "id": "d",
                        "text": "Assertion (A) is false, but Reason (R) is true."
                      }
                    ],
                    "correct_answer": {
                      "ids": [
                        "d"
                      ]
                    },
                    "question_type": "mcq_single",
                    "difficulty_level": "easy",
                    "explanation_html": "<p>First, evaluate the Assertion (A). For the AP 5, 1, –3, –7, ..., the common difference d is a₂ - a₁ = 1 - 5 = -4. The assertion states that the common difference is 4. This is incorrect. So, Assertion (A) is false. Next, evaluate the Reason (R). The formula for the common difference of an AP is indeed the difference between any term and its preceding term, i.e., d = aₙ – aₙ₋₁. This statement is true. Since Assertion (A) is false and Reason (R) is true, the correct option is (D).</p>"
                  }
                ]
              },
              {
                "chapter_name": "Pair of Linear Equations in Two Variables",
                "questions": [
                  {
                    "question_no": 20,
                    "question_html": "<p>Assertion (A): The pair of linear equations px + 3y + 59 = 0 and 2x + 6y + 118 = 0 will have infinitely many solutions if p = 1. Reason (R): If the pair of linear equations px + 3y + 19 = 0 and 2x + 6y + 157 = 0 has a unique solution, then p ≠ 1.</p>",
                    "options": [
                      {
                        "id": "a",
                        "text": "Both Assertion (A) and Reason (R) are true and Reason (R) is the correct explanation of the Assertion (A)."
                      },
                      {
                        "id": "b",
                        "text": "Both Assertion (A) and Reason (R) are true, but Reason (R) is not the correct explanation of the Assertion (A)."
                      },
                      {
                        "id": "c",
                        "text": "Assertion (A) is true, but Reason (R) is false."
                      },
                      {
                        "id": "d",
                        "text": "Assertion (A) is false, but Reason (R) is true."
                      }
                    ],
                    "correct_answer": {
                      "ids": [
                        "b"
                      ]
                    },
                    "question_type": "mcq_single",
                    "difficulty_level": "medium",
                    "explanation_html": "<p>Evaluate Assertion (A). For infinitely many solutions, the condition is a₁/a₂ = b₁/b₂ = c₁/c₂. For the equations px + 3y + 59 = 0 and 2x + 6y + 118 = 0, we have p/2 = 3/6 = 59/118. Both 3/6 and 59/118 simplify to 1/2. So, we need p/2 = 1/2, which implies p = 1. Thus, Assertion (A) is true. Evaluate Reason (R). For a unique solution, the condition is a₁/a₂ ≠ b₁/b₂. For the equations px + 3y + 19 = 0 and 2x + 6y + 157 = 0, we need p/2 ≠ 3/6, which means p/2 ≠ 1/2, so p ≠ 1. Thus, Reason (R) is also true. However, Reason (R) describes the condition for a unique solution, while Assertion (A) deals with infinitely many solutions. They are both correct statements about linear equations but one does not explain the other. Therefore, the correct option is (B).</p>"
                  }
                ]
              },
              {
                "chapter_name": "Polynomials",
                "questions": [
                  {
                    "question_no": 21,
                    "question_html": "<p>If p and q are zeroes of the polynomial p(y) = 21y² − y − 2, then find the value of (1-p) . (1 – q).</p>",
                    "options": [],
                    "correct_answer": {
                      "text": "<p>Given polynomial p(y) = 21y² − y − 2.</p><p>For a quadratic polynomial ax² + bx + c, the sum of the zeroes is -b/a and the product of the zeroes is c/a.</p><p>Here, a = 21, b = -1, c = -2.</p><p>Sum of zeroes (p + q) = -(-1)/21 = 1/21.</p><p>Product of zeroes (p * q) = -2/21.</p><p>We need to find the value of (1 - p)(1 - q).</p><p>(1 - p)(1 - q) = 1 - q - p + pq = 1 - (p + q) + pq.</p><p>Substituting the values of the sum and product of the zeroes:</p><p>= 1 - (1/21) + (-2/21)</p><p>= 1 - 1/21 - 2/21</p><p>= (21 - 1 - 2) / 21</p><p>= 18/21</p><p>= 6/7.</p><p>Therefore, the value of (1 - p)(1 - q) is 6/7.</p>"
                    },
                    "question_type": "Very Short Answer (2 marks)",
                    "difficulty_level": "easy",
                    "explanation_html": null
                  }
                ]
              },
              {
                "chapter_name": "Areas Related to Circles",
                "questions": [
                  {
                    "question_no": 22,
                    "question_html": "<p>(a) In the given figure, the shape of the top of a table is that of a sector of a circle with centre O and ∠ AOB = 90°. If AO = OB = 42 cm, then find the perimeter of the top of the table.</p><p>OR</p><p>(b) In the given figure, three sectors of a circle of radius 5 cm, making angles 35°, 50° and 95° at the centre are shaded. Find the area of the shaded region. [Use π = 22/7]</p>",
                    "images": [
                      {
                        "url": "https://img.testbuddyai.com/Maths-30-2-25-Q22a.png"
                      },
                      {
                        "url": "https://img.testbuddyai.com/Maths-30-2-25-Q22b.png"
                      }
                    ],
                    "options": [],
                    "correct_answer": {
                      "text": "<p><b>Part (a)</b></p><p>Given: Radius (r) = AO = OB = 42 cm. The angle of the sector (∠AOB) is 90°.</p><p>The perimeter of a sector is the sum of the length of the arc and the lengths of the two radii.</p><p>Length of the arc AB = (θ/360°) * 2πr</p><p>= (90/360) * 2 * (22/7) * 42</p><p>= (1/4) * 2 * 22 * 6</p><p>= 66 cm.</p><p>Perimeter of the sector = Length of arc AB + AO + OB</p><p>= 66 + 42 + 42</p><p>= 150 cm.</p><p>Note: The marking scheme calculates the perimeter for the major sector. For the major sector, the angle is 360° - 90° = 270°.</p><p>Length of major arc = (270/360) * 2 * (22/7) * 42 = (3/4) * 2 * 22 * 6 = 198 cm.</p><p>Perimeter including the two radii = 198 + 42 + 42 = 282 cm. As the question asks for the perimeter of the 'top of the table' shown as a minor sector, 150 cm is the more direct interpretation, but following the provided marking scheme yields 282 cm.</p><p><b>Part (b) OR</b></p><p>Given: Radius (r) = 5 cm. The angles of the three shaded sectors are θ₁ = 35°, θ₂ = 50°, and θ₃ = 95°.</p><p>The area of the shaded region is the sum of the areas of the three sectors.</p><p>Area of a sector = (θ/360°) * πr²</p><p>Total Area = (θ₁/360)πr² + (θ₂/360)πr² + (θ₃/360)πr²</p><p>= [(θ₁ + θ₂ + θ₃)/360] * πr²</p><p>Total angle = 35° + 50° + 95° = 180°.</p><p>Total Area = (180/360) * (22/7) * 5²</p><p>= (1/2) * (22/7) * 25</p><p>= (11 * 25) / 7</p><p>= 275/7 cm².</p><p>Approximately, Area = 39.29 cm².</p>"
                    },
                    "question_type": "Very Short Answer (2 marks)",
                    "difficulty_level": "medium",
                    "explanation_html": null
                  }
                ]
              },
              {
                "chapter_name": "Introduction to Trigonometry",
                "questions": [
                  {
                    "question_no": 23,
                    "question_html": "<p>If tan A = √3; where A is an acute angle, then find the value of sin² A / (1 + cos² A).</p>",
                    "options": [],
                    "correct_answer": {
                      "text": "<p>Given that tan A = √3 and A is an acute angle.</p><p>We know that tan 60° = √3. Therefore, A = 60°.</p><p>Now we need to find the value of the expression sin² A / (1 + cos² A).</p><p>Substitute A = 60° into the expression:</p><p>= sin² 60° / (1 + cos² 60°)</p><p>We know the values: sin 60° = √3/2 and cos 60° = 1/2.</p><p>= (√3/2)² / (1 + (1/2)²)</p><p>= (3/4) / (1 + 1/4)</p><p>= (3/4) / ( (4+1)/4 )</p><p>= (3/4) / (5/4)</p><p>= 3/4 * 4/5</p><p>= 3/5.</p><p>The value of the expression is 3/5.</p>"
                    },
                    "question_type": "Very Short Answer (2 marks)",
                    "difficulty_level": "easy",
                    "explanation_html": null
                  }
                ]
              },
              {
                "chapter_name": "Triangles",
                "questions": [
                  {
                    "question_no": 24,
                    "question_html": "<p>(a) In the given figure, D is a point on the side BC of ∆ ABC such that ∠ ADC = ∠ BAC. Show that CA² = CD . CB.</p><p>OR</p><p>(b) In the given figure, OA . OB = OC . OD. Show that ∠ A = ∠ C and ∠ B = ∠ D.</p>",
                    "images": [
                      {
                        "url": "https://img.testbuddyai.com/Maths-30-2-25-Q24a.png"
                      },
                      {
                        "url": "https://img.testbuddyai.com/Maths-30-2-25-Q24b.png"
                      }
                    ],
                    "options": [],
                    "correct_answer": {
                      "text": "<p><b>Part (a)</b></p><p>To prove: CA² = CD . CB</p><p>In ΔACD and ΔBCA:</p><p>1. ∠ADC = ∠BAC (Given)</p><p>2. ∠ACD = ∠BCA (Common angle)</p><p>By the Angle-Angle (AA) similarity criterion, ΔACD ~ ΔBCA.</p><p>Since the triangles are similar, the ratio of their corresponding sides is equal.</p><p>CA / CB = CD / CA</p><p>By cross-multiplication, we get:</p><p>CA * CA = CB * CD</p><p>CA² = CD . CB.</p><p>Hence, proved.</p><p><b>Part (b) OR</b></p><p>To prove: ∠ A = ∠ C and ∠ B = ∠ D</p><p>Given: OA . OB = OC . OD</p><p>We can rearrange this as OA/OC = OD/OB.</p><p>Now, consider ΔAOD and ΔCOB:</p><p>1. OA/OC = OD/OB (Derived from given)</p><p>2. ∠AOD = ∠COB (Vertically opposite angles)</p><p>By the Side-Angle-Side (SAS) similarity criterion, ΔAOD ~ ΔCOB.</p><p>Since the triangles are similar, their corresponding angles are equal.</p><p>Therefore, ∠OAD = ∠OCB, which means ∠A = ∠C.</p><p>And, ∠ODA = ∠OBC, which means ∠D = ∠B.</p><p>Hence, proved.</p>"
                    },
                    "question_type": "Very Short Answer (2 marks)",
                    "difficulty_level": "medium",
                    "explanation_html": null
                  }
                ]
              },
              {
                "chapter_name": "Circles",
                "questions": [
                  {
                    "question_no": 25,
                    "question_html": "<p>At point A on the diameter AB of a circle of radius 10 cm, tangent XAY is drawn to the circle. Find the length of the chord CD parallel to XY at a distance of 16 cm from A.</p>",
                    "images": [
                      {
                        "url": "https://img.testbuddyai.com/Maths-30-2-25-Q25.png"
                      }
                    ],
                    "options": [],
                    "correct_answer": {
                      "text": "<p>Let O be the center of the circle.</p><p>Given: Radius of the circle = OA = OC = 10 cm.</p><p>The tangent XAY is at point A on the diameter AB.</p><p>The chord CD is parallel to the tangent XY.</p><p>The distance of the chord from point A is AP = 16 cm, where P is the midpoint of CD.</p><p>Since CD || XY, the line from the center O perpendicular to CD will pass through P. Thus, OP ⊥ CD.</p><p>The distance of the chord from the center is OP.</p><p>OP = AP - OA</p><p>OP = 16 cm - 10 cm = 6 cm.</p><p>Now, consider the right-angled triangle OPC.</p><p>By Pythagoras theorem: OC² = OP² + CP²</p><p>10² = 6² + CP²</p><p>100 = 36 + CP²</p><p>CP² = 100 - 36 = 64</p><p>CP = √64 = 8 cm.</p><p>The perpendicular from the center of a circle to a chord bisects the chord. Therefore, CD = 2 * CP.</p><p>CD = 2 * 8 = 16 cm.</p><p>The length of the chord CD is 16 cm.</p>"
                    },
                    "question_type": "Very Short Answer (2 marks)",
                    "difficulty_level": "medium",
                    "explanation_html": null
                  },
                  {
                    "question_no": 26,
                    "question_html": "<p>(a) Prove that the parallelogram circumscribing a circle is a rhombus.</p><p>OR</p><p>(b) Prove that the angle between the two tangents drawn from an external point to a circle is supplementary to the angle subtended by the line-segment joining the points of contact at the centre.</p>",
                    "options": [],
                    "correct_answer": {
                      "text": "<p><b>Part (a)</b></p><p>Let ABCD be a parallelogram that circumscribes a circle with center O. Let the points where the sides touch the circle be P, Q, R, and S on sides AB, BC, CD, and DA, respectively.</p><p>We know that the lengths of tangents drawn from an external point to a circle are equal.</p><p>Therefore, we have:</p><ul><li>AP = AS  ---(1)</li><li>BP = BQ  ---(2)</li><li>CR = CQ  ---(3)</li><li>DR = DS  ---(4)</li></ul><p>Adding these four equations:</p><p>(AP + BP) + (CR + DR) = (AS + DS) + (BQ + CQ)</p><p>AB + CD = AD + BC</p><p>Since ABCD is a parallelogram, its opposite sides are equal, i.e., AB = CD and AD = BC.</p><p>Substituting these into our equation:</p><p>AB + AB = BC + BC</p><p>2AB = 2BC</p><p>AB = BC</p><p>Since adjacent sides of the parallelogram are equal (AB = BC), and we know opposite sides are equal, all four sides must be equal: AB = BC = CD = DA.</p><p>A parallelogram with all four sides equal is a rhombus. Hence, ABCD is a rhombus.</p><p><b>Part (b) OR</b></p><p>Let P be an external point from which two tangents PA and PB are drawn to a circle with center O. A and B are the points of contact.</p><p>We need to prove that ∠APB + ∠AOB = 180°.</p><p>We know that the tangent at any point of a circle is perpendicular to the radius through the point of contact.</p><p>Therefore, OA ⊥ PA and OB ⊥ PB.</p><p>This means ∠OAP = 90° and ∠OBP = 90°.</p><p>Now, consider the quadrilateral OAPB. The sum of the angles in a quadrilateral is 360°.</p><p>∠OAP + ∠APB + ∠OBP + ∠AOB = 360°</p><p>Substituting the known values:</p><p>90° + ∠APB + 90° + ∠AOB = 360°</p><p>∠APB + ∠AOB + 180° = 360°</p><p>∠APB + ∠AOB = 360° - 180°</p><p>∠APB + ∠AOB = 180°.</p><p>Thus, the angle between the two tangents and the angle subtended by the line segment joining the points of contact at the center are supplementary. Hence, proved.</p>"
                    },
                    "question_type": "Short Answer (3 marks)",
                    "difficulty_level": "medium",
                    "explanation_html": null
                  }
                ]
              },
              {
                "chapter_name": "Introduction to Trigonometry",
                "questions": [
                  {
                    "question_no": 27,
                    "question_html": "<p>(a) Prove that: (1 + 1/tan²θ)(1 + 1/cot²θ) = 1/(sin²θ - sin⁴θ)</p><p>OR</p><p>(b) Prove that: √(cosecθ-1)/(cosecθ+1) + √(cosecθ+1)/(cosecθ-1) = 2 secθ</p>",
                    "options": [],
                    "correct_answer": {
                      "text": "<p><b>Part (a)</b></p><p>To prove: (1 + 1/tan²θ)(1 + 1/cot²θ) = 1/(sin²θ - sin⁴θ)</p><p>LHS = (1 + cot²θ)(1 + tan²θ)</p><p>Using the trigonometric identities 1 + cot²θ = cosec²θ and 1 + tan²θ = sec²θ:</p><p>LHS = (cosec²θ)(sec²θ)</p><p>Expressing in terms of sinθ and cosθ:</p><p>LHS = (1/sin²θ) * (1/cos²θ)</p><p>LHS = 1 / (sin²θ cos²θ)</p><p>Using the identity cos²θ = 1 - sin²θ:</p><p>LHS = 1 / (sin²θ (1 - sin²θ))</p><p>LHS = 1 / (sin²θ - sin⁴θ) = RHS.</p><p>Hence, proved.</p><p><b>Part (b) OR</b></p><p>To prove: √(cosecθ-1)/(cosecθ+1) + √(cosecθ+1)/(cosecθ-1) = 2 secθ</p><p>LHS = √(cosecθ-1)/(cosecθ+1) + √(cosecθ+1)/(cosecθ-1)</p><p>Taking the LCM of the denominators:</p><p>LHS = [ (√(cosecθ-1))² + (√(cosecθ+1))² ] / [ √(cosecθ+1)(cosecθ-1) ]</p><p>LHS = [ (cosecθ - 1) + (cosecθ + 1) ] / [ √(cosec²θ - 1) ]</p><p>Using the identity cosec²θ - 1 = cot²θ:</p><p>LHS = [ 2cosecθ ] / [ √cot²θ ]</p><p>LHS = 2cosecθ / cotθ</p><p>Expressing in terms of sinθ and cosθ:</p><p>LHS = 2(1/sinθ) / (cosθ/sinθ)</p><p>LHS = (2/sinθ) * (sinθ/cosθ)</p><p>LHS = 2 / cosθ</p><p>LHS = 2 secθ = RHS.</p><p>Hence, proved.</p>"
                    },
                    "question_type": "Short Answer (3 marks)",
                    "difficulty_level": "hard",
                    "explanation_html": null
                  }
                ]
              },
              {
                "chapter_name": "Coordinate Geometry",
                "questions": [
                  {
                    "question_no": 28,
                    "question_html": "<p>If the mid-point of the line segment joining the points A(3, 4) and B(k, 6) is P(x, y) and x + y – 10 = 0, then find the value of k.</p>",
                    "options": [],
                    "correct_answer": {
                      "text": "<p>The coordinates of the points are A(3, 4) and B(k, 6).</p><p>P(x, y) is the mid-point of the line segment AB.</p><p>Using the midpoint formula, x = (x₁ + x₂)/2 and y = (y₁ + y₂)/2:</p><p>x = (3 + k) / 2</p><p>y = (4 + 6) / 2 = 10 / 2 = 5</p><p>So, the coordinates of the midpoint P are ((3 + k)/2, 5).</p><p>We are given that the point P(x, y) lies on the line x + y – 10 = 0.</p><p>Substitute the coordinates of P into the equation of the line:</p><p>x + y - 10 = 0</p><p>((3 + k)/2) + 5 - 10 = 0</p><p>((3 + k)/2) - 5 = 0</p><p>(3 + k)/2 = 5</p><p>3 + k = 10</p><p>k = 10 - 3</p><p>k = 7.</p><p>Therefore, the value of k is 7.</p>"
                    },
                    "question_type": "Short Answer (3 marks)",
                    "difficulty_level": "easy",
                    "explanation_html": null
                  }
                ]
              },
              {
                "chapter_name": "Areas Related to Circles",
                "questions": [
                  {
                    "question_no": 29,
                    "question_html": "<p>The length of the hour hand of a clock is 10 cm. Find the area of the minor sector swept by the hour hand of the clock between 5 a.m. to 8 a.m. Also, find the area of the major sector.</p>",
                    "options": [],
                    "correct_answer": {
                      "text": "<p>The hour hand of a clock completes one full rotation (360°) in 12 hours.</p><p>Angle swept by the hour hand in 1 hour = 360° / 12 = 30°.</p><p>The time duration from 5 a.m. to 8 a.m. is 8 - 5 = 3 hours.</p><p>The angle swept by the hour hand in 3 hours (θ) = 3 * 30° = 90°.</p><p>The length of the hour hand is the radius of the sector (r) = 10 cm.</p><p>Area of the minor sector = (θ/360°) * πr²</p><p>= (90/360) * (22/7) * (10)²</p><p>= (1/4) * (22/7) * 100</p><p>= (2200 / 28) = 550/7 cm².</p><p>The area of the minor sector is approximately 78.57 cm².</p><p>To find the area of the major sector, we can subtract the area of the minor sector from the area of the entire circle.</p><p>Area of the circle = πr² = (22/7) * 10² = 2200/7 cm².</p><p>Area of the major sector = Area of circle - Area of minor sector</p><p>= (2200/7) - (550/7)</p><p>= (2200 - 550) / 7</p><p>= 1650/7 cm².</p><p>The area of the major sector is approximately 235.71 cm².</p>"
                    },
                    "question_type": "Short Answer (3 marks)",
                    "difficulty_level": "medium",
                    "explanation_html": null
                  }
                ]
              },
              {
                "chapter_name": "Real Numbers",
                "questions": [
                  {
                    "question_no": 30,
                    "question_html": "<p>Prove that √3 is an irrational number.</p>",
                    "options": [],
                    "correct_answer": {
                      "text": "<p>We will prove this by the method of contradiction.</p><p><b>Assumption:</b> Let us assume that √3 is a rational number.</p><p>If it is rational, it can be expressed in the form p/q, where p and q are integers, q ≠ 0, and p and q are coprime (i.e., their greatest common divisor is 1).</p><p>So, √3 = p/q</p><p>Squaring both sides, we get:</p><p>3 = p²/q²</p><p>3q² = p²   ---(1)</p><p>This implies that p² is divisible by 3. By a theorem, if a prime number (in this case, 3) divides p², then it must also divide p.</p><p>So, we can write p = 3k for some integer k.</p><p>Substitute p = 3k into equation (1):</p><p>3q² = (3k)²</p><p>3q² = 9k²</p><p>q² = 3k²</p><p>This implies that q² is also divisible by 3. By the same theorem, q must also be divisible by 3.</p><p><b>Contradiction:</b> We have shown that both p and q are divisible by 3. This means that p and q have a common factor of 3. This contradicts our initial assumption that p and q are coprime.</p><p><b>Conclusion:</b> The contradiction arises because our initial assumption that √3 is rational was wrong. Therefore, √3 must be an irrational number.</p>"
                    },
                    "question_type": "Short Answer (3 marks)",
                    "difficulty_level": "easy",
                    "explanation_html": null
                  }
                ]
              },
              {
                "chapter_name": "Arithmetic Progressions",
                "questions": [
                  {
                    "question_no": 31,
                    "question_html": "<p>A sum of ₹ 2,000 is invested at 7% per annum simple interest. Calculate the interests at the end of 1st, 2nd and 3rd year. Do these interests form an AP ? If so, find the interest at the end of the 27th year.</p>",
                    "options": [],
                    "correct_answer": {
                      "text": "<p>Principal (P) = ₹2,000</p><p>Rate of interest (R) = 7% per annum</p><p>The formula for Simple Interest (SI) is SI = (P * R * T) / 100, where T is the time in years.</p><p><b>Interest at the end of the 1st year (T=1):</b></p><p>SI₁ = (2000 * 7 * 1) / 100 = ₹140</p><p><b>Interest at the end of the 2nd year (T=2):</b></p><p>SI₂ = (2000 * 7 * 2) / 100 = ₹280</p><p><b>Interest at the end of the 3rd year (T=3):</b></p><p>SI₃ = (2000 * 7 * 3) / 100 = ₹420</p><p>The sequence of interests is 140, 280, 420, ...</p><p>To check if this forms an Arithmetic Progression (AP), we check the difference between consecutive terms:</p><p>d₁ = 280 - 140 = 140</p><p>d₂ = 420 - 280 = 140</p><p>Since the common difference is constant (d = 140), yes, the interests form an AP.</p><p>The first term of this AP is a = 140.</p><p>We need to find the interest at the end of the 27th year, which is the 27th term (a₂₇) of this AP.</p><p>The formula for the nth term of an AP is aₙ = a + (n-1)d.</p><p>a₂₇ = 140 + (27 - 1) * 140</p><p>a₂₇ = 140 + 26 * 140</p><p>a₂₇ = 140 * (1 + 26)</p><p>a₂₇ = 140 * 27 = 3780</p><p>The interest at the end of the 27th year will be ₹3,780.</p>"
                    },
                    "question_type": "Short Answer (3 marks)",
                    "difficulty_level": "medium",
                    "explanation_html": null
                  }
                ]
              },
              {
                "chapter_name": "Some Applications of Trigonometry",
                "questions": [
                  {
                    "question_no": 32,
                    "question_html": "<p>(a) Two ships are sailing in the sea on either side of a lighthouse. The angles of depression to the two ships as observed from the top of the lighthouse are 60° and 45°, respectively. If the distance between the ships is 100((1 + √3)/√3) m, then find the height of the lighthouse.</p><p>OR</p><p>(b) The angles of depression of the top and the bottom of an 8 m tall building from the top of another multistoried building are 30° and 45°, respectively. Find the height of the multistoried building and the distance between the two buildings.</p>",
                    "options": [],
                    "correct_answer": {
                      "text": "<p><b>Part (a)</b></p><p>Let AB be the lighthouse of height 'h' meters. Let the two ships be at points P and Q on either side of the lighthouse.</p><p>The angle of depression from A to P is 60°. Therefore, the angle of elevation from P to A, ∠APB = 60°.</p><p>The angle of depression from A to Q is 45°. Therefore, the angle of elevation from Q to A, ∠AQB = 45°.</p><p>The distance between the ships is PQ = 100((1 + √3)/√3) m.</p><p>In the right-angled triangle ABP:</p><p>tan 60° = AB / PB = h / PB</p><p>√3 = h / PB  =>  PB = h / √3   ---(1)</p><p>In the right-angled triangle ABQ:</p><p>tan 45° = AB / BQ = h / BQ</p><p>1 = h / BQ  =>  BQ = h   ---(2)</p><p>The total distance between the ships is PQ = PB + BQ.</p><p>PQ = (h/√3) + h = h(1/√3 + 1) = h((1 + √3)/√3)</p><p>We are given that PQ = 100((1 + √3)/√3).</p><p>Equating the two expressions for PQ:</p><p>h((1 + √3)/√3) = 100((1 + √3)/√3)</p><p>h = 100.</p><p>The height of the lighthouse is 100 meters.</p><p><b>Part (b) OR</b></p><p>Let AB be the 8 m tall building and CD be the multistoried building. Let the distance between the buildings be x meters (BC = AE = x).</p><p>Let the height of the multistoried building be H meters. CD = H.</p><p>From the figure, CE = AB = 8 m. Let DE = h. Then H = h + 8.</p><p>The angle of depression from D to A is 30°, so ∠DAE = 30°.</p><p>The angle of depression from D to B is 45°, so ∠DBC = 45°.</p><p>In the right-angled triangle DEA:</p><p>tan 30° = DE / AE = h / x</p><p>1/√3 = h / x  =>  x = h√3   ---(1)</p><p>In the right-angled triangle DCB:</p><p>tan 45° = DC / BC = (h+8) / x</p><p>1 = (h+8) / x  =>  x = h + 8   ---(2)</p><p>From equations (1) and (2):</p><p>h√3 = h + 8</p><p>h√3 - h = 8</p><p>h(√3 - 1) = 8</p><p>h = 8 / (√3 - 1)</p><p>Rationalizing the denominator: h = [8(√3 + 1)] / [(√3 - 1)(√3 + 1)] = [8(√3 + 1)] / (3 - 1) = 4(√3 + 1).</p><p>Height of the multistoried building, H = h + 8 = 4(√3 + 1) + 8 = 4√3 + 4 + 8 = 12 + 4√3 meters.</p><p>Distance between the buildings, x = h + 8 = (12 + 4√3) meters.</p>"
                    },
                    "question_type": "Long Answer (5 marks)",
                    "difficulty_level": "hard",
                    "explanation_html": null
                  }
                ]
              },
              {
                "chapter_name": "Quadratic Equations",
                "questions": [
                  {
                    "question_no": 33,
                    "question_html": "<p>(a) The sum of the areas of two squares is 52 cm² and difference of their perimeters is 8 cm. Find the lengths of the sides of the two squares.</p><p>OR</p><p>(b) The time taken by a person to travel an upward distance of 150 km was 2.5 hours more than the time taken in the downward return journey. If he returned at a speed of 10 km/h more than the speed while going up, find the speeds in each direction.</p>",
                    "options": [],
                    "correct_answer": {
                      "text": "<p><b>Part (a)</b></p><p>Let the side lengths of the two squares be x cm and y cm, with x > y.</p><p>The area of a square with side 's' is s². The perimeter is 4s.</p><p>From the problem statement:</p><p>1. Sum of the areas: x² + y² = 52   ---(1)</p><p>2. Difference of the perimeters: 4x - 4y = 8</p><p>Dividing the second equation by 4, we get: x - y = 2  =>  x = y + 2   ---(2)</p><p>Now, substitute the expression for x from equation (2) into equation (1):</p><p>(y + 2)² + y² = 52</p><p>(y² + 4y + 4) + y² = 52</p><p>2y² + 4y + 4 - 52 = 0</p><p>2y² + 4y - 48 = 0</p><p>Divide by 2: y² + 2y - 24 = 0</p><p>Factor the quadratic equation:</p><p>(y + 6)(y - 4) = 0</p><p>This gives two possible values for y: y = -6 or y = 4.</p><p>Since the length of a side cannot be negative, we take y = 4 cm.</p><p>Now, find x using equation (2): x = y + 2 = 4 + 2 = 6 cm.</p><p>The lengths of the sides of the two squares are 6 cm and 4 cm.</p><p><b>Part (b) OR</b></p><p>Let the upward speed of the person be x km/h.</p><p>The downward speed is 10 km/h more, so it is (x + 10) km/h.</p><p>The distance in each direction is 150 km.</p><p>Time = Distance / Speed</p><p>Time taken for upward journey (T_up) = 150/x hours.</p><p>Time taken for downward journey (T_down) = 150/(x + 10) hours.</p><p>According to the problem, the upward journey took 2.5 hours (or 5/2 hours) more than the downward journey:</p><p>T_up = T_down + 5/2</p><p>150/x = 150/(x + 10) + 5/2</p><p>150/x - 150/(x + 10) = 5/2</p><p>150 * [(x + 10 - x) / (x(x + 10))] = 5/2</p><p>150 * [10 / (x² + 10x)] = 5/2</p><p>1500 / (x² + 10x) = 5/2</p><p>1500 * 2 = 5(x² + 10x)</p><p>3000 = 5x² + 50x</p><p>Divide by 5: 600 = x² + 10x</p><p>x² + 10x - 600 = 0</p><p>Factor the quadratic equation:</p><p>(x + 30)(x - 20) = 0</p><p>This gives two possible values for x: x = -30 or x = 20.</p><p>Since speed cannot be negative, the upward speed is x = 20 km/h.</p><p>The downward speed is x + 10 = 20 + 10 = 30 km/h.</p>"
                    },
                    "question_type": "Long Answer (5 marks)",
                    "difficulty_level": "hard",
                    "explanation_html": null
                  }
                ]
              },
              {
                "chapter_name": "Triangles",
                "questions": [
                  {
                    "question_no": 34,
                    "question_html": "<p>Prove that a line drawn parallel to one side of a triangle to intersect the other two sides in distinct points divides the other two sides in the same ratio. Hence, in the figure given below, prove that AM/MB = AN/ND where LM || CB and LN || CD.</p>",
                    "images": [
                      {
                        "url": "https://img.testbuddyai.com/Maths-30-2-25-Q34.png"
                      }
                    ],
                    "options": [],
                    "correct_answer": {
                      "text": "<p><b>Part 1: Proof of the Basic Proportionality Theorem (Thales' Theorem)</b></p><p><b>Given:</b> A triangle ΔABC in which a line DE is drawn parallel to BC (DE || BC), intersecting sides AB and AC at D and E, respectively.</p><p><b>To Prove:</b> AD/DB = AE/EC.</p><p><b>Construction:</b> Join BE and CD. Draw EN ⊥ AB and DM ⊥ AC.</p><p><b>Proof:</b></p><p>The area of a triangle is given by (1/2) * base * height.</p><p>Area(ΔADE) = (1/2) * AD * EN</p><p>Area(ΔBDE) = (1/2) * DB * EN</p><p>Dividing these two areas:</p><p>Area(ΔADE) / Area(ΔBDE) = ( (1/2) * AD * EN ) / ( (1/2) * DB * EN ) = AD/DB   ---(1)</p><p>Similarly,</p><p>Area(ΔADE) = (1/2) * AE * DM</p><p>Area(ΔDEC) = (1/2) * EC * DM</p><p>Dividing these two areas:</p><p>Area(ΔADE) / Area(ΔDEC) = ( (1/2) * AE * DM ) / ( (1/2) * EC * DM ) = AE/EC   ---(2)</p><p>Now, ΔBDE and ΔDEC are on the same base DE and between the same parallel lines DE and BC. Therefore, their areas are equal.</p><p>Area(ΔBDE) = Area(ΔDEC)   ---(3)</p><p>From equations (1), (2), and (3), we can conclude:</p><p>AD/DB = AE/EC.</p><p>Hence, the theorem is proved.</p><p><b>Part 2: Application to the given figure</b></p><p>We are given that in the figure, LM || CB and LN || CD.</p><p>In ΔABC, since LM || CB, we can apply the Basic Proportionality Theorem:</p><p>AM/MB = AL/LC   ---(i)</p><p>In ΔADC, since LN || CD, we can apply the Basic Proportionality Theorem:</p><p>AN/ND = AL/LC   ---(ii)</p><p>From equations (i) and (ii), we can see that both ratios are equal to AL/LC.</p><p>Therefore, AM/MB = AN/ND.</p><p>Hence, proved.</p>"
                    },
                    "question_type": "Long Answer (5 marks)",
                    "difficulty_level": "medium",
                    "explanation_html": null
                  }
                ]
              },
              {
                "chapter_name": "Statistics",
                "questions": [
                  {
                    "question_no": 35,
                    "question_html": "<p>Find the Mean and Mode of the following frequency distribution:</p><table><thead><tr><th>Class</th><th>Frequency</th></tr></thead><tbody><tr><td>0-10</td><td>8</td></tr><tr><td>10-20</td><td>7</td></tr><tr><td>20-30</td><td>15</td></tr><tr><td>30-40</td><td>20</td></tr><tr><td>40-50</td><td>12</td></tr><tr><td>50-60</td><td>8</td></tr><tr><td>60-70</td><td>10</td></tr></tbody></table>",
                    "options": [],
                    "correct_answer": {
                      "text": "<p><b>Calculation of Mean</b></p><p>We can use the Assumed Mean Method. Let's create a table:</p><table><thead><tr><th>Class</th><th>Frequency (fᵢ)</th><th>Class Mark (xᵢ)</th><th>dᵢ = xᵢ - a</th><th>fᵢdᵢ</th></tr></thead><tbody><tr><td>0-10</td><td>8</td><td>5</td><td>-30</td><td>-240</td></tr><tr><td>10-20</td><td>7</td><td>15</td><td>-20</td><td>-140</td></tr><tr><td>20-30</td><td>15</td><td>25</td><td>-10</td><td>-150</td></tr><tr><td>30-40</td><td>20</td><td>35</td><td>0</td><td>0</td></tr><tr><td>40-50</td><td>12</td><td>45</td><td>10</td><td>120</td></tr><tr><td>50-60</td><td>8</td><td>55</td><td>20</td><td>160</td></tr><tr><td>60-70</td><td>10</td><td>65</td><td>30</td><td>300</td></tr><tr><td><b>Total</b></td><td><b>Σfᵢ = 80</b></td><td></td><td></td><td><b>Σfᵢdᵢ = 50</b></td></tr></tbody></table><p>Let the assumed mean (a) = 35.</p><p>Mean = a + (Σfᵢdᵢ / Σfᵢ)</p><p>Mean = 35 + (50 / 80)</p><p>Mean = 35 + 5/8 = 35 + 0.625 = 35.625.</p><p><b>Calculation of Mode</b></p><p>The formula for the mode is: Mode = l + [ (f₁ - f₀) / (2f₁ - f₀ - f₂) ] * h</p><p>First, identify the modal class, which is the class with the highest frequency.</p><p>The highest frequency is 20, which corresponds to the class interval 30-40.</p><ul><li>Modal class = 30-40</li><li>Lower limit of the modal class (l) = 30</li><li>Frequency of the modal class (f₁) = 20</li><li>Frequency of the class preceding the modal class (f₀) = 15</li><li>Frequency of the class succeeding the modal class (f₂) = 12</li><li>Class size (h) = 10</li></ul><p>Substitute these values into the formula:</p><p>Mode = 30 + [ (20 - 15) / (2 * 20 - 15 - 12) ] * 10</p><p>Mode = 30 + [ 5 / (40 - 27) ] * 10</p><p>Mode = 30 + [ 5 / 13 ] * 10</p><p>Mode = 30 + 50/13</p><p>Mode ≈ 30 + 3.85 = 33.85.</p><p><b>Answer:</b> The mean is 35.625 and the mode is approximately 33.85.</p>"
                    },
                    "question_type": "Long Answer (5 marks)",
                    "difficulty_level": "medium",
                    "explanation_html": null
                  }
                ]
              },
              {
                "chapter_name": "Pair of Linear Equations in Two Variables",
                "questions": [
                  {
                    "question_no": 36,
                    "question_html": "<p><b>Case Study – 1</b></p><p>A school is organizing a grand cultural event to show the talent of its students. To accommodate the guests, the school plans to rent chairs and tables from a local supplier. It finds that rent for each chair is ₹ 50 and for each table is ₹ 200. The school spends ₹ 30,000 for renting the chairs and tables. Also, the total number of items (chairs and tables) rented are 300.</p><p>If the school rents 'x' chairs and 'y' tables, answer the following questions:</p><p>(i) Write down the pair of linear equations representing the given information.</p><p>(ii) (a) Find the number of chairs and number of tables rented by the school.</p><p>OR</p><p>(b) If the school wants to spend a maximum of ₹ 27,000 on 300 items (tables and chairs), then find the number of chairs and tables it can rent.</p><p>(iii) What is maximum number of tables that can be rented in ₹ 30,000 if no chairs are rented?</p>",
                    "options": [],
                    "correct_answer": {
                      "text": "<p>Let x be the number of chairs rented and y be the number of tables rented.</p><p><b>(i) Pair of linear equations:</b></p><p>From the total number of items, we get the first equation:</p><p>x + y = 300   ---(1)</p><p>From the total cost, we get the second equation (Rent per chair is ₹50, per table is ₹200, total spend is ₹30,000):</p><p>50x + 200y = 30,000</p><p>Dividing by 50 to simplify: x + 4y = 600   ---(2)</p><p>The pair of linear equations is x + y = 300 and x + 4y = 600.</p><p><b>(ii) (a) Number of chairs and tables:</b></p><p>We solve the system of equations:</p><p>1. x + y = 300</p><p>2. x + 4y = 600</p><p>Subtract equation (1) from equation (2):</p><p>(x + 4y) - (x + y) = 600 - 300</p><p>3y = 300  => y = 100.</p><p>Substitute y = 100 into equation (1):</p><p>x + 100 = 300  => x = 200.</p><p>The school rented 200 chairs and 100 tables.</p><p><b>OR</b></p><p><b>(ii) (b) Number of chairs and tables for ₹27,000:</b></p><p>The number of items is still 300: x + y = 300   ---(A)</p><p>The new total cost is ₹27,000: 50x + 200y = 27,000</p><p>Dividing by 50: x + 4y = 540   ---(B)</p><p>Subtract equation (A) from equation (B):</p><p>(x + 4y) - (x + y) = 540 - 300</p><p>3y = 240  => y = 80.</p><p>Substitute y = 80 into equation (A):</p><p>x + 80 = 300  => x = 220.</p><p>The school can rent 220 chairs and 80 tables.</p><p><b>(iii) Maximum number of tables if no chairs are rented:</b></p><p>If no chairs are rented, then x = 0. The total budget is ₹30,000.</p><p>Using the cost equation: 50(0) + 200y = 30,000</p><p>200y = 30,000</p><p>y = 30,000 / 200 = 150.</p><p>The maximum number of tables that can be rented is 150.</p>"
                    },
                    "question_type": "Case-based Subjective",
                    "difficulty_level": "medium",
                    "explanation_html": null
                  }
                ]
              },
              {
                "chapter_name": "Probability",
                "questions": [
                  {
                    "question_no": 37,
                    "question_html": "<p><b>Case Study – 2</b></p><p>Rahul is a lucky charm for his cricket team. He has a jar of cards with numbers from 10 to 74. Before each match, he draws a card from the jar. If the card bears an even number, the team wins. If the number is even and divisible by 5, they win by a big margin. If the number is an odd number less than 30, they win by a small margin. And if the number is a prime number between 50 and 74, they lose.</p><p>Answer the following questions if Rahul draws a card today:</p><p>(i) What is the probability that Rahul draws a card with an even number?</p><p>(ii) What is the probability that Rahul draws a card with an odd number less than 30?</p><p>(iii) (a) What is the probability that Rahul draws a card with a prime number between 50 and 74?</p><p>OR</p><p>(b) What is the probability that Rahul draws a card with an even number divisible by 5?</p>",
                    "options": [],
                    "correct_answer": {
                      "text": "<p>First, let's determine the total number of possible outcomes.</p><p>The cards are numbered from 10 to 74, inclusive.</p><p>Total number of cards = (Last number - First number) + 1 = (74 - 10) + 1 = 64 + 1 = 65.</p><p>So, the total number of outcomes is 65.</p><p><b>(i) Probability of drawing a card with an even number:</b></p><p>The even numbers are 10, 12, 14, ..., 74. This is an arithmetic progression.</p><p>Number of even numbers = (74 - 10)/2 + 1 = 64/2 + 1 = 32 + 1 = 33.</p><p>Probability (Even) = (Number of even numbers) / (Total number of cards) = 33/65.</p><p><b>(ii) Probability of drawing a card with an odd number less than 30:</b></p><p>The odd numbers in the range [10, 74] that are less than 30 are: 11, 13, 15, 17, 19, 21, 23, 25, 27, 29.</p><p>There are 10 such numbers.</p><p>Probability (Odd and < 30) = 10/65 = 2/13.</p><p><b>(iii) (a) Probability of drawing a card with a prime number between 50 and 74:</b></p><p>The prime numbers between 50 and 74 are: 53, 59, 61, 67, 71, 73.</p><p>There are 6 such numbers.</p><p>Probability (Prime between 50 and 74) = 6/65.</p><p><b>OR</b></p><p><b>(iii) (b) Probability of drawing a card with an even number divisible by 5:</b></p><p>A number that is even and divisible by 5 must be a multiple of 10.</p><p>The multiples of 10 in the range [10, 74] are: 10, 20, 30, 40, 50, 60, 70.</p><p>There are 7 such numbers.</p><p>Probability (Even and divisible by 5) = 7/65.</p>"
                    },
                    "question_type": "Case-based Subjective",
                    "difficulty_level": "medium",
                    "explanation_html": null
                  }
                ]
              },
              {
                "chapter_name": "Surface Areas and Volumes",
                "questions": [
                  {
                    "question_no": 38,
                    "question_html": "<p><b>Case Study – 3</b></p><p>A skilled carpenter decided to craft a special rolling pin for the local baker. He carefully joined three cylindrical pieces of wood – two small ones on the ends and one larger in the centre to create a perfect tool. The baker loved the rolling pin, as it rolled out the smoothest dough for breads and pastries.</p><p>The length of the bigger cylindrical part is 12 cm and diameter is 7 cm and the length of each smaller cylindrical part is 5 cm and diameter is 2.1 cm.</p><p>Based on the above information, answer the following questions:</p><p>(i) Find the volume of the bigger cylindrical part.</p><p>(ii) Find the curved surface area of the bigger cylindrical part.</p><p>(iii) (a) Find the ratio of the volume of the bigger cylindrical part to the total volume of the two smaller (identical) cylindrical parts.</p><p>OR</p><p>(b) Find the sum of the curved surface areas of the two identical smaller cylindrical parts.</p>",
                    "images": [
                      {
                        "url": "https://img.testbuddyai.com/Maths-30-2-25-Q38.png"
                      }
                    ],
                    "options": [],
                    "correct_answer": {
                      "text": "<p>Let's list the dimensions for both parts of the rolling pin.</p><p><b>Bigger Cylindrical Part:</b></p><ul><li>Length (h₁) = 12 cm</li><li>Diameter = 7 cm, so Radius (r₁) = 7/2 = 3.5 cm</li></ul><p><b>Smaller Cylindrical Part (each):</b></p><ul><li>Length (h₂) = 5 cm</li><li>Diameter = 2.1 cm, so Radius (r₂) = 2.1/2 = 1.05 cm</li></ul><p>We use the formulas: Volume of a cylinder = πr²h and Curved Surface Area (CSA) = 2πrh. Let's use π = 22/7.</p><p><b>(i) Volume of the bigger cylindrical part:</b></p><p>V₁ = πr₁²h₁ = (22/7) * (3.5)² * 12 = (22/7) * 12.25 * 12 = 22 * 1.75 * 12 = 462 cm³.</p><p><b>(ii) Curved surface area of the bigger cylindrical part:</b></p><p>CSA₁ = 2πr₁h₁ = 2 * (22/7) * 3.5 * 12 = 2 * 22 * 0.5 * 12 = 264 cm².</p><p><b>(iii) (a) Ratio of volumes:</b></p><p>First, find the total volume of the two smaller cylinders (V₂_total).</p><p>Volume of one smaller cylinder (V₂) = πr₂²h₂ = (22/7) * (1.05)² * 5 = (22/7) * 1.1025 * 5 = 17.325 cm³.</p><p>V₂_total = 2 * V₂ = 2 * 17.325 = 34.65 cm³.</p><p>Ratio = V₁ / V₂_total = 462 / 34.65</p><p>Ratio = 46200 / 3465 = (dividing by 15.75) = 3080 / 231.</p><p>The ratio is 3080:231.</p><p><b>OR</b></p><p><b>(iii) (b) Sum of curved surface areas of the two smaller parts:</b></p><p>First, find the CSA of one smaller cylinder (CSA₂).</p><p>CSA₂ = 2πr₂h₂ = 2 * (22/7) * 1.05 * 5 = 2 * 22 * 0.15 * 5 = 33 cm².</p><p>The sum of the CSAs of the two identical smaller parts is 2 * CSA₂ = 2 * 33 = 66 cm².</p>"
                    },
                    "question_type": "Case-based Subjective",
                    "difficulty_level": "hard",
                    "explanation_html": null
                  }
                ]
              }
            ]
          }
        ]
      }
    ]
  }
]