[
  {
    "exam_name_actual": "CBSE Board - Class 10",
    "main_exam_id_name_ref": "CBSE Board - Class 10",
    "years": [
      {
        "year": "2025",
        "papers_or_subjects": [
          {
            "paper_name": "CBSE Class 10 Mathematics (Basic) Paper 2025 (QP Code: 430/2/1)",
            "subject_name": "Mathematics",
            "chapters": [
              {
                "chapter_name": "Real Numbers",
                "questions": [
                  {
                    "question_no": 1,
                    "question_html": "<p>The value of (HCF – LCM) for the two numbers 3 and 5 is :</p>",
                    "options": [
                      {
                        "id": "a",
                        "text": "2"
                      },
                      {
                        "id": "b",
                        "text": "4"
                      },
                      {
                        "id": "c",
                        "text": "14"
                      },
                      {
                        "id": "d",
                        "text": "– 14"
                      }
                    ],
                    "correct_answer": {
                      "ids": [
                        "d"
                      ]
                    },
                    "question_type": "mcq_single",
                    "difficulty_level": "easy",
                    "explanation_html": "<p>The numbers are 3 and 5. Since both are prime numbers, their HCF (Highest Common Factor) is 1. Their LCM (Least Common Multiple) is their product, which is 3 × 5 = 15. The value of (HCF – LCM) is 1 – 15 = –14.</p>"
                  },
                  {
                    "question_no": 2,
                    "question_html": "<p>The number 2<sup>n</sup>, where n is a natural number, cannot end with the digit :</p>",
                    "options": [
                      {
                        "id": "a",
                        "text": "4"
                      },
                      {
                        "id": "b",
                        "text": "6"
                      },
                      {
                        "id": "c",
                        "text": "2"
                      },
                      {
                        "id": "d",
                        "text": "0"
                      }
                    ],
                    "correct_answer": {
                      "ids": [
                        "d"
                      ]
                    },
                    "question_type": "mcq_single",
                    "difficulty_level": "easy",
                    "explanation_html": "<p>For a number to end with the digit 0, its prime factorization must include both 2 and 5. The number 2<sup>n</sup> only has the prime factor 2. It will never have a factor of 5. Therefore, 2<sup>n</sup> can never end with the digit 0.</p>"
                  }
                ]
              },
              {
                "chapter_name": "Pair of Linear Equations in Two Variables",
                "questions": [
                  {
                    "question_no": 3,
                    "question_html": "<p>If (0, 0) is the solution of the equation x + y = c − 1, then the value of c is :</p>",
                    "options": [
                      {
                        "id": "a",
                        "text": "0"
                      },
                      {
                        "id": "b",
                        "text": "1"
                      },
                      {
                        "id": "c",
                        "text": "-1"
                      },
                      {
                        "id": "d",
                        "text": "any real number"
                      }
                    ],
                    "correct_answer": {
                      "ids": [
                        "b"
                      ]
                    },
                    "question_type": "mcq_single",
                    "difficulty_level": "easy",
                    "explanation_html": "<p>If (0, 0) is the solution, it means that substituting x = 0 and y = 0 into the equation will make the equation true. So, we substitute these values: 0 + 0 = c - 1. This simplifies to 0 = c - 1. To solve for c, we add 1 to both sides, which gives c = 1.</p>"
                  }
                ]
              },
              {
                "chapter_name": "Quadratic Equations",
                "questions": [
                  {
                    "question_no": 4,
                    "question_html": "<p>The value of 'a' for which ax² + 3x + 1 = 0 has real and equal roots is :</p>",
                    "options": [
                      {
                        "id": "a",
                        "text": "4/9"
                      },
                      {
                        "id": "b",
                        "text": "9/4"
                      },
                      {
                        "id": "c",
                        "text": "3/2"
                      },
                      {
                        "id": "d",
                        "text": "2/3"
                      }
                    ],
                    "correct_answer": {
                      "ids": [
                        "b"
                      ]
                    },
                    "question_type": "mcq_single",
                    "difficulty_level": "medium",
                    "explanation_html": "<p>For a quadratic equation ax² + bx + c = 0 to have real and equal roots, the discriminant (D) must be equal to zero. The discriminant is given by the formula D = b² - 4ac. In the equation ax² + 3x + 1 = 0, we have b = 3, and c = 1. So, D = 3² - 4(a)(1) = 9 - 4a. Setting D = 0, we get 9 - 4a = 0. This gives 4a = 9, so a = 9/4.</p>"
                  },
                  {
                    "question_no": 5,
                    "question_html": "<p>Which of the following equations is a quadratic equation?</p>",
                    "options": [
                      {
                        "id": "a",
                        "text": "x² = (x + 1)²"
                      },
                      {
                        "id": "b",
                        "text": "(x − 1)(x + 2) = 2x + 1"
                      },
                      {
                        "id": "c",
                        "text": "(x + 2)³ = 2x(x² – 1)"
                      },
                      {
                        "id": "d",
                        "text": "√x = x²"
                      }
                    ],
                    "correct_answer": {
                      "ids": [
                        "b"
                      ]
                    },
                    "question_type": "mcq_single",
                    "difficulty_level": "medium",
                    "explanation_html": "<p>A quadratic equation is a polynomial equation of degree 2. Let's check the options:<br>(A) x² = x² + 2x + 1 => 2x + 1 = 0. This is a linear equation.<br>(B) x² + x - 2 = 2x + 1 => x² - x - 3 = 0. This is a quadratic equation.<br>(C) x³ + 6x² + 12x + 8 = 2x³ - 2x => x³ - 6x² - 14x - 8 = 0. This is a cubic equation.<br>(D) √x = x² is not a polynomial equation because of the √x term.</p>"
                  }
                ]
              },
              {
                "chapter_name": "Coordinate Geometry",
                "questions": [
                  {
                    "question_no": 6,
                    "question_html": "<p>The distance of the point (2, 3) from the origin is :</p>",
                    "options": [
                      {
                        "id": "a",
                        "text": "2"
                      },
                      {
                        "id": "b",
                        "text": "3"
                      },
                      {
                        "id": "c",
                        "text": "5"
                      },
                      {
                        "id": "d",
                        "text": "√13"
                      }
                    ],
                    "correct_answer": {
                      "ids": [
                        "d"
                      ]
                    },
                    "question_type": "mcq_single",
                    "difficulty_level": "easy",
                    "explanation_html": "<p>The origin is the point (0, 0). The distance between two points (x₁, y₁) and (x₂, y₂) is given by the distance formula: √((x₂ - x₁)² + (y₂ - y₁)²). So, the distance of (2, 3) from (0, 0) is √((2 - 0)² + (3 - 0)²) = √(2² + 3²) = √(4 + 9) = √13.</p>"
                  },
                  {
                    "question_no": 7,
                    "question_html": "<p>The mid-point of the line segment joining points (1, 3) and (1, – 3) lies :</p>",
                    "options": [
                      {
                        "id": "a",
                        "text": "at the origin"
                      },
                      {
                        "id": "b",
                        "text": "in the second quadrant"
                      },
                      {
                        "id": "c",
                        "text": "on x-axis"
                      },
                      {
                        "id": "d",
                        "text": "on y-axis"
                      }
                    ],
                    "correct_answer": {
                      "ids": [
                        "c"
                      ]
                    },
                    "question_type": "mcq_single",
                    "difficulty_level": "easy",
                    "explanation_html": "<p>The coordinates of the mid-point are found by averaging the x and y coordinates of the endpoints. Mid-point = ((x₁ + x₂)/2, (y₁ + y₂)/2). For points (1, 3) and (1, -3), the mid-point is ((1 + 1)/2, (3 + (-3))/2) = (2/2, 0/2) = (1, 0). A point lies on the x-axis if its y-coordinate is 0. Since the y-coordinate is 0, the mid-point lies on the x-axis.</p>"
                  }
                ]
              },
              {
                "chapter_name": "Triangles",
                "questions": [
                  {
                    "question_no": 8,
                    "question_html": "<p>In the given figure, if DE || BC, AD = 1.5 cm, DB = 3 cm and EC = 2 cm, the length of AC is :</p>",
                    "images": [
                      {
                        "url": "https://img.testbuddyai.com/Maths-430-2-25-Q8.png"
                      }
                    ],
                    "options": [
                      {
                        "id": "a",
                        "text": "1.5 cm"
                      },
                      {
                        "id": "b",
                        "text": "3 cm"
                      },
                      {
                        "id": "c",
                        "text": "3.5 cm"
                      },
                      {
                        "id": "d",
                        "text": "4.5 cm"
                      }
                    ],
                    "correct_answer": {
                      "ids": [
                        "b"
                      ]
                    },
                    "question_type": "mcq_single",
                    "difficulty_level": "easy",
                    "explanation_html": "<p>According to the Basic Proportionality Theorem (Thales's Theorem), if a line is drawn parallel to one side of a triangle intersecting the other two sides, then it divides the two sides in the same ratio. Since DE || BC, we have AD/DB = AE/EC. Substituting the given values: 1.5/3 = AE/2. This simplifies to 1/2 = AE/2, which means AE = 1 cm. The length of AC is AE + EC = 1 cm + 2 cm = 3 cm.</p>"
                  }
                ]
              },
              {
                "chapter_name": "Circles",
                "questions": [
                  {
                    "question_no": 9,
                    "question_html": "<p>In two concentric circles, a tangent to the smaller circle will intersect the larger circle at :</p>",
                    "options": [
                      {
                        "id": "a",
                        "text": "zero point"
                      },
                      {
                        "id": "b",
                        "text": "one point"
                      },
                      {
                        "id": "c",
                        "text": "two points"
                      },
                      {
                        "id": "d",
                        "text": "three points"
                      }
                    ],
                    "correct_answer": {
                      "ids": [
                        "c"
                      ]
                    },
                    "question_type": "mcq_single",
                    "difficulty_level": "easy",
                    "explanation_html": "<p>A line that is tangent to the smaller circle touches it at exactly one point. Since the circles are concentric, this tangent line will act as a chord for the larger circle, passing through its interior. A chord intersects a circle at two distinct points. Therefore, the tangent to the smaller circle intersects the larger circle at two points.</p>"
                  }
                ]
              },
              {
                "chapter_name": "Introduction to Trigonometry",
                "questions": [
                  {
                    "question_no": 10,
                    "question_html": "<p>The value of (2 tan 60°)/(1 - tan² 60°) is :</p>",
                    "options": [
                      {
                        "id": "a",
                        "text": "– 3"
                      },
                      {
                        "id": "b",
                        "text": "√3"
                      },
                      {
                        "id": "c",
                        "text": "-1/√3"
                      },
                      {
                        "id": "d",
                        "text": "–√3"
                      }
                    ],
                    "correct_answer": {
                      "ids": [
                        "d"
                      ]
                    },
                    "question_type": "mcq_single",
                    "difficulty_level": "medium",
                    "explanation_html": "<p>We know that tan 60° = √3. Substitute this value into the expression: (2 * √3) / (1 - (√3)²). This becomes (2√3) / (1 - 3) = (2√3) / (-2). The 2 in the numerator and denominator cancels out, leaving -√3. Alternatively, this expression is the formula for tan(2θ) with θ = 60°. So, the value is tan(120°). In the second quadrant, tan is negative, and tan(120°) = tan(180° - 60°) = -tan(60°) = -√3.</p>"
                  },
                  {
                    "question_no": 11,
                    "question_html": "<p>The value of (sin² A + cos² A) + (sec² A – tan² A) – (cot² A – cosec² A) is :</p>",
                    "options": [
                      {
                        "id": "a",
                        "text": "1"
                      },
                      {
                        "id": "b",
                        "text": "-1"
                      },
                      {
                        "id": "c",
                        "text": "3"
                      },
                      {
                        "id": "d",
                        "text": "– 2"
                      }
                    ],
                    "correct_answer": {
                      "ids": [
                        "c"
                      ]
                    },
                    "question_type": "mcq_single",
                    "difficulty_level": "medium",
                    "explanation_html": "<p>We use the Pythagorean identities:<br>1. sin² A + cos² A = 1<br>2. sec² A – tan² A = 1<br>3. cosec² A – cot² A = 1, which means cot² A - cosec² A = -1.<br>Substituting these values into the expression: (1) + (1) - (-1) = 1 + 1 + 1 = 3.</p>"
                  }
                ]
              },
              {
                "chapter_name": "Some Applications of Trigonometry",
                "questions": [
                  {
                    "question_no": 12,
                    "question_html": "<p>The length of the shadow of a tower when the sun's altitude changes from 30° to 60° will :</p>",
                    "options": [
                      {
                        "id": "a",
                        "text": "become shorter"
                      },
                      {
                        "id": "b",
                        "text": "become longer"
                      },
                      {
                        "id": "c",
                        "text": "remain same"
                      },
                      {
                        "id": "d",
                        "text": "be doubled"
                      }
                    ],
                    "correct_answer": {
                      "ids": [
                        "a"
                      ]
                    },
                    "question_type": "mcq_single",
                    "difficulty_level": "easy",
                    "explanation_html": "<p>Let h be the height of the tower and x be the length of the shadow. The relationship is tan(angle) = h/x, or x = h/tan(angle).<br>At 30°, the shadow length is x₁ = h/tan(30°) = h/(1/√3) = h√3.<br>At 60°, the shadow length is x₂ = h/tan(60°) = h/√3.<br>Since √3 > 1/√3, the shadow length x₁ is longer than x₂. As the angle of altitude increases from 30° to 60°, the shadow becomes shorter.</p>"
                  }
                ]
              },
              {
                "chapter_name": "Areas Related to Circles",
                "questions": [
                  {
                    "question_no": 13,
                    "question_html": "<p>In the given figure, the shaded region represents :</p>",
                    "images": [
                      {
                        "url": "https://img.testbuddyai.com/Maths-430-2-25-Q13.png"
                      }
                    ],
                    "options": [
                      {
                        "id": "a",
                        "text": "minor sector"
                      },
                      {
                        "id": "b",
                        "text": "major sector"
                      },
                      {
                        "id": "c",
                        "text": "minor segment"
                      },
                      {
                        "id": "d",
                        "text": "major segment"
                      }
                    ],
                    "correct_answer": {
                      "ids": [
                        "c"
                      ]
                    },
                    "question_type": "mcq_single",
                    "difficulty_level": "easy",
                    "explanation_html": "<p>A sector is a region bounded by two radii and the arc between them (like a slice of pizza). A segment is a region bounded by a chord and the arc it cuts off. The shaded area is the smaller region cut off by a chord, which is the definition of a minor segment.</p>"
                  },
                  {
                    "question_no": 14,
                    "question_html": "<p>The perimeter of a quadrant of a circle of radius r is :</p>",
                    "options": [
                      {
                        "id": "a",
                        "text": "(1/4)πr²"
                      },
                      {
                        "id": "b",
                        "text": "(1/4)πr² + 2r"
                      },
                      {
                        "id": "c",
                        "text": "πr/2"
                      },
                      {
                        "id": "d",
                        "text": "πr/2 + 2r"
                      }
                    ],
                    "correct_answer": {
                      "ids": [
                        "d"
                      ]
                    },
                    "question_type": "mcq_single",
                    "difficulty_level": "medium",
                    "explanation_html": "<p>A quadrant is a quarter of a circle. Its perimeter consists of two straight sides (the radii) and one curved side (the arc). The length of the two radii is r + r = 2r. The length of the arc of a quadrant is one-fourth of the total circumference (2πr). So, arc length = (1/4) * 2πr = πr/2. The total perimeter is the sum of these parts: 2r + πr/2.</p>"
                  }
                ]
              },
              {
                "chapter_name": "Surface Areas and Volumes",
                "questions": [
                  {
                    "question_no": 15,
                    "question_html": "<p>A cone and a cylinder have the same base radius and volume. The (height of cone : height of cylinder) is :</p>",
                    "options": [
                      {
                        "id": "a",
                        "text": "1:1"
                      },
                      {
                        "id": "b",
                        "text": "3:1"
                      },
                      {
                        "id": "c",
                        "text": "1:3"
                      },
                      {
                        "id": "d",
                        "text": "3:2"
                      }
                    ],
                    "correct_answer": {
                      "ids": [
                        "b"
                      ]
                    },
                    "question_type": "mcq_single",
                    "difficulty_level": "medium",
                    "explanation_html": "<p>Let r be the base radius, h_cone be the height of the cone, and h_cyl be the height of the cylinder. Volume of cone = (1/3)πr²h_cone. Volume of cylinder = πr²h_cyl. We are given that the volumes are equal: (1/3)πr²h_cone = πr²h_cyl. We can cancel πr² from both sides, which gives (1/3)h_cone = h_cyl. Rearranging to find the ratio h_cone / h_cyl, we get h_cone / h_cyl = 3/1. So, the ratio is 3:1.</p>"
                  }
                ]
              },
              {
                "chapter_name": "Statistics",
                "questions": [
                  {
                    "question_no": 16,
                    "question_html": "<p>In the formula of mode given by mode = l + [(f₁ - f₀) / (2f₁ - f₀ - f₂)] × h, f₁ denotes the :</p>",
                    "options": [
                      {
                        "id": "a",
                        "text": "frequency of the modal class"
                      },
                      {
                        "id": "b",
                        "text": "frequency of class preceding modal class"
                      },
                      {
                        "id": "c",
                        "text": "frequency of class succeeding modal class"
                      },
                      {
                        "id": "d",
                        "text": "cumulative frequency of modal class"
                      }
                    ],
                    "correct_answer": {
                      "ids": [
                        "a"
                      ]
                    },
                    "question_type": "mcq_single",
                    "difficulty_level": "easy",
                    "explanation_html": "<p>In the formula for calculating the mode of grouped data, the variables represent:<br>l = lower limit of the modal class<br>h = class size<br>f₁ = frequency of the modal class (the class with the highest frequency)<br>f₀ = frequency of the class preceding the modal class<br>f₂ = frequency of the class succeeding the modal class<br>Therefore, f₁ denotes the frequency of the modal class.</p>"
                  },
                  {
                    "question_no": 17,
                    "question_html": "<p>For a distribution, if mean = median = a, then its mode is :</p>",
                    "options": [
                      {
                        "id": "a",
                        "text": "3a"
                      },
                      {
                        "id": "b",
                        "text": "2a"
                      },
                      {
                        "id": "c",
                        "text": "a"
                      },
                      {
                        "id": "d",
                        "text": "0"
                      }
                    ],
                    "correct_answer": {
                      "ids": [
                        "c"
                      ]
                    },
                    "question_type": "mcq_single",
                    "difficulty_level": "easy",
                    "explanation_html": "<p>The empirical relationship between mean, median, and mode is: Mode = 3 Median – 2 Mean. Given that Mean = a and Median = a, we can substitute these values into the formula: Mode = 3(a) – 2(a) = 3a - 2a = a. This is characteristic of a symmetrical distribution where the mean, median, and mode are all equal.</p>"
                  }
                ]
              },
              {
                "chapter_name": "Probability",
                "questions": [
                  {
                    "question_no": 18,
                    "question_html": "<p>The total number of outcomes in the experiment of simultaneous throw of three dice is :</p>",
                    "options": [
                      {
                        "id": "a",
                        "text": "6"
                      },
                      {
                        "id": "b",
                        "text": "18"
                      },
                      {
                        "id": "c",
                        "text": "36"
                      },
                      {
                        "id": "d",
                        "text": "216"
                      }
                    ],
                    "correct_answer": {
                      "ids": [
                        "d"
                      ]
                    },
                    "question_type": "mcq_single",
                    "difficulty_level": "easy",
                    "explanation_html": "<p>Each die has 6 possible outcomes (numbers 1 through 6). When three dice are thrown simultaneously, the total number of possible outcomes is the product of the number of outcomes for each die. So, the total number of outcomes is 6 × 6 × 6 = 6³ = 216.</p>"
                  }
                ]
              },
              {
                "chapter_name": "Real Numbers",
                "questions": [
                  {
                    "question_no": 19,
                    "question_html": "<p><b>Assertion (A):</b> The prime numbers which divide 36 also divide 6.<br><b>Reason (R):</b> Any number which divides p² also divides p.</p>",
                    "options": [
                      {
                        "id": "a",
                        "text": "Both Assertion (A) and Reason (R) are true and Reason (R) is the correct explanation of Assertion (A)."
                      },
                      {
                        "id": "b",
                        "text": "Both Assertion (A) and Reason (R) are true, but Reason (R) is not the correct explanation of Assertion (A)."
                      },
                      {
                        "id": "c",
                        "text": "Assertion (A) is true, but Reason (R) is false."
                      },
                      {
                        "id": "d",
                        "text": "Assertion (A) is false, but Reason (R) is true."
                      }
                    ],
                    "correct_answer": {
                      "ids": [
                        "c"
                      ]
                    },
                    "question_type": "mcq_single",
                    "difficulty_level": "medium",
                    "explanation_html": "<p><b>Assertion (A):</b> The prime factors of 36 are 2 and 3. The prime factors of 6 are also 2 and 3. So, the prime numbers that divide 36 (which are 2 and 3) also divide 6. Thus, Assertion (A) is true.<br><b>Reason (R):</b> This statement is a property of prime numbers, but it's not universally true for any number. For example, the number 4 divides 6² (which is 36), but 4 does not divide 6. The correct theorem states that if a prime number 'p' divides a², then 'p' divides 'a'. Since the reason states 'any number', it is false. Therefore, Assertion (A) is true, but Reason (R) is false.</p>"
                  }
                ]
              },
              {
                "chapter_name": "Triangles",
                "questions": [
                  {
                    "question_no": 20,
                    "question_html": "<p><b>Assertion (A):</b> All congruent triangles are similar.<br><b>Reason (R):</b> In congruent triangles, the ratio of corresponding sides is 1:1.</p>",
                    "options": [
                      {
                        "id": "a",
                        "text": "Both Assertion (A) and Reason (R) are true and Reason (R) is the correct explanation of Assertion (A)."
                      },
                      {
                        "id": "b",
                        "text": "Both Assertion (A) and Reason (R) are true, but Reason (R) is not the correct explanation of Assertion (A)."
                      },
                      {
                        "id": "c",
                        "text": "Assertion (A) is true, but Reason (R) is false."
                      },
                      {
                        "id": "d",
                        "text": "Assertion (A) is false, but Reason (R) is true."
                      }
                    ],
                    "correct_answer": {
                      "ids": [
                        "a"
                      ]
                    },
                    "question_type": "mcq_single",
                    "difficulty_level": "medium",
                    "explanation_html": "<p><b>Assertion (A):</b> Congruent triangles have corresponding angles that are equal and corresponding sides that are equal. Similar triangles have corresponding angles that are equal and corresponding sides that are in proportion. Since congruent triangles satisfy both conditions (with a ratio of 1:1), all congruent triangles are also similar. So, Assertion (A) is true.<br><b>Reason (R):</b> By definition, if two triangles are congruent, their corresponding sides are equal in length. Therefore, the ratio of their corresponding sides is 1:1. So, Reason (R) is true.<br>Reason (R) explains why Assertion (A) is true. The fact that the ratio of sides is 1:1 (a specific proportion) is why congruent triangles fit the definition of similar triangles. Thus, (R) is the correct explanation for (A).</p>"
                  }
                ]
              },
              {
                "chapter_name": "Pair of Linear Equations in Two Variables",
                "questions": [
                  {
                    "question_no": 21,
                    "question_html": "<p>(a) Find the value of c for which the following pair of linear equations has infinitely many solutions :</p><p>cx + 3y = c − 3</p><p>12x + cy = c</p><p><strong>OR</strong></p><p>(b) Solve for x and y :</p><p>3x + 2y = 65</p><p>2x + 3y = 60</p>",
                    "options": [],
                    "correct_answer": {
                      "text": "<p><strong>(a)</strong> For infinitely many solutions, the condition is:</p><p>a₁/a₂ = b₁/b₂ = c₁/c₂</p><p>c/12 = 3/c = (c-3)/c</p><p>From the first two parts: c/12 = 3/c ⇒ c² = 36 ⇒ c = ±6</p><p>From the last two parts: 3/c = (c-3)/c ⇒ 3 = c - 3 ⇒ c = 6</p><p>The common value for c is 6.</p><p><strong>OR</strong></p><p><strong>(b)</strong> The given equations are:</p><p>3x + 2y = 65  ---(i)</p><p>2x + 3y = 60  ---(ii)</p><p>Multiplying (i) by 3 and (ii) by 2, we get:</p><p>9x + 6y = 195</p><p>4x + 6y = 120</p><p>Subtracting the second new equation from the first:</p><p>5x = 75 ⇒ x = 15</p><p>Substituting x = 15 into equation (ii):</p><p>2(15) + 3y = 60 ⇒ 30 + 3y = 60 ⇒ 3y = 30 ⇒ y = 10</p><p>So, x = 15 and y = 10.</p>"
                    },
                    "question_type": "Very Short Answer (2 marks)",
                    "difficulty_level": "Medium",
                    "explanation_html": null
                  }
                ]
              },
              {
                "chapter_name": "Triangles",
                "questions": [
                  {
                    "question_no": 22,
                    "question_html": "<p>D is a point on side BC of a Δ ABC such that ∠ ADC = ∠ BAC. Prove that (CA)² = CB . CD.</p>",
                    "options": [],
                    "correct_answer": {
                      "text": "<p>In ΔADC and ΔBAC,</p><p>∠ADC = ∠BAC (Given)</p><p>∠ACD = ∠BCA (Common angle)</p><p>Therefore, by AA similarity criterion, ΔADC ~ ΔBAC.</p><p>Since the triangles are similar, the ratio of their corresponding sides is equal:</p><p>CA/CB = CD/CA</p><p>By cross-multiplication, we get:</p><p>(CA)² = CB . CD</p><p>Hence proved.</p>"
                    },
                    "question_type": "Very Short Answer (2 marks)",
                    "difficulty_level": "Medium",
                    "explanation_html": null
                  }
                ]
              },
              {
                "chapter_name": "Circles",
                "questions": [
                  {
                    "question_no": 23,
                    "question_html": "<p>Prove that the tangent drawn at any point of the circle is perpendicular to the radius through the point of contact.</p>",
                    "options": [],
                    "correct_answer": {
                      "text": "<p><strong>Given:</strong> A circle with centre O and a tangent l at point A. OA is the radius.</p><p><strong>To prove:</strong> OA ⊥ l.</p><p><strong>Proof:</strong></p><p>Let B be any point on the tangent l, other than A.</p><p>Since B lies on the tangent, it must be outside the circle.</p><p>Therefore, the distance of B from the centre O is greater than the radius.</p><p>OB > OA</p><p>This condition holds for every point on the line l except for point A. This means that OA is the shortest distance from the centre O to the line l.</p><p>We know that the shortest distance from a point to a line is the perpendicular distance.</p><p>Hence, OA ⊥ l.</p>"
                    },
                    "question_type": "Very Short Answer (2 marks)",
                    "difficulty_level": "Easy",
                    "explanation_html": null
                  }
                ]
              },
              {
                "chapter_name": "Introduction to Trigonometry",
                "questions": [
                  {
                    "question_no": 24,
                    "question_html": "<p>Evaluate : cos 45° / (sec 30° + cosec 30°)</p>",
                    "options": [],
                    "correct_answer": {
                      "text": "<p>We know the values:</p><p>cos 45° = 1/√2</p><p>sec 30° = 2/√3</p><p>cosec 30° = 2</p><p>Substituting these values into the expression:</p><p>(1/√2) / (2/√3 + 2)</p><p>= (1/√2) / ((2 + 2√3)/√3)</p><p>= √3 / (√2 * (2 + 2√3))</p><p>= √3 / (2√2 + 2√6)</p><p>To rationalize, multiply the numerator and denominator by (2√6 - 2√2):</p><p>= [√3(2√6 - 2√2)] / [(2√6 + 2√2)(2√6 - 2√2)]</p><p>= (2√18 - 2√6) / ((2√6)² - (2√2)²)</p><p>= (2 * 3√2 - 2√6) / (24 - 8)</p><p>= (6√2 - 2√6) / 16</p><p>= (3√2 - √6) / 8</p>"
                    },
                    "question_type": "Very Short Answer (2 marks)",
                    "difficulty_level": "Medium",
                    "explanation_html": null
                  }
                ]
              },
              {
                "chapter_name": "Areas Related to Circles",
                "questions": [
                  {
                    "question_no": 25,
                    "question_html": "<p>(a) The area of a smaller circle is equal to the area of a sector of a larger circle with central angle 120°. The radii of the smaller and larger circles are 'r' and 'R' respectively. Find r : R.</p><p><strong>OR</strong></p><p>(b) In the given figure, O is the centre of a circle of radius 7 cm. AB is a chord of the circle. Find the perimeter of the shaded region.</p>",
                    "images": [
                      {
                        "url": "https://img.testbuddyai.com/Maths-430-2-25-Q25b.png"
                      }
                    ],
                    "options": [],
                    "correct_answer": {
                      "text": "<p><strong>(a)</strong></p><p>Area of the smaller circle = πr²</p><p>Area of the sector of the larger circle = (θ/360) * πR² = (120/360) * πR² = (1/3)πR²</p><p>According to the question, Area of smaller circle = Area of sector of larger circle.</p><p>πr² = (1/3)πR²</p><p>r²/R² = 1/3</p><p>r/R = √(1/3) = 1/√3</p><p>Therefore, r : R = 1 : √3.</p><p><strong>OR</strong></p><p><strong>(b)</strong></p><p>The perimeter of the shaded region (minor segment) is the sum of the length of the minor arc AB and the length of the chord AB.</p><p>In ΔAOB, OA = OB = 7 cm (radii of the circle) and ∠AOB = 60°.</p><p>Since two sides are equal and the angle between them is 60°, ΔAOB is an equilateral triangle.</p><p>Therefore, the length of the chord AB = 7 cm.</p><p>Length of the minor arc AB = (θ/360) * 2πr = (60/360) * 2 * (22/7) * 7 = (1/6) * 44 = 22/3 cm.</p><p>Perimeter of the shaded region = Length of arc AB + Length of chord AB</p><p>= (22/3) + 7 = (22 + 21)/3 = 43/3 cm or approximately 14.33 cm.</p>"
                    },
                    "question_type": "Very Short Answer (2 marks)",
                    "difficulty_level": "Medium",
                    "explanation_html": null
                  }
                ]
              },
              {
                "chapter_name": "Real Numbers",
                "questions": [
                  {
                    "question_no": 26,
                    "question_html": "<p>(a) Prove that √5 is an irrational number.</p><p><strong>OR</strong></p><p>(b) State the \"Fundamental Theorem of Arithmetic\" and use it to find LCM of 36 and 54.</p>",
                    "options": [],
                    "correct_answer": {
                      "text": "<p><strong>(a)</strong></p><p>Let us assume to the contrary that √5 is a rational number.</p><p>Then, there exist co-prime integers p and q (q ≠ 0) such that √5 = p/q.</p><p>Squaring both sides, we get 5 = p²/q² or p² = 5q².</p><p>This means that p² is divisible by 5. Therefore, p is also divisible by 5.</p><p>Let p = 5m for some integer m.</p><p>Substituting p = 5m in p² = 5q², we get (5m)² = 5q², which is 25m² = 5q².</p><p>This simplifies to q² = 5m².</p><p>This means that q² is divisible by 5, and therefore q is also divisible by 5.</p><p>Thus, p and q have a common factor of 5. This contradicts our assumption that p and q are co-prime.</p><p>This contradiction has arisen because of our incorrect assumption that √5 is rational.</p><p>Hence, √5 is an irrational number.</p><p><strong>OR</strong></p><p><strong>(b)</strong></p><p><strong>Fundamental Theorem of Arithmetic:</strong> Every composite number can be expressed (factorized) as a product of primes, and this factorization is unique, apart from the order in which the prime factors occur.</p><p>To find the LCM of 36 and 54 using prime factorization:</p><p>36 = 2 × 2 × 3 × 3 = 2² × 3²</p><p>54 = 2 × 3 × 3 × 3 = 2¹ × 3³</p><p>LCM is the product of the highest powers of all prime factors that appear in either factorization.</p><p>LCM(36, 54) = 2² × 3³ = 4 × 27 = 108.</p>"
                    },
                    "question_type": "Short Answer (3 marks)",
                    "difficulty_level": "Medium",
                    "explanation_html": null
                  }
                ]
              },
              {
                "chapter_name": "Polynomials",
                "questions": [
                  {
                    "question_no": 27,
                    "question_html": "<p>Find the zeroes of the polynomial p(x) = 3x² − 2x − 1 and verify the relationship between the zeroes of p(x) and the coefficients of p(x).</p>",
                    "options": [],
                    "correct_answer": {
                      "text": "<p>To find the zeroes, we set p(x) = 0:</p><p>3x² − 2x − 1 = 0</p><p>By splitting the middle term:</p><p>3x² − 3x + x − 1 = 0</p><p>3x(x − 1) + 1(x − 1) = 0</p><p>(3x + 1)(x − 1) = 0</p><p>The zeroes are x = -1/3 and x = 1.</p><p>Let α = -1/3 and β = 1.</p><p><strong>Verification:</strong></p><p>For the polynomial 3x² − 2x − 1, we have a = 3, b = -2, c = -1.</p><p><strong>Sum of zeroes:</strong></p><p>α + β = (-1/3) + 1 = 2/3</p><p>-b/a = -(-2)/3 = 2/3</p><p>Hence, Sum of zeroes = -b/a is verified.</p><p><strong>Product of zeroes:</strong></p><p>αβ = (-1/3) × 1 = -1/3</p><p>c/a = -1/3</p><p>Hence, Product of zeroes = c/a is verified.</p>"
                    },
                    "question_type": "Short Answer (3 marks)",
                    "difficulty_level": "Easy",
                    "explanation_html": null
                  }
                ]
              },
              {
                "chapter_name": "Pair of Linear Equations in Two Variables",
                "questions": [
                  {
                    "question_no": 28,
                    "question_html": "<p>(a) Solve graphically the following pair of linear equations : 2x − y = 2 and 4x − y = 4. Also, write the coordinates of the points where the lines represented by these equations cut the y-axis.</p><p><strong>OR</strong></p><p>(b) An academy offering cricket coaching bought 10 bats and 5 balls for ₹ 32,500. Later, the academy bought 2 bats and 8 balls for ₹ 10,000. If there is no change in the cost of the bat and of the ball, find the cost of 1 bat and 1 ball.</p>",
                    "options": [],
                    "correct_answer": {
                      "text": "<p><strong>(a)</strong></p><p>To solve graphically, we find points on each line.</p><p><strong>Line 1:</strong> 2x - y = 2 (or y = 2x - 2)</p><ul><li>If x = 0, y = -2. Point is (0, -2).</li><li>If x = 1, y = 0. Point is (1, 0).</li></ul><p><strong>Line 2:</strong> 4x - y = 4 (or y = 4x - 4)</p><ul><li>If x = 0, y = -4. Point is (0, -4).</li><li>If x = 1, y = 0. Point is (1, 0).</li></ul><p>By plotting these points and drawing the lines, we can see they intersect at the point (1, 0). Thus, the solution is x = 1, y = 0.</p><p>The line 2x - y = 2 cuts the y-axis at (0, -2).</p><p>The line 4x - y = 4 cuts the y-axis at (0, -4).</p><p><strong>OR</strong></p><p><strong>(b)</strong></p><p>Let the cost of one bat be ₹x and the cost of one ball be ₹y.</p><p>From the given information, we can form two linear equations:</p><p>10x + 5y = 32500  ⇒  2x + y = 6500   ---(i)</p><p>2x + 8y = 10000  ---(ii)</p><p>Subtracting equation (i) from equation (ii):</p><p>(2x + 8y) - (2x + y) = 10000 - 6500</p><p>7y = 3500</p><p>y = 500</p><p>Substituting y = 500 into equation (i):</p><p>2x + 500 = 6500</p><p>2x = 6000</p><p>x = 3000</p><p>Therefore, the cost of 1 bat is ₹3,000 and the cost of 1 ball is ₹500.</p>"
                    },
                    "question_type": "Short Answer (3 marks)",
                    "difficulty_level": "Medium",
                    "explanation_html": null
                  }
                ]
              },
              {
                "chapter_name": "Circles",
                "questions": [
                  {
                    "question_no": 29,
                    "question_html": "<p>In the given figure, TP and TQ are tangents at points P and Q of the circle respectively. If reflex ∠ POQ = 250°, find the measure of each angle of quadrilateral POQT.</p>",
                    "images": [
                      {
                        "url": "https://img.testbuddyai.com/Maths-430-2-25-Q29.png"
                      }
                    ],
                    "options": [],
                    "correct_answer": {
                      "text": "<p>The sum of angles at the center of the circle is 360°.</p><p>∠POQ = 360° - reflex ∠POQ</p><p>∠POQ = 360° - 250° = 110°</p><p>In the quadrilateral POQT, we know that the tangent at any point of a circle is perpendicular to the radius through the point of contact.</p><p>Therefore, ∠OPT = 90° and ∠OQT = 90°.</p><p>The sum of the angles in a quadrilateral is 360°.</p><p>In quadrilateral POQT:</p><p>∠POQ + ∠OQT + ∠QTP + ∠TPO = 360°</p><p>110° + 90° + ∠QTP + 90° = 360°</p><p>290° + ∠QTP = 360°</p><p>∠QTP = 360° - 290° = 70°</p><p>The angles of the quadrilateral POQT are: ∠POQ = 110°, ∠OQT = 90°, ∠QTP = 70°, and ∠TPO = 90°.</p>"
                    },
                    "question_type": "Short Answer (3 marks)",
                    "difficulty_level": "Medium",
                    "explanation_html": null
                  }
                ]
              },
              {
                "chapter_name": "Introduction to Trigonometry",
                "questions": [
                  {
                    "question_no": 30,
                    "question_html": "<p>Prove the following trigonometric identity :</p><p>cos θ / (1 + sin θ) + (1 + sin θ) / cos θ = 2 sec θ</p>",
                    "options": [],
                    "correct_answer": {
                      "text": "<p>Starting with the Left Hand Side (LHS):</p><p>LHS = cos θ / (1 + sin θ) + (1 + sin θ) / cos θ</p><p>Taking a common denominator, which is (1 + sin θ)cos θ:</p><p>LHS = [cos²θ + (1 + sin θ)²] / [(1 + sin θ)cos θ]</p><p>Expanding the numerator:</p><p>LHS = [cos²θ + 1 + 2sinθ + sin²θ] / [(1 + sin θ)cos θ]</p><p>Using the identity sin²θ + cos²θ = 1:</p><p>LHS = [1 + 1 + 2sinθ] / [(1 + sin θ)cos θ]</p><p>LHS = [2 + 2sinθ] / [(1 + sin θ)cos θ]</p><p>Factoring out 2 from the numerator:</p><p>LHS = [2(1 + sinθ)] / [(1 + sin θ)cos θ]</p><p>Cancelling the (1 + sinθ) term:</p><p>LHS = 2 / cos θ</p><p>Since 1/cosθ = secθ:</p><p>LHS = 2 sec θ = Right Hand Side (RHS)</p><p>Hence proved.</p>"
                    },
                    "question_type": "Short Answer (3 marks)",
                    "difficulty_level": "Medium",
                    "explanation_html": null
                  }
                ]
              },
              {
                "chapter_name": "Probability",
                "questions": [
                  {
                    "question_no": 31,
                    "question_html": "<p>A game of chance consists of spinning a wheel which comes to rest at one of the numbers from 1 to 10 (as shown in the given figure) with equal probabilities.</p><p>What is the probability that the wheel stops at</p><p>(i) a prime number greater than 2 ?</p><p>(ii) an odd number less than 9 ?</p><p>(iii) a multiple of 4 ?</p>",
                    "images": [
                      {
                        "url": "https://img.testbuddyai.com/Maths-430-2-25-Q31.png"
                      }
                    ],
                    "options": [],
                    "correct_answer": {
                      "text": "<p>The sample space S consists of the numbers {1, 2, 3, 4, 5, 6, 7, 8, 9, 10}.</p><p>Total number of possible outcomes = 10.</p><p><strong>(i) A prime number greater than 2:</strong></p><p>The prime numbers in the set are 2, 3, 5, 7. Those greater than 2 are {3, 5, 7}.</p><p>Number of favorable outcomes = 3.</p><p>P(prime number > 2) = Number of favorable outcomes / Total outcomes = 3/10.</p><p><strong>(ii) An odd number less than 9:</strong></p><p>The odd numbers are {1, 3, 5, 7, 9}. Those less than 9 are {1, 3, 5, 7}.</p><p>Number of favorable outcomes = 4.</p><p>P(odd number < 9) = 4/10 = 2/5.</p><p><strong>(iii) A multiple of 4:</strong></p><p>The multiples of 4 in the set are {4, 8}.</p><p>Number of favorable outcomes = 2.</p><p>P(multiple of 4) = 2/10 = 1/5.</p>"
                    },
                    "question_type": "Long Answer (5 marks)",
                    "difficulty_level": "Easy",
                    "explanation_html": null
                  }
                ]
              },
              {
                "chapter_name": "Quadratic Equations",
                "questions": [
                  {
                    "question_no": 32,
                    "question_html": "<p>(a) The sum of areas of two squares is 2650 cm². If the sum of their perimeters is 280 cm, find the sides of the two given squares.</p><p><strong>OR</strong></p><p>(b) Express the equation 1/x − 1/(x−2) = 3, (x ≠ 0, 2) as a quadratic equation in standard form. Hence, find the roots of the quadratic equation so obtained.</p>",
                    "options": [],
                    "correct_answer": {
                      "text": "<p><strong>(a)</strong></p><p>Let the sides of the two squares be x cm and y cm.</p><p>The area of the squares are x² and y².</p><p>The sum of their areas is x² + y² = 2650   ---(i)</p><p>The perimeters of the squares are 4x and 4y.</p><p>The sum of their perimeters is 4x + 4y = 280, which simplifies to x + y = 70   ---(ii)</p><p>From (ii), we can express y as y = 70 - x.</p><p>Substitute this into equation (i):</p><p>x² + (70 - x)² = 2650</p><p>x² + 4900 - 140x + x² = 2650</p><p>2x² - 140x + 4900 - 2650 = 0</p><p>2x² - 140x + 2250 = 0</p><p>Dividing by 2: x² - 70x + 1125 = 0</p><p>Factoring the quadratic equation:</p><p>(x - 45)(x - 25) = 0</p><p>The possible values for x are 45 and 25.</p><p>If x = 45, then y = 70 - 45 = 25.</p><p>If x = 25, then y = 70 - 25 = 45.</p><p>So, the sides of the two squares are 25 cm and 45 cm.</p><p><strong>OR</strong></p><p><strong>(b)</strong></p><p>Given equation: 1/x − 1/(x−2) = 3</p><p>To combine the fractions on the left, find a common denominator:</p><p>[(x - 2) - x] / [x(x - 2)] = 3</p><p>-2 / (x² - 2x) = 3</p><p>-2 = 3(x² - 2x)</p><p>-2 = 3x² - 6x</p><p>The standard form of the quadratic equation is 3x² - 6x + 2 = 0.</p><p>To find the roots, we use the quadratic formula: x = [-b ± √(b² - 4ac)] / 2a</p><p>Here, a = 3, b = -6, c = 2.</p><p>x = [ -(-6) ± √((-6)² - 4*3*2) ] / (2*3)</p><p>x = [ 6 ± √(36 - 24) ] / 6</p><p>x = [ 6 ± √12 ] / 6</p><p>x = [ 6 ± 2√3 ] / 6</p><p>x = (3 ± √3) / 3</p><p>The roots are (3 + √3)/3 and (3 - √3)/3.</p>"
                    },
                    "question_type": "Long Answer (5 marks)",
                    "difficulty_level": "Hard",
                    "explanation_html": null
                  }
                ]
              },
              {
                "chapter_name": "Triangles",
                "questions": [
                  {
                    "question_no": 33,
                    "question_html": "<p>State the SAS criteria of similarity of two triangles. In the given figure, it is given that OA . OC = OB . OD. Use the SAS criteria to prove that AD || CB.</p>",
                    "images": [
                      {
                        "url": "https://img.testbuddyai.com/Maths-430-2-25-Q33.png"
                      }
                    ],
                    "options": [],
                    "correct_answer": {
                      "text": "<p><strong>SAS (Side-Angle-Side) Similarity Criterion:</strong> If one angle of a triangle is equal to one angle of another triangle and the sides including these angles are in the same ratio (proportional), then the two triangles are similar.</p><p><strong>Proof:</strong></p><p>Given: OA . OC = OB . OD</p><p>This can be rearranged as: OA/OB = OD/OC   ---(i)</p><p>Now, consider ΔOAD and ΔOBC.</p><p>We have OA/OB = OD/OC from (i).</p><p>Also, ∠AOD = ∠BOC (Vertically opposite angles).</p><p>According to the SAS similarity criterion, since we have a pair of equal angles and the sides including these angles are proportional, the triangles are similar.</p><p>Therefore, ΔOAD ~ ΔOBC.</p><p>When two triangles are similar, their corresponding angles are equal. So,</p><p>∠OAD = ∠OBC (or ∠A = ∠B)</p><p>These are alternate interior angles formed by the lines AD and CB with the transversal AB.</p><p>Since the alternate interior angles are equal, the lines must be parallel.</p><p>Hence, AD || CB.</p>"
                    },
                    "question_type": "Long Answer (5 marks)",
                    "difficulty_level": "Medium",
                    "explanation_html": null
                  }
                ]
              },
              {
                "chapter_name": "Surface Areas and Volumes",
                "questions": [
                  {
                    "question_no": 34,
                    "question_html": "<p>A wooden article was made by scooping out a hemisphere (of same diameter) from one end of a solid cylinder as shown in the given figure. If the height of the cylinder is 10 cm and the diameter of the cylinder is 14 cm, find the total surface area of the remaining wooden article. (Use π = 22/7)</p>",
                    "images": [
                      {
                        "url": "https://img.testbuddyai.com/Maths-430-2-25-Q34.png"
                      }
                    ],
                    "options": [],
                    "correct_answer": {
                      "text": "<p>Given:</p><p>Height of the cylinder (h) = 10 cm</p><p>Diameter of the cylinder = 14 cm, so the radius (r) = 7 cm.</p><p>The radius of the hemisphere is also r = 7 cm.</p><p>The total surface area (TSA) of the remaining article is the sum of:</p><ol><li>Curved Surface Area (CSA) of the cylinder</li><li>Area of the bottom circular base of the cylinder</li><li>Curved Surface Area (CSA) of the hemisphere</li></ol><p>TSA = (CSA of cylinder) + (Area of base) + (CSA of hemisphere)</p><p>TSA = (2πrh) + (πr²) + (2πr²)</p><p>TSA = 2πrh + 3πr²</p><p>Substituting the values:</p><p>TSA = (2 * (22/7) * 7 * 10) + (3 * (22/7) * 7²)</p><p>TSA = (2 * 22 * 10) + (3 * 22 * 7)</p><p>TSA = 440 + 462</p><p>TSA = 902 cm²</p><p>The total surface area of the remaining wooden article is 902 cm².</p>"
                    },
                    "question_type": "Long Answer (5 marks)",
                    "difficulty_level": "Medium",
                    "explanation_html": null
                  }
                ]
              },
              {
                "chapter_name": "Statistics",
                "questions": [
                  {
                    "question_no": 35,
                    "question_html": "<p>(a) The lengths of 40 leaves of a plant are measured, correct to the nearest millimetre and data obtained is represented in the following table :</p><table><thead><tr><th>Length in (mm)</th><th>Number of leaves</th></tr></thead><tbody><tr><td>100 - 120</td><td>8</td></tr><tr><td>120 - 140</td><td>9</td></tr><tr><td>140 - 160</td><td>12</td></tr><tr><td>160 - 180</td><td>5</td></tr><tr><td>180 - 200</td><td>6</td></tr></tbody></table><p>Find the median length (in mm) of the leaves.</p><p><strong>OR</strong></p><p>(b) A class teacher has the following absentees record of 30 students of a class.</p><table><thead><tr><th>Number of days</th><th>0-4</th><th>4-8</th><th>8-12</th><th>12-16</th><th>16-20</th><th>20-24</th></tr></thead><tbody><tr><td>Number of Absent students</td><td>1</td><td>8</td><td>x</td><td>6</td><td>5</td><td>y</td></tr></tbody></table><p>If the mean number of days a student was absent is 12, find the values of x and y.</p>",
                    "options": [],
                    "correct_answer": {
                      "text": "<p><strong>(a)</strong> To find the median, we first need to calculate the cumulative frequencies (cf).</p><table><thead><tr><th>Length in (mm)</th><th>Number of leaves (f)</th><th>Cumulative Frequency (cf)</th></tr></thead><tbody><tr><td>100 - 120</td><td>8</td><td>8</td></tr><tr><td>120 - 140</td><td>9</td><td>17</td></tr><tr><td>140 - 160</td><td>12</td><td>29</td></tr><tr><td>160 - 180</td><td>5</td><td>34</td></tr><tr><td>180 - 200</td><td>6</td><td>40</td></tr></tbody></table><p>Total number of leaves, N = 40. So, N/2 = 20.</p><p>The cumulative frequency just greater than 20 is 29, which corresponds to the class interval 140 - 160. This is the median class.</p><p>l (lower limit of median class) = 140</p><p>f (frequency of median class) = 12</p><p>cf (cumulative frequency of class preceding median class) = 17</p><p>h (class size) = 20</p><p>Median = l + [(N/2 - cf) / f] * h</p><p>Median = 140 + [(20 - 17) / 12] * 20</p><p>Median = 140 + (3 / 12) * 20 = 140 + (1/4) * 20 = 140 + 5 = 145</p><p>The median length of the leaves is 145 mm.</p><p><strong>OR</strong></p><p><strong>(b)</strong> The total number of students is 30.</p><p>Σfᵢ = 1 + 8 + x + 6 + 5 + y = 30</p><p>20 + x + y = 30 ⇒ x + y = 10   ---(i)</p><p>To find the mean, we calculate the class mark (xᵢ) and fᵢxᵢ for each interval.</p><table><thead><tr><th>Number of days</th><th>fᵢ</th><th>xᵢ</th><th>fᵢxᵢ</th></tr></thead><tbody><tr><td>0-4</td><td>1</td><td>2</td><td>2</td></tr><tr><td>4-8</td><td>8</td><td>6</td><td>48</td></tr><tr><td>8-12</td><td>x</td><td>10</td><td>10x</td></tr><tr><td>12-16</td><td>6</td><td>14</td><td>84</td></tr><tr><td>16-20</td><td>5</td><td>18</td><td>90</td></tr><tr><td>20-24</td><td>y</td><td>22</td><td>22y</td></tr><tr><td>Total</td><td>30</td><td></td><td>224 + 10x + 22y</td></tr></tbody></table><p>Mean = Σfᵢxᵢ / Σfᵢ</p><p>Given mean = 12.</p><p>12 = (224 + 10x + 22y) / 30</p><p>360 = 224 + 10x + 22y</p><p>136 = 10x + 22y</p><p>Dividing by 2, we get 5x + 11y = 68   ---(ii)</p><p>From (i), x = 10 - y. Substituting this into (ii):</p><p>5(10 - y) + 11y = 68</p><p>50 - 5y + 11y = 68</p><p>6y = 18 ⇒ y = 3</p><p>Now, find x using x = 10 - y:</p><p>x = 10 - 3 = 7</p><p>The values are x = 7 and y = 3.</p>"
                    },
                    "question_type": "Long Answer (5 marks)",
                    "difficulty_level": "Hard",
                    "explanation_html": null
                  }
                ]
              },
              {
                "chapter_name": "Some Applications of Trigonometry",
                "questions": [
                  {
                    "question_no": 36,
                    "question_html": "<p><strong>Case Study – 1</strong></p><p>Kite festival is a popular festival in India which takes place during Makar Sankranti. The festival is celebrated by people flying kites from their rooftops. Reena and Ravi are also flying kites to enjoy the festival. The height of Reena's kite is 60 m above the ground. The string attached to the kite is temporarily tied to a point on the ground, and the inclination of the string with the ground is 30°. Ravi is flying a kite from a 10 m high building. His kite is also flying 60 m above the ground and the length of the string used by Ravi is same as that of Reena's. θ is the angle of elevation of Ravi's kite from a point on the rooftop.</p><p>Based on the above information, answer the following questions :</p><p>(i) Find the length of string used by Reena.</p><p>(ii) Find the value of sin θ.</p><p>(iii) (a) If θ changes to 60°, without changing the length of the string, what will be the height of Ravi's kite above the ground? (Use √3 = 1.7)</p><p><strong>OR</strong></p><p>(b) What would have been the height of Ravi's kite above the ground, if the string had an inclination of 30° with the ground, assuming that the length of the string does not change ?</p>",
                    "images": [
                      {
                        "url": "https://img.testbuddyai.com/Maths-430-2-25-Q36.png"
                      }
                    ],
                    "options": [],
                    "correct_answer": {
                      "text": "<p><strong>(i) For Reena's kite:</strong></p><p>Let L be the length of the string. The height is 60 m and the angle of inclination is 30°.</p><p>sin(30°) = Opposite / Hypotenuse = 60 / L</p><p>1/2 = 60 / L</p><p>L = 120 m. The length of the string is 120 m.</p><p><strong>(ii) For Ravi's kite:</strong></p><p>The length of Ravi's string is also 120 m. The kite is 60 m above the ground, and Ravi is on a 10 m high building.</p><p>The height of the kite relative to the rooftop is 60 m - 10 m = 50 m.</p><p>sin(θ) = Opposite / Hypotenuse = 50 / 120 = 5/12.</p><p><strong>(iii) (a) If θ changes to 60°:</strong></p><p>Let h' be the height of the kite above the rooftop. The string length is still 120 m.</p><p>sin(60°) = h' / 120</p><p>√3 / 2 = h' / 120</p><p>h' = 60√3 m.</p><p>Using √3 = 1.7, h' = 60 * 1.7 = 102 m.</p><p>The total height of Ravi's kite above the ground = h' + height of building = 102 + 10 = 112 m.</p><p><strong>OR</strong></p><p><strong>(b) If inclination is 30°:</strong></p><p>Let h'' be the height of the kite above the rooftop. The string length is 120 m.</p><p>sin(30°) = h'' / 120</p><p>1/2 = h'' / 120</p><p>h'' = 60 m.</p><p>The total height of Ravi's kite above the ground = h'' + height of building = 60 + 10 = 70 m.</p>"
                    },
                    "question_type": "Case-based Subjective",
                    "difficulty_level": "Medium",
                    "explanation_html": null
                  }
                ]
              },
              {
                "chapter_name": "Arithmetic Progressions",
                "questions": [
                  {
                    "question_no": 37,
                    "question_html": "<p><strong>Case Study – 2</strong></p><p>A woman borrowed ₹ 10,00,000 from her friend and promised to return the borrowed money in monthly instalments beginning from the next month. After one month, she returned ₹ 10,000, the next month she returned ₹ 15,000, the third month she returned ₹ 20,000 and so on, thereby increasing the monthly instalment uniformly.</p><p>Based on the above information, answer the following questions :</p><p>(i) Find the amount of instalment paid in the tenth month.</p><p>(ii) In which instalment did she pay ₹ 40,000 ?</p><p>(iii) (a) If she returned ₹ 11,50,000 in all, how many instalments did she pay ?</p><p><strong>OR</strong></p><p>(b) By which instalment has she returned a total amount of ₹ 3,25,000 ?</p>",
                    "images": [
                      {
                        "url": "https://img.testbuddyai.com/Maths-430-2-25-Q37.png"
                      }
                    ],
                    "options": [],
                    "correct_answer": {
                      "text": "<p>The instalments form an Arithmetic Progression (AP): 10000, 15000, 20000, ...</p><p>The first term (a) = 10000.</p><p>The common difference (d) = 15000 - 10000 = 5000.</p><p><strong>(i) Instalment paid in the tenth month (a₁₀):</strong></p><p>a₁₀ = a + (10 - 1)d = 10000 + 9 * 5000 = 10000 + 45000 = ₹55,000.</p><p><strong>(ii) Instalment of ₹ 40,000:</strong></p><p>Let this be the nth instalment (aₙ).</p><p>aₙ = a + (n - 1)d</p><p>40000 = 10000 + (n - 1)5000</p><p>30000 = (n - 1)5000</p><p>6 = n - 1 ⇒ n = 7. She paid ₹40,000 in the 7th instalment.</p><p><strong>(iii) (a) Total return of ₹ 11,50,000:</strong></p><p>Let the total number of instalments be n. The sum of the AP (Sₙ) is 11,50,000.</p><p>Sₙ = n/2 [2a + (n-1)d]</p><p>1150000 = n/2 [2(10000) + (n-1)5000]</p><p>2300000 = n [20000 + 5000n - 5000] = n [15000 + 5000n]</p><p>Dividing by 5000: 460 = n[3 + n] ⇒ n² + 3n - 460 = 0.</p><p>Factoring: (n + 23)(n - 20) = 0. Since n must be positive, n = 20 instalments.</p><p><strong>OR</strong></p><p><strong>(b) Total return of ₹ 3,25,000:</strong></p><p>Let the number of instalments be n. Sₙ = 3,25,000.</p><p>325000 = n/2 [2(10000) + (n-1)5000]</p><p>650000 = n [15000 + 5000n]</p><p>Dividing by 5000: 130 = n[3 + n] ⇒ n² + 3n - 130 = 0.</p><p>Factoring: (n + 13)(n - 10) = 0. Since n must be positive, n = 10 instalments.</p>"
                    },
                    "question_type": "Case-based Subjective",
                    "difficulty_level": "Hard",
                    "explanation_html": null
                  }
                ]
              },
              {
                "chapter_name": "Coordinate Geometry",
                "questions": [
                  {
                    "question_no": 38,
                    "question_html": "<p><strong>Case Study – 3</strong></p><p>A field is in the form of a rectangle. The coordinates of the rectangular field ABCD are A(10, 10), B(40, 10), C(40, 50) and D(x, y). Anil and Anita, two friends decided to have a race. Anita started from point A and moved to point E along the diagonal AC, where E is the point of intersection of both the diagonals of ABCD. From point E, she moved to point B along the other diagonal DB and then moved back to point A along BA. While Anil started from point C and ran to point A via D along the boundary of the field.</p><p>Based on the above information, answer the following questions :</p><p>(i) Find the coordinates of point E.</p><p>(ii) Find the distance between the points B and C.</p><p>(iii) (a) Find the coordinates of point D and the distance BD.</p><p><strong>OR</strong></p><p>(b) Find the total distance travelled by Anita.</p>",
                    "images": [
                      {
                        "url": "https://img.testbuddyai.com/Maths-430-2-25-Q38.png"
                      }
                    ],
                    "options": [],
                    "correct_answer": {
                      "text": "<p><strong>(i) Coordinates of point E:</strong></p><p>The point of intersection of the diagonals of a rectangle is the midpoint of the diagonals. E is the midpoint of AC.</p><p>E = ( (x₁ + x₂)/2 , (y₁ + y₂)/2 ) = ( (10 + 40)/2 , (10 + 50)/2 ) = (50/2, 60/2) = (25, 30).</p><p><strong>(ii) Distance between B(40, 10) and C(40, 50):</strong></p><p>Distance = √[(x₂ - x₁)² + (y₂ - y₁)²] = √[(40 - 40)² + (50 - 10)²] = √[0² + 40²] = 40 units.</p><p><strong>(iii) (a) Coordinates of D and distance BD:</strong></p><p>E is also the midpoint of the diagonal BD.</p><p>E(25, 30) = ( (40 + x)/2 , (10 + y)/2 )</p><p>For the x-coordinate: 25 = (40 + x)/2 ⇒ 50 = 40 + x ⇒ x = 10.</p><p>For the y-coordinate: 30 = (10 + y)/2 ⇒ 60 = 10 + y ⇒ y = 50.</p><p>So, the coordinates of D are (10, 50).</p><p>Distance BD = √[(40 - 10)² + (10 - 50)²] = √[30² + (-40)²] = √[900 + 1600] = √2500 = 50 units.</p><p><strong>OR</strong></p><p><strong>(b) Total distance travelled by Anita:</strong></p><p>Anita's path is A → E → B → A.</p><p>Distance AE = √[(25 - 10)² + (30 - 10)²] = √[15² + 20²] = √[225 + 400] = √625 = 25 units.</p><p>Distance EB = √[(40 - 25)² + (10 - 30)²] = √[15² + (-20)²] = √[225 + 400] = √625 = 25 units.</p><p>Distance BA = √[(40 - 10)² + (10 - 10)²] = √[30² + 0²] = 30 units.</p><p>Total distance = AE + EB + BA = 25 + 25 + 30 = 80 units.</p>"
                    },
                    "question_type": "Case-based Subjective",
                    "difficulty_level": "Medium",
                    "explanation_html": null
                  }
                ]
              }
            ]
          }
        ]
      }
    ]
  }
]