[
  {
    "exam_name_actual": "CBSE Board - Class 12 - Science",
    "main_exam_id_name_ref": "CBSE Board - Class 12 - Science",
    "years": [
      {
        "year": "2022",
        "papers_or_subjects": [
          {
            "paper_name": "CBSE Class 12 Science (Physics) Paper 2022 (QP Code: 55/1/1)",
            "subject_name": "Physics",
            "chapters": [
              {
                "chapter_name": "Semiconductor Electronics: Materials, Devices and Simple Circuits",
                "questions": [
                  {
                    "question_no": 1,
                    "question_html": "<p>Draw energy band diagrams of n-type and p-type semiconductors at temperature T > 0K, depicting the donor and acceptor energy levels. Mention the significance of these levels.</p>",
                    "options": [],
                    "correct_answer": {
                      "text": "<p><strong>Energy band diagrams:</strong></p><p><strong>n-type semiconductor:</strong> The diagram shows the conduction band (Ec) and valence band (Ev). A donor energy level (ED) is shown just below the conduction band. At T > 0K, electrons are shown in the conduction band, having been excited from the donor level, leaving positive ions at the donor level. There is also one thermally generated electron-hole pair.</p><p><strong>p-type semiconductor:</strong> The diagram shows the conduction band (Ec) and valence band (Ev). An acceptor energy level (EA) is shown just above the valence band. At T > 0K, holes are shown in the valence band, created as electrons are excited to the acceptor level, leaving negative ions at the acceptor level.</p><p><strong>Significance:</strong></p><ul><li><strong>n-type semiconductors:</strong> There is a small energy gap between the donor level and the conduction band which can be easily covered by thermally excited electrons.</li><li><strong>p-type semiconductors:</strong> There is a small energy gap between the acceptor level and the valence band which can be easily covered by thermally excited electrons.</li></ul><p>Alternatively, the conductivity of a semiconductor is improved with the creation of donor and acceptor levels.</p>"
                    },
                    "question_type": "Very Short Answer (2 marks)",
                    "difficulty_level": "medium",
                    "explanation_html": null
                  }
                ]
              },
              {
                "chapter_name": "Atoms",
                "questions": [
                  {
                    "question_no": 2,
                    "question_html": "<p>(a) Draw the graph showing the variation of the number (N) of scattered alpha particles with scattering angle (θ) in Geiger – Marsden experiment. Infer two conclusions from the graph.</p><p><strong>OR</strong></p><p>(b) Plot suitable graphs to show the variation of photoelectric current with the collector plate potential for the incident radiation of<br>(i) the same intensity but different frequencies v<sub>1</sub>, v<sub>2</sub> and v<sub>3</sub> (v<sub>1</sub> < v<sub>2</sub> < v<sub>3</sub>)<br>(ii) the same frequency but different intensities I<sub>1</sub>, I<sub>2</sub> and I<sub>3</sub> (I<sub>1</sub> < I<sub>2</sub> < I<sub>3</sub>)</p>",
                    "options": [],
                    "correct_answer": {
                      "text": "<p>(a) The graph of the number of scattered particles (N) versus scattering angle (θ) is a curve that decreases steeply as θ increases. N is very high for small angles and decreases to a very small value for large angles (approaching 180°).</p><p><strong>Conclusions:</strong></p><ul><li>Most of the alpha particles pass undeviated through the gold foil, indicating that most of the space in an atom is empty.</li><li>A few alpha particles get deflected through 90° or more. This is because the positive charge of the atom is concentrated in a very small volume called the nucleus, which repels the positively charged alpha particles.</li></ul><p><strong>OR</strong></p><p>(b)</p><p>(i) For the same intensity but different frequencies (v<sub>1</sub> < v<sub>2</sub> < v<sub>3</sub>), the graph of photoelectric current versus collector potential shows that all three curves have the same saturation current. However, the stopping potentials are different and are in the order -V<sub>01</sub> > -V<sub>02</sub> > -V<sub>03</sub>, meaning |V<sub>03</sub>| > |V<sub>02</sub>| > |V<sub>01</sub>|.</p><p>(ii) For the same frequency but different intensities (I<sub>1</sub> < I<sub>2</sub> < I<sub>3</sub>), the graph shows that all three curves have the same stopping potential (-V<sub>0</sub>). The saturation currents are different and increase with intensity, i.e., I<sub>s3</sub> > I<sub>s2</sub> > I<sub>s1</sub>.</p>"
                    },
                    "question_type": "Very Short Answer (2 marks)",
                    "difficulty_level": "medium",
                    "explanation_html": null
                  }
                ]
              },
              {
                "chapter_name": "Semiconductor Electronics: Materials, Devices and Simple Circuits",
                "questions": [
                  {
                    "question_no": 3,
                    "question_html": "<p>Write the characteristics of a p-n junction which make it suitable for rectification.</p>",
                    "options": [],
                    "correct_answer": {
                      "text": "<p>The unidirectional property of a diode makes it suitable for rectification. Alternatively, the diode conducts when forward biased (offers very low resistance) and does not conduct when reverse biased (offers very high resistance). This allows current to flow in only one direction.</p>"
                    },
                    "question_type": "Very Short Answer (2 marks)",
                    "difficulty_level": "easy",
                    "explanation_html": null
                  }
                ]
              },
              {
                "chapter_name": "Atoms",
                "questions": [
                  {
                    "question_no": 4,
                    "question_html": "<p>Define the term – Distance of closest approach. How will it be affected, for an α - particle, if kinetic energy of the particle is doubled ?</p>",
                    "options": [],
                    "correct_answer": {
                      "text": "<p><strong>Distance of closest approach (r<sub>0</sub>):</strong> It is the minimum distance up to which an alpha particle traveling directly towards the center of a nucleus can go before it stops and rebounds due to electrostatic repulsion.</p><p>At the distance of closest approach, the initial kinetic energy (K.E.) of the alpha particle is completely converted into electrostatic potential energy.</p><p>K.E. = (1/4πε₀) * (2Ze<sup>2</sup>/r<sub>0</sub>)</p><p>So, r<sub>0</sub> = (1/4πε₀) * (2Ze<sup>2</sup>/K.E.)</p><p>This shows that r<sub>0</sub> is inversely proportional to the kinetic energy (r<sub>0</sub> ∝ 1/K.E.).</p><p>If the kinetic energy of the particle is doubled, the distance of closest approach will be halved.</p>"
                    },
                    "question_type": "Short Answer (3 marks)",
                    "difficulty_level": "medium",
                    "explanation_html": null
                  }
                ]
              },
              {
                "chapter_name": "Ray Optics and Optical Instruments",
                "questions": [
                  {
                    "question_no": 5,
                    "question_html": "<p>A point source in air is kept 24 cm in front of a concave spherical glass surface (μ<sub>g</sub> = 1.5) and radius of curvature 60 cm. Find the nature of the image formed and its distance from the point source.</p>",
                    "options": [],
                    "correct_answer": {
                      "text": "<p>The relation for refraction at a concave spherical surface is:<br>(μ₂/v) - (μ₁/u) = (μ₂ - μ₁)/R</p><p>Here, μ₁ (air) = 1, μ₂ (glass) = 1.5, u = -24 cm, R = -60 cm.</p><p>(1.5/v) - (1/(-24)) = (1.5 - 1)/(-60)<br>(1.5/v) + (1/24) = 0.5/(-60)<br>1.5/v = -1/120 - 1/24<br>1.5/v = (-1 - 5)/120<br>1.5/v = -6/120 = -1/20<br>v = 1.5 * (-20) = -30 cm</p><p>The image is formed at 30 cm from the surface on the same side as the object.</p><p><strong>Nature of image:</strong> Since v is negative, the image is a <strong>Virtual image</strong>.</p><p><strong>Distance of image from the point source:</strong> |v - u| = |-30 - (-24)| = |-6| = 6 cm.</p>"
                    },
                    "question_type": "Short Answer (3 marks)",
                    "difficulty_level": "medium",
                    "explanation_html": null
                  }
                ]
              },
              {
                "chapter_name": "Nuclei",
                "questions": [
                  {
                    "question_no": 6,
                    "question_html": "<p>Calculate the energy released in MeV in the following reaction :<br><sup>2</sup><sub>1</sub>H + <sup>3</sup><sub>1</sub>H → <sup>4</sup><sub>2</sub>He + n<br>Given : m(<sup>2</sup><sub>1</sub>H) = 2.014102 u, m(<sup>3</sup><sub>1</sub>H) = 3.016049 u, m(<sup>4</sup><sub>2</sub>He) = 4.002603 u, m<sub>n</sub> = 1.008665 u</p>",
                    "options": [],
                    "correct_answer": {
                      "text": "<p>The energy released in the reaction is due to the mass defect (Δm).</p><p><strong>1. Calculate the mass of reactants:</strong><br>m(reactants) = m(<sup>2</sup><sub>1</sub>H) + m(<sup>3</sup><sub>1</sub>H)<br>m(reactants) = 2.014102 u + 3.016049 u = 5.030151 u</p><p><strong>2. Calculate the mass of products:</strong><br>m(products) = m(<sup>4</sup><sub>2</sub>He) + m(n)<br>m(products) = 4.002603 u + 1.008665 u = 5.011268 u</p><p><strong>3. Calculate the mass defect (Δm):</strong><br>Δm = m(reactants) - m(products)<br>Δm = 5.030151 u - 5.011268 u = 0.018883 u</p><p><strong>4. Calculate the energy released (Q):</strong><br>Energy released = Δm × 931.5 MeV/u<br>Q = 0.018883 × 931.5 MeV<br>Q ≈ 17.58 MeV</p>"
                    },
                    "question_type": "Short Answer (3 marks)",
                    "difficulty_level": "medium",
                    "explanation_html": null
                  }
                ]
              },
              {
                "chapter_name": "Ray Optics and Optical Instruments",
                "questions": [
                  {
                    "question_no": 7,
                    "question_html": "<p>Explain with the help of a suitable diagram, the phenomenon on which an optical fibre works. Mention any two uses of optical fibres.</p>",
                    "options": [],
                    "correct_answer": {
                      "text": "<p><strong>Phenomenon:</strong> An optical fibre works on the principle of <strong>Total Internal Reflection (TIR)</strong>.</p><p><strong>Explanation with diagram:</strong><br>An optical fibre consists of a core of higher refractive index (n₁) surrounded by a cladding of lower refractive index (n₂). A light ray is launched into the core at a suitable angle. When this light ray strikes the core-cladding interface at an angle of incidence (i) greater than the critical angle (c) for the core-cladding interface, it undergoes total internal reflection. The ray is then repeatedly reflected along the length of the fibre with negligible loss of intensity, thus guiding the light from one end to the other.</p><p>[A diagram should show a light ray entering the core, striking the core-cladding interface at an angle i > c, and undergoing multiple reflections to travel along the fibre.]</p><p><strong>Uses of optical fibres (any two):</strong></p><ol><li><strong>Medical and optical examination:</strong> Used in endoscopes to view internal organs without invasive surgery.</li><li><strong>Telecommunications:</strong> Used for transmitting telephone, internet, and cable TV signals over long distances with high bandwidth and minimal loss.</li><li><strong>Photometric sensors:</strong> Used for measuring physical parameters like pressure, temperature, etc.</li></ol>"
                    },
                    "question_type": "Short Answer (3 marks)",
                    "difficulty_level": "easy",
                    "explanation_html": null
                  }
                ]
              },
              {
                "chapter_name": "Wave Optics",
                "questions": [
                  {
                    "question_no": 8,
                    "question_html": "<p>(a) A parallel beam of light of wavelength 600 nm is incident normally on a slit of width 0.2 mm. If the resulting diffraction pattern is observed on a screen 1 m away, find the distance of<br>(i) first minimum, and<br>(ii) second maximum, from the central maximum.</p><p><strong>OR</strong></p><p>(b) A thin equiconvex lens of radius of curvature R made of material of refractive index μ₁ is kept coaxially, in contact with an equiconcave lens of the same radius of curvature and refractive index μ₂ (>μ₁). Find:<br>(i) the ratio of their powers, and<br>(ii) the power of the combination and its nature.</p>",
                    "options": [],
                    "correct_answer": {
                      "text": "<p>(a) Given: λ = 600 nm = 600 × 10⁻⁹ m, a = 0.2 mm = 0.2 × 10⁻³ m, D = 1 m.</p><p>(i) <strong>Distance of first minimum (n=1):</strong><br>The position of the nth minimum is given by y = nλD/a.<br>For the first minimum, n = 1.<br>y₁ = (1 × 600 × 10⁻⁹ × 1) / (0.2 × 10⁻³)<br>y₁ = 3000 × 10⁻⁶ m = 3 × 10⁻³ m = 3 mm.</p><p>(ii) <strong>Distance of second maximum (n=2):</strong><br>The position of the nth secondary maximum is approximately given by y = (n + 1/2)λD/a.<br>For the second maximum, n = 2.<br>y₂ = (2 + 1/2) × (600 × 10⁻⁹ × 1) / (0.2 × 10⁻³)<br>y₂ = (5/2) × (3 × 10⁻³)<br>y₂ = 7.5 × 10⁻³ m = 7.5 mm.</p><p><strong>OR</strong></p><p>(b) For the equiconvex lens (lens 1): R₁ = R, R₂ = -R, refractive index = μ₁.<br>Power P₁ = (μ₁ - 1)(1/R₁ - 1/R₂) = (μ₁ - 1)(1/R - 1/(-R)) = 2(μ₁ - 1)/R.</p><p>For the equiconcave lens (lens 2): R₁ = -R, R₂ = R, refractive index = μ₂.<br>Power P₂ = (μ₂ - 1)(1/R₁ - 1/R₂) = (μ₂ - 1)(1/(-R) - 1/R) = -2(μ₂ - 1)/R.</p><p>(i) <strong>Ratio of their powers:</strong><br>P₁/P₂ = [2(μ₁ - 1)/R] / [-2(μ₂ - 1)/R]<br>P₁/P₂ = -(μ₁ - 1) / (μ₂ - 1) or (μ₁ - 1) / (1 - μ₂)</p><p>(ii) <strong>Power of the combination:</strong><br>The power of the combination, P = P₁ + P₂.<br>P = 2(μ₁ - 1)/R - 2(μ₂ - 1)/R<br>P = (2/R) * (μ₁ - 1 - μ₂ + 1)<br>P = 2(μ₁ - μ₂)/R</p><p><strong>Nature of the combination:</strong><br>Since it is given that μ₂ > μ₁, the term (μ₁ - μ₂) is negative. Therefore, the power P of the combination is negative. A combination with negative power behaves as a <strong>diverging</strong> lens.</p>"
                    },
                    "question_type": "Short Answer (3 marks)",
                    "difficulty_level": "hard",
                    "explanation_html": null
                  }
                ]
              },
              {
                "chapter_name": "Dual Nature of Radiation and Matter",
                "questions": [
                  {
                    "question_no": 9,
                    "question_html": "<p>Photoelectrons are emitted from a metal surface when illuminated with UV light of wavelength 330 nm. The minimum amount of energy required to emit the electrons from the surface is 3.5 × 10⁻¹⁹ J. Calculate :<br>(i) the energy of the incident radiation, and<br>(ii) the kinetic energy of the photoelectron.</p>",
                    "options": [],
                    "correct_answer": {
                      "text": "<p>Given: Wavelength of incident light, λ = 330 nm = 330 × 10⁻⁹ m.<br>Work function, Φ₀ = 3.5 × 10⁻¹⁹ J.</p><p>(i) <strong>Energy of the incident radiation (E):</strong><br>E = hc/λ<br>where h = 6.63 × 10⁻³⁴ J s, c = 3 × 10⁸ m/s.<br>E = (6.63 × 10⁻³⁴ × 3 × 10⁸) / (330 × 10⁻⁹)<br>E ≈ 6.027 × 10⁻¹⁹ J.</p><p>(ii) <strong>Kinetic energy of the photoelectron (K.E.):</strong><br>According to Einstein's photoelectric equation, K.E. = E - Φ₀.<br>K.E. = (6.027 × 10⁻¹⁹ - 3.5 × 10⁻¹⁹) J<br>K.E. = 2.527 × 10⁻¹⁹ J.</p>"
                    },
                    "question_type": "Short Answer (3 marks)",
                    "difficulty_level": "medium",
                    "explanation_html": null
                  }
                ]
              },
              {
                "chapter_name": "Semiconductor Electronics: Materials, Devices and Simple Circuits",
                "questions": [
                  {
                    "question_no": 10,
                    "question_html": "<p>State the working principle of an LED. Write any two important advantages and two disadvantages of LED.</p>",
                    "options": [],
                    "correct_answer": {
                      "text": "<p><strong>Working Principle of LED:</strong> When a p-n junction diode is forward biased, electrons from the n-side and holes from the p-side move towards the junction. At the junction, the minority carriers recombine with the majority carriers. During this recombination, energy is released in the form of photons of light. The energy of the photons corresponds to the band gap energy of the semiconductor material.</p><p><strong>Advantages (any two):</strong></p><ol><li>Low operational voltage and less power consumption.</li><li>Fast action with no warm-up time required.</li><li>Long life and ruggedness.</li><li>Fast on-off switching capability.</li></ol><p><strong>Disadvantages (any two):</strong></p><ol><li>High cost compared to conventional lamps.</li><li>Can be damaged by overheating.</li><li>Excess voltage or current can damage the LED.</li><li>Performance depends significantly on the ambient temperature.</li></ol>"
                    },
                    "question_type": "Short Answer (3 marks)",
                    "difficulty_level": "easy",
                    "explanation_html": null
                  }
                ]
              },
              {
                "chapter_name": "Wave Optics",
                "questions": [
                  {
                    "question_no": 11,
                    "question_html": "<p>(a) (i) Monochromatic light is incident on a surface separating two media. The frequency of the light after refraction remains unaffected but its wavelength changes. Why ?</p><p>(ii) The frequency of an electromagnetic radiation is 1.0 × 10¹¹ Hz. Identify the radiation and mention its two uses.</p><p><strong>OR</strong></p><p>(b) (i) Trace the path of a ray of light PQ which is incident at an angle i on one face of a glass prism of angle A. It then emerges out from the other face at an angle e. Use the ray diagram to prove that the angle through which the ray is deviated is given by ∠δ = ∠i + ∠e - ∠A.</p><p>(ii) What will be the minimum value of δ if the ray passes symmetrically through the prism ?</p>",
                    "options": [],
                    "correct_answer": {
                      "text": "<p>(a) (i) Frequency is a characteristic of the source of light and does not depend on the medium through which it travels. When light enters a new medium, the atoms of the medium are forced to oscillate at the same frequency as the incident light. Hence, the frequency remains constant. However, the speed of light changes (v = c/μ), and since wavelength λ = v/f, the wavelength changes as the speed changes.</p><p>(ii) The frequency 1.0 × 10¹¹ Hz falls in the <strong>Microwave</strong> region of the electromagnetic spectrum.</p><p><strong>Uses of Microwaves (any two):</strong></p><ol><li>Radar systems for navigation and weather forecasting.</li><li>Microwave ovens for cooking.</li><li>Geostationary satellites for communication.</li></ol><p><strong>OR</strong></p><p>(b) (i) [Diagram shows a ray PQ incident on face AB of a prism ABC at angle i. The ray refracts as QR inside the prism (angles r₁ and r₂) and emerges from face AC as RS at angle e. The incident and emergent rays are extended to meet at a point, forming the angle of deviation δ.]</p><p><strong>Proof:</strong><br>The total deviation δ is the sum of deviations at the two surfaces.<br>δ = (i - r₁) + (e - r₂)<br>δ = (i + e) - (r₁ + r₂)</p><p>In the quadrilateral AQOR (where Q and R are points on the faces and O is the intersection of normals), the sum of angles is 360°. Since the normals are perpendicular to the faces, ∠AQO = ∠ARO = 90°.<br>Therefore, ∠A + ∠QOR = 180°.</p><p>In the triangle QOR,<br>r₁ + r₂ + ∠QOR = 180°.</p><p>Comparing the two equations, we get A = r₁ + r₂.<br>Substituting this in the deviation equation:<br>δ = (i + e) - A</p><p>(ii) The value of the angle of deviation δ is minimum when the ray passes symmetrically through the prism. This occurs when the angle of incidence equals the angle of emergence (i = e) and the angles of refraction inside the prism are equal (r₁ = r₂).</p>"
                    },
                    "question_type": "Short Answer (3 marks)",
                    "difficulty_level": "medium",
                    "explanation_html": null
                  }
                ]
              },
              {
                "chapter_name": "Wave Optics",
                "questions": [
                  {
                    "question_no": 12,
                    "question_html": "<p><strong>CASE STUDY</strong></p><p>The principle of superposition is used to understand the phenomenon of interference of light waves. ... Thomas Young devised a way to obtain two coherent sources using two identical pinholes (S₁ and S₂) illuminated by a single monochromatic pinhole source S. ... The pattern consists of alternate bright and dark fringes. The distance between two successive bright or dark fringes depends on the distance between S₁ and S₂, the distance of the screen from the plane of S₁S₂ and the wavelength of light used.</p><p>I. Consider the following waves:<br>(i) y₁ = a sin(ωt)<br>(ii) y₂ = a sin(2ωt)<br>(iii) y₃ = a sin(2ωt + φ)<br>(iv) y₄ = a sin(4ωt + π/2)<br>Which pair of the waves coming from two sources S₁ and S₂ will produce interference?<br>(A) (i) and (ii)<br>(B) (ii) and (iii)<br>(C) (iii) and (iv)<br>(D) (iv) and (i)</p><p>II. Two light waves of the same intensity I₀ each, having a path difference of λ/4, emanating from two coherent sources, meet at a point. The resultant intensity at the point will be<br>(A) Zero<br>(B) I₀<br>(C) 2I₀<br>(D) 4I₀</p><p>III. Vandana performs Young's double slit experiment by using orange, green and red lights successively. If the fringe widths measured in the three cases are ω₁, ω₂, and ω₃ respectively, then which of the following is correct?<br>(A) ω₂ > ω₁ > ω₃<br>(B) ω₁ > ω₂ > ω₃<br>(C) ω₂ > ω₃ > ω₁<br>(D) ω₃ > ω₁ > ω₂</p><p>IV. In a Young's double slit experiment, the slit separation is 0.8 mm and the interference pattern is obtained on a screen kept 50 cm from the plane of the slits S₁ and S₂. If the first bright fringe is formed 0.4 mm from the central maximum, the wavelength of light used is<br>(A) 480 nm<br>(B) 560 nm<br>(C) 640 nm<br>(D) 680 nm</p><p>V. Consider the effect on the angular separation of the fringes in a Young's double slit experiment due to the following operations:<br>(i) the screen is moved away from the plane of the slits,<br>(ii) the separation between the two slits is increased till fringes are observed.<br>Which of the following options is correct?<br>(A) It remains constant in both cases.<br>(B) It decreases in both cases.<br>(C) It remains constant in (i) but decreases in (ii).<br>(D) It decreases in (i) but remains constant in (ii).</p>",
                    "options": [],
                    "correct_answer": {
                      "text": "<p><strong>I. (B) (ii) and (iii)</strong><br><strong>Explanation:</strong> For interference, the sources must be coherent, which means they must have the same frequency and a constant phase difference. Waves (ii) y₂ = a sin(2ωt) and (iii) y₃ = a sin(2ωt + φ) both have the same angular frequency (2ω) and a constant phase difference (φ).</p><p><strong>II. (C) 2I₀</strong><br><strong>Explanation:</strong> Path difference Δx = λ/4. The corresponding phase difference Δφ = (2π/λ)Δx = (2π/λ)(λ/4) = π/2. <br>Resultant intensity I = I₁ + I₂ + 2√(I₁I₂)cos(Δφ). <br>Here I₁ = I₂ = I₀. <br>I = I₀ + I₀ + 2√(I₀I₀)cos(π/2) = 2I₀ + 2I₀(0) = 2I₀.</p><p><strong>III. (D) ω₃ > ω₁ > ω₂</strong><br><strong>Explanation:</strong> Fringe width ω = λD/d. For the same setup, ω ∝ λ. The wavelength order for visible light is λ(red) > λ(orange) > λ(green). Therefore, the fringe width order is ω(red) > ω(orange) > ω(green), which corresponds to ω₃ > ω₁ > ω₂.</p><p><strong>IV. (C) 640 nm</strong><br><strong>Explanation:</strong> Given d = 0.8 mm = 0.8 × 10⁻³ m, D = 50 cm = 0.5 m. Position of the first bright fringe (n=1), x₁ = 0.4 mm = 0.4 × 10⁻³ m.<br>For a bright fringe, xₙ = nλD/d. <br>For n=1, λ = x₁d / (1 × D) = (0.4 × 10⁻³ × 0.8 × 10⁻³) / 0.5 = 0.64 × 10⁻⁶ m = 640 nm.</p><p><strong>V. (C) It remains constant in (i) but decreases in (ii).</strong><br><strong>Explanation:</strong> The angular separation is given by θ = λ/d. <br>(i) Moving the screen away (changing D) does not change θ. <br>(ii) Increasing the separation between the slits (d) will decrease θ.</p>"
                    },
                    "question_type": "Case-based Subjective",
                    "difficulty_level": "hard",
                    "explanation_html": null
                  }
                ]
              }
            ]
          }
        ]
      }
    ]
  }
]