[
  {
    "exam_name_actual": "CBSE Board - Class 12 - Science",
    "main_exam_id_name_ref": "CBSE Board - Class 12 - Science",
    "years": [
      {
        "year": "2022",
        "papers_or_subjects": [
          {
            "paper_name": "CBSE Class 12 Science (Physics) Paper 2022 (QP Code: 55/2/1)",
            "subject_name": "Physics",
            "chapters": [
              {
                "chapter_name": "Semiconductor Electronics: Materials, Devices and Simple Circuits",
                "questions": [
                  {
                    "question_no": 1,
                    "question_html": "<p>Explain the formation of depletion region in a p-n junction.</p>",
                    "options": [],
                    "correct_answer": {
                      "text": "<p>When a p-type semiconductor is brought into close contact with an n-type semiconductor to form a p-n junction, a process of diffusion begins. Due to the concentration gradient, holes from the p-side diffuse to the n-side, and free electrons from the n-side diffuse to the p-side. As electrons diffuse from the n-side, they leave behind positively charged immobile donor ions. Similarly, as holes diffuse from the p-side, they leave behind negatively charged immobile acceptor ions. This creates a layer of positive charge on the n-side and a layer of negative charge on the p-side near the junction. This region, which is depleted of mobile charge carriers (electrons and holes), is called the depletion region or space charge region.</p>"
                    },
                    "question_type": "Very Short Answer (2 marks)",
                    "difficulty_level": "easy",
                    "explanation_html": null
                  }
                ]
              },
              {
                "chapter_name": "Atoms",
                "questions": [
                  {
                    "question_no": 2,
                    "question_html": "<p>(a) (i) Define the terms : ‘impact parameter’ and ‘distance of closest approach’ for an α-particle in Geiger-Marsden scattering experiment.</p><p>(ii) What will be the value of the impact parameter for scattering angle (I) θ = 0° and (II) θ = 180° ?</p><p><strong>OR</strong></p><p>(b) Photoelectric emission occurs when a surface is irradiated with the radiation of frequency (i) ν₁, and (ii) ν₂. The maximum kinetic energy of the electrons emitted in the two cases are K and 2K respectively. Obtain the expression for the threshold frequency for the surface.</p>",
                    "options": [],
                    "correct_answer": {
                      "text": "<p><strong>(a)</strong></p><p>(i) <strong>Impact Parameter (b):</strong> It is the perpendicular distance of the initial velocity vector of the α-particle from the center of the target nucleus when the particle is far away from the nucleus.</p><p><strong>Distance of Closest Approach (r₀):</strong> It is the minimum distance between the α-particle and the center of the nucleus, at which the α-particle momentarily comes to rest before being repelled back along its path. At this point, the entire initial kinetic energy of the α-particle is converted into electrostatic potential energy.</p><p>(ii) (I) For a scattering angle θ = 0°, the impact parameter is maximum (infinite for an ideal case).</p><p>(II) For a scattering angle θ = 180°, the impact parameter is minimum, i.e., b = 0.</p><p><strong>OR</strong></p><p><strong>(b)</strong></p><p>According to Einstein's photoelectric equation: K = hν - hν₀.</p><p>Case 1: K = hν₁ - hν₀  ---(1)</p><p>Case 2: 2K = hν₂ - hν₀  ---(2)</p><p>Multiply (1) by 2: 2K = 2hν₁ - 2hν₀.</p><p>Equating this with (2): 2hν₁ - 2hν₀ = hν₂ - hν₀</p><p>2hν₁ - hν₂ = hν₀</p><p>ν₀ = 2ν₁ - ν₂</p>"
                    },
                    "question_type": "Very Short Answer (2 marks)",
                    "difficulty_level": "medium",
                    "explanation_html": null
                  }
                ]
              },
              {
                "chapter_name": "Semiconductor Electronics: Materials, Devices and Simple Circuits",
                "questions": [
                  {
                    "question_no": 3,
                    "question_html": "<p>How is an emf generated by a solar cell due to the three basic processes involved ? Explain.</p>",
                    "options": [],
                    "correct_answer": {
                      "text": "<p>An emf is generated in a solar cell through three basic processes:</p><ol><li><strong>Generation:</strong> When photons of light with energy (hν) greater than the bandgap energy (E_g) of the semiconductor strike the p-n junction, they are absorbed, creating electron-hole pairs near the depletion region.</li><li><strong>Separation:</strong> The electric field of the depletion region separates these newly generated charge carriers. Electrons are swept towards the n-side, and holes are swept towards the p-side. This prevents them from recombining.</li><li><strong>Collection:</strong> The separated electrons are collected by the front metallic contact (on the n-side), and the holes are collected by the back metallic contact (on the p-side). This accumulation of charge carriers makes the n-side negative and the p-side positive, creating a potential difference or photovoltage across the solar cell. When connected to an external circuit, this voltage drives a current, thus generating an emf.</li></ol>"
                    },
                    "question_type": "Very Short Answer (2 marks)",
                    "difficulty_level": "medium",
                    "explanation_html": null
                  }
                ]
              },
              {
                "chapter_name": "Electromagnetic Waves",
                "questions": [
                  {
                    "question_no": 4,
                    "question_html": "<p>(a) (i) Depict a plane electromagnetic wave propagating along the x-axis. Write the expressions for its oscillating electric and magnetic fields.</p><p>(ii) Write three characteristics of electromagnetic waves.</p><p><strong>OR</strong></p><p>(b) Name the electromagnetic waves which are produced by the following :<br>(i) Radioactive decays of nucleus<br>(ii) Welding arcs<br>(iii) Hot bodies<br>Write one use each of these waves.</p>",
                    "options": [],
                    "correct_answer": {
                      "text": "<p><strong>(a)</strong></p><p>(i) An electromagnetic wave propagating along the x-axis has its electric field (E) and magnetic field (B) oscillating perpendicular to the direction of propagation and perpendicular to each other. If E oscillates along the y-axis and B oscillates along the z-axis, their expressions are:</p><p>E_y = E₀ sin(kx - ωt)</p><p>B_z = B₀ sin(kx - ωt)</p><p>(ii) Three characteristics of electromagnetic waves are:</p><ol><li>They are transverse in nature.</li><li>They do not require a material medium for propagation.</li><li>They travel in a vacuum with the speed of light, c ≈ 3 × 10⁸ m/s.</li></ol><p><strong>OR</strong></p><p><strong>(b)</strong></p><p><strong>(i) Radioactive decays of nucleus:</strong> Gamma rays. Use: Radiotherapy for cancer treatment.</p><p><strong>(ii) Welding arcs:</strong> Ultraviolet (UV) radiation. Use: Water sterilization.</p><p><strong>(iii) Hot bodies:</strong> Infrared radiation. Use: Remote controls.</p>"
                    },
                    "question_type": "Short Answer (3 marks)",
                    "difficulty_level": "medium",
                    "explanation_html": null
                  }
                ]
              },
              {
                "chapter_name": "Ray Optics and Optical Instruments",
                "questions": [
                  {
                    "question_no": 5,
                    "question_html": "<p>(a) State the conditions for total internal reflection to take place.</p><p>(b) A tank is filled with a transparent liquid to height ‘H’. A coin suspended by a thread in the liquid is gradually lowered till it touches the bottom. The apparent depth is determined corresponding to different positions of the coin.</p><p>(i) Plot a graph showing variation of the apparent depth with the real depth of the coin.</p><p>(ii) What is the physical significance of the slope of the graph ?</p>",
                    "options": [],
                    "correct_answer": {
                      "text": "<p><strong>(a) Conditions for Total Internal Reflection (TIR):</strong></p><ol><li>Light must travel from a denser medium to a rarer medium.</li><li>The angle of incidence in the denser medium must be greater than the critical angle (i > c) for the pair of media.</li></ol><p><strong>(b)</strong></p><p><strong>(i) Graph of Apparent Depth vs. Real Depth:</strong></p><p>The relationship between apparent depth (d_app) and real depth (d_real) is given by:</p><p>d_app = d_real / μ</p><p>where μ is the refractive index of the liquid. This is the equation of a straight line passing through the origin with a constant slope.</p><p><strong>(ii) Physical Significance of the Slope:</strong></p><p>From the equation d_app = (1/μ) * d_real, we can see that if we plot apparent depth on the y-axis and real depth on the x-axis, the slope of the graph is:</p><p>Slope = d_app / d_real = 1/μ</p><p>Therefore, the physical significance of the slope of the graph is that it represents the reciprocal of the refractive index of the transparent liquid.</p>"
                    },
                    "question_type": "Short Answer (3 marks)",
                    "difficulty_level": "medium",
                    "explanation_html": null
                  }
                ]
              },
              {
                "chapter_name": "Ray Optics and Optical Instruments",
                "questions": [
                  {
                    "question_no": 6,
                    "question_html": "<p>(a) Draw a labelled ray diagram showing the formation of an image by an astronomical refracting telescope in normal adjustment. Hence, obtain the expression for its magnifying power.</p><p><strong>OR</strong></p><p>(b) A plane wavefront of light of wavelength ‘λ’ is incident normally on a narrow slit of width ‘a’ and a diffraction pattern is observed on a screen at a distance ‘D’ from the slit.</p><p>(i) Depict the intensity distribution in the pattern observed.</p><p>(ii) Obtain the expression for the first maximum from the central maximum.</p>",
                    "options": [],
                    "correct_answer": {
                      "text": "<p><strong>(a)</strong> In normal adjustment, the final image is formed at infinity. The objective lens forms a real, inverted image A'B' of a distant object at its focal plane. This image A'B' is at the principal focus of the eyepiece. The magnifying power is M = β / α ≈ tan β / tan α = (A'B' / fₑ) / (A'B' / f₀) = f₀ / fₑ.</p><p><strong>OR</strong></p><p><strong>(b)</strong></p><p><strong>(i) Intensity Distribution:</strong> The diffraction pattern consists of a wide and intense central bright fringe, with secondary maxima of rapidly decreasing intensity on either side.</p><p><strong>(ii) Expression for the first maximum:</strong> The condition for the first secondary maximum is a sin θ = (3/2)λ. For small angles, sin θ ≈ x/D, where x is the distance from the center. So, ax/D = (3/2)λ, which gives x = 3λD / (2a).</p>"
                    },
                    "question_type": "Short Answer (3 marks)",
                    "difficulty_level": "medium",
                    "explanation_html": null
                  }
                ]
              },
              {
                "chapter_name": "Ray Optics and Optical Instruments",
                "questions": [
                  {
                    "question_no": 7,
                    "question_html": "<p>A converging lens made of glass (μ = 1.5) has its spherical faces of radii of curvature 10 cm and 20 cm. Find its focal length<br>(a) in air, and<br>(b) when it is immersed in a liquid of refractive index 1.25.</p>",
                    "options": [],
                    "correct_answer": {
                      "text": "<p>We use the Lens Maker's Formula:</p><p>1/f = (μ_lens/μ_medium - 1) * (1/R₁ - 1/R₂)</p><p>Given: μ_glass (μ_g) = 1.5. For a converging (biconvex) lens, R₁ is positive and R₂ is negative. Let R₁ = 10 cm and R₂ = -20 cm.</p><p><strong>(a) In Air:</strong></p><p>The medium is air, so μ_medium (μ_a) = 1.</p><p>1/f_a = (μ_g/μ_a - 1) * (1/R₁ - 1/R₂)</p><p>1/f_a = (1.5/1 - 1) * (1/10 - 1/(-20))</p><p>1/f_a = (0.5) * (1/10 + 1/20) = (0.5) * (2+1)/20 = 0.5 * (3/20) = 1.5/20</p><p>f_a = 20 / 1.5 = 40/3 ≈ 13.33 cm</p><p><strong>(b) In Liquid:</strong></p><p>The medium is a liquid with μ_medium (μ_l) = 1.25.</p><p>1/f_l = (μ_g/μ_l - 1) * (1/R₁ - 1/R₂)</p><p>1/f_l = (1.5/1.25 - 1) * (1/10 + 1/20)</p><p>1/f_l = (1.2 - 1) * (3/20) = 0.2 * (3/20) = 0.6/20</p><p>f_l = 20 / 0.6 = 200 / 6 = 100/3 ≈ 33.33 cm</p>"
                    },
                    "question_type": "Short Answer (3 marks)",
                    "difficulty_level": "medium",
                    "explanation_html": null
                  }
                ]
              },
              {
                "chapter_name": "Atoms",
                "questions": [
                  {
                    "question_no": 8,
                    "question_html": "<p>The energy of a hydrogen atom in the first excited state is – 3.4 eV. Find :<br>(a) the radius of this orbit. (Take Bohr radius = 0.53 Å)<br>(b) the angular momentum of the electron in the orbit.<br>(c) the kinetic and potential energy of the electron in the orbit.</p>",
                    "options": [],
                    "correct_answer": {
                      "text": "<p>The first excited state corresponds to the principal quantum number n = 2.</p><p><strong>(a) Radius of the orbit (r_n):</strong></p><p>The radius of the nth orbit is given by r_n = n² * a₀, where a₀ is the Bohr radius.</p><p>For n = 2, r₂ = 2² * 0.53 Å = 4 * 0.53 Å = 2.12 Å.</p><p><strong>(b) Angular momentum (L_n):</strong></p><p>According to Bohr's second postulate, the angular momentum is quantized: L_n = n * (h / 2π), where h is Planck's constant.</p><p>For n = 2, L₂ = 2 * (h / 2π) = h / π.</p><p>L₂ = (6.63 × 10⁻³⁴ J·s) / 3.14 ≈ 2.11 × 10⁻³⁴ kg·m²/s.</p><p><strong>(c) Kinetic and Potential Energy:</strong></p><p>The total energy (E_n) in the nth orbit is given. For the first excited state (n=2), E₂ = -3.4 eV.</p><p>The kinetic energy (KE) is equal to the negative of the total energy:</p><p>KE = -E_n = -(-3.4 eV) = +3.4 eV.</p><p>The potential energy (PE) is twice the total energy:</p><p>PE = 2 * E_n = 2 * (-3.4 eV) = -6.8 eV.</p>"
                    },
                    "question_type": "Short Answer (3 marks)",
                    "difficulty_level": "medium",
                    "explanation_html": null
                  }
                ]
              },
              {
                "chapter_name": "Nuclei",
                "questions": [
                  {
                    "question_no": 9,
                    "question_html": "<p>(a) Depict the variation of the potential energy of a pair of nucleons with the separation between them.</p><p>(b) Imagine the fission of a ⁵⁶₂₆Fe into two equal fragments of ²⁸₁₃Al nucleus. Is the fission energetically possible ? Justify your answer by working out Q value of the process.<br>Given : m(⁵⁶₂₆Fe) = 55.93494 u, m(²⁸₁₃Al) = 27.98191 u.</p>",
                    "options": [],
                    "correct_answer": {
                      "text": "<p><strong>(a) Potential Energy of a pair of nucleons:</strong> The potential energy (PE) between two nucleons varies with the distance (r) between them. For distances greater than about 0.8 fm, the nuclear force is attractive, and the PE is negative, reaching a minimum value of about -100 MeV at r ≈ 0.8 fm. For distances less than 0.8 fm, the force becomes strongly repulsive, and the PE increases sharply, becoming positive.</p><p><strong>(b) Fission of Iron:</strong></p><p>The proposed fission reaction is: ⁵⁶₂₆Fe → ²⁸₁₃Al + ²⁸₁₃Al</p><p>To determine if the fission is energetically possible, we need to calculate the Q value of the reaction. The Q value is the energy released, calculated as:</p><p>Q = (Mass of reactants - Mass of products) * c²</p><p>Q = [m(⁵⁶Fe) - 2 * m(²⁸Al)] * c²</p><p>First, calculate the mass difference (Δm) in atomic mass units (u):</p><p>Δm = 55.93494 u - 2 * (27.98191 u)</p><p>Δm = 55.93494 u - 55.96382 u</p><p>Δm = -0.02888 u</p><p>The Q value is Q = Δm * 931.5 MeV/u.</p><p>Q = (-0.02888 u) * 931.5 MeV/u ≈ -26.9 MeV</p><p><strong>Justification:</strong> Since the Q value is negative, energy must be supplied for this reaction to occur. Therefore, the spontaneous fission of ⁵⁶Fe into two ²⁸Al nuclei is <strong>not energetically possible</strong>.</p>"
                    },
                    "question_type": "Short Answer (3 marks)",
                    "difficulty_level": "hard",
                    "explanation_html": null
                  }
                ]
              },
              {
                "chapter_name": "Dual Nature of Radiation and Matter",
                "questions": [
                  {
                    "question_no": 10,
                    "question_html": "<p>Find the ratio of the de Broglie wavelengths associated with an alpha particle and a proton, if both<br>(a) have the same speeds,<br>(b) have the same kinetic energy,<br>(c) are accelerated through the same potential difference.</p>",
                    "options": [],
                    "correct_answer": {
                      "text": "<p>Let λ_α and λ_p be the de Broglie wavelengths of the alpha particle and proton, respectively. Let m_α, v_α, K_α, q_α be the mass, speed, kinetic energy, and charge of the alpha particle. Let m_p, v_p, K_p, q_p be the corresponding quantities for the proton.</p><p>We know that m_α ≈ 4m_p and q_α = 2q_p = 2e.</p><p><strong>(a) Same speeds (v_α = v_p = v):</strong></p><p>The de Broglie wavelength is λ = h / (mv).</p><p>λ_α / λ_p = [h / (m_α v)] / [h / (m_p v)] = m_p / m_α = m_p / (4m_p) = 1/4.</p><p>Ratio is 1:4.</p><p><strong>(b) Same kinetic energy (K_α = K_p = K):</strong></p><p>The de Broglie wavelength can be written as λ = h / √(2mK).</p><p>λ_α / λ_p = [h / √(2m_α K)] / [h / √(2m_p K)] = √(m_p / m_α) = √(m_p / 4m_p) = 1/2.</p><p>Ratio is 1:2.</p><p><strong>(c) Same potential difference (V):</strong></p><p>The kinetic energy gained is K = qV. The de Broglie wavelength is λ = h / √(2mqV).</p><p>λ_α / λ_p = [h / √(2m_α q_α V)] / [h / √(2m_p q_p V)] = √(m_p q_p / (m_α q_α))</p><p>λ_α / λ_p = √(m_p e / ((4m_p)(2e))) = √(1/8) = 1 / (2√2).</p><p>Ratio is 1 : 2√2.</p>"
                    },
                    "question_type": "Short Answer (3 marks)",
                    "difficulty_level": "hard",
                    "explanation_html": null
                  }
                ]
              },
              {
                "chapter_name": "Semiconductor Electronics: Materials, Devices and Simple Circuits",
                "questions": [
                  {
                    "question_no": 11,
                    "question_html": "<p>With the help of a circuit diagram, explain the working of a p-n junction diode as a full-wave rectifier. Also draw its input and output waveforms.</p>",
                    "options": [],
                    "correct_answer": {
                      "text": "<p>A full-wave rectifier converts both halves of an AC input signal into a pulsating DC output. A common setup uses a center-tapped transformer and two diodes (D₁ and D₂).</p><p><strong>Working:</strong></p><ol><li><strong>During the positive half-cycle of the AC input:</strong> Terminal A of the transformer secondary is positive with respect to the center tap C, and terminal B is negative. This makes diode D₁ forward-biased and diode D₂ reverse-biased. Current flows through D₁, the load resistor R_L, and back to the center tap. An output voltage is produced across R_L.</li><li><strong>During the negative half-cycle of the AC input:</strong> Terminal A becomes negative, and terminal B becomes positive with respect to C. Now, D₁ is reverse-biased, and D₂ is forward-biased. Current flows through D₂, the load resistor R_L (in the same direction as before), and back to the center tap. An output voltage is again produced across R_L.</li></ol><p>Since current flows through the load resistor in the same direction during both half-cycles, a unidirectional (pulsating DC) output voltage is obtained across the load. The output frequency is twice the input frequency.</p>"
                    },
                    "question_type": "Short Answer (3 marks)",
                    "difficulty_level": "medium",
                    "explanation_html": null
                  }
                ]
              },
              {
                "chapter_name": "Wave Optics",
                "questions": [
                  {
                    "question_no": 12,
                    "question_html": "<p>The British physicist Thomas Young explained the interference of light using the principle of superposition of waves. He observed the interference pattern on the screen, in his experimental set-up, known now as Young’s double slit experiment. The two slits S₁ and S₂ were illuminated by light from a slit S. The interference pattern consists of dark and bright bands of light. Such bands are called fringes. The distance between two consecutive bright and dark fringes is called fringe width.<br>(a) If the screen is moved closer to the plane of slits S₁ and S₂, then the fringe width :<br>(i) will decrease, but the intensity of bright fringe remains the same.<br>(ii) will increase, but the intensity of bright fringe decreases.<br>(iii) will decrease, but the intensity of bright fringe increases.<br>(iv) and the intensity both remain the same.<br>(b) What will happen to the pattern on the screen, when the two slits S₁ and S₂ are replaced by two independent but identical sources ?<br>(i) The intensity of pattern will increase<br>(ii) The intensity of pattern will decrease<br>(iii) The number of fringes will become double<br>(iv) No pattern will be observed on the screen<br>(c) Two sources of light are said to be coherent, when both emit light waves of :<br>(i) same amplitude and have a varying phase difference.<br>(ii) same wavelength and a constant phase difference.<br>(iii) different wavelengths and same intensity.<br>(iv) different wavelengths and a constant phase difference.<br>(d) The fringe width in a Young’s double slit experiment is β. If the whole set-up is immersed in a liquid of refractive index ‘μ’, then the new fringe width will be :<br>(i) β<br>(ii) βμ<br>(iii) β/μ<br>(iv) β/μ²<br>(e) The total path difference between two waves meeting at points P₁ and P₂ on the screen are (3λ/2) and 2λ respectively. Then :<br>(i) bright fringes are formed at both points.<br>(ii) dark fringes are formed at both points.<br>(iii) a bright fringe is formed at P₁ and a dark fringe is formed at P₂.<br>(iv) a bright fringe is formed at P₂ and a dark fringe is formed at P₁.</p>",
                    "options": [],
                    "correct_answer": {
                      "text": "<p><strong>(a) (i) will decrease, but the intensity of bright fringe remains the same.</strong><br>Fringe width β = λD/d. Moving the screen closer decreases D, so β decreases. Intensity depends on the source and slit width, not the screen distance.</p><p><strong>(b) (iv) No pattern will be observed on the screen</strong><br>Independent sources are not coherent. They do not maintain a constant phase relationship, so a stable interference pattern cannot be formed. Instead, a general illumination will be seen.</p><p><strong>(c) (ii) same wavelength and a constant phase difference.</strong><br>This is the definition of coherent sources.</p><p><strong>(d) (iii) β/μ</strong><br>When immersed in a liquid of refractive index μ, the wavelength of light changes to λ' = λ/μ. The new fringe width β' = λ'D/d = (λ/μ)D/d = β/μ.</p><p><strong>(e) (iv) a bright fringe is formed at P₂ and a dark fringe is formed at P₁.</strong><br>For a bright fringe (constructive interference), the path difference is nλ (where n is an integer). For a dark fringe (destructive interference), the path difference is (n + 1/2)λ. <br>At P₁, the path difference is 3λ/2 = (1 + 1/2)λ, which corresponds to a dark fringe. <br>At P₂, the path difference is 2λ, which corresponds to a bright fringe.</p>"
                    },
                    "question_type": "Case-based Subjective",
                    "difficulty_level": "medium",
                    "explanation_html": null
                  }
                ]
              }
            ]
          }
        ]
      }
    ]
  }
]