[
  {
    "exam_name_actual": "CBSE Board - Class 10",
    "main_exam_id_name_ref": "CBSE Board - Class 10",
    "years": [
      {
        "year": "2023",
        "papers_or_subjects": [
          {
            "paper_name": "CBSE Class 10 Mathematics (Basic) Paper 2023 (QP Code: 430/4/1)",
            "subject_name": "Mathematics",
            "chapters": [
              {
                "chapter_name": "Polynomials",
                "questions": [
                  {
                    "question_no": 1,
                    "question_html": "<p>A quadratic polynomial the sum and product of whose zeroes are –3 and 2 respectively, is :</p>",
                    "options": [
                      {
                        "id": "a",
                        "text": "x² + 3x + 2"
                      },
                      {
                        "id": "b",
                        "text": "x² – 3x + 2"
                      },
                      {
                        "id": "c",
                        "text": "x² – 3x – 2"
                      },
                      {
                        "id": "d",
                        "text": "x² + 3x – 2"
                      }
                    ],
                    "correct_answer": {
                      "ids": [
                        "a"
                      ],
                      "text": "x² + 3x + 2"
                    },
                    "question_type": "mcq_single",
                    "difficulty_level": "easy",
                    "explanation_html": "<p>A quadratic polynomial can be formed using the formula: k[x² – (sum of zeroes)x + (product of zeroes)], where k is a non-zero constant.<br>Given, Sum of zeroes = -3 and Product of zeroes = 2.<br>Substituting these values, we get: k[x² – (-3)x + 2] = k(x² + 3x + 2).<br>For the simplest case where k=1, the polynomial is x² + 3x + 2.</p>"
                  }
                ]
              },
              {
                "chapter_name": "Real Numbers",
                "questions": [
                  {
                    "question_no": 2,
                    "question_html": "<p>(HCF × LCM) for the numbers 70 and 40 is :</p>",
                    "options": [
                      {
                        "id": "a",
                        "text": "10"
                      },
                      {
                        "id": "b",
                        "text": "280"
                      },
                      {
                        "id": "c",
                        "text": "2800"
                      },
                      {
                        "id": "d",
                        "text": "70"
                      }
                    ],
                    "correct_answer": {
                      "ids": [
                        "c"
                      ],
                      "text": "2800"
                    },
                    "question_type": "mcq_single",
                    "difficulty_level": "easy",
                    "explanation_html": "<p>According to the fundamental property of HCF and LCM, for any two positive integers a and b, the product of their HCF and LCM is equal to the product of the numbers themselves.<br>HCF(a, b) × LCM(a, b) = a × b.<br>For the numbers 70 and 40:<br>HCF(70, 40) × LCM(70, 40) = 70 × 40 = 2800.</p>"
                  }
                ]
              },
              {
                "chapter_name": "Areas Related to Circles",
                "questions": [
                  {
                    "question_no": 3,
                    "question_html": "<p>If the radius of a semi-circular protractor is 7cm, then its perimeter is :</p>",
                    "options": [
                      {
                        "id": "a",
                        "text": "11 cm"
                      },
                      {
                        "id": "b",
                        "text": "14 cm"
                      },
                      {
                        "id": "c",
                        "text": "22 cm"
                      },
                      {
                        "id": "d",
                        "text": "36 cm"
                      }
                    ],
                    "correct_answer": {
                      "ids": [
                        "d"
                      ],
                      "text": "36 cm"
                    },
                    "question_type": "mcq_single",
                    "difficulty_level": "medium",
                    "explanation_html": "<p>The perimeter of a semi-circular object consists of two parts: the curved semi-circular arc and the straight diameter.<br>Given radius (r) = 7 cm.<br>1. Length of the semi-circular arc = (1/2) × Circumference of the full circle = (1/2) × 2πr = πr.<br>   Arc length = (22/7) × 7 = 22 cm.<br>2. Length of the diameter = 2r = 2 × 7 = 14 cm.<br>Total perimeter = Arc length + Diameter = 22 cm + 14 cm = 36 cm.</p>"
                  }
                ]
              },
              {
                "chapter_name": "Real Numbers",
                "questions": [
                  {
                    "question_no": 4,
                    "question_html": "<p>The number (5 – 3√5 + √5) is:</p>",
                    "options": [
                      {
                        "id": "a",
                        "text": "an integer"
                      },
                      {
                        "id": "b",
                        "text": "a rational number"
                      },
                      {
                        "id": "c",
                        "text": "an irrational number"
                      },
                      {
                        "id": "d",
                        "text": "a whole number"
                      }
                    ],
                    "correct_answer": {
                      "ids": [
                        "c"
                      ],
                      "text": "an irrational number"
                    },
                    "question_type": "mcq_single",
                    "difficulty_level": "easy",
                    "explanation_html": "<p>First, simplify the given expression:<br>(5 – 3√5 + √5) = 5 + (–3 + 1)√5 = 5 - 2√5.<br>A rational number is a number that can be expressed as a fraction p/q of two integers. An irrational number cannot be expressed as such a fraction.<br>Here, 5 is a rational number and √5 is an irrational number. The product of a non-zero rational number (2) and an irrational number (√5) is irrational. So, 2√5 is irrational.<br>The difference between a rational number (5) and an irrational number (2√5) is always an irrational number.<br>Therefore, 5 - 2√5 is an irrational number.</p>"
                  }
                ]
              },
              {
                "chapter_name": "Polynomials",
                "questions": [
                  {
                    "question_no": 5,
                    "question_html": "<p>If p(x) = x² + 5x + 6, then p(– 2) is :</p>",
                    "options": [
                      {
                        "id": "a",
                        "text": "20"
                      },
                      {
                        "id": "b",
                        "text": "0"
                      },
                      {
                        "id": "c",
                        "text": "-8"
                      },
                      {
                        "id": "d",
                        "text": "8"
                      }
                    ],
                    "correct_answer": {
                      "ids": [
                        "b"
                      ],
                      "text": "0"
                    },
                    "question_type": "mcq_single",
                    "difficulty_level": "easy",
                    "explanation_html": "<p>To find the value of the polynomial p(x) at x = -2, we substitute -2 for every x in the expression.<br>p(x) = x² + 5x + 6<br>p(-2) = (-2)² + 5(-2) + 6<br>p(-2) = 4 - 10 + 6<br>p(-2) = 10 - 10<br>p(-2) = 0.</p>"
                  }
                ]
              },
              {
                "chapter_name": "Probability",
                "questions": [
                  {
                    "question_no": 6,
                    "question_html": "<p>Which of the following cannot be the probability of an event ?</p>",
                    "options": [
                      {
                        "id": "a",
                        "text": "0.1"
                      },
                      {
                        "id": "b",
                        "text": "5/3"
                      },
                      {
                        "id": "c",
                        "text": "3%"
                      },
                      {
                        "id": "d",
                        "text": "1/3"
                      }
                    ],
                    "correct_answer": {
                      "ids": [
                        "b"
                      ],
                      "text": "5/3"
                    },
                    "question_type": "mcq_single",
                    "difficulty_level": "easy",
                    "explanation_html": "<p>The probability of any event, P(E), must always be a value between 0 and 1, inclusive (i.e., 0 ≤ P(E) ≤ 1).<br>(a) 0.1 is a valid probability as it lies between 0 and 1.<br>(b) 5/3 is approximately 1.67. Since this value is greater than 1, it cannot be the probability of an event.<br>(c) 3% is equal to 3/100 or 0.03, which is a valid probability.<br>(d) 1/3 is approximately 0.33, which is a valid probability.</p>"
                  }
                ]
              },
              {
                "chapter_name": "Pair of Linear Equations in Two Variables",
                "questions": [
                  {
                    "question_no": 7,
                    "question_html": "<p>The pair of linear equations x + 2y + 5 = 0 and – 3x – 6y + 1 = 0 has :</p>",
                    "options": [
                      {
                        "id": "a",
                        "text": "a unique solution"
                      },
                      {
                        "id": "b",
                        "text": "exactly two solutions"
                      },
                      {
                        "id": "c",
                        "text": "infinitely many solutions"
                      },
                      {
                        "id": "d",
                        "text": "no solution"
                      }
                    ],
                    "correct_answer": {
                      "ids": [
                        "d"
                      ],
                      "text": "no solution"
                    },
                    "question_type": "mcq_single",
                    "difficulty_level": "easy",
                    "explanation_html": "<p>To determine the nature of the solution for a pair of linear equations a₁x + b₁y + c₁ = 0 and a₂x + b₂y + c₂ = 0, we compare the ratios of their corresponding coefficients.<br>For the first equation, x + 2y + 5 = 0: a₁ = 1, b₁ = 2, c₁ = 5.<br>For the second equation, –3x – 6y + 1 = 0: a₂ = -3, b₂ = -6, c₂ = 1.<br>Now, calculate the ratios:<br>a₁/a₂ = 1/(-3) = -1/3<br>b₁/b₂ = 2/(-6) = -1/3<br>c₁/c₂ = 5/1 = 5<br>Since a₁/a₂ = b₁/b₂ ≠ c₁/c₂, the lines are parallel. Parallel lines never intersect, so the system has no solution.</p>"
                  }
                ]
              },
              {
                "chapter_name": "Triangles",
                "questions": [
                  {
                    "question_no": 8,
                    "question_html": "<p>If ΔABC ~ ΔDEF and ∠A = 47°, ∠E = 83°, then ∠C is equal :</p>",
                    "options": [
                      {
                        "id": "a",
                        "text": "47°"
                      },
                      {
                        "id": "b",
                        "text": "50°"
                      },
                      {
                        "id": "c",
                        "text": "83°"
                      },
                      {
                        "id": "d",
                        "text": "130°"
                      }
                    ],
                    "correct_answer": {
                      "ids": [
                        "b"
                      ],
                      "text": "50°"
                    },
                    "question_type": "mcq_single",
                    "difficulty_level": "easy",
                    "explanation_html": "<p>If two triangles are similar, their corresponding angles are equal.<br>Given ΔABC ~ ΔDEF, it means:<br>∠A corresponds to ∠D, so ∠D = ∠A = 47°.<br>∠B corresponds to ∠E, so ∠B = ∠E = 83°.<br>∠C corresponds to ∠F.<br>The sum of the angles in any triangle is 180°. For ΔABC:<br>∠A + ∠B + ∠C = 180°<br>47° + 83° + ∠C = 180°<br>130° + ∠C = 180°<br>∠C = 180° - 130° = 50°.</p>"
                  }
                ]
              },
              {
                "chapter_name": "Pair of Linear Equations in Two Variables",
                "questions": [
                  {
                    "question_no": 9,
                    "question_html": "<p>If the pair of linear equations x – y = 1, x + ky = 5 has a unique solution x = 2, y = 1, then the value of k is :</p>",
                    "options": [
                      {
                        "id": "a",
                        "text": "-2"
                      },
                      {
                        "id": "b",
                        "text": "-3"
                      },
                      {
                        "id": "c",
                        "text": "3"
                      },
                      {
                        "id": "d",
                        "text": "4"
                      }
                    ],
                    "correct_answer": {
                      "ids": [
                        "c"
                      ],
                      "text": "3"
                    },
                    "question_type": "mcq_single",
                    "difficulty_level": "easy",
                    "explanation_html": "<p>A solution to a system of equations must satisfy all equations in the system.<br>The first equation is x - y = 1. Checking the solution: 2 - 1 = 1, which is true.<br>The second equation is x + ky = 5. Since (2, 1) is the solution, it must satisfy this equation. Substitute x = 2 and y = 1:<br>2 + k(1) = 5<br>2 + k = 5<br>k = 5 - 2<br>k = 3.</p>"
                  }
                ]
              },
              {
                "chapter_name": "Introduction to Trigonometry",
                "questions": [
                  {
                    "question_no": 10,
                    "question_html": "<p>The value of 5 sin²90° – 2 cos²0° is :</p>",
                    "options": [
                      {
                        "id": "a",
                        "text": "-2"
                      },
                      {
                        "id": "b",
                        "text": "5"
                      },
                      {
                        "id": "c",
                        "text": "3"
                      },
                      {
                        "id": "d",
                        "text": "-3"
                      }
                    ],
                    "correct_answer": {
                      "ids": [
                        "c"
                      ],
                      "text": "3"
                    },
                    "question_type": "mcq_single",
                    "difficulty_level": "easy",
                    "explanation_html": "<p>We need to evaluate the expression using the standard trigonometric values.<br>We know that sin(90°) = 1 and cos(0°) = 1.<br>Substitute these values into the expression:<br>5 sin²90° – 2 cos²0° = 5(sin 90°)² - 2(cos 0°)²<br>= 5(1)² - 2(1)²<br>= 5(1) - 2(1)<br>= 5 - 2 = 3.</p>"
                  }
                ]
              },
              {
                "chapter_name": "Areas Related to Circles",
                "questions": [
                  {
                    "question_no": 11,
                    "question_html": "<p>The length of the arc of a circle of radius 14 cm which subtends an angle of 60° at the centre of the circle is :</p>",
                    "options": [
                      {
                        "id": "a",
                        "text": "44/3 cm"
                      },
                      {
                        "id": "b",
                        "text": "88/3 cm"
                      },
                      {
                        "id": "c",
                        "text": "308/3 cm"
                      },
                      {
                        "id": "d",
                        "text": "616/3 cm"
                      }
                    ],
                    "correct_answer": {
                      "ids": [
                        "a"
                      ],
                      "text": "44/3 cm"
                    },
                    "question_type": "mcq_single",
                    "difficulty_level": "easy",
                    "explanation_html": "<p>The formula for the length of a circular arc is L = (θ/360°) × 2πr, where θ is the central angle in degrees and r is the radius.<br>Given: radius (r) = 14 cm and angle (θ) = 60°.<br>L = (60/360) × 2 × (22/7) × 14<br>L = (1/6) × 2 × 22 × (14/7)<br>L = (1/6) × 2 × 22 × 2<br>L = (1/6) × 88 = 44/3 cm.</p>"
                  }
                ]
              },
              {
                "chapter_name": "Some Applications of Trigonometry",
                "questions": [
                  {
                    "question_no": 12,
                    "question_html": "<p>The angle of elevation of the top of a 30 m high tower at a point 30 m away from the base of the tower is :</p>",
                    "options": [
                      {
                        "id": "a",
                        "text": "30°"
                      },
                      {
                        "id": "b",
                        "text": "45°"
                      },
                      {
                        "id": "c",
                        "text": "60°"
                      },
                      {
                        "id": "d",
                        "text": "90°"
                      }
                    ],
                    "correct_answer": {
                      "ids": [
                        "b"
                      ],
                      "text": "45°"
                    },
                    "question_type": "mcq_single",
                    "difficulty_level": "easy",
                    "explanation_html": "<p>Let θ be the angle of elevation. We have a right-angled triangle where:<br>The height of the tower is the side opposite to the angle θ (Opposite = 30 m).<br>The distance from the base is the side adjacent to the angle θ (Adjacent = 30 m).<br>We can use the tangent function: tan(θ) = Opposite / Adjacent.<br>tan(θ) = 30 / 30 = 1.<br>The angle whose tangent is 1 is 45°. Therefore, the angle of elevation is 45°.</p>"
                  }
                ]
              },
              {
                "chapter_name": "Statistics",
                "questions": [
                  {
                    "question_no": 13,
                    "question_html": "<p>The mode of the numbers 2, 3, 3, 4, 5, 4, 4, 5, 3, 4, 2, 6, 7 is :</p>",
                    "options": [
                      {
                        "id": "a",
                        "text": "2"
                      },
                      {
                        "id": "b",
                        "text": "3"
                      },
                      {
                        "id": "c",
                        "text": "4"
                      },
                      {
                        "id": "d",
                        "text": "5"
                      }
                    ],
                    "correct_answer": {
                      "ids": [
                        "c"
                      ],
                      "text": "4"
                    },
                    "question_type": "mcq_single",
                    "difficulty_level": "easy",
                    "explanation_html": "<p>The mode of a data set is the value that appears most frequently.<br>Let's count the frequency of each number in the given data:<br>Frequency of 2: 2 times<br>Frequency of 3: 3 times<br>Frequency of 4: 4 times<br>Frequency of 5: 2 times<br>Frequency of 6: 1 time<br>Frequency of 7: 1 time<br>The number 4 occurs most often (4 times). Therefore, the mode of the data is 4.</p>"
                  }
                ]
              },
              {
                "chapter_name": "Probability",
                "questions": [
                  {
                    "question_no": 14,
                    "question_html": "<p>From a well-shuffled deck of 52 playing cards, a card is drawn at random. What is the probability of getting a red queen ?</p>",
                    "options": [
                      {
                        "id": "a",
                        "text": "1/52"
                      },
                      {
                        "id": "b",
                        "text": "1/26"
                      },
                      {
                        "id": "c",
                        "text": "1/13"
                      },
                      {
                        "id": "d",
                        "text": "12/13"
                      }
                    ],
                    "correct_answer": {
                      "ids": [
                        "b"
                      ],
                      "text": "1/26"
                    },
                    "question_type": "mcq_single",
                    "difficulty_level": "easy",
                    "explanation_html": "<p>In a standard deck of 52 cards, there are four suits: Hearts, Diamonds, Clubs, and Spades. Hearts and Diamonds are red suits, while Clubs and Spades are black.<br>Each suit has one queen.<br>The red queens are the Queen of Hearts and the Queen of Diamonds.<br>So, the number of favorable outcomes (getting a red queen) is 2.<br>The total number of possible outcomes (drawing any card) is 52.<br>The probability is calculated as: P(event) = (Number of favorable outcomes) / (Total number of outcomes).<br>P(red queen) = 2 / 52 = 1 / 26.</p>"
                  }
                ]
              },
              {
                "chapter_name": "Quadratic Equations",
                "questions": [
                  {
                    "question_no": 15,
                    "question_html": "<p>A quadratic equation whose one root is 2 and the sum of whose roots is zero, is:</p>",
                    "options": [
                      {
                        "id": "a",
                        "text": "x² + 4 = 0"
                      },
                      {
                        "id": "b",
                        "text": "x² – 2 = 0"
                      },
                      {
                        "id": "c",
                        "text": "4x² – 1 = 0"
                      },
                      {
                        "id": "d",
                        "text": "x² – 4 = 0"
                      }
                    ],
                    "correct_answer": {
                      "ids": [
                        "d"
                      ],
                      "text": "x² – 4 = 0"
                    },
                    "question_type": "mcq_single",
                    "difficulty_level": "easy",
                    "explanation_html": "<p>Let the two roots of the quadratic equation be α and β.<br>Given, one root is 2. Let α = 2.<br>Given, the sum of the roots is 0. So, α + β = 0.<br>Substituting α = 2, we get 2 + β = 0, which means the other root is β = -2.<br>The quadratic equation can be formed using the roots: (x - α)(x - β) = 0.<br>(x - 2)(x - (-2)) = 0<br>(x - 2)(x + 2) = 0<br>Using the difference of squares formula, (a-b)(a+b) = a²-b², we get:<br>x² - 2² = 0<br>x² - 4 = 0.</p>"
                  }
                ]
              },
              {
                "chapter_name": "Quadratic Equations",
                "questions": [
                  {
                    "question_no": 16,
                    "question_html": "<p>Which of the following is not a quadratic equation ?</p>",
                    "options": [
                      {
                        "id": "a",
                        "text": "2(x-1)² = 4x² – 2x + 1"
                      },
                      {
                        "id": "b",
                        "text": "2x – x² = x² + 5"
                      },
                      {
                        "id": "c",
                        "text": "(√2x + √3)² + x² = 3x² – 5x"
                      },
                      {
                        "id": "d",
                        "text": "(x² + 2x)² = x⁴ + 3 + 4x³"
                      }
                    ],
                    "correct_answer": {
                      "ids": [
                        "d"
                      ],
                      "text": "(x² + 2x)² = x⁴ + 3 + 4x³"
                    },
                    "question_type": "mcq_single",
                    "difficulty_level": "medium",
                    "explanation_html": "<p>A quadratic equation is an equation of the form ax² + bx + c = 0, where a ≠ 0. Let us check each option:<br>(a) 2(x – 1)² = 4x² – 2x + 1 ⇒ 2(x² – 2x + 1) = 4x² – 2x + 1 ⇒ 2x² – 4x + 2 = 4x² – 2x + 1 ⇒ –2x² – 2x + 1 = 0. This is quadratic.<br>(b) 2x – x² = x² + 5 ⇒ –2x² + 2x – 5 = 0. This is quadratic.<br>(c) (√2x + √3)² + x² = 3x² – 5x ⇒ (2x + 3 + 2√6x) + x² = 3x² – 5x ⇒ 3x² + 2√6x + 3 = 3x² – 5x ⇒ 2√6x + 3 + 5x = 0. After cancellation, this reduces to a linear equation, not quadratic.<br>(d) (x² + 2x)² = x⁴ + 3 + 4x³ ⇒ LHS = x⁴ + 4x³ + 4x², so x⁴ + 4x³ + 4x² = x⁴ + 4x³ + 3 ⇒ 4x² – 3 = 0, which is quadratic.<br>Therefore, the equation in option (c) is not quadratic.</p>"
                  }
                ]
              },
              {
                "chapter_name": "Circles",
                "questions": [
                  {
                    "question_no": 17,
                    "question_html": "<p>How many tangents can be drawn to a circle from a point on it ?</p>",
                    "options": [
                      {
                        "id": "a",
                        "text": "One"
                      },
                      {
                        "id": "b",
                        "text": "Two"
                      },
                      {
                        "id": "c",
                        "text": "Infinite"
                      },
                      {
                        "id": "d",
                        "text": "Zero"
                      }
                    ],
                    "correct_answer": {
                      "ids": [
                        "a"
                      ],
                      "text": "One"
                    },
                    "question_type": "mcq_single",
                    "difficulty_level": "easy",
                    "explanation_html": "<p>A tangent is a line that touches a circle at exactly one point, known as the point of tangency. At any single point on the circumference of a circle, there is only one unique line that can be drawn tangent to the circle at that point. If the line were to tilt even slightly, it would intersect the circle at two points, becoming a secant.</p>"
                  }
                ]
              },
              {
                "chapter_name": "Circles",
                "questions": [
                  {
                    "question_no": 18,
                    "question_html": "<p>The length of the tangent from an external point A to a circle, of radius 3 cm, is 4 cm. The distance of A from the centre of the circle is :</p>",
                    "options": [
                      {
                        "id": "a",
                        "text": "7 cm"
                      },
                      {
                        "id": "b",
                        "text": "5 cm"
                      },
                      {
                        "id": "c",
                        "text": "√7 cm"
                      },
                      {
                        "id": "d",
                        "text": "25 cm"
                      }
                    ],
                    "correct_answer": {
                      "ids": [
                        "b"
                      ],
                      "text": "5 cm"
                    },
                    "question_type": "mcq_single",
                    "difficulty_level": "easy",
                    "explanation_html": "<p>Let O be the center of the circle, A be the external point, and T be the point of tangency on the circle. This forms a right-angled triangle O T A, with the right angle at T because the radius is perpendicular to the tangent at the point of contact.<br>We are given:<br>Radius (OT) = 3 cm.<br>Length of the tangent (AT) = 4 cm.<br>The distance of A from the center is the hypotenuse (OA).<br>Using the Pythagorean theorem (a² + b² = c²):<br>OT² + AT² = OA²<br>3² + 4² = OA²<br>9 + 16 = OA²<br>25 = OA²<br>OA = √25 = 5 cm.</p>"
                  }
                ]
              },
              {
                "chapter_name": "Circles",
                "questions": [
                  {
                    "question_no": 19,
                    "question_html": "<p><strong>Assertion (A) :</strong> A tangent to a circle is perpendicular to the radius through the point of contact.<br><strong>Reason (R) :</strong> The lengths of tangents drawn from an external point to a circle are equal.</p>",
                    "options": [
                      {
                        "id": "a",
                        "text": "Both Assertion (A) and Reason (R) are true and Reason (R) gives the correct explanation of Assertion (A)."
                      },
                      {
                        "id": "b",
                        "text": "Both Assertion (A) and Reason (R) are true but Reason (R) does not give the correct explanation of Assertion (A)."
                      },
                      {
                        "id": "c",
                        "text": "Assertion (A) is true but Reason (R) is false."
                      },
                      {
                        "id": "d",
                        "text": "Assertion (A) is false but Reason (R) is true."
                      }
                    ],
                    "correct_answer": {
                      "ids": [
                        "b"
                      ],
                      "text": "Both Assertion (A) and Reason (R) are true but Reason (R) does not give the correct explanation of Assertion (A)."
                    },
                    "question_type": "mcq_single",
                    "difficulty_level": "medium",
                    "explanation_html": "<p><strong>Assertion (A):</strong> This statement is a fundamental theorem of circles. It is true.<br><strong>Reason (R):</strong> This statement is also a fundamental theorem of circles. It is true.<br><strong>Analysis:</strong> We need to check if Reason (R) is the correct explanation for Assertion (A). Assertion (A) is a property of a single tangent and radius. Reason (R) is a property concerning two tangents from the same external point. While the proof of Reason (R) uses the property stated in Assertion (A), Reason (R) itself does not explain why Assertion (A) is true. They are two distinct, though related, theorems. Therefore, both statements are true, but (R) is not the correct explanation for (A).</p>"
                  }
                ]
              },
              {
                "chapter_name": "Quadratic Equations",
                "questions": [
                  {
                    "question_no": 20,
                    "question_html": "<p><strong>Assertion (A) :</strong> If one root of the quadratic equation 4x² – 10x + (k – 4) = 0 is reciprocal of the other, then value of k is 8.<br><strong>Reason (R) :</strong> Roots of the quadratic equation x² – x + 1 = 0 are real.</p>",
                    "options": [
                      {
                        "id": "a",
                        "text": "Both Assertion (A) and Reason (R) are true and Reason (R) gives the correct explanation of Assertion (A)."
                      },
                      {
                        "id": "b",
                        "text": "Both Assertion (A) and Reason (R) are true but Reason (R) does not give the correct explanation of Assertion (A)."
                      },
                      {
                        "id": "c",
                        "text": "Assertion (A) is true but Reason (R) is false."
                      },
                      {
                        "id": "d",
                        "text": "Assertion (A) is false but Reason (R) is true."
                      }
                    ],
                    "correct_answer": {
                      "ids": [
                        "c"
                      ],
                      "text": "Assertion (A) is true but Reason (R) is false."
                    },
                    "question_type": "mcq_single",
                    "difficulty_level": "medium",
                    "explanation_html": "<p><strong>Analysis of Assertion (A):</strong> For a quadratic equation ax²+bx+c=0, if the roots are reciprocals of each other (let's say α and 1/α), their product is α × (1/α) = 1. The product of the roots is also given by the formula c/a. In the equation 4x² – 10x + (k – 4) = 0, we have a=4 and c=k-4. So, c/a = (k-4)/4. Setting the product of roots to 1: (k-4)/4 = 1 => k-4 = 4 => k=8. Thus, Assertion (A) is true.<br><strong>Analysis of Reason (R):</strong> To determine if the roots of x² – x + 1 = 0 are real, we calculate the discriminant, D = b²-4ac. Here, a=1, b=-1, c=1. D = (-1)² - 4(1)(1) = 1 - 4 = -3. Since the discriminant D is negative (D < 0), the roots are not real (they are complex conjugates). Thus, Reason (R) is false.</p>"
                  }
                ]
              },
              {
                "chapter_name": "Introduction to Trigonometry",
                "questions": [
                  {
                    "question_no": 21,
                    "question_html": "<p>If sin α = 1/2, then find the value of (3 cos α – 4 cos³ α).</p>",
                    "options": [],
                    "correct_answer": {
                      "text": "<p>Given sin α = 1/2.</p><p>We know that sin 30° = 1/2, so α = 30°.</p><p>We need to find the value of the expression 3 cos α – 4 cos³ α.</p><p>This expression is the formula for cos(3α).</p><p>So, 3 cos α – 4 cos³ α = cos(3α).</p><p>Substituting α = 30°:</p><p>cos(3 × 30°) = cos(90°) = 0.</p><p>Alternatively, by direct substitution:</p><p>cos 30° = √3/2</p><p>3(√3/2) - 4(√3/2)³ = 3√3/2 - 4(3√3/8) = 3√3/2 - 3√3/2 = 0.</p>"
                    },
                    "question_type": "Very Short Answer (2 marks)",
                    "difficulty_level": "Easy",
                    "explanation_html": null
                  }
                ]
              },
              {
                "chapter_name": "Coordinate Geometry",
                "questions": [
                  {
                    "question_no": 22,
                    "question_html": "<p>(A) Find the coordinates of the point which divides the join of A(–1, 7) and B (4, –3) in the ratio 2 : 3.</p><p><strong>OR</strong></p><p>(B) If the points A (2, 3), B (–5, 6), C (6, 7) and D (p, 4) are the vertices of a parallelogram ABCD, find the value of p.</p>",
                    "options": [],
                    "correct_answer": {
                      "text": "<p><strong>(A)</strong></p><p>Let the point be P(x, y). Using the section formula:</p><p>x = (m₁x₂ + m₂x₁) / (m₁ + m₂)</p><p>y = (m₁y₂ + m₂y₁) / (m₁ + m₂)</p><p>Here, (x₁, y₁) = (–1, 7), (x₂, y₂) = (4, –3), and the ratio m₁:m₂ = 2:3.</p><p>x = (2(4) + 3(–1)) / (2 + 3) = (8 - 3) / 5 = 5/5 = 1.</p><p>y = (2(–3) + 3(7)) / (2 + 3) = (–6 + 21) / 5 = 15/5 = 3.</p><p>The coordinates of the point are (1, 3).</p><p><strong>OR</strong></p><p><strong>(B)</strong></p><p>The diagonals of a parallelogram bisect each other. Therefore, the midpoint of diagonal AC is the same as the midpoint of diagonal BD.</p><p>Midpoint of AC = ((2 + 6)/2, (3 + 7)/2) = (8/2, 10/2) = (4, 5).</p><p>Midpoint of BD = ((–5 + p)/2, (6 + 4)/2) = ((p - 5)/2, 5).</p><p>Equating the coordinates of the midpoints:</p><p>(p - 5)/2 = 4</p><p>p - 5 = 8</p><p>p = 13.</p>"
                    },
                    "question_type": "Very Short Answer (2 marks)",
                    "difficulty_level": "Easy",
                    "explanation_html": null
                  }
                ]
              },
              {
                "chapter_name": "Quadratic Equations",
                "questions": [
                  {
                    "question_no": 23,
                    "question_html": "<p>(A) Find the discriminant of the quadratic equation 3x² – 2x + 1/3 = 0 and hence find the nature of its roots.</p><p><strong>OR</strong></p><p>(B) Find the roots of the quadratic equation x² – x – 2 = 0.</p>",
                    "options": [],
                    "correct_answer": {
                      "text": "<p><strong>(A)</strong></p><p>The given equation is 3x² – 2x + 1/3 = 0.</p><p>The discriminant (D) is given by the formula D = b² - 4ac.</p><p>Here, a = 3, b = -2, c = 1/3.</p><p>D = (–2)² - 4(3)(1/3) = 4 - 4 = 0.</p><p>Since the discriminant is zero (D = 0), the quadratic equation has real and equal roots.</p><p><strong>OR</strong></p><p><strong>(B)</strong></p><p>The given equation is x² – x – 2 = 0.</p><p>We can find the roots by factoring the quadratic expression:</p><p>x² – 2x + x – 2 = 0</p><p>x(x – 2) + 1(x – 2) = 0</p><p>(x – 2)(x + 1) = 0</p><p>The roots are x = 2 and x = –1.</p>"
                    },
                    "question_type": "Very Short Answer (2 marks)",
                    "difficulty_level": "Easy",
                    "explanation_html": null
                  }
                ]
              },
              {
                "chapter_name": "Circles",
                "questions": [
                  {
                    "question_no": 24,
                    "question_html": "<p>In the adjoining figure, PT is a tangent at T to the circle with centre O. If ∠TPO = 30°, find the value of x.</p>",
                    "images": [
                      {
                        "url": "https://img.testbuddyai.com/Maths-430-4-23-Q24.png"
                      }
                    ],
                    "options": [],
                    "correct_answer": {
                      "text": "<p>The radius of a circle is perpendicular to the tangent at the point of contact. Therefore, OT ⊥ PT, which means ∠OTP = 90°.</p><p>Now consider the triangle ΔOTP. The sum of angles in a triangle is 180°.</p><p>∠TOP + ∠OTP + ∠TPO = 180°</p><p>The angle 'x' is ∠TOP.</p><p>x + 90° + 30° = 180°</p><p>x + 120° = 180°</p><p>x = 60°.</p><p>If we assume symmetry with another tangent from P, let's say PQ, then ∠TPQ would be 2 * 30° = 60°. The central angle ∠TOQ (let's call it y) would be supplementary to this angle, so y = 180° - 60° = 120°. In that case, x = ∠TOP = y/2 = 60°. The question as presented leads to x=60°.</p>"
                    },
                    "question_type": "Very Short Answer (2 marks)",
                    "difficulty_level": "Easy",
                    "explanation_html": null
                  }
                ]
              },
              {
                "chapter_name": "Triangles",
                "questions": [
                  {
                    "question_no": 25,
                    "question_html": "<p>In the adjoining figure, A, B and C are points on OP, OQ and OR respectively such that AB||PQ and AC||PR. Show that BC||QR.</p>",
                    "images": [
                      {
                        "url": "https://img.testbuddyai.com/Maths-430-4-23-Q25.png"
                      }
                    ],
                    "options": [],
                    "correct_answer": {
                      "text": "<p>In triangle ΔOPQ, we are given that AB || PQ.</p><p>By the Basic Proportionality Theorem (Thales' Theorem), we have:</p><p>OA/AP = OB/BQ. This is incorrect application. We should use similarity. Since AB || PQ, ΔOAB ~ ΔOPQ. Therefore, OA/OP = OB/OQ   ---(i)</p><p>In triangle ΔOPR, we are given that AC || PR.</p><p>By similarity, ΔOAC ~ ΔOPR. Therefore, OA/OP = OC/OR   ---(ii)</p><p>From equations (i) and (ii), we can conclude:</p><p>OB/OQ = OC/OR</p><p>Now, consider triangle ΔOQR. We have shown that the line segment BC divides the sides OQ and OR in the same ratio.</p><p>By the converse of the Basic Proportionality Theorem, this implies that BC || QR.</p><p>Hence proved.</p>"
                    },
                    "question_type": "Very Short Answer (2 marks)",
                    "difficulty_level": "Medium",
                    "explanation_html": null
                  }
                ]
              },
              {
                "chapter_name": "Polynomials",
                "questions": [
                  {
                    "question_no": 26,
                    "question_html": "<p>Find the zeroes of the quadratic polynomial x² + 6x + 8 and verify the relationship between the zeroes and the coefficients.</p>",
                    "options": [],
                    "correct_answer": {
                      "text": "<p>To find the zeroes of the polynomial p(x) = x² + 6x + 8, we set p(x) = 0:</p><p>x² + 6x + 8 = 0</p><p>By factoring the expression:</p><p>x² + 4x + 2x + 8 = 0</p><p>x(x + 4) + 2(x + 4) = 0</p><p>(x + 4)(x + 2) = 0</p><p>The zeroes are x = -4 and x = -2.</p><p>Let α = -4 and β = -2.</p><p><strong>Verification:</strong></p><p>For the polynomial x² + 6x + 8, we have a = 1, b = 6, c = 8.</p><p>Sum of zeroes = α + β = (-4) + (-2) = -6.</p><p>From the coefficients, -b/a = -6/1 = -6. Hence, verified.</p><p>Product of zeroes = αβ = (-4) * (-2) = 8.</p><p>From the coefficients, c/a = 8/1 = 8. Hence, verified.</p>"
                    },
                    "question_type": "Short Answer (3 marks)",
                    "difficulty_level": "Easy",
                    "explanation_html": null
                  }
                ]
              },
              {
                "chapter_name": "Introduction to Trigonometry",
                "questions": [
                  {
                    "question_no": 27,
                    "question_html": "<p>Prove that (1 + tan² A) / (1 + cot² A) = sec² A − 1</p>",
                    "options": [],
                    "correct_answer": {
                      "text": "<p>We will simplify the Left Hand Side (LHS) first.</p><p>Using the trigonometric identities:</p><p>1 + tan² A = sec² A</p><p>1 + cot² A = cosec² A</p><p>LHS = sec² A / cosec² A</p><p>= (1/cos² A) / (1/sin² A)</p><p>= sin² A / cos² A</p><p>= tan² A</p><p>Now, we simplify the Right Hand Side (RHS):</p><p>RHS = sec² A - 1</p><p>Using the identity 1 + tan² A = sec² A, we can rearrange it to tan² A = sec² A - 1.</p><p>So, RHS = tan² A.</p><p>Since LHS = RHS = tan² A, the identity is proved.</p>"
                    },
                    "question_type": "Short Answer (3 marks)",
                    "difficulty_level": "Easy",
                    "explanation_html": null
                  }
                ]
              },
              {
                "chapter_name": "Pair of Linear Equations in Two Variables",
                "questions": [
                  {
                    "question_no": 28,
                    "question_html": "<p>(A) A lending library has a fixed charge for first three days and an additional charge for each day thereafter. Rittik paid ₹ 27 for a book kept for 7 days and Manmohan paid ₹ 21 for a book kept for 5 days. Find the fixed charges and the charge for each extra day.</p><p><strong>OR</strong></p><p>(B) Find the values of ‘a’ and ‘b’ for which the system of linear equations 3x + 4y = 12, (a + b)x + 2(a – b)y = 24 has infinite number of solutions.</p>",
                    "options": [],
                    "correct_answer": {
                      "text": "<p><strong>(A)</strong></p><p>Let the fixed charge for the first three days be ₹x and the additional charge for each extra day be ₹y.</p><p>For Rittik, the book was kept for 7 days, which is 3 fixed days + 4 extra days.</p><p>Equation 1: x + 4y = 27</p><p>For Manmohan, the book was kept for 5 days, which is 3 fixed days + 2 extra days.</p><p>Equation 2: x + 2y = 21</p><p>Subtracting Equation 2 from Equation 1:</p><p>(x + 4y) - (x + 2y) = 27 - 21</p><p>2y = 6  ⇒ y = 3</p><p>Substituting y = 3 into Equation 2:</p><p>x + 2(3) = 21  ⇒ x + 6 = 21  ⇒ x = 15</p><p>The fixed charge is ₹15, and the charge for each extra day is ₹3.</p><p><strong>OR</strong></p><p><strong>(B)</strong></p><p>For a system of linear equations to have infinite solutions, the ratio of the coefficients must be equal:</p><p>a₁/a₂ = b₁/b₂ = c₁/c₂</p><p>The given equations are 3x + 4y = 12 and (a+b)x + 2(a-b)y = 24.</p><p>3/(a+b) = 4/(2(a-b)) = 12/24</p><p>Simplifying the last part, 12/24 = 1/2.</p><p>From the first and third parts: 3/(a+b) = 1/2  ⇒ a + b = 6  ---(i)</p><p>From the second and third parts: 4/(2(a-b)) = 1/2  ⇒ 8 = 2(a-b)  ⇒ a - b = 4  ---(ii)</p><p>Adding equations (i) and (ii):</p><p>2a = 10  ⇒ a = 5</p><p>Substituting a = 5 into equation (i):</p><p>5 + b = 6  ⇒ b = 1</p><p>The values are a = 5 and b = 1.</p>"
                    },
                    "question_type": "Short Answer (3 marks)",
                    "difficulty_level": "Medium",
                    "explanation_html": null
                  }
                ]
              },
              {
                "chapter_name": "Probability",
                "questions": [
                  {
                    "question_no": 29,
                    "question_html": "<p>A die is rolled once. Find the probability of getting :</p><p>(i) an even prime number.</p><p>(ii) a number greater than 4.</p><p>(iii) an odd number.</p>",
                    "options": [],
                    "correct_answer": {
                      "text": "<p>When a die is rolled, the sample space is S = {1, 2, 3, 4, 5, 6}. The total number of outcomes is 6.</p><p><strong>(i) An even prime number:</strong></p><p>The prime numbers in the sample space are {2, 3, 5}. The only even prime number is 2.</p><p>Number of favorable outcomes = 1.</p><p>Probability = 1/6.</p><p><strong>(ii) A number greater than 4:</strong></p><p>The numbers greater than 4 are {5, 6}.</p><p>Number of favorable outcomes = 2.</p><p>Probability = 2/6 = 1/3.</p><p><strong>(iii) An odd number:</strong></p><p>The odd numbers in the sample space are {1, 3, 5}.</p><p>Number of favorable outcomes = 3.</p><p>Probability = 3/6 = 1/2.</p>"
                    },
                    "question_type": "Short Answer (3 marks)",
                    "difficulty_level": "Easy",
                    "explanation_html": null
                  }
                ]
              },
              {
                "chapter_name": "Areas Related to Circles",
                "questions": [
                  {
                    "question_no": 30,
                    "question_html": "<p>Find the area of the sector of a circle of radius 7 cm and of central angle 90°. Also, find the area of corresponding major sector.</p>",
                    "options": [],
                    "correct_answer": {
                      "text": "<p>Given: radius (r) = 7 cm, central angle of minor sector (θ) = 90°.</p><p><strong>Area of the minor sector:</strong></p><p>Area = (θ/360) * πr²</p><p>= (90/360) * (22/7) * 7²</p><p>= (1/4) * 22 * 7 = 154/4 = 38.5 cm².</p><p><strong>Area of the corresponding major sector:</strong></p><p>The angle of the major sector is 360° - 90° = 270°.</p><p>Area = (270/360) * πr²</p><p>= (3/4) * (22/7) * 7²</p><p>= (3/4) * 154 = 3 * 38.5 = 115.5 cm².</p><p>Alternatively, Area of major sector = Area of circle - Area of minor sector.</p><p>Area of circle = πr² = (22/7) * 7² = 154 cm².</p><p>Area of major sector = 154 - 38.5 = 115.5 cm².</p>"
                    },
                    "question_type": "Short Answer (3 marks)",
                    "difficulty_level": "Easy",
                    "explanation_html": null
                  }
                ]
              },
              {
                "chapter_name": "Circles",
                "questions": [
                  {
                    "question_no": 31,
                    "question_html": "<p>(A) Prove that the lengths of tangents drawn from an external point to a circle are equal.</p><p><strong>OR</strong></p><p>(B) Two concentric circles with centre O are of radii 3 cm and 5 cm. Find the length of chord AB of the larger circle which touches the smaller circle at P.</p>",
                    "images": [
                      {
                        "url": "https://img.testbuddyai.com/Maths-430-4-23-Q31b.png"
                      }
                    ],
                    "options": [],
                    "correct_answer": {
                      "text": "<p><strong>(A)</strong></p><p><strong>Given:</strong> A circle with center O, an external point P, and two tangents PA and PB from P to the circle.</p><p><strong>To prove:</strong> PA = PB.</p><p><strong>Construction:</strong> Join OA, OB, and OP.</p><p><strong>Proof:</strong> In triangles ΔOAP and ΔOBP:</p><ul><li>OA = OB (Radii of the same circle)</li><li>OP = OP (Common side)</li><li>∠OAP = ∠OBP = 90° (Radius is perpendicular to the tangent at the point of contact)</li></ul><p>By the RHS (Right-angle-Hypotenuse-Side) congruence rule, ΔOAP ≅ ΔOBP.</p><p>By CPCTC (Corresponding Parts of Congruent Triangles are Congruent), PA = PB. Hence proved.</p><p><strong>OR</strong></p><p><strong>(B)</strong></p><p>Let the larger circle have radius OA = 5 cm and the smaller circle have radius OP = 3 cm.</p><p>AB is the chord of the larger circle and it touches the smaller circle at P. So, AB is a tangent to the smaller circle at P.</p><p>The radius OP is perpendicular to the tangent AB at the point of contact P. So, ∠OPA = 90°.</p><p>In the right-angled triangle ΔOPA:</p><p>By Pythagorean theorem, OA² = OP² + AP².</p><p>5² = 3² + AP²</p><p>25 = 9 + AP²</p><p>AP² = 16  ⇒ AP = 4 cm.</p><p>The perpendicular from the center of a circle to a chord bisects the chord. So, AB = 2 * AP.</p><p>AB = 2 * 4 = 8 cm.</p><p>The length of the chord is 8 cm.</p>"
                    },
                    "question_type": "Short Answer (3 marks)",
                    "difficulty_level": "Medium",
                    "explanation_html": null
                  }
                ]
              },
              {
                "chapter_name": "Some Applications of Trigonometry",
                "questions": [
                  {
                    "question_no": 32,
                    "question_html": "<p>(A) The shadow of a tower standing on a level ground is found to be 40 m longer when the Sun's altitude is 30° than when it was 60°. Find the height of the tower.</p><p><strong>OR</strong></p><p>(B) From the top of a 7 m high building, the angle of elevation of the top of a cable tower is 60° and the angle of depression of its foot is 45°. Determine the height of the tower.</p>",
                    "options": [],
                    "correct_answer": {
                      "text": "<p><strong>(A)</strong></p><p>Let h be the height of the tower AB and x be the length of the shadow BC when the altitude is 60°.</p><p>In ΔABC, tan 60° = h/x  ⇒ √3 = h/x  ⇒ h = x√3.</p><p>When the altitude is 30°, the shadow is BD = x + 40.</p><p>In ΔABD, tan 30° = h/(x+40)  ⇒ 1/√3 = h/(x+40)  ⇒ x+40 = h√3.</p><p>Substitute h = x√3 into the second equation:</p><p>x + 40 = (x√3)√3 = 3x</p><p>2x = 40  ⇒ x = 20 m.</p><p>Height of the tower, h = 20√3 m.</p><p><strong>OR</strong></p><p><strong>(B)</strong></p><p>Let AB be the 7 m high building and CD be the cable tower. Draw a perpendicular BE from B to CD.</p><p>AE is the horizontal ground. The angle of depression of D from B is 45°. So, ∠EBD = 45°.</p><p>This means ∠ADB = 45° (alternate interior angles).</p><p>In right ΔABD, tan 45° = AB/AD  ⇒ 1 = 7/AD  ⇒ AD = 7 m.</p><p>Since ABED is a rectangle, BE = AD = 7 m and ED = AB = 7 m.</p><p>The angle of elevation of the top of the tower C from B is 60°. So, ∠CBE = 60°.</p><p>In right ΔCBE, tan 60° = CE/BE  ⇒ √3 = CE/7  ⇒ CE = 7√3 m.</p><p>The height of the tower CD = CE + ED = 7√3 + 7 = 7(√3 + 1) m.</p>"
                    },
                    "question_type": "Long Answer (5 marks)",
                    "difficulty_level": "Hard",
                    "explanation_html": null
                  }
                ]
              },
              {
                "chapter_name": "Arithmetic Progressions",
                "questions": [
                  {
                    "question_no": 33,
                    "question_html": "<p>(A) Find the sum of first 25 terms of the A.P. whose nth term is given by aₙ = 5 + 6n. Also, find the ratio of 20th term to 45th term.</p><p><strong>OR</strong></p><p>(B) In an A.P., if Sₙ = 3n² + 5n and aₖ = 164, find the value of k.</p>",
                    "options": [],
                    "correct_answer": {
                      "text": "<p><strong>(A)</strong></p><p>Given aₙ = 5 + 6n.</p><p>First term, a₁ = 5 + 6(1) = 11.</p><p>25th term, a₂₅ = 5 + 6(25) = 5 + 150 = 155.</p><p>Sum of the first 25 terms, S₂₅ = n/2 (a₁ + aₙ) = 25/2 (11 + 155) = 25/2 * 166 = 25 * 83 = 2075.</p><p>20th term, a₂₀ = 5 + 6(20) = 5 + 120 = 125.</p><p>45th term, a₄₅ = 5 + 6(45) = 5 + 270 = 275.</p><p>Ratio = a₂₀ / a₄₅ = 125 / 275 = 5 / 11. The ratio is 5:11.</p><p><strong>OR</strong></p><p><strong>(B)</strong></p><p>Given Sₙ = 3n² + 5n.</p><p>We can find the nth term using the formula aₙ = Sₙ - Sₙ₋₁.</p><p>Sₙ₋₁ = 3(n-1)² + 5(n-1) = 3(n²-2n+1) + 5n-5 = 3n²-6n+3+5n-5 = 3n²-n-2.</p><p>aₙ = (3n² + 5n) - (3n² - n - 2) = 6n + 2.</p><p>Given aₖ = 164.</p><p>So, aₖ = 6k + 2 = 164.</p><p>6k = 162</p><p>k = 162 / 6 = 27.</p>"
                    },
                    "question_type": "Long Answer (5 marks)",
                    "difficulty_level": "Medium",
                    "explanation_html": null
                  }
                ]
              },
              {
                "chapter_name": "Statistics",
                "questions": [
                  {
                    "question_no": 34,
                    "question_html": "<p>The following table gives the monthly consumption of electricity of 100 families :</p><table><thead><tr><th>Monthly Consumption (in units)</th><th>Number of families</th></tr></thead><tbody><tr><td>130-140</td><td>5</td></tr><tr><td>140-150</td><td>9</td></tr><tr><td>150-160</td><td>17</td></tr><tr><td>160-170</td><td>28</td></tr><tr><td>170-180</td><td>24</td></tr><tr><td>180-190</td><td>10</td></tr><tr><td>190-200</td><td>7</td></tr></tbody></table><p>Find the median of the above data.</p>",
                    "options": [],
                    "correct_answer": {
                      "text": "<p>To find the median, we first need to create a cumulative frequency (cf) column.</p><table><thead><tr><th>Class Interval</th><th>Frequency (f)</th><th>Cumulative Frequency (cf)</th></tr></thead><tbody><tr><td>130-140</td><td>5</td><td>5</td></tr><tr><td>140-150</td><td>9</td><td>14</td></tr><tr><td>150-160</td><td>17</td><td>31</td></tr><tr><td>160-170</td><td>28</td><td>59</td></tr><tr><td>170-180</td><td>24</td><td>83</td></tr><tr><td>180-190</td><td>10</td><td>93</td></tr><tr><td>190-200</td><td>7</td><td>100</td></tr></tbody></table><p>Total number of families, N = 100. So, N/2 = 50.</p><p>The cumulative frequency just greater than 50 is 59, which corresponds to the class interval 160-170. This is the median class.</p><p>l (lower limit of median class) = 160</p><p>f (frequency of median class) = 28</p><p>cf (cumulative frequency of class preceding median class) = 31</p><p>h (class size) = 10</p><p>Median = l + [(N/2 - cf) / f] * h</p><p>Median = 160 + [(50 - 31) / 28] * 10</p><p>Median = 160 + (19 / 28) * 10 = 160 + 190/28 ≈ 160 + 6.786</p><p>Median ≈ 166.8</p>"
                    },
                    "question_type": "Long Answer (5 marks)",
                    "difficulty_level": "Medium",
                    "explanation_html": null
                  }
                ]
              },
              {
                "chapter_name": "Surface Areas and Volumes",
                "questions": [
                  {
                    "question_no": 35,
                    "question_html": "<p>The boilers are used in thermal power plants to store water and then used to produce steam. One such boiler consists of a cylindrical part in middle and two hemispherical parts at its both ends. Length of the cylindrical part is 7m and radius of cylindrical part is 7/2 m. Find the total surface area and the volume of the boiler. Also, find the ratio of the volume of cylindrical part to the volume of one hemispherical part.</p>",
                    "images": [
                      {
                        "url": "https://img.testbuddyai.com/Maths-430-4-23-Q35.png"
                      }
                    ],
                    "options": [],
                    "correct_answer": {
                      "text": "<p>Given: Height of cylindrical part (h) = 7 m. Radius of cylinder and hemispheres (r) = 7/2 = 3.5 m.</p><p><strong>Total Surface Area (TSA):</strong></p><p>TSA = (Curved Surface Area of cylinder) + 2 * (Curved Surface Area of hemisphere)</p><p>TSA = (2πrh) + 2 * (2πr²) = 2πr(h + 2r)</p><p>TSA = 2 * (22/7) * 3.5 * (7 + 2 * 3.5) = 2 * (22/7) * 3.5 * (7 + 7) = 2 * 22 * 0.5 * 14 = 308 m².</p><p><strong>Volume of the boiler:</strong></p><p>Volume = (Volume of cylinder) + 2 * (Volume of hemisphere)</p><p>Volume = (πr²h) + 2 * (2/3 * πr³) = πr²(h + 4/3 * r)</p><p>Volume = (22/7) * (3.5)² * (7 + 4/3 * 3.5) = (22/7) * 12.25 * (7 + 14/3) = 38.5 * (21/3 + 14/3) = 38.5 * (35/3) ≈ 449.17 m³.</p><p><strong>Ratio of volumes:</strong></p><p>Ratio = (Volume of cylindrical part) / (Volume of one hemispherical part)</p><p>Ratio = (πr²h) / (2/3 * πr³) = h / (2/3 * r) = 3h / 2r</p><p>Ratio = (3 * 7) / (2 * 3.5) = 21 / 7 = 3/1.</p><p>The ratio is 3:1.</p>"
                    },
                    "question_type": "Long Answer (5 marks)",
                    "difficulty_level": "Hard",
                    "explanation_html": null
                  }
                ]
              },
              {
                "chapter_name": "Coordinate Geometry",
                "questions": [
                  {
                    "question_no": 36,
                    "question_html": "<p><strong>Case Study</strong></p><p>Use of mobile screen for long hours ... a school decided to start ‘BAN PUBG’ campaign, in which students are asked to prepare campaign board in the shape of a rectangle. One such campaign board ... is shown in the figure. Y D(1, 5) C(7, 5) A(1, 1) B(7, 1)</p><p>Based on the above information, answer the following questions :</p><p>(i) Find the coordinates of the point of intersection of diagonals AC and BD.</p><p>(ii) Find the length of the diagonal AC.</p><p>(iii) (a) Find the area of the campaign Board ABCD.</p><p><strong>OR</strong></p><p>(b) Find the ratio of the length of side AB to the length of the diagonal AC.</p>",
                    "images": [
                      {
                        "url": "https://img.testbuddyai.com/Maths-430-4-23-Q36.png"
                      }
                    ],
                    "options": [],
                    "correct_answer": {
                      "text": "<p><strong>(i) Coordinates of the point of intersection of diagonals:</strong></p><p>The diagonals of a rectangle bisect each other, so their intersection point is the midpoint of either diagonal. Let's find the midpoint of AC.</p><p>Midpoint = ((x₁ + x₂)/2, (y₁ + y₂)/2) = ((1 + 7)/2, (1 + 5)/2) = (8/2, 6/2) = (4, 3).</p><p><strong>(ii) Length of the diagonal AC:</strong></p><p>Using the distance formula: d = √[(x₂ - x₁)² + (y₂ - y₁)²]</p><p>AC = √[(7 - 1)² + (5 - 1)²] = √[6² + 4²] = √(36 + 16) = √52 = 2√13 units.</p><p><strong>(iii) (a) Area of the campaign board ABCD:</strong></p><p>Length of side AB = 7 - 1 = 6 units.</p><p>Length of side AD = 5 - 1 = 4 units.</p><p>Area = length × width = AB × AD = 6 × 4 = 24 square units.</p><p><strong>OR</strong></p><p><strong>(b) Ratio of the length of side AB to the length of the diagonal AC:</strong></p><p>Length AB = 6 units.</p><p>Length AC = 2√13 units.</p><p>Ratio = AB / AC = 6 / (2√13) = 3 / √13. The ratio is 3:√13.</p>"
                    },
                    "question_type": "Case-based Subjective",
                    "difficulty_level": "Easy",
                    "explanation_html": null
                  }
                ]
              },
              {
                "chapter_name": "Real Numbers",
                "questions": [
                  {
                    "question_no": 37,
                    "question_html": "<p><strong>Case Study</strong></p><p>Khushi wants to organize her birthday party... She bought 36 apples and 60 bananas and decided to distribute fruits equally among all.</p><p>Based on the above information, answer the following questions :</p><p>(i) How many guests Khushi can invite at the most ?</p><p>(ii) How many apples and bananas will each guest get ?</p><p>(iii) (a) If Khushi decides to add 42 mangoes, how many guests Khushi can invite at the most ?</p><p><strong>OR</strong></p><p>(b) If the cost of 1 dozen of bananas is ₹ 60, the cost of 1 apple is ₹ 15 and cost of 1 mango is ₹ 20, find the total amount spent on 60 bananas, 36 apples and 42 mangoes.</p>",
                    "images": [
                      {
                        "url": "https://img.testbuddyai.com/Maths-430-4-23-Q37.png"
                      }
                    ],
                    "options": [],
                    "correct_answer": {
                      "text": "<p><strong>(i) Maximum number of guests:</strong></p><p>To distribute the fruits equally, the number of guests must be a common factor of 36 and 60. To find the maximum number of guests, we need to find the Highest Common Factor (HCF) of 36 and 60.</p><p>36 = 2² × 3²</p><p>60 = 2² × 3 × 5</p><p>HCF(36, 60) = 2² × 3 = 12. Khushi can invite at most 12 guests.</p><p><strong>(ii) Apples and bananas per guest:</strong></p><p>Apples per guest = 36 / 12 = 3.</p><p>Bananas per guest = 60 / 12 = 5.</p><p><strong>(iii) (a) Maximum guests with mangoes:</strong></p><p>Now we need to find the HCF of 36, 60, and 42.</p><p>42 = 2 × 3 × 7</p><p>HCF(36, 60, 42) = 2 × 3 = 6. Khushi can invite at most 6 guests.</p><p><strong>OR</strong></p><p><strong>(b) Total amount spent:</strong></p><p>Cost of 1 dozen (12) bananas = ₹60, so cost of 1 banana = ₹5.</p><p>Cost of 60 bananas = 60 × 5 = ₹300.</p><p>Cost of 36 apples = 36 × 15 = ₹540.</p><p>Cost of 42 mangoes = 42 × 20 = ₹840.</p><p>Total amount = 300 + 540 + 840 = ₹1680.</p>"
                    },
                    "question_type": "Case-based Subjective",
                    "difficulty_level": "Easy",
                    "explanation_html": null
                  }
                ]
              },
              {
                "chapter_name": "Triangles",
                "questions": [
                  {
                    "question_no": 38,
                    "question_html": "<p><strong>Case Study</strong></p><p>Observe the figures given below carefully and answer the questions :</p><p>Figure A: Two quadrilaterals.</p><p>Figure B: Two quadrilaterals.</p><p>Figure C: Two triangles.</p><p>(i) Name the figure(s) wherein two figures are similar.</p><p>(ii) Name the figure(s) wherein the figures are congruent.</p><p>(iii) (a) Prove that congruent triangles are also similar but not the converse.</p><p><strong>OR</strong></p><p>(b) What more is least needed for two similar triangles to be congruent ?</p>",
                    "images": [
                      {
                        "url": "https://img.testbuddyai.com/Maths-430-4-23-Q38.png"
                      }
                    ],
                    "options": [],
                    "correct_answer": {
                      "text": "<p><strong>(i) Similar Figures:</strong></p><p>Two figures are similar if their corresponding angles are equal and the ratio of their corresponding sides is the same.</p><ul><li><strong>Figure A:</strong> Both quadrilaterals have the same corresponding angles (85°, 70°, 100°, 105°). The ratio of corresponding sides is 4.8/2.4 = 2, 5/2.5 = 2, 2.4/1.2 = 2, and 4/2 = 2. Since the conditions are met, the figures in A are similar.</li><li><strong>Figure C:</strong> The triangles are marked as having corresponding sides of length 4.5, 3, and 2 cm. They are congruent by SSS, and all congruent figures are also similar (with a ratio of 1:1).</li></ul><p>Answer: Figure A and Figure C.</p><p><strong>(ii) Congruent Figures:</strong></p><p>Two figures are congruent if they have the same shape and size. This means corresponding angles and corresponding sides are equal.</p><ul><li><strong>Figure C:</strong> The two triangles have identical side lengths (4.5, 3, 2). They are congruent by the SSS criterion.</li></ul><p>Answer: Figure C.</p><p><strong>(iii) (a) Proof:</strong></p><p>If two triangles are congruent, their corresponding angles are equal and their corresponding sides are equal. For similarity, we need corresponding angles to be equal and the ratio of corresponding sides to be constant. Since congruent triangles have equal sides, the ratio of their corresponding sides is 1. Thus, both conditions for similarity are met. Conversely, two triangles can be similar without being congruent. For example, two equilateral triangles with side lengths 2 cm and 4 cm are similar (all angles 60°, side ratio 1:2), but they are not congruent because their sides are not equal.</p><p><strong>OR</strong></p><p><strong>(b) Condition for Congruence from Similarity:</strong></p><p>For two similar triangles to be congruent, the ratio of their corresponding sides must be 1. This means that at least one pair of corresponding sides must be equal in length. If one pair of corresponding sides is equal, then all pairs of corresponding sides will be equal, making the triangles congruent.</p>"
                    },
                    "question_type": "Case-based Subjective",
                    "difficulty_level": "Medium",
                    "explanation_html": null
                  }
                ]
              }
            ]
          }
        ]
      }
    ]
  }
]