[
  {
    "exam_name_actual": "CBSE Board - Class 10",
    "main_exam_id_name_ref": "CBSE Board - Class 10",
    "years": [
      {
        "year": "2023",
        "papers_or_subjects": [
          {
            "paper_name": "CBSE Class 10 Mathematics (Basic) Paper 2023 (QP Code: 430/6/1)",
            "subject_name": "Mathematics",
            "chapters": [
              {
                "chapter_name": "Statistics",
                "questions": [
                  {
                    "question_no": 1,
                    "question_html": "<p>The time, in seconds, taken by 150 athletes to run a 100 m hurdle race are tabulated below :<br>Time (sec.): 13-14, 14-15, 15-16, 16-17, 17-18, 18-19<br>Number of Athletes: 2, 4, 5, 71, 48, 20<br>The number of athletes who completed the race in less than 17 seconds is</p>",
                    "options": [
                      {
                        "id": "a",
                        "text": "11"
                      },
                      {
                        "id": "b",
                        "text": "71"
                      },
                      {
                        "id": "c",
                        "text": "82"
                      },
                      {
                        "id": "d",
                        "text": "68"
                      }
                    ],
                    "correct_answer": {
                      "ids": [
                        "c"
                      ],
                      "text": "82"
                    },
                    "question_type": "mcq_single",
                    "difficulty_level": "easy",
                    "explanation_html": "<p>The number of athletes who completed the race in less than 17 seconds is the sum of the number of athletes in the time intervals 13-14, 14-15, 15-16, and 16-17.<br>Number of athletes = 2 (for 13-14s) + 4 (for 14-15s) + 5 (for 15-16s) + 71 (for 16-17s) = 82.</p>"
                  }
                ]
              },
              {
                "chapter_name": "Coordinate Geometry",
                "questions": [
                  {
                    "question_no": 2,
                    "question_html": "<p>The distance of the point (5, 0) from the origin is</p>",
                    "options": [
                      {
                        "id": "a",
                        "text": "0"
                      },
                      {
                        "id": "b",
                        "text": "5"
                      },
                      {
                        "id": "c",
                        "text": "√5"
                      },
                      {
                        "id": "d",
                        "text": "5²"
                      }
                    ],
                    "correct_answer": {
                      "ids": [
                        "b"
                      ],
                      "text": "5"
                    },
                    "question_type": "mcq_single",
                    "difficulty_level": "easy",
                    "explanation_html": "<p>The coordinates of the origin are (0, 0).<br>Using the distance formula, d = √[(x₂ - x₁)² + (y₂ - y₁)²].<br>Distance = √[(5 - 0)² + (0 - 0)²] = √[5² + 0²] = √25 = 5 units.</p>"
                  }
                ]
              },
              {
                "chapter_name": "Introduction to Trigonometry",
                "questions": [
                  {
                    "question_no": 3,
                    "question_html": "<p>In ΔABC, right angled at C, if tan A = 8/7, then the value of cot B is</p>",
                    "images": [
                      {
                        "url": "https://img.testbuddyai.com/Maths-430-6-23-Q3.png"
                      }
                    ],
                    "options": [
                      {
                        "id": "a",
                        "text": "7/8"
                      },
                      {
                        "id": "b",
                        "text": "8/7"
                      },
                      {
                        "id": "c",
                        "text": "7/√113"
                      },
                      {
                        "id": "d",
                        "text": "8/√113"
                      }
                    ],
                    "correct_answer": {
                      "ids": [
                        "b"
                      ],
                      "text": "8/7"
                    },
                    "question_type": "mcq_single",
                    "difficulty_level": "medium",
                    "explanation_html": "<p>In a right-angled triangle ABC with ∠C = 90°, the angles A and B are complementary, meaning A + B = 90°.<br>For complementary angles, we have the identity tan A = cot(90° - A) = cot B.<br>Given tan A = 8/7, therefore, cot B = 8/7.</p>"
                  }
                ]
              },
              {
                "chapter_name": "Areas Related to Circles",
                "questions": [
                  {
                    "question_no": 4,
                    "question_html": "<p>Area of a quadrant of a circle of radius 7 cm is</p>",
                    "options": [
                      {
                        "id": "a",
                        "text": "154 cm²"
                      },
                      {
                        "id": "b",
                        "text": "77 cm²"
                      },
                      {
                        "id": "c",
                        "text": "77/2 cm²"
                      },
                      {
                        "id": "d",
                        "text": "77/4 cm²"
                      }
                    ],
                    "correct_answer": {
                      "ids": [
                        "c"
                      ],
                      "text": "77/2 cm²"
                    },
                    "question_type": "mcq_single",
                    "difficulty_level": "easy",
                    "explanation_html": "<p>A quadrant is one-fourth of a circle.<br>The area of a full circle is given by the formula A = πr².<br>The area of a quadrant is (1/4)πr².<br>Given radius r = 7 cm.<br>Area = (1/4) × (22/7) × 7² = (1/4) × (22/7) × 49 = (1/4) × 22 × 7 = 154/4 = 77/2 cm².</p>"
                  }
                ]
              },
              {
                "chapter_name": "Real Numbers",
                "questions": [
                  {
                    "question_no": 5,
                    "question_html": "<p>If HCF (72, 120) = 24, then LCM (72, 120) is</p>",
                    "options": [
                      {
                        "id": "a",
                        "text": "72"
                      },
                      {
                        "id": "b",
                        "text": "120"
                      },
                      {
                        "id": "c",
                        "text": "360"
                      },
                      {
                        "id": "d",
                        "text": "9640"
                      }
                    ],
                    "correct_answer": {
                      "ids": [
                        "c"
                      ],
                      "text": "360"
                    },
                    "question_type": "mcq_single",
                    "difficulty_level": "easy",
                    "explanation_html": "<p>For any two positive integers a and b, the product of their HCF and LCM is equal to the product of the numbers.<br>HCF(a, b) × LCM(a, b) = a × b.<br>Given HCF(72, 120) = 24.<br>24 × LCM(72, 120) = 72 × 120.<br>LCM(72, 120) = (72 × 120) / 24.<br>LCM(72, 120) = 3 × 120 = 360.</p>"
                  }
                ]
              },
              {
                "chapter_name": "Probability",
                "questions": [
                  {
                    "question_no": 6,
                    "question_html": "<p>One card is drawn at random from a well-shuffled deck of 52 playing cards. What is the probability of getting a black king ?</p>",
                    "options": [
                      {
                        "id": "a",
                        "text": "1/26"
                      },
                      {
                        "id": "b",
                        "text": "1/13"
                      },
                      {
                        "id": "c",
                        "text": "1/52"
                      },
                      {
                        "id": "d",
                        "text": "1/2"
                      }
                    ],
                    "correct_answer": {
                      "ids": [
                        "a"
                      ],
                      "text": "1/26"
                    },
                    "question_type": "mcq_single",
                    "difficulty_level": "easy",
                    "explanation_html": "<p>A standard deck of 52 cards has two black suits: Spades and Clubs.<br>Each suit has one king.<br>Therefore, there are two black kings in the deck (King of Spades and King of Clubs).<br>The number of favorable outcomes is 2.<br>The total number of possible outcomes is 52.<br>Probability = (Favorable Outcomes) / (Total Outcomes) = 2/52 = 1/26.</p>"
                  }
                ]
              },
              {
                "chapter_name": "Polynomials",
                "questions": [
                  {
                    "question_no": 7,
                    "question_html": "<p>The graph of y = f(x) is shown in the figure for some polynomial f(x). The number of zeroes of f(x) is</p>",
                    "images": [
                      {
                        "url": "https://img.testbuddyai.com/Maths-430-6-23-Q7.png"
                      }
                    ],
                    "options": [
                      {
                        "id": "a",
                        "text": "0"
                      },
                      {
                        "id": "b",
                        "text": "2"
                      },
                      {
                        "id": "c",
                        "text": "3"
                      },
                      {
                        "id": "d",
                        "text": "4"
                      }
                    ],
                    "correct_answer": {
                      "ids": [
                        "c"
                      ],
                      "text": "3"
                    },
                    "question_type": "mcq_single",
                    "difficulty_level": "easy",
                    "explanation_html": "<p>The zeroes of a polynomial f(x) are the x-values where the graph of y = f(x) intersects the x-axis.<br>Observing the given graph, the curve intersects the x-axis at three distinct points.<br>Therefore, the number of zeroes of f(x) is 3.</p>"
                  }
                ]
              },
              {
                "chapter_name": "Pair of Linear Equations in Two Variables",
                "questions": [
                  {
                    "question_no": 8,
                    "question_html": "<p>The value of k, if (6, k) lies on the line represented by x – 3y + 6 = 0, is</p>",
                    "options": [
                      {
                        "id": "a",
                        "text": "-4"
                      },
                      {
                        "id": "b",
                        "text": "12"
                      },
                      {
                        "id": "c",
                        "text": "-12"
                      },
                      {
                        "id": "d",
                        "text": "4"
                      }
                    ],
                    "correct_answer": {
                      "ids": [
                        "d"
                      ],
                      "text": "4"
                    },
                    "question_type": "mcq_single",
                    "difficulty_level": "easy",
                    "explanation_html": "<p>If a point lies on a line, its coordinates must satisfy the equation of the line.<br>The given point is (6, k), so x = 6 and y = k.<br>The equation of the line is x – 3y + 6 = 0.<br>Substitute the coordinates into the equation:<br>6 – 3(k) + 6 = 0<br>12 – 3k = 0<br>12 = 3k<br>k = 12 / 3 = 4.</p>"
                  }
                ]
              },
              {
                "chapter_name": "Real Numbers",
                "questions": [
                  {
                    "question_no": 9,
                    "question_html": "<p>The prime factorisation of the number 2304 is</p>",
                    "options": [
                      {
                        "id": "a",
                        "text": "2⁸ x 3²"
                      },
                      {
                        "id": "b",
                        "text": "2⁷ x 3³"
                      },
                      {
                        "id": "c",
                        "text": "2⁸ x 3¹"
                      },
                      {
                        "id": "d",
                        "text": "2⁷ x 3²"
                      }
                    ],
                    "correct_answer": {
                      "ids": [
                        "a"
                      ],
                      "text": "2⁸ x 3²"
                    },
                    "question_type": "mcq_single",
                    "difficulty_level": "medium",
                    "explanation_html": "<p>We find the prime factors of 2304 by successive division:<br>2304 = 2 × 1152<br>= 2 × 2 × 576<br>= 2 × 2 × 2 × 288<br>= 2 × 2 × 2 × 2 × 144<br>= 2 × 2 × 2 × 2 × 12 × 12<br>= 2⁴ × (2² × 3) × (2² × 3)<br>= 2⁴ × 2⁴ × 3²<br>= 2⁸ × 3².</p>"
                  }
                ]
              },
              {
                "chapter_name": "Real Numbers",
                "questions": [
                  {
                    "question_no": 10,
                    "question_html": "<p>If n is a natural number, then 8ⁿ cannot end with digit</p>",
                    "options": [
                      {
                        "id": "a",
                        "text": "0"
                      },
                      {
                        "id": "b",
                        "text": "2"
                      },
                      {
                        "id": "c",
                        "text": "4"
                      },
                      {
                        "id": "d",
                        "text": "6"
                      }
                    ],
                    "correct_answer": {
                      "ids": [
                        "a"
                      ],
                      "text": "0"
                    },
                    "question_type": "mcq_single",
                    "difficulty_level": "easy",
                    "explanation_html": "<p>For a number to end with the digit 0, its prime factorization must contain both 2 and 5.<br>The prime factorization of 8 is 2³.<br>Therefore, the prime factorization of 8ⁿ is (2³)ⁿ = 2³ⁿ.<br>Since the prime factorization of 8ⁿ only contains the prime factor 2 and does not contain the prime factor 5, it can never end with the digit 0.</p>"
                  }
                ]
              },
              {
                "chapter_name": "Statistics",
                "questions": [
                  {
                    "question_no": 11,
                    "question_html": "<p>The median of first seven prime numbers is</p>",
                    "options": [
                      {
                        "id": "a",
                        "text": "5"
                      },
                      {
                        "id": "b",
                        "text": "7"
                      },
                      {
                        "id": "c",
                        "text": "11"
                      },
                      {
                        "id": "d",
                        "text": "13"
                      }
                    ],
                    "correct_answer": {
                      "ids": [
                        "b"
                      ],
                      "text": "7"
                    },
                    "question_type": "mcq_single",
                    "difficulty_level": "easy",
                    "explanation_html": "<p>First, list the first seven prime numbers in ascending order.<br>The prime numbers are 2, 3, 5, 7, 11, 13, 17.<br>The median is the middle value in an ordered data set.<br>Since there are 7 numbers (an odd count), the median is the (n+1)/2-th term, which is the (7+1)/2 = 4th term.<br>The 4th term in the list is 7.</p>"
                  }
                ]
              },
              {
                "chapter_name": "Coordinate Geometry",
                "questions": [
                  {
                    "question_no": 12,
                    "question_html": "<p>If (2, 4) is the mid-point of the line-segment joining (6, 3) and (a, 5), then the value of a is</p>",
                    "options": [
                      {
                        "id": "a",
                        "text": "2"
                      },
                      {
                        "id": "b",
                        "text": "4"
                      },
                      {
                        "id": "c",
                        "text": "-4"
                      },
                      {
                        "id": "d",
                        "text": "-2"
                      }
                    ],
                    "correct_answer": {
                      "ids": [
                        "d"
                      ],
                      "text": "-2"
                    },
                    "question_type": "mcq_single",
                    "difficulty_level": "easy",
                    "explanation_html": "<p>The midpoint formula for a line segment with endpoints (x₁, y₁) and (x₂, y₂) is ((x₁+x₂)/2, (y₁+y₂)/2).<br>We are given the midpoint (2, 4) and the endpoints (6, 3) and (a, 5).<br>Let's use the x-coordinate of the midpoint:<br>2 = (6 + a) / 2<br>4 = 6 + a<br>a = 4 - 6 = -2.</p>"
                  }
                ]
              },
              {
                "chapter_name": "Pair of Linear Equations in Two Variables",
                "questions": [
                  {
                    "question_no": 13,
                    "question_html": "<p>The value of 'k' for which the system of equations kx + 2y = 5 and 3x + 4y = 1 have no solution, is</p>",
                    "options": [
                      {
                        "id": "a",
                        "text": "k = 3/2"
                      },
                      {
                        "id": "b",
                        "text": "k ≠ 3/2"
                      },
                      {
                        "id": "c",
                        "text": "k ≠ 2/3"
                      },
                      {
                        "id": "d",
                        "text": "k = 15"
                      }
                    ],
                    "correct_answer": {
                      "ids": [
                        "a"
                      ],
                      "text": "k = 3/2"
                    },
                    "question_type": "mcq_single",
                    "difficulty_level": "medium",
                    "explanation_html": "<p>For a system of linear equations a₁x + b₁y = c₁ and a₂x + b₂y = c₂ to have no solution, the lines must be parallel. The condition for this is:<br>a₁/a₂ = b₁/b₂ ≠ c₁/c₂<br>From the given equations, a₁=k, b₁=2, c₁=5 and a₂=3, b₂=4, c₂=1.<br>Setting up the first part of the condition:<br>k/3 = 2/4<br>k/3 = 1/2<br>k = 3/2.<br>We should also check that this value does not satisfy the second part: b₁/b₂ ≠ c₁/c₂. <br>2/4 ≠ 5/1, which is true. So the condition for no solution is met when k = 3/2.</p>"
                  }
                ]
              },
              {
                "chapter_name": "Circles",
                "questions": [
                  {
                    "question_no": 14,
                    "question_html": "<p>In the given figure, PQ and PR are tangents drawn from P to the circle with centre O such that ∠QPR = 65°. The measure of ∠QOR is.</p>",
                    "images": [
                      {
                        "url": "https://img.testbuddyai.com/Maths-430-6-23-Q14.png"
                      }
                    ],
                    "options": [
                      {
                        "id": "a",
                        "text": "65°"
                      },
                      {
                        "id": "b",
                        "text": "125°"
                      },
                      {
                        "id": "c",
                        "text": "115°"
                      },
                      {
                        "id": "d",
                        "text": "90°"
                      }
                    ],
                    "correct_answer": {
                      "ids": [
                        "c"
                      ],
                      "text": "115°"
                    },
                    "question_type": "mcq_single",
                    "difficulty_level": "medium",
                    "explanation_html": "<p>In the quadrilateral OQPR, the sum of the interior angles is 360°.<br>The radius is perpendicular to the tangent at the point of contact. Therefore, the angle between the radius OQ and the tangent PQ is 90° (∠OQP = 90°). Similarly, the angle between the radius OR and the tangent PR is 90° (∠ORP = 90°).<br>We have: ∠OQP + ∠QPR + ∠ORP + ∠QOR = 360°.<br>Substituting the known values:<br>90° + 65° + 90° + ∠QOR = 360°<br>245° + ∠QOR = 360°<br>∠QOR = 360° - 245° = 115°.</p>"
                  }
                ]
              },
              {
                "chapter_name": "Quadratic Equations",
                "questions": [
                  {
                    "question_no": 15,
                    "question_html": "<p>The zeroes of the quadratic polynomial 16x² – 9 are :</p>",
                    "options": [
                      {
                        "id": "a",
                        "text": "3/4, 3/4"
                      },
                      {
                        "id": "b",
                        "text": "-3/4, 3/4"
                      },
                      {
                        "id": "c",
                        "text": "9/16, 9/16"
                      },
                      {
                        "id": "d",
                        "text": "-3/4, -3/4"
                      }
                    ],
                    "correct_answer": {
                      "ids": [
                        "b"
                      ],
                      "text": "-3/4, 3/4"
                    },
                    "question_type": "mcq_single",
                    "difficulty_level": "easy",
                    "explanation_html": "<p>To find the zeroes, we set the polynomial equal to zero: 16x² – 9 = 0.<br>This is in the form of a difference of squares, a² - b², which factors into (a-b)(a+b).<br>16x² can be written as (4x)², and 9 can be written as 3².<br>So, (4x)² - 3² = 0<br>(4x - 3)(4x + 3) = 0.<br>This gives two solutions:<br>4x - 3 = 0  => 4x = 3 => x = 3/4.<br>4x + 3 = 0 => 4x = -3 => x = -3/4.<br>The zeroes are -3/4 and 3/4.</p>"
                  }
                ]
              },
              {
                "chapter_name": "Arithmetic Progressions",
                "questions": [
                  {
                    "question_no": 16,
                    "question_html": "<p>If –5, x, 3 are three consecutive terms of an A.P., then the value of x is</p>",
                    "options": [
                      {
                        "id": "a",
                        "text": "-2"
                      },
                      {
                        "id": "b",
                        "text": "2"
                      },
                      {
                        "id": "c",
                        "text": "1"
                      },
                      {
                        "id": "d",
                        "text": "-1"
                      }
                    ],
                    "correct_answer": {
                      "ids": [
                        "d"
                      ],
                      "text": "-1"
                    },
                    "question_type": "mcq_single",
                    "difficulty_level": "easy",
                    "explanation_html": "<p>If three terms are in an Arithmetic Progression (A.P.), the middle term is the arithmetic mean of the other two terms.<br>So, x = (-5 + 3) / 2.<br>x = -2 / 2 = -1.<br>Alternatively, the common difference must be the same between consecutive terms: <br>x - (-5) = 3 - x<br>x + 5 = 3 - x<br>2x = 3 - 5<br>2x = -2<br>x = -1.</p>"
                  }
                ]
              },
              {
                "chapter_name": "Probability",
                "questions": [
                  {
                    "question_no": 17,
                    "question_html": "<p>An unbiased die is thrown. The probability of getting an odd prime number is</p>",
                    "options": [
                      {
                        "id": "a",
                        "text": "1/6"
                      },
                      {
                        "id": "b",
                        "text": "1/2"
                      },
                      {
                        "id": "c",
                        "text": "2/3"
                      },
                      {
                        "id": "d",
                        "text": "1/3"
                      }
                    ],
                    "correct_answer": {
                      "ids": [
                        "d"
                      ],
                      "text": "1/3"
                    },
                    "question_type": "mcq_single",
                    "difficulty_level": "easy",
                    "explanation_html": "<p>The sample space for a single die throw is S = {1, 2, 3, 4, 5, 6}. Total possible outcomes = 6.<br>The prime numbers in this set are {2, 3, 5}.<br>The odd prime numbers among these are {3, 5}.<br>The number of favorable outcomes is 2.<br>The probability = (Number of favorable outcomes) / (Total number of outcomes) = 2/6 = 1/3.</p>"
                  }
                ]
              },
              {
                "chapter_name": "Statistics",
                "questions": [
                  {
                    "question_no": 18,
                    "question_html": "<p>If the mean of 6, 7, x, 8, y, 14 is 9, then</p>",
                    "options": [
                      {
                        "id": "a",
                        "text": "x + y = 21"
                      },
                      {
                        "id": "b",
                        "text": "x + y = 19"
                      },
                      {
                        "id": "c",
                        "text": "x - y = 19"
                      },
                      {
                        "id": "d",
                        "text": "x - y = 21"
                      }
                    ],
                    "correct_answer": {
                      "ids": [
                        "b"
                      ],
                      "text": "x + y = 19"
                    },
                    "question_type": "mcq_single",
                    "difficulty_level": "medium",
                    "explanation_html": "<p>The mean (average) of a set of numbers is the sum of the numbers divided by the count of the numbers.<br>The numbers are 6, 7, x, 8, y, 14. There are 6 numbers in total.<br>The sum of the numbers is 6 + 7 + x + 8 + y + 14 = 35 + x + y.<br>The mean is given as 9.<br>Mean = (Sum of numbers) / (Count of numbers)<br>9 = (35 + x + y) / 6<br>9 × 6 = 35 + x + y<br>54 = 35 + x + y<br>x + y = 54 - 35<br>x + y = 19.</p>"
                  }
                ]
              },
              {
                "chapter_name": "Probability",
                "questions": [
                  {
                    "question_no": 19,
                    "question_html": "<p><strong>Assertion (A):</strong> The probability that a leap year has 53 Sundays is 2/7.<br><strong>Reason (R):</strong> The probability that a non-leap year has 53 Sundays is 1/7.</p>",
                    "options": [
                      {
                        "id": "a",
                        "text": "Both Assertion (A) and Reason (R) are true; and Reason (R) is the correct explanation of Assertion (A)."
                      },
                      {
                        "id": "b",
                        "text": "Both Assertion (A) and Reason (R) are true, but Reason (R) is not the correct explanation of Assertion (A)."
                      },
                      {
                        "id": "c",
                        "text": "Assertion (A) is true, but Reason (R) is false."
                      },
                      {
                        "id": "d",
                        "text": "Assertion (A) is false, but Reason (R) is true."
                      }
                    ],
                    "correct_answer": {
                      "ids": [
                        "b"
                      ],
                      "text": "Both Assertion (A) and Reason (R) are true, but Reason (R) is not the correct explanation of Assertion (A)."
                    },
                    "question_type": "mcq_single",
                    "difficulty_level": "medium",
                    "explanation_html": "<p><strong>Assertion (A):</strong> A leap year has 366 days. 366 = 52 weeks + 2 days. These 2 extra days can be (Sun, Mon), (Mon, Tue), (Tue, Wed), (Wed, Thu), (Thu, Fri), (Fri, Sat), or (Sat, Sun). There are 7 possibilities. For there to be 53 Sundays, one of these two days must be a Sunday. This occurs in 2 out of the 7 cases. So, the probability is 2/7. Assertion (A) is true.<br><strong>Reason (R):</strong> A non-leap year has 365 days. 365 = 52 weeks + 1 day. This 1 extra day can be any of the 7 days of the week. For there to be 53 Sundays, this day must be a Sunday. The probability is 1/7. Reason (R) is true.<br><strong>Analysis:</strong> Both statements are independently true facts about probability. However, the probability for a non-leap year (Reason R) does not explain or prove the probability for a leap year (Assertion A). They are separate calculations. Thus, (R) is not the correct explanation for (A).</p>"
                  }
                ]
              },
              {
                "chapter_name": "Introduction to Trigonometry",
                "questions": [
                  {
                    "question_no": 20,
                    "question_html": "<p><strong>Assertion (A) :</strong> For 0 < θ ≤ 90°, cosec θ – cot θ and cosec θ + cot θ are reciprocal of each other.<br><strong>Reason (R):</strong> cot²θ – cosec²θ = 1</p>",
                    "options": [
                      {
                        "id": "a",
                        "text": "Both Assertion (A) and Reason (R) are true; and Reason (R) is the correct explanation of Assertion (A)."
                      },
                      {
                        "id": "b",
                        "text": "Both Assertion (A) and Reason (R) are true, but Reason (R) is not the correct explanation of Assertion (A)."
                      },
                      {
                        "id": "c",
                        "text": "Assertion (A) is true, but Reason (R) is false."
                      },
                      {
                        "id": "d",
                        "text": "Assertion (A) is false, but Reason (R) is true."
                      }
                    ],
                    "correct_answer": {
                      "ids": [
                        "c"
                      ],
                      "text": "Assertion (A) is true, but Reason (R) is false."
                    },
                    "question_type": "mcq_single",
                    "difficulty_level": "medium",
                    "explanation_html": "<p><strong>Assertion (A):</strong> Two numbers are reciprocals if their product is 1. Let's check the product: (cosec θ – cot θ)(cosec θ + cot θ). This is in the form (a-b)(a+b) = a² - b². So, the product is cosec²θ – cot²θ. From the Pythagorean identity 1 + cot²θ = cosec²θ, we can rearrange it to cosec²θ – cot²θ = 1. Since their product is 1, they are reciprocals of each other. Assertion (A) is true.<br><strong>Reason (R):</strong> The statement is cot²θ – cosec²θ = 1. As shown above, the correct identity is cosec²θ – cot²θ = 1. Therefore, cot²θ – cosec²θ = -1. The Reason (R) is false.</p>"
                  }
                ]
              },
              {
                "chapter_name": "Introduction to Trigonometry",
                "questions": [
                  {
                    "question_no": 21,
                    "question_html": "<p>Evaluate : 5 cosec² 45° – 3 sin² 90° + 5 cos 0°.</p>",
                    "options": [],
                    "correct_answer": {
                      "text": "<p>We substitute the standard trigonometric values:<br>cosec 45° = √2<br>sin 90° = 1<br>cos 0° = 1<br>The expression becomes:<br>= 5(√2)² - 3(1)² + 5(1)<br>= 5(2) - 3(1) + 5<br>= 10 - 3 + 5<br>= 12.</p>"
                    },
                    "question_type": "Very Short Answer (2 marks)",
                    "difficulty_level": "easy",
                    "explanation_html": null
                  }
                ]
              },
              {
                "chapter_name": "Polynomials",
                "questions": [
                  {
                    "question_no": 22,
                    "question_html": "<p><b>(a)</b> Find a quadratic polynomial whose zeroes are 6 and –3.</p><p><b>OR</b></p><p><b>(b)</b> Find the zeroes of the polynomial x² + 4x – 12.</p>",
                    "options": [],
                    "correct_answer": {
                      "text": "<p><b>(a)</b> Let the zeroes be α = 6 and β = -3.<br>Sum of zeroes = α + β = 6 + (-3) = 3.<br>Product of zeroes = αβ = 6 × (-3) = -18.<br>The quadratic polynomial is given by the formula: k[x² – (sum of zeroes)x + (product of zeroes)].<br>For k=1, the polynomial is x² - (3)x + (-18) = x² - 3x - 18.</p><hr><p><b>(b)</b> To find the zeroes, we set the polynomial equal to zero: x² + 4x – 12 = 0.<br>We can factor the quadratic by splitting the middle term:<br>x² + 6x - 2x - 12 = 0<br>x(x + 6) - 2(x + 6) = 0<br>(x - 2)(x + 6) = 0.<br>The zeroes are x = 2 and x = -6.</p>"
                    },
                    "question_type": "Very Short Answer (2 marks)",
                    "difficulty_level": "easy",
                    "explanation_html": null
                  }
                ]
              },
              {
                "chapter_name": "Quadratic Equations",
                "questions": [
                  {
                    "question_no": 23,
                    "question_html": "<p><b>(a)</b> Find the value of k for which the roots of the quadratic equation 5x² – 10x + k = 0 are real and equal.</p><p><b>OR</b></p><p><b>(b)</b> If one root of the quadratic equation 3x² – 8x – (2k + 1) = 0 is seven times the other, then find the value of k.</p>",
                    "options": [],
                    "correct_answer": {
                      "text": "<p><b>(a)</b> For the roots of a quadratic equation ax² + bx + c = 0 to be real and equal, the discriminant (D) must be zero.<br>D = b² - 4ac = 0.<br>In the given equation, a = 5, b = -10, and c = k.<br>So, (-10)² - 4(5)(k) = 0<br>100 - 20k = 0<br>100 = 20k<br>k = 100 / 20 = 5.</p><hr><p><b>(b)</b> Let the roots be α and 7α.<br>For the equation 3x² – 8x – (2k + 1) = 0, we have a=3, b=-8, c=-(2k+1).<br>Sum of the roots: α + 7α = -b/a => 8α = -(-8)/3 => 8α = 8/3 => α = 1/3.<br>Product of the roots: α(7α) = c/a => 7α² = -(2k+1)/3.<br>Substitute α = 1/3 into the product equation:<br>7(1/3)² = -(2k+1)/3<br>7(1/9) = -(2k+1)/3<br>7/3 = -(2k+1)<br>-7/3 = 2k + 1<br>2k = -7/3 - 1 = -10/3<br>k = -5/3.</p>"
                    },
                    "question_type": "Very Short Answer (2 marks)",
                    "difficulty_level": "hard",
                    "explanation_html": null
                  }
                ]
              },
              {
                "chapter_name": "Probability",
                "questions": [
                  {
                    "question_no": 24,
                    "question_html": "<p>A box contains 20 discs which are numbered from 1 to 20. If one disc is drawn at random from the box, then find the probability that the number on the drawn disc is a (i) 2-digit number (ii) number less than 10</p>",
                    "options": [],
                    "correct_answer": {
                      "text": "<p>Total number of outcomes = 20.<br>(i) The 2-digit numbers are from 10 to 20. These are {10, 11, 12, 13, 14, 15, 16, 17, 18, 19, 20}. Number of favorable outcomes = 11.<br>Probability (2-digit number) = 11/20.<br>(ii) The numbers less than 10 are from 1 to 9. These are {1, 2, 3, 4, 5, 6, 7, 8, 9}. Number of favorable outcomes = 9.<br>Probability (number less than 10) = 9/20.</p>"
                    },
                    "question_type": "Very Short Answer (2 marks)",
                    "difficulty_level": "easy",
                    "explanation_html": null
                  }
                ]
              },
              {
                "chapter_name": "Circles",
                "questions": [
                  {
                    "question_no": 25,
                    "question_html": "<p>From a point P, the length of the tangent to a circle is 24 cm and the distance of P from the centre of the circle is 25 cm. Find the radius of the circle.</p>",
                    "options": [],
                    "correct_answer": {
                      "text": "<p>Let O be the center of the circle and T be the point of tangency. We have a right-angled triangle OTP, with the right angle at T (since the radius is perpendicular to the tangent at the point of contact).<br>The distance from P to the center, OP, is the hypotenuse = 25 cm.<br>The length of the tangent, PT = 24 cm.<br>The radius of the circle is OT.<br>By the Pythagorean theorem: OT² + PT² = OP²<br>OT² + 24² = 25²<br>OT² + 576 = 625<br>OT² = 625 - 576 = 49<br>OT = √49 = 7 cm.<br>The radius of the circle is 7 cm.</p>"
                    },
                    "question_type": "Very Short Answer (2 marks)",
                    "difficulty_level": "easy",
                    "explanation_html": null
                  }
                ]
              },
              {
                "chapter_name": "Quadratic Equations",
                "questions": [
                  {
                    "question_no": 26,
                    "question_html": "<p>The sum of the reciprocals of Varun's age (in years) 3 years ago and 5 years from now is 1/3. Find his present age.</p>",
                    "options": [],
                    "correct_answer": {
                      "text": "<p>Let Varun's present age be x years.<br>His age 3 years ago was (x-3) years.<br>His age 5 years from now will be (x+5) years.<br>The reciprocals are 1/(x-3) and 1/(x+5).<br>According to the problem, the sum of the reciprocals is 1/3:<br>1/(x-3) + 1/(x+5) = 1/3<br>[(x+5) + (x-3)] / [(x-3)(x+5)] = 1/3<br>(2x + 2) / (x² + 2x - 15) = 1/3<br>3(2x + 2) = 1(x² + 2x - 15)<br>6x + 6 = x² + 2x - 15<br>x² - 4x - 21 = 0<br>Factoring the quadratic equation:<br>(x - 7)(x + 3) = 0<br>The possible values for x are 7 and -3. Since age cannot be negative, we discard -3.<br>Varun's present age is 7 years.</p>"
                    },
                    "question_type": "Short Answer (3 marks)",
                    "difficulty_level": "medium",
                    "explanation_html": null
                  }
                ]
              },
              {
                "chapter_name": "Statistics",
                "questions": [
                  {
                    "question_no": 27,
                    "question_html": "<p>A survey conducted on 20 households in a locality by a group of students resulted in the following frequency table for the number of family members in a household :<br>Family size: 1-3, 3-5, 5-7, 7-9, 9-11<br>Number of Families: 7, 8, 2, 2, 1<br>Find the median of this data.</p>",
                    "options": [],
                    "correct_answer": {
                      "text": "<p>First, we create a cumulative frequency (cf) table:<br>| Family size | Frequency (f) | Cumulative Frequency (cf) |<br>|-------------|---------------|---------------------------|<br>| 1-3         | 7             | 7                         |<br>| 3-5         | 8             | 15                        |<br>| 5-7         | 2             | 17                        |<br>| 7-9         | 2             | 19                        |<br>| 9-11        | 1             | 20                        |<br>Total number of households N = 20. So, N/2 = 10.<br>The median class is the class whose cumulative frequency is just greater than 10, which is the class 3-5 (cf=15).<br>Lower limit of the median class (l) = 3<br>Frequency of the median class (f) = 8<br>Cumulative frequency of the class preceding the median class (cf) = 7<br>Class size (h) = 2<br>Median = l + [(N/2 - cf)/f] × h<br>Median = 3 + [(10 - 7)/8] × 2<br>Median = 3 + (3/8) × 2 = 3 + 6/8 = 3 + 0.75 = 3.75.</p>"
                    },
                    "question_type": "Short Answer (3 marks)",
                    "difficulty_level": "medium",
                    "explanation_html": null
                  }
                ]
              },
              {
                "chapter_name": "Triangles",
                "questions": [
                  {
                    "question_no": 28,
                    "question_html": "<p><b>(a)</b> E is a point on the side AD produced of a parallelogram ABCD and BE intersects CD at F. Show that ΔABE ~ ΔCFB.</p><p><b>OR</b></p><p><b>(b)</b> In the given figure, CM and RN are respectively the medians of ΔABC and ΔPQR. If ΔABC ~ ΔPQR, then prove that ΔAMC ~ ΔPNR.</p>",
                    "images": [
                      {
                        "url": "https://img.testbuddyai.com/Maths-430-6-23-Q28a.png"
                      }
                    ],
                    "options": [],
                    "correct_answer": {
                      "text": "<p><b>(a)</b> In parallelogram ABCD, AD is parallel to BC. Since AD is produced to E, AE is also parallel to BC.<br>Also, AB is parallel to DC (or FC).<br>Now, consider triangles ΔABE and ΔCFB.<br>1. ∠AEB = ∠CBF (Alternate interior angles, since AE || BC and BE is the transversal).<br>2. ∠A = ∠C (Opposite angles of a parallelogram are equal).<br>Since two angles of ΔABE are equal to two corresponding angles of ΔCFB, the two triangles are similar by the Angle-Angle (AA) similarity criterion.<br>Therefore, ΔABE ~ ΔCFB.</p><hr><p><b>(b)</b> Given that ΔABC ~ ΔPQR.<br>This similarity implies two conditions:<br>1. Corresponding angles are equal: ∠A = ∠P, ∠B = ∠Q, ∠C = ∠R.<br>2. The ratio of corresponding sides is equal: AB/PQ = BC/QR = AC/PR.<br>Since CM and RN are medians, M is the midpoint of AB and N is the midpoint of PQ. So, AM = (1/2)AB and PN = (1/2)PQ.<br>From the side ratio, AB/PQ = AC/PR. We can write this as (2AM)/(2PN) = AC/PR, which simplifies to AM/PN = AC/PR.<br>Now, consider triangles ΔAMC and ΔPNR.<br>We have shown that the ratio of two pairs of corresponding sides are equal: AM/PN = AC/PR.<br>The angle included between these sides in ΔAMC is ∠A, and in ΔPNR is ∠P.<br>From the similarity of the larger triangles, we know ∠A = ∠P.<br>Therefore, by the Side-Angle-Side (SAS) similarity criterion, ΔAMC ~ ΔPNR.</p>"
                    },
                    "question_type": "Short Answer (3 marks)",
                    "difficulty_level": "hard",
                    "explanation_html": null
                  }
                ]
              },
              {
                "chapter_name": "Coordinate Geometry",
                "questions": [
                  {
                    "question_no": 29,
                    "question_html": "<p>Find the co-ordinates of the points of trisection of the line-segment joining the points (5, 3) and (4, 5).</p>",
                    "options": [],
                    "correct_answer": {
                      "text": "<p>Let the given points be A(5, 3) and B(4, 5).<br>The points of trisection, let's call them C and D, divide the line segment AB into three equal parts.<br>Point C divides AB in the ratio 1:2. Using the section formula:<br>C(x, y) = [(1×4 + 2×5)/(1+2), (1×5 + 2×3)/(1+2)]<br>C = [(4 + 10)/3, (5 + 6)/3] = (14/3, 11/3).<br>Point D divides AB in the ratio 2:1. Using the section formula:<br>D(x, y) = [(2×4 + 1×5)/(2+1), (2×5 + 1×3)/(2+1)]<br>D = [(8 + 5)/3, (10 + 3)/3] = (13/3, 13/3).</p>"
                    },
                    "question_type": "Short Answer (3 marks)",
                    "difficulty_level": "medium",
                    "explanation_html": null
                  }
                ]
              },
              {
                "chapter_name": "Real Numbers",
                "questions": [
                  {
                    "question_no": 30,
                    "question_html": "<p>Prove that 3 – 2√5 is an irrational number, given that √5 is an irrational number.</p>",
                    "options": [],
                    "correct_answer": {
                      "text": "<p>We will use the proof by contradiction method.<br>Let us assume that 3 – 2√5 is a rational number. Let it be equal to 'r'.<br>3 – 2√5 = r, where r is rational.<br>Rearranging the equation to isolate the irrational part:<br>3 - r = 2√5<br>√5 = (3 - r) / 2.<br>Since r is a rational number, (3 - r) is also rational. Dividing a rational number by a non-zero rational number (2) also results in a rational number. So, (3 - r) / 2 is rational.<br>This implies that √5 is a rational number. However, this contradicts the given information that √5 is an irrational number.<br>This contradiction arises because of our initial incorrect assumption.<br>Therefore, 3 – 2√5 must be an irrational number.</p>"
                    },
                    "question_type": "Short Answer (3 marks)",
                    "difficulty_level": "medium",
                    "explanation_html": null
                  }
                ]
              },
              {
                "chapter_name": "Introduction to Trigonometry",
                "questions": [
                  {
                    "question_no": 31,
                    "question_html": "<p><b>(a)</b> Prove that (cot A – cos A) / (cot A + cos A) = cos²A / (1 + sin A)²</p><p><b>OR</b></p><p><b>(b)</b> Prove that (sec θ + tan θ) (1 – sin θ) = cos θ</p>",
                    "options": [],
                    "correct_answer": {
                      "text": "<p><b>(a)</b> LHS = (cot A – cos A) / (cot A + cos A)<br>Substitute cot A = cos A / sin A:<br>= [(cos A / sin A) – cos A] / [(cos A / sin A) + cos A]<br>Factor out cos A from the numerator and the denominator:<br>= [cos A (1/sin A – 1)] / [cos A (1/sin A + 1)]<br>= (1/sin A – 1) / (1/sin A + 1)<br>= [(1 - sin A)/sin A] / [(1 + sin A)/sin A]<br>= (1 - sin A) / (1 + sin A)<br>Multiply the numerator and denominator by (1 + sin A):<br>= [(1 - sin A)(1 + sin A)] / (1 + sin A)²<br>= (1 - sin²A) / (1 + sin A)²<br>Using the identity sin²A + cos²A = 1, we get 1 - sin²A = cos²A.<br>= cos²A / (1 + sin A)² = RHS.<br>Hence proved.</p><hr><p><b>(b)</b> LHS = (sec θ + tan θ) (1 – sin θ)<br>Express sec θ and tan θ in terms of sin θ and cos θ:<br>= (1/cos θ + sin θ/cos θ) (1 – sin θ)<br>= [(1 + sin θ)/cos θ] (1 – sin θ)<br>= [(1 + sin θ)(1 – sin θ)] / cos θ<br>Using the difference of squares identity (a+b)(a-b) = a² - b² in the numerator:<br>= (1² – sin²θ) / cos θ<br>= (1 – sin²θ) / cos θ<br>Using the Pythagorean identity sin²θ + cos²θ = 1, we know that 1 – sin²θ = cos²θ.<br>= cos²θ / cos θ<br>= cos θ = RHS.<br>Hence proved.</p>"
                    },
                    "question_type": "Short Answer (3 marks)",
                    "difficulty_level": "hard",
                    "explanation_html": null
                  }
                ]
              },
              {
                "chapter_name": "Some Applications of Trigonometry",
                "questions": [
                  {
                    "question_no": 32,
                    "question_html": "<p><b>(a)</b> From a point on a bridge across a river, the angles of depression of the banks on opposite sides of the river are 30° and 45° respectively. If the bridge is at a height of 3 m from the banks, find the width of the river. (Use √3 = 1.73)</p><p><b>OR</b></p><p><b>(b)</b> From a point on the ground, the angle of elevation of the bottom and top of a transmission tower fixed at the top of a 20 m high building are 45° and 60° respectively. Find the height of the tower. (Use √3 = 1.73)</p>",
                    "options": [],
                    "correct_answer": {
                      "text": "<p><b>(a)</b> Let P be the point on the bridge, and let the height of the bridge be PQ = 3 m. Let A and B be points on the opposite banks. The width of the river is AB = AQ + QB.<br>The angle of depression to bank A is 30°, so the alternate interior angle ∠PAQ = 30°.<br>In right ΔPQA, tan(30°) = PQ/AQ => 1/√3 = 3/AQ => AQ = 3√3 m.<br>The angle of depression to bank B is 45°, so the alternate interior angle ∠PBQ = 45°.<br>In right ΔPQB, tan(45°) = PQ/QB => 1 = 3/QB => QB = 3 m.<br>Width of the river AB = AQ + QB = 3√3 + 3 = 3(√3 + 1) m.<br>Using √3 = 1.73:<br>Width = 3(1.73 + 1) = 3(2.73) = 8.19 m.</p><hr><p><b>(b)</b> Let the building be AB with height 20 m. Let the tower fixed on top be BC with height h. Let D be the point on the ground.<br>The distance from the point to the building is AD.<br>The angle of elevation to the bottom of the tower (B) is 45°. In right ΔABD:<br>tan(45°) = AB/AD => 1 = 20/AD => AD = 20 m.<br>The angle of elevation to the top of the tower (C) is 60°. The total height is AC = 20 + h. In right ΔACD:<br>tan(60°) = AC/AD => √3 = (20 + h) / 20.<br>20√3 = 20 + h<br>h = 20√3 - 20 = 20(√3 - 1) m.<br>Using √3 = 1.73:<br>h = 20(1.73 - 1) = 20(0.73) = 14.6 m.</p>"
                    },
                    "question_type": "Long Answer (5 marks)",
                    "difficulty_level": "hard",
                    "explanation_html": null
                  }
                ]
              },
              {
                "chapter_name": "Arithmetic Progressions",
                "questions": [
                  {
                    "question_no": 33,
                    "question_html": "<p>The first term of an A.P. is 22, the last term is –6 and the sum of all the terms is 64. Find the number of terms of the A.P. Also, find the common difference.</p>",
                    "options": [],
                    "correct_answer": {
                      "text": "<p>Given: First term (a) = 22, Last term (l or aₙ) = -6, Sum of terms (Sₙ) = 64.<br>1. Find the number of terms (n):<br>We use the formula Sₙ = n/2 (a + l).<br>64 = n/2 (22 + (-6))<br>64 = n/2 (16)<br>64 = 8n<br>n = 64 / 8 = 8. There are 8 terms.<br>2. Find the common difference (d):<br>We use the formula for the last term, aₙ = a + (n-1)d.<br>-6 = 22 + (8-1)d<br>-6 = 22 + 7d<br>-6 - 22 = 7d<br>-28 = 7d<br>d = -28 / 7 = -4.</p>"
                    },
                    "question_type": "Long Answer (5 marks)",
                    "difficulty_level": "medium",
                    "explanation_html": null
                  }
                ]
              },
              {
                "chapter_name": "Surface Areas and Volumes",
                "questions": [
                  {
                    "question_no": 34,
                    "question_html": "<p>An ice-cream filled cone having radius 5 cm and height 10 cm is as shown in the figure. Find the volume of the ice-cream in 7 such cones.</p>",
                    "images": [
                      {
                        "url": "https://img.testbuddyai.com/Maths-430-6-23-Q34.png"
                      }
                    ],
                    "options": [],
                    "correct_answer": {
                      "text": "<p>The ice cream consists of a cone and a hemisphere on top. The figure implies the total height is 10 cm and the radius is 5 cm. This means the height of the conical part is 10 cm - 5 cm (radius of hemisphere) = 5 cm.<br>Radius (r) = 5 cm.<br>Height of cone (h) = 5 cm.<br>Volume of ice cream in one cone = Volume of cone + Volume of hemisphere.<br>V₁ = (1/3)πr²h + (2/3)πr³<br>V₁ = (1/3)πr²(h + 2r)<br>V₁ = (1/3) × (22/7) × 5² × (5 + 2×5)<br>V₁ = (1/3) × (22/7) × 25 × 15<br>V₁ = (22/7) × 25 × 5 = 2750/7 cm³.<br>Volume of ice cream in 7 cones = 7 × V₁<br>Total Volume = 7 × (2750/7) = 2750 cm³.</p>"
                    },
                    "question_type": "Long Answer (5 marks)",
                    "difficulty_level": "medium",
                    "explanation_html": null
                  }
                ]
              },
              {
                "chapter_name": "Triangles",
                "questions": [
                  {
                    "question_no": 35,
                    "question_html": "<p><b>(a)</b> Prove that a line drawn parallel to one side of a triangle to intersect the other two sides in distinct points, divides the two sides in the same ratio.</p><p><b>OR</b></p><p><b>(b)</b> In the given figure, QR/QS = QT/PR and ∠1 = ∠2. Prove that ΔPQS ~ ΔTQR.</p>",
                    "images": [
                      {
                        "url": "https://img.testbuddyai.com/Maths-430-6-23-Q35b.png"
                      }
                    ],
                    "options": [],
                    "correct_answer": {
                      "text": "<p><b>(a)</b> This is the Basic Proportionality Theorem (Thales's Theorem).<br>Given: A triangle ABC in which a line DE is drawn parallel to BC, intersecting AB at D and AC at E.<br>To Prove: AD/DB = AE/EC.<br>Construction: Join BE and CD. Draw DM ⊥ AC and EN ⊥ AB.<br>Proof: <br>Area(ΔADE) = 1/2 × base × height = 1/2 × AD × EN.<br>Area(ΔBDE) = 1/2 × DB × EN.<br>Ratio: Area(ΔADE) / Area(ΔBDE) = (1/2 × AD × EN) / (1/2 × DB × EN) = AD/DB. ---(1)<br>Similarly,<br>Area(ΔADE) = 1/2 × AE × DM.<br>Area(ΔDEC) = 1/2 × EC × DM.<br>Ratio: Area(ΔADE) / Area(ΔDEC) = (1/2 × AE × DM) / (1/2 × EC × DM) = AE/EC. ---(2)<br>Now, ΔBDE and ΔDEC are on the same base DE and between the same parallel lines DE and BC. Therefore, Area(ΔBDE) = Area(ΔDEC).<br>From this, the denominators of our ratios in (1) and (2) are equal. This means the ratios themselves must be equal.<br>Therefore, AD/DB = AE/EC. Hence proved.</p><hr><p><b>(b)</b> In ΔPQR, we are given that ∠1 = ∠2.<br>The sides opposite to equal angles in a triangle are equal. So, PR = PQ. ---(1)<br>We are also given the proportion: QR/QS = QT/PR.<br>Substitute PR = PQ from (1) into this proportion:<br>QR/QS = QT/PQ.<br>Rearranging this gives: PQ/QS = QT/QR.<br>Now, let's consider the triangles ΔPQS and ΔTQR.<br>1. We have shown that the ratio of two pairs of corresponding sides is equal: PQ/QS = QT/QR.<br>2. The angle included between these sides in both triangles is ∠Q, which is common to both. So, ∠PQS = ∠TQR.<br>Therefore, by the Side-Angle-Side (SAS) similarity criterion, ΔPQS ~ ΔTQR. Hence proved.</p>"
                    },
                    "question_type": "Long Answer (5 marks)",
                    "difficulty_level": "hard",
                    "explanation_html": null
                  }
                ]
              },
              {
                "chapter_name": "Areas Related to Circles",
                "questions": [
                  {
                    "question_no": 36,
                    "question_html": "<p>For 'Earth day' week, badges were made in the form of a circle inscribed in a square of side 8 cm.</p><p><b>(i)</b> What is the area of square ABCD?</p><p><b>(ii)</b> What is the length of diagonal AC of square ABCD?</p><p><b>(iii)</b> The image shows a sector OPRQO with a central angle of 90°. Find the area of sector OPRQO. (The radius is the radius of the inscribed circle).</p>",
                    "images": [
                      {
                        "url": "https://img.testbuddyai.com/Maths-430-6-23-Q36.png"
                      }
                    ],
                    "options": [],
                    "correct_answer": {
                      "text": "<p><b>(i)</b> The side length of the square ABCD is given as 8 cm.<br>The area of a square is calculated as (side)². <br>Area of square ABCD = 8² = 64 cm².</p><hr><p><b>(ii)</b> In a square with side 's', the length of the diagonal 'd' is given by d = s√2.<br>Side s = 8 cm.<br>Length of diagonal AC = 8√2 cm.<br>Alternatively, using the Pythagorean theorem in the right-angled triangle ABC: AC² = AB² + BC² = 8² + 8² = 64 + 64 = 128. AC = √128 = √(64×2) = 8√2 cm.</p><hr><p><b>(iii)</b> The circle is inscribed in a square of side 8 cm. The diameter of the inscribed circle is equal to the side of the square. Diameter = 8 cm. Therefore, the radius (r) of the circle is 4 cm.<br>The area of a sector is given by (θ/360°) × πr².<br>Given θ = 90° and r = 4 cm.<br>Area of sector OPRQO = (90/360) × (22/7) × 4² = (1/4) × (22/7) × 16 = 4 × 22 / 7 = 88/7 cm².</p>"
                    },
                    "question_type": "Case-based Subjective",
                    "difficulty_level": "medium",
                    "explanation_html": null
                  }
                ]
              },
              {
                "chapter_name": "Pair of Linear Equations in Two Variables",
                "questions": [
                  {
                    "question_no": 37,
                    "question_html": "<p>Lokesh hires a taxi. The taxi charges consist of a fixed charge together with the charge for the distance covered. For a distance of 10 km, Lokesh paid ₹ 105. For a journey of 15 km, the charge paid was ₹ 155.</p><p><b>(i)</b> What are the fixed charges?</p><p><b>(ii)</b> What are the charges per km?</p><p><b>(iii)</b> Find the total amount paid by Lokesh for travelling 10 km from home to office and 25 km from office to home. [Fixed charges and charges per km are as in (i) & (ii).</p>",
                    "images": [
                      {
                        "url": "https://img.testbuddyai.com/Maths-430-6-23-Q37.png"
                      }
                    ],
                    "options": [],
                    "correct_answer": {
                      "text": "<p>Let the fixed charge be ₹x and the charge per km be ₹y.<br>For a 10 km journey: x + 10y = 105  ---(1)<br>For a 15 km journey: x + 15y = 155  ---(2)<br>Subtracting equation (1) from (2):<br>(x + 15y) - (x + 10y) = 155 - 105<br>5y = 50 => y = 10.<br>Substitute y=10 into equation (1):<br>x + 10(10) = 105 => x + 100 = 105 => x = 5.<br><b>(i)</b> The fixed charge is ₹ 5.</p><hr><p><b>(ii)</b> The charge per km is ₹ 10.</p><hr><p><b>(iii)</b> The journey from home to office and from office to home are two separate trips, so a fixed charge applies to each trip.<br>Charge for 10 km trip = Fixed Charge + 10 × (Charge per km) = 5 + 10 × 10 = ₹ 105.<br>Charge for 25 km trip = Fixed Charge + 25 × (Charge per km) = 5 + 25 × 10 = 5 + 250 = ₹ 255.<br>Total amount paid = 105 + 255 = ₹ 360.<br>*(The marking scheme seems to interpret this as a single continuous trip with one fixed charge: Total amount = x + 10y + x + 25y = 2x + 35y = 2(5) + 35(10) = 10 + 350 = ₹ 360. Both interpretations lead to the same answer in this case, but it's important to clarify if the fixed charge is per ride or per day.)*</p>"
                    },
                    "question_type": "Case-based Subjective",
                    "difficulty_level": "hard",
                    "explanation_html": null
                  }
                ]
              },
              {
                "chapter_name": "Circles",
                "questions": [
                  {
                    "question_no": 38,
                    "question_html": "<p>A road starts from A, outside a circular village, and touches the boundary at B such that AB = 20 m. The distance of A from the centre O is 25 m.</p><p><b>(i)</b> If B is the mid-point of AC, then find the distance AC.</p><p><b>(ii)</b> Find the shortest distance of the road from the centre of the village.</p><p><b>(iii)</b> Find the circumference of the village.</p>",
                    "images": [
                      {
                        "url": "https://img.testbuddyai.com/Maths-430-6-23-Q38.png"
                      }
                    ],
                    "options": [],
                    "correct_answer": {
                      "text": "<p><b>(i)</b> The road is represented by the line segment AC. Point B lies on this line.<br>We are given that B is the midpoint of AC.<br>This means AB = BC.<br>Given AB = 20 m.<br>Therefore, BC = 20 m.<br>The total distance AC = AB + BC = 20 + 20 = 40 m.</p><hr><p><b>(ii)</b> The road AB is tangent to the circular village at point B.<br>The shortest distance from the center O to the tangent line AB is the radius OB.<br>We have a right-angled triangle ΔOBA with the right angle at B.<br>The hypotenuse is OA = 25 m.<br>One side is AB = 20 m.<br>By the Pythagorean theorem: OB² + AB² = OA²<br>OB² + 20² = 25²<br>OB² + 400 = 625<br>OB² = 225<br>OB = √225 = 15 m.<br>The shortest distance (the radius) is 15 m.</p><hr><p><b>(iii)</b> From the previous part, the radius of the circular village is r = 15 m.<br>The circumference of a circle is given by the formula C = 2πr.<br>C = 2 × π × 15 = 30π m.<br>If we use π ≈ 22/7, C = 30 × (22/7) = 660/7 ≈ 94.28 m.</p>"
                    },
                    "question_type": "Case-based Subjective",
                    "difficulty_level": "medium",
                    "explanation_html": null
                  }
                ]
              }
            ]
          }
        ]
      }
    ]
  }
]