[
  {
    "exam_name_actual": "CBSE Board - Class 10",
    "main_exam_id_name_ref": "CBSE Board - Class 10",
    "years": [
      {
        "year": "2023",
        "papers_or_subjects": [
          {
            "paper_name": "CBSE Class 10 Mathematics (Basic) Paper 2023 (QP Code: 430/2/1)",
            "subject_name": "Mathematics",
            "chapters": [
              {
                "chapter_name": "Arithmetic Progressions",
                "questions": [
                  {
                    "question_no": 1,
                    "question_html": "<p>How many terms are there in the A.P. given below ?</p><p>14, 19, 24, 29, ....., 119</p>",
                    "options": [
                      {
                        "id": "a",
                        "text": "18"
                      },
                      {
                        "id": "b",
                        "text": "14"
                      },
                      {
                        "id": "c",
                        "text": "22"
                      },
                      {
                        "id": "d",
                        "text": "21"
                      }
                    ],
                    "correct_answer": {
                      "ids": [
                        "c"
                      ]
                    },
                    "question_type": "mcq_single",
                    "difficulty_level": "easy",
                    "explanation_html": "<p>In the given A.P., the first term (a) is 14, the common difference (d) is 19 - 14 = 5, and the last term (a_n) is 119. Using the formula a_n = a + (n-1)d, we have 119 = 14 + (n-1)5. This simplifies to 105 = 5(n-1), so n-1 = 21, which means n = 22. There are 22 terms in the A.P.</p>"
                  }
                ]
              },
              {
                "chapter_name": "Coordinate Geometry",
                "questions": [
                  {
                    "question_no": 2,
                    "question_html": "<p>In what ratio does x-axis divide the line segment joining the points A(2, – 3) and B(5, 6) ?</p>",
                    "options": [
                      {
                        "id": "a",
                        "text": "2:3"
                      },
                      {
                        "id": "b",
                        "text": "2:1"
                      },
                      {
                        "id": "c",
                        "text": "3:4"
                      },
                      {
                        "id": "d",
                        "text": "1:2"
                      }
                    ],
                    "correct_answer": {
                      "ids": [
                        "d"
                      ]
                    },
                    "question_type": "mcq_single",
                    "difficulty_level": "medium",
                    "explanation_html": "<p>Let the ratio be k:1. The point of division on the x-axis has coordinates (x, 0). Using the section formula for the y-coordinate, we have y = (ky₂ + y₁)/(k+1). So, 0 = (k(6) + (-3))/(k+1). This gives 6k - 3 = 0, so 6k = 3, and k = 1/2. The ratio is 1:2.</p>"
                  }
                ]
              },
              {
                "chapter_name": "Introduction to Trigonometry",
                "questions": [
                  {
                    "question_no": 3,
                    "question_html": "<p>9 sec² A – 9 tan² A is equal to :</p>",
                    "options": [
                      {
                        "id": "a",
                        "text": "9"
                      },
                      {
                        "id": "b",
                        "text": "0"
                      },
                      {
                        "id": "c",
                        "text": "8"
                      },
                      {
                        "id": "d",
                        "text": "1/9"
                      }
                    ],
                    "correct_answer": {
                      "ids": [
                        "a"
                      ]
                    },
                    "question_type": "mcq_single",
                    "difficulty_level": "easy",
                    "explanation_html": "<p>We can factor out 9 from the expression: 9(sec²A - tan²A). Using the trigonometric identity sec²A - tan²A = 1, the expression becomes 9(1) = 9.</p>"
                  }
                ]
              },
              {
                "chapter_name": "Some Applications of Trigonometry",
                "questions": [
                  {
                    "question_no": 4,
                    "question_html": "<p>The string of a kite in air is 50 m long and it makes an angle of 60° with the horizontal. Assuming the string to be straight, the height of the kite from the ground is :</p>",
                    "options": [
                      {
                        "id": "a",
                        "text": "50√3 m"
                      },
                      {
                        "id": "b",
                        "text": "100/√3 m"
                      },
                      {
                        "id": "c",
                        "text": "50/√3 m"
                      },
                      {
                        "id": "d",
                        "text": "25√3 m"
                      }
                    ],
                    "correct_answer": {
                      "ids": [
                        "d"
                      ]
                    },
                    "question_type": "mcq_single",
                    "difficulty_level": "easy",
                    "explanation_html": "<p>Let 'h' be the height of the kite. The string forms the hypotenuse of a right-angled triangle. We have sin(60°) = opposite/hypotenuse = h/50. So, h = 50 × sin(60°) = 50 × (√3/2) = 25√3 m.</p>"
                  }
                ]
              },
              {
                "chapter_name": "Circles",
                "questions": [
                  {
                    "question_no": 5,
                    "question_html": "<p>From a point P, two tangents PQ and PR are drawn to a circle with centre at O. T is a point on the major arc QR of the circle. If ∠ QPR = 50°, then ∠ QTR equals :</p>",
                    "images": [
                      {
                        "url": "https://img.testbuddyai.com/Maths-430-2-23-Q5.png"
                      }
                    ],
                    "options": [
                      {
                        "id": "a",
                        "text": "50°"
                      },
                      {
                        "id": "b",
                        "text": "130°"
                      },
                      {
                        "id": "c",
                        "text": "65°"
                      },
                      {
                        "id": "d",
                        "text": "90°"
                      }
                    ],
                    "correct_answer": {
                      "ids": [
                        "c"
                      ]
                    },
                    "question_type": "mcq_single",
                    "difficulty_level": "medium",
                    "explanation_html": "<p>The angle subtended by an arc at the centre is double the angle subtended by it at any point on the remaining part of the circle. In quadrilateral PQOR, ∠OQP = ∠ORP = 90°. The sum of angles is 360°, so ∠QOR = 360° - 90° - 90° - 50° = 130°. Therefore, ∠QTR = (1/2)∠QOR = (1/2) × 130° = 65°.</p>"
                  }
                ]
              },
              {
                "chapter_name": "Areas Related to Circles",
                "questions": [
                  {
                    "question_no": 6,
                    "question_html": "<p>The area of a sector of angle α (in degrees) of a circle with radius R is :</p>",
                    "options": [
                      {
                        "id": "a",
                        "text": "(α/180) × 2πR"
                      },
                      {
                        "id": "b",
                        "text": "(α/360) × 2πR"
                      },
                      {
                        "id": "c",
                        "text": "(α/180) × πR²"
                      },
                      {
                        "id": "d",
                        "text": "(α/360) × πR²"
                      }
                    ],
                    "correct_answer": {
                      "ids": [
                        "d"
                      ]
                    },
                    "question_type": "mcq_single",
                    "difficulty_level": "easy",
                    "explanation_html": "<p>The area of the entire circle is πR². A sector is a fraction of the circle, determined by the angle α out of the total 360 degrees. Therefore, the formula for the area of the sector is (α/360) × πR².</p>"
                  }
                ]
              },
              {
                "chapter_name": "Real Numbers",
                "questions": [
                  {
                    "question_no": 7,
                    "question_html": "<p>If the HCF of 360 and 64 is 8, then their LCM is :</p>",
                    "options": [
                      {
                        "id": "a",
                        "text": "2480"
                      },
                      {
                        "id": "b",
                        "text": "2780"
                      },
                      {
                        "id": "c",
                        "text": "512"
                      },
                      {
                        "id": "d",
                        "text": "2880"
                      }
                    ],
                    "correct_answer": {
                      "ids": [
                        "d"
                      ]
                    },
                    "question_type": "mcq_single",
                    "difficulty_level": "easy",
                    "explanation_html": "<p>Using the property that the product of two numbers is equal to the product of their HCF and LCM: Number1 × Number2 = HCF × LCM. So, 360 × 64 = 8 × LCM. LCM = (360 × 64) / 8 = 360 × 8 = 2880.</p>"
                  }
                ]
              },
              {
                "chapter_name": "Surface Areas and Volumes",
                "questions": [
                  {
                    "question_no": 8,
                    "question_html": "<p>The curved surface area of a right circular cylinder of height 14 cm is 88 cm². The diameter of its circular base is :</p>",
                    "options": [
                      {
                        "id": "a",
                        "text": "2 cm"
                      },
                      {
                        "id": "b",
                        "text": "1 cm"
                      },
                      {
                        "id": "c",
                        "text": "4 cm"
                      },
                      {
                        "id": "d",
                        "text": "7 cm"
                      }
                    ],
                    "correct_answer": {
                      "ids": [
                        "a"
                      ]
                    },
                    "question_type": "mcq_single",
                    "difficulty_level": "easy",
                    "explanation_html": "<p>The formula for the curved surface area (CSA) of a cylinder is 2πrh. We are given CSA = 88 and h = 14. So, 88 = 2 × (22/7) × r × 14. This simplifies to 88 = 2 × 22 × r × 2, which is 88 = 88r. Therefore, r = 1 cm. The diameter is 2r = 2 cm.</p>"
                  }
                ]
              },
              {
                "chapter_name": "Probability",
                "questions": [
                  {
                    "question_no": 9,
                    "question_html": "<p>A die is rolled once. The probability that a composite number comes up, is :</p>",
                    "options": [
                      {
                        "id": "a",
                        "text": "1/2"
                      },
                      {
                        "id": "b",
                        "text": "2/3"
                      },
                      {
                        "id": "c",
                        "text": "1/3"
                      },
                      {
                        "id": "d",
                        "text": "0"
                      }
                    ],
                    "correct_answer": {
                      "ids": [
                        "c"
                      ]
                    },
                    "question_type": "mcq_single",
                    "difficulty_level": "easy",
                    "explanation_html": "<p>The possible outcomes when rolling a die are {1, 2, 3, 4, 5, 6}. The composite numbers (numbers with more than two factors) are {4, 6}. There are 2 composite numbers. The total number of outcomes is 6. The probability is 2/6 = 1/3.</p>"
                  }
                ]
              },
              {
                "chapter_name": "Quadratic Equations",
                "questions": [
                  {
                    "question_no": 10,
                    "question_html": "<p>If the quadratic equation 9x² + bx + 1/4 = 0 has equal roots, then the value of b is :</p>",
                    "options": [
                      {
                        "id": "a",
                        "text": "0"
                      },
                      {
                        "id": "b",
                        "text": "-3 only"
                      },
                      {
                        "id": "c",
                        "text": "3 only"
                      },
                      {
                        "id": "d",
                        "text": "±3"
                      }
                    ],
                    "correct_answer": {
                      "ids": [
                        "d"
                      ]
                    },
                    "question_type": "mcq_single",
                    "difficulty_level": "medium",
                    "explanation_html": "<p>For a quadratic equation to have equal roots, its discriminant (D) must be zero. D = b² - 4ac. In this equation, a=9, c=1/4. So, D = b² - 4(9)(1/4) = b² - 9. Setting D=0, we get b² - 9 = 0, which means b² = 9. Therefore, b = ±3.</p>"
                  }
                ]
              },
              {
                "chapter_name": "Surface Areas and Volumes",
                "questions": [
                  {
                    "question_no": 11,
                    "question_html": "<p>A solid is of the form of a cone of radius 'r' surmounted on a hemisphere of the same radius. If the height of the cone is the same as the diameter of its base, then the volume of the solid is :</p>",
                    "images": [
                      {
                        "url": "https://img.testbuddyai.com/Maths-430-2-23-Q11.png"
                      }
                    ],
                    "options": [
                      {
                        "id": "a",
                        "text": "πr³"
                      },
                      {
                        "id": "b",
                        "text": "(4/3)πr³"
                      },
                      {
                        "id": "c",
                        "text": "3πr³"
                      },
                      {
                        "id": "d",
                        "text": "(2/3)πr³"
                      }
                    ],
                    "correct_answer": {
                      "ids": [
                        "b"
                      ]
                    },
                    "question_type": "mcq_single",
                    "difficulty_level": "medium",
                    "explanation_html": "<p>The height of the cone (h) is equal to the diameter of its base, so h = 2r. The volume of the cone is (1/3)πr²h = (1/3)πr²(2r) = (2/3)πr³. The volume of the hemisphere is (2/3)πr³. The total volume of the solid is the sum of the volumes: (2/3)πr³ + (2/3)πr³ = (4/3)πr³.</p>"
                  }
                ]
              },
              {
                "chapter_name": "Polynomials",
                "questions": [
                  {
                    "question_no": 12,
                    "question_html": "<p>Graph of a polynomial p(x) is given in the figure. The number of zeroes of p(x) is :</p>",
                    "images": [
                      {
                        "url": "https://img.testbuddyai.com/Maths-430-2-23-Q12.png"
                      }
                    ],
                    "options": [
                      {
                        "id": "a",
                        "text": "2"
                      },
                      {
                        "id": "b",
                        "text": "3"
                      },
                      {
                        "id": "c",
                        "text": "4"
                      },
                      {
                        "id": "d",
                        "text": "5"
                      }
                    ],
                    "correct_answer": {
                      "ids": [
                        "a"
                      ]
                    },
                    "question_type": "mcq_single",
                    "difficulty_level": "easy",
                    "explanation_html": "<p>The zeroes of a polynomial are the x-coordinates of the points where its graph intersects the x-axis. The given graph intersects the x-axis at two distinct points. Therefore, the number of zeroes is 2.</p>"
                  }
                ]
              },
              {
                "chapter_name": "Pair of Linear Equations in Two Variables",
                "questions": [
                  {
                    "question_no": 13,
                    "question_html": "<p>The pair of linear equations x + 2y – 5 = 0 and 2x – 4y + 6 = 0 :</p>",
                    "options": [
                      {
                        "id": "a",
                        "text": "is inconsistent"
                      },
                      {
                        "id": "b",
                        "text": "is consistent with many solutions"
                      },
                      {
                        "id": "c",
                        "text": "is consistent with a unique solution"
                      },
                      {
                        "id": "d",
                        "text": "is consistent with two solutions"
                      }
                    ],
                    "correct_answer": {
                      "ids": [
                        "c"
                      ]
                    },
                    "question_type": "mcq_single",
                    "difficulty_level": "easy",
                    "explanation_html": "<p>We compare the ratios of the coefficients. For x + 2y - 5 = 0 and 2x - 4y + 6 = 0, we have a₁=1, b₁=2, c₁=-5 and a₂=2, b₂=-4, c₂=6.<br>a₁/a₂ = 1/2.<br>b₁/b₂ = 2/(-4) = -1/2.<br>Since a₁/a₂ ≠ b₁/b₂, the pair of lines intersects at exactly one point. Therefore, the system is consistent with a unique solution.</p>"
                  }
                ]
              },
              {
                "chapter_name": "Probability",
                "questions": [
                  {
                    "question_no": 14,
                    "question_html": "<p>Which of the following numbers cannot be the probability of an event?</p>",
                    "options": [
                      {
                        "id": "a",
                        "text": "0.5"
                      },
                      {
                        "id": "b",
                        "text": "5%"
                      },
                      {
                        "id": "c",
                        "text": "1/0.5"
                      },
                      {
                        "id": "d",
                        "text": "0.5/14"
                      }
                    ],
                    "correct_answer": {
                      "ids": [
                        "c"
                      ]
                    },
                    "question_type": "mcq_single",
                    "difficulty_level": "easy",
                    "explanation_html": "<p>The probability of an event must be a number between 0 and 1, inclusive. <br>(a) 0.5 is between 0 and 1. <br>(b) 5% = 0.05, which is between 0 and 1. <br>(c) 1/0.5 = 2, which is greater than 1. <br>(d) 0.5/14 ≈ 0.0357, which is between 0 and 1. <br>Therefore, 1/0.5 cannot be the probability of an event.</p>"
                  }
                ]
              },
              {
                "chapter_name": "Introduction to Trigonometry",
                "questions": [
                  {
                    "question_no": 15,
                    "question_html": "<p>The value of 2 sin² 30° + 3 tan² 60° – cos² 45° is :</p>",
                    "options": [
                      {
                        "id": "a",
                        "text": "3√3"
                      },
                      {
                        "id": "b",
                        "text": "19/2"
                      },
                      {
                        "id": "c",
                        "text": "9/4"
                      },
                      {
                        "id": "d",
                        "text": "9"
                      }
                    ],
                    "correct_answer": {
                      "ids": [
                        "d"
                      ]
                    },
                    "question_type": "mcq_single",
                    "difficulty_level": "medium",
                    "explanation_html": "<p>Substitute the standard trigonometric values: sin 30° = 1/2, tan 60° = √3, cos 45° = 1/√2.<br>The expression becomes 2(1/2)² + 3(√3)² - (1/√2)² = 2(1/4) + 3(3) - 1/2 = 1/2 + 9 - 1/2 = 9.</p>"
                  }
                ]
              },
              {
                "chapter_name": "Pair of Linear Equations in Two Variables",
                "questions": [
                  {
                    "question_no": 16,
                    "question_html": "<p>The lines represented by the linear equations y = x and x = 4 intersect at P. The coordinates of the point P are :</p>",
                    "images": [
                      {
                        "url": "https://img.testbuddyai.com/Maths-430-2-23-Q16.png"
                      }
                    ],
                    "options": [
                      {
                        "id": "a",
                        "text": "(4, 0)"
                      },
                      {
                        "id": "b",
                        "text": "(4, 4)"
                      },
                      {
                        "id": "c",
                        "text": "(0, 4)"
                      },
                      {
                        "id": "d",
                        "text": "(-4, 4)"
                      }
                    ],
                    "correct_answer": {
                      "ids": [
                        "b"
                      ]
                    },
                    "question_type": "mcq_single",
                    "difficulty_level": "easy",
                    "explanation_html": "<p>To find the point of intersection, we solve the system of equations. We are given x = 4. Substituting this value into the first equation y = x, we get y = 4. Therefore, the coordinates of the point of intersection P are (4, 4).</p>"
                  }
                ]
              },
              {
                "chapter_name": "Statistics",
                "questions": [
                  {
                    "question_no": 17,
                    "question_html": "<p>Median and Mode of a distribution are 25 and 21 respectively. Mean of the data using empirical relationship is :</p>",
                    "options": [
                      {
                        "id": "a",
                        "text": "27"
                      },
                      {
                        "id": "b",
                        "text": "29"
                      },
                      {
                        "id": "c",
                        "text": "18"
                      },
                      {
                        "id": "d",
                        "text": "29/3"
                      }
                    ],
                    "correct_answer": {
                      "ids": [
                        "a"
                      ]
                    },
                    "question_type": "mcq_single",
                    "difficulty_level": "easy",
                    "explanation_html": "<p>The empirical relationship between mean, median, and mode is: Mode = 3 Median - 2 Mean. Substituting the given values: 21 = 3(25) - 2 Mean. 21 = 75 - 2 Mean. 2 Mean = 75 - 21 = 54. Mean = 27.</p>"
                  }
                ]
              },
              {
                "chapter_name": "Introduction to Trigonometry",
                "questions": [
                  {
                    "question_no": 18,
                    "question_html": "<p>If tan A = 2/5, then the value of (1-cos²A)/(1-sin²A) is :</p>",
                    "options": [
                      {
                        "id": "a",
                        "text": "25/4"
                      },
                      {
                        "id": "b",
                        "text": "4/25"
                      },
                      {
                        "id": "c",
                        "text": "4/5"
                      },
                      {
                        "id": "d",
                        "text": "5/4"
                      }
                    ],
                    "correct_answer": {
                      "ids": [
                        "b"
                      ]
                    },
                    "question_type": "mcq_single",
                    "difficulty_level": "medium",
                    "explanation_html": "<p>Using the identities 1 - cos²A = sin²A and 1 - sin²A = cos²A, the expression simplifies to sin²A / cos²A, which is equal to tan²A. Given tan A = 2/5, tan²A = (2/5)² = 4/25.</p>"
                  }
                ]
              },
              {
                "chapter_name": "Polynomials",
                "questions": [
                  {
                    "question_no": 19,
                    "question_html": "<p><b>Assertion (A)</b> : Polynomial x² + 4x has two real zeroes.</p><p><b>Reason (R)</b> : Zeroes of the polynomial x² + ax (a ≠ 0) are 0 and a.</p>",
                    "options": [
                      {
                        "id": "a",
                        "text": "Both Assertion (A) and Reason (R) are true and Reason (R) is the correct explanation of the Assertion (A)."
                      },
                      {
                        "id": "b",
                        "text": "Both Assertion (A) and Reason (R) are true, but Reason (R) is not the correct explanation of the Assertion (A)."
                      },
                      {
                        "id": "c",
                        "text": "Assertion (A) is true, but Reason (R) is false."
                      },
                      {
                        "id": "d",
                        "text": "Assertion (A) is false, but Reason (R) is true."
                      }
                    ],
                    "correct_answer": {
                      "ids": [
                        "c"
                      ]
                    },
                    "question_type": "mcq_single",
                    "difficulty_level": "medium",
                    "explanation_html": "<p>Assertion (A): To find the zeroes of x² + 4x, we set it to 0: x(x+4) = 0. The zeroes are x=0 and x=-4. Since there are two distinct real numbers, the assertion is true.<br>Reason (R): To find the zeroes of x² + ax, we set it to 0: x(x+a) = 0. The zeroes are x=0 and x=-a. The reason states the zeroes are 0 and a, which is incorrect. Thus, Reason (R) is false.</p>"
                  }
                ]
              },
              {
                "chapter_name": "Probability",
                "questions": [
                  {
                    "question_no": 20,
                    "question_html": "<p><b>Assertion (A)</b>: The probability of getting a prime number, when a die is thrown once, is 2/3.</p><p><b>Reason (R)</b>: On the faces of a die, prime numbers are 2, 3, 5.</p>",
                    "options": [
                      {
                        "id": "a",
                        "text": "Both Assertion (A) and Reason (R) are true and Reason (R) is the correct explanation of the Assertion (A)."
                      },
                      {
                        "id": "b",
                        "text": "Both Assertion (A) and Reason (R) are true, but Reason (R) is not the correct explanation of the Assertion (A)."
                      },
                      {
                        "id": "c",
                        "text": "Assertion (A) is true, but Reason (R) is false."
                      },
                      {
                        "id": "d",
                        "text": "Assertion (A) is false, but Reason (R) is true."
                      }
                    ],
                    "correct_answer": {
                      "ids": [
                        "d"
                      ]
                    },
                    "question_type": "mcq_single",
                    "difficulty_level": "easy",
                    "explanation_html": "<p>Reason (R) is true, as the prime numbers on a standard die are indeed 2, 3, and 5. <br>Based on Reason (R), there are 3 prime numbers out of 6 possible outcomes. So the probability is 3/6 = 1/2. <br>Assertion (A) states the probability is 2/3, which is false. <br>Therefore, Assertion (A) is false, but Reason (R) is true.</p>"
                  }
                ]
              },
              {
                "chapter_name": "Triangles",
                "questions": [
                  {
                    "question_no": 21,
                    "question_html": "<p>In the given figure, DE || AC and BE/EC = BC/CP. Prove that DC || AP.</p>",
                    "images": [
                      {
                        "url": "https://img.testbuddyai.com/Maths-430-2-23-Q21.png"
                      }
                    ],
                    "options": [],
                    "correct_answer": {
                      "text": "<p><b>Given:</b> In ΔABP, DE || AC and BE/EC = BC/CP.</p><p><b>To Prove:</b> DC || AP.</p><p><b>Proof:</b></p><p>In ΔABC, since DE || AC, by the Basic Proportionality Theorem (BPT), we have:</p><p>BE / EC = BD / DA  ---(1)</p><p>It is also given that:</p><p>BE / EC = BC / CP  ---(2)</p><p>From equations (1) and (2), we get:</p><p>BD / DA = BC / CP</p><p>Now, consider the triangle ΔABP. The line segment DC intersects the sides AB and BP at points D and C respectively.</p><p>Since the line DC divides the sides AB and BP in the same ratio (BD/DA = BC/CP), by the converse of the Basic Proportionality Theorem, the line DC must be parallel to the third side AP.</p><p>Therefore, DC || AP.</p><p>Hence, proved.</p>"
                    },
                    "question_type": "Very Short Answer (2 marks)",
                    "difficulty_level": "medium",
                    "explanation_html": null
                  }
                ]
              },
              {
                "chapter_name": "Real Numbers",
                "questions": [
                  {
                    "question_no": 22,
                    "question_html": "<p>(a) Find the HCF of the numbers 540 and 630, using prime factorization method.</p><p>OR</p><p>(b) Show that (15)ⁿ cannot end with the digit 0 for any natural number 'n'.</p>",
                    "options": [],
                    "correct_answer": {
                      "text": "<p><b>Part (a)</b></p><p>To find the Highest Common Factor (HCF) of 540 and 630 using the prime factorization method, we first find the prime factors of each number.</p><p><b>Prime factorization of 540:</b></p><p>540 = 2 × 270 = 2 × 2 × 135 = 2² × 3 × 45 = 2² × 3 × 3 × 15 = 2² × 3³ × 5</p><p><b>Prime factorization of 630:</b></p><p>630 = 10 × 63 = (2 × 5) × (9 × 7) = 2 × 5 × 3² × 7</p><p>Now, we identify the common prime factors and take the lowest power of each.</p><ul><li>Common factor 2: Lowest power is 2¹</li><li>Common factor 3: Lowest power is 3²</li><li>Common factor 5: Lowest power is 5¹</li></ul><p>HCF(540, 630) = 2¹ × 3² × 5¹ = 2 × 9 × 5 = 90.</p><p>The HCF of 540 and 630 is 90.</p><p><b>Part (b) OR</b></p><p>To show that (15)ⁿ cannot end with the digit 0 for any natural number 'n'.</p><p>A number ends with the digit 0 if and only if its prime factorization contains both 2 and 5 as factors.</p><p>Let's find the prime factorization of 15:</p><p>15 = 3 × 5</p><p>Now, consider (15)ⁿ:</p><p>(15)ⁿ = (3 × 5)ⁿ = 3ⁿ × 5ⁿ</p><p>The prime factors of (15)ⁿ are only 3 and 5. For any natural number n, the prime factorization of (15)ⁿ will contain only powers of 3 and 5. It will never contain the prime factor 2.</p><p>Since the prime factorization of (15)ⁿ does not contain the factor 2, it cannot end with the digit 0.</p>"
                    },
                    "question_type": "Very Short Answer (2 marks)",
                    "difficulty_level": "easy",
                    "explanation_html": null
                  }
                ]
              },
              {
                "chapter_name": "Coordinate Geometry",
                "questions": [
                  {
                    "question_no": 23,
                    "question_html": "<p>(a) Find the value(s) of 'x' so that PQ = QR, where the coordinates of P, Q and R are (6, −1), (1, 3) and (x, 8) respectively.</p><p>OR</p><p>(b) The vertices of a triangle are (–2, 0), (2, 3) and (1, –3). Is the triangle equilateral, isosceles or scalene ?</p>",
                    "options": [],
                    "correct_answer": {
                      "text": "<p><b>Part (a)</b></p><p>We are given that the distance PQ is equal to the distance QR. We can use the distance formula, d = √[(x₂ - x₁)² + (y₂ - y₁)²], or more simply, set PQ² = QR².</p><p>The points are P(6, -1), Q(1, 3), and R(x, 8).</p><p><b>PQ² = (1 - 6)² + (3 - (-1))²</b></p><p>= (-5)² + (4)²</p><p>= 25 + 16 = 41.</p><p><b>QR² = (x - 1)² + (8 - 3)²</b></p><p>= (x - 1)² + (5)²</p><p>= (x - 1)² + 25.</p><p>Now, set PQ² = QR²:</p><p>41 = (x - 1)² + 25</p><p>(x - 1)² = 41 - 25</p><p>(x - 1)² = 16</p><p>Take the square root of both sides:</p><p>x - 1 = ±4</p><p>This gives two possible values for x:</p><ul><li>x - 1 = 4  =>  x = 5</li><li>x - 1 = -4 =>  x = -3</li></ul><p>The values of x are 5 and -3.</p><p><b>Part (b) OR</b></p><p>To determine the type of triangle, we need to find the lengths of its three sides.</p><p>Let the vertices be A(-2, 0), B(2, 3), and C(1, -3).</p><p><b>Length of AB:</b></p><p>AB = √[(2 - (-2))² + (3 - 0)²] = √[4² + 3²] = √(16 + 9) = √25 = 5 units.</p><p><b>Length of BC:</b></p><p>BC = √[(1 - 2)² + (-3 - 3)²] = √[(-1)² + (-6)²] = √(1 + 36) = √37 units.</p><p><b>Length of AC:</b></p><p>AC = √[(1 - (-2))² + (-3 - 0)²] = √[3² + (-3)²] = √(9 + 9) = √18 = 3√2 units.</p><p>The lengths of the three sides are 5, √37, and 3√2. Since all three sides have different lengths, the triangle is a <b>scalene</b> triangle.</p>"
                    },
                    "question_type": "Very Short Answer (2 marks)",
                    "difficulty_level": "medium",
                    "explanation_html": null
                  }
                ]
              },
              {
                "chapter_name": "Polynomials",
                "questions": [
                  {
                    "question_no": 24,
                    "question_html": "<p>Find the value of 'k' such that the polynomial p(x) = 3x² + 2kx + x − k − 5 has the sum of zeroes equal to half of their product.</p>",
                    "options": [],
                    "correct_answer": {
                      "text": "<p>First, let's write the given polynomial p(x) in the standard form ax² + bx + c.</p><p>p(x) = 3x² + 2kx + x - k - 5</p><p>p(x) = 3x² + (2k + 1)x + (-k - 5)</p><p>Here, a = 3, b = (2k + 1), and c = (-k - 5).</p><p>Let the zeroes of the polynomial be α and β.</p><p><b>Sum of the zeroes (α + β):</b></p><p>α + β = -b/a = -(2k + 1) / 3</p><p><b>Product of the zeroes (αβ):</b></p><p>αβ = c/a = (-k - 5) / 3</p><p>The problem states that the sum of the zeroes is equal to half of their product.</p><p>α + β = (1/2) * (αβ)</p><p>Substitute the expressions we found:</p><p>-(2k + 1) / 3 = (1/2) * [(-k - 5) / 3]</p><p>We can multiply both sides by 6 to clear the denominators:</p><p>-2(2k + 1) = (-k - 5)</p><p>-4k - 2 = -k - 5</p><p>Move the k terms to one side and the constant terms to the other:</p><p>5 - 2 = 4k - k</p><p>3 = 3k</p><p>k = 1.</p><p>The value of k is 1.</p>"
                    },
                    "question_type": "Very Short Answer (2 marks)",
                    "difficulty_level": "medium",
                    "explanation_html": null
                  }
                ]
              },
              {
                "chapter_name": "Probability",
                "questions": [
                  {
                    "question_no": 25,
                    "question_html": "<p>From a well-shuffled deck of 52 playing cards, all diamond cards are removed. Now, a card is drawn from the remaining pack at random. Find the probability that the selected card is a king.</p>",
                    "options": [],
                    "correct_answer": {
                      "text": "<p><b>Step 1: Determine the total number of cards remaining.</b></p><p>A standard deck has 52 cards.</p><p>There are 13 diamond cards in a deck.</p><p>When all diamond cards are removed, the number of remaining cards is:</p><p>Total remaining cards = 52 - 13 = 39.</p><p><b>Step 2: Determine the number of favorable outcomes (kings remaining).</b></p><p>A standard deck has 4 kings: King of Hearts, King of Spades, King of Clubs, and King of Diamonds.</p><p>Since all diamond cards were removed, the King of Diamonds was also removed.</p><p>The number of kings remaining in the pack is 4 - 1 = 3.</p><p><b>Step 3: Calculate the probability.</b></p><p>The probability of an event is the ratio of the number of favorable outcomes to the total number of possible outcomes.</p><p>P(drawing a king) = (Number of remaining kings) / (Total remaining cards)</p><p>= 3 / 39</p><p>Simplifying the fraction:</p><p>= 1 / 13.</p><p>The probability that the selected card is a king is 1/13.</p>"
                    },
                    "question_type": "Very Short Answer (2 marks)",
                    "difficulty_level": "easy",
                    "explanation_html": null
                  }
                ]
              },
              {
                "chapter_name": "Areas Related to Circles",
                "questions": [
                  {
                    "question_no": 26,
                    "question_html": "<p>In the given figure, two concentric circles with centre O are shown. Radii of the circles are 2 cm and 5 cm respectively. Find the area of the shaded region.</p>",
                    "images": [
                      {
                        "url": "https://img.testbuddyai.com/Maths-430-2-23-Q26.png"
                      }
                    ],
                    "options": [],
                    "correct_answer": {
                      "text": "<p>The shaded region is the area between two sectors of the concentric circles.</p><p><b>Given:</b></p><ul><li>Radius of the larger circle (R) = 5 cm.</li><li>Radius of the smaller circle (r) = 2 cm.</li><li>The central angle for both sectors (θ) = 60°.</li></ul><p>The area of the shaded region can be calculated as the area of the larger sector (OAC) minus the area of the smaller sector (OED).</p><p><b>Area of the larger sector (OAC):</b></p><p>Area_large = (θ/360°) × πR²</p><p>= (60/360) × π × 5²</p><p>= (1/6) × 25π = 25π/6 cm².</p><p><b>Area of the smaller sector (OED):</b></p><p>Area_small = (θ/360°) × πr²</p><p>= (60/360) × π × 2²</p><p>= (1/6) × 4π = 4π/6 cm².</p><p><b>Area of the shaded region:</b></p><p>Area_shaded = Area_large - Area_small</p><p>= (25π/6) - (4π/6)</p><p>= (25π - 4π) / 6</p><p>= 21π / 6 = (7/2)π cm².</p><p>To get a numerical answer, we can substitute π = 22/7:</p><p>Area_shaded = (7/2) × (22/7) = 22/2 = 11 cm².</p>"
                    },
                    "question_type": "Short Answer (3 marks)",
                    "difficulty_level": "medium",
                    "explanation_html": null
                  }
                ]
              },
              {
                "chapter_name": "Real Numbers",
                "questions": [
                  {
                    "question_no": 27,
                    "question_html": "<p>Prove that 4 + 2√3 is an irrational number, given that √3 is an irrational number.</p>",
                    "options": [],
                    "correct_answer": {
                      "text": "<p>We will use the method of proof by contradiction.</p><p><b>Step 1: Assume the opposite.</b></p><p>Let us assume that 4 + 2√3 is a rational number. A rational number can be expressed as a fraction p/q, where p and q are integers and q ≠ 0.</p><p>So, let 4 + 2√3 = p/q.</p><p><b>Step 2: Isolate the irrational part.</b></p><p>We rearrange the equation to get the term with the irrational number (√3) by itself.</p><p>2√3 = p/q - 4</p><p>2√3 = (p - 4q) / q</p><p>√3 = (p - 4q) / (2q)</p><p><b>Step 3: Arrive at a contradiction.</b></p><p>Consider the right-hand side (RHS) of the equation: (p - 4q) / (2q).</p><p>Since p and q are integers, (p - 4q) is also an integer, and (2q) is also an integer (and not zero). Therefore, the RHS is a rational number.</p><p>The left-hand side (LHS) of the equation is √3, which is given to be an irrational number.</p><p>Our equation now states that an irrational number (√3) is equal to a rational number ((p - 4q) / (2q)). This is a contradiction, as an irrational number cannot be equal to a rational number.</p><p><b>Step 4: Conclude the proof.</b></p><p>The contradiction arose because our initial assumption was wrong. Therefore, the assumption that 4 + 2√3 is rational must be false.</p><p>Hence, 4 + 2√3 is an irrational number.</p>"
                    },
                    "question_type": "Short Answer (3 marks)",
                    "difficulty_level": "medium",
                    "explanation_html": null
                  }
                ]
              },
              {
                "chapter_name": "Circles",
                "questions": [
                  {
                    "question_no": 28,
                    "question_html": "<p>(a) A quadrilateral ABCD is drawn to circumscribe a circle, as shown in the figure. Prove that AB + CD = AD + BC.</p><p>OR</p><p>(b) Prove that the parallelogram circumscribing a circle is a rhombus.</p>",
                    "images": [
                      {
                        "url": "https://img.testbuddyai.com/Maths-430-2-23-Q28a.png"
                      }
                    ],
                    "options": [],
                    "correct_answer": {
                      "text": "<p><b>Part (a)</b></p><p><b>Given:</b> A quadrilateral ABCD circumscribing a circle. Let the points of contact on the sides AB, BC, CD, and DA be P, Q, R, and S, respectively.</p><p><b>To Prove:</b> AB + CD = AD + BC.</p><p><b>Proof:</b></p><p>We use the property that the lengths of tangents drawn from an external point to a circle are equal.</p><p>Applying this property to each vertex of the quadrilateral:</p><ul><li>AP = AS  ---(1)  (Tangents from point A)</li><li>BP = BQ  ---(2)  (Tangents from point B)</li><li>CR = CQ  ---(3)  (Tangents from point C)</li><li>DR = DS  ---(4)  (Tangents from point D)</li></ul><p>Adding these four equations together:</p><p>(AP + BP) + (CR + DR) = (AS + DS) + (BQ + CQ)</p><p>From the figure, we can group the segments to form the sides of the quadrilateral:</p><ul><li>AP + BP = AB</li><li>CR + DR = CD</li><li>AS + DS = AD</li><li>BQ + CQ = BC</li></ul><p>Substituting these back into the equation, we get:</p><p>AB + CD = AD + BC</p><p>Hence, proved.</p><p><b>Part (b) OR</b></p><p><b>Given:</b> A parallelogram ABCD circumscribing a circle.</p><p><b>To Prove:</b> ABCD is a rhombus.</p><p><b>Proof:</b></p><p>From the result proved in Part (a), for any quadrilateral circumscribing a circle, we know that the sum of opposite sides are equal:</p><p>AB + CD = AD + BC  ---(i)</p><p>Since ABCD is a parallelogram, we know that its opposite sides are equal in length:</p><ul><li>AB = CD</li><li>AD = BC</li></ul><p>Substitute these properties into equation (i):</p><p>AB + AB = AD + AD</p><p>2AB = 2AD</p><p>AB = AD</p><p>We have shown that two adjacent sides of the parallelogram (AB and AD) are equal. A parallelogram in which adjacent sides are equal is a rhombus.</p><p>Therefore, ABCD is a rhombus.</p>"
                    },
                    "question_type": "Short Answer (3 marks)",
                    "difficulty_level": "medium",
                    "explanation_html": null
                  }
                ]
              },
              {
                "chapter_name": "Introduction to Trigonometry",
                "questions": [
                  {
                    "question_no": 29,
                    "question_html": "<p>(a) Prove that : (1 - cos θ) / (1 + cos θ) = (cosec θ – cot θ)²</p><p>OR</p><p>(b) Prove that : (1 + 1/tan²A)(1 + 1/cot²A) = 1/(sin²A - sin⁴A)</p>",
                    "options": [],
                    "correct_answer": {
                      "text": "<p><b>Part (a)</b></p><p>We will start with the Left Hand Side (LHS) and show it equals the Right Hand Side (RHS).</p><p>LHS = (1 - cos θ) / (1 + cos θ)</p><p>Multiply the numerator and the denominator by (1 - cos θ):</p><p>LHS = [(1 - cos θ)(1 - cos θ)] / [(1 + cos θ)(1 - cos θ)]</p><p>= (1 - cos θ)² / (1 - cos²θ)</p><p>Using the Pythagorean identity sin²θ + cos²θ = 1, we know that 1 - cos²θ = sin²θ.</p><p>LHS = (1 - cos θ)² / sin²θ</p><p>= [ (1 - cos θ) / sin θ ]²</p><p>Split the fraction inside the bracket:</p><p>= [ (1/sin θ) - (cos θ / sin θ) ]²</p><p>Using the definitions of cosec θ and cot θ:</p><p>= (cosec θ - cot θ)² = RHS.</p><p>Hence, proved.</p><p><b>Part (b) OR</b></p><p>We will start with the Left Hand Side (LHS).</p><p>LHS = (1 + 1/tan²A)(1 + 1/cot²A)</p><p>Using the identities 1/tan A = cot A and 1/cot A = tan A:</p><p>LHS = (1 + cot²A)(1 + tan²A)</p><p>Using the Pythagorean identities 1 + cot²A = cosec²A and 1 + tan²A = sec²A:</p><p>LHS = (cosec²A)(sec²A)</p><p>Express in terms of sin A and cos A:</p><p>LHS = (1/sin²A) * (1/cos²A) = 1 / (sin²A * cos²A)</p><p>Using the identity cos²A = 1 - sin²A:</p><p>LHS = 1 / [sin²A * (1 - sin²A)]</p><p>= 1 / (sin²A - sin⁴A) = RHS.</p><p>Hence, proved.</p>"
                    },
                    "question_type": "Short Answer (3 marks)",
                    "difficulty_level": "hard",
                    "explanation_html": null
                  }
                ]
              },
              {
                "chapter_name": "Polynomials",
                "questions": [
                  {
                    "question_no": 30,
                    "question_html": "<p>Find the zeroes of the polynomial p(x) = 2x² – 7x – 15 and verify the relationship between its coefficients and zeroes.</p>",
                    "options": [],
                    "correct_answer": {
                      "text": "<p><b>Step 1: Find the zeroes of the polynomial.</b></p><p>To find the zeroes, we set p(x) = 0.</p><p>2x² - 7x - 15 = 0</p><p>We can solve this quadratic equation by splitting the middle term. We need two numbers that multiply to (2 × -15) = -30 and add up to -7. These numbers are -10 and 3.</p><p>2x² - 10x + 3x - 15 = 0</p><p>Factor by grouping:</p><p>2x(x - 5) + 3(x - 5) = 0</p><p>(2x + 3)(x - 5) = 0</p><p>This gives two possible solutions for x:</p><ul><li>2x + 3 = 0  =>  2x = -3  =>  x = -3/2</li><li>x - 5 = 0   =>  x = 5</li></ul><p>The zeroes of the polynomial are α = -3/2 and β = 5.</p><p><b>Step 2: Verify the relationship between zeroes and coefficients.</b></p><p>The polynomial is p(x) = 2x² - 7x - 15. Here, a = 2, b = -7, and c = -15.</p><p><b>Verification of the Sum of Zeroes:</b></p><ul><li>Sum from our zeroes: α + β = (-3/2) + 5 = (-3/2) + (10/2) = 7/2.</li><li>Sum from coefficients: -b/a = -(-7)/2 = 7/2.</li></ul><p>Since 7/2 = 7/2, the relationship for the sum of zeroes is verified.</p><p><b>Verification of the Product of Zeroes:</b></p><ul><li>Product from our zeroes: αβ = (-3/2) × 5 = -15/2.</li><li>Product from coefficients: c/a = -15/2.</li></ul><p>Since -15/2 = -15/2, the relationship for the product of zeroes is verified.</p>"
                    },
                    "question_type": "Short Answer (3 marks)",
                    "difficulty_level": "medium",
                    "explanation_html": null
                  }
                ]
              },
              {
                "chapter_name": "Coordinate Geometry",
                "questions": [
                  {
                    "question_no": 31,
                    "question_html": "<p>Prove that the points A(−1, 0), B(3, 1), C(2, 2) and D(–2, 1) are the vertices of a parallelogram ABCD. Is it also a rectangle ?</p>",
                    "options": [],
                    "correct_answer": {
                      "text": "<p><b>Step 1: Prove that ABCD is a parallelogram.</b></p><p>A quadrilateral is a parallelogram if its diagonals bisect each other. This means the midpoint of diagonal AC must be the same as the midpoint of diagonal BD.</p><p><b>Midpoint of AC:</b></p><p>Using the midpoint formula M = ((x₁+x₂)/2, (y₁+y₂)/2) with A(-1, 0) and C(2, 2).</p><p>M_AC = ((-1 + 2)/2, (0 + 2)/2) = (1/2, 1).</p><p><b>Midpoint of BD:</b></p><p>Using the midpoint formula with B(3, 1) and D(-2, 1).</p><p>M_BD = ((3 + (-2))/2, (1 + 1)/2) = (1/2, 2/2) = (1/2, 1).</p><p>Since the midpoint of AC is the same as the midpoint of BD, the diagonals bisect each other, and therefore ABCD is a parallelogram.</p><p><b>Step 2: Check if the parallelogram is a rectangle.</b></p><p>A parallelogram is a rectangle if its diagonals are equal in length. We will use the distance formula to find the lengths of AC and BD.</p><p><b>Length of AC:</b></p><p>AC = √[(2 - (-1))² + (2 - 0)²] = √[3² + 2²] = √(9 + 4) = √13.</p><p><b>Length of BD:</b></p><p>BD = √[(-2 - 3)² + (1 - 1)²] = √[(-5)² + 0²] = √25 = 5.</p><p>Since AC (√13) is not equal to BD (5), the diagonals are not of equal length.</p><p>Therefore, the parallelogram ABCD is <b>not a rectangle</b>.</p>"
                    },
                    "question_type": "Short Answer (3 marks)",
                    "difficulty_level": "medium",
                    "explanation_html": null
                  }
                ]
              },
              {
                "chapter_name": "Some Applications of Trigonometry",
                "questions": [
                  {
                    "question_no": 32,
                    "question_html": "<p>(a) From the top of a building 60 m high, the angles of depression of the top and bottom of a tower are observed to be 30° and 60° respectively. Find the height of the tower. Also, find the distance between the building and the tower. (Use √3 = 1.732)</p><p>OR</p><p>(b) The angle of elevation of the top of a building from a point A on the ground is 30°. On moving a distance of 30 m towards its base to the point B, the angle of elevation changes to 45°. Find the height of the building and the distance of its base from point A. (Use √3 = 1.732)</p>",
                    "options": [],
                    "correct_answer": {
                      "text": "<p><b>Part (a)</b></p><p>Let AB be the building of height 60 m and CD be the tower of height 'h'. Let the distance between them be 'x'. Draw a horizontal line DE from D to AB.</p><p><b>Given:</b></p><ul><li>Height of building AB = 60 m.</li><li>Angle of depression to top of tower (D) is 30°, so ∠EDB = 30°.</li><li>Angle of depression to bottom of tower (C) is 60°, so ∠ACB = 60°.</li></ul><p><b>Step 1: Find the distance 'x'.</b></p><p>In right-angled triangle ABC:</p><p>tan(60°) = AB/AC = 60/x</p><p>√3 = 60/x => x = 60/√3 = 20√3 m.</p><p>Distance between the building and the tower is 20√3 ≈ 20 × 1.732 = 34.64 m.</p><p><b>Step 2: Find the height of the tower 'h'.</b></p><p>In right-angled triangle EBD:</p><p>DE = AC = x = 20√3 m.</p><p>BE = AB - AE = 60 - h.</p><p>tan(30°) = BE/DE = (60-h)/x</p><p>1/√3 = (60-h) / (20√3)</p><p>20√3 / √3 = 60 - h</p><p>20 = 60 - h => h = 40 m.</p><p>The height of the tower is 40 m.</p><p><b>Part (b) OR</b></p><p>Let CD be the building of height 'h'. A and B are points on the ground. Let the distance from the base C to B be 'x'. Then the distance from C to A is 'x+30'.</p><p><b>Given:</b></p><ul><li>Angle of elevation from A is 30°.</li><li>Angle of elevation from B is 45°.</li><li>Distance AB = 30 m.</li></ul><p><b>Step 1: Set up equations using trigonometry.</b></p><p>In right-angled triangle DCB:</p><p>tan(45°) = CD/CB = h/x</p><p>1 = h/x => h = x.  ---(i)</p><p>In right-angled triangle DCA:</p><p>tan(30°) = CD/CA = h/(x+30)</p><p>1/√3 = h/(x+30) => x+30 = h√3.  ---(ii)</p><p><b>Step 2: Solve the equations.</b></p><p>Substitute h=x from (i) into (ii):</p><p>h + 30 = h√3</p><p>30 = h√3 - h = h(√3 - 1)</p><p>h = 30 / (√3 - 1)</p><p>Rationalize the denominator:</p><p>h = [30(√3+1)] / [(√3-1)(√3+1)] = [30(√3+1)] / (3-1) = 15(√3+1).</p><p>Using √3 = 1.732:</p><p>h = 15(1.732 + 1) = 15(2.732) = 40.98 m.</p><p>The height of the building is 40.98 m.</p><p>The distance of its base from point A is AC = x+30 = h+30 = 40.98 + 30 = 70.98 m.</p>"
                    },
                    "question_type": "Long Answer (5 marks)",
                    "difficulty_level": "hard",
                    "explanation_html": null
                  }
                ]
              },
              {
                "chapter_name": "Statistics",
                "questions": [
                  {
                    "question_no": 33,
                    "question_html": "<p>Find the mean and the median of the following data :</p><table><thead><tr><th>Marks</th><th>Number of Students</th></tr></thead><tbody><tr><td>0 – 10</td><td>3</td></tr><tr><td>10 – 20</td><td>5</td></tr><tr><td>20 – 30</td><td>16</td></tr><tr><td>30 – 40</td><td>12</td></tr><tr><td>40 – 50</td><td>13</td></tr><tr><td>50 – 60</td><td>20</td></tr><tr><td>60 – 70</td><td>6</td></tr><tr><td>70 – 80</td><td>5</td></tr></tbody></table>",
                    "options": [],
                    "correct_answer": {
                      "text": "<p><b>1. Mean Calculation (using Assumed Mean Method)</b></p><p>First, create a calculation table:</p><table><thead><tr><th>Marks (C.I.)</th><th>Frequency (fᵢ)</th><th>Class Mark (xᵢ)</th><th>dᵢ = xᵢ - a</th><th>fᵢdᵢ</th></tr></thead><tbody><tr><td>0 – 10</td><td>3</td><td>5</td><td>-30</td><td>-90</td></tr><tr><td>10 – 20</td><td>5</td><td>15</td><td>-20</td><td>-100</td></tr><tr><td>20 – 30</td><td>16</td><td>25</td><td>-10</td><td>-160</td></tr><tr><td>30 – 40</td><td>12</td><td>35</td><td>0</td><td>0</td></tr><tr><td>40 – 50</td><td>13</td><td>45</td><td>10</td><td>130</td></tr><tr><td>50 – 60</td><td>20</td><td>55</td><td>20</td><td>400</td></tr><tr><td>60 – 70</td><td>6</td><td>65</td><td>30</td><td>180</td></tr><tr><td>70 – 80</td><td>5</td><td>75</td><td>40</td><td>200</td></tr><tr><td><b>Total</b></td><td><b>Σfᵢ = 80</b></td><td></td><td></td><td><b>Σfᵢdᵢ = 560</b></td></tr></tbody></table><p>Let's choose the assumed mean (a) = 35.</p><p>Σfᵢ = 80.</p><p>Σfᵢdᵢ = (-90 - 100 - 160) + (130 + 400 + 180 + 200) = -350 + 910 = 560.</p><p>Mean = a + (Σfᵢdᵢ / Σfᵢ) = 35 + (560 / 80) = 35 + 7 = 42.</p><p>The mean of the data is 42.</p><p><b>2. Median Calculation</b></p><p>First, we need the cumulative frequency (cf) column.</p><table><thead><tr><th>Marks (C.I.)</th><th>Frequency (f)</th><th>Cumulative Frequency (cf)</th></tr></thead><tbody><tr><td>0 – 10</td><td>3</td><td>3</td></tr><tr><td>10 – 20</td><td>5</td><td>8</td></tr><tr><td>20 – 30</td><td>16</td><td>24</td></tr><tr><td>30 – 40</td><td>12</td><td>36</td></tr><tr><td>40 – 50</td><td>13</td><td>49</td></tr><tr><td>50 – 60</td><td>20</td><td>69</td></tr><tr><td>60 – 70</td><td>6</td><td>75</td></tr><tr><td>70 – 80</td><td>5</td><td>80</td></tr></tbody></table><p>Total number of students (N) = 80.</p><p>The median position is N/2 = 80/2 = 40.</p><p>The cumulative frequency just greater than 40 is 49, so the median class is 40-50.</p><p>Median = l + [ (N/2 - cf) / f ] * h</p><ul><li>l (lower limit of median class) = 40</li><li>N/2 = 40</li><li>cf (cumulative frequency of class preceding median class) = 36</li><li>f (frequency of median class) = 13</li><li>h (class size) = 10</li></ul><p>Median = 40 + [ (40 - 36) / 13 ] * 10 = 40 + (4/13) * 10 = 40 + 40/13 ≈ 40 + 3.08 = 43.08.</p><p>The median of the data is approximately 43.1.</p>"
                    },
                    "question_type": "Long Answer (5 marks)",
                    "difficulty_level": "medium",
                    "explanation_html": null
                  }
                ]
              },
              {
                "chapter_name": "Triangles",
                "questions": [
                  {
                    "question_no": 34,
                    "question_html": "<p>If a line is drawn parallel to one side of a triangle to intersect the other two sides in distinct points, then prove that the other two sides are divided in the same ratio.</p>",
                    "options": [],
                    "correct_answer": {
                      "text": "<p>This is a proof of the Basic Proportionality Theorem (also known as Thales's Theorem).</p><p><b>Given:</b> A triangle ΔABC in which a line segment DE is drawn parallel to the side BC, intersecting the sides AB and AC at points D and E, respectively.</p><p><b>To Prove:</b> AD/DB = AE/EC.</p><p><b>Construction:</b></p><p>1.  Join the vertices B to E and C to D.</p><p>2.  Draw a perpendicular from E to the side AB, let's call it EN (so EN ⊥ AB).</p><p>3.  Draw a perpendicular from D to the side AC, let's call it DM (so DM ⊥ AC).</p><p><b>Proof:</b></p><p>We will use the formula for the area of a triangle: Area = (1/2) × base × height.</p><p><b>Step 1: Find the ratio of areas of ΔADE and ΔBDE.</b></p><p>Area(ΔADE) = (1/2) × AD × EN (taking AD as base and EN as height).</p><p>Area(ΔBDE) = (1/2) × DB × EN (taking DB as base and EN as height).</p><p>Now, divide the two areas:</p><p>Area(ΔADE) / Area(ΔBDE) = [(1/2) × AD × EN] / [(1/2) × DB × EN] = AD / DB   ---(i)</p><p><b>Step 2: Find the ratio of areas of ΔADE and ΔCDE.</b></p><p>Area(ΔADE) = (1/2) × AE × DM (taking AE as base and DM as height).</p><p>Area(ΔCDE) = (1/2) × EC × DM (taking EC as base and DM as height).</p><p>Now, divide the two areas:</p><p>Area(ΔADE) / Area(ΔCDE) = [(1/2) × AE × DM] / [(1/2) × EC × DM] = AE / EC   ---(ii)</p><p><b>Step 3: Relate the areas of ΔBDE and ΔCDE.</b></p><p>The triangles ΔBDE and ΔCDE are on the same base DE and between the same pair of parallel lines DE and BC. A property of triangles states that triangles on the same base and between the same parallels are equal in area.</p><p>Therefore, Area(ΔBDE) = Area(ΔCDE)   ---(iii)</p><p><b>Step 4: Conclude the proof.</b></p><p>From equations (i), (ii), and (iii), we can see that the denominators in the ratios of equation (i) and (ii) are equal. Therefore, the ratios themselves must be equal.</p><p>AD / DB = AE / EC.</p><p>Hence, proved.</p>"
                    },
                    "question_type": "Long Answer (5 marks)",
                    "difficulty_level": "medium",
                    "explanation_html": null
                  }
                ]
              },
              {
                "chapter_name": "Arithmetic Progressions",
                "questions": [
                  {
                    "question_no": 35,
                    "question_html": "<p>(a) If the sum of the first 7 terms of an A.P. is -14 and that of 11 terms is – 55, then find the sum of its first 'n' terms.</p><p>OR</p><p>(b) In an A.P., the sum of the first ‘n' terms is 3n² + n. Find the first term and the common difference of the A.P. Hence, find its 15th term.</p>",
                    "options": [],
                    "correct_answer": {
                      "text": "<p><b>Part (a)</b></p><p>Let the first term be 'a' and the common difference be 'd'.</p><p><b>Given:</b></p><ul><li>Sum of first 7 terms (S₇) = -14</li><li>Sum of first 11 terms (S₁₁) = -55</li></ul><p>Using the formula Sₙ = n/2 [2a + (n-1)d]:</p><p>For S₇: -14 = 7/2 [2a + 6d] => -2 = 1/2 [2a + 6d] => -2 = a + 3d  ---(i)</p><p>For S₁₁: -55 = 11/2 [2a + 10d] => -5 = 1/2 [2a + 10d] => -5 = a + 5d  ---(ii)</p><p>Now, solve the system of linear equations. Subtract (i) from (ii):</p><p>(a + 5d) - (a + 3d) = -5 - (-2)</p><p>2d = -3 => d = -3/2.</p><p>Substitute d = -3/2 into (i):</p><p>a + 3(-3/2) = -2 => a - 9/2 = -2 => a = 9/2 - 2 = 5/2.</p><p>Now find the sum of the first 'n' terms (Sₙ):</p><p>Sₙ = n/2 [2(5/2) + (n-1)(-3/2)] = n/2 [5 - 3n/2 + 3/2] = n/2 [(10 - 3n + 3)/2] = n/4 [13 - 3n].</p><p><b>Part (b) OR</b></p><p><b>Given:</b> The sum of the first 'n' terms is Sₙ = 3n² + n.</p><p><b>Step 1: Find the first term (a).</b></p><p>The first term (a₁) is the same as the sum of the first term (S₁).</p><p>a = S₁ = 3(1)² + 1 = 3 + 1 = 4.</p><p>The first term is 4.</p><p><b>Step 2: Find the common difference (d).</b></p><p>We can find the second term (a₂) by calculating S₂ and using a₂ = S₂ - S₁.</p><p>S₂ = 3(2)² + 2 = 3(4) + 2 = 12 + 2 = 14.</p><p>a₂ = S₂ - S₁ = 14 - 4 = 10.</p><p>The common difference is d = a₂ - a₁ = 10 - 4 = 6.</p><p><b>Step 3: Find the 15th term (a₁₅).</b></p><p>Using the formula aₙ = a + (n-1)d:</p><p>a₁₅ = 4 + (15-1)(6) = 4 + 14(6) = 4 + 84 = 88.</p><p>The 15th term is 88.</p>"
                    },
                    "question_type": "Long Answer (5 marks)",
                    "difficulty_level": "hard",
                    "explanation_html": null
                  }
                ]
              },
              {
                "chapter_name": "Areas Related to Circles",
                "questions": [
                  {
                    "question_no": 36,
                    "question_html": "<p><b>Case Study – 1</b></p><p>Flower beds look beautiful growing in gardens. One such circular park of radius 'r' m, has two segments with flowers. One segment which subtends an angle of 90° at the centre is full of red roses, while the other segment with central angle 60° is full of yellow coloured flowers. It is given that the combined area of the two segments (of flowers) is 256 2/3 sq m.</p><p>Based on the above, answer the following questions :</p><p>(i) Write an equation representing the total area of the two segments in terms of 'r'.</p><p>(ii) Find the value of 'r'.</p><p>(iii) (a) Find the area of the segment with red roses. OR (b) Find the area of the segment with yellow flowers.</p>",
                    "images": [
                      {
                        "url": "https://img.testbuddyai.com/Maths-430-2-23-Q36.png"
                      },
                      {
                        "url": "https://img.testbuddyai.com/Maths-430-2-23-Q36iii(b).png"
                      }
                    ],
                    "options": [],
                    "correct_answer": {
                      "text": "<p><b>(i) Equation for the total area:</b></p><p>The area of a segment is the area of the corresponding sector minus the area of the triangle formed by the radii and the chord.</p><p>Area of a sector = (θ/360°) × πr²</p><p>Area of a triangle = (1/2)r²sin(θ)</p><p><u>Area of the red roses segment (θ = 90°):</u></p><p>Area_red = (90°/360°)πr² - (1/2)r²sin(90°) = (1/4)πr² - (1/2)r²</p><p><u>Area of the yellow flowers segment (θ = 60°):</u></p><p>Area_yellow = (60°/360°)πr² - (1/2)r²sin(60°) = (1/6)πr² - (1/2)r²(√3/2) = (1/6)πr² - (√3/4)r²</p><p>Total Area = Area_red + Area_yellow</p><p>Given total area = 256 2/3 = 770/3 sq m.</p><p>So, the equation is: <b>[(1/4)πr² - (1/2)r²] + [(1/6)πr² - (√3/4)r²] = 770/3</b></p><p><b>(ii) Value of 'r':</b></p><p>From the equation in part (i):</p><p>r² [(π/4) - (1/2) + (π/6) - (√3/4)] = 770/3</p><p>r² [(5π/12) - (1/2) - (√3/4)] = 770/3</p><p>Substituting π ≈ 22/7 and √3 ≈ 1.732:</p><p>r² [ (5(22/7)/12) - 0.5 - (1.732/4) ] ≈ 770/3</p><p>r² [ (110/84) - 0.5 - 0.433 ] ≈ 256.67</p><p>r² [ 1.3095 - 0.5 - 0.433 ] ≈ 256.67</p><p>r² (0.3765) ≈ 256.67</p><p>r² ≈ 681.7</p><p><b>r ≈ 26.1 cm (approx.)</b></p><p><b>(iii) (a) Area of the segment with red roses:</b></p><p>Area_red = (1/4)πr² - (1/2)r²</p><p>Area_red = r²(π/4 - 1/2)</p><p>Area_red = (26.1)² [(22/7)/4 - 1/2] = 681.21 [0.7857 - 0.5] = 681.21 * 0.2857</p><p><b>Area_red ≈ 194.63 sq m (approx.)</b></p><p><b>OR</b></p><p><b>(iii) (b) Area of the segment with yellow flowers:</b></p><p>Area_yellow = (1/6)πr² - (√3/4)r²</p><p>Area_yellow = r²(π/6 - √3/4)</p><p>Area_yellow = (26.1)² [(22/7)/6 - 1.732/4] = 681.21 [0.5238 - 0.433]</p><p>Area_yellow = 681.21 * 0.0908</p><p><b>Area_yellow ≈ 62.03 sq m (approx.)</b></p>"
                    },
                    "question_type": "Case-based Subjective",
                    "difficulty_level": "hard",
                    "explanation_html": null
                  }
                ]
              },
              {
                "chapter_name": "Circles",
                "questions": [
                  {
                    "question_no": 37,
                    "question_html": "<p><b>Case Study – 2</b></p><p>Circles play an important part in our life. When a circular object is hung on the wall with a cord at nail N, the cords NA and NB work like tangents. Observe the figure, given that ∠ ANO = 30° and OA = 5 cm.</p><p>Based on the above, answer the following questions :</p><p>(i) Find the distance AN.</p><p>(ii) Find the measure of ∠ AOB.</p><p>(iii) (a) Find the total length of cords NA, NB and the chord AB. OR (b) If ∠ ANO is 45°, then name the type of quadrilateral OANB. Justify your answer.</p>",
                    "images": [
                      {
                        "url": "https://img.testbuddyai.com/Maths-430-2-23-Q37.png"
                      }
                    ],
                    "options": [],
                    "correct_answer": {
                      "text": "<p><b>Given:</b> NA and NB are tangents from point N to a circle with center O. Radius OA = 5 cm. ∠ANO = 30°.</p><p><b>(i) Find the distance AN.</b></p><p>In a circle, the radius is perpendicular to the tangent at the point of contact. Therefore, OA ⊥ NA, and ΔOAN is a right-angled triangle with the right angle at A.</p><p>In right ΔOAN:</p><p>tan(∠ANO) = Opposite / Adjacent = OA / AN</p><p>tan(30°) = 5 / AN</p><p>1/√3 = 5 / AN</p><p>AN = 5√3 cm.</p><p><b>(ii) Find the measure of ∠AOB.</b></p><p>Consider triangles ΔOAN and ΔOBN. OA = OB (radii), ON is common, and NA = NB (tangents from the same external point). By SSS congruence, ΔOAN ≅ ΔOBN.</p><p>Therefore, ∠ANO = ∠BNO = 30°. This makes ∠ANB = 30° + 30° = 60°.</p><p>In the quadrilateral OANB, the sum of angles is 360°. We have ∠OAN = 90° and ∠OBN = 90°.</p><p>∠AOB + ∠ANB = 180°.</p><p>∠AOB + 60° = 180° => ∠AOB = 120°.</p><p><b>(iii) (a) Find the total length of cords NA, NB and the chord AB.</b></p><p>We already know NA = 5√3 cm. Since NA = NB, NB = 5√3 cm.</p><p>Consider triangle ANB. It is an isosceles triangle with NA = NB and the angle between them ∠ANB = 60°. An isosceles triangle with a vertex angle of 60° is an equilateral triangle.</p><p>Therefore, AB = NA = NB = 5√3 cm.</p><p>Total length = NA + NB + AB = 5√3 + 5√3 + 5√3 = 15√3 cm.</p><p><b>OR</b></p><p><b>(iii) (b) If ∠ANO is 45°, name the type of quadrilateral OANB.</b></p><p>If ∠ANO = 45°, then in right ΔOAN:</p><p>tan(45°) = OA / AN => 1 = 5 / AN => AN = 5 cm.</p><p>As before, ΔOAN ≅ ΔOBN, so ∠ANB = 2 × 45° = 90°.</p><p>In quadrilateral OANB, we have:</p><ul><li>∠OAN = 90° (tangent property)</li><li>∠OBN = 90° (tangent property)</li><li>∠ANB = 90° (calculated)</li></ul><p>The sum of angles in a quadrilateral is 360°, so ∠AOB must also be 90°.</p><p>A quadrilateral with all four angles equal to 90° is a rectangle. Furthermore, we check the adjacent sides. We have radius OA = 5 cm and we calculated the tangent length AN = 5 cm.</p><p>Since the adjacent sides are equal (OA = AN = 5), the rectangle OANB is a <b>square</b>.</p>"
                    },
                    "question_type": "Case-based Subjective",
                    "difficulty_level": "hard",
                    "explanation_html": null
                  }
                ]
              },
              {
                "chapter_name": "Surface Areas and Volumes",
                "questions": [
                  {
                    "question_no": 38,
                    "question_html": "<p><b>Case Study – 3</b></p><p>A wooden toy is shown in the picture. This is a cuboidal wooden block of dimensions 14 cm × 17 cm × 4 cm. On its top there are seven cylindrical hollows for bees to fit in. Each cylindrical hollow is of height 3 cm and radius 2 cm.</p><p>Based on the above, answer the following questions :</p><p>(i) Find the volume of wood carved out to make one cylindrical hollow.</p><p>(ii) Find the lateral surface area of the cuboid to paint it with green colour.</p><p>(iii) (a) Find the volume of wood in the remaining cuboid after carving out seven cylindrical hollows. OR (b) Find the surface area of the top surface of the cuboid to be painted yellow.</p>",
                    "images": [
                      {
                        "url": "https://img.testbuddyai.com/Maths-430-2-23-Q38.png"
                      }
                    ],
                    "options": [],
                    "correct_answer": {
                      "text": "<p><b>(i) Volume of one cylindrical hollow:</b></p><p>The volume of a cylinder is given by the formula V = πr²h.</p><p>Given: radius (r) = 2 cm, height (h) = 3 cm.</p><p>V = (22/7) × (2)² × 3</p><p>V = (22/7) × 4 × 3</p><p>V = 264/7 cm³</p><p><b>V ≈ 37.7 cm³</b></p><p><b>(ii) Lateral surface area of the cuboid:</b></p><p>The lateral surface area (LSA) of a cuboid is given by the formula LSA = 2(l + b)h.</p><p>Given: length (l) = 14 cm, breadth (b) = 17 cm, height (h) = 4 cm.</p><p>LSA = 2(14 + 17) × 4</p><p>LSA = 2(31) × 4</p><p>LSA = 62 × 4</p><p><b>LSA = 248 cm²</b></p><p><b>(iii) (a) Volume of the remaining wood:</b></p><p>First, find the initial volume of the cuboidal block.</p><p>Volume_cuboid = l × b × h = 14 × 17 × 4 = 952 cm³</p><p>Next, find the total volume of wood carved out for seven hollows.</p><p>Volume_carved = 7 × (Volume of one hollow) = 7 × (264/7) = 264 cm³</p><p>Volume_remaining = Volume_cuboid - Volume_carved</p><p>Volume_remaining = 952 - 264</p><p><b>Volume_remaining = 688 cm³</b></p><p><b>OR</b></p><p><b>(iii) (b) Surface area of the top surface to be painted yellow:</b></p><p>The area to be painted is the area of the top rectangular face minus the areas of the seven circular openings.</p><p>Area of the top face = l × b = 14 × 17 = 238 cm²</p><p>Area of one circular opening = πr² = (22/7) × 2² = 88/7 cm²</p><p>Area of seven circular openings = 7 × (88/7) = 88 cm²</p><p>Area to be painted = Area of the top face - Area of seven circular openings</p><p>Area to be painted = 238 - 88</p><p><b>Area to be painted = 150 cm²</b></p>"
                    },
                    "question_type": "Case-based Subjective",
                    "difficulty_level": "hard",
                    "explanation_html": null
                  }
                ]
              }
            ]
          }
        ]
      }
    ]
  }
]