[
  {
    "exam_name_actual": "CBSE Board - Class 10",
    "main_exam_id_name_ref": "CBSE Board - Class 10",
    "years": [
      {
        "year": "2023",
        "papers_or_subjects": [
          {
            "paper_name": "CBSE Class 10 Mathematics (Standard) Paper 2023 (QP Code: 30/1/1)",
            "subject_name": "Mathematics",
            "chapters": [
              {
                "chapter_name": "Polynomials",
                "questions": [
                  {
                    "question_no": 1,
                    "question_html": "<p>The graph of y = p(x) is given, for a polynomial p(x). The number of zeroes of p(x) from the graph is</p>",
                    "images": [
                      {
                        "url": "https://img.testbuddyai.com/Maths-30-1-23-Q1.png"
                      }
                    ],
                    "options": [
                      {
                        "id": "a",
                        "text": "3"
                      },
                      {
                        "id": "b",
                        "text": "1"
                      },
                      {
                        "id": "c",
                        "text": "2"
                      },
                      {
                        "id": "d",
                        "text": "0"
                      }
                    ],
                    "correct_answer": {
                      "ids": [
                        "b"
                      ]
                    },
                    "question_type": "mcq_single",
                    "difficulty_level": "easy",
                    "explanation_html": "<p>The number of zeroes is the number of times the graph of the polynomial intersects the x-axis. The given graph intersects the x-axis at one point. Hence, the number of zeroes is 1.</p>"
                  }
                ]
              },
              {
                "chapter_name": "Pair of Linear Equations in Two Variables",
                "questions": [
                  {
                    "question_no": 2,
                    "question_html": "<p>The value of k for which the pair of equations kx = y + 2 and 6x = 2y + 3 has infinitely many solutions,</p>",
                    "options": [
                      {
                        "id": "a",
                        "text": "is k = 3"
                      },
                      {
                        "id": "b",
                        "text": "does not exist"
                      },
                      {
                        "id": "c",
                        "text": "is k = -3"
                      },
                      {
                        "id": "d",
                        "text": "is k = 4"
                      }
                    ],
                    "correct_answer": {
                      "ids": [
                        "b"
                      ]
                    },
                    "question_type": "mcq_single",
                    "difficulty_level": "medium",
                    "explanation_html": "<p>The given equations are kx - y - 2 = 0 and 6x - 2y - 3 = 0. For infinitely many solutions, the condition is a₁/a₂ = b₁/b₂ = c₁/c₂. Here, a₁=k, b₁=-1, c₁=-2 and a₂=6, b₂=-2, c₂=-3. So, k/6 = (-1)/(-2) = (-2)/(-3). We have k/6 = 1/2, which gives k=3. However, 1/2 ≠ 2/3. Since the condition is not satisfied for any value of k, such a value of k does not exist.</p>"
                  }
                ]
              },
              {
                "chapter_name": "Arithmetic Progressions",
                "questions": [
                  {
                    "question_no": 3,
                    "question_html": "<p>If p − 1, p + 1 and 2p + 3 are in A.P., then the value of p is</p>",
                    "options": [
                      {
                        "id": "a",
                        "text": "-2"
                      },
                      {
                        "id": "b",
                        "text": "4"
                      },
                      {
                        "id": "c",
                        "text": "0"
                      },
                      {
                        "id": "d",
                        "text": "2"
                      }
                    ],
                    "correct_answer": {
                      "ids": [
                        "c"
                      ]
                    },
                    "question_type": "mcq_single",
                    "difficulty_level": "easy",
                    "explanation_html": "<p>If three terms are in A.P., the middle term is the average of the first and third terms. So, 2(p + 1) = (p - 1) + (2p + 3). This simplifies to 2p + 2 = 3p + 2, which gives p = 0.</p>"
                  }
                ]
              },
              {
                "chapter_name": "Coordinate Geometry",
                "questions": [
                  {
                    "question_no": 4,
                    "question_html": "<p>In what ratio, does x-axis divide the line segment joining the points A(3, 6) and B(−12, −3)?</p>",
                    "options": [
                      {
                        "id": "a",
                        "text": "1:2"
                      },
                      {
                        "id": "b",
                        "text": "1:4"
                      },
                      {
                        "id": "c",
                        "text": "4:1"
                      },
                      {
                        "id": "d",
                        "text": "2:1"
                      }
                    ],
                    "correct_answer": {
                      "ids": [
                        "d"
                      ]
                    },
                    "question_type": "mcq_single",
                    "difficulty_level": "medium",
                    "explanation_html": "<p>Let the ratio be k:1. The point on the x-axis has coordinates (x, 0). Using the section formula for the y-coordinate, 0 = (k*(-3) + 1*6) / (k + 1). This gives -3k + 6 = 0, so 3k = 6, and k = 2. The ratio is 2:1.</p>"
                  }
                ]
              },
              {
                "chapter_name": "Circles",
                "questions": [
                  {
                    "question_no": 5,
                    "question_html": "<p>In the given figure, PQ is tangent to the circle centred at O. If ∠AOB = 95°, then the measure of ∠ABQ will be</p>",
                    "images": [
                      {
                        "url": "https://img.testbuddyai.com/Maths-30-1-23-Q5.png"
                      }
                    ],
                    "options": [
                      {
                        "id": "a",
                        "text": "47.5°"
                      },
                      {
                        "id": "b",
                        "text": "42.5°"
                      },
                      {
                        "id": "c",
                        "text": "85°"
                      },
                      {
                        "id": "d",
                        "text": "95°"
                      }
                    ],
                    "correct_answer": {
                      "ids": [
                        "a"
                      ]
                    },
                    "question_type": "mcq_single",
                    "difficulty_level": "medium",
                    "explanation_html": "<p>In ΔAOB, OA = OB (radii), so ∠OAB = ∠OBA. The sum of angles is 180°, so 2∠OBA + 95° = 180°. This gives 2∠OBA = 85°, so ∠OBA = 42.5°. The angle between a tangent and a chord through the point of contact is equal to the angle in the alternate segment. However, a simpler method is that the radius OB is perpendicular to the tangent PQ, so ∠OBQ = 90°. Then ∠ABQ = ∠OBQ - ∠OBA = 90° - 42.5° = 47.5°. Another way is using the alternate segment theorem directly: ∠ABQ = 1/2 * ∠AOB = 1/2 * 95° = 47.5°</p>"
                  }
                ]
              },
              {
                "chapter_name": "Introduction to Trigonometry",
                "questions": [
                  {
                    "question_no": 6,
                    "question_html": "<p>If 2 tan A = 3, then the value of (4 sin A + 3 cos A) / (4 sin A - 3 cos A) is</p>",
                    "options": [
                      {
                        "id": "a",
                        "text": "7/√13"
                      },
                      {
                        "id": "b",
                        "text": "1/√13"
                      },
                      {
                        "id": "c",
                        "text": "3"
                      },
                      {
                        "id": "d",
                        "text": "does not exist"
                      }
                    ],
                    "correct_answer": {
                      "ids": [
                        "c"
                      ]
                    },
                    "question_type": "mcq_single",
                    "difficulty_level": "medium",
                    "explanation_html": "<p>Given 2 tan A = 3, so tan A = 3/2. Divide the numerator and denominator of the expression by cos A: (4 tan A + 3) / (4 tan A - 3). Substitute the value of tan A: (4(3/2) + 3) / (4(3/2) - 3) = (6 + 3) / (6 - 3) = 9 / 3 = 3.</p>"
                  }
                ]
              },
              {
                "chapter_name": "Polynomials",
                "questions": [
                  {
                    "question_no": 7,
                    "question_html": "<p>If α, β are the zeroes of a polynomial p(x) = x² + x − 1, then 1/α + 1/β equals to</p>",
                    "options": [
                      {
                        "id": "a",
                        "text": "1"
                      },
                      {
                        "id": "b",
                        "text": "2"
                      },
                      {
                        "id": "c",
                        "text": "-1"
                      },
                      {
                        "id": "d",
                        "text": "-1/2"
                      }
                    ],
                    "correct_answer": {
                      "ids": [
                        "a"
                      ]
                    },
                    "question_type": "mcq_single",
                    "difficulty_level": "easy",
                    "explanation_html": "<p>For the polynomial p(x) = x² + x - 1, the sum of zeroes α + β = -b/a = -1/1 = -1, and the product of zeroes αβ = c/a = -1/1 = -1. The expression 1/α + 1/β can be written as (α + β) / αβ. Substituting the values, we get (-1) / (-1) = 1.</p>"
                  }
                ]
              },
              {
                "chapter_name": "Quadratic Equations",
                "questions": [
                  {
                    "question_no": 8,
                    "question_html": "<p>The least positive value of k, for which the quadratic equation 2x² + kx − 4 = 0 has rational roots, is</p>",
                    "options": [
                      {
                        "id": "a",
                        "text": "±2√2"
                      },
                      {
                        "id": "b",
                        "text": "2"
                      },
                      {
                        "id": "c",
                        "text": "±2"
                      },
                      {
                        "id": "d",
                        "text": "√2"
                      }
                    ],
                    "correct_answer": {
                      "ids": [
                        "b"
                      ]
                    },
                    "question_type": "mcq_single",
                    "difficulty_level": "medium",
                    "explanation_html": "<p>For rational roots, the discriminant (D) must be a perfect square. D = b² - 4ac = k² - 4(2)(-4) = k² + 32. We need k² + 32 to be a perfect square. Let k² + 32 = m². Then m² - k² = 32, or (m-k)(m+k) = 32. Since m and k are integers, (m-k) and (m+k) are integer factors of 32. Trying pairs of factors, e.g., (2, 16) gives 2m=18 -> m=9 and 2k=14 -> k=7. Trying (4, 8) gives 2m=12 -> m=6 and 2k=4 -> k=2. The least positive value for k is 2.</p>"
                  }
                ]
              },
              {
                "chapter_name": "Introduction to Trigonometry",
                "questions": [
                  {
                    "question_no": 9,
                    "question_html": "<p>(3/4)tan²30° - sec²45° + sin²60° is equal to</p>",
                    "options": [
                      {
                        "id": "a",
                        "text": "-1"
                      },
                      {
                        "id": "b",
                        "text": "5/6"
                      },
                      {
                        "id": "c",
                        "text": "-3/2"
                      },
                      {
                        "id": "d",
                        "text": "1/6"
                      }
                    ],
                    "correct_answer": {
                      "ids": [
                        "a"
                      ]
                    },
                    "question_type": "mcq_single",
                    "difficulty_level": "easy",
                    "explanation_html": "<p>We substitute the standard values: tan 30° = 1/√3, sec 45° = √2, sin 60° = √3/2. The expression becomes (3/4)(1/√3)² - (√2)² + (√3/2)² = (3/4)(1/3) - 2 + (3/4) = 1/4 - 2 + 3/4 = 1 - 2 = -1.</p>"
                  }
                ]
              },
              {
                "chapter_name": "Surface Areas and Volumes",
                "questions": [
                  {
                    "question_no": 10,
                    "question_html": "<p>Curved surface area of a cylinder of height 5 cm is 94.2 cm². Radius of the cylinder is (Take π = 3.14)</p>",
                    "options": [
                      {
                        "id": "a",
                        "text": "2 cm"
                      },
                      {
                        "id": "b",
                        "text": "3 cm"
                      },
                      {
                        "id": "c",
                        "text": "2.9 cm"
                      },
                      {
                        "id": "d",
                        "text": "6 cm"
                      }
                    ],
                    "correct_answer": {
                      "ids": [
                        "b"
                      ]
                    },
                    "question_type": "mcq_single",
                    "difficulty_level": "easy",
                    "explanation_html": "<p>The curved surface area of a cylinder is 2πrh. We are given CSA = 94.2, h = 5, and π = 3.14. So, 94.2 = 2 * 3.14 * r * 5. This simplifies to 94.2 = 31.4 * r. Therefore, r = 94.2 / 31.4 = 3 cm.</p>"
                  }
                ]
              },
              {
                "chapter_name": "Statistics",
                "questions": [
                  {
                    "question_no": 11,
                    "question_html": "<p>The distribution below gives the marks obtained by 80 students on a test : (Table shows cumulative frequency 'Less than' type). The modal class of this distribution is :</p>",
                    "options": [
                      {
                        "id": "a",
                        "text": "10-20"
                      },
                      {
                        "id": "b",
                        "text": "20-30"
                      },
                      {
                        "id": "c",
                        "text": "30-40"
                      },
                      {
                        "id": "d",
                        "text": "50-60"
                      }
                    ],
                    "correct_answer": {
                      "ids": [
                        "c"
                      ]
                    },
                    "question_type": "mcq_single",
                    "difficulty_level": "medium",
                    "explanation_html": "<p>First, we need to find the frequency of each class. Class 0-10: 3. Class 10-20: 12-3=9. Class 20-30: 27-12=15. Class 30-40: 57-27=30. Class 40-50: 75-57=18. Class 50-60: 80-75=5. The highest frequency is 30, which corresponds to the class interval 30-40. Therefore, the modal class is 30-40.</p>"
                  }
                ]
              },
              {
                "chapter_name": "Surface Areas and Volumes",
                "questions": [
                  {
                    "question_no": 12,
                    "question_html": "<p>The curved surface area of a cone having height 24 cm and radius 7 cm, is</p>",
                    "options": [
                      {
                        "id": "a",
                        "text": "528 cm²"
                      },
                      {
                        "id": "b",
                        "text": "1056 cm²"
                      },
                      {
                        "id": "c",
                        "text": "550 cm²"
                      },
                      {
                        "id": "d",
                        "text": "500 cm²"
                      }
                    ],
                    "correct_answer": {
                      "ids": [
                        "c"
                      ]
                    },
                    "question_type": "mcq_single",
                    "difficulty_level": "easy",
                    "explanation_html": "<p>First, find the slant height (l) of the cone using l = √(r² + h²). l = √(7² + 24²) = √(49 + 576) = √625 = 25 cm. The curved surface area of a cone is πrl. Using π = 22/7, CSA = (22/7) * 7 * 25 = 22 * 25 = 550 cm².</p>"
                  }
                ]
              },
              {
                "chapter_name": "Coordinate Geometry",
                "questions": [
                  {
                    "question_no": 13,
                    "question_html": "<p>The distance between the points (0, 2√5) and (−2√5, 0) is</p>",
                    "options": [
                      {
                        "id": "a",
                        "text": "2√10 units"
                      },
                      {
                        "id": "b",
                        "text": "4√10 units"
                      },
                      {
                        "id": "c",
                        "text": "2√20 units"
                      },
                      {
                        "id": "d",
                        "text": "0"
                      }
                    ],
                    "correct_answer": {
                      "ids": [
                        "a"
                      ]
                    },
                    "question_type": "mcq_single",
                    "difficulty_level": "easy",
                    "explanation_html": "<p>Using the distance formula, d = √((x₂-x₁)² + (y₂-y₁)²). d = √((-2√5 - 0)² + (0 - 2√5)²). d = √((-2√5)² + (-2√5)²) = √(20 + 20) = √40 = √(4*10) = 2√10 units.</p>"
                  }
                ]
              },
              {
                "chapter_name": "Polynomials",
                "questions": [
                  {
                    "question_no": 14,
                    "question_html": "<p>Which of the following is a quadratic polynomial having zeroes −2/3 and 2/3 ?</p>",
                    "options": [
                      {
                        "id": "a",
                        "text": "4x² − 9"
                      },
                      {
                        "id": "b",
                        "text": "(4/9)(9x² + 4)"
                      },
                      {
                        "id": "c",
                        "text": "x² + 9/4"
                      },
                      {
                        "id": "d",
                        "text": "5(9x² − 4)"
                      }
                    ],
                    "correct_answer": {
                      "ids": [
                        "d"
                      ]
                    },
                    "question_type": "mcq_single",
                    "difficulty_level": "medium",
                    "explanation_html": "<p>A quadratic polynomial with zeroes α and β is given by k(x - α)(x - β). Here, α = -2/3 and β = 2/3. So, the polynomial is k(x - (-2/3))(x - 2/3) = k(x + 2/3)(x - 2/3) = k(x² - 4/9). Let k = 45, then the polynomial becomes 45(x² - 4/9) = 5 * 9 (x² - 4/9) = 5(9x² - 4). So, option (D) is correct. Option (A) 4x²-9 has zeroes ±3/2. Option (B) has no real zeroes. Option (C) has no real zeroes.</p>"
                  }
                ]
              },
              {
                "chapter_name": "Statistics",
                "questions": [
                  {
                    "question_no": 15,
                    "question_html": "<p>If the value of each observation of a statistical data is increased by 3, then the mean of the data</p>",
                    "options": [
                      {
                        "id": "a",
                        "text": "remains unchanged"
                      },
                      {
                        "id": "b",
                        "text": "increases by 3"
                      },
                      {
                        "id": "c",
                        "text": "increases by 6"
                      },
                      {
                        "id": "d",
                        "text": "increases by 3n"
                      }
                    ],
                    "correct_answer": {
                      "ids": [
                        "b"
                      ]
                    },
                    "question_type": "mcq_single",
                    "difficulty_level": "easy",
                    "explanation_html": "<p>If each observation in a data set is increased by a constant value 'k', the new mean is also increased by 'k'. In this case, each observation is increased by 3, so the mean of the data increases by 3.</p>"
                  }
                ]
              },
              {
                "chapter_name": "Probability",
                "questions": [
                  {
                    "question_no": 16,
                    "question_html": "<p>Probability of happening of an event is denoted by p and probability of non-happening of the event is denoted by q. Relation between p and q is</p>",
                    "options": [
                      {
                        "id": "a",
                        "text": "p + q = 1"
                      },
                      {
                        "id": "b",
                        "text": "p = 1, q = 1"
                      },
                      {
                        "id": "c",
                        "text": "p = q − 1"
                      },
                      {
                        "id": "d",
                        "text": "p + q + 1 = 0"
                      }
                    ],
                    "correct_answer": {
                      "ids": [
                        "a"
                      ]
                    },
                    "question_type": "mcq_single",
                    "difficulty_level": "easy",
                    "explanation_html": "<p>The sum of the probabilities of an event happening and the event not happening is always equal to 1. Therefore, p + q = 1.</p>"
                  }
                ]
              },
              {
                "chapter_name": "Probability",
                "questions": [
                  {
                    "question_no": 17,
                    "question_html": "<p>A girl calculates that the probability of her winning the first prize in a lottery is 0.08. If 6000 tickets are sold, how many tickets has she bought ?</p>",
                    "options": [
                      {
                        "id": "a",
                        "text": "40"
                      },
                      {
                        "id": "b",
                        "text": "240"
                      },
                      {
                        "id": "c",
                        "text": "480"
                      },
                      {
                        "id": "d",
                        "text": "750"
                      }
                    ],
                    "correct_answer": {
                      "ids": [
                        "c"
                      ]
                    },
                    "question_type": "mcq_single",
                    "difficulty_level": "easy",
                    "explanation_html": "<p>Let the number of tickets bought by the girl be x. The probability of winning is the number of favorable outcomes divided by the total number of outcomes. So, 0.08 = x / 6000. This gives x = 0.08 * 6000 = 480 tickets.</p>"
                  }
                ]
              },
              {
                "chapter_name": "Probability",
                "questions": [
                  {
                    "question_no": 18,
                    "question_html": "<p>In a group of 20 people, 5 can't swim. If one person is selected at random, then the probability that he/she can swim, is</p>",
                    "options": [
                      {
                        "id": "a",
                        "text": "3/4"
                      },
                      {
                        "id": "b",
                        "text": "1/3"
                      },
                      {
                        "id": "c",
                        "text": "1"
                      },
                      {
                        "id": "d",
                        "text": "1/4"
                      }
                    ],
                    "correct_answer": {
                      "ids": [
                        "a"
                      ]
                    },
                    "question_type": "mcq_single",
                    "difficulty_level": "easy",
                    "explanation_html": "<p>The number of people who can swim is 20 - 5 = 15. The total number of people is 20. The probability of selecting a person who can swim is 15/20 = 3/4.</p>"
                  }
                ]
              },
              {
                "chapter_name": "Coordinate Geometry",
                "questions": [
                  {
                    "question_no": 19,
                    "question_html": "<p><b>Assertion (A)</b>: Point P(0, 2) is the point of intersection of y-axis with the line 3x + 2y = 4.</p><p><b>Reason (R)</b>: The distance of point P(0, 2) from x-axis is 2 units.</p>",
                    "options": [
                      {
                        "id": "a",
                        "text": "Both Assertion (A) and Reason (R) are true and Reason (R) is the correct explanation of Assertion (A)."
                      },
                      {
                        "id": "b",
                        "text": "Both Assertion (A) and Reason (R) are true but Reason (R) is not the correct explanation of Assertion (A)."
                      },
                      {
                        "id": "c",
                        "text": "Assertion (A) is true but Reason (R) is false."
                      },
                      {
                        "id": "d",
                        "text": "Assertion (A) is false but Reason (R) is true."
                      }
                    ],
                    "correct_answer": {
                      "ids": [
                        "b"
                      ]
                    },
                    "question_type": "mcq_single",
                    "difficulty_level": "medium",
                    "explanation_html": "<p>To check Assertion (A), substitute the coordinates of P(0, 2) into the equation 3x + 2y = 4. 3(0) + 2(2) = 4, which is true. So, Assertion (A) is true. For Reason (R), the distance of a point (x, y) from the x-axis is |y|. For P(0, 2), the distance is |2| = 2 units. So, Reason (R) is also true. However, the reason does not explain the assertion. The correct explanation for the assertion would be about substituting the point into the line's equation or finding the y-intercept of the line. Thus, both are true but R is not the correct explanation of A.</p>"
                  }
                ]
              },
              {
                "chapter_name": "Triangles",
                "questions": [
                  {
                    "question_no": 20,
                    "question_html": "<p><b>Assertion (A)</b>: The perimeter of ΔABC is a rational number.</p><p><b>Reason (R)</b>: The sum of the squares of two rational numbers is always rational.</p>",
                    "images": [
                      {
                        "url": "https://img.testbuddyai.com/Maths-30-1-23-Q20.png"
                      }
                    ],
                    "options": [
                      {
                        "id": "a",
                        "text": "Both Assertion (A) and Reason (R) are true and Reason (R) is the correct explanation of Assertion (A)."
                      },
                      {
                        "id": "b",
                        "text": "Both Assertion (A) and Reason (R) are true but Reason (R) is not the correct explanation of Assertion (A)."
                      },
                      {
                        "id": "c",
                        "text": "Assertion (A) is true but Reason (R) is false."
                      },
                      {
                        "id": "d",
                        "text": "Assertion (A) is false but Reason (R) is true."
                      }
                    ],
                    "correct_answer": {
                      "ids": [
                        "d"
                      ]
                    },
                    "question_type": "mcq_single",
                    "difficulty_level": "medium",
                    "explanation_html": "<p>In the given right-angled triangle, AB = 2 cm and BC = 3 cm. By Pythagoras theorem, AC = √(AB² + BC²) = √(2² + 3²) = √(4 + 9) = √13 cm. The perimeter is AB + BC + AC = 2 + 3 + √13 = 5 + √13. Since √13 is irrational, the perimeter is irrational. Therefore, Assertion (A) is false. Reason (R) states that the sum of the squares of two rational numbers is always rational. This is true. If a and b are rational, then a² and b² are rational, and their sum a² + b² is also rational. Thus, Assertion (A) is false but Reason (R) is true.</p>"
                  }
                ]
              },
              {
                "chapter_name": "Pair of Linear Equations in Two Variables",
                "questions": [
                  {
                    "question_no": 21,
                    "question_html": "<p>(a) Solve the pair of equations x = 3 and y = –4 graphically.</p><p>OR</p><p>(b) Using graphical method, find whether following system of linear equations is consistent or not :<br>x = 0 and y = -7</p>",
                    "options": [],
                    "correct_answer": {
                      "text": "<p><b>Part (a)</b></p><p>To solve the equations x = 3 and y = -4 graphically, we need to draw the lines corresponding to these equations on a coordinate plane.</p><p>1.  The equation <b>x = 3</b> represents a vertical line where the x-coordinate of every point is 3. This line is parallel to the y-axis and passes through the point (3, 0).</p><p>2.  The equation <b>y = -4</b> represents a horizontal line where the y-coordinate of every point is -4. This line is parallel to the x-axis and passes through the point (0, -4).</p><p>The solution to the system is the point where these two lines intersect. The vertical line x = 3 and the horizontal line y = -4 intersect at the point <b>(3, -4)</b>.</p><p><b>Part (b) OR</b></p><p>A system of linear equations is consistent if it has at least one solution. Graphically, this means the lines representing the equations intersect at one or more points.</p><p>The given system of equations is:</p><p>1.  <b>x = 0</b>: This is the equation of the y-axis.</p><p>2.  <b>y = -7</b>: This is the equation of a horizontal line parallel to the x-axis, passing through the point (0, -7).</p><p>The line x = 0 (the y-axis) and the line y = -7 intersect at the point where the x-coordinate is 0 and the y-coordinate is -7. This point is <b>(0, -7)</b>.</p><p>Since the two lines intersect at a single point, the system has a unique solution. Therefore, the system of equations is <b>consistent</b>.</p>"
                    },
                    "question_type": "Very Short Answer (2 marks)",
                    "difficulty_level": "easy",
                    "explanation_html": null
                  }
                ]
              },
              {
                "chapter_name": "Triangles",
                "questions": [
                  {
                    "question_no": 22,
                    "question_html": "<p>In the given figure, XZ is parallel to BC. AZ = 3 cm, ZC = 2 cm, BM = 3 cm and MC = 5 cm. Find the length of XY.</p>",
                    "images": [
                      {
                        "url": "https://img.testbuddyai.com/Maths-30-1-23-Q22.png"
                      }
                    ],
                    "options": [],
                    "correct_answer": {
                      "text": "<p><b>Given:</b> In ΔABC, XZ || BC. A line segment AM intersects XZ at Y.</p><p><b>Step 1: Use Basic Proportionality Theorem in ΔABC.</b></p><p>Since XZ || BC, by the Basic Proportionality Theorem (Thales's Theorem), the line XZ divides the sides AB and AC in the same ratio.</p><p>AX / XB = AZ / ZC</p><p>Given AZ = 3 cm and ZC = 2 cm.</p><p>So, AX / XB = 3 / 2.</p><p><b>Step 2: Use similarity in ΔAXY and ΔABM.</b></p><p>In ΔAXY and ΔABM:</p><ul><li>∠XAY = ∠BAM (Common angle)</li><li>Since XY is part of XZ and XZ || BC, we have XY || BM. Therefore, ∠AXY = ∠ABM (Corresponding angles).</li></ul><p>By the AA (Angle-Angle) similarity criterion, ΔAXY ~ ΔABM.</p><p><b>Step 3: Use the property of similar triangles to find XY.</b></p><p>Since the triangles are similar, the ratio of their corresponding sides is equal.</p><p>AX / AB = XY / BM</p><p>From Step 1, we know AX / XB = 3 / 2. This means AX = 3k and XB = 2k for some constant k. So, AB = AX + XB = 3k + 2k = 5k. The ratio AX / AB = 3k / 5k = 3/5.</p><p>Now substitute the values into the similarity ratio:</p><p>3 / 5 = XY / BM</p><p>We are given BM = 3 cm.</p><p>3 / 5 = XY / 3</p><p>XY = (3 * 3) / 5 = 9 / 5 = 1.8 cm.</p><p>The length of XY is 1.8 cm.</p>"
                    },
                    "question_type": "Very Short Answer (2 marks)",
                    "difficulty_level": "medium",
                    "explanation_html": null
                  }
                ]
              },
              {
                "chapter_name": "Introduction to Trigonometry",
                "questions": [
                  {
                    "question_no": 23,
                    "question_html": "<p>(a) If sin θ + cos θ = √3, then find the value of sin θ · cos θ.</p><p>OR</p><p>(b) If sin α = 1/√2 and cot β = √3, then find the value of cosec α + cosec β.</p>",
                    "options": [],
                    "correct_answer": {
                      "text": "<p><b>Part (a)</b></p><p>Given the equation: sin θ + cos θ = √3.</p><p>To find the value of sin θ · cos θ, we can square both sides of the given equation.</p><p>(sin θ + cos θ)² = (√3)²</p><p>Using the algebraic identity (a + b)² = a² + 2ab + b², we expand the left side:</p><p>sin²θ + 2sinθcosθ + cos²θ = 3</p><p>We know the Pythagorean identity: sin²θ + cos²θ = 1.</p><p>Rearranging the terms:</p><p>(sin²θ + cos²θ) + 2sinθcosθ = 3</p><p>1 + 2sinθcosθ = 3</p><p>2sinθcosθ = 3 - 1</p><p>2sinθcosθ = 2</p><p>sinθcosθ = 1.</p><p><b>Part (b) OR</b></p><p>We are given two trigonometric values and asked to find the sum of their cosecants.</p><p><b>For α:</b></p><p>Given sin α = 1/√2.</p><p>The cosecant function is the reciprocal of the sine function: cosec α = 1 / sin α.</p><p>cosec α = 1 / (1/√2) = √2.</p><p><b>For β:</b></p><p>Given cot β = √3.</p><p>We use the Pythagorean identity: cosec²β = 1 + cot²β.</p><p>cosec²β = 1 + (√3)² = 1 + 3 = 4.</p><p>cosec β = √4 = 2. (Assuming β is an acute angle, cosec β is positive).</p><p><b>Calculate the sum:</b></p><p>cosec α + cosec β = √2 + 2.</p>"
                    },
                    "question_type": "Very Short Answer (2 marks)",
                    "difficulty_level": "medium",
                    "explanation_html": null
                  }
                ]
              },
              {
                "chapter_name": "Real Numbers",
                "questions": [
                  {
                    "question_no": 24,
                    "question_html": "<p>Find the greatest number which divides 85 and 72 leaving remainders 1 and 2 respectively.</p>",
                    "options": [],
                    "correct_answer": {
                      "text": "<p>Let the required greatest number be 'x'.</p><p>According to the problem:</p><p>1.  When 85 is divided by 'x', the remainder is 1. This means that (85 - 1) = 84 is exactly divisible by 'x'.</p><p>2.  When 72 is divided by 'x', the remainder is 2. This means that (72 - 2) = 70 is exactly divisible by 'x'.</p><p>So, 'x' is a common divisor of 84 and 70. Since we need the greatest such number, we need to find the Highest Common Factor (HCF) of 84 and 70.</p><p>We can use the prime factorization method to find the HCF.</p><p><b>Prime factorization of 84:</b></p><p>84 = 2 × 42 = 2 × 2 × 21 = 2² × 3 × 7</p><p><b>Prime factorization of 70:</b></p><p>70 = 2 × 35 = 2 × 5 × 7</p><p>To find the HCF, we take the product of the common prime factors raised to their lowest powers.</p><p>The common prime factors are 2 and 7.</p><p>The lowest power of 2 is 2¹.</p><p>The lowest power of 7 is 7¹.</p><p>HCF(84, 70) = 2¹ × 7¹ = 14.</p><p>Therefore, the greatest number is 14.</p>"
                    },
                    "question_type": "Very Short Answer (2 marks)",
                    "difficulty_level": "easy",
                    "explanation_html": null
                  }
                ]
              },
              {
                "chapter_name": "Probability",
                "questions": [
                  {
                    "question_no": 25,
                    "question_html": "<p>A bag contains 4 red, 3 blue and 2 yellow balls. One ball is drawn at random from the bag. Find the probability that drawn ball is (i) red (ii) yellow.</p>",
                    "options": [],
                    "correct_answer": {
                      "text": "<p>First, calculate the total number of balls in the bag.</p><p>Number of red balls = 4</p><p>Number of blue balls = 3</p><p>Number of yellow balls = 2</p><p>Total number of balls = 4 + 3 + 2 = 9.</p><p>The total number of possible outcomes when one ball is drawn is 9.</p><p><b>(i) Probability of drawing a red ball:</b></p><p>The number of favorable outcomes (drawing a red ball) is 4.</p><p>P(Red) = (Number of red balls) / (Total number of balls)</p><p>P(Red) = 4 / 9.</p><p><b>(ii) Probability of drawing a yellow ball:</b></p><p>The number of favorable outcomes (drawing a yellow ball) is 2.</p><p>P(Yellow) = (Number of yellow balls) / (Total number of balls)</p><p>P(Yellow) = 2 / 9.</p>"
                    },
                    "question_type": "Very Short Answer (2 marks)",
                    "difficulty_level": "easy",
                    "explanation_html": null
                  }
                ]
              },
              {
                "chapter_name": "Pair of Linear Equations in Two Variables",
                "questions": [
                  {
                    "question_no": 26,
                    "question_html": "<p>Half of the difference between two numbers is 2. The sum of the greater number and twice the smaller number is 13. Find the numbers.</p>",
                    "options": [],
                    "correct_answer": {
                      "text": "<p>Let the two numbers be x and y, and let x be the greater number (x > y).</p><p>From the problem statement, we can form two linear equations.</p><p><b>Equation 1: Half of the difference between two numbers is 2.</b></p><p>(1/2) * (x - y) = 2</p><p>Multiplying by 2, we get:</p><p>x - y = 4  ---(i)</p><p><b>Equation 2: The sum of the greater number and twice the smaller number is 13.</b></p><p>x + 2y = 13  ---(ii)</p><p>Now we have a system of two linear equations to solve.</p><p>We can use the substitution method. From equation (i), we can express x as:</p><p>x = y + 4</p><p>Substitute this expression for x into equation (ii):</p><p>(y + 4) + 2y = 13</p><p>3y + 4 = 13</p><p>3y = 9</p><p>y = 3</p><p>Now substitute the value of y back into the expression for x:</p><p>x = 3 + 4</p><p>x = 7</p><p>The two numbers are 7 and 3.</p>"
                    },
                    "question_type": "Short Answer (3 marks)",
                    "difficulty_level": "medium",
                    "explanation_html": null
                  }
                ]
              },
              {
                "chapter_name": "Real Numbers",
                "questions": [
                  {
                    "question_no": 27,
                    "question_html": "<p>Prove that √5 is an irrational number.</p>",
                    "options": [],
                    "correct_answer": {
                      "text": "<p>We will use the method of proof by contradiction.</p><p><b>Step 1: Assumption</b></p><p>Assume that √5 is a rational number. This means it can be expressed in the form p/q, where p and q are integers, q ≠ 0, and p and q are coprime (they have no common factors other than 1).</p><p>√5 = p/q</p><p><b>Step 2: Manipulate the equation</b></p><p>Square both sides of the equation:</p><p>5 = p²/q²</p><p>Multiply both sides by q²:</p><p>5q² = p²   ---(1)</p><p><b>Step 3: Analyze the result</b></p><p>From equation (1), we can see that p² is a multiple of 5. A property of prime numbers states that if a prime divides the square of an integer, it must also divide the integer itself. Since 5 is a prime number, this means p must also be a multiple of 5.</p><p>So, we can write p = 5a for some integer 'a'.</p><p><b>Step 4: Substitute and find the contradiction</b></p><p>Substitute p = 5a back into equation (1):</p><p>5q² = (5a)²</p><p>5q² = 25a²</p><p>q² = 5a²</p><p>This result shows that q² is a multiple of 5. By the same property, q must also be a multiple of 5.</p><p><b>Step 5: Conclusion</b></p><p>We have concluded that both p and q are multiples of 5. This means they have a common factor of 5. This contradicts our initial assumption that p and q are coprime.</p><p>Since our assumption leads to a contradiction, the assumption must be false. Therefore, √5 is an irrational number.</p>"
                    },
                    "question_type": "Short Answer (3 marks)",
                    "difficulty_level": "easy",
                    "explanation_html": null
                  }
                ]
              },
              {
                "chapter_name": "Coordinate Geometry",
                "questions": [
                  {
                    "question_no": 28,
                    "question_html": "<p>If (–5, 3) and (5, 3) are two vertices of an equilateral triangle, then find co-ordinates of the third vertex, given that origin lies inside the triangle. (Take √3 = 1.7)</p>",
                    "options": [],
                    "correct_answer": {
                      "text": "<p>Let the vertices of the equilateral triangle be A(–5, 3), B(5, 3), and C(x, y).</p><p><b>Step 1: Find the length of the side AB.</b></p><p>Using the distance formula, AB = √[(5 - (-5))² + (3 - 3)²] = √[(10)² + 0²] = √100 = 10 units.</p><p>Since the triangle is equilateral, all sides are equal: AB = BC = AC = 10.</p><p><b>Step 2: Use the distance formula for AC and BC.</b></p><p>AC² = (x - (-5))² + (y - 3)² = (x + 5)² + (y - 3)² = 10² = 100.</p><p>BC² = (x - 5)² + (y - 3)² = 10² = 100.</p><p><b>Step 3: Equate AC² and BC² to find x.</b></p><p>(x + 5)² + (y - 3)² = (x - 5)² + (y - 3)²</p><p>(x + 5)² = (x - 5)²</p><p>x² + 10x + 25 = x² - 10x + 25</p><p>20x = 0  =>  x = 0.</p><p>This means the third vertex lies on the y-axis.</p><p><b>Step 4: Substitute x = 0 into the equation for AC² to find y.</b></p><p>(0 + 5)² + (y - 3)² = 100</p><p>25 + (y - 3)² = 100</p><p>(y - 3)² = 75</p><p>y - 3 = ±√75 = ±√(25 × 3) = ±5√3.</p><p>This gives two possible values for y:</p><p>y = 3 + 5√3  or  y = 3 - 5√3.</p><p><b>Step 5: Choose the correct vertex based on the condition.</b></p><p>The two possible coordinates for vertex C are (0, 3 + 5√3) and (0, 3 - 5√3).</p><p>We are given that the origin (0, 0) lies inside the triangle.</p><p>Let's check the y-coordinates:</p><ul><li>y = 3 + 5√3 = 3 + 5(1.7) = 3 + 8.5 = 11.5. The vertex is (0, 11.5). The triangle would be entirely above the x-axis, so the origin would not be inside.</li><li>y = 3 - 5√3 = 3 - 5(1.7) = 3 - 8.5 = -5.5. The vertex is (0, -5.5). The base AB is at y=3 and the third vertex is at y=-5.5. The origin (y=0) is between these y-values.</li></ul><p>Therefore, for the origin to be inside the triangle, the third vertex must be (0, 3 - 5√3) or approximately (0, -5.5).</p>"
                    },
                    "question_type": "Short Answer (3 marks)",
                    "difficulty_level": "hard",
                    "explanation_html": null
                  }
                ]
              },
              {
                "chapter_name": "Circles",
                "questions": [
                  {
                    "question_no": 29,
                    "question_html": "<p>(a) Two tangents TP and TQ are drawn to a circle with centre O from an external point T. Prove that ∠PTQ = 2∠OPQ.</p><p>OR</p><p>(b) In the given figure, a circle is inscribed in a quadrilateral ABCD in which ∠B = 90°. If AD = 17 cm, AB = 20 cm and DS = 3 cm, then find the radius of the circle.</p>",
                    "images": [
                      {
                        "url": "https://img.testbuddyai.com/Maths-30-1-23-Q29a.png"
                      },
                      {
                        "url": "https://img.testbuddyai.com/Maths-30-1-23-Q29b.png"
                      }
                    ],
                    "options": [],
                    "correct_answer": {
                      "text": "<p><b>Part (a)</b></p><p><b>Given:</b> A circle with center O, an external point T, and two tangents TP and TQ.</p><p><b>To Prove:</b> ∠PTQ = 2∠OPQ.</p><p><b>Proof:</b> Let ∠PTQ = θ.</p><p>In triangle PTQ, we know that tangents from an external point to a circle are equal in length. So, TP = TQ.</p><p>This makes ΔPTQ an isosceles triangle. Therefore, the angles opposite the equal sides are equal: ∠TPQ = ∠TQP.</p><p>The sum of angles in ΔPTQ is 180°. So, ∠PTQ + ∠TPQ + ∠TQP = 180°.</p><p>θ + 2∠TPQ = 180°</p><p>∠TPQ = (180° - θ) / 2 = 90° - θ/2.</p><p>We also know that the radius is perpendicular to the tangent at the point of contact. So, OP ⊥ TP, which means ∠OPT = 90°.</p><p>From the figure, ∠OPT = ∠OPQ + ∠TPQ.</p><p>90° = ∠OPQ + (90° - θ/2)</p><p>∠OPQ = 90° - 90° + θ/2</p><p>∠OPQ = θ/2.</p><p>This means θ = 2∠OPQ. Since θ = ∠PTQ, we have ∠PTQ = 2∠OPQ.</p><p>Hence, proved.</p><p><b>Part (b) OR</b></p><p><b>Given:</b> A circle inscribed in quadrilateral ABCD with ∠B = 90°. AD = 17 cm, AB = 20 cm, DS = 3 cm. Let the points of tangency be P, Q, R, S on sides AB, BC, CD, DA respectively.</p><p><b>To find:</b> The radius of the circle (r).</p><p><b>Proof:</b></p><p>The lengths of tangents from an external point to a circle are equal.</p><ul><li>From vertex D: DR = DS = 3 cm.</li><li>From vertex A: AR = AD - DR = 17 - 3 = 14 cm. So, AP = AR = 14 cm.</li><li>From vertex B: BQ = AB - AP = 20 - 14 = 6 cm.</li></ul><p>Now consider the quadrilateral OPBQ where O is the center of the circle. Let the radius be r.</p><ul><li>OP ⊥ AB and OQ ⊥ BC (radius is perpendicular to tangent).</li><li>∠PBQ is given as ∠B = 90°.</li><li>OP = OQ = r (radii of the same circle).</li></ul><p>In quadrilateral OPBQ, three angles are 90° (at P, B, and Q), so it is a rectangle. Since adjacent sides OP and OQ are equal (both are radii), OPBQ must be a square.</p><p>Therefore, all sides of OPBQ are equal to the radius r. So, BQ = BP = r.</p><p>From our earlier calculation, we found BQ = 6 cm.</p><p>Therefore, the radius of the circle is r = 6 cm.</p>"
                    },
                    "question_type": "Short Answer (3 marks)",
                    "difficulty_level": "hard",
                    "explanation_html": null
                  }
                ]
              },
              {
                "chapter_name": "Introduction to Trigonometry",
                "questions": [
                  {
                    "question_no": 30,
                    "question_html": "<p>Prove that : (tan θ + sec θ − 1) / (tan θ − sec θ + 1) = (1 + sin θ) / cos θ</p>",
                    "options": [],
                    "correct_answer": {
                      "text": "<p>We will simplify the Left Hand Side (LHS).</p><p>LHS = (tan θ + sec θ − 1) / (tan θ − sec θ + 1)</p><p>Using the identity sec²θ - tan²θ = 1, we can replace the '1' in the numerator.</p><p>LHS = [ (tan θ + sec θ) − (sec²θ - tan²θ) ] / (tan θ − sec θ + 1)</p><p>Factor the difference of squares in the numerator: sec²θ - tan²θ = (sec θ - tan θ)(sec θ + tan θ).</p><p>LHS = [ (tan θ + sec θ) − (sec θ - tan θ)(sec θ + tan θ) ] / (tan θ − sec θ + 1)</p><p>Factor out the common term (tan θ + sec θ) from the numerator.</p><p>LHS = [ (tan θ + sec θ) * {1 - (sec θ - tan θ)} ] / (tan θ − sec θ + 1)</p><p>LHS = [ (tan θ + sec θ) * (1 - sec θ + tan θ) ] / (tan θ − sec θ + 1)</p><p>The term (1 - sec θ + tan θ) in the numerator is the same as the denominator (tan θ − sec θ + 1). We can cancel them out.</p><p>LHS = tan θ + sec θ</p><p>Now, express tan θ and sec θ in terms of sin θ and cos θ.</p><p>LHS = (sin θ / cos θ) + (1 / cos θ)</p><p>LHS = (sin θ + 1) / cos θ</p><p>LHS = (1 + sin θ) / cos θ = RHS.</p><p>Hence, proved.</p>"
                    },
                    "question_type": "Short Answer (3 marks)",
                    "difficulty_level": "hard",
                    "explanation_html": null
                  }
                ]
              },
              {
                "chapter_name": "Surface Areas and Volumes",
                "questions": [
                  {
                    "question_no": 31,
                    "question_html": "<p>(a) A room is in the form of cylinder surmounted by a hemi-spherical dome. The base radius of hemisphere is one-half the height of cylindrical part. Find total height of the room if it contains (1408/21) m³ of air. (Take π = 22/7)</p><p>OR</p><p>(b) An empty cone is of radius 3 cm and height 12 cm. Ice-cream is filled in it so that lower part of the cone which is (1/6)th of the volume of the cone is unfilled but hemisphere is formed on the top. Find volume of the ice-cream. (Take π = 3.14)</p>",
                    "images": [
                      {
                        "url": "https://img.testbuddyai.com/Maths-30-1-23-Q31b.png"
                      }
                    ],
                    "options": [],
                    "correct_answer": {
                      "text": "<p><b>Part (a)</b></p><p>Let 'h' be the height of the cylindrical part and 'r' be the radius of the base.</p><p>Given: Radius of hemisphere (r) is one-half the height of the cylinder.</p><p>r = h/2  => h = 2r.</p><p>The volume of air in the room is the sum of the volume of the cylinder and the volume of the hemisphere.</p><p>Volume = (Volume of Cylinder) + (Volume of Hemisphere)</p><p>V = πr²h + (2/3)πr³</p><p>Substitute h = 2r into the formula:</p><p>V = πr²(2r) + (2/3)πr³ = 2πr³ + (2/3)πr³ = (6πr³ + 2πr³)/3 = (8/3)πr³.</p><p>We are given that the volume V = 1408/21 m³.</p><p>(8/3) * (22/7) * r³ = 1408/21</p><p>(176/21) * r³ = 1408/21</p><p>176 * r³ = 1408</p><p>r³ = 1408 / 176 = 8</p><p>r = ³√8 = 2 m.</p><p>Now find the height of the cylinder: h = 2r = 2 * 2 = 4 m.</p><p>Total height of the room = height of cylinder (h) + height of hemisphere (r) = 4 + 2 = 6 m.</p><p><b>Part (b) OR</b></p><p><b>Dimensions of the cone:</b> radius (r) = 3 cm, height (h) = 12 cm.</p><p><b>Step 1: Calculate the total volume of the cone.</b></p><p>V_cone = (1/3)πr²h = (1/3) * π * 3² * 12 = (1/3) * π * 9 * 12 = 36π cm³.</p><p><b>Step 2: Calculate the volume of ice cream inside the cone.</b></p><p>The unfilled part is (1/6) of the cone's volume. So, the filled part is (1 - 1/6) = 5/6 of the cone's volume.</p><p>V_ice_in_cone = (5/6) * V_cone = (5/6) * 36π = 30π cm³.</p><p><b>Step 3: Calculate the volume of the hemispherical top.</b></p><p>The hemisphere has the same radius as the cone, r = 3 cm.</p><p>V_hemisphere = (2/3)πr³ = (2/3) * π * 3³ = (2/3) * π * 27 = 18π cm³.</p><p><b>Step 4: Calculate the total volume of the ice cream.</b></p><p>V_total_ice_cream = V_ice_in_cone + V_hemisphere</p><p>= 30π + 18π = 48π cm³.</p><p>Using π = 3.14:</p><p>V_total_ice_cream = 48 * 3.14 = 150.72 cm³.</p>"
                    },
                    "question_type": "Short Answer (3 marks)",
                    "difficulty_level": "hard",
                    "explanation_html": null
                  }
                ]
              },
              {
                "chapter_name": "Triangles",
                "questions": [
                  {
                    "question_no": 32,
                    "question_html": "<p>If a line is drawn parallel to one side of a triangle to intersect the other two sides at distinct points, prove that the other two sides are divided in the same ratio.</p>",
                    "options": [],
                    "correct_answer": {
                      "text": "<p>This is a proof of the Basic Proportionality Theorem (also known as Thales's Theorem).</p><p><b>Given:</b> A triangle ΔABC in which a line segment DE is drawn parallel to the side BC, intersecting the sides AB and AC at points D and E, respectively.</p><p><b>To Prove:</b> AD/DB = AE/EC.</p><p><b>Construction:</b></p><p>1.  Join the vertices B to E and C to D.</p><p>2.  Draw a perpendicular from E to the side AB, let's call it EN (so EN ⊥ AB).</p><p>3.  Draw a perpendicular from D to the side AC, let's call it DM (so DM ⊥ AC).</p><p><b>Proof:</b></p><p>We will use the formula for the area of a triangle: Area = (1/2) × base × height.</p><p><b>Step 1: Find the ratio of areas of ΔADE and ΔBDE.</b></p><p>Area(ΔADE) = (1/2) × AD × EN (taking AD as base and EN as height).</p><p>Area(ΔBDE) = (1/2) × DB × EN (taking DB as base and EN as height).</p><p>Now, divide the two areas:</p><p>Area(ΔADE) / Area(ΔBDE) = [(1/2) × AD × EN] / [(1/2) × DB × EN] = AD / DB   ---(i)</p><p><b>Step 2: Find the ratio of areas of ΔADE and ΔCDE.</b></p><p>Area(ΔADE) = (1/2) × AE × DM (taking AE as base and DM as height).</p><p>Area(ΔCDE) = (1/2) × EC × DM (taking EC as base and DM as height).</p><p>Now, divide the two areas:</p><p>Area(ΔADE) / Area(ΔCDE) = [(1/2) × AE × DM] / [(1/2) × EC × DM] = AE / EC   ---(ii)</p><p><b>Step 3: Relate the areas of ΔBDE and ΔCDE.</b></p><p>The triangles ΔBDE and ΔCDE are on the same base DE and between the same pair of parallel lines DE and BC. A property of triangles states that triangles on the same base and between the same parallels are equal in area.</p><p>Therefore, Area(ΔBDE) = Area(ΔCDE)   ---(iii)</p><p><b>Step 4: Conclude the proof.</b></p><p>From equations (i), (ii), and (iii), we can see that the denominators in the ratios of equation (i) and (ii) are equal. Therefore, the ratios themselves must be equal.</p><p>AD / DB = AE / EC.</p><p>Hence, proved.</p>"
                    },
                    "question_type": "Long Answer (5 marks)",
                    "difficulty_level": "medium",
                    "explanation_html": null
                  }
                ]
              },
              {
                "chapter_name": "Some Applications of Trigonometry",
                "questions": [
                  {
                    "question_no": 33,
                    "question_html": "<p>(a) The angle of elevation of the top of a tower 24 m high from the foot of another tower in the same plane is 60°. The angle of elevation of the top of second tower from the foot of the first tower is 30°. Find the distance between two towers and the height of the other tower. Also, find the length of the wire attached to the tops of both the towers.</p><p>OR</p><p>(b) A spherical balloon of radius r subtends an angle of 60° at the eye of an observer. If the angle of elevation of its centre is 45° from the same point, then prove that height of the centre of the balloon is √2 times its radius.</p>",
                    "options": [],
                    "correct_answer": {
                      "text": "<p><b>Part (a)</b></p><p>Let AB be the first tower of height 24 m, and CD be the second tower of height 'h'. Let the distance between their feet, AC, be 'x'.</p><p><b>Given:</b></p><ul><li>Height of tower AB = 24 m.</li><li>Angle of elevation from C (foot of 2nd tower) to B (top of 1st tower) is 60°.</li><li>Angle of elevation from A (foot of 1st tower) to D (top of 2nd tower) is 30°.</li></ul><p><b>Step 1: Find the distance between the towers (x).</b></p><p>In the right-angled triangle BAC:</p><p>tan(60°) = AB / AC = 24 / x</p><p>√3 = 24 / x  =>  x = 24 / √3 = 8√3 m.</p><p>The distance between the towers is 8√3 meters.</p><p><b>Step 2: Find the height of the second tower (h).</b></p><p>In the right-angled triangle DCA:</p><p>tan(30°) = CD / AC = h / x</p><p>1/√3 = h / (8√3)</p><p>h = (8√3) / √3 = 8 m.</p><p>The height of the other tower is 8 meters.</p><p><b>Step 3: Find the length of the wire (BD).</b></p><p>Draw a horizontal line DE from D to AB. AE = CD = 8 m, and DE = AC = 8√3 m.</p><p>BE = AB - AE = 24 - 8 = 16 m.</p><p>In the right-angled triangle BED, the wire is the hypotenuse BD.</p><p>BD² = BE² + DE²</p><p>BD² = 16² + (8√3)² = 256 + (64 × 3) = 256 + 192 = 448.</p><p>BD = √448 = √(64 × 7) = 8√7 m.</p><p>The length of the wire is 8√7 meters.</p><p><b>Part (b) OR</b></p><p>Let B be the eye of the observer. Let O be the center of the balloon of radius r. Let P and Q be the points on the balloon such that BP and BQ are tangents. The height of the center of the balloon is OA, where A is the point on the ground directly below O.</p><p><b>Given:</b></p><ul><li>Angle subtended by balloon at the eye, ∠PBQ = 60°.</li><li>Angle of elevation of the center, ∠OBA = 45°.</li></ul><p><b>Step 1: Analyze triangle PBO.</b></p><p>The line BO bisects the angle ∠PBQ. So, ∠PBO = 60°/2 = 30°.</p><p>OP is the radius (r) and is perpendicular to the tangent BP. So, ∠OPB = 90°.</p><p>In the right-angled triangle PBO:</p><p>sin(∠PBO) = Opposite / Hypotenuse = OP / OB</p><p>sin(30°) = r / OB</p><p>1/2 = r / OB  => OB = 2r  ---(i)</p><p><b>Step 2: Analyze triangle OBA.</b></p><p>This is a right-angled triangle with the right angle at A.</p><p>sin(∠OBA) = Opposite / Hypotenuse = OA / OB</p><p>sin(45°) = OA / OB</p><p>1/√2 = OA / OB  => OB = OA√2  ---(ii)</p><p><b>Step 3: Equate the expressions for OB.</b></p><p>From (i) and (ii):</p><p>2r = OA√2</p><p>OA = 2r / √2 = (√2 * √2 * r) / √2 = r√2.</p><p>The height of the center of the balloon (OA) is √2 times its radius (r).</p><p>Hence, proved.</p>"
                    },
                    "question_type": "Long Answer (5 marks)",
                    "difficulty_level": "hard",
                    "explanation_html": null
                  }
                ]
              },
              {
                "chapter_name": "Areas Related to Circles",
                "questions": [
                  {
                    "question_no": 34,
                    "question_html": "<p>A chord of a circle of radius 14 cm subtends an angle of 60° at the centre. Find the area of the corresponding minor segment of the circle. Also find the area of the major segment of the circle.</p>",
                    "options": [],
                    "correct_answer": {
                      "text": "<p><b>Given:</b></p><ul><li>Radius of the circle (r) = 14 cm</li><li>Angle subtended by the chord at the center (θ) = 60°</li></ul><p><b>1. Area of the Minor Segment</b></p><p>Area of Minor Segment = Area of Sector OAB - Area of Triangle OAB.</p><p>   <b>a. Area of Sector OAB:</b></p><p>      Area = (θ/360°) × πr²</p><p>      = (60/360) × (22/7) × 14²</p><p>      = (1/6) × (22/7) × 196</p><p>      = (1/6) × 22 × 28 = 616 / 6 = 308 / 3 cm² (approx 102.67 cm²).</p><p>   <b>b. Area of Triangle OAB:</b></p><p>      In ΔOAB, OA = OB = 14 cm (radii). Since the angle between them is 60°, ΔOAB is an equilateral triangle. All sides are 14 cm.</p><p>      Area = (√3 / 4) × (side)²</p><p>      = (√3 / 4) × 14² = (√3 / 4) × 196 = 49√3 cm².</p><p>   <b>c. Area of Minor Segment:</b></p><p>      = (308/3 - 49√3) cm².</p><p>      Using √3 ≈ 1.73, Area ≈ 102.67 - 49(1.73) = 102.67 - 84.77 = 17.9 cm².</p><p><b>2. Area of the Major Segment</b></p><p>Area of Major Segment = Area of Circle - Area of Minor Segment.</p><p>   <b>a. Area of Circle:</b></p><p>      Area = πr² = (22/7) × 14² = (22/7) × 196 = 22 × 28 = 616 cm².</p><p>   <b>b. Area of Major Segment:</b></p><p>      = 616 - (308/3 - 49√3) = (1848 - 308)/3 + 49√3 = (1540/3 + 49√3) cm².</p><p>      Using the decimal values: Area ≈ 616 - 17.9 = 598.1 cm².</p>"
                    },
                    "question_type": "Long Answer (5 marks)",
                    "difficulty_level": "medium",
                    "explanation_html": null
                  }
                ]
              },
              {
                "chapter_name": "Arithmetic Progressions",
                "questions": [
                  {
                    "question_no": 35,
                    "question_html": "<p>(a) The ratio of the 11th term to 17th term of an A.P. is 3 : 4. Find the ratio of 5th term to 21st term of the same A.P. Also, find the ratio of the sum of first 5 terms to that of first 21 terms.</p><p>OR</p><p>(b) 250 logs are stacked in the following manner : 22 logs in the bottom row, 21 in the next row, 20 in the row next to it and so on. In how many rows, are the 250 logs placed and how many logs are there in the top row ?</p>",
                    "images": [
                      {
                        "url": "https://img.testbuddyai.com/Maths-30-1-23-Q35a.png"
                      }
                    ],
                    "options": [],
                    "correct_answer": {
                      "text": "<p><b>Part (a)</b></p><p>Let the first term of the A.P. be 'a' and the common difference be 'd'.</p><p><b>Step 1: Use the given ratio of terms.</b></p><p>Given: a₁₁ / a₁₇ = 3 / 4</p><p>(a + 10d) / (a + 16d) = 3 / 4</p><p>4(a + 10d) = 3(a + 16d)</p><p>4a + 40d = 3a + 48d</p><p>a = 8d.  ---(i)</p><p><b>Step 2: Find the ratio of the 5th term to the 21st term.</b></p><p>Ratio = a₅ / a₂₁ = (a + 4d) / (a + 20d)</p><p>Substitute a = 8d:</p><p>Ratio = (8d + 4d) / (8d + 20d) = 12d / 28d = 12/28 = 3/7.</p><p>The ratio of the 5th term to the 21st term is 3:7.</p><p><b>Step 3: Find the ratio of the sum of the first 5 terms to the sum of the first 21 terms.</b></p><p>Ratio = S₅ / S₂₁ = [ (5/2)(2a + 4d) ] / [ (21/2)(2a + 20d) ]</p><p>= [ 5(2a + 4d) ] / [ 21(2a + 20d) ]</p><p>Substitute a = 8d:</p><p>= [ 5(2(8d) + 4d) ] / [ 21(2(8d) + 20d) ]</p><p>= [ 5(16d + 4d) ] / [ 21(16d + 20d) ]</p><p>= [ 5(20d) ] / [ 21(36d) ] = (100d) / (756d) = 100/756 = 25/189.</p><p>The ratio of the sums is 25:189.</p><p><b>Part (b) OR</b></p><p>The number of logs in the rows forms an A.P.: 22, 21, 20, ...</p><p><b>Step 1: Identify the A.P. parameters.</b></p><ul><li>First term (a) = 22</li><li>Common difference (d) = 21 - 22 = -1</li><li>Total sum of logs (Sₙ) = 250</li></ul><p><b>Step 2: Find the number of rows (n).</b></p><p>Sₙ = n/2 [2a + (n-1)d]</p><p>250 = n/2 [2(22) + (n-1)(-1)]</p><p>500 = n [44 - n + 1]</p><p>500 = n [45 - n]</p><p>500 = 45n - n²</p><p>n² - 45n + 500 = 0</p><p>Factor the quadratic equation. We need two numbers that multiply to 500 and add to -45. These are -20 and -25.</p><p>(n - 20)(n - 25) = 0</p><p>Possible values for n are n = 20 or n = 25.</p><p><b>Step 3: Check both values of n and find the number of logs in the top row.</b></p><p>The number of logs in the nth row is aₙ = a + (n-1)d.</p><ul><li>If n = 20: a₂₀ = 22 + (20-1)(-1) = 22 - 19 = 3 logs. This is a valid solution.</li><li>If n = 25: a₂₅ = 22 + (25-1)(-1) = 22 - 24 = -2 logs. The number of logs cannot be negative, so n=25 is not a valid solution.</li></ul><p>Therefore, there are 20 rows, and the number of logs in the top row is 3.</p>"
                    },
                    "question_type": "Long Answer (5 marks)",
                    "difficulty_level": "hard",
                    "explanation_html": null
                  }
                ]
              },
              {
                "chapter_name": "Quadratic Equations",
                "questions": [
                  {
                    "question_no": 36,
                    "question_html": "<p><b>Case Study</b></p><p>While designing the school year book, a teacher asked the student that the length and width of a particular photo is increased by x units each to double the area of the photo. The original photo is 18 cm long and 12 cm wide.</p><p>Based on the above information, answer the following questions :</p><p>(I) Write an algebraic equation depicting the above information.</p><p>(II) Write the corresponding quadratic equation in standard form.</p><p>(III) What should be the new dimensions of the enlarged photo ?</p><p>OR</p><p>Can any rational value of x make the new area equal to 220 cm² ?</p>",
                    "images": [
                      {
                        "url": "https://img.testbuddyai.com/Maths-30-1-23-Q36.png"
                      }
                    ],
                    "options": [],
                    "correct_answer": {
                      "text": "<p><b>Original Photo Dimensions:</b></p><ul><li>Length (L) = 18 cm</li><li>Width (W) = 12 cm</li><li>Original Area = L × W = 18 × 12 = 216 cm²</li></ul><p><b>Enlarged Photo Dimensions:</b></p><ul><li>New Length = 18 + x</li><li>New Width = 12 + x</li></ul><p><b>(I) Algebraic Equation</b></p><p>The area of the enlarged photo is double the original area.</p><p>New Area = 2 × Original Area</p><p>(18 + x)(12 + x) = 2 × 216</p><p>(18 + x)(12 + x) = 432</p><p><b>(II) Quadratic Equation in Standard Form</b></p><p>Expand the left side of the equation:</p><p>18(12) + 18x + 12x + x² = 432</p><p>216 + 30x + x² = 432</p><p>Rearrange into the standard form ax² + bx + c = 0:</p><p>x² + 30x + 216 - 432 = 0</p><p>x² + 30x - 216 = 0</p><p><b>(III) New Dimensions of the Enlarged Photo</b></p><p>We need to solve the quadratic equation x² + 30x - 216 = 0 for x.</p><p>We can factor the equation. We need two numbers that multiply to -216 and add to 30. These numbers are 36 and -6.</p><p>(x + 36)(x - 6) = 0</p><p>This gives two possible values for x: x = -36 or x = 6.</p><p>Since x represents an increase in length, it must be a positive value. So, we discard x = -36.</p><p>The increase in dimensions is x = 6 cm.</p><p>The new dimensions are:</p><ul><li>New Length = 18 + 6 = 24 cm</li><li>New Width = 12 + 6 = 18 cm</li></ul><p><b>OR</b></p><p><b>Can the new area be 220 cm² for a rational x?</b></p><p>Set the new area to 220 cm²:</p><p>(18 + x)(12 + x) = 220</p><p>216 + 30x + x² = 220</p><p>x² + 30x - 4 = 0</p><p>To check if x has a rational value, we can examine the discriminant (D) of this quadratic equation (D = b² - 4ac).</p><p>D = 30² - 4(1)(-4) = 900 + 16 = 916.</p><p>The solutions for x are given by the quadratic formula: x = (-b ± √D) / 2a.</p><p>For x to be rational, the discriminant D must be a perfect square.</p><p>√916 ≈ 30.26. Since 916 is not a perfect square, its square root is irrational. This means the values of x will also be irrational.</p><p>Therefore, no rational value of x can make the new area equal to 220 cm².</p>"
                    },
                    "question_type": "Case-based Subjective",
                    "difficulty_level": "hard",
                    "explanation_html": null
                  }
                ]
              },
              {
                "chapter_name": "Statistics",
                "questions": [
                  {
                    "question_no": 37,
                    "question_html": "<p><b>Case Study</b></p><p>India meteorological department observes seasonal and annual rainfall every year in different sub-divisions of our country. The table given below shows sub-division wise seasonal (monsoon) rainfall (mm) in 2018 :</p><table><thead><tr><th>Rainfall (mm)</th><th>Number of Sub-divisions</th></tr></thead><tbody><tr><td>200-400</td><td>2</td></tr><tr><td>400-600</td><td>4</td></tr><tr><td>600-800</td><td>7</td></tr><tr><td>800-1000</td><td>4</td></tr><tr><td>1000-1200</td><td>2</td></tr><tr><td>1200-1400</td><td>3</td></tr><tr><td>1400-1600</td><td>1</td></tr><tr><td>1600-1800</td><td>1</td></tr></tbody></table><p>Based on the above information, answer the following questions :</p><p>(I) Write the modal class.</p><p>(II) Find the median of the given data. OR Find the mean rainfall in this season.</p><p>(III) If sub-division having at least 1000 mm rainfall during monsoon season, is considered good rainfall sub-division, then how many sub-divisions had good rainfall ?</p>",
                    "images": [
                      {
                        "url": "https://img.testbuddyai.com/Maths-30-1-23-Q37.png"
                      }
                    ],
                    "options": [],
                    "correct_answer": {
                      "text": "<p><b>(I) Modal Class</b></p><p>The modal class is the class interval with the highest frequency. Looking at the table, the highest frequency is 7, which corresponds to the rainfall interval <b>600-800</b>.</p><p><b>(II) Median or Mean</b></p><p><b>Median Calculation:</b></p><p>First, we need to create a cumulative frequency table.</p><table><thead><tr><th>Rainfall (mm)</th><th>Frequency (f)</th><th>Cumulative Frequency (cf)</th></tr></thead><tbody><tr><td>200-400</td><td>2</td><td>2</td></tr><tr><td>400-600</td><td>4</td><td>6</td></tr><tr><td>600-800</td><td>7</td><td>13</td></tr><tr><td>800-1000</td><td>4</td><td>17</td></tr><tr><td>1000-1200</td><td>2</td><td>19</td></tr><tr><td>1200-1400</td><td>3</td><td>22</td></tr><tr><td>1400-1600</td><td>1</td><td>23</td></tr><tr><td>1600-1800</td><td>1</td><td>24</td></tr></tbody></table><p>Total number of sub-divisions (N) = 24.</p><p>The median position is N/2 = 24/2 = 12.</p><p>The cumulative frequency just greater than 12 is 13, which corresponds to the median class 600-800.</p><p>Median = l + [ (N/2 - cf) / f ] * h</p><ul><li>l = 600 (lower limit of median class)</li><li>N/2 = 12</li><li>cf = 6 (cumulative frequency of the class before the median class)</li><li>f = 7 (frequency of the median class)</li><li>h = 200 (class width)</li></ul><p>Median = 600 + [ (12 - 6) / 7 ] * 200 = 600 + (6/7) * 200 = 600 + 1200/7 ≈ 600 + 171.43 = 771.43 mm.</p><p><b>OR</b></p><p><b>Mean Calculation:</b></p><table><thead><tr><th>Rainfall (mm)</th><th>Mid-point (xᵢ)</th><th>Frequency (fᵢ)</th><th>fᵢxᵢ</th></tr></thead><tbody><tr><td>200-400</td><td>300</td><td>2</td><td>600</td></tr><tr><td>400-600</td><td>500</td><td>4</td><td>2000</td></tr><tr><td>600-800</td><td>700</td><td>7</td><td>4900</td></tr><tr><td>800-1000</td><td>900</td><td>4</td><td>3600</td></tr><tr><td>1000-1200</td><td>1100</td><td>2</td><td>2200</td></tr><tr><td>1200-1400</td><td>1300</td><td>3</td><td>3900</td></tr><tr><td>1400-1600</td><td>1500</td><td>1</td><td>1500</td></tr><tr><td>1600-1800</td><td>1700</td><td>1</td><td>1700</td></tr><tr><td><b>Total</b></td><td></td><td><b>Σfᵢ = 24</b></td><td><b>Σfᵢxᵢ = 20400</b></td></tr></tbody></table><p>Mean = Σfᵢxᵢ / Σfᵢ = 20400 / 24 = 850 mm.</p><p><b>(III) Number of Sub-divisions with Good Rainfall</b></p><p>Good rainfall is defined as at least 1000 mm. We need to sum the frequencies for the classes from 1000 mm onwards.</p><p>Number of sub-divisions = (for 1000-1200) + (for 1200-1400) + (for 1400-1600) + (for 1600-1800)</p><p>= 2 + 3 + 1 + 1 = 7.</p><p>There were 7 sub-divisions with good rainfall.</p>"
                    },
                    "question_type": "Case-based Subjective",
                    "difficulty_level": "hard",
                    "explanation_html": null
                  }
                ]
              },
              {
                "chapter_name": "Circles",
                "questions": [
                  {
                    "question_no": 38,
                    "question_html": "<p>The discus throw is an event in which an athlete attempts to throw a discus. The athlete spins anti-clockwise around one and a half times through a circle, then releases the throw. When released, the discus travels along tangent to the circular spin orbit. In the given figure, AB is one such tangent to a circle of radius 75 cm. Point O is centre of the circle and ∠ABO = 30°. PQ is parallel to OA.</p><p>Based on the above information:</p><p>a) Find the length of AB.</p><p>b) Find the length of OB.</p><p>c) Find the length of AP.</p><p>OR</p><p>Find the length of PQ.</p>",
                    "images": [
                      {
                        "url": "https://img.testbuddyai.com/Maths-30-1-23-Q38.png"
                      }
                    ],
                    "options": [],
                    "correct_answer": {
                      "text": "<p><b>a) Find the length of AB:</b></p><p>Given radius OA = 75 cm and ∠ABO = 30°.</p><p>Since AB is tangent to the circle at point B, ∠OBA = 90°.</p><p>In right triangle OBA, using tan 30°,</p><p>tan 30° = OA / AB ⇒ 1/√3 = 75 / AB ⇒ AB = 75√3 cm.</p><p><b>b) Find the length of OB:</b></p><p>Using sin 30°,</p><p>sin 30° = OB / OA ⇒ 1/2 = OB / 75 ⇒ OB = 75 / 2 = 37.5 cm.</p><p><b>c) Find the length of AP:</b></p><p>Since PQ is parallel to OA, and Q is midpoint of OB (since OB = 2 × QB), P is midpoint of AB.</p><p>Therefore, AP = AB / 2 = (75√3) / 2 cm.</p><p><b>OR</b></p><p>Find the length of PQ:</p><p>Since Q is midpoint of OB, QB = 37.5 cm.</p><p>In ΔBQP, ∠BQP = ∠BOA = 15° (since PQ || OA and OA subtends 30° at O),</p><p>Sides and angles imply PQ = 75 / 2 = 37.5 cm.</p>"
                    },
                    "question_type": "Case Study Subjective",
                    "difficulty_level": "medium",
                    "explanation_html": null
                  }
                ]
              }
            ]
          }
        ]
      }
    ]
  }
]