[
  {
    "exam_name_actual": "CBSE Board - Class 10",
    "main_exam_id_name_ref": "CBSE Board - Class 10",
    "years": [
      {
        "year": "2023",
        "papers_or_subjects": [
          {
            "paper_name": "CBSE Class 10 Mathematics (Basic) Paper 2023 (QP Code: 430/5/1)",
            "subject_name": "Mathematics",
            "chapters": [
              {
                "chapter_name": "Arithmetic Progressions",
                "questions": [
                  {
                    "question_no": 1,
                    "question_html": "<p>The 8th term of an A.P. is 17 and its 14th term is 29. The common difference of this A.P. is :</p><p>(a) 3</p><p>(b) 2</p><p>(c) 5</p><p>(d) – 2</p>",
                    "options": [
                      {
                        "id": "a",
                        "text": "3"
                      },
                      {
                        "id": "b",
                        "text": "2"
                      },
                      {
                        "id": "c",
                        "text": "5"
                      },
                      {
                        "id": "d",
                        "text": "– 2"
                      }
                    ],
                    "correct_answer": {
                      "ids": [
                        "b"
                      ],
                      "text": "2"
                    },
                    "question_type": "mcq_single",
                    "difficulty_level": "easy",
                    "explanation_html": "<p>Let the first term of the A.P. be 'a' and the common difference be 'd'.</p><p>The nth term is given by aₙ = a + (n-1)d.</p><p>Given the 8th term (a₈) is 17: a + 7d = 17  ---(1)</p><p>Given the 14th term (a₁₄) is 29: a + 13d = 29 ---(2)</p><p>Subtract equation (1) from equation (2):</p><p>(a + 13d) - (a + 7d) = 29 - 17</p><p>6d = 12</p><p>d = 2</p><p>The common difference is 2.</p>"
                  }
                ]
              },
              {
                "chapter_name": "Circles",
                "questions": [
                  {
                    "question_no": 2,
                    "question_html": "<p>In the given figure, O is the centre of a circle, PQ is a chord and the tangent PT at P makes an angle of 50° with PQ. The measure of ∠ POQ is :</p><p>(a) 130°</p><p>(b) 100°</p><p>(c) 90°</p><p>(d) 75°</p>",
                    "options": [
                      {
                        "id": "a",
                        "text": "130°"
                      },
                      {
                        "id": "b",
                        "text": "100°"
                      },
                      {
                        "id": "c",
                        "text": "90°"
                      },
                      {
                        "id": "d",
                        "text": "75°"
                      }
                    ],
                    "correct_answer": {
                      "ids": [
                        "b"
                      ],
                      "text": "100°"
                    },
                    "question_type": "mcq_single",
                    "difficulty_level": "medium",
                    "explanation_html": "<p>The tangent at any point on a circle is perpendicular to the radius through the point of contact. Therefore, the radius OP is perpendicular to the tangent PT.</p><p>∠OPT = 90°.</p><p>We are given that ∠TPQ = 50°.</p><p>From the figure, ∠OPT = ∠OPQ + ∠TPQ.</p><p>90° = ∠OPQ + 50°</p><p>∠OPQ = 90° - 50° = 40°.</p><p>In triangle ΔPOQ, OP and OQ are radii of the same circle, so OP = OQ. This makes ΔPOQ an isosceles triangle.</p><p>In an isosceles triangle, angles opposite to equal sides are equal. So, ∠OQP = ∠OPQ = 40°.</p><p>The sum of angles in a triangle is 180°. In ΔPOQ:</p><p>∠POQ + ∠OPQ + ∠OQP = 180°</p><p>∠POQ + 40° + 40° = 180°</p><p>∠POQ + 80° = 180°</p><p>∠POQ = 100°.</p>"
                  }
                ]
              },
              {
                "chapter_name": "Probability",
                "questions": [
                  {
                    "question_no": 3,
                    "question_html": "<p>One card is drawn at random from a well shuffled deck of 52 playing cards. What is the probability of getting '4 of hearts'?</p><p>(a) 1/52</p><p>(b) 1/13</p><p>(c) 1/26</p><p>(d) 1/6</p>",
                    "options": [
                      {
                        "id": "a",
                        "text": "1/52"
                      },
                      {
                        "id": "b",
                        "text": "1/13"
                      },
                      {
                        "id": "c",
                        "text": "1/26"
                      },
                      {
                        "id": "d",
                        "text": "1/6"
                      }
                    ],
                    "correct_answer": {
                      "ids": [
                        "a"
                      ],
                      "text": "1/52"
                    },
                    "question_type": "mcq_single",
                    "difficulty_level": "easy",
                    "explanation_html": "<p>A standard deck of playing cards has 52 cards in total.</p><p>The event is 'getting the 4 of hearts'. In the entire deck, there is only one specific card that is the '4 of hearts'.</p><p>Number of favorable outcomes = 1.</p><p>Total number of possible outcomes = 52.</p><p>The probability is calculated as (Number of favorable outcomes) / (Total number of outcomes).</p><p>Probability = 1/52.</p>"
                  }
                ]
              },
              {
                "chapter_name": "Coordinate Geometry",
                "questions": [
                  {
                    "question_no": 4,
                    "question_html": "<p>The distance between the points A(0, 6) and B(–6, 2) is :</p><p>(a) 6 units</p><p>(b) 2√6 units</p><p>(c) 2√13 units</p><p>(d) 13√2 units</p>",
                    "options": [
                      {
                        "id": "a",
                        "text": "6 units"
                      },
                      {
                        "id": "b",
                        "text": "2√6 units"
                      },
                      {
                        "id": "c",
                        "text": "2√13 units"
                      },
                      {
                        "id": "d",
                        "text": "13√2 units"
                      }
                    ],
                    "correct_answer": {
                      "ids": [
                        "c"
                      ],
                      "text": "2√13 units"
                    },
                    "question_type": "mcq_single",
                    "difficulty_level": "easy",
                    "explanation_html": "<p>The distance (d) between two points (x₁, y₁) and (x₂, y₂) is given by the distance formula: d = √[(x₂ - x₁)² + (y₂ - y₁)²].</p><p>Let the points be A(x₁, y₁) = (0, 6) and B(x₂, y₂) = (-6, 2).</p><p>Substitute the coordinates into the formula:</p><p>d = √[(-6 - 0)² + (2 - 6)²]</p><p>d = √[(-6)² + (-4)²]</p><p>d = √[36 + 16]</p><p>d = √52</p><p>To simplify the radical, we find the largest perfect square factor of 52, which is 4. So, √52 = √(4 × 13) = 2√13.</p><p>The distance is 2√13 units.</p>"
                  }
                ]
              },
              {
                "chapter_name": "Quadratic Equations",
                "questions": [
                  {
                    "question_no": 5,
                    "question_html": "<p>The value(s) of k for which the roots of quadratic equation x² + 4x + k = 0 are real, is :</p><p>(a) k ≥ 4</p><p>(b) k ≤ 4</p><p>(c) k ≥ – 4</p><p>(d) k ≤ – 4</p>",
                    "options": [
                      {
                        "id": "a",
                        "text": "k ≥ 4"
                      },
                      {
                        "id": "b",
                        "text": "k ≤ 4"
                      },
                      {
                        "id": "c",
                        "text": "k ≥ – 4"
                      },
                      {
                        "id": "d",
                        "text": "k ≤ – 4"
                      }
                    ],
                    "correct_answer": {
                      "ids": [
                        "b"
                      ],
                      "text": "k ≤ 4"
                    },
                    "question_type": "mcq_single",
                    "difficulty_level": "medium",
                    "explanation_html": "<p>For a quadratic equation ax² + bx + c = 0 to have real roots, its discriminant (D) must be greater than or equal to zero (D ≥ 0).</p><p>The discriminant is given by the formula D = b² - 4ac.</p><p>For the equation x² + 4x + k = 0, we have a = 1, b = 4, and c = k.</p><p>The condition for real roots is:</p><p>D = 4² - 4(1)(k) ≥ 0</p><p>16 - 4k ≥ 0</p><p>16 ≥ 4k</p><p>4 ≥ k, which is the same as k ≤ 4.</p>"
                  }
                ]
              },
              {
                "chapter_name": "Real Numbers",
                "questions": [
                  {
                    "question_no": 6,
                    "question_html": "<p>LCM of (2³ × 3 × 5) and (2⁴ × 5 × 7) is :</p><p>(a) 40</p><p>(b) 560</p><p>(c) 1680</p><p>(d) 1120</p>",
                    "options": [
                      {
                        "id": "a",
                        "text": "40"
                      },
                      {
                        "id": "b",
                        "text": "560"
                      },
                      {
                        "id": "c",
                        "text": "1680"
                      },
                      {
                        "id": "d",
                        "text": "1120"
                      }
                    ],
                    "correct_answer": {
                      "ids": [
                        "c"
                      ],
                      "text": "1680"
                    },
                    "question_type": "mcq_single",
                    "difficulty_level": "easy",
                    "explanation_html": "<p>To find the LCM (Lowest Common Multiple) of numbers given in their prime factorized form, we take the highest power of each prime factor present in any of the numbers.</p><p>The numbers are:</p><p>Number 1: 2³ × 3¹ × 5¹</p><p>Number 2: 2⁴ × 5¹ × 7¹</p><p>The prime factors involved are 2, 3, 5, and 7.</p><p>The highest power of 2 is 2⁴.</p><p>The highest power of 3 is 3¹.</p><p>The highest power of 5 is 5¹.</p><p>The highest power of 7 is 7¹.</p><p>LCM = 2⁴ × 3¹ × 5¹ × 7¹ = 16 × 3 × 5 × 7 = 48 × 35 = 1680.</p>"
                  }
                ]
              },
              {
                "chapter_name": "Polynomials",
                "questions": [
                  {
                    "question_no": 7,
                    "question_html": "<p>If one zero of the quadratic polynomial kx² + 3x + k is 2, then the value of k is:</p><p>(a) – 6/5</p><p>(b) 6/5</p><p>(c) 5/6</p><p>(d) – 5/6</p>",
                    "options": [
                      {
                        "id": "a",
                        "text": "– 6/5"
                      },
                      {
                        "id": "b",
                        "text": "6/5"
                      },
                      {
                        "id": "c",
                        "text": "5/6"
                      },
                      {
                        "id": "d",
                        "text": "– 5/6"
                      }
                    ],
                    "correct_answer": {
                      "ids": [
                        "a"
                      ],
                      "text": "– 6/5"
                    },
                    "question_type": "mcq_single",
                    "difficulty_level": "medium",
                    "explanation_html": "<p>If 2 is a zero of the polynomial p(x) = kx² + 3x + k, then substituting x = 2 into the polynomial will result in p(2) = 0.</p><p>p(2) = k(2)² + 3(2) + k = 0</p><p>k(4) + 6 + k = 0</p><p>4k + 6 + k = 0</p><p>5k + 6 = 0</p><p>5k = -6</p><p>k = -6/5.</p>"
                  }
                ]
              },
              {
                "chapter_name": "Pair of Linear Equations in Two Variables",
                "questions": [
                  {
                    "question_no": 8,
                    "question_html": "<p>If the lines represented by equations 3x + 2my = 2 and 2x + 5y + 1 = 0 are parallel, then the value of m is :</p><p>(a) 2/5</p><p>(b) – 5/4</p><p>(c) 3/2</p><p>(d) 15/4</p>",
                    "options": [
                      {
                        "id": "a",
                        "text": "2/5"
                      },
                      {
                        "id": "b",
                        "text": "– 5/4"
                      },
                      {
                        "id": "c",
                        "text": "3/2"
                      },
                      {
                        "id": "d",
                        "text": "15/4"
                      }
                    ],
                    "correct_answer": {
                      "ids": [
                        "d"
                      ],
                      "text": "15/4"
                    },
                    "question_type": "mcq_single",
                    "difficulty_level": "medium",
                    "explanation_html": "<p>For two linear equations a₁x + b₁y + c₁ = 0 and a₂x + b₂y + c₂ = 0 to represent parallel lines, the condition is a₁/a₂ = b₁/b₂ ≠ c₁/c₂.</p><p>First equation: 3x + 2my - 2 = 0. Here, a₁ = 3, b₁ = 2m.</p><p>Second equation: 2x + 5y + 1 = 0. Here, a₂ = 2, b₂ = 5.</p><p>Set up the ratio for parallel lines:</p><p>a₁/a₂ = b₁/b₂</p><p>3/2 = 2m/5</p><p>Cross-multiply to solve for m:</p><p>3 × 5 = 2 × 2m</p><p>15 = 4m</p><p>m = 15/4.</p>"
                  }
                ]
              },
              {
                "chapter_name": "Triangles",
                "questions": [
                  {
                    "question_no": 9,
                    "question_html": "<p>ΔABC ~ ΔDEF and their perimeters are 32 cm and 24 cm respectively. If AB = 10 cm, then DE equals :</p><p>(a) 8 cm</p><p>(b) 7.5 cm</p><p>(c) 15 cm</p><p>(d) 5√3 cm</p>",
                    "options": [
                      {
                        "id": "a",
                        "text": "8 cm"
                      },
                      {
                        "id": "b",
                        "text": "7.5 cm"
                      },
                      {
                        "id": "c",
                        "text": "15 cm"
                      },
                      {
                        "id": "d",
                        "text": "5√3 cm"
                      }
                    ],
                    "correct_answer": {
                      "ids": [
                        "b"
                      ],
                      "text": "7.5 cm"
                    },
                    "question_type": "mcq_single",
                    "difficulty_level": "easy",
                    "explanation_html": "<p>When two triangles are similar, the ratio of their perimeters is equal to the ratio of their corresponding sides.</p><p>Given ΔABC ~ ΔDEF:</p><p>(Perimeter of ΔABC) / (Perimeter of ΔDEF) = AB / DE</p><p>Substitute the given values:</p><p>32 / 24 = 10 / DE</p><p>Simplify the ratio of the perimeters: 32/24 = 4/3.</p><p>4 / 3 = 10 / DE</p><p>4 × DE = 10 × 3</p><p>4 × DE = 30</p><p>DE = 30 / 4 = 7.5 cm.</p>"
                  }
                ]
              },
              {
                "chapter_name": "Quadratic Equations",
                "questions": [
                  {
                    "question_no": 10,
                    "question_html": "<p>The two roots of the equation 3x² – 2√6 x + 2 = 0 are :</p><p>(a) real and distinct</p><p>(b) not real</p><p>(c) real and equal</p><p>(d) rational</p>",
                    "options": [
                      {
                        "id": "a",
                        "text": "real and distinct"
                      },
                      {
                        "id": "b",
                        "text": "not real"
                      },
                      {
                        "id": "c",
                        "text": "real and equal"
                      },
                      {
                        "id": "d",
                        "text": "rational"
                      }
                    ],
                    "correct_answer": {
                      "ids": [
                        "c"
                      ],
                      "text": "real and equal"
                    },
                    "question_type": "mcq_single",
                    "difficulty_level": "medium",
                    "explanation_html": "<p>To determine the nature of the roots of a quadratic equation ax² + bx + c = 0, we calculate the discriminant (D = b² - 4ac).</p><p>For the equation 3x² – 2√6 x + 2 = 0, we have a = 3, b = -2√6, and c = 2.</p><p>D = (-2√6)² - 4(3)(2)</p><p>D = (4 × 6) - 24</p><p>D = 24 - 24 = 0</p><p>Since the discriminant D = 0, the equation has two real and equal roots.</p>"
                  }
                ]
              },
              {
                "chapter_name": "Introduction to Trigonometry",
                "questions": [
                  {
                    "question_no": 11,
                    "question_html": "<p>If sin θ = a/b, then sec θ is equal to (0 ≤ θ ≤ 90°) :</p><p>(a) a / √(b² - a²)</p><p>(b) b / √(b² - a²)</p><p>(c) √(b² - a²) / b</p><p>(d) √(b² - a²) / a</p>",
                    "options": [
                      {
                        "id": "a",
                        "text": "a / √(b² - a²)"
                      },
                      {
                        "id": "b",
                        "text": "b / √(b² - a²)"
                      },
                      {
                        "id": "c",
                        "text": "√(b² - a²) / b"
                      },
                      {
                        "id": "d",
                        "text": "√(b² - a²) / a"
                      }
                    ],
                    "correct_answer": {
                      "ids": [
                        "b"
                      ],
                      "text": "b / √(b² - a²)"
                    },
                    "question_type": "mcq_single",
                    "difficulty_level": "medium",
                    "explanation_html": "<p>Given sin θ = a/b. In a right-angled triangle, sin θ = Opposite / Hypotenuse. So, we can consider a triangle where Opposite = a and Hypotenuse = b.</p><p>Using the Pythagorean theorem (Adjacent² + Opposite² = Hypotenuse²):</p><p>Adjacent² + a² = b²</p><p>Adjacent² = b² - a²</p><p>Adjacent = √(b² - a²)</p><p>Now, we need to find sec θ. We know that sec θ = 1 / cos θ, and cos θ = Adjacent / Hypotenuse.</p><p>cos θ = √(b² - a²) / b</p><p>sec θ = 1 / [√(b² - a²) / b] = b / √(b² - a²).</p>"
                  }
                ]
              },
              {
                "chapter_name": "Arithmetic Progressions",
                "questions": [
                  {
                    "question_no": 12,
                    "question_html": "<p>The sum of the first 100 even natural numbers is :</p><p>(a) 10100</p><p>(b) 2550</p><p>(c) 5050</p><p>(d) 10010</p>",
                    "options": [
                      {
                        "id": "a",
                        "text": "10100"
                      },
                      {
                        "id": "b",
                        "text": "2550"
                      },
                      {
                        "id": "c",
                        "text": "5050"
                      },
                      {
                        "id": "d",
                        "text": "10010"
                      }
                    ],
                    "correct_answer": {
                      "ids": [
                        "a"
                      ],
                      "text": "10100"
                    },
                    "question_type": "mcq_single",
                    "difficulty_level": "medium",
                    "explanation_html": "<p>The first 100 even natural numbers form an Arithmetic Progression (A.P.): 2, 4, 6, ..., up to the 100th term.</p><p>First term (a) = 2.</p><p>Common difference (d) = 4 - 2 = 2.</p><p>Number of terms (n) = 100.</p><p>The sum of an A.P. is given by the formula Sₙ = n/2 [2a + (n-1)d].</p><p>S₁₀₀ = 100/2 [2(2) + (100-1)2]</p><p>S₁₀₀ = 50 [4 + (99)2]</p><p>S₁₀₀ = 50 [4 + 198]</p><p>S₁₀₀ = 50 [202] = 10100.</p>"
                  }
                ]
              },
              {
                "chapter_name": "Triangles",
                "questions": [
                  {
                    "question_no": 13,
                    "question_html": "<p>In the given figure, AD = 2 cm, DB = 3 cm, DE = 2.5 cm and DE || BC. The value of x is :</p><p>(a) 6 cm</p><p>(b) 3.75 cm</p><p>(c) 6.25 cm</p><p>(d) 7.5 cm</p>",
                    "images": [
                      {
                        "url": "https://img.testbuddyai.com/Maths-430-5-23-Q13.png"
                      }
                    ],
                    "options": [
                      {
                        "id": "a",
                        "text": "6 cm"
                      },
                      {
                        "id": "b",
                        "text": "3.75 cm"
                      },
                      {
                        "id": "c",
                        "text": "6.25 cm"
                      },
                      {
                        "id": "d",
                        "text": "7.5 cm"
                      }
                    ],
                    "correct_answer": {
                      "ids": [
                        "c"
                      ],
                      "text": "6.25 cm"
                    },
                    "question_type": "mcq_single",
                    "difficulty_level": "medium",
                    "explanation_html": "<p>Since DE is parallel to BC (DE || BC), the triangle ΔADE is similar to the larger triangle ΔABC (ΔADE ~ ΔABC) by the AA similarity criterion (∠ADE = ∠ABC and ∠AED = ∠ACB as corresponding angles, and ∠A is common).</p><p>When triangles are similar, the ratio of their corresponding sides is equal.</p><p>AD / AB = DE / BC</p><p>We are given AD = 2 cm, DB = 3 cm, so AB = AD + DB = 2 + 3 = 5 cm.</p><p>We are also given DE = 2.5 cm and BC = x.</p><p>Substitute these values into the ratio:</p><p>2 / 5 = 2.5 / x</p><p>Cross-multiply to solve for x:</p><p>2x = 5 × 2.5</p><p>2x = 12.5</p><p>x = 12.5 / 2 = 6.25 cm.</p>"
                  }
                ]
              },
              {
                "chapter_name": "Circles",
                "questions": [
                  {
                    "question_no": 14,
                    "question_html": "<p>A circle is of radius 3 cm. The distance between two of its parallel tangents is :</p><p>(a) 12 cm</p><p>(b) 6 cm</p><p>(c) 3 cm</p><p>(d) 4.5 cm</p>",
                    "options": [
                      {
                        "id": "a",
                        "text": "12 cm"
                      },
                      {
                        "id": "b",
                        "text": "6 cm"
                      },
                      {
                        "id": "c",
                        "text": "3 cm"
                      },
                      {
                        "id": "d",
                        "text": "4.5 cm"
                      }
                    ],
                    "correct_answer": {
                      "ids": [
                        "b"
                      ],
                      "text": "6 cm"
                    },
                    "question_type": "mcq_single",
                    "difficulty_level": "easy",
                    "explanation_html": "<p>Parallel tangents to a circle are always at the two ends of a diameter. The shortest distance between these two parallel lines is the length of the diameter.</p><p>Given the radius of the circle is 3 cm.</p><p>Diameter = 2 × Radius = 2 × 3 cm = 6 cm.</p><p>Therefore, the distance between the two parallel tangents is 6 cm.</p>"
                  }
                ]
              },
              {
                "chapter_name": "Statistics",
                "questions": [
                  {
                    "question_no": 15,
                    "question_html": "<p>The median class for the data given below is :</p><p>Class: 20-40, 40-60, 60-80, 80-100, 100-120</p><p>Frequency: 10, 12, 14, 13, 17</p><p>(a) 80 – 100</p><p>(b) 20 – 40</p><p>(c) 40 – 60</p><p>(d) 60 – 80</p>",
                    "options": [
                      {
                        "id": "a",
                        "text": "80 – 100"
                      },
                      {
                        "id": "b",
                        "text": "20 – 40"
                      },
                      {
                        "id": "c",
                        "text": "40 – 60"
                      },
                      {
                        "id": "d",
                        "text": "60 – 80"
                      }
                    ],
                    "correct_answer": {
                      "ids": [
                        "d"
                      ],
                      "text": "60 – 80"
                    },
                    "question_type": "mcq_single",
                    "difficulty_level": "easy",
                    "explanation_html": "<p>To find the median class, we first need to calculate the cumulative frequencies (cf).</p><p>| Class | Frequency (f) | Cumulative Frequency (cf) |</p><p>|---|---|---|</p><p>| 20-40 | 10 | 10 |</p><p>| 40-60 | 12 | 10 + 12 = 22 |</p><p>| 60-80 | 14 | 22 + 14 = 36 |</p><p>| 80-100 | 13 | 36 + 13 = 49 |</p><p>| 100-120| 17 | 49 + 17 = 66 |</p><p>The total number of observations is N = 66.</p><p>Next, we find the position of the median, which is N/2 = 66/2 = 33.</p><p>The median class is the class interval whose cumulative frequency is just greater than or equal to N/2.</p><p>We look for the cf value just greater than 33. The value is 36, which corresponds to the class interval 60-80.</p><p>Therefore, the median class is 60-80.</p>"
                  }
                ]
              },
              {
                "chapter_name": "Introduction to Trigonometry",
                "questions": [
                  {
                    "question_no": 16,
                    "question_html": "<p>If sin θ = 3/4, then (sec²θ – 1)cos²θ / sin θ equals :</p><p>(a) 3/5</p><p>(b) 3/4</p><p>(c) 4/3</p><p>(d) 9/16</p>",
                    "options": [
                      {
                        "id": "a",
                        "text": "3/5"
                      },
                      {
                        "id": "b",
                        "text": "3/4"
                      },
                      {
                        "id": "c",
                        "text": "4/3"
                      },
                      {
                        "id": "d",
                        "text": "9/16"
                      }
                    ],
                    "correct_answer": {
                      "ids": [
                        "b"
                      ],
                      "text": "3/4"
                    },
                    "question_type": "mcq_single",
                    "difficulty_level": "medium",
                    "explanation_html": "<p>First, simplify the given expression using trigonometric identities.</p><p>We know the Pythagorean identity: 1 + tan²θ = sec²θ, which can be rearranged to tan²θ = sec²θ - 1.</p><p>Substitute this into the expression:</p><p>Expression = (tan²θ)cos²θ / sinθ</p><p>Now, express tan²θ in terms of sinθ and cosθ (tanθ = sinθ/cosθ):</p><p>Expression = (sin²θ/cos²θ) * cos²θ / sinθ</p><p>The cos²θ terms cancel out:</p><p>Expression = sin²θ / sinθ</p><p>Expression = sinθ</p><p>Since we are given that sinθ = 3/4, the value of the expression is 3/4.</p>"
                  }
                ]
              },
              {
                "chapter_name": "Triangles",
                "questions": [
                  {
                    "question_no": 17,
                    "question_html": "<p>In two triangles ΔPQR and ΔABC, it is given that AB/BC = PQ/PR. For these two triangles to be similar, which of the following should be true ?</p><p>(a) ∠A = ∠P</p><p>(b) ∠B = ∠Q</p><p>(c) ∠B = ∠P</p><p>(d) CA = QR</p>",
                    "options": [
                      {
                        "id": "a",
                        "text": "∠A = ∠P"
                      },
                      {
                        "id": "b",
                        "text": "∠B = ∠Q"
                      },
                      {
                        "id": "c",
                        "text": "∠B = ∠P"
                      },
                      {
                        "id": "d",
                        "text": "CA = QR"
                      }
                    ],
                    "correct_answer": {
                      "ids": [
                        "c"
                      ],
                      "text": "∠B = ∠P"
                    },
                    "question_type": "mcq_single",
                    "difficulty_level": "hard",
                    "explanation_html": "<p>Given AB/BC = PQ/PR, sides AB and BC in ΔABC correspond to PQ and PR in ΔPQR. The included angle between AB and BC is ∠B, and the included angle between PQ and PR is ∠P. For similarity by the SAS criterion, the included angles must be equal. Hence, ∠B = ∠P.</p>"
                  }
                ]
              },
              {
                "chapter_name": "Statistics",
                "questions": [
                  {
                    "question_no": 18,
                    "question_html": "<p>Mean and median of some data are 32 and 30 respectively. Using empirical relation, mode of the data is :</p><p>(a) 36</p><p>(b) 26</p><p>(c) 30</p><p>(d) 20</p>",
                    "options": [
                      {
                        "id": "a",
                        "text": "36"
                      },
                      {
                        "id": "b",
                        "text": "26"
                      },
                      {
                        "id": "c",
                        "text": "30"
                      },
                      {
                        "id": "d",
                        "text": "20"
                      }
                    ],
                    "correct_answer": {
                      "ids": [
                        "b"
                      ],
                      "text": "26"
                    },
                    "question_type": "mcq_single",
                    "difficulty_level": "easy",
                    "explanation_html": "<p>The empirical relationship between the mean, median, and mode for a moderately skewed distribution is:</p><p>Mode = 3 × Median – 2 × Mean</p><p>Given:</p><p>Mean = 32</p><p>Median = 30</p><p>Substitute these values into the formula:</p><p>Mode = 3(30) - 2(32)</p><p>Mode = 90 - 64</p><p>Mode = 26.</p>"
                  }
                ]
              },
              {
                "chapter_name": "Probability",
                "questions": [
                  {
                    "question_no": 19,
                    "question_html": "<p><b>Assertion (A):</b> When two coins are tossed together, the probability of getting no tail is 1/4.</p><p><b>Reason (R):</b> The probability P(E) of an event E satisfies 0 ≤ P(E) ≤ 1.</p>",
                    "options": [
                      {
                        "id": "a",
                        "text": "Both Assertion (A) and Reason (R) are true and Reason (R) is the correct explanation of the Assertion (A)."
                      },
                      {
                        "id": "b",
                        "text": "Both Assertion (A) and Reason (R) are true, but Reason (R) is not the correct explanation of the Assertion (A)."
                      },
                      {
                        "id": "c",
                        "text": "Assertion (A) is true, but Reason (R) is false."
                      },
                      {
                        "id": "d",
                        "text": "Assertion (A) is false, but Reason (R) is true."
                      }
                    ],
                    "correct_answer": {
                      "ids": [
                        "b"
                      ],
                      "text": "Both Assertion (A) and Reason (R) are true, but Reason (R) is not the correct explanation of the Assertion (A)."
                    },
                    "question_type": "mcq_single",
                    "difficulty_level": "easy",
                    "explanation_html": "<p><b>Analysis of Assertion (A):</b> When two coins are tossed, the sample space of all possible outcomes is {HH, HT, TH, TT}. The total number of outcomes is 4. The event 'getting no tail' corresponds to the outcome {HH}. The number of favorable outcomes is 1. Therefore, the probability is 1/4. Assertion (A) is true.</p><p><b>Analysis of Reason (R):</b> The statement 'The probability P(E) of an event E satisfies 0 ≤ P(E) ≤ 1' is the fundamental axiom of probability theory. The probability of any event must be a value between 0 (impossible event) and 1 (certain event), inclusive. Reason (R) is true.</p><p><b>Relationship between (A) and (R):</b> While both statements are true, Reason (R) simply states a general rule about the range of any probability value. It does not explain how the specific probability in Assertion (A) was calculated. Therefore, it is not the correct explanation for (A).</p>"
                  }
                ]
              },
              {
                "chapter_name": "Surface Areas and Volumes",
                "questions": [
                  {
                    "question_no": 20,
                    "question_html": "<p><b>Assertion (A):</b> The surface area of largest sphere that can be inscribed in a hollow cube of side ‘a’ cm is πa² cm².</p><p><b>Reason (R):</b> The surface area of a sphere of radius ‘r’ is (4/3)πr³.</p>",
                    "images": [
                      {
                        "url": "https://img.testbuddyai.com/Maths-430-5-23-Q2.png"
                      }
                    ],
                    "options": [
                      {
                        "id": "a",
                        "text": "Both Assertion (A) and Reason (R) are true and Reason (R) is the correct explanation of the Assertion (A)."
                      },
                      {
                        "id": "b",
                        "text": "Both Assertion (A) and Reason (R) are true, but Reason (R) is not the correct explanation of the Assertion (A)."
                      },
                      {
                        "id": "c",
                        "text": "Assertion (A) is true, but Reason (R) is false."
                      },
                      {
                        "id": "d",
                        "text": "Assertion (A) is false, but Reason (R) is true."
                      }
                    ],
                    "correct_answer": {
                      "ids": [
                        "c"
                      ],
                      "text": "Assertion (A) is true, but Reason (R) is false."
                    },
                    "question_type": "mcq_single",
                    "difficulty_level": "medium",
                    "explanation_html": "<p><b>Analysis of Reason (R):</b> The statement gives the formula for the surface area of a sphere as (4/3)πr³. This is incorrect. The formula for the volume of a sphere is (4/3)πr³, while the formula for the surface area is 4πr². Therefore, Reason (R) is false.</p><p><b>Analysis of Assertion (A):</b> The largest sphere that can be inscribed in a cube of side 'a' will have a diameter equal to the side of the cube. Diameter of sphere = a. The radius of the sphere (r) will be half of the diameter, so r = a/2. The surface area of this sphere is 4πr² = 4π(a/2)² = 4π(a²/4) = πa². Therefore, Assertion (A) is true.</p><p>Since Assertion (A) is true and Reason (R) is false, the correct option is (c).</p>"
                  }
                ]
              },
              {
                "chapter_name": "Real Numbers",
                "questions": [
                  {
                    "question_no": 21,
                    "question_html": "<p>Find LCM of 576 and 512 by prime factorization.</p>",
                    "options": [],
                    "correct_answer": {
                      "text": "<p>First, we find the prime factorization of each number.</p><p>576 = 2 × 2 × 2 × 2 × 2 × 2 × 3 × 3 = 2⁶ × 3²</p><p>512 = 2 × 2 × 2 × 2 × 2 × 2 × 2 × 2 × 2 = 2⁹</p><p>To find the LCM (Least Common Multiple), we take the highest power of each prime factor present in the numbers and multiply them.</p><p>LCM(576, 512) = 2⁹ × 3²</p><p>= 512 × 9</p><p>= 4608</p>"
                    },
                    "question_type": "Very Short Answer (2 marks)",
                    "difficulty_level": "Easy",
                    "explanation_html": null
                  }
                ]
              },
              {
                "chapter_name": "Introduction to Trigonometry",
                "questions": [
                  {
                    "question_no": 22,
                    "question_html": "<p>Evaluate : (sin 30° + tan 45°) / (sec 30° + cot 45°)</p><p>OR</p><p>For A = 30° and B = 60°, verify that :<br>sin (A + B) = sin A cos B + cos A sin B.</p>",
                    "options": [],
                    "correct_answer": {
                      "text": "<p>We need to evaluate the expression (sin 30° + tan 45°) / (sec 30° + cot 45°).</p><p>We know the values:</p><ul><li>sin 30° = 1/2</li><li>tan 45° = 1</li><li>sec 30° = 2/√3</li><li>cot 45° = 1</li></ul><p>Substitute these values into the expression:</p><p>= (1/2 + 1) / (2/√3 + 1)</p><p>= (3/2) / ((2+√3)/√3)</p><p>= (3/2) × (√3 / (2+√3))</p><p>= 3√3 / (2(2+√3))</p><p>OR</p><p>We need to verify sin(A+B) = sinAcosB + cosAsinB for A=30° and B=60°.</p><p><strong>LHS (Left Hand Side):</strong></p><p>sin(A+B) = sin(30°+60°) = sin(90°) = 1.</p><p><strong>RHS (Right Hand Side):</strong></p><p>sinAcosB + cosAsinB = sin30°cos60° + cos30°sin60°</p><p>= (1/2)(1/2) + (√3/2)(√3/2)</p><p>= 1/4 + 3/4 = 4/4 = 1.</p><p>Since LHS = RHS = 1, the identity is verified.</p>"
                    },
                    "question_type": "Very Short Answer (2 marks)",
                    "difficulty_level": "Medium",
                    "explanation_html": null
                  }
                ]
              },
              {
                "chapter_name": "Circles",
                "questions": [
                  {
                    "question_no": 23,
                    "question_html": "<p>In the given figure, tangents AB and AC are drawn to a circle centred at O. If ∠ OAB = 60° and OB = 5 cm, find lengths OA and AC.</p>",
                    "images": [
                      {
                        "url": "https://img.testbuddyai.com/Maths-430-5-23-Q23.png"
                      }
                    ],
                    "options": [],
                    "correct_answer": {
                      "text": "<p>In the right-angled triangle ΔOAB, the radius OB is perpendicular to the tangent AB at the point of contact B. So, ∠OBA = 90°.</p><p>We are given ∠OAB = 60°. (Note: The diagram shows A as the external point, so this angle is likely part of a triangle with the center, let's assume ∠OAB is an angle in ΔOAB).</p><p>In right ΔOAB:</p><p><strong>To find OA:</strong></p><p>sin(∠OAB) = Opposite/Hypotenuse = OB/OA</p><p>sin(60°) = 5 / OA</p><p>√3/2 = 5 / OA</p><p>OA = 10/√3 = (10√3)/3 cm.</p><p><strong>To find AC:</strong></p><p>In the same triangle ΔOAB:</p><p>tan(∠OAB) = Opposite/Adjacent = OB/AB</p><p>tan(60°) = 5 / AB</p><p>√3 = 5 / AB</p><p>AB = 5/√3 = (5√3)/3 cm.</p><p>Since tangents from an external point (A) to a circle are equal in length, AC = AB.</p><p>Therefore, AC = (5√3)/3 cm.</p>"
                    },
                    "question_type": "Very Short Answer (2 marks)",
                    "difficulty_level": "Medium",
                    "explanation_html": null
                  }
                ]
              },
              {
                "chapter_name": "Coordinate Geometry",
                "questions": [
                  {
                    "question_no": 24,
                    "question_html": "<p>Show that A(1, 2), B(5, 4), C(3, 8) and D(−1, 6) are vertices of a parallelogram ABCD.</p><p>OR</p><p>Show that the points A(3, 0), B(6, 4) and C(−1, 3) are vertices of a right-angled triangle.</p>",
                    "options": [],
                    "correct_answer": {
                      "text": "<p>A quadrilateral is a parallelogram if the midpoints of its diagonals coincide.</p><p><strong>Midpoint of diagonal AC:</strong></p><p>Midpoint = [(1+3)/2, (2+8)/2] = [4/2, 10/2] = (2, 5).</p><p><strong>Midpoint of diagonal BD:</strong></p><p>Midpoint = [(5+(-1))/2, (4+6)/2] = [4/2, 10/2] = (2, 5).</p><p>Since the midpoints of both diagonals AC and BD are the same point (2, 5), the quadrilateral ABCD is a parallelogram.</p><p>OR</p><p>We find the squares of the lengths of the three sides using the distance formula d²=(x₂-x₁)²+(y₂-y₁)².</p><p>AB² = (6-3)² + (4-0)² = 3² + 4² = 9 + 16 = 25.</p><p>BC² = (-1-6)² + (3-4)² = (-7)² + (-1)² = 49 + 1 = 50.</p><p>AC² = (-1-3)² + (3-0)² = (-4)² + 3² = 16 + 9 = 25.</p><p>Now, we check if the Pythagorean theorem holds.</p><p>AB² + AC² = 25 + 25 = 50.</p><p>We see that AB² + AC² = BC². Since the sum of the squares of two sides is equal to the square of the third side, the triangle is a right-angled triangle, with the right angle at vertex A.</p>"
                    },
                    "question_type": "Very Short Answer (2 marks)",
                    "difficulty_level": "Medium",
                    "explanation_html": null
                  }
                ]
              },
              {
                "chapter_name": "Arithmetic Progressions",
                "questions": [
                  {
                    "question_no": 25,
                    "question_html": "<p>Find the sum of the first 15 terms of the A.P. : 1/15, 1/12, 1/10, .......</p>",
                    "options": [],
                    "correct_answer": {
                      "text": "<p>The given A.P. is 1/15, 1/12, 1/10, ...</p><p>First term (a) = 1/15.</p><p>Common difference (d) = a₂ - a₁ = 1/12 - 1/15 = (5-4)/60 = 1/60.</p><p>Number of terms (n) = 15.</p><p>The sum of the first n terms of an A.P. is given by Sₙ = n/2 [2a + (n-1)d].</p><p>S₁₅ = 15/2 [2(1/15) + (15-1)(1/60)]</p><p>S₁₅ = 15/2 [2/15 + 14/60]</p><p>S₁₅ = 15/2 [2/15 + 7/30]</p><p>S₁₅ = 15/2 [(4+7)/30] = 15/2 [11/30]</p><p>S₁₅ = (15 × 11) / (2 × 30) = 11/4.</p>"
                    },
                    "question_type": "Short Answer (3 marks)",
                    "difficulty_level": "Medium",
                    "explanation_html": null
                  }
                ]
              },
              {
                "chapter_name": "Pair of Linear Equations in Two Variables",
                "questions": [
                  {
                    "question_no": 26,
                    "question_html": "<p>Sabina went to a bank ATM to withdraw ₹ 2,000. She received ₹ 50 and ₹ 100 notes only. If Sabina got 25 notes in all, how many notes of ₹ 50 and ₹ 100 did she receive ?</p><p>OR</p><p>Five years ago, Amit was thrice as old as Baljeet. Ten years hence, Amit shall be twice as old as Baljeet. What are their present ages ?</p>",
                    "options": [],
                    "correct_answer": {
                      "text": "<p>Let the number of ₹50 notes be x and the number of ₹100 notes be y.</p><p>Total number of notes: x + y = 25   ...(i)</p><p>Total value of notes: 50x + 100y = 2000. Dividing by 50, we get x + 2y = 40   ...(ii)</p><p>Subtracting (i) from (ii): (x+2y) - (x+y) = 40 - 25 => y = 15.</p><p>Substitute y=15 into (i): x + 15 = 25 => x = 10.</p><p>Sabina received 10 notes of ₹50 and 15 notes of ₹100.</p><p>OR</p><p>Let Amit's present age be x years and Baljeet's present age be y years.</p><p>Five years ago: (x-5) = 3(y-5) => x - 3y = -10   ...(i)</p><p>Ten years hence: (x+10) = 2(y+10) => x - 2y = 10   ...(ii)</p><p>Subtracting (i) from (ii): (x-2y) - (x-3y) = 10 - (-10) => y = 20.</p><p>Substitute y=20 into (ii): x - 2(20) = 10 => x - 40 = 10 => x = 50.</p><p>Amit's present age is 50 years and Baljeet's present age is 20 years.</p>"
                    },
                    "question_type": "Short Answer (3 marks)",
                    "difficulty_level": "Medium",
                    "explanation_html": null
                  }
                ]
              },
              {
                "chapter_name": "Real Numbers",
                "questions": [
                  {
                    "question_no": 27,
                    "question_html": "<p>Prove that (7 – 2√3) is an irrational number, given that √3 is an irrational number.</p>",
                    "options": [],
                    "correct_answer": {
                      "text": "<p>Let us assume, to the contrary, that 7 - 2√3 is a rational number.</p><p>Then, there exist co-prime integers 'a' and 'b' (b≠0) such that:</p><p>7 - 2√3 = a/b</p><p>Rearranging the equation to isolate √3:</p><p>7 - a/b = 2√3</p><p>(7b - a)/b = 2√3</p><p>(7b - a)/(2b) = √3</p><p>Since 'a' and 'b' are integers, (7b - a)/(2b) is a rational number.</p><p>This implies that √3 is a rational number. But this contradicts the given fact that √3 is an irrational number.</p><p>This contradiction has arisen because of our incorrect assumption that 7 - 2√3 is rational.</p><p>Therefore, we conclude that 7 - 2√3 is an irrational number.</p>"
                    },
                    "question_type": "Short Answer (3 marks)",
                    "difficulty_level": "Easy",
                    "explanation_html": null
                  }
                ]
              },
              {
                "chapter_name": "Statistics",
                "questions": [
                  {
                    "question_no": 28,
                    "question_html": "<p>Find mean of the following data :</p><table><thead><tr><th>Class</th><th>0 – 15</th><th>15 – 30</th><th>30 – 45</th><th>45 – 60</th><th>60 – 75</th><th>75 – 90</th></tr></thead><tbody><tr><th>Frequency</th><td>12</td><td>15</td><td>11</td><td>20</td><td>16</td><td>6</td></tr></tbody></table>",
                    "options": [],
                    "correct_answer": {
                      "text": "<p>We will use the assumed mean method. Let the assumed mean (a) be 37.5.</p><table><thead><tr><th>Class</th><th>Frequency (fᵢ)</th><th>Class Mark (xᵢ)</th><th>dᵢ = xᵢ - a</th><th>uᵢ = dᵢ/h</th><th>fᵢuᵢ</th></tr></thead><tbody><tr><td>0-15</td><td>12</td><td>7.5</td><td>-30</td><td>-2</td><td>-24</td></tr><tr><td>15-30</td><td>15</td><td>22.5</td><td>-15</td><td>-1</td><td>-15</td></tr><tr><td>30-45</td><td>11</td><td>37.5</td><td>0</td><td>0</td><td>0</td></tr><tr><td>45-60</td><td>20</td><td>52.5</td><td>15</td><td>1</td><td>20</td></tr><tr><td>60-75</td><td>16</td><td>67.5</td><td>30</td><td>2</td><td>32</td></tr><tr><td>75-90</td><td>6</td><td>82.5</td><td>45</td><td>3</td><td>18</td></tr><tr><td><strong>Total</strong></td><td><strong>Σfᵢ = 80</strong></td><td></td><td></td><td></td><td><strong>Σfᵢuᵢ = 31</strong></td></tr></tbody></table><p>Mean = a + (Σfᵢuᵢ / Σfᵢ) × h</p><p>Mean = 37.5 + (31 / 80) × 15</p><p>Mean = 37.5 + 5.8125 = 43.3125.</p><p>The mean of the data is approximately 43.3.</p>"
                    },
                    "question_type": "Short Answer (3 marks)",
                    "difficulty_level": "Medium",
                    "explanation_html": null
                  }
                ]
              },
              {
                "chapter_name": "Coordinate Geometry",
                "questions": [
                  {
                    "question_no": 29,
                    "question_html": "<p>Determine the ratio in which the point P(a, - 2) divides the line segment joining the points A(-4, 3) and B(2, – 4). Also, find the value of 'a'.</p><p>OR</p><p>In the given figure, in Δ ABC points D and E are mid-points of sides BC and AC respectively. If given vertices are A(4, – 2), B(2, – 2) and C(-6, -7), then verify the result DE = (1/2) AB.</p>",
                    "images": [
                      {
                        "url": "https://img.testbuddyai.com/Maths-430-5-23-Q29b.png"
                      }
                    ],
                    "options": [],
                    "correct_answer": {
                      "text": "<p>Let the point P(a, -2) divide the line segment joining A(-4, 3) and B(2, -4) in the ratio k:1.</p><p>Using the section formula for the y-coordinate:</p><p>y = (ky₂ + y₁)/(k+1)</p><p>-2 = (k(-4) + 3)/(k+1)</p><p>-2(k+1) = -4k+3</p><p>-2k-2 = -4k+3</p><p>2k = 5 => k = 5/2. The ratio is 5:2.</p><p>Now find 'a' using the x-coordinate:</p><p>a = (kx₂ + x₁)/(k+1) = ( (5/2)(2) + (-4) ) / (5/2 + 1) = (5-4) / (7/2) = 1 / (7/2) = 2/7. The value of a is 2/7.</p><p>OR</p><p>D is the midpoint of BC: D = [(2-6)/2, (-2-7)/2] = (-2, -9/2).</p><p>E is the midpoint of AC: E = [(4-6)/2, (-2-7)/2] = (-1, -9/2).</p><p>Length of DE = √[(-1 - (-2))² + (-9/2 - (-9/2))²] = √[1² + 0²] = 1 unit.</p><p>Length of AB = √[(2-4)² + (-2 - (-2))²] = √[(-2)² + 0²] = 2 units.</p><p>Comparing the lengths, we see that DE = 1 and AB = 2, so DE = (1/2)AB. The result is verified.</p>"
                    },
                    "question_type": "Short Answer (3 marks)",
                    "difficulty_level": "Medium",
                    "explanation_html": null
                  }
                ]
              },
              {
                "chapter_name": "Introduction to Trigonometry",
                "questions": [
                  {
                    "question_no": 30,
                    "question_html": "<p>Prove that :<br>(cosec A - sin A) (sec A − cos A) = 1 / (tan A + cot A)</p>",
                    "options": [],
                    "correct_answer": {
                      "text": "<p><strong>LHS = (cosec A - sin A) (sec A − cos A)</strong></p><p>= (1/sin A - sin A)(1/cos A - cos A)</p><p>= [(1-sin²A)/sin A] * [(1-cos²A)/cos A]</p><p>= (cos²A / sin A) * (sin²A / cos A)</p><p>= sin A cos A.</p><p><strong>RHS = 1 / (tan A + cot A)</strong></p><p>= 1 / (sin A/cos A + cos A/sin A)</p><p>= 1 / [(sin²A + cos²A) / (sin A cos A)]</p><p>= 1 / [1 / (sin A cos A)] = sin A cos A.</p><p>Since LHS = RHS, the identity is proved.</p>"
                    },
                    "question_type": "Short Answer (3 marks)",
                    "difficulty_level": "Medium",
                    "explanation_html": null
                  }
                ]
              },
              {
                "chapter_name": "Circles",
                "questions": [
                  {
                    "question_no": 31,
                    "question_html": "<p>ABC is an isosceles triangle with AB = AC, circumscribed about a circle. Prove that BC is bisected at E.</p>",
                    "images": [
                      {
                        "url": "https://img.testbuddyai.com/Maths-430-5-23-Q31.png"
                      }
                    ],
                    "options": [],
                    "correct_answer": {
                      "text": "<p>Let the circle touch the sides AB, BC, and AC at points D, E, and F respectively.</p><p>We know that tangents from an external point to a circle are equal in length.</p><p>So, AD = AF, BD = BE, and CE = CF.</p><p>Given AB = AC.</p><p>AD + DB = AF + FC</p><p>Since AD = AF, this implies DB = FC.</p><p>We also know that DB = BE and FC = CE.</p><p>Therefore, BE = CE. This means that the point of contact E bisects the side BC.</p>"
                    },
                    "question_type": "Short Answer (3 marks)",
                    "difficulty_level": "Medium",
                    "explanation_html": null
                  }
                ]
              },
              {
                "chapter_name": "Some Applications of Trigonometry",
                "questions": [
                  {
                    "question_no": 32,
                    "question_html": "<p>A person walking 48 m towards a tower in a horizontal line through its base observes that angle of elevation of the top of the tower changes from 45° to 60°. Find the height of the tower and distance of the person, now, from the tower. (Use √3 = 1.732)</p>",
                    "options": [],
                    "correct_answer": {
                      "text": "<p>Let the height of the tower be 'h' and the final distance of the person from the tower be 'x'. The initial distance was 'x+48'.</p><p>From the final position, tan 60° = h/x => h = x√3.  ...(i)</p><p>From the initial position, tan 45° = h/(x+48) => 1 = h/(x+48) => h = x+48.  ...(ii)</p><p>Equating (i) and (ii): x√3 = x+48 => x(√3 - 1) = 48 => x = 48/(√3 - 1).</p><p>x = 48(√3 + 1) / ((√3 - 1)(√3 + 1)) = 48(√3 + 1) / 2 = 24(√3 + 1).</p><p>x = 24(1.732 + 1) = 24(2.732) ≈ 65.57 m.</p><p>Height h = x+48 = 65.57 + 48 = 113.57 m.</p>"
                    },
                    "question_type": "Long Answer (5 marks)",
                    "difficulty_level": "Hard",
                    "explanation_html": null
                  }
                ]
              },
              {
                "chapter_name": "Areas Related to Circles",
                "questions": [
                  {
                    "question_no": 33,
                    "question_html": "<p>In the given figure, AB is a chord of a circle of radius 7 cm and centred at O. Find the area of the shaded region if ∠ AOB = 90°. Also, find length of minor arc AB.</p><p>OR</p><p>AB and CD are arcs of two concentric circles of radii 3.5 cm and 10.5 cm respectively and centred at O. Find the area of the shaded region if ∠ AOB = 60°. Also, find the length of arc CD.</p>",
                    "images": [
                      {
                        "url": "https://img.testbuddyai.com/Maths-430-5-23-Q33a.png"
                      },
                      {
                        "url": "https://img.testbuddyai.com/Maths-430-5-23-Q33b.png"
                      }
                    ],
                    "options": [],
                    "correct_answer": {
                      "text": "<p><strong>Area of shaded region (segment):</strong></p><p>Area = Area of sector AOB - Area of ΔAOB</p><p>= (90/360)πr² - (1/2) × base × height</p><p>= (1/4) × (22/7) × 7² - (1/2) × 7 × 7</p><p>= 38.5 - 24.5 = 14 cm².</p><p><strong>Length of minor arc AB:</strong></p><p>Length = (90/360) × 2πr = (1/4) × 2 × (22/7) × 7 = 11 cm.</p><p>OR</p><p><strong>Area of shaded region (ring between sectors):</strong></p><p>Area = Area of sector COD - Area of sector AOB</p><p>= (60/360)π(R² - r²) where R=10.5, r=3.5</p><p>= (1/6) × (22/7) × (10.5² - 3.5²) = (11/21) × (10.5-3.5)(10.5+3.5)</p><p>= (11/21) × 7 × 14 = 154/3 ≈ 51.3 cm².</p><p><strong>Length of arc CD:</strong></p><p>Length = (60/360) × 2πR = (1/6) × 2 × (22/7) × 10.5 = 11 cm.</p>"
                    },
                    "question_type": "Long Answer (5 marks)",
                    "difficulty_level": "Medium",
                    "explanation_html": null
                  }
                ]
              },
              {
                "chapter_name": "Triangles",
                "questions": [
                  {
                    "question_no": 34,
                    "question_html": "<p>If a line is drawn parallel to one side of a triangle to intersect the other two sides at distinct points, then prove that the other two sides are divided in the same ratio.</p>",
                    "options": [],
                    "correct_answer": {
                      "text": "<p><strong>Statement (Basic Proportionality Theorem):</strong> If a line is drawn parallel to one side of a triangle to intersect the other two sides at distinct points, then the other two sides are divided in the same ratio.</p><p><strong>Given:</strong> In ΔABC, DE || BC.</p><p><strong>To Prove:</strong> AD/DB = AE/EC.</p><p><strong>Construction:</strong> Join BE and CD. Draw EN ⊥ AB and DM ⊥ AC.</p><p><strong>Proof:</strong></p><p>ar(ΔADE) = (1/2)×AD×EN and ar(ΔBDE) = (1/2)×DB×EN. So, ar(ΔADE)/ar(ΔBDE) = AD/DB.  ...(1)</p><p>ar(ΔADE) = (1/2)×AE×DM and ar(ΔCDE) = (1/2)×EC×DM. So, ar(ΔADE)/ar(ΔCDE) = AE/EC.  ...(2)</p><p>ΔBDE and ΔCDE are on the same base DE and between the same parallels DE and BC. So, ar(ΔBDE) = ar(ΔCDE).</p><p>From (1) and (2), we get AD/DB = AE/EC. Hence proved.</p>"
                    },
                    "question_type": "Long Answer (5 marks)",
                    "difficulty_level": "Medium",
                    "explanation_html": null
                  }
                ]
              },
              {
                "chapter_name": "Quadratic Equations",
                "questions": [
                  {
                    "question_no": 35,
                    "question_html": "<p>The difference of two numbers is 5 and the difference of their reciprocals is 1/10. Find the numbers.</p><p>OR</p><p>Find all the values of k for which the quadratic equation 2x² + kx + 8 = 0 has equal roots. Also, find the roots.</p>",
                    "options": [],
                    "correct_answer": {
                      "text": "<p>Let the two numbers be x and y. Given x - y = 5 and 1/y - 1/x = 1/10.</p><p>From the second equation, (x-y)/xy = 1/10. Since x-y=5, we have 5/xy = 1/10 => xy=50.</p><p>We have x = y+5. Substitute into xy=50: (y+5)y = 50 => y²+5y-50=0.</p><p>(y+10)(y-5)=0. So y=-10 or y=5.</p><p>If y=5, x=10. If y=-10, x=-5. The numbers are (10, 5) or (-5, -10).</p><p>OR</p><p>For equal roots, the discriminant D must be 0. D = b² - 4ac.</p><p>In 2x² + kx + 8 = 0, a=2, b=k, c=8.</p><p>D = k² - 4(2)(8) = k² - 64 = 0 => k² = 64 => k = ±8.</p><p><strong>If k = 8:</strong> 2x²+8x+8=0 => x²+4x+4=0 => (x+2)²=0 => x=-2.</p><p><strong>If k = -8:</strong> 2x²-8x+8=0 => x²-4x+4=0 => (x-2)²=0 => x=2.</p>"
                    },
                    "question_type": "Long Answer (5 marks)",
                    "difficulty_level": "Medium",
                    "explanation_html": null
                  }
                ]
              },
              {
                "chapter_name": "Polynomials",
                "questions": [
                  {
                    "question_no": 36,
                    "question_html": "<p>Rainbow is an arch of colours... We know that any quadratic polynomial p(x) = ax² + bx + c (a ≠ 0) represents a parabola on the graph paper.</p><p>Based on the above, answer the following questions :<br>(i) The graph of a rainbow y = f(x) is shown in the figure. Write the number of zeroes of the curve.<br>(ii) If the graph of a rainbow does not intersect the x-axis but intersects y-axis at one point, then how many zeroes will it have ?<br>(iii) (a) If a rainbow is represented by the quadratic polynomial p(x) = x² + (a + 1) x + b, whose zeroes are 2 and – 3, find the value of a and b. OR (b) The polynomial x² – 2x – (7p + 3) represents a rainbow. If – 4 is a zero of it, find the value of p.</p>",
                    "images": [
                      {
                        "url": "https://img.testbuddyai.com/Maths-430-5-23-Q36.png"
                      }
                    ],
                    "options": [],
                    "correct_answer": {
                      "text": "<p><strong>(i)</strong> From the given graph, the parabola intersects the x-axis at two distinct points. Therefore, the number of zeroes is 2.</p><p><strong>(ii)</strong> If the graph does not intersect the x-axis, there are no real zeroes. The number of zeroes is 0.</p><p><strong>(iii) (a)</strong> Given zeroes are 2 and -3. Sum of zeroes = 2 + (-3) = -1. Product of zeroes = 2 * (-3) = -6. For p(x) = x² + (a + 1)x + b, Sum = -(a+1) and Product = b. So, -(a+1) = -1 => a+1=1 => a=0. And b = -6.</p><p>OR</p><p><strong>(iii) (b)</strong> Given -4 is a zero of x² – 2x – (7p + 3). Substitute x=-4: (-4)² - 2(-4) - (7p+3) = 0 => 16 + 8 - 7p - 3 = 0 => 21 - 7p = 0 => 7p=21 => p=3.</p>"
                    },
                    "question_type": "Case-based Subjective",
                    "difficulty_level": "Medium",
                    "explanation_html": null
                  }
                ]
              },
              {
                "chapter_name": "Surface Areas and Volumes",
                "questions": [
                  {
                    "question_no": 37,
                    "question_html": "<p>Singing bowls (hemispherical in shape) are commonly used in sound healing practices. Mallet (cylindrical in shape) is used to strike the bowl... Hemispherical bowl has outer radius 6 cm and inner radius 5 cm. Mallet has height of 10 cm and radius 2 cm.</p><p>Based on the above, answer the following questions :<br>(i) What is the volume of the material used in making the mallet ?<br>(ii) The bowl is to be polished from inside. Find the inner surface area of the bowl.<br>(iii) (a) Find the volume of metal used to make the bowl. OR (b) Find total surface area of the mallet. (Use π = 3·14)</p>",
                    "images": [
                      {
                        "url": "https://img.testbuddyai.com/Maths-430-5-23-Q37.png"
                      }
                    ],
                    "options": [],
                    "correct_answer": {
                      "text": "<p><strong>(i) Volume of mallet (cylinder):</strong> V = πr²h = 3.14 × 2² × 10 = 125.6 cm³.</p><p><strong>(ii) Inner surface area of bowl (hemisphere):</strong> SA = 2πr² = 2 × 3.14 × 5² = 157 cm².</p><p><strong>(iii) (a) Volume of metal in bowl:</strong> V = V_outer - V_inner = (2/3)πR³ - (2/3)πr³ = (2/3)π(6³ - 5³) = (2/3) × 3.14 × (216-125) = (2/3) × 3.14 × 91 ≈ 190.5 cm³.</p><p>OR</p><p><strong>(iii) (b) Total surface area of mallet:</strong> TSA = CSA + 2 × Base Area = 2πrh + 2πr² = 2πr(h+r) = 2 × 3.14 × 2 (10+2) = 12.56 × 12 = 150.72 cm².</p>"
                    },
                    "question_type": "Case-based Subjective",
                    "difficulty_level": "Medium",
                    "explanation_html": null
                  }
                ]
              },
              {
                "chapter_name": "Probability",
                "questions": [
                  {
                    "question_no": 38,
                    "question_html": "<p>Some students were asked to list their favourite colour. The measure of each colour is shown by the central angle of a pie chart given below :</p><p>Study the pie chart and answer the following questions :<br>(i) If a student is chosen at random, then find the probability of his/her favourite colour being white ?<br>(ii) What is the probability of his/her favourite colour being blue or green ?<br>(iii) (a) If 15 students liked the colour yellow, how many students participated in the survey? OR (b) What is the probability of the favourite colour being red or blue ?</p>",
                    "images": [
                      {
                        "url": "https://img.testbuddyai.com/Maths-430-5-23-Q38.png"
                      }
                    ],
                    "options": [],
                    "correct_answer": {
                      "text": "<p><strong>(i) P(white):</strong> Angle for white = 120°. P(white) = 120/360 = 1/3.</p><p><strong>(ii) P(blue or green):</strong> Angle for blue = 60°, green = 60°. Total = 120°. P(blue or green) = 120/360 = 1/3.</p><p><strong>(iii) (a) Total students:</strong> Angle for yellow = 90°. (90/360) × Total Students = 15 => (1/4) × Total = 15 => Total = 60 students.</p><p>OR</p><p><strong>(iii) (b) P(red or blue):</strong> Angle for red = 30°, blue = 60°. Total = 90°. P(red or blue) = 90/360 = 1/4.</p>"
                    },
                    "question_type": "Case-based Subjective",
                    "difficulty_level": "Easy",
                    "explanation_html": null
                  }
                ]
              }
            ]
          }
        ]
      }
    ]
  }
]