[
  {
    "exam_name_actual": "CBSE Board - Class 10",
    "main_exam_id_name_ref": "CBSE Board - Class 10",
    "years": [
      {
        "year": "2023",
        "papers_or_subjects": [
          {
            "paper_name": "CBSE Class 10 Mathematics (Standard) Paper 2023 (QP Code: 30/4/1)",
            "subject_name": "Mathematics",
            "chapters": [
              {
                "chapter_name": "Real Numbers",
                "questions": [
                  {
                    "question_no": 1,
                    "question_html": "<p>The ratio of HCF to LCM of the least composite number and the least prime number is :</p>",
                    "options": [
                      {
                        "id": "a",
                        "text": "1:2"
                      },
                      {
                        "id": "b",
                        "text": "2:1"
                      },
                      {
                        "id": "c",
                        "text": "1:1"
                      },
                      {
                        "id": "d",
                        "text": "1:3"
                      }
                    ],
                    "correct_answer": {
                      "ids": [
                        "a"
                      ]
                    },
                    "question_type": "mcq_single",
                    "difficulty_level": "easy",
                    "explanation_html": "<p>The least composite number is 4.<br>The least prime number is 2.<br>HCF of (4, 2) = 2.<br>LCM of (4, 2) = 4.<br>The ratio of HCF to LCM is HCF:LCM = 2:4 = 1:2.</p>"
                  }
                ]
              },
              {
                "chapter_name": "Quadratic Equations",
                "questions": [
                  {
                    "question_no": 2,
                    "question_html": "<p>The roots of the equation x<sup>2</sup> + 3x – 10 = 0 are :</p>",
                    "options": [
                      {
                        "id": "a",
                        "text": "2, -5"
                      },
                      {
                        "id": "b",
                        "text": "-2, 5"
                      },
                      {
                        "id": "c",
                        "text": "2, 5"
                      },
                      {
                        "id": "d",
                        "text": "-2, -5"
                      }
                    ],
                    "correct_answer": {
                      "ids": [
                        "a"
                      ]
                    },
                    "question_type": "mcq_single",
                    "difficulty_level": "easy",
                    "explanation_html": "<p>Given the equation: x<sup>2</sup> + 3x – 10 = 0.<br>We can factorize the quadratic equation:<br>x<sup>2</sup> + 5x - 2x – 10 = 0<br>x(x + 5) - 2(x + 5) = 0<br>(x - 2)(x + 5) = 0<br>This gives two possible values for x:<br>x - 2 = 0  => x = 2<br>x + 5 = 0  => x = -5<br>So, the roots are 2 and -5.</p>"
                  }
                ]
              },
              {
                "chapter_name": "Arithmetic Progressions",
                "questions": [
                  {
                    "question_no": 3,
                    "question_html": "<p>The next term of the A.P. : √6, √24, √54 is :</p>",
                    "options": [
                      {
                        "id": "a",
                        "text": "√60"
                      },
                      {
                        "id": "b",
                        "text": "√96"
                      },
                      {
                        "id": "c",
                        "text": "√72"
                      },
                      {
                        "id": "d",
                        "text": "√216"
                      }
                    ],
                    "correct_answer": {
                      "ids": [
                        "b"
                      ]
                    },
                    "question_type": "mcq_single",
                    "difficulty_level": "medium",
                    "explanation_html": "<p>The given Arithmetic Progression (A.P.) can be simplified:<br>First term: a<sub>1</sub> = √6<br>Second term: a<sub>2</sub> = √24 = √(4 × 6) = 2√6<br>Third term: a<sub>3</sub> = √54 = √(9 × 6) = 3√6<br>The common difference (d) is a<sub>2</sub> - a<sub>1</sub> = 2√6 - √6 = √6.<br>The next term (a<sub>4</sub>) is a<sub>3</sub> + d = 3√6 + √6 = 4√6.<br>To write this in the same format as the options, we square 4 and multiply by 6 under the square root:<br>a<sub>4</sub> = √(4<sup>2</sup> × 6) = √(16 × 6) = √96.</p>"
                  }
                ]
              },
              {
                "chapter_name": "Coordinate Geometry",
                "questions": [
                  {
                    "question_no": 4,
                    "question_html": "<p>The distance of the point (–1, 7) from x-axis is :</p>",
                    "options": [
                      {
                        "id": "a",
                        "text": "-1"
                      },
                      {
                        "id": "b",
                        "text": "7"
                      },
                      {
                        "id": "c",
                        "text": "6"
                      },
                      {
                        "id": "d",
                        "text": "√50"
                      }
                    ],
                    "correct_answer": {
                      "ids": [
                        "b"
                      ]
                    },
                    "question_type": "mcq_single",
                    "difficulty_level": "easy",
                    "explanation_html": "<p>The distance of any point (x, y) from the x-axis is the absolute value of its y-coordinate.<br>For the point (–1, 7), the y-coordinate is 7.<br>Therefore, the distance from the x-axis is |7| = 7.</p>"
                  }
                ]
              },
              {
                "chapter_name": "Areas Related to Circles",
                "questions": [
                  {
                    "question_no": 5,
                    "question_html": "<p>What is the area of a semi-circle of diameter 'd' ?</p>",
                    "options": [
                      {
                        "id": "a",
                        "text": "1/16 πd²"
                      },
                      {
                        "id": "b",
                        "text": "1/4 πd²"
                      },
                      {
                        "id": "c",
                        "text": "1/8 πd²"
                      },
                      {
                        "id": "d",
                        "text": "1/2 πd²"
                      }
                    ],
                    "correct_answer": {
                      "ids": [
                        "c"
                      ]
                    },
                    "question_type": "mcq_single",
                    "difficulty_level": "easy",
                    "explanation_html": "<p>The diameter of the semi-circle is 'd'.<br>The radius (r) is half of the diameter, so r = d/2.<br>The area of a full circle is πr<sup>2</sup>.<br>Substituting the radius, the area of the full circle is π(d/2)<sup>2</sup> = πd<sup>2</sup>/4.<br>The area of a semi-circle is half the area of a full circle.<br>Area of semi-circle = (1/2) × (Area of full circle) = (1/2) × (πd<sup>2</sup>/4) = πd<sup>2</sup>/8.</p>"
                  }
                ]
              },
              {
                "chapter_name": "Statistics",
                "questions": [
                  {
                    "question_no": 6,
                    "question_html": "<p>The empirical relation between the mode, median and mean of a distribution is :</p>",
                    "options": [
                      {
                        "id": "a",
                        "text": "Mode = 3 Median – 2 Mean"
                      },
                      {
                        "id": "b",
                        "text": "Mode = 3 Mean – 2 Median"
                      },
                      {
                        "id": "c",
                        "text": "Mode = 2 Median – 3 Mean"
                      },
                      {
                        "id": "d",
                        "text": "Mode = 2 Mean – 3 Median"
                      }
                    ],
                    "correct_answer": {
                      "ids": [
                        "a"
                      ]
                    },
                    "question_type": "mcq_single",
                    "difficulty_level": "easy",
                    "explanation_html": "<p>The empirical relationship between the three measures of central tendency (mean, median, and mode) for a moderately skewed distribution is given by the formula:<br>Mode = 3 Median – 2 Mean.</p>"
                  }
                ]
              },
              {
                "chapter_name": "Pair of Linear Equations in Two Variables",
                "questions": [
                  {
                    "question_no": 7,
                    "question_html": "<p>The pair of linear equations 2x = 5y + 6 and 15y = 6x – 18 represents two lines which are :</p>",
                    "options": [
                      {
                        "id": "a",
                        "text": "intersecting"
                      },
                      {
                        "id": "b",
                        "text": "parallel"
                      },
                      {
                        "id": "c",
                        "text": "coincident"
                      },
                      {
                        "id": "d",
                        "text": "either intersecting or parallel"
                      }
                    ],
                    "correct_answer": {
                      "ids": [
                        "c"
                      ]
                    },
                    "question_type": "mcq_single",
                    "difficulty_level": "medium",
                    "explanation_html": "<p>First, write both equations in the standard form Ax + By + C = 0.<br>Equation 1: 2x = 5y + 6  =>  2x - 5y - 6 = 0.<br>Here, a<sub>1</sub> = 2, b<sub>1</sub> = -5, c<sub>1</sub> = -6.<br>Equation 2: 15y = 6x – 18  =>  6x - 15y - 18 = 0.<br>Here, a<sub>2</sub> = 6, b<sub>2</sub> = -15, c<sub>2</sub> = -18.<br>Now, compare the ratios of the coefficients:<br>a<sub>1</sub>/a<sub>2</sub> = 2/6 = 1/3<br>b<sub>1</sub>/b<sub>2</sub> = -5/-15 = 1/3<br>c<sub>1</sub>/c<sub>2</sub> = -6/-18 = 1/3<br>Since a<sub>1</sub>/a<sub>2</sub> = b<sub>1</sub>/b<sub>2</sub> = c<sub>1</sub>/c<sub>2</sub>, the pair of linear equations has infinitely many solutions, and the lines are coincident.</p>"
                  }
                ]
              },
              {
                "chapter_name": "Polynomials",
                "questions": [
                  {
                    "question_no": 8,
                    "question_html": "<p>If α, β are zeroes of the polynomial x²–1, then value of (α + β) is :</p>",
                    "options": [
                      {
                        "id": "a",
                        "text": "2"
                      },
                      {
                        "id": "b",
                        "text": "1"
                      },
                      {
                        "id": "c",
                        "text": "-1"
                      },
                      {
                        "id": "d",
                        "text": "0"
                      }
                    ],
                    "correct_answer": {
                      "ids": [
                        "d"
                      ]
                    },
                    "question_type": "mcq_single",
                    "difficulty_level": "easy",
                    "explanation_html": "<p>For a quadratic polynomial in the form ax² + bx + c, the sum of the zeroes (α + β) is given by the formula -b/a.<br>In the polynomial x²–1, we can write it as 1x² + 0x - 1.<br>Here, a = 1, b = 0, and c = -1.<br>Therefore, the sum of the zeroes (α + β) = -0/1 = 0.</p>"
                  }
                ]
              },
              {
                "chapter_name": "Some Applications of Trigonometry",
                "questions": [
                  {
                    "question_no": 9,
                    "question_html": "<p>If a pole 6 m high casts a shadow 2√3 m long on the ground, then sun's elevation is :</p>",
                    "options": [
                      {
                        "id": "a",
                        "text": "60°"
                      },
                      {
                        "id": "b",
                        "text": "45°"
                      },
                      {
                        "id": "c",
                        "text": "30°"
                      },
                      {
                        "id": "d",
                        "text": "90°"
                      }
                    ],
                    "correct_answer": {
                      "ids": [
                        "a"
                      ]
                    },
                    "question_type": "mcq_single",
                    "difficulty_level": "easy",
                    "explanation_html": "<p>Let θ be the sun's elevation angle.<br>The height of the pole (opposite side) = 6 m.<br>The length of the shadow (adjacent side) = 2√3 m.<br>We can use the tangent function: tan(θ) = opposite/adjacent.<br>tan(θ) = 6 / (2√3) = 3 / √3.<br>To rationalize the denominator, multiply the numerator and denominator by √3:<br>tan(θ) = (3√3) / (√3 × √3) = 3√3 / 3 = √3.<br>The angle θ for which tan(θ) = √3 is 60°.<br>So, the sun's elevation is 60°.</p>"
                  }
                ]
              },
              {
                "chapter_name": "Introduction to Trigonometry",
                "questions": [
                  {
                    "question_no": 10,
                    "question_html": "<p>secθ when expressed in terms of cotθ, is equal to :</p>",
                    "options": [
                      {
                        "id": "a",
                        "text": "(1+cot²θ)/cotθ"
                      },
                      {
                        "id": "b",
                        "text": "√(1+cot²θ)"
                      },
                      {
                        "id": "c",
                        "text": "√(1+cot²θ)/cotθ"
                      },
                      {
                        "id": "d",
                        "text": "√(1-cot²θ)/cotθ"
                      }
                    ],
                    "correct_answer": {
                      "ids": [
                        "c"
                      ]
                    },
                    "question_type": "mcq_single",
                    "difficulty_level": "medium",
                    "explanation_html": "<p>We know the trigonometric identity: sec<sup>2</sup>θ = 1 + tan<sup>2</sup>θ.<br>We also know that tanθ = 1/cotθ.<br>Substitute the second identity into the first:<br>sec<sup>2</sup>θ = 1 + (1/cotθ)<sup>2</sup> = 1 + 1/cot<sup>2</sup>θ.<br>To combine the terms on the right side, find a common denominator:<br>sec<sup>2</sup>θ = (cot<sup>2</sup>θ + 1) / cot<sup>2</sup>θ.<br>Now, take the square root of both sides to find secθ:<br>secθ = √((1 + cot<sup>2</sup>θ) / cot<sup>2</sup>θ) = √(1 + cot<sup>2</sup>θ) / √cot<sup>2</sup>θ = √(1 + cot<sup>2</sup>θ) / cotθ.</p>"
                  }
                ]
              },
              {
                "chapter_name": "Probability",
                "questions": [
                  {
                    "question_no": 11,
                    "question_html": "<p>Two dice are thrown together. The probability of getting the difference of numbers on their upper faces equals to 3 is :</p>",
                    "options": [
                      {
                        "id": "a",
                        "text": "1/9"
                      },
                      {
                        "id": "b",
                        "text": "2/9"
                      },
                      {
                        "id": "c",
                        "text": "1/6"
                      },
                      {
                        "id": "d",
                        "text": "1/12"
                      }
                    ],
                    "correct_answer": {
                      "ids": [
                        "c"
                      ]
                    },
                    "question_type": "mcq_single",
                    "difficulty_level": "medium",
                    "explanation_html": "<p>When two dice are thrown, the total number of possible outcomes is 6 × 6 = 36.<br>We need to find the outcomes where the difference between the numbers is 3.<br>The favorable pairs (die1, die2) are:<br>(1, 4) and (4, 1)<br>(2, 5) and (5, 2)<br>(3, 6) and (6, 3)<br>There are 6 favorable outcomes.<br>The probability is the ratio of favorable outcomes to the total number of outcomes.<br>Probability = 6/36 = 1/6.</p>"
                  }
                ]
              },
              {
                "chapter_name": "Triangles",
                "questions": [
                  {
                    "question_no": 12,
                    "question_html": "<p>In the given figure, ΔABC ~ ΔQPR. If AC = 6 cm, BC = 5 cm, QR = 3 cm and PR = x; then the value of x is :</p>",
                    "images": [
                      {
                        "url": "https://img.testbuddyai.com/Maths-30-4-23-Q12.png"
                      }
                    ],
                    "options": [
                      {
                        "id": "a",
                        "text": "3.6 cm"
                      },
                      {
                        "id": "b",
                        "text": "2.5 cm"
                      },
                      {
                        "id": "c",
                        "text": "10 cm"
                      },
                      {
                        "id": "d",
                        "text": "3.2 cm"
                      }
                    ],
                    "correct_answer": {
                      "ids": [
                        "b"
                      ]
                    },
                    "question_type": "mcq_single",
                    "difficulty_level": "easy",
                    "explanation_html": "<p>Since ΔABC is similar to ΔQPR (ΔABC ~ ΔQPR), the ratio of their corresponding sides is equal.<br>The corresponding sides are:<br>AB corresponds to QP<br>BC corresponds to PR<br>AC corresponds to QR<br>So, we can set up the proportion:<br>BC/PR = AC/QR<br>Substitute the given values:<br>5/x = 6/3<br>5/x = 2<br>2x = 5<br>x = 5/2 = 2.5 cm.</p>"
                  }
                ]
              },
              {
                "chapter_name": "Coordinate Geometry",
                "questions": [
                  {
                    "question_no": 13,
                    "question_html": "<p>The distance of the point (– 6, 8) from origin is :</p>",
                    "options": [
                      {
                        "id": "a",
                        "text": "6"
                      },
                      {
                        "id": "b",
                        "text": "-6"
                      },
                      {
                        "id": "c",
                        "text": "8"
                      },
                      {
                        "id": "d",
                        "text": "10"
                      }
                    ],
                    "correct_answer": {
                      "ids": [
                        "d"
                      ]
                    },
                    "question_type": "mcq_single",
                    "difficulty_level": "easy",
                    "explanation_html": "<p>The coordinates of the origin are (0, 0).<br>We use the distance formula to find the distance between two points (x₁, y₁) and (x₂, y₂):<br>Distance = √[(x₂ - x₁)² + (y₂ - y₁)²]<br>Let (x₁, y₁) = (-6, 8) and (x₂, y₂) = (0, 0).<br>Distance = √[(0 - (-6))² + (0 - 8)²]<br>Distance = √[(6)² + (-8)²]<br>Distance = √[36 + 64]<br>Distance = √100 = 10.</p>"
                  }
                ]
              },
              {
                "chapter_name": "Circles",
                "questions": [
                  {
                    "question_no": 14,
                    "question_html": "<p>In the given figure, PQ is a tangent to the circle with centre O. If ∠OPQ = x, ∠POQ = y, then x + y is :</p>",
                    "images": [
                      {
                        "url": "https://img.testbuddyai.com/Maths-30-4-23-Q14.png"
                      }
                    ],
                    "options": [
                      {
                        "id": "a",
                        "text": "45°"
                      },
                      {
                        "id": "b",
                        "text": "90°"
                      },
                      {
                        "id": "c",
                        "text": "60°"
                      },
                      {
                        "id": "d",
                        "text": "180°"
                      }
                    ],
                    "correct_answer": {
                      "ids": [
                        "b"
                      ]
                    },
                    "question_type": "mcq_single",
                    "difficulty_level": "medium",
                    "explanation_html": "<p>Let Q be the point of contact of the tangent PQ with the circle. The line segment OQ is the radius of the circle at the point of contact.<br>According to the theorem, the tangent at any point on a circle is perpendicular to the radius through the point of contact.<br>Therefore, ∠OQP = 90°.<br>Now, consider the triangle ΔOPQ. The sum of the angles in a triangle is 180°.<br>∠OPQ + ∠POQ + ∠OQP = 180°<br>Substituting the given values:<br>x + y + 90° = 180°<br>x + y = 180° - 90°<br>x + y = 90°.</p>"
                  }
                ]
              },
              {
                "chapter_name": "Introduction to Trigonometry",
                "questions": [
                  {
                    "question_no": 15,
                    "question_html": "<p>In the given figure, TA is a tangent to the circle with centre O such that OT = 4 cm, ∠OTA = 30°, then length of TA is :</p>",
                    "images": [
                      {
                        "url": "https://img.testbuddyai.com/Maths-30-4-23-Q15.png"
                      }
                    ],
                    "options": [
                      {
                        "id": "a",
                        "text": "2√3 cm"
                      },
                      {
                        "id": "b",
                        "text": "2 cm"
                      },
                      {
                        "id": "c",
                        "text": "2√2 cm"
                      },
                      {
                        "id": "d",
                        "text": "√3 cm"
                      }
                    ],
                    "correct_answer": {
                      "ids": [
                        "a"
                      ]
                    },
                    "question_type": "mcq_single",
                    "difficulty_level": "medium",
                    "explanation_html": "<p>The radius OA is perpendicular to the tangent TA at the point of contact A. So, ΔOAT is a right-angled triangle with ∠OAT = 90°.<br>In the right-angled triangle ΔOAT:<br>The hypotenuse is OT = 4 cm.<br>The angle ∠OTA = 30°.<br>The side TA is adjacent to the 30° angle.<br>We can use the cosine function:<br>cos(θ) = Adjacent / Hypotenuse<br>cos(30°) = TA / OT<br>We know that cos(30°) = √3 / 2.<br>√3 / 2 = TA / 4<br>TA = 4 × (√3 / 2)<br>TA = 2√3 cm.</p>"
                  }
                ]
              },
              {
                "chapter_name": "Triangles",
                "questions": [
                  {
                    "question_no": 16,
                    "question_html": "<p>In Δ ABC, PQ || BC. If PB = 6 cm, AP = 4 cm, AQ = 8 cm, find the length of AC.</p>",
                    "images": [
                      {
                        "url": "https://img.testbuddyai.com/Maths-30-4-23-Q16.png"
                      }
                    ],
                    "options": [
                      {
                        "id": "a",
                        "text": "12 cm"
                      },
                      {
                        "id": "b",
                        "text": "20 cm"
                      },
                      {
                        "id": "c",
                        "text": "6 cm"
                      },
                      {
                        "id": "d",
                        "text": "14 cm"
                      }
                    ],
                    "correct_answer": {
                      "ids": [
                        "b"
                      ]
                    },
                    "question_type": "mcq_single",
                    "difficulty_level": "easy",
                    "explanation_html": "<p>Given that in ΔABC, the line segment PQ is parallel to BC.<br>By the Basic Proportionality Theorem (also known as Thales's Theorem), if a line is drawn parallel to one side of a triangle intersecting the other two sides, then it divides the two sides proportionally.<br>Therefore, AP/PB = AQ/QC.<br>Substitute the given values:<br>4/6 = 8/QC<br>Cross-multiply to solve for QC:<br>4 × QC = 6 × 8<br>4 × QC = 48<br>QC = 48 / 4 = 12 cm.<br>The length of AC is the sum of the lengths of AQ and QC.<br>AC = AQ + QC = 8 cm + 12 cm = 20 cm.</p>"
                  }
                ]
              },
              {
                "chapter_name": "Polynomials",
                "questions": [
                  {
                    "question_no": 17,
                    "question_html": "<p>If α, β are the zeroes of the polynomial p(x) = 4x² – 3x – 7, then (1/α + 1/β) is equal to :</p>",
                    "options": [
                      {
                        "id": "a",
                        "text": "7/3"
                      },
                      {
                        "id": "b",
                        "text": "-7/3"
                      },
                      {
                        "id": "c",
                        "text": "3/7"
                      },
                      {
                        "id": "d",
                        "text": "-3/7"
                      }
                    ],
                    "correct_answer": {
                      "ids": [
                        "d"
                      ]
                    },
                    "question_type": "mcq_single",
                    "difficulty_level": "medium",
                    "explanation_html": "<p>For the polynomial p(x) = 4x² – 3x – 7, we have a = 4, b = -3, and c = -7.<br>The sum of the zeroes (α + β) = -b/a = -(-3)/4 = 3/4.<br>The product of the zeroes (αβ) = c/a = -7/4.<br>We need to find the value of (1/α + 1/β).<br>First, combine the fractions:<br>1/α + 1/β = (β + α) / αβ = (α + β) / αβ.<br>Now substitute the values for the sum and product of the zeroes:<br>(1/α + 1/β) = (3/4) / (-7/4).<br>(1/α + 1/β) = (3/4) × (4/-7) = 3/-7 = -3/7.</p>"
                  }
                ]
              },
              {
                "chapter_name": "Probability",
                "questions": [
                  {
                    "question_no": 18,
                    "question_html": "<p>A card is drawn at random from a well-shuffled pack of 52 cards. The probability that the card drawn is not an ace is :</p>",
                    "options": [
                      {
                        "id": "a",
                        "text": "1/13"
                      },
                      {
                        "id": "b",
                        "text": "9/13"
                      },
                      {
                        "id": "c",
                        "text": "4/13"
                      },
                      {
                        "id": "d",
                        "text": "12/13"
                      }
                    ],
                    "correct_answer": {
                      "ids": [
                        "d"
                      ]
                    },
                    "question_type": "mcq_single",
                    "difficulty_level": "easy",
                    "explanation_html": "<p>A standard deck has 52 cards.<br>There are 4 aces in the deck.<br>The number of cards that are not aces is 52 - 4 = 48.<br>The probability of an event is the ratio of the number of favorable outcomes to the total number of possible outcomes.<br>Probability (not an ace) = (Number of non-ace cards) / (Total number of cards)<br>Probability (not an ace) = 48 / 52.<br>Simplify the fraction by dividing both the numerator and the denominator by their greatest common divisor, which is 4:<br>48 ÷ 4 = 12<br>52 ÷ 4 = 13<br>So, the probability is 12/13.</p>"
                  }
                ]
              },
              {
                "chapter_name": "Probability",
                "questions": [
                  {
                    "question_no": 19,
                    "question_html": "<p><strong>Assertion (A) :</strong> The probability that a leap year has 53 Sundays is 2/7.<br><strong>Reason (R) :</strong> The probability that a non-leap year has 53 Sundays is 5/7.</p>",
                    "options": [
                      {
                        "id": "a",
                        "text": "Both Assertion (A) and Reason (R) are true and Reason (R) is the correct explanation of Assertion (A)."
                      },
                      {
                        "id": "b",
                        "text": "Both Assertion (A) and Reason (R) are true and Reason (R) is not the correct explanation of Assertion (A)."
                      },
                      {
                        "id": "c",
                        "text": "Assertion (A) is true but Reason (R) is false."
                      },
                      {
                        "id": "d",
                        "text": "Assertion (A) is false but Reason (R) is true."
                      }
                    ],
                    "correct_answer": {
                      "ids": [
                        "c"
                      ]
                    },
                    "question_type": "mcq_single",
                    "difficulty_level": "medium",
                    "explanation_html": "<p><strong>Analysis of Assertion (A):</strong><br>A leap year has 366 days.<br>366 days = 52 weeks + 2 odd days (since 366 = 52 × 7 + 2).<br>A leap year will have 53 Sundays if one of these two odd days is a Sunday.<br>The possible combinations for these two consecutive odd days are: (Sunday, Monday), (Monday, Tuesday), (Tuesday, Wednesday), (Wednesday, Thursday), (Thursday, Friday), (Friday, Saturday), (Saturday, Sunday).<br>There are 7 possible combinations.<br>Out of these, two combinations include a Sunday: (Sunday, Monday) and (Saturday, Sunday).<br>So, the probability is 2/7. Thus, Assertion (A) is true.<br><br><strong>Analysis of Reason (R):</strong><br>A non-leap year has 365 days.<br>365 days = 52 weeks + 1 odd day (since 365 = 52 × 7 + 1).<br>A non-leap year will have 53 Sundays if this one odd day is a Sunday.<br>The possible options for this one odd day are Sunday, Monday, Tuesday, Wednesday, Thursday, Friday, Saturday.<br>There are 7 possibilities, and only one of them is a Sunday.<br>So, the probability is 1/7. The Reason (R) states the probability is 5/7, which is incorrect. Thus, Reason (R) is false.<br><br><strong>Conclusion:</strong> Assertion (A) is true, but Reason (R) is false.</p>"
                  }
                ]
              },
              {
                "chapter_name": "Arithmetic Progressions",
                "questions": [
                  {
                    "question_no": 20,
                    "question_html": "<p><strong>Assertion (A) :</strong> a, b, c are in A.P. if and only if 2b = a + c.<br><strong>Reason (R) :</strong> The sum of first n odd natural numbers is n².</p>",
                    "options": [
                      {
                        "id": "a",
                        "text": "Both Assertion (A) and Reason (R) are true and Reason (R) is the correct explanation of Assertion (A)."
                      },
                      {
                        "id": "b",
                        "text": "Both Assertion (A) and Reason (R) are true and Reason (R) is not the correct explanation of Assertion (A)."
                      },
                      {
                        "id": "c",
                        "text": "Assertion (A) is true but Reason (R) is false."
                      },
                      {
                        "id": "d",
                        "text": "Assertion (A) is false but Reason (R) is true."
                      }
                    ],
                    "correct_answer": {
                      "ids": [
                        "b"
                      ]
                    },
                    "question_type": "mcq_single",
                    "difficulty_level": "medium",
                    "explanation_html": "<p><strong>Analysis of Assertion (A):</strong><br>If a, b, and c are in an Arithmetic Progression (A.P.), then the common difference between consecutive terms is constant.<br>So, b - a = c - b.<br>Adding b to both sides: 2b - a = c.<br>Adding a to both sides: 2b = a + c.<br>This is the condition for three numbers to be in A.P. Thus, Assertion (A) is true.<br><br><strong>Analysis of Reason (R):</strong><br>The first n odd natural numbers are 1, 3, 5, ..., (2n-1). This is an A.P. with first term a=1 and common difference d=2.<br>The sum of an A.P. is S<sub>n</sub> = n/2 [2a + (n-1)d].<br>S<sub>n</sub> = n/2 [2(1) + (n-1)2] = n/2 [2 + 2n - 2] = n/2 [2n] = n².<br>So, the sum of the first n odd natural numbers is n². Thus, Reason (R) is true.<br><br><strong>Conclusion:</strong><br>Both Assertion (A) and Reason (R) are true statements. However, Reason (R), which is about the sum of a specific series, does not explain Assertion (A), which is the fundamental property of any three terms in an A.P. They are independent correct statements. Therefore, R is not the correct explanation of A.</p>"
                  }
                ]
              },
              {
                "chapter_name": "Real Numbers",
                "questions": [
                  {
                    "question_no": 21,
                    "question_html": "<p>Two numbers are in the ratio 2 : 3 and their LCM is 180. What is the HCF of these numbers ?</p>",
                    "options": [],
                    "correct_answer": {
                      "text": "<p>Let the two numbers be 2x and 3x.</p><p>The LCM of 2x and 3x is 2 × 3 × x = 6x.</p><p>Given that the LCM is 180, we have:</p><p>6x = 180</p><p>x = 30</p><p>The two numbers are:</p><p>First number = 2x = 2 × 30 = 60</p><p>Second number = 3x = 3 × 30 = 90</p><p>The HCF of the two numbers (60 and 90) is the greatest common divisor, which is 30.</p><p>Alternatively, using the property that for two numbers, Product = HCF × LCM:</p><p>(2x)(3x) = HCF × (6x)</p><p>6x² = HCF × 6x</p><p>HCF = x</p><p>Since x = 30, the HCF is 30.</p>"
                    },
                    "question_type": "Very Short Answer (2 marks)",
                    "difficulty_level": "Easy",
                    "explanation_html": null
                  }
                ]
              },
              {
                "chapter_name": "Polynomials",
                "questions": [
                  {
                    "question_no": 22,
                    "question_html": "<p>If one zero of the polynomial p(x) = 6x² + 37x – (k – 2) is reciprocal of the other, then find the value of k.</p>",
                    "options": [],
                    "correct_answer": {
                      "text": "<p>Let the zeroes of the polynomial p(x) = 6x² + 37x – (k – 2) be α and 1/α.</p><p>The product of the zeroes of a quadratic polynomial ax² + bx + c is given by c/a.</p><p>In this case, a = 6, b = 37, and c = -(k-2).</p><p>Product of zeroes = α × (1/α) = 1.</p><p>From the polynomial, the product of zeroes is c/a = -(k-2) / 6.</p><p>Equating the two expressions for the product of zeroes:</p><p>1 = -(k-2) / 6</p><p>6 = -(k-2)</p><p>6 = -k + 2</p><p>k = 2 - 6</p><p>k = -4</p>"
                    },
                    "question_type": "Very Short Answer (2 marks)",
                    "difficulty_level": "Medium",
                    "explanation_html": null
                  }
                ]
              },
              {
                "chapter_name": "Quadratic Equations",
                "questions": [
                  {
                    "question_no": 23,
                    "question_html": "<p>Find the sum and product of the roots of the quadratic equation 2x²- 9x + 4 = 0.</p><p>OR</p><p>Find the discriminant of the quadratic equation 4x² − 5 = 0 and hence comment on the nature of roots of the equation.</p>",
                    "options": [],
                    "correct_answer": {
                      "text": "<p>For the quadratic equation 2x²- 9x + 4 = 0, we have a = 2, b = -9, c = 4.</p><p>Sum of the roots = -b/a = -(-9)/2 = 9/2.</p><p>Product of the roots = c/a = 4/2 = 2.</p><p>OR</p><p>For the quadratic equation 4x² − 5 = 0, we have a = 4, b = 0, c = -5.</p><p>The discriminant (D) is given by the formula D = b² - 4ac.</p><p>D = 0² - 4(4)(-5)</p><p>D = 0 - (-80) = 80.</p><p>Since the discriminant D = 80, which is greater than 0, the equation has two distinct real roots.</p>"
                    },
                    "question_type": "Very Short Answer (2 marks)",
                    "difficulty_level": "Easy",
                    "explanation_html": null
                  }
                ]
              },
              {
                "chapter_name": "Probability",
                "questions": [
                  {
                    "question_no": 24,
                    "question_html": "<p>If a fair coin is tossed twice, find the probability of getting 'atmost one head'.</p>",
                    "options": [],
                    "correct_answer": {
                      "text": "<p>When a fair coin is tossed twice, the sample space of all possible outcomes is S = {HH, HT, TH, TT}.</p><p>The total number of outcomes is 4.</p><p>The event 'atmost one head' means getting either one head or zero heads.</p><p>The favourable outcomes for this event are {HT, TH, TT}.</p><p>The number of favourable outcomes is 3.</p><p>The probability of getting atmost one head is:</p><p>P(atmost one head) = (Number of favourable outcomes) / (Total number of outcomes) = 3/4.</p>"
                    },
                    "question_type": "Very Short Answer (2 marks)",
                    "difficulty_level": "Easy",
                    "explanation_html": null
                  }
                ]
              },
              {
                "chapter_name": "Introduction to Trigonometry",
                "questions": [
                  {
                    "question_no": 25,
                    "question_html": "<p>Evaluate (5 cos²60° + 4 sec²30° – tan²45°) / (sin²30° + cos²30°)</p><p>OR</p><p>If A and B are acute angles such that sin (A – B) = 0 and 2 cos (A + B) – 1 = 0, then find angles A and B.</p>",
                    "options": [],
                    "correct_answer": {
                      "text": "<p>We know the values:</p><ul><li>cos 60° = 1/2</li><li>sec 30° = 2/√3</li><li>tan 45° = 1</li><li>sin 30° = 1/2</li><li>cos 30° = √3/2</li></ul><p>The denominator is sin²30° + cos²30° = 1, using the identity sin²θ + cos²θ = 1.</p><p>The numerator is 5(1/2)² + 4(2/√3)² - (1)²</p><p>= 5(1/4) + 4(4/3) - 1</p><p>= 5/4 + 16/3 - 1</p><p>= (15 + 64 - 12) / 12 = 67/12.</p><p>So, the value of the expression is 67/12.</p><p>OR</p><p>Given sin (A – B) = 0.</p><p>Since A and B are acute, A - B = 0°, which implies A = B.</p><p>Given 2 cos (A + B) – 1 = 0.</p><p>2 cos (A + B) = 1</p><p>cos (A + B) = 1/2</p><p>Since A+B is acute, A + B = 60°.</p><p>Substitute A = B into the second equation:</p><p>A + A = 60°</p><p>2A = 60°</p><p>A = 30°</p><p>Since A = B, B is also 30°.</p>"
                    },
                    "question_type": "Very Short Answer (2 marks)",
                    "difficulty_level": "Medium",
                    "explanation_html": null
                  }
                ]
              },
              {
                "chapter_name": "Arithmetic Progressions",
                "questions": [
                  {
                    "question_no": 26,
                    "question_html": "<p>How many terms are there in an A.P. whose first and fifth terms are – 14 and 2, respectively and the last term is 62.</p><p>OR</p><p>Which term of the A.P. : 65, 61, 57, 53, ............ is the first negative term ?</p>",
                    "options": [],
                    "correct_answer": {
                      "text": "<p>Given first term a = -14.</p><p>Given fifth term a₅ = 2. So, a + 4d = 2.</p><p>-14 + 4d = 2</p><p>4d = 16 => d = 4.</p><p>The last term is aₙ = 62.</p><p>a + (n-1)d = 62</p><p>-14 + (n-1)4 = 62</p><p>(n-1)4 = 76</p><p>n - 1 = 19</p><p>n = 20. There are 20 terms in the A.P.</p><p>OR</p><p>The A.P. is 65, 61, 57, 53, ...</p><p>First term a = 65.</p><p>Common difference d = 61 - 65 = -4.</p><p>Let the nth term, aₙ, be the first negative term. We need to find the smallest n for which aₙ < 0.</p><p>a + (n-1)d < 0</p><p>65 + (n-1)(-4) < 0</p><p>65 - 4n + 4 < 0</p><p>69 - 4n < 0</p><p>69 < 4n</p><p>n > 69/4 => n > 17.25.</p><p>The smallest integer value of n greater than 17.25 is 18.</p><p>So, the 18th term is the first negative term.</p>"
                    },
                    "question_type": "Short Answer (3 marks)",
                    "difficulty_level": "Medium",
                    "explanation_html": null
                  }
                ]
              },
              {
                "chapter_name": "Real Numbers",
                "questions": [
                  {
                    "question_no": 27,
                    "question_html": "<p>Prove that √5 is an irrational number.</p>",
                    "options": [],
                    "correct_answer": {
                      "text": "<p>We will use the method of proof by contradiction.</p><p><strong>Step 1:</strong> Assume that √5 is a rational number. This means it can be written as p/q, where p and q are co-prime integers (no common factors other than 1) and q ≠ 0.</p><p>√5 = p/q</p><p><strong>Step 2:</strong> Square both sides.</p><p>5 = p²/q²  =>  5q² = p²</p><p>This means p² is a multiple of 5. If p² is a multiple of 5, p must also be a multiple of 5. So, we can write p = 5k for some integer k.</p><p><strong>Step 3:</strong> Substitute p = 5k back into the equation.</p><p>5q² = (5k)²  =>  5q² = 25k²  =>  q² = 5k²</p><p>This means q² is also a multiple of 5, and therefore q must be a multiple of 5.</p><p><strong>Step 4:</strong> Identify the contradiction.</p><p>We have concluded that both p and q are multiples of 5. This means they have a common factor of 5, which contradicts our initial assumption that p and q are co-prime.</p><p><strong>Step 5:</strong> Conclude.</p><p>Since our assumption leads to a contradiction, the assumption is false. Therefore, √5 is an irrational number.</p>"
                    },
                    "question_type": "Short Answer (3 marks)",
                    "difficulty_level": "Easy",
                    "explanation_html": null
                  }
                ]
              },
              {
                "chapter_name": "Circles",
                "questions": [
                  {
                    "question_no": 28,
                    "question_html": "<p>Prove that the angle between the two tangents drawn from an external point to a circle is supplementary to the angle subtended by the line-segment joining the points of contact at the centre.</p>",
                    "options": [],
                    "correct_answer": {
                      "text": "<p>Let PA and PB be the two tangents drawn from an external point P to a circle with center O. A and B are the points of contact.</p><p>We need to prove that ∠APB + ∠AOB = 180°.</p><p>In the quadrilateral OAPB:</p><ul><li>∠OAP = 90° (The radius is perpendicular to the tangent at the point of contact)</li><li>∠OBP = 90° (The radius is perpendicular to the tangent at the point of contact)</li></ul><p>The sum of the angles in a quadrilateral is 360°.</p><p>∠OAP + ∠APB + ∠OBP + ∠AOB = 360°</p><p>90° + ∠APB + 90° + ∠AOB = 360°</p><p>∠APB + ∠AOB + 180° = 360°</p><p>∠APB + ∠AOB = 180°</p><p>Thus, the angle between the tangents and the angle subtended at the center are supplementary.</p>"
                    },
                    "question_type": "Short Answer (3 marks)",
                    "difficulty_level": "Medium",
                    "explanation_html": null
                  }
                ]
              },
              {
                "chapter_name": "Introduction to Trigonometry",
                "questions": [
                  {
                    "question_no": 29,
                    "question_html": "<p>Prove that (sin A - 2 sin³A) / (2cos³A - cos A) = tan A</p><p>OR</p><p>Prove that sec A (1 – sin A) (sec A + tan A) = 1.</p>",
                    "options": [],
                    "correct_answer": {
                      "text": "<p><strong>LHS = (sin A - 2 sin³A) / (2cos³A - cos A)</strong></p><p>Factor out sin A from the numerator and cos A from the denominator:</p><p>= [sin A (1 - 2sin²A)] / [cos A (2cos²A - 1)]</p><p>Using the identity sin²A + cos²A = 1, we can write 1 = sin²A + cos²A in the numerator's bracket, and in the denominator's bracket, replace 1 with sin²A + cos²A. Alternatively, use the double angle identities: cos(2A) = 1 - 2sin²A = 2cos²A - 1.</p><p>= [sin A (cos 2A)] / [cos A (cos 2A)]</p><p>Cancel the common term cos 2A:</p><p>= sin A / cos A = tan A = RHS. Hence proved.</p><p>OR</p><p><strong>LHS = sec A (1 – sin A) (sec A + tan A)</strong></p><p>Convert sec A and tan A to sin A and cos A:</p><p>= (1/cos A) (1 - sin A) (1/cos A + sin A/cos A)</p><p>= [(1 - sin A)/cos A] * [(1 + sin A)/cos A]</p><p>= [(1 - sin A)(1 + sin A)] / cos²A</p><p>Using the identity (a-b)(a+b) = a²-b² in the numerator:</p><p>= (1 - sin²A) / cos²A</p><p>Using the identity sin²A + cos²A = 1, we have 1 - sin²A = cos²A.</p><p>= cos²A / cos²A = 1 = RHS. Hence proved.</p>"
                    },
                    "question_type": "Short Answer (3 marks)",
                    "difficulty_level": "Medium",
                    "explanation_html": null
                  }
                ]
              },
              {
                "chapter_name": "Circles",
                "questions": [
                  {
                    "question_no": 30,
                    "question_html": "<p>Two concentric circles are of radii 5 cm and 3 cm. Find the length of the chord of the larger circle which touches the smaller circle.</p>",
                    "options": [],
                    "correct_answer": {
                      "text": "<p>Let the two concentric circles have a common center O. Let the radius of the larger circle be R = 5 cm and the radius of the smaller circle be r = 3 cm.</p><p>Let AB be the chord of the larger circle that touches the smaller circle at point P.</p><p>Then, OP is the radius of the smaller circle and is perpendicular to the chord AB (since the radius at the point of contact is perpendicular to the tangent).</p><p>Consider the right-angled triangle ΔOPA.</p><p>OA is the radius of the larger circle, so OA = 5 cm.</p><p>OP is the radius of the smaller circle, so OP = 3 cm.</p><p>By the Pythagorean theorem:</p><p>OA² = OP² + AP²</p><p>5² = 3² + AP²</p><p>25 = 9 + AP²</p><p>AP² = 16 => AP = 4 cm.</p><p>Since the perpendicular from the center to a chord bisects the chord, AB = 2 × AP.</p><p>Length of the chord AB = 2 × 4 = 8 cm.</p>"
                    },
                    "question_type": "Short Answer (3 marks)",
                    "difficulty_level": "Medium",
                    "explanation_html": null
                  }
                ]
              },
              {
                "chapter_name": "Quadratic Equations",
                "questions": [
                  {
                    "question_no": 31,
                    "question_html": "<p>Find the value of 'p' for which the quadratic equation px(x – 2) + 6 = 0 has two equal real roots.</p>",
                    "options": [],
                    "correct_answer": {
                      "text": "<p>First, expand the given equation to write it in the standard quadratic form ax² + bx + c = 0.</p><p>px² - 2px + 6 = 0</p><p>For a quadratic equation to have two equal real roots, its discriminant (D) must be equal to zero.</p><p>The discriminant is given by D = b² - 4ac.</p><p>Here, a = p, b = -2p, and c = 6.</p><p>D = (-2p)² - 4(p)(6) = 0</p><p>4p² - 24p = 0</p><p>Factor out 4p:</p><p>4p(p - 6) = 0</p><p>This gives two possible solutions: p = 0 or p = 6.</p><p>However, if p = 0, the equation becomes 6 = 0, which is not a quadratic equation. Therefore, p cannot be 0.</p><p>The only valid solution is p = 6.</p>"
                    },
                    "question_type": "Short Answer (3 marks)",
                    "difficulty_level": "Medium",
                    "explanation_html": null
                  }
                ]
              },
              {
                "chapter_name": "Some Applications of Trigonometry",
                "questions": [
                  {
                    "question_no": 32,
                    "question_html": "<p>A straight highway leads to the foot of a tower. A man standing on the top of the 75 m high tower observes two cars at angles of depression of 30° and 60°, which are approaching the foot of the tower. If one car is exactly behind the other on the same side of the tower, find the distance between the two cars. (use √3 = 1.73)</p><p>OR</p><p>From the top of a 7 m high building, the angle of elevation of the top of a cable tower is 60° and the angle of depression of its foot is 30°. Determine the height of the tower.</p>",
                    "options": [],
                    "correct_answer": {
                      "text": "<p>Let AB be the tower of height 75 m. Let the two cars be at points C and D.</p><p>The angle of depression to the farther car (D) is 30°, so ∠ADB = 30°.</p><p>The angle of depression to the nearer car (C) is 60°, so ∠ACB = 60°.</p><p>In right ΔABC, tan 60° = AB/BC => √3 = 75/BC => BC = 75/√3 = 25√3 m.</p><p>In right ΔABD, tan 30° = AB/BD => 1/√3 = 75/BD => BD = 75√3 m.</p><p>The distance between the cars is CD = BD - BC = 75√3 - 25√3 = 50√3 m.</p><p>Using √3 = 1.73, CD = 50 * 1.73 = 86.5 m.</p><p>OR</p><p>Let AB be the building of height 7 m and CE be the cable tower of height h. Draw BD parallel to AC.</p><p>∠EBD = 60° (angle of elevation) and ∠DBC = 30° (angle of depression).</p><p>∠ACB = ∠DBC = 30° (alternate angles).</p><p>In right ΔABC, tan 30° = AB/AC => 1/√3 = 7/AC => AC = 7√3 m. So, BD = 7√3 m.</p><p>In right ΔEBD, tan 60° = ED/BD => √3 = ED / (7√3) => ED = 7√3 * √3 = 21 m.</p><p>Height of the tower h = CE = CD + DE = 7 + 21 = 28 m.</p>"
                    },
                    "question_type": "Long Answer (5 marks)",
                    "difficulty_level": "Hard",
                    "explanation_html": null
                  }
                ]
              },
              {
                "chapter_name": "Triangles",
                "questions": [
                  {
                    "question_no": 33,
                    "question_html": "<p>D is a point on the side BC of a triangle ABC such that ∠ADC = ∠BAC, prove that CA² = CB.CD</p><p>OR</p><p>If AD and PM are medians of triangles ABC and PQR, respectively where ∆ABC ~ ΔPQR, prove that AB/PQ = AD/PM.</p>",
                    "options": [],
                    "correct_answer": {
                      "text": "<p>In ΔABC and ΔDAC:</p><p>∠BAC = ∠ADC (Given)</p><p>∠BCA = ∠DCA (Common angle C)</p><p>By AA similarity criterion, ΔABC ~ ΔDAC.</p><p>Since the triangles are similar, the ratio of their corresponding sides is equal.</p><p>CA/CD = CB/CA</p><p>Cross-multiplying gives: CA × CA = CB × CD</p><p>CA² = CB.CD. Hence proved.</p><p>OR</p><p>Given ΔABC ~ ΔPQR.</p><p>This means AB/PQ = BC/QR = AC/PR and ∠B = ∠Q.</p><p>Since AD and PM are medians, D is the midpoint of BC and M is the midpoint of PQ. So, BD = BC/2 and QM = QR/2.</p><p>Therefore, BC/QR = (2BD)/(2QM) = BD/QM.</p><p>From the similarity of the main triangles, we have AB/PQ = BC/QR. So, AB/PQ = BD/QM.</p><p>Now consider ΔABD and ΔPQM:</p><ul><li>AB/PQ = BD/QM (Proven above)</li><li>∠B = ∠Q (Given)</li></ul><p>By SAS similarity criterion, ΔABD ~ ΔPQM.</p><p>Since these triangles are similar, the ratio of their corresponding sides is equal.</p><p>Therefore, AB/PQ = AD/PM. Hence proved.</p>"
                    },
                    "question_type": "Long Answer (5 marks)",
                    "difficulty_level": "Medium",
                    "explanation_html": null
                  }
                ]
              },
              {
                "chapter_name": "Surface Areas and Volumes",
                "questions": [
                  {
                    "question_no": 34,
                    "question_html": "<p>A student was asked to make a model shaped like a cylinder with two cones attached to its ends by using a thin aluminium sheet. The diameter of the model is 3 cm and its total length is 12 cm. If each cone has a height of 2 cm, find the volume of air contained in the model.</p>",
                    "options": [],
                    "correct_answer": {
                      "text": "<p><strong>Dimensions:</strong></p><ul><li>Diameter of model = 3 cm, so radius (r) = 1.5 cm.</li><li>Total length = 12 cm.</li><li>Height of each cone (h_cone) = 2 cm.</li></ul><p>Height of the cylindrical part (h_cyl) = Total length - 2 × (height of cone) = 12 - 2 × 2 = 8 cm.</p><p><strong>Volume of the model = Volume of cylinder + 2 × Volume of cone</strong></p><p>= (πr²h_cyl) + 2 × (1/3 πr²h_cone)</p><p>= πr² (h_cyl + 2/3 h_cone)</p><p>= (22/7) × (1.5)² × (8 + 2/3 × 2)</p><p>= (22/7) × 2.25 × (8 + 4/3)</p><p>= (22/7) × 2.25 × (28/3)</p><p>= 22 × (2.25/3) × (28/7)</p><p>= 22 × 0.75 × 4</p><p>= 66 cm³.</p><p>The volume of air contained in the model is 66 cm³.</p>"
                    },
                    "question_type": "Long Answer (5 marks)",
                    "difficulty_level": "Medium",
                    "explanation_html": null
                  }
                ]
              },
              {
                "chapter_name": "Statistics",
                "questions": [
                  {
                    "question_no": 35,
                    "question_html": "<p>The monthly expenditure on milk in 200 families of a Housing Society is given below :</p><table><thead><tr><th>Monthly Expenditure (in ₹)</th><th>1000-1500</th><th>1500-2000</th><th>2000-2500</th><th>2500-3000</th><th>3000-3500</th><th>3500-4000</th><th>4000-4500</th><th>4500-5000</th></tr></thead><tbody><tr><th>Number of families</th><td>24</td><td>40</td><td>33</td><td>x</td><td>30</td><td>22</td><td>16</td><td>7</td></tr></tbody></table><p>Find the value of x and also, find the median and mean expenditure on milk.</p>",
                    "options": [],
                    "correct_answer": {
                      "text": "<p><strong>Find x:</strong> Total families = 200. Sum of frequencies = 24+40+33+x+30+22+16+7 = 172+x. So, 172+x = 200 => x=28.</p><p><strong>Find Median:</strong> N=200, N/2=100. The median class is where cumulative frequency crosses 100. cf up to 2500 is 24+40+33=97. cf up to 3000 is 97+28=125. So median class is 2500-3000. l=2500, cf=97, f=28, h=500. Median = 2500 + [(100-97)/28]×500 = 2500 + (3/28)×500 ≈ 2500 + 53.57 = 2553.57.</p><p><strong>Find Mean:</strong></p><table><thead><tr><th>Expenditure</th><th>fᵢ</th><th>xᵢ</th><th>fᵢxᵢ</th></tr></thead><tbody><tr><td>1000-1500</td><td>24</td><td>1250</td><td>30000</td></tr><tr><td>1500-2000</td><td>40</td><td>1750</td><td>70000</td></tr><tr><td>2000-2500</td><td>33</td><td>2250</td><td>74250</td></tr><tr><td>2500-3000</td><td>28</td><td>2750</td><td>77000</td></tr><tr><td>3000-3500</td><td>30</td><td>3250</td><td>97500</td></tr><tr><td>3500-4000</td><td>22</td><td>3750</td><td>82500</td></tr><tr><td>4000-4500</td><td>16</td><td>4250</td><td>68000</td></tr><tr><td>4500-5000</td><td>7</td><td>4750</td><td>33250</td></tr><tr><td><strong>Total</strong></td><td><strong>200</strong></td><td></td><td><strong>532500</strong></td></tr></tbody></table><p>Mean = Σfᵢxᵢ / Σfᵢ = 532500 / 200 = 2662.5.</p>"
                    },
                    "question_type": "Long Answer (5 marks)",
                    "difficulty_level": "Hard",
                    "explanation_html": null
                  }
                ]
              },
              {
                "chapter_name": "Pair of Linear Equations in Two Variables",
                "questions": [
                  {
                    "question_no": 36,
                    "question_html": "<p>Two schools ‘P' and 'Q' decided to award prizes to their students for two games of Hockey ₹ x per student and Cricket ₹ y per student. School 'P' decided to award a total of ₹ 9,500 for the two games to 5 and 4 students respectively; while school 'Q' decided to award ₹ 7,370 for the two games to 4 and 3 students respectively.</p><p>Based on the above information, answer the following questions :<br>(i) Represent the following information algebraically (in terms of x and y).<br>(ii) (a) What is the prize amount for hockey ? OR (b) Prize amount on which game is more and by how much ?<br>(iii) What will be the total prize amount if there are 2 students each from two games ?</p>",
                    "images": [
                      {
                        "url": "https://img.testbuddyai.com/Maths-30-4-23-Q36.png"
                      }
                    ],
                    "options": [],
                    "correct_answer": {
                      "text": "<p><strong>(i) Algebraic Representation:</strong></p><p>From School P: 5x + 4y = 9500   ...(1)</p><p>From School Q: 4x + 3y = 7370   ...(2)</p><p><strong>(ii) (a) Prize for Hockey (x) and Cricket (y):</strong></p><p>Multiply (1) by 3 and (2) by 4:</p><p>15x + 12y = 28500</p><p>16x + 12y = 29480</p><p>Subtracting the first from the second: x = 980.</p><p>Substitute x=980 into (1): 5(980)+4y=9500 => 4900+4y=9500 => 4y=4600 => y=1150.</p><p>Prize for Hockey (x) is ₹980.</p><p><strong>(ii) (b) Which game is more and by how much?</strong></p><p>Hockey (x) = ₹980, Cricket (y) = ₹1150. Cricket prize is more by 1150 - 980 = ₹170.</p><p><strong>(iii) Total prize for 2 students each:</strong></p><p>Total = 2x + 2y = 2(x+y) = 2(980 + 1150) = 2(2130) = ₹4260.</p>"
                    },
                    "question_type": "Case-based Subjective",
                    "difficulty_level": "Medium",
                    "explanation_html": null
                  }
                ]
              },
              {
                "chapter_name": "Coordinate Geometry",
                "questions": [
                  {
                    "question_no": 37,
                    "question_html": "<p>Jagdish has a field which is in the shape of a right angled triangle AQC. He wants to leave a space in the form of a square PQRS inside the field for growing wheat. In the field, there is a pole marked as O.</p><p>Based on the above information, answer the following questions :<br>(i) Taking O as origin, coordinates of P are (–200, 0) and of Q are (200, 0). PQRS being a square, what are the coordinates of R and S ?<br>(ii) (a) What is the area of square PQRS ? OR (b) What is the length of diagonal PR in square PQRS ?<br>(iii) If S divides CA in the ratio K:1, what is the value of K, where point A is (200, 800) ?</p>",
                    "images": [
                      {
                        "url": "https://img.testbuddyai.com/Maths-30-4-23-Q37.png"
                      }
                    ],
                    "options": [],
                    "correct_answer": {
                      "text": "<p><strong>(i) Coordinates of R and S:</strong></p><p>P=(-200, 0), Q=(200, 0). Side length PQ = 200 - (-200) = 400. Since PQRS is a square, the height is also 400. R is above Q, so R=(200, 400). S is above P, so S=(-200, 400).</p><p><strong>(ii) (a) Area of PQRS:</strong></p><p>Area = side² = 400² = 160,000 sq. units.</p><p>OR</p><p><strong>(ii) (b) Length of diagonal PR:</strong></p><p>PR = √[(200 - (-200))² + (400 - 0)²] = √[400² + 400²] = √(2 × 400²) = 400√2 units.</p><p><strong>(iii) Value of K:</strong></p><p>The line is CA. We need coordinates of C. Since AQC is a right triangle and C is on the x-axis (from diagram), the line AC passes through S(-200, 400) and A(200, 800). The slope is (800-400)/(200-(-200)) = 400/400 = 1. Equation of line AC: y-800 = 1(x-200) => y=x+600. C is the x-intercept (y=0), so 0=x+600 => x=-600. C=(-600, 0). S(-200, 400) divides CA in ratio K:1. Using section formula for x-coordinate: -200 = [K(200) + 1(-600)]/(K+1) => -200K-200=200K-600 => 400=400K => K=1. The ratio is 1:1.</p>"
                    },
                    "question_type": "Case-based Subjective",
                    "difficulty_level": "Hard",
                    "explanation_html": null
                  }
                ]
              },
              {
                "chapter_name": "Areas Related to Circles",
                "questions": [
                  {
                    "question_no": 38,
                    "question_html": "<p>Governing council of a local public development authority of Dehradun decided to build an adventurous playground on the top of a hill, which will have adequate space for parking. After survey, it was decided to build rectangular playground, with a semi-circular area allotted for parking at one end of the playground. The length and breadth of the rectangular playground are 14 units and 7 units, respectively. There are two quadrants of radius 2 units on one side for special seats.</p><p>Based on the above information, answer the following questions :<br>(i) What is the total perimeter of the parking area ?<br>(ii) (a) What is the total area of parking and the two quadrants ? OR (b) What is the ratio of area of playground to the area of parking area ?<br>(iii) Find the cost of fencing the playground and parking area at the rate of ₹ 2 per unit.</p>",
                    "images": [
                      {
                        "url": "https://img.testbuddyai.com/Maths-30-4-23-Q38.png"
                      }
                    ],
                    "options": [],
                    "correct_answer": {
                      "text": "<p><b>Given:</b></p><ul><li>Rectangular playground dimensions: length = 14 units, breadth = 7 units</li><li>Semi-circular parking area with radius = breadth / 2 = 7 / 2 = 3.5 units</li><li>Two quadrants of radius 2 units on one side for special seats</li></ul><p><b>i) Total perimeter of the parking area:</b></p><p>The parking area consists of the semi-circular arc plus the two quadrant arcs.</p><p>Perimeter of semi-circle = π × radius = (22/7) × 3.5 = 11 units</p><p>Perimeter of two quadrants = 2 × (1/4 × 2πr) = 2 × (1/4 × 2 × (22/7) × 2) = 2 × (11/7) = 22/7 units</p><p>Total perimeter = 11 + 22/7 ≈ 11 + 3.14 = 14.14 units</p><p><b>ii a) Total area of parking and two quadrants:</b></p><p>Area of semi-circle = (1/2) π r² = (1/2) × (22/7) × (3.5)² = (1/2) × (22/7) × 12.25 = 38.375 units²</p><p>Area of two quadrants = 2 × (1/4) π r² = (1/2) π (2)² = (1/2) × (22/7) × 4 = 12.57 units²</p><p>Total area = 38.375 + 12.57 = 50.945 units²</p><p><b>OR ii b) Ratio of area of playground to area of parking area:</b></p><p>Area of rectangular playground = length × breadth = 14 × 7 = 98 units²</p><p>Ratio = Playground area / Parking area = 98 / 50.945 ≈ 1.92</p><p><b>iii) Cost of fencing the playground and parking area:</b></p><p>Perimeter of rectangular playground = 2 × (length + breadth) = 2 × (14 + 7) = 42 units</p><p>Total fencing length = perimeter of playground + perimeter of parking area = 42 + 14.14 = 56.14 units</p><p>Cost at rate 2 per unit = 56.14 × 2 = 112.28</p>"
                    },
                    "question_type": "Case-based Subjective",
                    "difficulty_level": "Hard",
                    "explanation_html": null
                  }
                ]
              }
            ]
          }
        ]
      }
    ]
  }
]