[
  {
    "exam_name_actual": "CBSE Board - Class 10",
    "main_exam_id_name_ref": "CBSE Board - Class 10",
    "years": [
      {
        "year": "2023",
        "papers_or_subjects": [
          {
            "paper_name": "CBSE Class 10 Mathematics (Standard) Paper 2023 (QP Code: 30/6/1)",
            "subject_name": "Mathematics",
            "chapters": [
              {
                "chapter_name": "Real Numbers",
                "questions": [
                  {
                    "question_no": 1,
                    "question_html": "<p>If p² = 32/50, then p is a/an</p><p>(A) whole number</p><p>(B) integer</p><p>(C) rational number</p><p>(D) irrational number</p>",
                    "options": [
                      {
                        "id": "a",
                        "text": "whole number"
                      },
                      {
                        "id": "b",
                        "text": "integer"
                      },
                      {
                        "id": "c",
                        "text": "rational number"
                      },
                      {
                        "id": "d",
                        "text": "irrational number"
                      }
                    ],
                    "correct_answer": {
                      "ids": [
                        "c"
                      ]
                    },
                    "question_type": "mcq_single",
                    "difficulty_level": "easy",
                    "explanation_html": "<p>Given the equation p² = 32/50.</p><p>First, simplify the fraction:</p><p>p² = 32/50 = 16/25</p><p>Now, take the square root of both sides to find p:</p><p>p = ±√(16/25)</p><p>p = ±(√16 / √25)</p><p>p = ±(4/5)</p><p>A rational number is any number that can be expressed as a fraction p/q, where p and q are integers and q ≠ 0. Since 4/5 (and -4/5) fits this definition, p is a rational number.</p>"
                  }
                ]
              },
              {
                "chapter_name": "Coordinate Geometry",
                "questions": [
                  {
                    "question_no": 2,
                    "question_html": "<p>The distance of the point (–6, 8) from x-axis is</p><p>(A) 6 units</p><p>(B) – 6 units</p><p>(C) 8 units</p><p>(D) 10 units</p>",
                    "options": [
                      {
                        "id": "a",
                        "text": "6 units"
                      },
                      {
                        "id": "b",
                        "text": "– 6 units"
                      },
                      {
                        "id": "c",
                        "text": "8 units"
                      },
                      {
                        "id": "d",
                        "text": "10 units"
                      }
                    ],
                    "correct_answer": {
                      "ids": [
                        "c"
                      ]
                    },
                    "question_type": "mcq_single",
                    "difficulty_level": "easy",
                    "explanation_html": "<p>The distance of any point (x, y) from the x-axis is the absolute value of its y-coordinate. For the point (–6, 8), the y-coordinate is 8. The distance is the length of the perpendicular line segment from the point to the x-axis, which is |8| = 8 units.</p>"
                  }
                ]
              },
              {
                "chapter_name": "Polynomials",
                "questions": [
                  {
                    "question_no": 3,
                    "question_html": "<p>The number of quadratic polynomials having zeroes –5 and –3 is</p><p>(A) 1</p><p>(B) 2</p><p>(C) 3</p><p>(D) more than 3</p>",
                    "options": [
                      {
                        "id": "a",
                        "text": "1"
                      },
                      {
                        "id": "b",
                        "text": "2"
                      },
                      {
                        "id": "c",
                        "text": "3"
                      },
                      {
                        "id": "d",
                        "text": "more than 3"
                      }
                    ],
                    "correct_answer": {
                      "ids": [
                        "d"
                      ]
                    },
                    "question_type": "mcq_single",
                    "difficulty_level": "medium",
                    "explanation_html": "<p>A quadratic polynomial with zeroes α and β can be represented by the formula P(x) = k(x - α)(x - β), where k is any non-zero real number. Given the zeroes are –5 and –3, the general form of the polynomial is:</p><p>P(x) = k(x - (–5))(x - (–3))</p><p>P(x) = k(x + 5)(x + 3)</p><p>P(x) = k(x² + 8x + 15)</p><p>Since k can be any non-zero real number (e.g., 1, 2, -1/2, etc.), there are infinitely many such quadratic polynomials. Therefore, the number of polynomials is 'more than 3'.</p>"
                  }
                ]
              },
              {
                "chapter_name": "Pair of Linear Equations in Two Variables",
                "questions": [
                  {
                    "question_no": 4,
                    "question_html": "<p>The point of intersection of the line represented by 3x – y = 3 and y-axis is given by</p><p>(A) (0, –3)</p><p>(B) (0, 3)</p><p>(C) (2, 0)</p><p>(D) (–2, 0)</p>",
                    "options": [
                      {
                        "id": "a",
                        "text": "(0, –3)"
                      },
                      {
                        "id": "b",
                        "text": "(0, 3)"
                      },
                      {
                        "id": "c",
                        "text": "(2, 0)"
                      },
                      {
                        "id": "d",
                        "text": "(–2, 0)"
                      }
                    ],
                    "correct_answer": {
                      "ids": [
                        "a"
                      ]
                    },
                    "question_type": "mcq_single",
                    "difficulty_level": "easy",
                    "explanation_html": "<p>The y-axis is the line where the x-coordinate is always zero (x=0). To find the point of intersection, substitute x = 0 into the equation of the line:</p><p>3x – y = 3</p><p>3(0) – y = 3</p><p>0 – y = 3</p><p>–y = 3</p><p>y = –3</p><p>So, the point of intersection is (0, –3).</p>"
                  }
                ]
              },
              {
                "chapter_name": "Areas Related to Circles",
                "questions": [
                  {
                    "question_no": 5,
                    "question_html": "<p>The circumferences of two circles are in the ratio 4 : 5. What is the ratio of their radii ?</p><p>(A) 16 : 25</p><p>(B) 25 : 16</p><p>(C) 2 : √5</p><p>(D) 4 : 5</p>",
                    "options": [
                      {
                        "id": "a",
                        "text": "16 : 25"
                      },
                      {
                        "id": "b",
                        "text": "25 : 16"
                      },
                      {
                        "id": "c",
                        "text": "2 : √5"
                      },
                      {
                        "id": "d",
                        "text": "4 : 5"
                      }
                    ],
                    "correct_answer": {
                      "ids": [
                        "d"
                      ]
                    },
                    "question_type": "mcq_single",
                    "difficulty_level": "easy",
                    "explanation_html": "<p>Let the radii of the two circles be r₁ and r₂. Their circumferences are C₁ = 2πr₁ and C₂ = 2πr₂.</p><p>The ratio of their circumferences is given as C₁ / C₂ = 4 / 5.</p><p>Substituting the formulas for circumference:</p><p>(2πr₁) / (2πr₂) = 4 / 5</p><p>The 2π term cancels out from the numerator and the denominator:</p><p>r₁ / r₂ = 4 / 5</p><p>Therefore, the ratio of their radii is 4 : 5.</p>"
                  }
                ]
              },
              {
                "chapter_name": "Polynomials",
                "questions": [
                  {
                    "question_no": 6,
                    "question_html": "<p>If α and β are the zeroes of the polynomial x² – 1, then the value of (α + β) is</p><p>(A) 2</p><p>(B) 1</p><p>(C) –1</p><p>(D) 0</p>",
                    "options": [
                      {
                        "id": "a",
                        "text": "2"
                      },
                      {
                        "id": "b",
                        "text": "1"
                      },
                      {
                        "id": "c",
                        "text": "–1"
                      },
                      {
                        "id": "d",
                        "text": "0"
                      }
                    ],
                    "correct_answer": {
                      "ids": [
                        "d"
                      ]
                    },
                    "question_type": "mcq_single",
                    "difficulty_level": "easy",
                    "explanation_html": "<p>For a quadratic polynomial in the standard form ax² + bx + c, the sum of the zeroes (α + β) is given by the formula -b/a.</p><p>The given polynomial is x² – 1. We can write this in the standard form as 1x² + 0x – 1.</p><p>Here, a = 1, b = 0, and c = -1.</p><p>Using the formula for the sum of zeroes:</p><p>α + β = -b/a = -0/1 = 0.</p>"
                  }
                ]
              },
              {
                "chapter_name": "Introduction to Trigonometry",
                "questions": [
                  {
                    "question_no": 7,
                    "question_html": "<p>cos²θ/sin²θ - 1/sin²θ, in simplified form, is :</p><p>(A) tan²θ</p><p>(B) sec²θ</p><p>(C) 1</p><p>(D) –1</p>",
                    "options": [
                      {
                        "id": "a",
                        "text": "tan²θ"
                      },
                      {
                        "id": "b",
                        "text": "sec²θ"
                      },
                      {
                        "id": "c",
                        "text": "1"
                      },
                      {
                        "id": "d",
                        "text": "–1"
                      }
                    ],
                    "correct_answer": {
                      "ids": [
                        "d"
                      ]
                    },
                    "question_type": "mcq_single",
                    "difficulty_level": "easy",
                    "explanation_html": "<p>The given expression is (cos²θ/sin²θ) - (1/sin²θ).</p><p>Since the denominators are the same, we can combine the fractions:</p><p>(cos²θ - 1) / sin²θ</p><p>We know the Pythagorean identity: sin²θ + cos²θ = 1.</p><p>Rearranging this identity, we get cos²θ - 1 = -sin²θ.</p><p>Substitute this back into the expression:</p><p>(-sin²θ) / sin²θ = -1.</p>"
                  }
                ]
              },
              {
                "chapter_name": "Triangles",
                "questions": [
                  {
                    "question_no": 8,
                    "question_html": "<p>If ΔPQR ~ ΔABC; PQ = 6 cm, AB = 8 cm and the perimeter of ΔABC is 36 cm, then the perimeter of ΔPQR is</p><p>(A) 20.25 cm</p><p>(B) 27 cm</p><p>(C) 48 cm</p><p>(D) 64 cm</p>",
                    "options": [
                      {
                        "id": "a",
                        "text": "20.25 cm"
                      },
                      {
                        "id": "b",
                        "text": "27 cm"
                      },
                      {
                        "id": "c",
                        "text": "48 cm"
                      },
                      {
                        "id": "d",
                        "text": "64 cm"
                      }
                    ],
                    "correct_answer": {
                      "ids": [
                        "b"
                      ]
                    },
                    "question_type": "mcq_single",
                    "difficulty_level": "medium",
                    "explanation_html": "<p>When two triangles are similar, the ratio of their perimeters is equal to the ratio of their corresponding sides.</p><p>Given ΔPQR ~ ΔABC, the ratio of their perimeters is:</p><p>(Perimeter of ΔPQR) / (Perimeter of ΔABC) = PQ / AB</p><p>Let the perimeter of ΔPQR be P.</p><p>We are given:</p><p>Perimeter of ΔABC = 36 cm</p><p>PQ = 6 cm</p><p>AB = 8 cm</p><p>Substitute these values into the ratio:</p><p>P / 36 = 6 / 8</p><p>P = (6 / 8) * 36</p><p>P = (3 / 4) * 36</p><p>P = 3 * 9 = 27 cm.</p>"
                  }
                ]
              },
              {
                "chapter_name": "Quadratic Equations",
                "questions": [
                  {
                    "question_no": 9,
                    "question_html": "<p>If the quadratic equation ax² + bx + c = 0 has two real and equal roots, then ‘c’ is equal to</p><p>(A) -b/2a</p><p>(B) b/2a</p><p>(C) -b²/4a</p><p>(D) b²/4a</p>",
                    "options": [
                      {
                        "id": "a",
                        "text": "-b/2a"
                      },
                      {
                        "id": "b",
                        "text": "b/2a"
                      },
                      {
                        "id": "c",
                        "text": "-b²/4a"
                      },
                      {
                        "id": "d",
                        "text": "b²/4a"
                      }
                    ],
                    "correct_answer": {
                      "ids": [
                        "d"
                      ]
                    },
                    "question_type": "mcq_single",
                    "difficulty_level": "easy",
                    "explanation_html": "<p>For a quadratic equation ax² + bx + c = 0 to have real and equal roots, its discriminant (Δ or D) must be equal to zero.</p><p>The discriminant is given by the formula: Δ = b² - 4ac.</p><p>Set the discriminant to zero:</p><p>b² - 4ac = 0</p><p>Now, solve for 'c':</p><p>b² = 4ac</p><p>c = b² / 4a</p>"
                  }
                ]
              },
              {
                "chapter_name": "Triangles",
                "questions": [
                  {
                    "question_no": 10,
                    "question_html": "<p>In the given figure, DE||BC. If AD = 3 cm, AB = 7 cm and EC = 3 cm, then the length of AE is</p><p>(A) 2 cm</p><p>(B) 2.25 cm</p><p>(C) 3.5 cm</p><p>(D) 4 cm</p>",
                    "images": [
                      {
                        "url": "https://img.testbuddyai.com/Maths-30-6-23-Q10.png"
                      }
                    ],
                    "options": [
                      {
                        "id": "a",
                        "text": "2 cm"
                      },
                      {
                        "id": "b",
                        "text": "2.25 cm"
                      },
                      {
                        "id": "c",
                        "text": "3.5 cm"
                      },
                      {
                        "id": "d",
                        "text": "4 cm"
                      }
                    ],
                    "correct_answer": {
                      "ids": [
                        "b"
                      ]
                    },
                    "question_type": "mcq_single",
                    "difficulty_level": "medium",
                    "explanation_html": "<p>Since DE is parallel to BC in ΔABC, by the Basic Proportionality Theorem (Thales's Theorem), the line DE divides the sides AB and AC proportionally.</p><p>This can be written as: AD / DB = AE / EC.</p><p>First, we need to find the length of DB.</p><p>DB = AB - AD = 7 cm - 3 cm = 4 cm.</p><p>Let the length of AE be x. We are given EC = 3 cm.</p><p>Now substitute the values into the proportionality equation:</p><p>3 / 4 = x / 3</p><p>Cross-multiply to solve for x:</p><p>4x = 3 * 3</p><p>4x = 9</p><p>x = 9 / 4 = 2.25 cm.</p><p>Therefore, the length of AE is 2.25 cm.</p>"
                  }
                ]
              },
              {
                "chapter_name": "Probability",
                "questions": [
                  {
                    "question_no": 11,
                    "question_html": "<p>A bag contains 5 pink, 8 blue and 7 yellow balls. One ball is drawn at random from the bag. What is the probability of getting neither a blue nor a pink ball ?</p><p>(A) 1/4</p><p>(B) 2/5</p><p>(C) 7/20</p><p>(D) 13/20</p>",
                    "options": [
                      {
                        "id": "a",
                        "text": "1/4"
                      },
                      {
                        "id": "b",
                        "text": "2/5"
                      },
                      {
                        "id": "c",
                        "text": "7/20"
                      },
                      {
                        "id": "d",
                        "text": "13/20"
                      }
                    ],
                    "correct_answer": {
                      "ids": [
                        "c"
                      ]
                    },
                    "question_type": "mcq_single",
                    "difficulty_level": "easy",
                    "explanation_html": "<p>First, calculate the total number of balls in the bag:</p><p>Total balls = 5 (pink) + 8 (blue) + 7 (yellow) = 20 balls.</p><p>The event is 'getting neither a blue nor a pink ball'. This means the drawn ball must be yellow.</p><p>The number of favorable outcomes (yellow balls) = 7.</p><p>The probability of an event is calculated as:</p><p>P(Event) = (Number of Favorable Outcomes) / (Total Number of Outcomes)</p><p>P(getting a yellow ball) = 7 / 20.</p>"
                  }
                ]
              },
              {
                "chapter_name": "Surface Areas and Volumes",
                "questions": [
                  {
                    "question_no": 12,
                    "question_html": "<p>The volume of a right circular cone whose area of the base is 156 cm² and the vertical height is 8 cm, is</p><p>(A) 2496 cm³</p><p>(B) 1248 cm³</p><p>(C) 1664 cm³</p><p>(D) 416 cm³</p>",
                    "options": [
                      {
                        "id": "a",
                        "text": "2496 cm³"
                      },
                      {
                        "id": "b",
                        "text": "1248 cm³"
                      },
                      {
                        "id": "c",
                        "text": "1664 cm³"
                      },
                      {
                        "id": "d",
                        "text": "416 cm³"
                      }
                    ],
                    "correct_answer": {
                      "ids": [
                        "d"
                      ]
                    },
                    "question_type": "mcq_single",
                    "difficulty_level": "easy",
                    "explanation_html": "<p>The formula for the volume of a cone is:</p><p>Volume (V) = (1/3) * Base Area * Height</p><p>We are given:</p><p>Base Area = 156 cm²</p><p>Height (h) = 8 cm</p><p>Substitute these values into the formula:</p><p>V = (1/3) * 156 * 8</p><p>V = 52 * 8</p><p>V = 416 cm³.</p>"
                  }
                ]
              },
              {
                "chapter_name": "Pair of Linear Equations in Two Variables",
                "questions": [
                  {
                    "question_no": 13,
                    "question_html": "<p>3 chairs and 1 table cost ₹ 900; whereas 5 chairs and 3 tables cost ₹ 2,100. If the cost of 1 chair is ₹ x and the cost of 1 table is ₹ y, then the situation can be represented algebraically as</p><p>(A) 3x + y = 900, 3x + 5y = 2100</p><p>(B) x + 3y = 900, 3x + 5y = 2100</p><p>(C) 3x + y = 900, 5x + 3y = 2100</p><p>(D) x + 3y = 900, 5x + 3y = 2100</p>",
                    "options": [
                      {
                        "id": "a",
                        "text": "3x + y = 900, 3x + 5y = 2100"
                      },
                      {
                        "id": "b",
                        "text": "x + 3y = 900, 3x + 5y = 2100"
                      },
                      {
                        "id": "c",
                        "text": "3x + y = 900, 5x + 3y = 2100"
                      },
                      {
                        "id": "d",
                        "text": "x + 3y = 900, 5x + 3y = 2100"
                      }
                    ],
                    "correct_answer": {
                      "ids": [
                        "c"
                      ]
                    },
                    "question_type": "mcq_single",
                    "difficulty_level": "easy",
                    "explanation_html": "<p>Let x be the cost of one chair and y be the cost of one table.</p><p>The first statement is '3 chairs and 1 table cost ₹ 900'. This can be translated into the algebraic equation:</p><p>3x + 1y = 900  or  3x + y = 900</p><p>The second statement is '5 chairs and 3 tables cost ₹ 2,100'. This can be translated into the algebraic equation:</p><p>5x + 3y = 2100</p><p>The pair of equations that represents the situation is 3x + y = 900 and 5x + 3y = 2100, which corresponds to option (C).</p>"
                  }
                ]
              },
              {
                "chapter_name": "Circles",
                "questions": [
                  {
                    "question_no": 14,
                    "question_html": "<p>In the given figure, PA and PB are tangents from external point P to a circle with centre C and Q is any point on the circle. Then the measure of ∠AQB is</p><p>(A) 62 1/2°</p><p>(B) 125°</p><p>(C) 55°</p><p>(D) 90°</p>",
                    "images": [
                      {
                        "url": "https://img.testbuddyai.com/Maths-30-6-23-Q14.png"
                      }
                    ],
                    "options": [
                      {
                        "id": "a",
                        "text": "62 1/2°"
                      },
                      {
                        "id": "b",
                        "text": "125°"
                      },
                      {
                        "id": "c",
                        "text": "55°"
                      },
                      {
                        "id": "d",
                        "text": "90°"
                      }
                    ],
                    "correct_answer": {
                      "ids": [
                        "a"
                      ]
                    },
                    "question_type": "mcq_single",
                    "difficulty_level": "medium",
                    "explanation_html": "<p>1. In the quadrilateral PACB, the sum of angles is 360°. Since PA and PB are tangents, the angles at the point of contact with the radius are 90°. Therefore, ∠PAC = 90° and ∠PBC = 90°.</p><p>2. We are given ∠APB = 55°.</p><p>3. The sum of angles in quadrilateral PACB is: ∠APB + ∠PAC + ∠ACB + ∠PBC = 360°.</p><p>   55° + 90° + ∠ACB + 90° = 360°</p><p>   235° + ∠ACB = 360°</p><p>   ∠ACB = 360° - 235° = 125°.</p><p>4. The angle subtended by an arc at the center of a circle (∠ACB) is double the angle subtended by the same arc at any point on the remaining part of the circle (∠AQB).</p><p>   ∠AQB = (1/2) * ∠ACB</p><p>   ∠AQB = (1/2) * 125° = 62.5° or 62 1/2°.</p>"
                  }
                ]
              },
              {
                "chapter_name": "Probability",
                "questions": [
                  {
                    "question_no": 15,
                    "question_html": "<p>A card is drawn at random from a well shuffled deck of 52 playing cards. The probability of getting a face card is</p><p>(A) 1/2</p><p>(B) 3/13</p><p>(C) 4/13</p><p>(D) 1/13</p>",
                    "options": [
                      {
                        "id": "a",
                        "text": "1/2"
                      },
                      {
                        "id": "b",
                        "text": "3/13"
                      },
                      {
                        "id": "c",
                        "text": "4/13"
                      },
                      {
                        "id": "d",
                        "text": "1/13"
                      }
                    ],
                    "correct_answer": {
                      "ids": [
                        "b"
                      ]
                    },
                    "question_type": "mcq_single",
                    "difficulty_level": "easy",
                    "explanation_html": "<p>A standard deck of playing cards has 52 cards.</p><p>Face cards are the Jack, Queen, and King.</p><p>There are 4 suits (Hearts, Diamonds, Clubs, Spades), and each suit has 3 face cards.</p><p>Total number of face cards = 3 (face cards per suit) * 4 (suits) = 12.</p><p>The total number of possible outcomes is 52.</p><p>The number of favorable outcomes (drawing a face card) is 12.</p><p>The probability is calculated as:</p><p>P(Face Card) = (Number of Face Cards) / (Total Number of Cards)</p><p>P(Face Card) = 12 / 52</p><p>To simplify the fraction, divide both the numerator and the denominator by their greatest common divisor, which is 4:</p><p>P(Face Card) = (12 ÷ 4) / (52 ÷ 4) = 3 / 13.</p>"
                  }
                ]
              },
              {
                "chapter_name": "Introduction to Trigonometry",
                "questions": [
                  {
                    "question_no": 16,
                    "question_html": "<p>If θ is an acute angle of a right angled triangle, then which of the following equation is not true ?</p><p>(A) sin θ cot θ = cos θ</p><p>(B) cos θ tan θ = sin θ</p><p>(C) cosec²θ – cot²θ = 1</p><p>(D) tan²θ – sec²θ = 1</p>",
                    "options": [
                      {
                        "id": "a",
                        "text": "sin θ cot θ = cos θ"
                      },
                      {
                        "id": "b",
                        "text": "cos θ tan θ = sin θ"
                      },
                      {
                        "id": "c",
                        "text": "cosec²θ – cot²θ = 1"
                      },
                      {
                        "id": "d",
                        "text": "tan²θ – sec²θ = 1"
                      }
                    ],
                    "correct_answer": {
                      "ids": [
                        "d"
                      ]
                    },
                    "question_type": "mcq_single",
                    "difficulty_level": "easy",
                    "explanation_html": "<p>Let's evaluate each option:</p><p>(A) sin θ cot θ = sin θ * (cos θ / sin θ) = cos θ. This is true.</p><p>(B) cos θ tan θ = cos θ * (sin θ / cos θ) = sin θ. This is true.</p><p>(C) cosec²θ – cot²θ = 1 is a standard Pythagorean trigonometric identity. This is true.</p><p>(D) tan²θ – sec²θ = 1. The standard Pythagorean identity involving tan and sec is 1 + tan²θ = sec²θ. Rearranging this gives sec²θ - tan²θ = 1, or tan²θ - sec²θ = -1. Therefore, the statement tan²θ – sec²θ = 1 is not true.</p>"
                  }
                ]
              },
              {
                "chapter_name": "Polynomials",
                "questions": [
                  {
                    "question_no": 17,
                    "question_html": "<p>If the zeroes of the quadratic polynomial x² + (a + 1)x + b are 2 and –3, then</p><p>(A) a = –7, b = –1</p><p>(B) a = 5, b = –1</p><p>(C) a = 2, b = –6</p><p>(D) a = 0, b = –6</p>",
                    "options": [
                      {
                        "id": "a",
                        "text": "a = –7, b = –1"
                      },
                      {
                        "id": "b",
                        "text": "a = 5, b = –1"
                      },
                      {
                        "id": "c",
                        "text": "a = 2, b = –6"
                      },
                      {
                        "id": "d",
                        "text": "a = 0, b = –6"
                      }
                    ],
                    "correct_answer": {
                      "ids": [
                        "d"
                      ]
                    },
                    "question_type": "mcq_single",
                    "difficulty_level": "medium",
                    "explanation_html": "<p>For a quadratic polynomial x² + Bx + C, the sum of its zeroes is -B and the product of its zeroes is C.</p><p>In the given polynomial x² + (a + 1)x + b, the coefficient B = (a + 1) and the constant term C = b.</p><p>The zeroes are given as 2 and –3.</p><p>1. Sum of zeroes:</p><p>   2 + (–3) = -(a + 1)</p><p>   -1 = -a - 1</p><p>   -a = -1 + 1</p><p>   -a = 0</p><p>   a = 0</p><p>2. Product of zeroes:</p><p>   2 * (–3) = b</p><p>   -6 = b</p><p>Therefore, a = 0 and b = –6.</p>"
                  }
                ]
              },
              {
                "chapter_name": "Arithmetic Progressions",
                "questions": [
                  {
                    "question_no": 18,
                    "question_html": "<p>If the sum of the first n terms of an A.P be 3n² + n and its common difference is 6, then its first term is</p><p>(A) 2</p><p>(B) 3</p><p>(C) 1</p><p>(D) 4</p>",
                    "options": [
                      {
                        "id": "a",
                        "text": "2"
                      },
                      {
                        "id": "b",
                        "text": "3"
                      },
                      {
                        "id": "c",
                        "text": "1"
                      },
                      {
                        "id": "d",
                        "text": "4"
                      }
                    ],
                    "correct_answer": {
                      "ids": [
                        "d"
                      ]
                    },
                    "question_type": "mcq_single",
                    "difficulty_level": "medium",
                    "explanation_html": "<p>The sum of the first n terms of an A.P is given by Sₙ = 3n² + n.</p><p>The first term (a₁) of an A.P. is the same as the sum of the first term (S₁).</p><p>To find the first term, we can substitute n = 1 into the given formula for Sₙ:</p><p>a₁ = S₁ = 3(1)² + 1</p><p>a₁ = 3(1) + 1</p><p>a₁ = 3 + 1 = 4</p><p>Therefore, the first term is 4. The information about the common difference being 6 is extra but can be used for verification.</p>"
                  }
                ]
              },
              {
                "chapter_name": "Quadratic Equations",
                "questions": [
                  {
                    "question_no": 19,
                    "question_html": "<p>Statement A (Assertion) : If 5 + √7 is a root of a quadratic equation with rational co-efficients, then its other root is 5 – √7.</p><p>Statement R (Reason) : Surd roots of a quadratic equation with rational co-efficients occur in conjugate pairs.</p>",
                    "options": [
                      {
                        "id": "a",
                        "text": "Both Assertion (A) and Reason (R) are true; and Reason (R) is the correct explanation of Assertion (A)."
                      },
                      {
                        "id": "b",
                        "text": "Both Assertion (A) and Reason (R) are true; but Reason (R) is not the correct explanation of Assertion (A)."
                      },
                      {
                        "id": "c",
                        "text": "Assertion (A) is true but Reason (R) is false."
                      },
                      {
                        "id": "d",
                        "text": "Assertion (A) is false but Reason (R) is true."
                      }
                    ],
                    "correct_answer": {
                      "ids": [
                        "a"
                      ]
                    },
                    "question_type": "mcq_single",
                    "difficulty_level": "easy",
                    "explanation_html": "<p>The Reason (R) states a fundamental theorem in algebra known as the Conjugate Root Theorem. It says that for a polynomial with rational coefficients, if an irrational root of the form a + √b exists, then its conjugate, a - √b, must also be a root. This statement is true.</p><p>The Assertion (A) provides a specific example of this theorem. It states that if 5 + √7 is a root, then its conjugate, 5 – √7, is the other root. This is a direct application of the theorem mentioned in Reason (R). Therefore, Assertion (A) is also true.</p><p>Since Reason (R) provides the general principle that directly justifies Assertion (A), both are true, and (R) is the correct explanation for (A).</p>"
                  }
                ]
              },
              {
                "chapter_name": "Introduction to Trigonometry",
                "questions": [
                  {
                    "question_no": 20,
                    "question_html": "<p>Statement A (Assertion) : For 0 < θ ≤ 90°, cosec θ – cot θ and cosec θ + cot θ are reciprocal of each other.</p><p>Statement R (Reason) : cosec²θ – cot²θ = 1</p>",
                    "options": [
                      {
                        "id": "a",
                        "text": "Both Assertion (A) and Reason (R) are true; and Reason (R) is the correct explanation of Assertion (A)."
                      },
                      {
                        "id": "b",
                        "text": "Both Assertion (A) and Reason (R) are true; but Reason (R) is not the correct explanation of Assertion (A)."
                      },
                      {
                        "id": "c",
                        "text": "Assertion (A) is true but Reason (R) is false."
                      },
                      {
                        "id": "d",
                        "text": "Assertion (A) is false but Reason (R) is true."
                      }
                    ],
                    "correct_answer": {
                      "ids": [
                        "a"
                      ]
                    },
                    "question_type": "mcq_single",
                    "difficulty_level": "medium",
                    "explanation_html": "<p>The Reason (R) states the Pythagorean identity cosec²θ – cot²θ = 1, which is a correct and fundamental trigonometric identity.</p><p>To check the Assertion (A), let's use the identity from Reason (R). We can factor the left side of the identity as a difference of squares (a² - b² = (a - b)(a + b)):</p><p>cosec²θ – cot²θ = (cosec θ – cot θ)(cosec θ + cot θ)</p><p>Since cosec²θ – cot²θ = 1, we have:</p><p>(cosec θ – cot θ)(cosec θ + cot θ) = 1</p><p>This equation shows that the product of the two expressions is 1, which is the definition of reciprocals. Therefore, Assertion (A) is true.</p><p>Because the identity in Reason (R) is used to prove the statement in Assertion (A), both are true, and (R) is the correct explanation for (A).</p>"
                  }
                ]
              },
              {
                "chapter_name": "Real Numbers",
                "questions": [
                  {
                    "question_no": 21,
                    "question_html": "<p>(A) Show that 6ⁿ can not end with digit 0 for any natural number 'n'.</p><p>OR</p><p>(B) Find the HCF and LCM of 72 and 120.</p>",
                    "options": [],
                    "correct_answer": {
                      "text": "<p><b>Part (A):</b></p><p>If 6ⁿ ends with digit 0, it would be divisible by 5. So, the prime factorization of 6ⁿ would contain 5. But 6ⁿ = (2 × 3)ⁿ = 2ⁿ × 3ⁿ. The only prime factors in the factorization of 6ⁿ are 2 and 3. According to the fundamental theorem of Arithmetic, the prime factorization of each number is unique. Therefore, there is no natural number n for which 6ⁿ ends with the digit zero.</p><p><b>OR</b></p><p><b>Part (B):</b></p><p>Prime factorization of 72 and 120:</p><p>72 = 2³ × 3²</p><p>120 = 2³ × 3 × 5</p><p>HCF (Highest Common Factor) = 2³ × 3 = 8 × 3 = 24</p><p>LCM (Least Common Multiple) = 2³ × 3² × 5 = 8 × 9 × 5 = 360</p>"
                    },
                    "question_type": "Very Short Answer (2 marks)",
                    "difficulty_level": "Easy",
                    "explanation_html": null
                  }
                ]
              },
              {
                "chapter_name": "Coordinate Geometry",
                "questions": [
                  {
                    "question_no": 22,
                    "question_html": "<p>A line intersects y-axis and x-axis at point P and Q, respectively. If R(2, 5) is the mid-point of line segment PQ, then find the coordinates of P and Q.</p>",
                    "options": [],
                    "correct_answer": {
                      "text": "<p>Let the coordinates of P on the y-axis be (0, y) and the coordinates of Q on the x-axis be (x, 0).</p><p>R(2, 5) is the mid-point of PQ.</p><p>Using the mid-point formula: R = ((x₁ + x₂)/2, (y₁ + y₂)/2)</p><p>(2, 5) = ((x + 0)/2, (0 + y)/2)</p><p>(2, 5) = (x/2, y/2)</p><p>Equating the coordinates:</p><p>x/2 = 2  => x = 4</p><p>y/2 = 5  => y = 10</p><p>Therefore, the coordinates of P are (0, 10) and the coordinates of Q are (4, 0).</p>"
                    },
                    "question_type": "Very Short Answer (2 marks)",
                    "difficulty_level": "Easy",
                    "explanation_html": null
                  }
                ]
              },
              {
                "chapter_name": "Some Applications of Trigonometry",
                "questions": [
                  {
                    "question_no": 23,
                    "question_html": "<p>Find the length of the shadow on the ground of a pole of height 18 m when angle of elevation θ of the sun is such that tan θ = 6/7.</p>",
                    "options": [],
                    "correct_answer": {
                      "text": "<p>Let AB be the pole of height 18 m, and let AP be its shadow.</p><p>In the right-angled triangle APB, the angle of elevation from P is θ.</p><p>We have tan θ = Perpendicular / Base = AB / AP.</p><p>Given tan θ = 6/7 and AB = 18 m.</p><p>6/7 = 18 / AP</p><p>AP = (18 × 7) / 6</p><p>AP = 3 × 7 = 21 m.</p><p>The length of the shadow is 21 m.</p>"
                    },
                    "question_type": "Very Short Answer (2 marks)",
                    "difficulty_level": "Easy",
                    "explanation_html": null
                  }
                ]
              },
              {
                "chapter_name": "Circles",
                "questions": [
                  {
                    "question_no": 24,
                    "question_html": "<p>In the given figure, PA is a tangent to the circle drawn from the external point P and PBC is the secant to the circle with BC as diameter. If ∠AOC = 130°, then find the measure of ∠APB, where O is the centre of the circle.</p>",
                    "images": [
                      {
                        "url": "https://img.testbuddyai.com/Maths-30-6-23-Q24.png"
                      }
                    ],
                    "options": [],
                    "correct_answer": {
                      "text": "<p><b>Given:</b> PA is tangent at point A, PBC is secant with BC as diameter, and ∠AOC = 130°.</p><p><b>To find:</b> Measure of ∠APB.</p><p><b>Solution:</b></p><p>Since BC is a diameter, ∠BPC is 90° (angle subtended by diameter in a semicircle).</p><p>Given central angle ∠AOC = 130°, so the angle at circumference subtended by the same arc AC is (1/2) × 130° = 65°.</p><p>By tangent-secant angle theorem, ∠APB = 90° - ∠AOC / 2 = 90° - 65° = 25°.</p><p>Thus, ∠APB = 25°.</p>"
                    },
                    "question_type": "Very Short Answer (2 marks)",
                    "difficulty_level": "Medium",
                    "explanation_html": null
                  }
                ]
              },
              {
                "chapter_name": "Triangles",
                "questions": [
                  {
                    "question_no": 25,
                    "question_html": "<p>(A) In the given figure, ABC is a triangle in which DE||BC. If AD = x, DB = x - 2, AE = x + 2 and EC = x − 1, then find the value of x.</p><p>OR</p><p>(B) Diagonals AC and BD of trapezium ABCD with AB||DC intersect each other at point O. Show that OA/OC = OB/OD.</p>",
                    "images": [
                      {
                        "url": "https://img.testbuddyai.com/Maths-30-6-23-Q25a.png"
                      },
                      {
                        "url": "https://img.testbuddyai.com/Maths-30-6-23-Q25b.png"
                      }
                    ],
                    "options": [],
                    "correct_answer": {
                      "text": "<p><b>Part (A):</b></p><p>In ΔABC, it is given that DE || BC.</p><p>By the Basic Proportionality Theorem (Thales' Theorem), if a line is drawn parallel to one side of a triangle to intersect the other two sides in distinct points, the other two sides are divided in the same ratio.</p><p>Therefore, AD/DB = AE/EC.</p><p>Substituting the given values:</p><p>x / (x - 2) = (x + 2) / (x - 1)</p><p>Cross-multiplying gives:</p><p>x(x - 1) = (x + 2)(x - 2)</p><p>x² - x = x² - 4</p><p>-x = -4</p><p>x = 4</p><p><b>OR</b></p><p><b>Part (B):</b></p><p>In trapezium ABCD with AB || DC, consider the triangles ΔAOB and ΔCOD.</p><p>Since AB || DC and AC is a transversal, ∠OAB = ∠OCD (Alternate interior angles).</p><p>Since AB || DC and BD is a transversal, ∠OBA = ∠ODC (Alternate interior angles).</p><p>Also, ∠AOB = ∠COD (Vertically opposite angles).</p><p>By the AAA similarity criterion, ΔAOB ~ ΔCOD.</p><p>Since the triangles are similar, the ratio of their corresponding sides is equal.</p><p>Therefore, OA/OC = OB/OD.</p>"
                    },
                    "question_type": "Very Short Answer (2 marks)",
                    "difficulty_level": "Medium",
                    "explanation_html": null
                  }
                ]
              },
              {
                "chapter_name": "Coordinate Geometry",
                "questions": [
                  {
                    "question_no": 26,
                    "question_html": "<p>Find the ratio in which the line segment joining the points A(6, 3) and B(-2, -5) is divided by x-axis.</p>",
                    "options": [],
                    "correct_answer": {
                      "text": "<p>Let the point on the x-axis that divides the line segment AB be P(x, 0).</p><p>Let the ratio in which P divides AB be k : 1.</p><p>Using the section formula for the y-coordinate:</p><p>y = (ky₂ + y₁) / (k + 1)</p><p>Here, (x₁, y₁) = A(6, 3) and (x₂, y₂) = B(-2, -5).</p><p>0 = (k(-5) + 1(3)) / (k + 1)</p><p>0 = -5k + 3</p><p>5k = 3</p><p>k = 3/5</p><p>So, the ratio is k : 1, which is 3/5 : 1, or 3 : 5.</p>"
                    },
                    "question_type": "Short Answer (3 marks)",
                    "difficulty_level": "Easy",
                    "explanation_html": null
                  }
                ]
              },
              {
                "chapter_name": "Real Numbers",
                "questions": [
                  {
                    "question_no": 27,
                    "question_html": "<p>(A) Find the HCF and LCM of 26, 65 and 117, using prime factorisation.</p><p>OR</p><p>(B) Prove that √2 is an irrational number.</p>",
                    "options": [],
                    "correct_answer": {
                      "text": "<p><b>Part (A):</b></p><p>Prime factorisation of the numbers:</p><p>26 = 2 × 13</p><p>65 = 5 × 13</p><p>117 = 3 × 39 = 3² × 13</p><p>HCF is the product of the smallest power of each common prime factor. The only common prime factor is 13.</p><p>HCF = 13.</p><p>LCM is the product of the greatest power of each prime factor involved in the numbers.</p><p>LCM = 2 × 3² × 5 × 13 = 2 × 9 × 5 × 13 = 1170.</p><p><b>OR</b></p><p><b>Part (B):</b></p><p>Let us assume, to the contrary, that √2 is a rational number.</p><p>Then, there exist co-prime integers p and q (q ≠ 0) such that √2 = p/q.</p><p>Squaring both sides, we get 2 = p²/q².</p><p>This implies p² = 2q².</p><p>This means p² is divisible by 2. Therefore, p must also be divisible by 2. So, we can write p = 2a for some integer a.</p><p>Substituting p = 2a in p² = 2q²:</p><p>(2a)² = 2q²</p><p>4a² = 2q²</p><p>q² = 2a².</p><p>This means q² is divisible by 2, and therefore q is also divisible by 2.</p><p>Thus, both p and q are divisible by 2. This contradicts our assumption that p and q are co-prime.</p><p>This contradiction arises from our incorrect assumption that √2 is rational.</p><p>Hence, √2 is an irrational number.</p>"
                    },
                    "question_type": "Short Answer (3 marks)",
                    "difficulty_level": "Medium",
                    "explanation_html": null
                  }
                ]
              },
              {
                "chapter_name": "Triangles",
                "questions": [
                  {
                    "question_no": 28,
                    "question_html": "<p>In the given figure, E is a point on the side CB produced of an isosceles triangle ABC with AB = AC. If AD ⊥ BC and EF ⊥ AC, then prove that ΔABD ~ ΔECF.</p>",
                    "images": [
                      {
                        "url": "https://img.testbuddyai.com/Maths-30-6-23-Q28.png"
                      }
                    ],
                    "options": [],
                    "correct_answer": {
                      "text": "<p>Given: ΔABC is an isosceles triangle with AB = AC.</p><p>Since angles opposite to equal sides are equal, ∠B = ∠C.</p><p>Given: AD ⊥ BC, which means ∠ADB = 90°.</p><p>Given: EF ⊥ AC, which means ∠EFC = 90°.</p><p>Now, let's compare ΔABD and ΔECF.</p><p>1. ∠ADB = ∠EFC (Both are 90°)</p><p>2. ∠ABD = ∠ECF (Since ∠B = ∠C)</p><p>By the AA (Angle-Angle) similarity criterion, if two angles of one triangle are equal to two angles of another triangle, then the two triangles are similar.</p><p>Therefore, ΔABD ~ ΔECF.</p>"
                    },
                    "question_type": "Short Answer (3 marks)",
                    "difficulty_level": "Medium",
                    "explanation_html": null
                  }
                ]
              },
              {
                "chapter_name": "Quadratic Equations",
                "questions": [
                  {
                    "question_no": 29,
                    "question_html": "<p>(A) The sum of two numbers is 15. If the sum of their reciprocals is 3/10, find the two numbers.</p><p>OR</p><p>(B) If α and β are roots of the quadratic equation x² − 7x + 10 = 0, find the quadratic equation whose roots are α² and β².</p>",
                    "options": [],
                    "correct_answer": {
                      "text": "<p><b>Part (A):</b></p><p>Let the two numbers be x and y.</p><p>Given: x + y = 15  => y = 15 - x</p><p>The sum of their reciprocals is 3/10.</p><p>1/x + 1/y = 3/10</p><p>(x + y) / xy = 3/10</p><p>Substitute x + y = 15:</p><p>15 / xy = 3/10</p><p>3xy = 150  => xy = 50</p><p>Now substitute y = 15 - x into xy = 50:</p><p>x(15 - x) = 50</p><p>15x - x² = 50</p><p>x² - 15x + 50 = 0</p><p>Factoring the quadratic equation:</p><p>(x - 10)(x - 5) = 0</p><p>So, x = 10 or x = 5.</p><p>If x = 10, y = 15 - 10 = 5.</p><p>If x = 5, y = 15 - 5 = 10.</p><p>The two numbers are 5 and 10.</p><p><b>OR</b></p><p><b>Part (B):</b></p><p>For the equation x² − 7x + 10 = 0, the roots are α and β.</p><p>Sum of roots: α + β = -(-7)/1 = 7.</p><p>Product of roots: αβ = 10/1 = 10.</p><p>We need to find a new quadratic equation with roots α² and β².</p><p>Sum of new roots = α² + β² = (α + β)² - 2αβ = (7)² - 2(10) = 49 - 20 = 29.</p><p>Product of new roots = α²β² = (αβ)² = (10)² = 100.</p><p>The new quadratic equation is of the form: x² - (sum of new roots)x + (product of new roots) = 0.</p><p>x² - 29x + 100 = 0.</p>"
                    },
                    "question_type": "Short Answer (3 marks)",
                    "difficulty_level": "Medium",
                    "explanation_html": null
                  }
                ]
              },
              {
                "chapter_name": "Introduction to Trigonometry",
                "questions": [
                  {
                    "question_no": 30,
                    "question_html": "<p>Prove that (1 + sec A) / sec A = sin² A / (1 − cos A)</p>",
                    "options": [],
                    "correct_answer": {
                      "text": "<p>Let's start with the Left Hand Side (LHS):</p><p>LHS = (1 + sec A) / sec A</p><p>Since sec A = 1/cos A:</p><p>LHS = (1 + 1/cos A) / (1/cos A)</p><p>LHS = ((cos A + 1)/cos A) / (1/cos A)</p><p>LHS = cos A + 1</p><p>Now, let's simplify the Right Hand Side (RHS):</p><p>RHS = sin² A / (1 − cos A)</p><p>Using the identity sin² A + cos² A = 1, we get sin² A = 1 - cos² A.</p><p>RHS = (1 - cos² A) / (1 - cos A)</p><p>Using the algebraic identity a² - b² = (a - b)(a + b):</p><p>RHS = ((1 - cos A)(1 + cos A)) / (1 - cos A)</p><p>RHS = 1 + cos A</p><p>Since LHS = 1 + cos A and RHS = 1 + cos A, LHS = RHS.</p><p>Hence proved.</p>"
                    },
                    "question_type": "Short Answer (3 marks)",
                    "difficulty_level": "Easy",
                    "explanation_html": null
                  }
                ]
              },
              {
                "chapter_name": "Areas Related to Circles",
                "questions": [
                  {
                    "question_no": 31,
                    "question_html": "<p>In a circle of radius 21 cm, an arc subtends an angle of 60° at the centre. Find the area of the sector formed by the arc. Also, find the length of the arc.</p>",
                    "options": [],
                    "correct_answer": {
                      "text": "<p>Given: radius (r) = 21 cm, angle (θ) = 60°.</p><p><b>Area of the sector:</b></p><p>Area = (θ/360°) × πr²</p><p>= (60/360) × (22/7) × (21)²</p><p>= (1/6) × (22/7) × 21 × 21</p><p>= (1/6) × 22 × 3 × 21</p><p>= 11 × 21 = 231 cm².</p><p><b>Length of the arc:</b></p><p>Length = (θ/360°) × 2πr</p><p>= (60/360) × 2 × (22/7) × 21</p><p>= (1/6) × 2 × 22 × 3</p><p>= 22 cm.</p>"
                    },
                    "question_type": "Short Answer (3 marks)",
                    "difficulty_level": "Easy",
                    "explanation_html": null
                  }
                ]
              },
              {
                "chapter_name": "Circles",
                "questions": [
                  {
                    "question_no": 32,
                    "question_html": "<p>(A) Two tangents TP and TQ are drawn to a circle with centre O from an external point T. Prove that ∠PTQ = 2 ∠OPQ.</p><p>OR</p><p>(B) A circle touches the side BC of a ΔABC at a point P and touches AB and AC when produced at Q and R respectively. Show that AQ = 1/2 (Perimeter of ΔABC).</p>",
                    "images": [
                      {
                        "url": "https://img.testbuddyai.com/Maths-30-6-23-Q32a.png"
                      },
                      {
                        "url": "https://img.testbuddyai.com/Maths-30-6-23-Q32b.png"
                      }
                    ],
                    "options": [],
                    "correct_answer": {
                      "text": "<p><b>Part (A):</b></p><p>Let ∠PTQ = θ.</p><p>Since tangents from an external point to a circle are equal in length, TP = TQ.</p><p>Therefore, ΔTPQ is an isosceles triangle.</p><p>In ΔTPQ, ∠TPQ = ∠TQP = (180° - θ)/2 = 90° - θ/2.</p><p>Since the tangent is perpendicular to the radius at the point of contact, OP ⊥ TP.</p><p>So, ∠OPT = 90°.</p><p>We can write ∠OPT = ∠OPQ + ∠TPQ.</p><p>90° = ∠OPQ + (90° - θ/2)</p><p>∠OPQ = 90° - (90° - θ/2) = θ/2.</p><p>Thus, ∠OPQ = θ/2 = (1/2)∠PTQ, which implies ∠PTQ = 2∠OPQ.</p><p>Hence proved.</p><p><b>OR</b></p><p><b>Part (B):</b></p><p>The lengths of tangents drawn from an external point to a circle are equal.</p><p>From external point A, AQ = AR.</p><p>From external point B, BQ = BP.</p><p>From external point C, CR = CP.</p><p>The perimeter of ΔABC = AB + BC + AC = AB + (BP + CP) + AC.</p><p>Substituting BP = BQ and CP = CR:</p><p>Perimeter of ΔABC = AB + BQ + CR + AC.</p><p>Rearranging the terms:</p><p>Perimeter = (AB + BQ) + (AC + CR).</p><p>From the figure, AB + BQ = AQ and AC + CR = AR.</p><p>So, Perimeter of ΔABC = AQ + AR.</p><p>Since AQ = AR, we can write:</p><p>Perimeter of ΔABC = AQ + AQ = 2AQ.</p><p>Therefore, AQ = 1/2 (Perimeter of ΔABC).</p><p>Hence proved.</p>"
                    },
                    "question_type": "Long Answer (5 marks)",
                    "difficulty_level": "Hard",
                    "explanation_html": null
                  }
                ]
              },
              {
                "chapter_name": "Surface Areas and Volumes",
                "questions": [
                  {
                    "question_no": 33,
                    "question_html": "<p>A solid is in the shape of a right-circular cone surmounted on a hemisphere, the radius of each of them being 7 cm and the height of the cone is equal to its diameter. Find the volume of the solid.</p>",
                    "options": [],
                    "correct_answer": {
                      "text": "<p>For the hemisphere:</p><p>Radius (r) = 7 cm.</p><p>For the cone:</p><p>Radius (r) = 7 cm.</p><p>Height (h) = Diameter = 2 × Radius = 2 × 7 = 14 cm.</p><p>Volume of the solid = Volume of hemisphere + Volume of cone.</p><p>Volume of hemisphere = (2/3)πr³</p><p>= (2/3) × (22/7) × (7)³</p><p>= (2/3) × 22 × 49 = 2156/3 cm³.</p><p>Volume of cone = (1/3)πr²h</p><p>= (1/3) × (22/7) × (7)² × 14</p><p>= (1/3) × 22 × 7 × 14 = 2156/3 cm³.</p><p>Total Volume = (2156/3) + (2156/3) = 4312/3 cm³.</p><p>Total Volume ≈ 1437.33 cm³.</p>"
                    },
                    "question_type": "Long Answer (5 marks)",
                    "difficulty_level": "Medium",
                    "explanation_html": null
                  }
                ]
              },
              {
                "chapter_name": "Arithmetic Progressions",
                "questions": [
                  {
                    "question_no": 34,
                    "question_html": "<p>(A) The ratio of the 11th term to the 18th term of an A.P. is 2:3. Find the ratio of the 5th term to the 21st term. Also, find the ratio of the sum of first 5 terms to the sum of first 21 terms.</p><p>OR</p><p>(B) If the sum of first 6 terms of an A.P. is 36 and that of the first 16 terms is 256, find the sum of first 10 terms.</p>",
                    "options": [],
                    "correct_answer": {
                      "text": "<p><b>Part (A):</b></p><p>Let the first term be 'a' and the common difference be 'd'.</p><p>Given: a₁₁ / a₁₈ = 2 / 3</p><p>(a + 10d) / (a + 17d) = 2 / 3</p><p>3(a + 10d) = 2(a + 17d)</p><p>3a + 30d = 2a + 34d</p><p>a = 4d</p><p>Ratio of 5th term to 21st term = a₅ / a₂₁ = (a + 4d) / (a + 20d)</p><p>Substitute a = 4d:</p><p>= (4d + 4d) / (4d + 20d) = 8d / 24d = 1/3. The ratio is 1:3.</p><p>Ratio of sum of first 5 terms to sum of first 21 terms = S₅ / S₂₁</p><p>Sₙ = n/2 [2a + (n-1)d]</p><p>S₅ / S₂₁ = [ (5/2)(2a + 4d) ] / [ (21/2)(2a + 20d) ]</p><p>= [ 5(2a + 4d) ] / [ 21(2a + 20d) ]</p><p>Substitute a = 4d:</p><p>= [ 5(2(4d) + 4d) ] / [ 21(2(4d) + 20d) ]</p><p>= [ 5(8d + 4d) ] / [ 21(8d + 20d) ]</p><p>= [ 5(12d) ] / [ 21(28d) ]</p><p>= (60d) / (588d) = 60/588 = 5/49. The ratio is 5:49.</p><p><b>OR</b></p><p><b>Part (B):</b></p><p>Sum of first 6 terms (S₆) = 36.</p><p>S₆ = 6/2 [2a + (6-1)d] = 3(2a + 5d) = 36</p><p>2a + 5d = 12   ---(1)</p><p>Sum of first 16 terms (S₁₆) = 256.</p><p>S₁₆ = 16/2 [2a + (16-1)d] = 8(2a + 15d) = 256</p><p>2a + 15d = 32   ---(2)</p><p>Subtract equation (1) from (2):</p><p>(2a + 15d) - (2a + 5d) = 32 - 12</p><p>10d = 20  => d = 2</p><p>Substitute d = 2 into equation (1):</p><p>2a + 5(2) = 12</p><p>2a + 10 = 12  => 2a = 2  => a = 1</p><p>Now, find the sum of the first 10 terms (S₁₀):</p><p>S₁₀ = 10/2 [2a + (10-1)d] = 5 [2(1) + 9(2)] = 5 [2 + 18] = 5[20] = 100.</p>"
                    },
                    "question_type": "Long Answer (5 marks)",
                    "difficulty_level": "Hard",
                    "explanation_html": null
                  }
                ]
              },
              {
                "chapter_name": "Statistics",
                "questions": [
                  {
                    "question_no": 35,
                    "question_html": "<p>250 apples of a box were weighed and the distribution of masses of the apples is given in the following table :</p><table><tbody><tr><td>Mass (in grams)</td><td>80 – 100</td><td>100 – 120</td><td>120 – 140</td><td>140 – 160</td><td>160 – 180</td></tr><tr><td>Number of apples</td><td>20</td><td>60</td><td>70</td><td>x</td><td>60</td></tr></tbody></table><p>(i) Find the value of x and the mean mass of the apples.</p><p>(ii) Find the modal mass of the apples.</p>",
                    "options": [],
                    "correct_answer": {
                      "text": "<p><b>(i) Find x and the mean mass</b></p><p>The total number of apples is 250.</p><p>Sum of frequencies = 20 + 60 + 70 + x + 60 = 250</p><p>210 + x = 250</p><p>x = 40</p><p>To find the mean, we create a table with class marks (xᵢ) and the product fᵢxᵢ:</p><table><tbody><tr><td>Mass (grams)</td><td>Frequency (fᵢ)</td><td>Class Mark (xᵢ)</td><td>fᵢxᵢ</td></tr><tr><td>80 – 100</td><td>20</td><td>90</td><td>1800</td></tr><tr><td>100 – 120</td><td>60</td><td>110</td><td>6600</td></tr><tr><td>120 – 140</td><td>70</td><td>130</td><td>9100</td></tr><tr><td>140 – 160</td><td>40</td><td>150</td><td>6000</td></tr><tr><td>160 – 180</td><td>60</td><td>170</td><td>10200</td></tr><tr><td><b>Total</b></td><td><b>Σfᵢ = 250</b></td><td></td><td><b>Σfᵢxᵢ = 33700</b></td></tr></tbody></table><p>Mean = Σfᵢxᵢ / Σfᵢ = 33700 / 250 = 134.8 g.</p><p><b>(ii) Find the modal mass</b></p><p>The modal class is the class with the highest frequency. The highest frequency is 70, which corresponds to the class 120 – 140.</p><p>Mode = L + [ (f₁ - f₀) / (2f₁ - f₀ - f₂) ] × h</p><p>Where:</p><ul><li>L = lower limit of the modal class = 120</li><li>f₁ = frequency of the modal class = 70</li><li>f₀ = frequency of the class preceding the modal class = 60</li><li>f₂ = frequency of the class succeeding the modal class = x = 40</li><li>h = class size = 20</li></ul><p>Mode = 120 + [ (70 - 60) / (2 × 70 - 60 - 40) ] × 20</p><p>= 120 + [ 10 / (140 - 100) ] × 20</p><p>= 120 + [ 10 / 40 ] × 20</p><p>= 120 + (1/4) × 20 = 120 + 5 = 125 g.</p>"
                    },
                    "question_type": "Long Answer (5 marks)",
                    "difficulty_level": "Medium",
                    "explanation_html": null
                  }
                ]
              },
              {
                "chapter_name": "Pair of Linear Equations in Two Variables",
                "questions": [
                  {
                    "question_no": 36,
                    "question_html": "<p><b>Case Study</b></p><p>A coaching institute of Mathematics conducts classes in two batches I and II and fees for rich and poor children are different. In batch I, there are 20 poor and 5 rich children, whereas in batch II, there are 5 poor and 25 rich children. The total monthly collection of fees from batch I is ₹ 9000 and from batch II is ₹ 26,000. Assume that each poor child pays ₹ x per month and each rich child pays ₹ y per month.</p><p>Based on the above information, answer the following questions :</p><p>(i) Represent the information given above in terms of x and y.</p><p>(ii) Find the monthly fee paid by a poor child.</p><p>OR</p><p>Find the difference in the monthly fee paid by a poor child and a rich child.</p><p>(iii) If there are 10 poor and 20 rich children in batch II, what is the total monthly collection of fees from batch II ?</p>",
                    "images": [
                      {
                        "url": "https://img.testbuddyai.com/Maths-30-6-23-Q36.png"
                      }
                    ],
                    "options": [],
                    "correct_answer": {
                      "text": "<p><b>(i) Represent the information in terms of x and y.</b></p><p>For Batch I: 20 poor children and 5 rich children collect ₹ 9000.</p><p>Equation 1: 20x + 5y = 9000</p><p>For Batch II: 5 poor children and 25 rich children collect ₹ 26,000.</p><p>Equation 2: 5x + 25y = 26000</p><p><b>(ii) Find the monthly fee paid by a poor child (x).</b></p><p>From Equation 1, we can simplify by dividing by 5: 4x + y = 1800  => y = 1800 - 4x</p><p>From Equation 2, we can simplify by dividing by 5: x + 5y = 5200</p><p>Substitute y from the first simplified equation into the second:</p><p>x + 5(1800 - 4x) = 5200</p><p>x + 9000 - 20x = 5200</p><p>-19x = 5200 - 9000</p><p>-19x = -3800</p><p>x = 200</p><p>The monthly fee paid by a poor child is ₹ 200.</p><p><b>OR</b></p><p><b>Find the difference in the monthly fee paid by a poor child and a rich child.</b></p><p>We found x = 200. Now find y:</p><p>y = 1800 - 4x = 1800 - 4(200) = 1800 - 800 = 1000.</p><p>The monthly fee for a rich child is ₹ 1000.</p><p>Difference = y - x = 1000 - 200 = ₹ 800.</p><p><b>(iii) Find the total monthly collection for a new Batch II.</b></p><p>If Batch II has 10 poor and 20 rich children:</p><p>Total collection = 10x + 20y</p><p>= 10(200) + 20(1000)</p><p>= 2000 + 20000 = ₹ 22,000.</p>"
                    },
                    "question_type": "Case-based Subjective",
                    "difficulty_level": "Medium",
                    "explanation_html": null
                  }
                ]
              },
              {
                "chapter_name": "Some Applications of Trigonometry",
                "questions": [
                  {
                    "question_no": 37,
                    "question_html": "<p><b>Case Study</b></p><p>A radio station tower was built in two Sections A and B. Tower is supported by wires from a point O. Distance between the base of the tower and point O is 36 cm. From point O, the angle of elevation of the top of the Section B is 30° and the angle of elevation of the top of Section A is 45°.</p><p>Based on the above information, answer the following questions :</p><p>(i) Find the length of the wire from the point O to the top of Section B.</p><p>(ii) Find the distance AB.</p><p>OR</p><p>Find the area of ΔOPB.</p><p>(iii) Find the height of the Section A from the base of the tower.</p>",
                    "images": [
                      {
                        "url": "https://img.testbuddyai.com/Maths-30-6-23-Q37.png"
                      }
                    ],
                    "options": [],
                    "correct_answer": {
                      "text": "<p>Let P be the base of the tower. Let the top of Section B be B' and the top of Section A be A'. Point O is on the ground, so PO = 36 cm.</p><p><b>(i) Find the length of the wire from O to the top of Section B (OB').</b></p><p>In right-angled triangle OPB':</p><p>cos 30° = Base / Hypotenuse = OP / OB'</p><p>√3 / 2 = 36 / OB'</p><p>OB' = (36 × 2) / √3 = 72/√3 = 24√3 cm.</p><p><b>(ii) Find the distance AB (which is A'B').</b></p><p>First find the height of Section B (PB'):</p><p>tan 30° = Perpendicular / Base = PB' / OP</p><p>1/√3 = PB' / 36 => PB' = 36/√3 = 12√3 cm.</p><p>Now find the total height of the tower (PA'):</p><p>In right-angled triangle OPA':</p><p>tan 45° = PA' / OP</p><p>1 = PA' / 36 => PA' = 36 cm.</p><p>The distance AB = A'B' = PA' - PB' = 36 - 12√3 cm.</p><p><b>OR</b></p><p><b>Find the area of ΔOPB.</b></p><p>This is the area of ΔOPB'.</p><p>Area = (1/2) × Base × Height</p><p>= (1/2) × OP × PB'</p><p>= (1/2) × 36 × 12√3 = 216√3 cm².</p><p><b>(iii) Find the height of the Section A from the base of the tower.</b></p><p>This is the total height of the tower, PA'.</p><p>From part (ii), we found PA' = 36 cm.</p>"
                    },
                    "question_type": "Case-based Subjective",
                    "difficulty_level": "Medium",
                    "explanation_html": null
                  }
                ]
              },
              {
                "chapter_name": "Probability",
                "questions": [
                  {
                    "question_no": 38,
                    "question_html": "<p><b>Case Study</b></p><p>“Eight Ball” is a game played on a pool table with 15 balls numbered 1 to 15... Of the 15 numbered balls, eight are solid (non-white) coloured and numbered 1 to 8 and seven are striped balls numbered 9 to 15. The 15 numbered pool balls (no cue ball) are placed in a large bowl and mixed, then one ball is drawn out at random.</p><p>Based on the above information, answer the following questions :</p><p>(i) What is the probability that the drawn ball bears number 8 ?</p><p>(ii) What is the probability that the drawn ball bears an even number ?</p><p>OR</p><p>What is the probability that the drawn ball bears a number, which is a multiple of 3 ?</p><p>(iii) What is the probability that the drawn ball is a solid coloured and bears an even number ?</p>",
                    "images": [
                      {
                        "url": "https://img.testbuddyai.com/Maths-30-6-23-Q38.png"
                      }
                    ],
                    "options": [],
                    "correct_answer": {
                      "text": "<p>Total number of balls in the bowl = 15. Total possible outcomes = 15.</p><p><b>(i) Probability that the ball bears number 8.</b></p><p>There is only one ball with the number 8.</p><p>P(number 8) = 1/15.</p><p><b>(ii) Probability that the ball bears an even number.</b></p><p>The even numbers from 1 to 15 are {2, 4, 6, 8, 10, 12, 14}.</p><p>Number of favorable outcomes = 7.</p><p>P(even number) = 7/15.</p><p><b>OR</b></p><p><b>Probability that the ball bears a number which is a multiple of 3.</b></p><p>The multiples of 3 from 1 to 15 are {3, 6, 9, 12, 15}.</p><p>Number of favorable outcomes = 5.</p><p>P(multiple of 3) = 5/15 = 1/3.</p><p><b>(iii) Probability that the ball is solid coloured and bears an even number.</b></p><p>Solid coloured balls are numbered 1 to 8.</p><p>The even numbers among the solid coloured balls are {2, 4, 6, 8}.</p><p>Number of favorable outcomes = 4.</p><p>P(solid and even) = 4/15.</p>"
                    },
                    "question_type": "Case-based Subjective",
                    "difficulty_level": "Easy",
                    "explanation_html": null
                  }
                ]
              }
            ]
          }
        ]
      }
    ]
  }
]