[
  {
    "exam_name_actual": "CBSE Board - Class 10",
    "main_exam_id_name_ref": "CBSE Board - Class 10",
    "years": [
      {
        "year": "2022",
        "papers_or_subjects": [
          {
            "paper_name": "CBSE Class 10 Science Paper 2022 (QP Code: 31/1/1)",
            "subject_name": "Science",
            "chapters": [
              {
                "chapter_name": "Carbon and its Compounds",
                "questions": [
                  {
                    "question_no": 1,
                    "question_html": "<p>(a) Write the molecular formula of the following carbon compounds :</p><p>(i) Methane</p><p>(ii) Propane</p><p>(b) Carbon compounds have low melting and boiling points. Why ?</p>",
                    "options": [],
                    "correct_answer": {
                      "text": "<p><strong>(a)</strong></p><p>(i) CH₄</p><p>(ii) C₃H₈</p><p><strong>(b)</strong> The intermolecular forces of attraction between the molecules of carbon compounds are very weak.</p>"
                    },
                    "question_type": "Very Short Answer (2 marks)",
                    "difficulty_level": "easy",
                    "explanation_html": null
                  }
                ]
              },
              {
                "chapter_name": "Metals and Non-metals",
                "questions": [
                  {
                    "question_no": 2,
                    "question_html": "<p>The electrons in the atoms of two elements X and Y are distributed in three shells having 1 and 7 electrons respectively in their outermost shells.</p><p>(a) Write the group numbers of these elements in the Modern Periodic Table.</p><p>(b) Write the molecular formula of the compound formed when X and Y combine with each other.</p><p>(c) Which of the two is electropositive ?</p>",
                    "options": [],
                    "correct_answer": {
                      "text": "<p>Electronic configuration of X = 2, 8, 1</p><p>Electronic configuration of Y = 2, 8, 7</p><p><strong>(a)</strong> Group Number of X is 1. Group Number of Y is 17.</p><p><strong>(b)</strong> The molecular formula of the compound formed is XY.</p><p><strong>(c)</strong> X is electropositive.</p>"
                    },
                    "question_type": "Very Short Answer (2 marks)",
                    "difficulty_level": "medium",
                    "explanation_html": null
                  }
                ]
              },
              {
                "chapter_name": "How do Organisms Reproduce?",
                "questions": [
                  {
                    "question_no": 3,
                    "question_html": "<p>(a) Which of the following flowers will have higher possibility of self-pollination ?</p><p>Mustard, Papaya, Watermelon, Hibiscus</p><p>(b) List the two reproductive parts of a bisexual flower.</p>",
                    "options": [],
                    "correct_answer": {
                      "text": "<p><strong>(a)</strong> Mustard and Hibiscus will have a higher possibility of self-pollination because they are bisexual flowers.</p><p><strong>(b)</strong> The two reproductive parts of a bisexual flower are:</p><p>1. Stamen (male reproductive part)</p><p>2. Pistil/Carpel (female reproductive part)</p>"
                    },
                    "question_type": "Very Short Answer (2 marks)",
                    "difficulty_level": "easy",
                    "explanation_html": null
                  }
                ]
              },
              {
                "chapter_name": "How do Organisms Reproduce?",
                "questions": [
                  {
                    "question_no": 4,
                    "question_html": "<p>Which one of the two multicellular organisms - Spirogyra and Planaria reproduces by regeneration and why ? Give an example of any other organism which can also reproduce by the same process.</p>",
                    "options": [],
                    "correct_answer": {
                      "text": "<p><strong>Planaria</strong> reproduces by regeneration.</p><p><strong>Reason:</strong> Planaria has specialized cells that can proliferate and differentiate to form the lost body parts, a capability that Spirogyra lacks.</p><p><strong>Another example:</strong> Hydra can also reproduce by regeneration.</p>"
                    },
                    "question_type": "Very Short Answer (2 marks)",
                    "difficulty_level": "medium",
                    "explanation_html": null
                  }
                ]
              },
              {
                "chapter_name": "Heredity",
                "questions": [
                  {
                    "question_no": 5,
                    "question_html": "<p>(a) What is variation ? List two main reasons that may lead to variation in a population.</p><p><strong>OR</strong></p><p>(b) (i) In a cross between violet flowered plants and white flowered plants, state the characteristics of the plants obtained in the F1 progeny.</p><p>(ii) If the plants of F1 progeny are self-pollinated, then what would be observed in the plants of F2 progeny?</p><p>(iii) If 100 plants are produced in F2 progeny, then how many plants will show the recessive trait?</p>",
                    "options": [],
                    "correct_answer": {
                      "text": "<p><strong>(a) Variation:</strong> The differences in the traits or characteristics among the individuals of a species are called variations.</p><p><strong>Two main reasons for variation:</strong></p><p>1.  <strong>Error in DNA copying:</strong> Inaccuracies during the DNA replication process can lead to new variations.</p><p>2.  <strong>Sexual reproduction:</strong> The combination of genetic material from two different parents results in new combinations of traits in the offspring.</p><p><strong>OR</strong></p><p><strong>(b)</strong></p><p>(i) All plants in the F1 progeny will have violet flowers.</p><p>(ii) In the F2 progeny, both violet and white flowered plants will be observed. The ratio of violet to white flowered plants will be approximately 3:1.</p><p>(iii) If 100 plants are produced, approximately 25 plants will show the recessive trait (white flowers).</p>"
                    },
                    "question_type": "Very Short Answer (2 marks)",
                    "difficulty_level": "easy",
                    "explanation_html": null
                  }
                ]
              },
              {
                "chapter_name": "Magnetic Effects of Electric Current",
                "questions": [
                  {
                    "question_no": 6,
                    "question_html": "<p>(a) (i) Name and state the rule to determine the direction of force experienced by a current carrying straight conductor placed in a uniform magnetic field which is perpendicular to it.</p><p>(ii) An alpha particle while passing through a magnetic field gets projected towards north. In which direction will an electron project when it passes through the same magnetic field ?</p><p><strong>OR</strong></p><p>(b) (i) What is a solenoid?</p><p>(ii) Draw the pattern of magnetic field lines of the magnetic field produced by a solenoid through which a steady current flows.</p>",
                    "options": [],
                    "correct_answer": {
                      "text": "<p><strong>(a) (i) Rule:</strong> Fleming's left-hand rule.</p><p><strong>Statement:</strong> Stretch the thumb, forefinger and middle finger of your left hand such that they are mutually perpendicular. If the forefinger points in the direction of the magnetic field and the middle finger in the direction of the current, then the thumb will point in the direction of motion or the force acting on the conductor.</p><p><strong>(ii)</strong> An alpha particle is positively charged, while an electron is negatively charged. The force on the electron will be in the opposite direction to the force on the alpha particle. Therefore, the electron will be projected towards the <strong>South</strong>.</p><p><strong>OR</strong></p><p><strong>(b) (i) Solenoid:</strong> A coil of many circular turns of insulated copper wire wrapped closely in the shape of a cylinder.</p><p><strong>(ii) Pattern of magnetic field lines:</strong></p><p>Inside the solenoid, the magnetic field lines are nearly parallel straight lines, indicating a uniform magnetic field. Outside the solenoid, the field lines resemble those of a bar magnet, with lines emerging from the North pole and merging at the South pole.</p>"
                    },
                    "question_type": "Very Short Answer (2 marks)",
                    "difficulty_level": "medium",
                    "explanation_html": null
                  }
                ]
              },
              {
                "chapter_name": "Our Environment",
                "questions": [
                  {
                    "question_no": 7,
                    "question_html": "<p>(a) What is ozone ? How is it formed in the upper layers of the Earth's atmosphere ? How does ozone affect our ecosystem ?</p><p><strong>OR</strong></p><p>(b) (i) List two human-made ecosystems.</p><p>(ii) \"We do not clean a pond in the same manner as we do in an aquarium.\" Give reason to justify this statement.</p>",
                    "options": [],
                    "correct_answer": {
                      "text": "<p><strong>(a) What is ozone:</strong> Ozone (O₃) is a molecule formed by three atoms of oxygen.</p><p><strong>Formation:</strong> In the upper atmosphere, high-energy ultraviolet (UV) radiation from the sun splits some molecular oxygen (O₂) into free oxygen atoms (O). These free oxygen atoms then combine with other molecular oxygen (O₂) to form ozone (O₃).</p><p>UV + O₂ → O + O</p><p>O + O₂ → O₃ (Ozone)</p><p><strong>Effect on ecosystem:</strong> The ozone layer acts as a shield, protecting the Earth's surface from the harmful effects of the sun's UV radiation. Depletion of the ozone layer can lead to increased cases of skin cancer, cataracts, and damage to plants and marine life.</p><p><strong>OR</strong></p><p><strong>(b) (i) Two human-made ecosystems:</strong> Aquarium, crop field, gardens (any two).</p><p><strong>(ii) Justification:</strong> A pond is a natural and self-sustaining ecosystem containing decomposers that break down waste materials. An aquarium is an artificial ecosystem that lacks decomposers, so waste accumulates and needs to be manually cleaned to prevent it from becoming toxic for the aquatic life.</p>"
                    },
                    "question_type": "Very Short Answer (2 marks)",
                    "difficulty_level": "easy",
                    "explanation_html": null
                  }
                ]
              },
              {
                "chapter_name": "Metals and Non-metals",
                "questions": [
                  {
                    "question_no": 8,
                    "question_html": "<p>(a) List two advantages of adopting the atomic number of an element as the basis of classification of elements in the Modern Periodic Table.</p><p>(b) Write the electronic configurations of the elements X (atomic number 13) and Y (atomic number 20).</p>",
                    "options": [],
                    "correct_answer": {
                      "text": "<p><strong>(a) Two advantages are:</strong></p><p>1.  <strong>Systematic Arrangement:</strong> The atomic number increases by one when moving from one element to the next, which makes the arrangement of elements more systematic and regular.</p><p>2.  <strong>Better Prediction of Properties:</strong> The properties of elements are periodic functions of their atomic number. This allows for more precise prediction of the properties of elements when they are arranged in increasing order of their atomic numbers.</p><p><strong>(b) Electronic Configurations:</strong></p><p>•   Element X (Atomic number 13): 2, 8, 3</p><p>•   Element Y (Atomic number 20): 2, 8, 8, 2</p>"
                    },
                    "question_type": "Short Answer (3 marks)",
                    "difficulty_level": "easy",
                    "explanation_html": null
                  }
                ]
              },
              {
                "chapter_name": "Carbon and its Compounds",
                "questions": [
                  {
                    "question_no": 9,
                    "question_html": "<p>(a) Draw two different possible structures of a saturated hydrocarbon having four carbon atoms in its molecule. What are these two structures of the hydrocarbon having same molecular formula called? Write the molecular formula and the common name of this compound. Also write the molecular formula of its alkyne.</p><p><strong>OR</strong></p><p>(b) (i) Write the molecular formula of benzene and draw its structure.</p><p>(ii) Write the number of single and double covalent bonds present in a molecule of benzene.</p><p>(iii) Which compounds are called alkynes ?</p>",
                    "options": [],
                    "correct_answer": {
                      "text": "<p><strong>(a) Structures of Butane (C₄H₁₀):</strong></p><p>1. n-butane (straight chain): CH₃-CH₂-CH₂-CH₃</p><p>2. isobutane (branched chain): CH₃-CH(CH₃)-CH₃</p><p>These two structures are called <strong>isomers</strong>.</p><p>• <strong>Molecular Formula:</strong> C₄H₁₀</p><p>• <strong>Common Name:</strong> Butane</p><p>• <strong>Molecular Formula of its alkyne (Butyne):</strong> C₄H₆</p><p><strong>OR</strong></p><p><strong>(b) (i) Molecular formula of benzene:</strong> C₆H₆</p><p><strong>Structure of benzene:</strong> A cyclic structure of six carbon atoms with alternating single and double bonds, with one hydrogen atom attached to each carbon atom.</p><p><strong>(ii) Covalent bonds in benzene:</strong></p><p>•   Number of single bonds: 9 (6 C-H bonds and 3 C-C bonds)</p><p>•   Number of double bonds: 3 (3 C=C bonds)</p><p><strong>(iii) Alkynes:</strong> Hydrocarbons that contain at least one carbon-carbon triple bond are called alkynes.</p>"
                    },
                    "question_type": "Short Answer (3 marks)",
                    "difficulty_level": "medium",
                    "explanation_html": null
                  }
                ]
              },
              {
                "chapter_name": "How do Organisms Reproduce?",
                "questions": [
                  {
                    "question_no": 10,
                    "question_html": "<p>(a) Mention one function each of the following organs in human male reproductive system :</p><p>(i) Testis</p><p>(ii) Scrotum</p><p>(iii) Vas deferens</p><p>(iv) Prostate gland</p><p>(b) Name the type of germ cell which (i) is motile, and (ii) stores food.</p>",
                    "options": [],
                    "correct_answer": {
                      "text": "<p><strong>(a) Functions:</strong></p><p>(i) <strong>Testis:</strong> To produce male gametes (sperms) and the male sex hormone (testosterone).</p><p>(ii) <strong>Scrotum:</strong> To maintain a temperature lower than the normal body temperature, which is necessary for sperm formation.</p><p>(iii) <strong>Vas deferens:</strong> To transport sperms from the testis to the urethra.</p><p>(iv) <strong>Prostate gland:</strong> To secrete a fluid that provides nutrition to the sperms and facilitates their transport.</p><p><strong>(b) Germ Cells:</strong></p><p>(i) <strong>Motile:</strong> Sperm</p><p>(ii) <strong>Stores food:</strong> Egg / Ovum</p>"
                    },
                    "question_type": "Short Answer (3 marks)",
                    "difficulty_level": "easy",
                    "explanation_html": null
                  }
                ]
              },
              {
                "chapter_name": "Electricity",
                "questions": [
                  {
                    "question_no": 11,
                    "question_html": "<p>(a) Three resistors R₁, R₂ and R₃ are connected in parallel and the combination is connected to a battery, an ammeter, a voltmeter and a key. Draw suitable circuit diagram to show the arrangement of these circuit components along with the direction of current flowing.</p><p>(b) Calculate the equivalent resistance of the following network:</p><p>A network where a resistor R₁ = 5 Ω is connected in series to a parallel combination of two resistors, R₂ = 10 Ω and R₃ = 10 Ω. This combination is then connected in series to a fourth resistor R₄ = 5 Ω.</p>",
                    "images": [
                      {
                        "url": "https://img.testbuddyai.com/Science-31-1-22-Q11b.png"
                      }
                    ],
                    "options": [],
                    "correct_answer": {
                      "text": "<p><strong>(a) Circuit Diagram:</strong> The diagram should show R₁, R₂, and R₃ connected in parallel. This parallel combination should be connected in series with a battery, a key, and an ammeter. The voltmeter should be connected in parallel across the parallel combination of resistors. The direction of current should be shown from the positive terminal to the negative terminal of the battery.</p><p><strong>(b) Step 1: Calculate the equivalent resistance of the parallel combination (R₂ and R₃).</strong></p><p>Let Rₚ be the equivalent resistance of the parallel part.</p><p>1/Rₚ = 1/R₂ + 1/R₃</p><p>1/Rₚ = 1/10 + 1/10 = 2/10</p><p>Rₚ = 10/2 = 5 Ω</p><p><strong>Step 2: Calculate the total equivalent resistance of the network.</strong></p><p>The resistors R₁, Rₚ, and R₄ are in series.</p><p>R_total = R₁ + Rₚ + R₄</p><p>R_total = 5 Ω + 5 Ω + 5 Ω</p><p>R_total = 15 Ω</p><p>The equivalent resistance of the network is <strong>15 Ω</strong>.</p>"
                    },
                    "question_type": "Short Answer (3 marks)",
                    "difficulty_level": "medium",
                    "explanation_html": null
                  }
                ]
              },
              {
                "chapter_name": "Electricity",
                "questions": [
                  {
                    "question_no": 12,
                    "question_html": "<p>(a) (i) Define Electric Power and write its SI unit.</p><p>(ii) Two bulbs rated 100 W; 220 V and 60 W; 220 V are connected in parallel to an electric mains of 220 V. Find the current drawn by the bulbs from the mains.</p><p><strong>OR</strong></p><p>(b) (i) State Joule's law of heating. Express it mathematically when an appliance of resistance R is connected to a source of voltage V and the current I flows through the appliance for a time t.</p><p>(ii) A 5 Ω resistor is connected across a battery of 6 volts. Calculate the energy that dissipates as heat in 10 s.</p>",
                    "options": [],
                    "correct_answer": {
                      "text": "<p><strong>(a) (i) Electric Power:</strong> The rate at which electric energy is consumed or dissipated in an electric circuit.</p><p><strong>SI unit:</strong> watt (W)</p><p><strong>(ii) Calculation of current:</strong></p><p><strong>Step 1: Find the current drawn by the first bulb (I₁).</strong></p><p>P₁ = V * I₁ => I₁ = 100 W / 220 V</p><p><strong>Step 2: Find the current drawn by the second bulb (I₂).</strong></p><p>P₂ = V * I₂ => I₂ = 60 W / 220 V</p><p><strong>Step 3: Find the total current drawn from the mains.</strong></p><p>Since the bulbs are connected in parallel, the total current (I) is the sum of the currents drawn by each bulb.</p><p>I = I₁ + I₂ = (100 / 220) + (60 / 220) = 160 / 220 A ≈ 0.73 A</p><p><strong>OR</strong></p><p><strong>(b) (i) Joule's Law of Heating:</strong> It states that the heat produced in a resistor is:</p><p>1. directly proportional to the square of the current for a given resistance (H ∝ I²).</p><p>2. directly proportional to the resistance for a given current (H ∝ R).</p><p>3. directly proportional to the time for which the current flows (H ∝ t).</p><p><strong>Mathematical Expression:</strong> H = I²Rt. Since V=IR, it can also be expressed as H = VIt or H = (V²/R)t.</p><p><strong>(ii) Calculation of energy dissipated:</strong></p><p>Given: R = 5 Ω, V = 6 V, t = 10 s</p><p>Energy (Heat) H = (V²/R) * t</p><p>H = (6² / 5) * 10</p><p>H = (36 / 5) * 10</p><p>H = 72 J</p>"
                    },
                    "question_type": "Short Answer (3 marks)",
                    "difficulty_level": "medium",
                    "explanation_html": null
                  }
                ]
              },
              {
                "chapter_name": "Our Environment",
                "questions": [
                  {
                    "question_no": 13,
                    "question_html": "<p>(a) Name the group of organisms which form in the first trophic level of all food chains. Why are they called so ?</p><p>(b) Why are the human beings most adversely affected by bio-magnification ?</p><p>(c) State one ill-effect of the absence of decomposers from a natural ecosystem.</p>",
                    "options": [],
                    "correct_answer": {
                      "text": "<p><strong>(a)</strong> The group of organisms at the first trophic level are called <strong>Producers</strong>. They are called so because they can produce their own food using sunlight through the process of photosynthesis.</p><p><strong>(b)</strong> Human beings are most adversely affected by bio-magnification because they occupy the top level in many food chains. When non-degradable harmful chemicals like pesticides enter a food chain, their concentration increases at each successive trophic level. As a result, the maximum concentration of these chemicals gets accumulated in the bodies of top consumers, such as humans.</p><p><strong>(c)</strong> In the absence of decomposers, the recycling of nutrients will not take place. The Earth would be covered with dead bodies and waste, leading to the spread of disease and depletion of soil nutrients.</p>"
                    },
                    "question_type": "Short Answer (3 marks)",
                    "difficulty_level": "easy",
                    "explanation_html": null
                  }
                ]
              },
              {
                "chapter_name": "Heredity",
                "questions": [
                  {
                    "question_no": 14,
                    "question_html": "<p><strong>Case:</strong> The mechanism by which the sex of an individual is determined is called sex-determination. In human beings, sex of a newborn is genetically determined. There are 46 (23 pairs) chromosomes in human beings. Out of these, 44 (22 pairs) control the body characters and 2 (one pair) are known as sex chromosomes. The sex chromosomes are of two types — X chromosome and Y chromosome.</p><p>(a) Why is a pair of sex chromosomes in human beings called a mismatched pair in terms of type and size ?</p><p>(b) Out of male or female, which of them has a perfect pair of sex chromosomes ? In case of a perfect pair, will the gametes produced be of the same kind or of a different kind?</p><p>(c) (i) Name two animals whose sex is not genetically determined. Explain the process of their sex determination.</p><p><strong>OR</strong></p><p>(ii) With the help of a flowchart only, show how sex is genetically determined in human beings.</p>",
                    "options": [],
                    "correct_answer": {
                      "text": "<p><strong>(a)</strong> The pair of sex chromosomes in human males (XY) is called a mismatched pair because the Y chromosome is significantly shorter and contains different genes than the X chromosome.</p><p><strong>(b)</strong> The human <strong>female</strong> has a perfect pair of sex chromosomes (XX). In this case, all the gametes (eggs) produced will be of the <strong>same kind</strong>, each containing one X chromosome.</p><p><strong>(c) (i)</strong> Two examples are <strong>Reptiles</strong> (like crocodiles and turtles) and <strong>Snails</strong>.</p><p>•   <strong>In reptiles:</strong> The sex is determined by the temperature at which the fertilized eggs are incubated. For example, in some turtle species, lower temperatures produce males and higher temperatures produce females.</p><p>•   <strong>In snails:</strong> Some individuals can change their sex during their lifetime, a process not determined by genetics at birth.</p><p><strong>OR</strong></p><p><strong>(c) (ii) Flowchart for Human Sex Determination:</strong></p><p>Parents: Father (XY) x Mother (XX)</p><p>Gametes (Father): X and Y</p><p>Gametes (Mother): X and X</p><p>Possible Offspring:</p><p>• If sperm with X chromosome fertilizes the egg (X) -> Offspring is XX (Female)</p><p>• If sperm with Y chromosome fertilizes the egg (X) -> Offspring is XY (Male)</p>"
                    },
                    "question_type": "Case-based Subjective",
                    "difficulty_level": "medium",
                    "explanation_html": null
                  }
                ]
              },
              {
                "chapter_name": "Magnetic Effects of Electric Current",
                "questions": [
                  {
                    "question_no": 15,
                    "question_html": "<p><strong>Case:</strong> A student places a bar magnet in the centre of a sheet of white paper and sprinkles some iron filings uniformly around it. On tapping the board gently, she observes that the iron filings have arranged themselves in a particular pattern.</p><p>(a) Draw a diagram to show this pattern of iron filings.</p><p>(b) Draw the magnetic field lines of a bar magnet showing the poles of the bar magnet as well as the direction of the magnetic field lines.</p><p>(c) (i) How is the direction of magnetic field at a point determined using the field lines ?</p><p>(ii) Why do two magnetic field lines not cross each other?</p><p><strong>OR</strong></p><p>(iii) How are the magnetic field lines of a bar magnet drawn using a small compass needle? Draw one magnetic field line each on both sides of the magnet.</p>",
                    "options": [],
                    "correct_answer": {
                      "text": "<p><strong>(a) Diagram of iron filings pattern:</strong> The diagram should show a bar magnet with iron filings concentrated at the poles and forming curved lines from one pole to the other.</p><p><strong>(b) Diagram of magnetic field lines:</strong> The diagram should show a bar magnet with North (N) and South (S) poles. The magnetic field lines should emerge from the North pole and enter the South pole externally, with arrows indicating the direction. Inside the magnet, the lines should go from South to North.</p><p><strong>(c) (i)</strong> The direction of the magnetic field at any point is given by the direction that the north pole of a compass needle would point if placed at that point. On a magnetic field line, the direction is shown by an arrow, and it represents the tangent to the field line at that point.</p><p><strong>(ii)</strong> Two magnetic field lines never cross each other because if they did, it would mean that at the point of intersection, a compass needle would point in two different directions simultaneously. This is not possible, as the magnetic field has a unique direction at any given point.</p><p><strong>OR</strong></p><p><strong>(c) (iii) Drawing field lines with a compass:</strong></p><p>1. Place a bar magnet on a sheet of paper and mark its boundary.</p><p>2. Place a small compass needle near the North pole. Mark the position of the North and South poles of the needle.</p><p>3. Move the compass so that its South pole is now at the position previously occupied by its North pole. Mark the new position of the North pole of the needle.</p><p>4. Repeat this process until you reach the South pole of the magnet.</p><p>5. Join the points to get a smooth curve, which represents a magnetic field line. Arrows on the line should point from N to S.</p><p>The diagram should show a bar magnet with at least one such drawn field line on each side.</p>"
                    },
                    "question_type": "Case-based Subjective",
                    "difficulty_level": "medium",
                    "explanation_html": null
                  }
                ]
              }
            ]
          }
        ]
      }
    ]
  }
]