[
  {
    "exam_name_actual": "CBSE Board - Class 10",
    "main_exam_id_name_ref": "CBSE Board - Class 10",
    "years": [
      {
        "year": "2022",
        "papers_or_subjects": [
          {
            "paper_name": "CBSE Class 10 Science Paper 2022 (QP Code: 31/4/1)",
            "subject_name": "Science",
            "chapters": [
              {
                "chapter_name": "Metals and Non-metals",
                "questions": [
                  {
                    "question_no": 1,
                    "question_html": "<p>Explain giving reason why although the nuclear charge in atoms increases in moving from left to right in a period as well as in moving from top to bottom in a group in the Modern periodic table, but the size of the atoms does not vary similarly in both situations.</p>",
                    "options": [],
                    "correct_answer": {
                      "text": "<p><b>Variation in a Period (Left to Right):</b></p><p>As we move from left to right in a period, the nuclear charge increases. This increased positive charge pulls the electrons in the shells closer to the nucleus. Since no new shell is added, the effective nuclear charge experienced by the valence electrons increases, causing the atomic size to decrease.</p><p><b>Variation in a Group (Top to Bottom):</b></p><p>As we move from top to bottom in a group, the nuclear charge increases, but a new electron shell is added at each step. The addition of new shells increases the distance between the outermost electrons and the nucleus. This effect of adding a new shell is more significant than the increase in nuclear charge. Therefore, the atomic size increases down a group.</p>"
                    },
                    "question_type": "Very Short Answer (2 marks)",
                    "difficulty_level": "medium",
                    "explanation_html": null
                  }
                ]
              },
              {
                "chapter_name": "Magnetic Effects of Electric Current",
                "questions": [
                  {
                    "question_no": 2,
                    "question_html": "<p>As shown in the diagram an aluminium rod 'AB' is suspended horizontally between the two poles of a strong horse shoe magent in such a way that the axis of rod is horizontal and the direction of the magnetic field is vertically upward. The rod is connected in series with a battery and a key.</p><p>State giving reason :</p><p>(a) What is observed when a current is passed through the aluminum rod from end B to end A?</p><p>(b) What change is observed in a situation in which the axis of the rod 'AB' is moved and aligned parallel to the magnetic field and current is passed in the rod in the same direction?</p><p><b>OR</b></p><p>\"Magnetic field is a physical quantity that has both direction and magnitude.\" How can this statement be proved with the help of magnetic field lines of a bar magnet ?</p>",
                    "images": [
                      {
                        "url": "https://img.testbuddyai.com/Science-31-4-22-Q2.png"
                      }
                    ],
                    "options": [],
                    "correct_answer": {
                      "text": "<p><b>(a) Observation:</b> The rod AB would be displaced.</p><p><b>Reason:</b> When a current-carrying conductor is placed in an external magnetic field, it experiences a force, provided the current and magnetic field are not parallel. According to Fleming's Left-Hand Rule, the force will be perpendicular to both the direction of the current and the magnetic field, causing the rod to move.</p><p><b>(b) Observation:</b> There will be no displacement in the rod.</p><p><b>Reason:</b> The force experienced by a current-carrying conductor in a magnetic field is zero when the direction of the current is parallel to the direction of the magnetic field. Since the rod is aligned parallel to the field, no force will be exerted on it.</p><p><b>OR</b></p><p>The statement can be proved with the help of magnetic field lines as follows:</p><ul><li><b>Direction:</b> Magnetic field lines are directed from the North pole to the South pole outside the magnet. A compass needle placed at any point on a field line will align itself in the direction of the field at that point. This shows that the magnetic field has a specific direction.</li><li><b>Magnitude (Strength):</b> The relative strength of the magnetic field is shown by the degree of closeness of the field lines. Where the field lines are crowded, the magnetic field is stronger, and where they are far apart, the field is weaker. This indicates that the magnetic field has a magnitude.</li></ul>"
                    },
                    "question_type": "Very Short Answer (2 marks)",
                    "difficulty_level": "medium",
                    "explanation_html": null
                  }
                ]
              },
              {
                "chapter_name": "Heredity",
                "questions": [
                  {
                    "question_no": 3,
                    "question_html": "<p>Using height (tallness / dwarfness) of a plant as an example, show that genes control the characteristics or traits in an organism.</p><p><b>OR</b></p><p>In a cross between red coloured and white coloured flowers, when plants with red coloured flowers of F1 generation were self pollinated, plants of F2 generation were obtained in which 75% of plants were with red flowers and 25% plants were with white flowers. Explain the inheritance of traits in the above cross with the help of a flow chart only along with the ratio of plants obtained.</p>",
                    "options": [],
                    "correct_answer": {
                      "text": "<p>Genes control traits by synthesizing specific proteins or enzymes. For example, in plants, height is controlled by growth hormones. The amount of growth hormone produced is determined by the efficiency of the enzyme responsible for its production. This enzyme's efficiency is controlled by a specific gene.</p><ul><li>If the gene is efficient, it produces an efficient enzyme, leading to the production of more growth hormone, and the plant becomes tall.</li><li>If the gene has an alteration, it may produce a less efficient enzyme, leading to less growth hormone, and the plant becomes short (dwarf).</li></ul><p>This shows that genes control the characteristics or traits.</p><p><b>OR</b></p><p>This is an example of a monohybrid cross where red flower color (R) is dominant over white flower color (r).</p><p><b>Parental Cross:</b></p><p>Red (RR) × White (rr)</p><p><b>F1 Generation:</b></p><p>All offspring are Red (Rr).</p><p><b>Self-pollination of F1:</b></p><p>Red (Rr) × Red (Rr)</p><p><b>F2 Generation Flow Chart (Punnett Square):</b></p><table><tbody><tr><td></td><td><b>R</b></td><td><b>r</b></td></tr><tr><td><b>R</b></td><td>RR (Red)</td><td>Rr (Red)</td></tr><tr><td><b>r</b></td><td>Rr (Red)</td><td>rr (White)</td></tr></tbody></table><p><b>Results of F2 Generation:</b></p><ul><li><b>Genotypic Ratio:</b> 1 (RR) : 2 (Rr) : 1 (rr)</li><li><b>Phenotypic Ratio:</b> 3 (Red flowers) : 1 (White flower)</li></ul><p>This corresponds to 75% of plants with red flowers and 25% with white flowers.</p>"
                    },
                    "question_type": "Very Short Answer (2 marks)",
                    "difficulty_level": "medium",
                    "explanation_html": null
                  }
                ]
              },
              {
                "chapter_name": "How do Organisms Reproduce?",
                "questions": [
                  {
                    "question_no": 4,
                    "question_html": "<p>Mention the functions of (a) Placenta (b) Fallopian tubes (c) Uterus and (d) Ovary in the human female reproductive system.</p>",
                    "options": [],
                    "correct_answer": {
                      "text": "<p><b>(a) Placenta:</b> It is a special disc-like tissue that provides a connection between the embryo and the uterine wall. Its function is to facilitate the transport of glucose and oxygen from the mother to the embryo and the removal of waste products from the embryo to the mother's blood.</p><p><b>(b) Fallopian tubes (Oviducts):</b> These are the tubes through which eggs are carried from the ovary to the uterus. It is the site where fertilization (fusion of sperm and egg) occurs.</p><p><b>(c) Uterus:</b> It is a muscular organ where the embryo develops. It provides a safe and nurturing environment for the growing fetus and its walls help in pushing the baby out during birth.</p><p><b>(d) Ovary:</b> The primary female reproductive organ. Its functions are to produce female gametes (ova or eggs) and secrete female sex hormones like estrogen and progesterone.</p>"
                    },
                    "question_type": "Very Short Answer (2 marks)",
                    "difficulty_level": "easy",
                    "explanation_html": null
                  }
                ]
              },
              {
                "chapter_name": "Our Environment",
                "questions": [
                  {
                    "question_no": 5,
                    "question_html": "<p>\"The improvement in our lifestyle has led to the generation of large amount of waste material.\" List two reasons to justify this statement.</p><p><b>OR</b></p><p>\"The change in packaging has resulted in waste becoming non-biodegradable.\" Giving two examples from daily life, justify this statement.</p>",
                    "options": [],
                    "correct_answer": {
                      "text": "<p>This statement is justified for the following reasons:</p><ol><li><b>Increased Consumption:</b> Improved lifestyles lead to a large consumption of resources. More products are bought and used, which generates more waste after their use.</li><li><b>Demand for Disposables:</b> There is an increased demand for things with a disposable nature, such as single-use plastics, packaging materials, and electronic gadgets with short lifespans. This contributes significantly to the accumulation of non-biodegradable waste.</li></ol><p><b>OR</b></p><p>The statement is justified because modern packaging increasingly uses non-biodegradable materials like plastics and metals, which persist in the environment for a long time, unlike older, biodegradable packaging like paper or cloth.</p><p><b>Two examples from daily life:</b></p><ol><li><b>Drinks Packaging:</b> Previously, drinks like milk or juice were often sold in glass bottles which are reusable, or paper cartons which are biodegradable. Now, they are predominantly sold in plastic bottles or tetra packs (multi-layered packaging including plastic and aluminum), which are non-biodegradable and contribute to landfill waste.</li><li><b>Food Grains and Snacks:</b> In the past, items like grains, spices, and snacks were often packed in paper bags or cloth bags. Today, the demand for longer shelf life and better transportation has led to widespread use of plastics and polyethene bags for packaging these items, which are non-biodegradable.</li></ol>"
                    },
                    "question_type": "Very Short Answer (2 marks)",
                    "difficulty_level": "easy",
                    "explanation_html": null
                  }
                ]
              },
              {
                "chapter_name": "How do Organisms Reproduce?",
                "questions": [
                  {
                    "question_no": 6,
                    "question_html": "<p>(a) Differentiate between binary fission in Amoeba and binary fission in Leishmania.</p><p>(b) How does reproduction take place in malarial parasite ?</p>",
                    "options": [],
                    "correct_answer": {
                      "text": "<p><b>(a) Differentiation:</b></p><p>The main difference lies in the plane of division.</p><ul><li>In <b>Amoeba</b>, binary fission is irregular. Since Amoeba has no definite shape, the splitting of the two cells during division can take place in <b>any plane</b>.</li><li>In <b>Leishmania</b>, binary fission is longitudinal. It occurs in a definite orientation in relation to its whip-like structure (flagellum). The cell divides along a specific longitudinal plane.</li></ul><p><b>(b) Reproduction in Malarial Parasite (Plasmodium):</b></p><p>The malarial parasite reproduces asexually by <b>multiple fission</b>. In this process, the parent cell's nucleus divides repeatedly to form many daughter nuclei. Each nucleus then gets surrounded by a small amount of cytoplasm, forming many daughter cells within the parent cell. Finally, the parent cell ruptures, releasing all the daughter cells simultaneously.</p>"
                    },
                    "question_type": "Very Short Answer (2 marks)",
                    "difficulty_level": "medium",
                    "explanation_html": null
                  }
                ]
              },
              {
                "chapter_name": "Carbon and its Compounds",
                "questions": [
                  {
                    "question_no": 7,
                    "question_html": "<p>Consider the carbon compounds having following molecular formula :</p><p>(i) C₃H₆ (ii) C₃H₈ (iii) C₄H₆ (iv) C₆H₆ (v) C₆H₁₂</p><p>(a) State the number of double covalent bonds present in C₃H₆.</p><p>(b) Write the formula of first member of the homologous series to which the carbon compound C₄H₆ belongs.</p><p>(c) Which one of the above compounds forms ring structure of carbon atoms ?</p><p>(d) Identify, which of the above compounds, is a member of alkane series.</p>",
                    "options": [],
                    "correct_answer": {
                      "text": "<p><b>(a) C₃H₆ (Propene):</b> It has <b>one</b> double covalent bond.</p><p><b>(b) C₄H₆ (Butyne):</b> This compound belongs to the alkyne series (general formula CₙH₂ₙ₋₂). The first member of the alkyne series has two carbon atoms. The formula is <b>C₂H₂</b> (Ethyne).</p><p><b>(c) Ring Structure:</b> <b>C₆H₆</b> (Benzene) forms a ring structure of carbon atoms.</p><p><b>(d) Alkane Series:</b> The general formula for alkanes is CₙH₂ₙ₊₂. The compound that fits this formula is <b>C₃H₈</b> (Propane), where n=3, 2n+2 = 8.</p>"
                    },
                    "question_type": "Very Short Answer (2 marks)",
                    "difficulty_level": "hard",
                    "explanation_html": null
                  }
                ]
              },
              {
                "chapter_name": "Metals and Non-metals",
                "questions": [
                  {
                    "question_no": 8,
                    "question_html": "<p>Name the elements whose compounds formed the basis of classification in Mendeleev's periodic table. Why did Mendeleev choose these elements ? How the formulae of these compounds had helped Mendeleev in deciding the position of an element in his periodic table ?</p>",
                    "options": [],
                    "correct_answer": {
                      "text": "<p><b>Elements Chosen:</b> Hydrogen and Oxygen.</p><p><b>Reason for Choice:</b> Mendeleev chose hydrogen and oxygen because they are very reactive and formed compounds (hydrides and oxides) with most of the other elements known at that time.</p><p><b>Help in Deciding Position:</b> The formulae of the hydrides and oxides formed by an element were treated as one of the basic properties for its classification. Elements that formed hydrides and oxides with similar formulae (e.g., R₂O, RH) were placed in the same group in the periodic table. This helped in grouping elements with similar chemical properties and deciding their positions.</p>"
                    },
                    "question_type": "Short Answer (3 marks)",
                    "difficulty_level": "medium",
                    "explanation_html": null
                  }
                ]
              },
              {
                "chapter_name": "Our Environment",
                "questions": [
                  {
                    "question_no": 9,
                    "question_html": "<p>What are trophic levels ? Why are autotrophs considered to be at the first trophic level of all food chains ? State the reason for limited number of trophic levels in nature.</p>",
                    "options": [],
                    "correct_answer": {
                      "text": "<p><b>Trophic Levels:</b> The various steps or levels in a food chain at which the transfer of energy takes place are called trophic levels. Each step in the food chain forms a trophic level.</p><p><b>Autotrophs at First Trophic Level:</b> Autotrophs (like green plants) are considered to be at the first trophic level because they are the only organisms that can fix solar energy and convert it into chemical energy (food) through photosynthesis. They make energy available for all other organisms (heterotrophs or consumers) in the ecosystem.</p><p><b>Reason for Limited Trophic Levels:</b> There is a progressive decrease in the amount of energy available at each successive trophic level. According to the 10% law, only about 10% of the energy from one level is transferred to the next. The rest is lost as heat to the environment. After a few trophic levels (usually 4 or 5), the amount of energy available is too little to support another level of organisms.</p>"
                    },
                    "question_type": "Short Answer (3 marks)",
                    "difficulty_level": "easy",
                    "explanation_html": null
                  }
                ]
              },
              {
                "chapter_name": "How do Organisms Reproduce?",
                "questions": [
                  {
                    "question_no": 10,
                    "question_html": "<p>In flowering plants, the pollen grains are transferred to stigma by pollination but the female germ cells are present in the ovary. Explain with the help of a labelled diagram (only concerned parts), how the male germ cell reaches the ovary.</p>",
                    "options": [],
                    "correct_answer": {
                      "text": "<p>After the pollen grain lands on a suitable stigma, it begins to germinate. A tube, called the pollen tube, grows out from the pollen grain. This pollen tube grows down through the style towards the ovary. The male germ cell travels down the pollen tube. The pollen tube eventually enters the ovule inside the ovary, where it releases the male germ cell to fuse with the female germ cell (egg), thus completing fertilization.</p>"
                    },
                    "question_type": "Short Answer (3 marks)",
                    "difficulty_level": "medium",
                    "explanation_html": null
                  }
                ]
              },
              {
                "chapter_name": "Carbon and its Compounds",
                "questions": [
                  {
                    "question_no": 11,
                    "question_html": "<p>\"Two different forms of carbon – diamond and graphite have different structures and very different physical properties even though their chemical properties are same.\" Explain why.</p><p><b>OR</b></p><p>State the reasons, why carbon cannot</p><p>(i) Lose four electrons to form C⁴⁺ cation, and</p><p>(ii) Gain four electrons to form C⁴⁻ anion.</p><p>How does carbon overcome this problem to form compounds ?</p>",
                    "options": [],
                    "correct_answer": {
                      "text": "<p>This is because:</p><ul><li><b>Different Structures:</b> In diamond, each carbon atom is bonded to four other carbon atoms, forming a rigid three-dimensional tetrahedral structure. This makes diamond the hardest known substance. In graphite, each carbon atom is bonded to three other carbon atoms in the same plane, forming hexagonal arrays. These layers can slide over each other, making graphite smooth and slippery.</li><li><b>Same Chemical Properties:</b> Despite their different physical properties, both diamond and graphite are composed only of carbon atoms. Therefore, their chemical properties are the same. They are allotropes of carbon.</li></ul><p><b>OR</b></p><p><b>(i) Cannot form C⁴⁺ cation:</b> Carbon has 4 valence electrons. To lose all four electrons would require a very large amount of energy, which is not energetically favorable. The remaining nucleus with 6 protons would not be able to hold onto just 2 electrons effectively against such a large energy input.</p><p><b>(ii) Cannot form C⁴⁻ anion:</b> To gain four electrons, the carbon atom's nucleus, with only 6 protons, would have to hold onto a total of 10 electrons. The force of attraction from the nucleus would not be strong enough to hold these four extra electrons, making the resulting anion highly unstable.</p><p><b>How Carbon Overcomes This Problem:</b> Carbon overcomes this problem by <b>sharing</b> its four valence electrons with other atoms (of carbon or other elements) to form <b>covalent bonds</b>. By sharing electrons, carbon atoms can achieve a stable noble gas electron configuration for themselves and the atoms they bond with, without forming ions.</p>"
                    },
                    "question_type": "Short Answer (3 marks)",
                    "difficulty_level": "medium",
                    "explanation_html": null
                  }
                ]
              },
              {
                "chapter_name": "Electricity",
                "questions": [
                  {
                    "question_no": 12,
                    "question_html": "<p>(a) A student wants to use an electric heater, an electric bulb and an electric fan simultaneously. How should these gadgets be connected with the mains ? Justify your answer giving three reasons.</p><p>(b) What is an electric fuse ? How is it connected in a circuit ?</p>",
                    "options": [],
                    "correct_answer": {
                      "text": "<p><b>(a) Connection Method:</b> The gadgets should be connected in <b>parallel</b> with the mains.</p><p><b>Justification (Three Reasons):</b></p><ol><li><b>Constant Voltage:</b> In a parallel connection, all appliances receive the same voltage from the mains (e.g., 220 V), which is necessary for their proper operation.</li><li><b>Independent Operation:</b> Each appliance can be switched on or off independently with its own switch, without affecting the others.</li><li><b>No Effect of Failure:</b> If one appliance fails or fuses, the others will continue to work because the circuit for each appliance is complete and separate.</li></ol><p><b>(b) Electric Fuse:</b> An electric fuse is a safety device used to protect electrical circuits and appliances from damage due to excessive current (overloading or short-circuiting). It consists of a wire with a low melting point that melts and breaks the circuit if the current exceeds a safe level.</p><p><b>Connection in Circuit:</b> A fuse is always connected in <b>series</b> with the live wire of the circuit, before the appliance it is meant to protect.</p>"
                    },
                    "question_type": "Short Answer (3 marks)",
                    "difficulty_level": "medium",
                    "explanation_html": null
                  }
                ]
              },
              {
                "chapter_name": "Electricity",
                "questions": [
                  {
                    "question_no": 13,
                    "question_html": "<p>An electric motor rated 1100 W is connected to 220 V mains. Find :</p><p>(i) The current drawn from the mains,</p><p>(ii) Electric energy consumed if the motor is used for 5 hours daily for 6 days.</p><p>(iii) Total cost of energy consumed if the rate of one unit is ₹ 5.</p><p><b>OR</b></p><p>Study the following circuit and find :</p><p>(i) Effective resistance of the circuit</p><p>(ii) Current drawn from the battery</p><p>(iii) Potential difference across the 5 Ω resistor</p>",
                    "images": [
                      {
                        "url": "https://img.testbuddyai.com/Science-31-4-22-Q13(iii).png"
                      }
                    ],
                    "options": [],
                    "correct_answer": {
                      "text": "<p>Given: Power (P) = 1100 W, Voltage (V) = 220 V.</p><p><b>(i) Current drawn from the mains:</b></p><p>Using the formula P = V × I,</p><p>I = P / V = 1100 W / 220 V = <b>5 A</b>.</p><p><b>(ii) Electric energy consumed:</b></p><p>Energy (E) = Power (P) × Time (t)</p><p>Total time = 5 hours/day × 6 days = 30 hours.</p><p>E = 1100 W × 30 h = 33000 Wh = <b>33 kWh</b>.</p><p><b>(iii) Total cost of energy consumed:</b></p><p>Cost = Energy in kWh × Rate per unit</p><p>Cost = 33 kWh × ₹ 5/kWh = <b>₹ 165</b>.</p><p><b>OR</b></p><p><b>(i) Effective resistance of the circuit:</b></p><ol><li>Resistors R₃ (4 Ω) and R₄ (6 Ω) are in series. Their combined resistance Rₛ = 4 + 6 = 10 Ω.</li><li>This combination (Rₛ) is in parallel with R₂ (10 Ω). Their equivalent resistance Rₚ is: <br> 1/Rₚ = 1/10 + 1/10 = 2/10  =>  Rₚ = 5 Ω.</li><li>Now, R₁ (5 Ω), Rₚ (5 Ω), and R₅ (10 Ω) are in series.</li><li>The total effective resistance of the circuit R_eff = R₁ + Rₚ + R₅ = 5 + 5 + 10 = <b>20 Ω</b>.</li></ol><p><b>(ii) Current drawn from the battery:</b></p><p>Using Ohm's Law (V = IR):</p><p>I = V / R_eff = 20 V / 20 Ω = <b>1 A</b>.</p><p><b>(iii) Potential difference across the 5 Ω resistor (R₁):</b></p><p>The current flowing through R₁ is the total current, I = 1 A.</p><p>V₁ = I × R₁ = 1 A × 5 Ω = <b>5 V</b>.</p>"
                    },
                    "question_type": "Short Answer (3 marks)",
                    "difficulty_level": "hard",
                    "explanation_html": null
                  }
                ]
              },
              {
                "chapter_name": "Magnetic Effects of Electric Current",
                "questions": [
                  {
                    "question_no": 14,
                    "question_html": "<p>AB is a coil of copper wire having a large number of turns. The ends of the coil are connected with a galvanometer as shown. When the north pole of a strong bar magnet is moved towards the end B of the coil, a deflection is observed in the galvanometer.</p><p>(a) State the reason for using galvanometer in the activity and why does its needle deflects momentarily when magnet is moved towards the coil.</p><p>(b) What would be observed in the galvanometer in a situation when the coil and the bar magnet both move with the same speed in the same direction? Justify your answer.</p><p>(c) State the conclusion that can be drawn from this activity. Will there be any change in the momentary deflection in the galvanometer if number of turns in the coil is increased and a more stronger magnet is moved towards the coil ?</p><p><b>OR</b></p><p>What is electromagnetic induction ? What is observed in the galvanometer when a strong bar magnet is held stationary near one end of a coil of large number of turns ? Justify your answer.</p>",
                    "images": [
                      {
                        "url": "https://img.testbuddyai.com/Science-31-4-22-Q14.png"
                      }
                    ],
                    "options": [],
                    "correct_answer": {
                      "text": "<p><b>(a) Reason for using Galvanometer and Deflection:</b></p><ul><li>A galvanometer is used to detect the presence and direction of a current in a circuit.</li><li>The needle deflects momentarily because the relative motion between the magnet and the coil changes the magnetic field associated with the coil. This change in magnetic flux induces a momentary electric current in the coil, which is detected by the galvanometer.</li></ul><p><b>(b) Observation when moving together:</b></p><ul><li>There would be <b>no deflection</b> in the galvanometer.</li><li><b>Justification:</b> Since both the coil and the magnet are moving with the same speed in the same direction, there is no relative motion between them. As a result, the magnetic flux linked with the coil does not change, and no current is induced.</li></ul><p><b>(c) Conclusion and Effect of Changes:</b></p><ul><li><b>Conclusion:</b> The conclusion is that a current is induced in a coil whenever there is relative motion between the coil and a magnet (i.e., when the magnetic flux through the coil changes).</li><li><b>Effect of Changes:</b> Yes, there will be a change. If the number of turns in the coil is increased and a stronger magnet is used, the momentary deflection in the galvanometer will be larger because the magnitude of the induced current increases.</li></ul><p><b>OR</b></p><p><b>Electromagnetic Induction:</b> It is the phenomenon of producing an induced electric current in a conductor (like a coil) by changing the magnetic field associated with it. The relative motion between a magnet and a coil is one way to achieve this.</p><p><b>Observation:</b> When the magnet is held stationary, there will be <b>no deflection</b> in the galvanometer.</p><p><b>Justification:</b> An induced current is generated only when there is a change in the magnetic flux (the magnetic field lines passing through the coil). Since both the magnet and the coil are stationary relative to each other, the magnetic field associated with the coil is not changing. With no change in magnetic flux, no current is induced, and therefore the galvanometer shows no deflection.</p>"
                    },
                    "question_type": "Case-based Subjective",
                    "difficulty_level": "medium",
                    "explanation_html": null
                  }
                ]
              },
              {
                "chapter_name": "Heredity",
                "questions": [
                  {
                    "question_no": 15,
                    "question_html": "<p>Sex of an individual is determined by different factors in various species. In human beings, the sex of an individual is largely determined genetically.</p><p>(a) In what way are the sex chromosomes 'X' and 'Y' different in size ? Name the mismatched pair of sex chromosome in humans.</p><p>(b) Write the number of pair/pairs of sex chromosomes present in human beings. In which one of the parent (male / female) perfect pair / pairs of sex chromosomes are present?</p><p>(c) Citing two examples, justify the statement “Sex of an individual is not always determined genetically\".</p><p><b>OR</b></p><p>Draw a flow chart to show that sex is determined genetically in human beings.</p>",
                    "options": [],
                    "correct_answer": {
                      "text": "<p><b>(a) Size Difference and Mismatched Pair:</b></p><ul><li>The X chromosome is of normal size, while the Y chromosome is significantly shorter.</li><li>The mismatched pair of sex chromosomes in humans is the <b>XY</b> pair, found in males.</li></ul><p><b>(b) Number and Perfect Pair:</b></p><ul><li>Humans have <b>one pair</b> of sex chromosomes.</li><li>The <b>female</b> parent has the perfect pair of sex chromosomes (XX).</li></ul><p><b>(c) Justification with Examples:</b></p><p>The statement that sex is not always determined genetically can be justified by the following examples:</p><ol><li><b>Reptiles:</b> In some reptiles like turtles and crocodiles, the sex of the offspring is determined by the temperature at which the fertilized eggs are incubated. This is an environmental factor, not a genetic one.</li><li><b>Snails:</b> Some species of snails can change their sex during their lifetime, indicating that their sex is not fixed genetically from birth.</li></ol><p><b>OR</b></p><p><b>Flow Chart for Sex Determination in Humans:</b></p><p><b>Parents:</b></p><p>Male (XY) × Female (XX)</p><p>↓</p><p><b>Gametes:</b></p><p>From Male: Sperm (X) and Sperm (Y)</p><p>From Female: Egg (X) and Egg (X)</p><p>↓</p><p><b>Offspring (Zygote):</b></p><ul><li>If Sperm (X) fertilizes Egg (X) → Zygote (XX) → <b>Female Child</b></li><li>If Sperm (Y) fertilizes Egg (X) → Zygote (XY) → <b>Male Child</b></li></ul>"
                    },
                    "question_type": "Case-based Subjective",
                    "difficulty_level": "medium",
                    "explanation_html": null
                  }
                ]
              }
            ]
          }
        ]
      }
    ]
  }
]