[
  {
    "exam_name_actual": "CBSE Board - Class 10",
    "main_exam_id_name_ref": "CBSE Board - Class 10",
    "years": [
      {
        "year": "2022",
        "papers_or_subjects": [
          {
            "paper_name": "CBSE Class 10 Science Paper 2022 (QP Code: 31/3/1)",
            "subject_name": "Science",
            "chapters": [
              {
                "chapter_name": "Our Environment",
                "questions": [
                  {
                    "question_no": 1,
                    "question_html": "<p>(a) Kulhads (disposable cups made of clay) and disposable paper cups both are used as an alternative for disposable plastic cups. Which one of these two can be considered as a better alternative to plastic cups and why?</p><p><strong>OR</strong></p><p>(b) Human beings are most adversely affected by the Biological Magnification. State the reason. Why can ordinary washing of the edibles (fruits and vegetables) not reduce the effect of biological magnification ?</p>",
                    "options": [],
                    "correct_answer": {
                      "text": "<p><b>(a)</b> Disposable paper cups are a better alternative.</p><p><b>Reason:</b> Making kulhads on a large scale would result in the loss of fertile topsoil. On the other hand, disposable paper cups are biodegradable and can decompose easily without polluting the environment.</p><p><strong>OR</strong></p><p><b>(b) Reason:</b> Human beings occupy the top level in any food chain. Therefore, the maximum concentration of harmful chemicals gets accumulated in our bodies through the process of biological magnification.</p><p><b>Why washing is not effective:</b> Harmful chemicals or pesticides are absorbed from the soil by the plants along with water and minerals. These chemicals become a part of the plant tissue. Therefore, ordinary washing cannot remove these harmful chemicals from the edibles.</p>"
                    },
                    "question_type": "Very Short Answer (2 marks)",
                    "difficulty_level": "easy",
                    "explanation_html": null
                  }
                ]
              },
              {
                "chapter_name": "Carbon and its Compounds",
                "questions": [
                  {
                    "question_no": 2,
                    "question_html": "<p>Draw the electron dot structure of the following :</p><p>(a) Cyclohexane</p><p>(b) Butane</p>",
                    "options": [],
                    "correct_answer": {
                      "text": "<p><b>(a) Cyclohexane (C₆H₁₂):</b></p><p>The structure consists of a ring of six carbon atoms, each bonded to two other carbon atoms and two hydrogen atoms. Each carbon shares one pair of electrons with each of its two neighboring carbon atoms and one pair of electrons with each of its two hydrogen atoms. Each hydrogen shares one pair of electrons with a carbon atom.</p><p><b>(b) Butane (C₄H₁₀):</b></p><p>The structure consists of a chain of four carbon atoms. The two end carbons are each bonded to three hydrogen atoms, and the two middle carbons are each bonded to two hydrogen atoms. All bonds are single covalent bonds.</p>"
                    },
                    "question_type": "Very Short Answer (2 marks)",
                    "difficulty_level": "medium",
                    "explanation_html": null
                  }
                ]
              },
              {
                "chapter_name": "Periodic Classification of Elements",
                "questions": [
                  {
                    "question_no": 3,
                    "question_html": "<p>State the criteria used by Mendeleev for creating his Periodic Table. Compare the position of isotopes of elements in the Mendeleev's Periodic Table and in the Modern Periodic Table.</p>",
                    "options": [],
                    "correct_answer": {
                      "text": "<p><b>Criteria used by Mendeleev:</b> Mendeleev used the atomic mass of elements as the fundamental property to classify them. He arranged the elements in order of increasing atomic mass and also considered the similarity in chemical properties (especially the formulae of their hydrides and oxides).</p><p><b>Position of Isotopes:</b></p><ul><li><b>Mendeleev's Periodic Table:</b> Since it was based on atomic mass, isotopes (which have different atomic masses but the same chemical properties) could not be given a proper position. They would have to be placed in different slots, which would disrupt the periodic arrangement.</li><li><b>Modern Periodic Table:</b> Since it is based on atomic number, all isotopes of an element have the same atomic number and are placed in the same position in the table. This resolves the anomaly present in Mendeleleev's table.</li></ul>"
                    },
                    "question_type": "Very Short Answer (2 marks)",
                    "difficulty_level": "medium",
                    "explanation_html": null
                  }
                ]
              },
              {
                "chapter_name": "Electricity",
                "questions": [
                  {
                    "question_no": 4,
                    "question_html": "<p>(a) An electric heater rated 1100 W operates at 220 V. Calculate (i) its resistance, and (ii) the current drawn by it.</p><p><strong>OR</strong></p><p>(b) Calculate the equivalent resistance of the following electric circuit :</p>",
                    "images": [
                      {
                        "url": "https://img.testbuddyai.com/Science-31-3-22-Q4b.png"
                      }
                    ],
                    "options": [],
                    "correct_answer": {
                      "text": "<p><b>(a)</b> Given: Power (P) = 1100 W, Potential difference (V) = 220 V</p><p><b>(i) Resistance (R):</b></p><p>We use the formula P = V²/R</p><p>R = V² / P</p><p>R = (220 V)² / 1100 W</p><p>R = (220 × 220) / 1100 Ω</p><p>R = 48400 / 1100 Ω</p><p>R = 44 Ω</p><p><b>(ii) Current (I):</b></p><p>We use the formula P = V × I</p><p>I = P / V</p><p>I = 1100 W / 220 V</p><p>I = 5 A</p><p><strong>OR</strong></p><p><b>(b)</b> In the given circuit, there are two parallel branches.</p><p><b>Resistance of the top branch (R_top)</b> = 20 Ω</p><p><b>Resistance of the bottom branch (R_bottom):</b> The resistors are in series.</p><p>R_bottom = 10 Ω + 10 Ω + 10 Ω + 20 Ω = 50 Ω</p><p><b>Equivalent Resistance (Req):</b></p><p>1/Req = 1/R_top + 1/R_bottom</p><p>1/Req = 1/20 + 1/50</p><p>1/Req = (5 + 2) / 100 = 7/100</p><p>Req = 100/7 Ω ≈ 14.29 Ω</p>"
                    },
                    "question_type": "Very Short Answer (2 marks)",
                    "difficulty_level": "medium",
                    "explanation_html": null
                  }
                ]
              },
              {
                "chapter_name": "How do Organisms Reproduce?",
                "questions": [
                  {
                    "question_no": 5,
                    "question_html": "<p>Suggest any two contraceptive methods to control the size of human population and explain them.</p>",
                    "options": [],
                    "correct_answer": {
                      "text": "<p>Two contraceptive methods are:</p><ol><li><b>Barrier Method:</b> This method involves the use of physical devices like condoms or diaphragms. They prevent pregnancy by forming a barrier that stops the sperm from meeting the egg (ova).</li><li><b>Surgical Method:</b> In males, the vas deferens is blocked to prevent sperm transfer (vasectomy). In females, the fallopian tube is blocked to prevent the egg from reaching the uterus (tubectomy). These methods provide long-term protection.</li></ol>"
                    },
                    "question_type": "Very Short Answer (2 marks)",
                    "difficulty_level": "easy",
                    "explanation_html": null
                  }
                ]
              },
              {
                "chapter_name": "Heredity",
                "questions": [
                  {
                    "question_no": 6,
                    "question_html": "<p>(a) Mendel crossed two pea plants with visible contrasting characteristics and found that there were no half-way characteristics in the plants of F₁ progeny. Explain the reason for this observation of Mendel.</p><p><strong>OR</strong></p><p>(b) Justify the statement “Sex of the children will be determined by what they inherit from their father”.</p>",
                    "options": [],
                    "correct_answer": {
                      "text": "<p><b>(a)</b> The reason for this observation is the <b>Law of Dominance</b>.</p><p>When Mendel crossed pea plants with a pair of contrasting traits (e.g., tall and dwarf), the F₁ progeny expressed only one of the parental traits. There were no intermediate or 'half-way' characteristics because one trait was dominant over the other. The trait that is expressed in the F₁ generation is called the dominant trait, while the trait that is not expressed is called the recessive trait. The recessive trait only appears if both alleles for that trait are present (as seen in the F₂ generation).</p><p><strong>OR</strong></p><p><b>(b)</b> The sex of a child is determined by the sex chromosomes. Human females have two X chromosomes (XX) and produce eggs that all contain one X chromosome. Human males have one X and one Y chromosome (XY) and produce two types of sperm in equal proportions: half with an X chromosome and half with a Y chromosome. </p><p>If a sperm carrying an X chromosome fertilizes the egg, the child will have XX chromosomes and will be a girl. If a sperm carrying a Y chromosome fertilizes the egg, the child will have XY chromosomes and will be a boy. Since the mother can only contribute an X chromosome, it is the chromosome inherited from the father (either X or Y) that determines the sex of the child.</p>"
                    },
                    "question_type": "Very Short Answer (2 marks)",
                    "difficulty_level": "medium",
                    "explanation_html": null
                  }
                ]
              },
              {
                "chapter_name": "How do Organisms Reproduce?",
                "questions": [
                  {
                    "question_no": 7,
                    "question_html": "<p>Name the part/organ of the human female reproductive system</p><p>(a) where contraceptive devices such as loop or copper-T are placed to prevent pregnancy.</p><p>(b) which is blocked to prevent the transfer of eggs.</p><p>(c) where formation of ova takes place.</p><p>(d) from where the embryo gets nutrition from the mother's blood.</p>",
                    "options": [],
                    "correct_answer": {
                      "text": "<p>(a) Uterus</p><p>(b) Fallopian tube (or oviduct)</p><p>(c) Ovary</p><p>(d) Placenta</p>"
                    },
                    "question_type": "Very Short Answer (2 marks)",
                    "difficulty_level": "easy",
                    "explanation_html": null
                  }
                ]
              },
              {
                "chapter_name": "Our Environment",
                "questions": [
                  {
                    "question_no": 8,
                    "question_html": "<p>What are human-made ecosystems ? Give an example. Can a human-made ecosystem become a self-sustaining ecosystem ? Give reason to justify your answer.</p>",
                    "options": [],
                    "correct_answer": {
                      "text": "<p><b>Human-made ecosystems:</b> These are artificial ecosystems that are created and maintained by human beings. They do not operate naturally.</p><p><b>Example:</b> An aquarium, a crop field, or a garden.</p><p><b>Self-sustainability:</b> No, a human-made ecosystem cannot become a self-sustaining ecosystem.</p><p><b>Reason:</b> A natural ecosystem is self-sustaining because it contains producers, consumers, and decomposers, which allow for the natural cycling of nutrients. A human-made ecosystem like an aquarium lacks decomposers. Therefore, waste products accumulate and nutrients are not naturally replenished. It requires regular cleaning and external input (like food) from humans to be maintained.</p>"
                    },
                    "question_type": "Short Answer (3 marks)",
                    "difficulty_level": "easy",
                    "explanation_html": null
                  }
                ]
              },
              {
                "chapter_name": "Carbon and its Compounds",
                "questions": [
                  {
                    "question_no": 9,
                    "question_html": "<p>(a) State the reason why</p><p>(i) carbon compounds have low melting and boiling points.</p><p>(ii) carbon compounds do not conduct electricity.</p><p>(iii) carbon can form only covalent compounds.</p><p><strong>OR</strong></p><p>(b) What is a homologous series ? Find the difference in molecular mass between the two consecutive members of a homologous series. State how in a homologous series of carbon compounds the following properties vary with increase in molecular mass :</p><p>(i) Melting and boiling points</p><p>(ii) Chemical properties</p>",
                    "options": [],
                    "correct_answer": {
                      "text": "<p><b>(a) (i) Low melting and boiling points:</b> Carbon compounds are covalently bonded, and the intermolecular forces of attraction between their molecules are very weak. Less energy is required to overcome these forces, resulting in low melting and boiling points.</p><p><b>(a) (ii) Do not conduct electricity:</b> Covalent compounds are formed by the sharing of electrons, not the transfer of electrons. Therefore, they do not form charged particles (ions). The absence of free ions means they cannot conduct electricity.</p><p><b>(a) (iii) Form only covalent compounds:</b> Carbon has four valence electrons. To achieve a stable noble gas configuration, it would need to lose four electrons (requiring a huge amount of energy) or gain four electrons (which would be difficult for the nucleus to hold). Therefore, carbon shares its four valence electrons with other atoms to form stable covalent bonds.</p><p><strong>OR</strong></p><p><b>(b) Homologous Series:</b> A homologous series is a series of organic compounds which have the same functional group and similar chemical properties, and in which the successive members differ by a –CH₂ group.</p><p><b>Difference in molecular mass:</b> The difference in molecular mass between two consecutive members is 14 u (atomic mass of C is 12 u, and H is 1 u, so CH₂ = 12 + 2*1 = 14 u).</p><p><b>Variation of properties:</b></p><p><b>(i) Melting and boiling points:</b> As the molecular mass increases in a homologous series, the melting and boiling points also increase. This is because the intermolecular forces of attraction (van der Waals forces) increase with the size of the molecule.</p><p><b>(ii) Chemical properties:</b> The chemical properties of the members of a homologous series are largely similar because they are determined by the same functional group.</p>"
                    },
                    "question_type": "Short Answer (3 marks)",
                    "difficulty_level": "medium",
                    "explanation_html": null
                  }
                ]
              },
              {
                "chapter_name": "Periodic Classification of Elements",
                "questions": [
                  {
                    "question_no": 10,
                    "question_html": "<p>In the following table, some elements have been arranged in a certain pattern:</p><table><tbody><tr><td>sa (do)</td><td>re (re)</td><td>ga (mi)</td><td>ma (fa)</td><td>pa (so)</td><td>da (la)</td><td>ni (ti)</td></tr><tr><td>H</td><td>Li</td><td>Be</td><td>B</td><td>C</td><td>N</td><td>O</td></tr><tr><td>F</td><td>Na</td><td>Mg</td><td>Al</td><td>Si</td><td>P</td><td>S</td></tr><tr><td>Cl</td><td>K</td><td>Ca</td><td>Cr</td><td>Ti</td><td>Mn</td><td>Fe</td></tr></tbody></table><p>Identify the periodic law with which the given table is associated. List two important features and two anomalies of the above periodic law.</p>",
                    "options": [],
                    "correct_answer": {
                      "text": "<p><b>Periodic Law:</b> The table is associated with <b>Newland's Law of Octaves</b>.</p><p><b>Two Important Features:</b></p><ol><li>The elements were arranged in the order of their increasing atomic mass.</li><li>It stated that every eighth element has properties similar to the first element, just like the eighth note in an octave of music.</li></ol><p><b>Two Anomalies:</b></p><ol><li>This law was found to be applicable only up to Calcium. For elements with higher atomic masses, the properties did not repeat every eighth element.</li><li>Newland assumed that only 56 elements existed in nature and no more elements would be discovered. Also, some unlike elements were put in the same slot to fit the pattern (e.g., Co and Ni were placed with halogens).</li></ol>"
                    },
                    "question_type": "Short Answer (3 marks)",
                    "difficulty_level": "medium",
                    "explanation_html": null
                  }
                ]
              },
              {
                "chapter_name": "Magnetic Effects of Electric Current",
                "questions": [
                  {
                    "question_no": 11,
                    "question_html": "<p>What is a Solenoid ? Draw the pattern of the magnetic field lines around a current carrying solenoid. Mark on the pattern the region where the magnetic field is uniform.</p>",
                    "options": [],
                    "correct_answer": {
                      "text": "<p><b>Solenoid:</b> A solenoid is a coil of many circular turns of insulated copper wire wrapped closely in the shape of a cylinder.</p><p><b>Pattern of Magnetic Field Lines:</b></p><p>The magnetic field lines around a current-carrying solenoid resemble those of a bar magnet.</p><ul><li>Inside the solenoid, the field lines are nearly parallel and straight, indicating the magnetic field is strong and uniform.</li><li>Outside the solenoid, the field lines emerge from one end (acting as the North pole) and enter the other end (acting as the South pole), forming closed loops.</li></ul><p><b>Uniform Magnetic Field Region:</b> The magnetic field is uniform <b>inside the solenoid</b>. This region should be marked on the drawing where the field lines are parallel and equally spaced.</p>"
                    },
                    "question_type": "Short Answer (3 marks)",
                    "difficulty_level": "medium",
                    "explanation_html": null
                  }
                ]
              },
              {
                "chapter_name": "Magnetic Effects of Electric Current",
                "questions": [
                  {
                    "question_no": 12,
                    "question_html": "<p>(a) In the diagram given below, Coil – 1 is connected in series with a battery and a plug key while Coil – 2 is connected with a galvanometer.</p><p>(i) Why does the galvanometer show deflection only when the key (K) is plugged in and not when a steady current starts flowing in the circuit ?</p><p>(ii) What is observed in the galvanometer, when the key is plugged out?</p><p>(iii) State the conclusion based on the observation of this activity.</p><p><strong>OR</strong></p><p>(b) In the figure given below, a simple electric motor is shown :</p><p>As shown in the figure, the current in the coil ABCD flows from A to B in the arm AB and C to D in the arm CD.</p><p>(i) State the directions in which the arms AB and CD will experience a force.</p><p>(ii) Identify the part of the electric motor that reverses the flow of current in the coil ABCD and write its name.</p><p>(iii) After the reversal of flow of current in the coil ABCD, state the directions in which the arms AB and CD will experience a force.</p><p>(iv) Name the rule which is applied to determine the direction of force on a current carrying conductor placed in a magnetic field.</p>",
                    "images": [
                      {
                        "url": "https://img.testbuddyai.com/Science-31-3-22-Q12a.png"
                      },
                      {
                        "url": "https://img.testbuddyai.com/Science-31-3-22-Q12b.png"
                      }
                    ],
                    "options": [],
                    "correct_answer": {
                      "text": "<p><b>(a)</b> This activity demonstrates the principle of electromagnetic induction.</p><p><b>(i) Reason for deflection only at the start:</b> When the key is plugged in, the current in Coil-1 grows from zero to a maximum value. This change in current creates a changing magnetic field around Coil-1. This changing magnetic field induces a current in the nearby Coil-2, causing the galvanometer to show a momentary deflection. Once the current in Coil-1 becomes steady, the magnetic field it produces is also steady (not changing), so no current is induced in Coil-2, and the galvanometer deflection returns to zero.</p><p><b>(ii) Observation when key is plugged out:</b> When the key is plugged out, the current in Coil-1 drops from its steady value to zero. This again causes a change in the magnetic field, which induces a current in Coil-2. The galvanometer will show a momentary deflection, but in the <b>opposite direction</b> to when the key was plugged in.</p><p><b>(iii) Conclusion:</b> An induced current is produced in a coil only when there is a change in the magnetic field associated with it.</p><p><strong>OR</strong></p><p><b>(b)</b></p><p><b>(i) Direction of force:</b> Applying Fleming's Left-Hand Rule, the force on arm AB will be in the <b>downward</b> direction, and the force on arm CD will be in the <b>upward</b> direction.</p><p><b>(ii) Part that reverses current:</b> The split-ring commutator (parts P and Q).</p><p><b>(iii) Force after reversal:</b> After the current reverses, the force on arm AB will be in the <b>upward</b> direction, and the force on arm CD will be in the <b>downward</b> direction.</p><p><b>(iv) Rule:</b> Fleming's Left-Hand Rule.</p>"
                    },
                    "question_type": "Short Answer (3 marks)",
                    "difficulty_level": "hard",
                    "explanation_html": null
                  }
                ]
              },
              {
                "chapter_name": "Heredity",
                "questions": [
                  {
                    "question_no": 13,
                    "question_html": "<p>How do Mendel's experiments show that the traits are inherited independently? Explain.</p>",
                    "options": [],
                    "correct_answer": {
                      "text": "<p>Mendel's experiments show that traits are inherited independently through his <b>dihybrid cross</b>, which led to the <b>Law of Independent Assortment</b>.</p><p><b>Explanation:</b></p><ol><li>Mendel crossed two pea plants with two pairs of contrasting traits, for example, a plant with round and yellow seeds (both dominant) with a plant with wrinkled and green seeds (both recessive).</li><li>In the F₁ generation, all plants produced had round and yellow seeds, as these traits are dominant.</li><li>When these F₁ plants were self-pollinated to produce the F₂ generation, he observed not only the parental combinations (round-yellow and wrinkled-green) but also new combinations (round-green and wrinkled-yellow).</li><li>The traits appeared in a phenotypic ratio of approximately 9 (round, yellow) : 3 (round, green) : 3 (wrinkled, yellow) : 1 (wrinkled, green).</li></ol><p>The appearance of new combinations of traits showed that the inheritance of seed shape (round/wrinkled) was independent of the inheritance of seed color (yellow/green). The alleles for each trait segregated independently during gamete formation.</p>"
                    },
                    "question_type": "Short Answer (3 marks)",
                    "difficulty_level": "medium",
                    "explanation_html": null
                  }
                ]
              },
              {
                "chapter_name": "Electricity",
                "questions": [
                  {
                    "question_no": 14,
                    "question_html": "<p>Study the following electric circuit in which the resistors are arranged in three arms A, B and C :</p><p>(a) Find the equivalent resistance of arm A.</p><p>(b) Calculate the equivalent resistance of the parallel combination of the arms B and C.</p><p>(c) (i) Determine the current that flows through the ammeter.</p><p><strong>OR</strong></p><p>(ii) Determine the current that flows in the ammeter when the arm B is withdrawn from the circuit.</p>",
                    "images": [
                      {
                        "url": "https://img.testbuddyai.com/Science-31-3-22-Q14.png"
                      }
                    ],
                    "options": [],
                    "correct_answer": {
                      "text": "<p><b>(a) Equivalent resistance of arm A (Rₐ):</b></p><p>The resistors in arm A are in series.</p><p>Rₐ = 5 Ω + 15 Ω + 20 Ω = 40 Ω</p><p><b>(b) Equivalent resistance of parallel combination of B and C:</b></p><p>First, find the resistance of arm B (Rₑ) and arm C (R꜀), which have resistors in series.</p><p>Rₑ = 5 Ω + 10 Ω + 15 Ω = 30 Ω</p><p>R꜀ = 10 Ω + 20 Ω + 30 Ω = 60 Ω</p><p>Now, find the equivalent resistance (Rₑ꜀) of the parallel combination of B and C.</p><p>1/Rₑ꜀ = 1/Rₑ + 1/R꜀ = 1/30 + 1/60</p><p>1/Rₑ꜀ = (2 + 1) / 60 = 3/60 = 1/20</p><p>Rₑ꜀ = 20 Ω</p><p><b>(c) (i) Current through the ammeter (I):</b></p><p>The total equivalent resistance of the circuit (R_total) is the sum of the resistance of arm A and the parallel combination of B and C, as they are in series with each other.</p><p>R_total = Rₐ + Rₑ꜀ = 40 Ω + 20 Ω = 60 Ω</p><p>Using Ohm's Law (V = IR):</p><p>I = V / R_total</p><p>I = 6 V / 60 Ω</p><p>I = 0.1 A</p><p><strong>OR</strong></p><p><b>(c) (ii) Current when arm B is withdrawn:</b></p><p>If arm B is withdrawn, the circuit consists of arm A and arm C in series.</p><p>Total Resistance (R'_total) = Rₐ + R꜀</p><p>R'_total = 40 Ω + 60 Ω = 100 Ω</p><p>Using Ohm's Law (V = IR):</p><p>I' = V / R'_total</p><p>I' = 6 V / 100 Ω</p><p>I' = 0.06 A</p>"
                    },
                    "question_type": "Case-based Subjective",
                    "difficulty_level": "hard",
                    "explanation_html": null
                  }
                ]
              },
              {
                "chapter_name": "How do Organisms Reproduce?",
                "questions": [
                  {
                    "question_no": 15,
                    "question_html": "<p>The modes by which various organisms reproduce depend on the body design of the organisms. In asexual reproduction, a single individual parent produces offsprings without the involvement of gametes.</p><p>(a) State the name of the organism in which binary fission takes place in a definite orientation. Also name the disease caused by this organism.</p><p>(b) List any two advantages of producing plants through vegetative propagation.</p><p>(c) (i) Explain the process of budding in Hydra.</p><p><strong>OR</strong></p><p>(ii) What happens when</p><p>(I) a spirogyra filament matures and attains a considerable length, and</p><p>(II) a sporangia in Rhizopus bursts on maturation ?</p>",
                    "options": [],
                    "correct_answer": {
                      "text": "<p><b>(a) Organism and Disease:</b></p><ul><li><b>Organism:</b> <i>Leishmania</i></li><li><b>Disease:</b> Kala-azar (Leishmaniasis)</li></ul><p><b>(b) Advantages of Vegetative Propagation:</b></p><ol><li>Plants produced by vegetative propagation can bear flowers and fruits much earlier than those grown from seeds.</li><li>The offspring produced are genetically identical to the parent plant, thus preserving desirable traits.</li></ol><p><b>(c) (i) Budding in Hydra:</b></p><p>In Hydra, a bud develops as an outgrowth on the parent body due to repeated cell division at a specific site. This bud then grows into a tiny individual while still attached to the parent. When it is fully mature and capable of independent existence, it detaches from the parent body and becomes a new, independent organism.</p><p><strong>OR</strong></p><p><b>(c) (ii)</b></p><p><b>(I) Spirogyra:</b> When a Spirogyra filament matures, it breaks up into two or more smaller pieces or fragments. Each of these fragments then grows into a new, fully-grown individual. This process is called fragmentation.</p><p><b>(II) Rhizopus:</b> When a sporangia in Rhizopus bursts, it releases a large number of tiny, light spores into the air. When these spores land on a suitable moist surface (like bread), they germinate and grow into new Rhizopus individuals.</p>"
                    },
                    "question_type": "Case-based Subjective",
                    "difficulty_level": "medium",
                    "explanation_html": null
                  }
                ]
              }
            ]
          }
        ]
      }
    ]
  }
]