[
  {
    "exam_name_actual": "CBSE Board - Class 10",
    "main_exam_id_name_ref": "CBSE Board - Class 10",
    "years": [
      {
        "year": "2022",
        "papers_or_subjects": [
          {
            "paper_name": "CBSE Class 10 Science Paper 2022 (QP Code: 31/2/1)",
            "subject_name": "Science",
            "chapters": [
              {
                "chapter_name": "Our Environment",
                "questions": [
                  {
                    "question_no": 1,
                    "question_html": "<p>In the following food chain, only 2J of energy was available to the peacocks. How much energy would have been present in Grass ? Justify your answer.</p><p>GRASS → GRASS HOPPER → FROG → SNAKE → PEACOCK</p><p><b>OR</b></p><p>(a) What is meant by garbage ? List two classes into which garbage is classified.</p><p>(b) What do we actually mean when we say that the \"enzymes are specific in their action\"?</p>",
                    "options": [],
                    "correct_answer": {
                      "text": "<p>Energy in Grass would be 20,000 J.</p><p><strong>Justification:</strong> According to the 10% law of energy transfer, only 10% of the energy is transferred from one trophic level to the next higher trophic level. The rest is lost to the environment.</p><ul><li>Energy available to Peacock = 2 J</li><li>Energy available to Snake = 2 J / 10% = 20 J</li><li>Energy available to Frog = 20 J / 10% = 200 J</li><li>Energy available to Grasshopper = 200 J / 10% = 2000 J</li><li>Energy present in Grass = 2000 J / 10% = 20,000 J</li></ul><p><b>OR</b></p><p><b>(a) Garbage:</b> Garbage is the waste material generated from our day-to-day activities. It is classified into two main classes:</p><ul><li><b>Biodegradable waste:</b> Waste that can be broken down into simpler substances by microorganisms (e.g., vegetable peels, leftover food).</li><li><b>Non-biodegradable waste:</b> Waste that cannot be broken down by microorganisms and persists in the environment for a long time (e.g., plastics, glass).</li></ul><p><b>(b) Specificity of Enzymes:</b> The statement \"enzymes are specific in their action\" means that each enzyme is designed to act on a particular type of substance (substrate). A specific enzyme is needed for the breakdown of a particular substance, similar to how a specific key fits into a specific lock.</p>"
                    },
                    "question_type": "Very Short Answer (2 marks)",
                    "difficulty_level": "medium",
                    "explanation_html": null
                  }
                ]
              },
              {
                "chapter_name": "Magnetic Effects of Electric Current",
                "questions": [
                  {
                    "question_no": 2,
                    "question_html": "<p>(a) Name the poles P, Q, R and S of the magnets in the following figures 'a' and 'b':</p><p>(b) State the inference drawn about the direction of the magnetic field lines on the basis of these diagrams.</p><p><b>OR</b></p><p>When is the force experienced by a current carrying straight conductor placed in a uniform magnetic field.</p><p>(i) Maximum;</p><p>(ii) Minimum ?</p>",
                    "images": [
                      {
                        "url": "https://img.testbuddyai.com/Science-31-2-22-Q2a.png"
                      }
                    ],
                    "options": [],
                    "correct_answer": {
                      "text": "<p><b>(a) Naming the poles:</b></p><ul><li><b>Figure 'a':</b> P is North pole, Q is South pole.</li><li><b>Figure 'b':</b> R is North pole, S is South pole.</li></ul><p><b>(b) Inference:</b> The magnetic field lines emerge from the North pole and merge at the South pole outside the magnet, forming continuous closed loops.</p><p><b>OR</b></p><p><strong>(i) Maximum:</strong> The force is maximum when the direction of the current is perpendicular (at 90°) to the direction of the magnetic field.</p><p><strong>(ii) Minimum:</strong> The force is minimum (zero) when the direction of the current is parallel or anti-parallel (at 0° or 180°) to the direction of the magnetic field.</p>"
                    },
                    "question_type": "Very Short Answer (2 marks)",
                    "difficulty_level": "easy",
                    "explanation_html": null
                  }
                ]
              },
              {
                "chapter_name": "How do Organisms Reproduce?",
                "questions": [
                  {
                    "question_no": 3,
                    "question_html": "<p>Name the reproductive parts of an angiosperm. Where are these parts located? Explain the structure of its male reproductive part.</p><p><b>OR</b></p><p>What is puberty ? Mention any two changes that are common to both boys and girls in early teenage years.</p>",
                    "options": [],
                    "correct_answer": {
                      "text": "<p>The reproductive parts of an angiosperm are the <b>stamen</b> (male part) and the <b>pistil</b> or <b>carpel</b> (female part). These parts are located in the <b>flower</b>.</p><p>The male reproductive part, the stamen, consists of two main parts:</p><ul><li><b>Anther:</b> A bilobed structure that produces and contains pollen grains.</li><li><b>Filament:</b> A stalk-like structure that supports the anther.</li></ul><p><b>OR</b></p><p><strong>Puberty:</strong> The period during adolescence when the rate of general body growth slows down and the reproductive tissues begin to mature, leading to sexual maturity.</p><p><strong>Two common changes:</strong></p><ol><li>Growth of thick hair in new parts of the body such as armpits and the genital area.</li><li>The skin frequently becomes oily and might lead to the development of pimples.</li></ol>"
                    },
                    "question_type": "Very Short Answer (2 marks)",
                    "difficulty_level": "easy",
                    "explanation_html": null
                  }
                ]
              },
              {
                "chapter_name": "How do Organisms Reproduce?",
                "questions": [
                  {
                    "question_no": 4,
                    "question_html": "<p>(a) Name the reproductive and non-reproductive parts of bread mould (Rhizopus).</p><p>(b) List any two advantages of vegetative propagation.</p>",
                    "options": [],
                    "correct_answer": {
                      "text": "<p><strong>(a)</strong></p><ul><li><strong>Reproductive part:</strong> Sporangia (which contain spores).</li><li><strong>Non-reproductive part:</strong> Hyphae.</li></ul><p><strong>(b) Two advantages of vegetative propagation:</strong></p><ol><li>Plants raised by this method can bear flowers and fruits much earlier than those produced from seeds.</li><li>It allows for the propagation of plants, like bananas or seedless grapes, that have lost the capacity to produce viable seeds.</li></ol>"
                    },
                    "question_type": "Very Short Answer (2 marks)",
                    "difficulty_level": "medium",
                    "explanation_html": null
                  }
                ]
              },
              {
                "chapter_name": "How do Organisms Reproduce?",
                "questions": [
                  {
                    "question_no": 5,
                    "question_html": "<p>In the following figure showing a germinating gram seed, name the parts labelled as A, B and C :</p><p>Why is part ‘B' considered to be important during germination ?</p>",
                    "images": [
                      {
                        "url": "https://img.testbuddyai.com/Science-31-2-22-Q5.png"
                      }
                    ],
                    "options": [],
                    "correct_answer": {
                      "text": "<ul><li><strong>A:</strong> Plumule (future shoot)</li><li><strong>B:</strong> Cotyledon</li><li><strong>C:</strong> Radicle (future root)</li></ul><p>Part ‘B’ (Cotyledon) is important because it stores food for the embryo, providing nourishment during the initial stages of germination until the seedling develops leaves and can perform photosynthesis.</p>"
                    },
                    "question_type": "Very Short Answer (2 marks)",
                    "difficulty_level": "easy",
                    "explanation_html": null
                  }
                ]
              },
              {
                "chapter_name": "Metals and Non-metals",
                "questions": [
                  {
                    "question_no": 6,
                    "question_html": "<p>A part of modern periodic table is given below. On its basis, answer the following questions :</p><table><tbody><tr><td>Group No. →</td><td>1</td><td>2</td><td>13</td><td>14</td><td>15</td><td>16</td><td>17</td><td>18</td></tr><tr><td>Period ↓</td><td></td><td></td><td></td><td></td><td></td><td></td><td></td><td></td></tr><tr><td>2</td><td></td><td></td><td>A</td><td></td><td></td><td></td><td>B</td><td></td></tr><tr><td>3</td><td></td><td>E</td><td></td><td>D</td><td></td><td>F</td><td></td><td>C</td></tr></tbody></table><p>(a) Write the molecular formula of the compound formed by the combination :</p><p>(i) A and F</p><p>(ii) E and B</p><p>(b) Which of the element is a</p><p>(i) Noble gas</p><p>(ii) Metalloid</p>",
                    "options": [],
                    "correct_answer": {
                      "text": "<p><strong>(a) Molecular Formulae:</strong></p><ul><li>(i) Element A is in Group 13, so it has a valency of +3. Element F is in Group 16, so it has a valency of -2. The formula is <strong>A₂F₃</strong>.</li><li>(ii) Element E is in Group 2, so it has a valency of +2. Element B is in Group 17, so it has a valency of -1. The formula is <strong>EB₂</strong>.</li></ul><p><strong>(b) Element Identification:</strong></p><ul><li><strong>(i) Noble gas:</strong> Element C, as it is in Group 18.</li><li><strong>(ii) Metalloid:</strong> Element D, as it is in Period 3 and Group 14 (which is Silicon).</li></ul>"
                    },
                    "question_type": "Very Short Answer (2 marks)",
                    "difficulty_level": "medium",
                    "explanation_html": null
                  }
                ]
              },
              {
                "chapter_name": "Carbon and its Compounds",
                "questions": [
                  {
                    "question_no": 7,
                    "question_html": "<p>Write the chemical formula of two consecutive homologous of organic compounds having functional group –OH. What happens to the (i) boiling point and (ii) solubility of organic compounds of a homologous series as the molecular mass increases.</p>",
                    "options": [],
                    "correct_answer": {
                      "text": "<p>Two consecutive homologues with the functional group -OH are <strong>Methanol (CH₃OH)</strong> and <strong>Ethanol (C₂H₅OH)</strong>.</p><p>As the molecular mass increases in a homologous series:</p><p><strong>(i) Boiling point:</strong> It increases. This is because as the molecular size increases, the magnitude of intermolecular van der Waals forces of attraction increases, requiring more energy to overcome.</p><p><strong>(ii) Solubility:</strong> The solubility in a polar solvent like water generally decreases. This is because the non-polar hydrocarbon part of the molecule increases in size, which hinders the formation of hydrogen bonds with water.</p>"
                    },
                    "question_type": "Very Short Answer (2 marks)",
                    "difficulty_level": "medium",
                    "explanation_html": null
                  }
                ]
              },
              {
                "chapter_name": "Our Environment",
                "questions": [
                  {
                    "question_no": 8,
                    "question_html": "<p>(a) We do not clean ponds or lakes, but an aquarium needs to be cleaned regularly. Why ?</p><p>(b) Why is ozone layer getting depleted at the higher levels of the atmosphere? Mention one harmful effect caused by its depletion.</p>",
                    "options": [],
                    "correct_answer": {
                      "text": "<p><strong>(a)</strong> A pond or lake is a natural, self-sustaining ecosystem. It contains decomposers (like bacteria and fungi) that break down the waste produced by organisms, thus naturally cleaning the water. An aquarium is an artificial and incomplete ecosystem that usually lacks a sufficient number of decomposers. Therefore, toxic waste products accumulate and need to be removed regularly through cleaning.</p><p><strong>(b)</strong> The ozone layer is being depleted primarily due to the release of synthetic chemicals, most notably chlorofluorocarbons (CFCs), into the atmosphere. These chemicals rise to the stratosphere, where UV radiation breaks them down, releasing chlorine atoms which catalytically destroy ozone molecules.</p><p><strong>Harmful effect:</strong> The depletion of the ozone layer allows more harmful ultraviolet (UV-B) radiation from the sun to reach the Earth's surface, which can cause an increased incidence of skin cancer, cataracts, and damage to the immune system in humans, as well as harm to other life forms.</p>"
                    },
                    "question_type": "Short Answer (3 marks)",
                    "difficulty_level": "easy",
                    "explanation_html": null
                  }
                ]
              },
              {
                "chapter_name": "Electricity",
                "questions": [
                  {
                    "question_no": 9,
                    "question_html": "<p>(a) List the factors on which the resistance of a uniform cylindrical conductor of a given material depends.</p><p>(b) The resistance of a wire of 0.01 cm radius is 10 Ω. If the resistivity of the wire is 50 × 10⁻⁸ Ωm, find the length of this wire.</p><p><b>OR</b></p><p>(a) What is the meaning of electric power of an electrical device ? Write its SI unit.</p><p>(b) An electric kettle of 2kW is used for 2h. Calculate the energy consumed in</p><p>(i) kilowatt hour and</p><p>(ii) joules.</p>",
                    "options": [],
                    "correct_answer": {
                      "text": "<p><b>(a) Factors affecting resistance:</b> The resistance of a conductor depends on the following factors:</p><ul><li><b>Length of the conductor (l):</b> Resistance is directly proportional to the length.</li><li><b>Area of cross-section (A):</b> Resistance is inversely proportional to the area of cross-section.</li><li><b>Nature of the material (Resistivity, ρ):</b> Different materials have different resistances.</li><li><b>Temperature:</b> For most conductors, resistance increases with an increase in temperature.</li></ul><p><b>(b) Calculation of length:</b></p><p>Given: Radius (r) = 0.01 cm = 0.01 × 10⁻² m, Resistance (R) = 10 Ω, Resistivity (ρ) = 50 × 10⁻⁸ Ωm.</p><p>Area of cross-section (A) = πr² = (22/7) × (0.01 × 10⁻²)² m²</p><p>Using the formula R = ρ(l/A), we get l = RA/ρ.</p><p>l = (10 × (22/7) × (10⁻⁴)²) / (50 × 10⁻⁸)</p><p>l = (10 × (22/7) × 10⁻⁸) / (50 × 10⁻⁸)</p><p>l = 220 / 350 = 22/35 ≈ <b>0.628 m</b></p><p><b>OR</b></p><p><strong>(a) Electric Power:</strong> It is the rate at which electric energy is consumed or dissipated in an electric circuit.</p><p><strong>SI unit:</strong> The SI unit of electric power is the <strong>watt (W)</strong>.</p><p><strong>(b) Calculation of Energy Consumed:</strong></p><p>Given: Power (P) = 2 kW, Time (t) = 2 h</p><p><strong>(i) Energy in kWh:</strong></p><p>Energy = Power × Time = 2 kW × 2 h = <strong>4 kWh</strong></p><p><strong>(ii) Energy in joules:</strong></p><p>Since 1 kWh = 3.6 × 10⁶ J</p><p>Energy = 4 × 3.6 × 10⁶ J = <strong>14.4 × 10⁶ J</strong> or 1.44 × 10⁷ J</p>"
                    },
                    "question_type": "Short Answer (3 marks)",
                    "difficulty_level": "easy",
                    "explanation_html": null
                  }
                ]
              },
              {
                "chapter_name": "Electricity",
                "questions": [
                  {
                    "question_no": 10,
                    "question_html": "<p>In the given circuit determine the value of :</p><p>(i) total resistance of the circuit</p><p>(ii) current flowing through the ammeter.</p>",
                    "images": [
                      {
                        "url": "https://img.testbuddyai.com/Science-31-2-22-Q10(ii).png"
                      }
                    ],
                    "options": [],
                    "correct_answer": {
                      "text": "<p><strong>(i) Total resistance of the circuit:</strong></p><ol><li>First, calculate the equivalent resistance of the series combination in the upper branch (R₁ and R₂).<br>R_series = 10 Ω + 50 Ω = 60 Ω</li><li>Now, this 60 Ω resistance is in parallel with the 30 Ω resistor (R₃). The total equivalent resistance (R_total) is given by:<br>1/R_total = 1/60 + 1/30 = (1 + 2)/60 = 3/60<br>R_total = 60/3 = 20 Ω<br>The total resistance of the circuit is <strong>20 Ω</strong>.</li></ol><p><strong>(ii) Current flowing through the ammeter:</strong></p><p>The ammeter measures the total current flowing from the battery. Using Ohm's law, V = I × R_total.</p><p>I = V / R_total</p><p>I = 6 V / 20 Ω = <strong>0.3 A</strong></p>"
                    },
                    "question_type": "Short Answer (3 marks)",
                    "difficulty_level": "medium",
                    "explanation_html": null
                  }
                ]
              },
              {
                "chapter_name": "Hredity",
                "questions": [
                  {
                    "question_no": 11,
                    "question_html": "<p>A green stemmed tomato plant denoted by (GG) is crossed with a tomato plant with purple stem denoted by (gg).</p><p>(i) What colour of the stem would you expect in their F1 progeny?</p><p>(ii) In what ratio would you find the green and purple coloured stem in plants of F2 progeny?</p><p>(iii) What conclusion can be drawn for the above observations ?</p>",
                    "options": [],
                    "correct_answer": {
                      "text": "<p><strong>(i) F1 Progeny:</strong> All plants in the F1 progeny would have a <strong>Green</strong> stem. Their genotype would be Gg, and since green (G) is the dominant trait, it will be expressed.</p><p><strong>(ii) F2 Progeny Ratio:</strong> Upon self-pollination of the F1 generation (Gg × Gg), the ratio of green-stemmed plants to purple-stemmed plants in the F2 generation would be <strong>3 (Green) : 1 (Purple)</strong>.</p><p><strong>(iii) Conclusion:</strong> The observations lead to the conclusion of Mendel's <strong>Law of Dominance</strong>. It states that in a cross of parents with contrasting traits, only one form of the trait (the dominant one) will appear in the next generation. The green stem color is dominant over the purple stem color.</p>"
                    },
                    "question_type": "Short Answer (3 marks)",
                    "difficulty_level": "medium",
                    "explanation_html": null
                  }
                ]
              },
              {
                "chapter_name": "Carbon and its Compounds",
                "questions": [
                  {
                    "question_no": 12,
                    "question_html": "<p>Consider the following organic compounds :</p><p>(i) Propanal (CH₃CH₂CHO)</p><p>(ii) Ethanal (CH₃CHO)</p><p>(a) Name the functional group present in their compounds.</p><p>(b) Write the general formula for the compounds of this functional group.</p><p>(c) State the relationship between these compounds and draw the structure of any other compound having similar functional group.</p><p><b>OR</b></p><p>(a) Draw the electron dot structure for ethyne.</p><p>(b) List two differences between the properties exhibited by covalent compounds and ionic compounds.</p>",
                    "options": [],
                    "correct_answer": {
                      "text": "<p><b>(a) Functional Group:</b> The functional group present is <b>Aldehyde (-CHO)</b>.</p><p><b>(b) General Formula:</b> The general formula for aldehydes is <b>CₙH₂ₙ₊₁CHO</b> or R-CHO.</p><p><b>(c) Relationship and Structure:</b></p><ul><li>These compounds are <b>homologues</b> of each other as they belong to the same functional group and differ by a -CH₂ group.</li><li>Structure of another compound from the same group, e.g., Butanal:</li></ul><p>H H H O</p><p>| | | ||</p><p>H-C-C-C-C-H</p><p>| | |</p><p>H H H</p><p><b>OR</b></p><p><strong>(a) Electron dot structure for ethyne (C₂H₂):</strong></p><p>H : C ::: C : H</p><p><strong>(b) Differences between Covalent and Ionic Compounds:</strong></p><table><thead><tr><th>Property</th><th>Covalent Compounds</th><th>Ionic Compounds</th></tr></thead><tbody><tr><td><strong>1. Melting and Boiling Points</strong></td><td>They generally have low melting and boiling points due to weak intermolecular forces.</td><td>They generally have high melting and boiling points due to strong electrostatic forces of attraction between ions.</td></tr><tr><td><strong>2. Electrical Conductivity</strong></td><td>They are poor conductors of electricity in any state as they do not contain free ions or electrons.</td><td>They are good conductors of electricity in the molten state or in aqueous solution because of the presence of mobile ions, but are insulators in the solid state.</td></tr></tbody></table>"
                    },
                    "question_type": "Short Answer (3 marks)",
                    "difficulty_level": "easy",
                    "explanation_html": null
                  }
                ]
              },
              {
                "chapter_name": "Metals and Non-metals",
                "questions": [
                  {
                    "question_no": 13,
                    "question_html": "<p>(a) State Newland Law of Octaves.</p><p>(b) With an example, explain Dobereiner's Triads.</p><p>(c) List one limitation each of both the attempts mentioned in 'a' & 'b'.</p>",
                    "options": [],
                    "correct_answer": {
                      "text": "<p><strong>(a) Newland's Law of Octaves:</strong> This law states that when elements are arranged in the order of increasing atomic masses, the properties of every eighth element are a repetition of the properties of the first element, similar to the octaves in music.</p><p><strong>(b) Dobereiner's Triads:</strong> Dobereiner identified groups of three elements, called triads, which had similar chemical properties. He showed that when the three elements in a triad are written in the order of increasing atomic mass, the atomic mass of the middle element was roughly the average of the atomic masses of the other two elements.<br><b>Example:</b> The triad of Lithium (Li, At. mass 6.9), Sodium (Na, At. mass 23.0), and Potassium (K, At. mass 39.0). The average atomic mass of Li and K is (6.9 + 39.0) / 2 = 22.95, which is approximately the atomic mass of Na.</p><p><strong>(c) Limitations:</strong></p><ul><li><strong>Newlands' Law:</strong> This law was only applicable up to Calcium. Also, it was assumed that only 56 elements existed in nature, and to fit elements into his table, Newlands adjusted two elements in the same slot.</li><li><strong>Dobereiner's Triads:</strong> This classification was very limited as Dobereiner could identify only a few such triads from the elements known at that time. It was not applicable to all known elements.</li></ul>"
                    },
                    "question_type": "Short Answer (3 marks)",
                    "difficulty_level": "medium",
                    "explanation_html": null
                  }
                ]
              },
              {
                "chapter_name": "Magnetic Effects of Electric Current",
                "questions": [
                  {
                    "question_no": 14,
                    "question_html": "<p>A student was asked to perform an experiment to study the force on a current carrying conductor in a magnetic field. He took a small aluminum rod AB, a strong horse shoe magnet, some connecting wires, a battery and a switch and connected them as shown. He observed that on passing current, the rod gets displaced. On reversing the direction of current, the direction of displacement also gets reversed. On the basis of your understanding of this phenomenon, answer the following questions :</p><p>(a) Why does the rod get displaced on passing current through it ?</p><p>(b) State the rule that determines the direction of the force on the conductor AB.</p><p>(c) (i) In the above experimented set up, when current is passed through the rod, it gets displaced towards the left. What will happen to the displacement if the polarity of the magnet and the direction of current both are reversed ?</p><p>(ii) Name any two devices that use current carrying conductors and magnetic field.</p><p><b>OR</b></p><p>Draw the pattern of magnetic field lines produced around a current carrying straight conductor held vertically on a horizontal cardboard. Indicate the direction of the field lines as well as the direction of current flowing through the conductor.</p>",
                    "images": [
                      {
                        "url": "https://img.testbuddyai.com/Science-31-2-22-Q14.png"
                      }
                    ],
                    "options": [],
                    "correct_answer": {
                      "text": "<p><strong>(a)</strong> The rod gets displaced because a current-carrying conductor placed in a magnetic field experiences a mechanical force.</p><p><strong>(b)</strong> The direction of the force on the conductor is determined by <strong>Fleming's Left-Hand Rule</strong>. This rule states that if you stretch the thumb, forefinger, and middle finger of your left hand such that they are mutually perpendicular, and if the forefinger points in the direction of the magnetic field and the middle finger in the direction of the current, then the thumb will point in the direction of the force.</p><p><strong>(c) (i)</strong> If both the polarity of the magnet and the direction of the current are reversed, there will be <strong>no change in the direction of displacement</strong>. The rod will still get displaced towards the left. Reversing one factor reverses the force, but reversing both factors cancels out the effect.</p><p><strong>(ii)</strong> Two devices that use this principle are the <strong>electric motor</strong> and the <strong>loudspeaker</strong>.</p><p><b>OR</b></p><p>The magnetic field lines produced around a straight current-carrying conductor are in the form of <b>concentric circles</b> with the conductor at their center. The direction of the magnetic field lines can be determined using the <b>Right-Hand Thumb Rule</b>: If you imagine holding the conductor in your right hand with your thumb pointing in the direction of the current, the direction in which your fingers curl gives the direction of the magnetic field lines.</p><p><b>Diagram:</b></p><p>(A diagram should be drawn showing a vertical wire passing through a horizontal cardboard. The current direction should be marked, e.g., downwards. Concentric circles with arrows should be drawn on the cardboard to show the magnetic field lines. If the current is downwards, the arrows on the circles should be in the clockwise direction.)</p>"
                    },
                    "question_type": "Case-based Subjective",
                    "difficulty_level": "medium",
                    "explanation_html": null
                  }
                ]
              },
              {
                "chapter_name": "Heredity",
                "questions": [
                  {
                    "question_no": 15,
                    "question_html": "<p>Mendel blended his knowledge of Science and mathematics to keep the count of the individuals exhibiting a particular trait in each generation. He observed a number of contrasting visible characters controlled in pea plants in a field. He conducted many experiments to arrive at the laws of inheritance.</p><p>(a) If only one pair of contrasting characters like tall and short plants is taken, plants obtained in F1 generation are not of medium height. Why?</p><p>(b) Name the recessive traits in above case.</p><p>(c) Mention the type of the new combinations of plants obtained in F2 progeny along with their ratio, if F1 progeny was allowed to self pollinate.</p><p><b>OR</b></p><p>If 1600 plants were obtained in F2 progeny from a dihybrid cross of tall plants with round seeds (TTRR) and short plants with wrinkled seeds (ttrr), write the number of plants having traits :</p><p>(i) Tall with round seeds</p><p>(ii) Short with wrinkled seeds</p><p>Write the conclusion of the above experiment.</p>",
                    "options": [],
                    "correct_answer": {
                      "text": "<p><strong>(a)</strong> According to Mendel's Law of Dominance, when parents with a pair of contrasting characters are crossed, only one character (the dominant one) expresses itself in the F1 generation. The allele for tallness (T) is dominant over the allele for shortness (t). Therefore, all F1 plants with the genotype (Tt) are tall, not of medium height.</p><p><strong>(b)</strong> The recessive trait in the above case is <strong>shortness (dwarfism)</strong>.</p><p><strong>(c)</strong> When the F1 progeny (Tt) is self-pollinated, two types of plants are obtained in the F2 generation: Tall plants and Short plants. There are no new combinations of traits, but the recessive trait reappears. The phenotypic ratio is <strong>3 (Tall) : 1 (Short)</strong>.</p><p><b>OR</b></p><p>In a dihybrid cross, the F2 phenotypic ratio is 9:3:3:1.</p><p>Total plants = 1600. Total parts in the ratio = 16.</p><p><strong>(i) Number of plants that are Tall with round seeds (dominant-dominant):</strong></p><p>Ratio part = 9. Number of plants = (9/16) × 1600 = <strong>900 plants</strong>.</p><p><strong>(ii) Number of plants that are Short with wrinkled seeds (recessive-recessive):</strong></p><p>Ratio part = 1. Number of plants = (1/16) × 1600 = <strong>100 plants</strong>.</p><p><strong>Conclusion:</strong> The conclusion of this experiment is the <strong>Law of Independent Assortment</strong>. It states that the alleles of two (or more) different genes get sorted into gametes independently of one another. In other words, the allele a gamete receives for one gene does not influence the allele received for another gene.</p>"
                    },
                    "question_type": "Case-based Subjective",
                    "difficulty_level": "hard",
                    "explanation_html": null
                  }
                ]
              }
            ]
          }
        ]
      }
    ]
  }
]