[
  {
    "exam_name_actual": "CBSE Board - Class 10",
    "main_exam_id_name_ref": "CBSE Board - Class 10",
    "years": [
      {
        "year": "2024",
        "papers_or_subjects": [
          {
            "paper_name": "CBSE Class 10 Science Paper 2024 (QP Code: 31/4/1)",
            "subject_name": "Science",
            "chapters": [
              {
                "chapter_name": "Chemical Reactions and Equations",
                "questions": [
                  {
                    "question_no": 1,
                    "question_html": "<p>Zn + 2CH₃COOH → (CH₃COO)₂ Zn + H₂<br>The above reaction is a :</p>",
                    "options": [
                      {
                        "id": "a",
                        "text": "Decomposition reaction"
                      },
                      {
                        "id": "b",
                        "text": "Displacement reaction"
                      },
                      {
                        "id": "c",
                        "text": "Double displacement reaction"
                      },
                      {
                        "id": "d",
                        "text": "Combination reaction"
                      }
                    ],
                    "correct_answer": {
                      "ids": [
                        "b"
                      ]
                    },
                    "question_type": "mcq_single",
                    "difficulty_level": "easy",
                    "explanation_html": "<p>In the given reaction, Zinc (Zn), being more reactive than Hydrogen (H), displaces hydrogen from acetic acid (CH₃COOH) to form zinc acetate and hydrogen gas. A reaction in which a more reactive element displaces a less reactive element from its compound is known as a displacement reaction.</p>"
                  }
                ]
              },
              {
                "chapter_name": "Acids, Bases and Salts",
                "questions": [
                  {
                    "question_no": 2,
                    "question_html": "<p>An aqueous solution of a salt turns blue litmus to red. The salt could be the one obtained by the reaction of :</p>",
                    "options": [
                      {
                        "id": "a",
                        "text": "HNO₃ and NaOH"
                      },
                      {
                        "id": "b",
                        "text": "H₂SO₄ and KOH"
                      },
                      {
                        "id": "c",
                        "text": "CH₃COOH and NaOH"
                      },
                      {
                        "id": "d",
                        "text": "HCl and NH₄OH"
                      }
                    ],
                    "correct_answer": {
                      "ids": [
                        "d"
                      ]
                    },
                    "question_type": "mcq_single",
                    "difficulty_level": "medium",
                    "explanation_html": "<p>A solution that turns blue litmus to red is acidic in nature. Acidic salts are formed from the reaction of a strong acid with a weak base.<br><b>(A) HNO₃ (Strong Acid) + NaOH (Strong Base) → Neutral Salt</b><br><b>(B) H₂SO₄ (Strong Acid) + KOH (Strong Base) → Neutral Salt</b><br><b>(C) CH₃COOH (Weak Acid) + NaOH (Strong Base) → Basic Salt</b><br><b>(D) HCl (Strong Acid) + NH₄OH (Weak Base) → Acidic Salt (NH₄Cl)</b><br>Therefore, the salt is obtained from the reaction of HCl and NH₄OH.</p>"
                  }
                ]
              },
              {
                "chapter_name": "Acids, Bases and Salts",
                "questions": [
                  {
                    "question_no": 3,
                    "question_html": "<p>Four solutions, namely glucose, alcohol, hydrochloric acid and sulphuric acid filled in four separate beakers are connected one by one in an electric circuit with a bulb. The solutions in which the bulb will glow when current is passed are :</p>",
                    "options": [
                      {
                        "id": "a",
                        "text": "Glucose and alcohol"
                      },
                      {
                        "id": "b",
                        "text": "Alcohol and hydrochloric acid"
                      },
                      {
                        "id": "c",
                        "text": "Glucose and sulphuric acid"
                      },
                      {
                        "id": "d",
                        "text": "Hydrochloric acid and sulphuric acid"
                      }
                    ],
                    "correct_answer": {
                      "ids": [
                        "d"
                      ]
                    },
                    "question_type": "mcq_single",
                    "difficulty_level": "medium",
                    "explanation_html": "<p>For an electric current to pass through a solution and make a bulb glow, the solution must contain mobile ions. Hydrochloric acid (HCl) and sulphuric acid (H₂SO₄) are strong acids that dissociate in water to produce a high concentration of ions (H⁺, Cl⁻, SO₄²⁻), making them good electrical conductors. Glucose and alcohol are covalent compounds that do not ionize in water and therefore do not conduct electricity.</p>"
                  }
                ]
              },
              {
                "chapter_name": "Metals and Non-metals",
                "questions": [
                  {
                    "question_no": 4,
                    "question_html": "<p>The metals which are found in both free state as well as combined state are :</p>",
                    "options": [
                      {
                        "id": "a",
                        "text": "Gold and platinum"
                      },
                      {
                        "id": "b",
                        "text": "Platinum and silver"
                      },
                      {
                        "id": "c",
                        "text": "Copper and silver"
                      },
                      {
                        "id": "d",
                        "text": "Gold and silver"
                      }
                    ],
                    "correct_answer": {
                      "ids": [
                        "c"
                      ]
                    },
                    "question_type": "mcq_single",
                    "difficulty_level": "medium",
                    "explanation_html": "<p>Metals that are low in the reactivity series can be found in their native or free state. Very unreactive metals like gold and platinum are almost exclusively found in the free state. Metals like copper and silver are also relatively unreactive and can be found in the free state, but they are reactive enough to also be commonly found in combined states as ores (e.g., copper pyrites, silver glance).</p>"
                  }
                ]
              },
              {
                "chapter_name": "Carbon and its Compounds",
                "questions": [
                  {
                    "question_no": 5,
                    "question_html": "<p>The number of single and double bonds present in a molecule of benzene (C₆H₆) respectively, are :</p>",
                    "options": [
                      {
                        "id": "a",
                        "text": "6 and 6"
                      },
                      {
                        "id": "b",
                        "text": "9 and 3"
                      },
                      {
                        "id": "c",
                        "text": "3 and 9"
                      },
                      {
                        "id": "d",
                        "text": "3 and 3"
                      }
                    ],
                    "correct_answer": {
                      "ids": [
                        "b"
                      ]
                    },
                    "question_type": "mcq_single",
                    "difficulty_level": "medium",
                    "explanation_html": "<p>The structure of benzene (C₆H₆) is a hexagonal ring of six carbon atoms, with each carbon also bonded to one hydrogen atom. The ring contains alternating single and double carbon-carbon bonds.<br>Number of C-H single bonds = 6<br>Number of C-C single bonds = 3<br>Number of C=C double bonds = 3<br>Total number of single bonds = 6 + 3 = 9<br>Total number of double bonds = 3</p>"
                  }
                ]
              },
              {
                "chapter_name": "Life Processes",
                "questions": [
                  {
                    "question_no": 6,
                    "question_html": "<p>In human beings, when the process of digestion is completed, the (i) proteins, (ii) carbohydrates, and (iii) fats are respectively finally converted into :</p>",
                    "options": [
                      {
                        "id": "a",
                        "text": "(i) Amino acids, (ii) glucose and (iii) fatty acids"
                      },
                      {
                        "id": "b",
                        "text": "(i) Amino acids, (ii) glucose, (iii) fatty acids and glycerol"
                      },
                      {
                        "id": "c",
                        "text": "(i) Glucose, (ii) fatty acids and glycerol, (iii) amino acids"
                      },
                      {
                        "id": "d",
                        "text": "(i) Sugars, (ii) amino acids, (iii) fatty acids and glycerol"
                      }
                    ],
                    "correct_answer": {
                      "ids": [
                        "b"
                      ]
                    },
                    "question_type": "mcq_single",
                    "difficulty_level": "easy",
                    "explanation_html": "<p>During digestion, large complex food molecules are broken down into small, simple, and soluble molecules that can be absorbed by the body.<br>(i) Proteins are digested into their building blocks, which are amino acids.<br>(ii) Carbohydrates are digested into simple sugars, primarily glucose.<br>(iii) Fats are broken down into fatty acids and glycerol.</p>"
                  }
                ]
              },
              {
                "chapter_name": "Control and Coordination",
                "questions": [
                  {
                    "question_no": 7,
                    "question_html": "<p>A plant growth inhibitor hormone which causes wilting of leaves is called :</p>",
                    "options": [
                      {
                        "id": "a",
                        "text": "Auxin"
                      },
                      {
                        "id": "b",
                        "text": "Cytokinin"
                      },
                      {
                        "id": "c",
                        "text": "Abscisic acid"
                      },
                      {
                        "id": "d",
                        "text": "Gibberellin"
                      }
                    ],
                    "correct_answer": {
                      "ids": [
                        "c"
                      ]
                    },
                    "question_type": "mcq_single",
                    "difficulty_level": "easy",
                    "explanation_html": "<p>Abscisic acid (ABA) is a plant hormone known as a growth inhibitor. It plays a major role in response to environmental stress, such as drought, by causing the stomata to close. It also promotes dormancy and is involved in leaf senescence (aging) and wilting. Auxins, cytokinins, and gibberellins are primarily growth-promoting hormones.</p>"
                  }
                ]
              },
              {
                "chapter_name": "How do Organisms Reproduce?",
                "questions": [
                  {
                    "question_no": 8,
                    "question_html": "<p>The plants that can be raised by the method of vegetative propagation are :</p>",
                    "options": [
                      {
                        "id": "a",
                        "text": "Sugarcane, roses, grapes"
                      },
                      {
                        "id": "b",
                        "text": "Sugarcane, mustard, potato"
                      },
                      {
                        "id": "c",
                        "text": "Banana, orange, mustard"
                      },
                      {
                        "id": "d",
                        "text": "Papaya, mustard, potato"
                      }
                    ],
                    "correct_answer": {
                      "ids": [
                        "a"
                      ]
                    },
                    "question_type": "mcq_single",
                    "difficulty_level": "easy",
                    "explanation_html": "<p>Vegetative propagation is an asexual method of plant reproduction where new plants grow from a fragment of the parent plant. Sugarcane, roses, and grapes are all commonly propagated using stem cuttings. Plants like mustard and papaya are typically grown from seeds and are not suitable for vegetative propagation.</p>"
                  }
                ]
              },
              {
                "chapter_name": "How do Organisms Reproduce?",
                "questions": [
                  {
                    "question_no": 9,
                    "question_html": "<p>The part of seed which is a source of food during germination of seed is :</p>",
                    "options": [
                      {
                        "id": "a",
                        "text": "Cotyledon"
                      },
                      {
                        "id": "b",
                        "text": "Radicle"
                      },
                      {
                        "id": "c",
                        "text": "Plumule"
                      },
                      {
                        "id": "d",
                        "text": "Embryo"
                      }
                    ],
                    "correct_answer": {
                      "ids": [
                        "a"
                      ]
                    },
                    "question_type": "mcq_single",
                    "difficulty_level": "easy",
                    "explanation_html": "<p>The cotyledon is the part of the embryo within a seed that serves as a food reserve. During germination, these stored nutrients are utilized by the growing embryo before the seedling can produce its own food through photosynthesis. The embryo consists of the radicle (embryonic root), plumule (embryonic shoot), and cotyledon(s).</p>"
                  }
                ]
              },
              {
                "chapter_name": "How do Organisms Reproduce?",
                "questions": [
                  {
                    "question_no": 10,
                    "question_html": "<p>A zygote is formed by the fusion of a male gamete and a female gamete. The number of chromosomes in the zygote of a human is :</p>",
                    "options": [
                      {
                        "id": "a",
                        "text": "23"
                      },
                      {
                        "id": "b",
                        "text": "44"
                      },
                      {
                        "id": "c",
                        "text": "46"
                      },
                      {
                        "id": "d",
                        "text": "92"
                      }
                    ],
                    "correct_answer": {
                      "ids": [
                        "c"
                      ]
                    },
                    "question_type": "mcq_single",
                    "difficulty_level": "easy",
                    "explanation_html": "<p>Human gametes (sperm and egg) are haploid, containing a single set of 23 chromosomes. During fertilization, a male gamete fuses with a female gamete to form a diploid zygote. The zygote thus contains two sets of chromosomes, one from each parent, for a total of 23 + 23 = 46 chromosomes.</p>"
                  }
                ]
              },
              {
                "chapter_name": "Light - Reflection and Refraction",
                "questions": [
                  {
                    "question_no": 11,
                    "question_html": "<p>Absolute refractive index of glass and water is 3/2 and 4/3 respectively. If the speed of light in glass is 2 × 10⁸ m/s, the speed of light in water is :</p>",
                    "options": [
                      {
                        "id": "a",
                        "text": "9/4 × 10⁸ m/s"
                      },
                      {
                        "id": "b",
                        "text": "5/2 × 10⁸ m/s"
                      },
                      {
                        "id": "c",
                        "text": "7/3 × 10⁸ m/s"
                      },
                      {
                        "id": "d",
                        "text": "16/9 × 10⁸ m/s"
                      }
                    ],
                    "correct_answer": {
                      "ids": [
                        "a"
                      ]
                    },
                    "question_type": "mcq_single",
                    "difficulty_level": "medium",
                    "explanation_html": "<p>The absolute refractive index (n) is defined as the ratio of the speed of light in a vacuum (c) to the speed of light in the medium (v), i.e., n = c/v.<br>First, find the speed of light in a vacuum (c) using the data for glass:<br>n_glass = c / v_glass<br>3/2 = c / (2 × 10⁸ m/s)<br>c = (3/2) * (2 × 10⁸) = 3 × 10⁸ m/s.<br>Now, find the speed of light in water (v_water) using the value of c:<br>n_water = c / v_water<br>4/3 = (3 × 10⁸) / v_water<br>v_water = (3 × 10⁸) * (3/4) = 9/4 × 10⁸ m/s.</p>"
                  }
                ]
              },
              {
                "chapter_name": "The Human Eye and the Colourful World",
                "questions": [
                  {
                    "question_no": 12,
                    "question_html": "<p>When a beam of white light passes through a region having very fine dust particles, the colour of light mainly scattered in that region is :</p>",
                    "options": [
                      {
                        "id": "a",
                        "text": "Red"
                      },
                      {
                        "id": "b",
                        "text": "Orange"
                      },
                      {
                        "id": "c",
                        "text": "Blue"
                      },
                      {
                        "id": "d",
                        "text": "Yellow"
                      }
                    ],
                    "correct_answer": {
                      "ids": [
                        "c"
                      ]
                    },
                    "question_type": "mcq_single",
                    "difficulty_level": "easy",
                    "explanation_html": "<p>The scattering of light by particles that are smaller than the wavelength of the light is known as Rayleigh scattering. According to this principle, shorter wavelengths of light are scattered more strongly than longer wavelengths. In the visible spectrum, blue light has a shorter wavelength than red, orange, or yellow light. Therefore, when white light passes through fine dust particles, the blue component is scattered the most, which is also the reason for the blue color of the sky.</p>"
                  }
                ]
              },
              {
                "chapter_name": "Electricity",
                "questions": [
                  {
                    "question_no": 13,
                    "question_html": "<p>Consider the following combinations of resistors :<br>The combinations having equivalent resistance 1 Ω is/are :</p>",
                    "images": [
                      {
                        "url": "https://img.testbuddyai.com/Science-31-4-24-Q13.png"
                      }
                    ],
                    "options": [
                      {
                        "id": "a",
                        "text": "I and IV"
                      },
                      {
                        "id": "b",
                        "text": "Only IV"
                      },
                      {
                        "id": "c",
                        "text": "I and II"
                      },
                      {
                        "id": "d",
                        "text": "I, II and III"
                      }
                    ],
                    "correct_answer": {
                      "ids": [
                        "c"
                      ]
                    },
                    "question_type": "mcq_single",
                    "difficulty_level": "hard",
                    "explanation_html": "<p><b>Combination I:</b><br>Two resistors of 2 Ω are connected in parallel.<br>1 / R = 1/2 + 1/2 = 1 → R = 1 Ω.<br><br><b>Combination II:</b><br>On simplifying the series-parallel circuit, the equivalent resistance also comes out to be 1 Ω.<br><br><b>Combination III and IV:</b><br>After simplification, their equivalent resistance is not equal to 1 Ω.<br><br>Hence, the correct answer is <b>I and II</b>.</p>"
                  }
                ]
              },
              {
                "chapter_name": "Electricity",
                "questions": [
                  {
                    "question_no": 14,
                    "question_html": "<p>An electric iron of resistance 20 Ω draws a current of 5 A. The heat developed in the iron in 30 seconds is :</p>",
                    "options": [
                      {
                        "id": "a",
                        "text": "15000 J"
                      },
                      {
                        "id": "b",
                        "text": "6000 J"
                      },
                      {
                        "id": "c",
                        "text": "1500 J"
                      },
                      {
                        "id": "d",
                        "text": "3000 J"
                      }
                    ],
                    "correct_answer": {
                      "ids": [
                        "a"
                      ]
                    },
                    "question_type": "mcq_single",
                    "difficulty_level": "easy",
                    "explanation_html": "<p>The heat (H) developed in a resistor can be calculated using Joule's law of heating, H = I²Rt.<br>Given:<br>Current (I) = 5 A<br>Resistance (R) = 20 Ω<br>Time (t) = 30 s<br>H = (5 A)² × (20 Ω) × (30 s)<br>H = 25 × 20 × 30<br>H = 500 × 30<br>H = 15000 J</p>"
                  }
                ]
              },
              {
                "chapter_name": "Magnetic Effects of Electric Current",
                "questions": [
                  {
                    "question_no": 15,
                    "question_html": "<p>A rectangular loop ABCD carrying a current I is situated near a straight conductor XY, such that the conductor is parallel to the side AB of the loop and is in the plane of the loop. If a steady current I is established in the conductor as shown, the conductor XY will</p>",
                    "images": [
                      {
                        "url": "https://img.testbuddyai.com/Science-31-4-24-Q15.png"
                      }
                    ],
                    "options": [
                      {
                        "id": "a",
                        "text": "remain stationary."
                      },
                      {
                        "id": "b",
                        "text": "move towards the side AB of the loop."
                      },
                      {
                        "id": "c",
                        "text": "move away from the side AB of the loop."
                      },
                      {
                        "id": "d",
                        "text": "rotate about its axis."
                      }
                    ],
                    "correct_answer": {
                      "ids": [
                        "b"
                      ]
                    },
                    "question_type": "mcq_single",
                    "difficulty_level": "medium",
                    "explanation_html": "<p>The question should ask about the motion of the loop ABCD. The straight conductor XY creates a magnetic field around it. According to the right-hand thumb rule, the magnetic field is directed into the plane of the loop. The force on the sides AB and CD can be found using Fleming's left-hand rule. The current in AB and XY are in the same direction (parallel), resulting in an attractive force. The current in CD and XY are in opposite directions (anti-parallel), resulting in a repulsive force. The magnetic field strength decreases with distance from the conductor XY. Since side AB is closer to XY than side CD, the attractive force on AB is stronger than the repulsive force on CD. The forces on sides BC and DA are equal and opposite, so they cancel out. Therefore, the net force on the loop is attractive, and it will move towards the conductor XY.</p>"
                  }
                ]
              },
              {
                "chapter_name": "Our Environment",
                "questions": [
                  {
                    "question_no": 16,
                    "question_html": "<p>Some wastes are given below :<br>(i) Garden waste<br>(ii) Ball point pen refills<br>(iii) Empty medicine bottles made of glass<br>(iv) Peels of fruits and vegetables<br>(v) Old cotton shirt<br>The non-biodegradable wastes among these are :</p>",
                    "options": [
                      {
                        "id": "a",
                        "text": "(i) and (ii)"
                      },
                      {
                        "id": "b",
                        "text": "(ii) and (iii)"
                      },
                      {
                        "id": "c",
                        "text": "(i), (iv) and (v)"
                      },
                      {
                        "id": "d",
                        "text": "(i), (iii) and (iv)"
                      }
                    ],
                    "correct_answer": {
                      "ids": [
                        "b"
                      ]
                    },
                    "question_type": "mcq_single",
                    "difficulty_level": "easy",
                    "explanation_html": "<p>Non-biodegradable wastes are materials that cannot be broken down by natural organisms and processes.<br>- Biodegradable wastes: (i) Garden waste, (iv) Peels of fruits and vegetables, and (v) Old cotton shirt are all of plant origin and can be decomposed by microorganisms.<br>- Non-biodegradable wastes: (ii) Ball point pen refills are made of plastic, and (iii) Empty medicine bottles are made of glass. Both plastic and glass are synthetic materials that do not decompose naturally.</p>"
                  }
                ]
              },
              {
                "chapter_name": "Metals and Non-metals",
                "questions": [
                  {
                    "question_no": 17,
                    "question_html": "<p><b>Assertion (A) :</b> The extraction of metals from their sulphide ores cannot take place without roasting of the ore.<br><b>Reason (R) :</b> Roasting converts sulphide ores directly into metals.</p>",
                    "options": [
                      {
                        "id": "a",
                        "text": "Both Assertion (A) and Reason (R) are true and Reason (R) is the correct explanation of Assertion (A)."
                      },
                      {
                        "id": "b",
                        "text": "Both Assertion (A) and Reason (R) are true, but Reason (R) is not the correct explanation of Assertion (A)."
                      },
                      {
                        "id": "c",
                        "text": "Assertion (A) is true, but Reason (R) is false."
                      },
                      {
                        "id": "d",
                        "text": "Assertion (A) is false, but Reason (R) is true."
                      }
                    ],
                    "correct_answer": {
                      "ids": [
                        "c"
                      ]
                    },
                    "question_type": "mcq_single",
                    "difficulty_level": "medium",
                    "explanation_html": "<p><b>Assertion (A)</b> is true. It is easier to obtain a metal from its oxide than from its sulphide. Therefore, prior to reduction, sulphide ores are converted into metal oxides. This process of heating a sulphide ore in the presence of excess air is called roasting, and it is a necessary step for extraction.<br><b>Reason (R)</b> is false. Roasting converts sulphide ores into metal oxides, not directly into metals. For example, 2ZnS + 3O₂ → 2ZnO + 2SO₂. The resulting metal oxide is then reduced to obtain the metal. Therefore, the correct option is (C).</p>"
                  }
                ]
              },
              {
                "chapter_name": "Life Processes",
                "questions": [
                  {
                    "question_no": 18,
                    "question_html": "<p><b>Assertion (A) :</b> In the human heart ventricles have thicker muscular walls than atria.<br><b>Reason (R) :</b> Ventricles have to pump the blood into various organs.</p>",
                    "options": [
                      {
                        "id": "a",
                        "text": "Both Assertion (A) and Reason (R) are true and Reason (R) is the correct explanation of Assertion (A)."
                      },
                      {
                        "id": "b",
                        "text": "Both Assertion (A) and Reason (R) are true, but Reason (R) is not the correct explanation of Assertion (A)."
                      },
                      {
                        "id": "c",
                        "text": "Assertion (A) is true, but Reason (R) is false."
                      },
                      {
                        "id": "d",
                        "text": "Assertion (A) is false, but Reason (R) is true."
                      }
                    ],
                    "correct_answer": {
                      "ids": [
                        "a"
                      ]
                    },
                    "question_type": "mcq_single",
                    "difficulty_level": "easy",
                    "explanation_html": "<p><b>Assertion (A)</b> is true. The walls of the ventricles are significantly thicker and more muscular than the walls of the atria.<br><b>Reason (R)</b> is also true. The atria only need to pump blood to the ventricles just below them, which requires less pressure. The ventricles, however, must pump blood with much greater force to push it to the lungs (right ventricle) and throughout the entire body (left ventricle). The higher pressure requirement for the ventricles explains why their muscular walls are thicker. Thus, Reason (R) is the correct explanation of Assertion (A).</p>"
                  }
                ]
              },
              {
                "chapter_name": "Magnetic Effects of Electric Current",
                "questions": [
                  {
                    "question_no": 19,
                    "question_html": "<p><b>Assertion (A) :</b> Magnetic field lines never intersect each other.<br><b>Reason (R) :</b> If they intersect, then at the point of intersection, the compass needle would point towards two directions, which is not possible.</p>",
                    "options": [
                      {
                        "id": "a",
                        "text": "Both Assertion (A) and Reason (R) are true and Reason (R) is the correct explanation of Assertion (A)."
                      },
                      {
                        "id": "b",
                        "text": "Both Assertion (A) and Reason (R) are true, but Reason (R) is not the correct explanation of Assertion (A)."
                      },
                      {
                        "id": "c",
                        "text": "Assertion (A) is true, but Reason (R) is false."
                      },
                      {
                        "id": "d",
                        "text": "Assertion (A) is false, but Reason (R) is true."
                      }
                    ],
                    "correct_answer": {
                      "ids": [
                        "a"
                      ]
                    },
                    "question_type": "mcq_single",
                    "difficulty_level": "easy",
                    "explanation_html": "<p><b>Assertion (A)</b> is a fundamental property of magnetic fields; the field lines representing them are continuous curves that do not intersect. This is a true statement.<br><b>Reason (R)</b> provides the correct explanation for this property. The direction of a magnetic field at any point is unique. If two field lines were to intersect, it would imply that there are two different directions for the magnetic field at that single point. A compass needle placed at such a point would have to point in two directions simultaneously, which is physically impossible. Therefore, the reason correctly explains the assertion.</p>"
                  }
                ]
              },
              {
                "chapter_name": "Our Environment",
                "questions": [
                  {
                    "question_no": 20,
                    "question_html": "<p><b>Assertion (A) :</b> Oxygen is essential for all aerobic forms of life.<br><b>Reason (R) :</b> Free oxygen atoms combine with molecular oxygen to form ozone.</p>",
                    "options": [
                      {
                        "id": "a",
                        "text": "Both Assertion (A) and Reason (R) are true and Reason (R) is the correct explanation of Assertion (A)."
                      },
                      {
                        "id": "b",
                        "text": "Both Assertion (A) and Reason (R) are true, but Reason (R) is not the correct explanation of Assertion (A)."
                      },
                      {
                        "id": "c",
                        "text": "Assertion (A) is true, but Reason (R) is false."
                      },
                      {
                        "id": "d",
                        "text": "Assertion (A) is false, but Reason (R) is true."
                      }
                    ],
                    "correct_answer": {
                      "ids": [
                        "b"
                      ]
                    },
                    "question_type": "mcq_single",
                    "difficulty_level": "medium",
                    "explanation_html": "<p><b>Assertion (A)</b> is true. Aerobic organisms require oxygen to carry out cellular respiration, the process that efficiently releases energy from food.<br><b>Reason (R)</b> is also a true statement. In the stratosphere, ultraviolet radiation breaks down molecular oxygen (O₂) into free oxygen atoms (O), which then react with other O₂ molecules to form ozone (O₃). However, this process of ozone formation is not the reason why oxygen is essential for aerobic life. The reason for the necessity of oxygen in aerobic respiration is its role as the final electron acceptor in the electron transport chain. Since both statements are true but the reason does not explain the assertion, option (B) is correct.</p>"
                  }
                ]
              },
              {
                "chapter_name": "Acids, Bases and Salts",
                "questions": [
                  {
                    "question_no": 21,
                    "question_html": "<p><b>(a) (i)</b> 1 gram of solid sodium chloride was taken in a clean and dry test tube and concentrated sulphuric acid was added to it. Name the gas evolved in the reaction.<br><b>(a) (ii)</b> What will be observed when this gas is tested with (I) dry, and (II) wet blue litmus paper ? Write your conclusion about the nature (acidic/basic) of this gas.<br><b>OR</b><br><b>(b)</b> Some metals react with acids to produce salt and hydrogen gas. Illustrate it with an example. How will you test the presence of this gas ?</p>",
                    "options": [],
                    "correct_answer": {
                      "text": "<p><b>(a) (i)</b> The gas evolved is Hydrogen Chloride (HCl) gas.<br><b>(a) (ii)</b> (I) With dry blue litmus paper, there will be no change in colour. (II) With wet blue litmus paper, the paper will turn red.<br><b>Conclusion:</b> The gas is acidic in nature. It shows its acidic properties only in the presence of water, where it forms hydrochloric acid and releases H⁺ ions.<br><br><b>OR</b><br><br><b>(b) Example:</b> When zinc metal reacts with dilute sulphuric acid, it forms zinc sulphate and hydrogen gas.<br>Zn(s) + H₂SO₄(aq) → ZnSO₄(aq) + H₂(g)<br><b>Test for Hydrogen Gas:</b> To test for the presence of hydrogen gas, bring a burning matchstick or splint near the mouth of the test tube containing the gas. The gas will burn with a characteristic 'pop' sound.</p>"
                    },
                    "question_type": "Very Short Answer (2 marks)",
                    "difficulty_level": "medium",
                    "explanation_html": null
                  }
                ]
              },
              {
                "chapter_name": "Carbon and its Compounds",
                "questions": [
                  {
                    "question_no": 22,
                    "question_html": "<p>Distinguish between a saturated and an unsaturated hydrocarbon by flame test. List the products of combustion reaction of a saturated hydrocarbon.</p>",
                    "options": [],
                    "correct_answer": {
                      "text": "<p><b>Distinction by Flame Test:</b><br><b>Saturated hydrocarbons</b> (like alkanes) generally burn with a clean blue flame, indicating complete combustion.<br><b>Unsaturated hydrocarbons</b> (like alkenes and alkynes) burn with a yellow, sooty flame. This is due to their higher carbon-to-hydrogen ratio, which leads to incomplete combustion and the formation of unburnt carbon particles (soot).<br><br><b>Products of Combustion:</b><br>The complete combustion of a saturated hydrocarbon in the presence of sufficient oxygen produces carbon dioxide (CO₂) and water (H₂O), along with the release of heat and light energy.</p>"
                    },
                    "question_type": "Very Short Answer (2 marks)",
                    "difficulty_level": "easy",
                    "explanation_html": null
                  }
                ]
              },
              {
                "chapter_name": "Life Processes",
                "questions": [
                  {
                    "question_no": 23,
                    "question_html": "<p><b>(a)</b> We need to water the soil in plants on a regular basis. But it ultimately reaches the leaves of the plant. Explain how this takes place.<br><b>OR</b><br><b>(b)</b> Name the type of nutrition exhibited by Amoeba. Explain how food is taken in and digested by this organism.</p>",
                    "options": [],
                    "correct_answer": {
                      "text": "<p><b>(a)</b> Water is absorbed from the soil by the roots of the plant through the process of osmosis. This water is then transported upwards to the leaves and other parts of the plant through a specialized water-conducting tissue called xylem. The continuous evaporation of water from the leaves (transpiration) creates a suction force, known as the transpiration pull, which is the main driving force for pulling the water column up through the xylem.<br><br><b>OR</b><br><br><b>(b)</b> Amoeba exhibits <b>holozoic nutrition</b>.<br><b>Process of food intake and digestion:</b> Amoeba takes in food using temporary finger-like projections of the cell surface called pseudopodia. The pseudopodia fuse over the food particle, forming a food vacuole. Inside the food vacuole, complex food substances are broken down into simpler ones by digestive enzymes. The digested food then diffuses into the cytoplasm, and the undigested waste is moved to the surface of the cell and thrown out.</p>"
                    },
                    "question_type": "Very Short Answer (2 marks)",
                    "difficulty_level": "medium",
                    "explanation_html": null
                  }
                ]
              },
              {
                "chapter_name": "Heredity",
                "questions": [
                  {
                    "question_no": 24,
                    "question_html": "<p>The survival of a species is promoted through creation of variations. Illustrate with an example.</p>",
                    "options": [],
                    "correct_answer": {
                      "text": "<p>Variations are the differences in characteristics among individuals of a species. They are crucial for survival because they can provide advantages in a changing environment, allowing some individuals to be better adapted.<br><b>Example:</b> Consider a population of bacteria living in temperate waters. If there is a sudden and prolonged increase in the water temperature due to global warming, most of the bacteria might die. However, if a few bacteria in the population have a pre-existing genetic variation that makes them resistant to heat, they will survive and reproduce. Their offspring will inherit this heat-resistant trait, ensuring the continuation and survival of the species in the new, warmer environment.</p>"
                    },
                    "question_type": "Very Short Answer (2 marks)",
                    "difficulty_level": "medium",
                    "explanation_html": null
                  }
                ]
              },
              {
                "chapter_name": "The Human Eye and the Colourful World",
                "questions": [
                  {
                    "question_no": 25,
                    "question_html": "<p>A person suffering from presbyopia needs bifocal lens. If he needs two lens of power – 4.0 dioptre and + 2.0 dioptre, which one of these two lenses is for the correction of distant vision and what is its focal length ?</p>",
                    "options": [],
                    "correct_answer": {
                      "text": "<p>Distant vision is corrected for myopia (short-sightedness), which requires a concave lens. Concave lenses have negative power.<br>Therefore, the lens for the correction of distant vision is the one with a power of <b>– 4.0 dioptre</b>.<br><br>The focal length (f) is the reciprocal of the power (P).<br>f = 1 / P<br>f = 1 / (– 4.0 D)<br>f = – 0.25 m<br>To convert to centimeters, multiply by 100: f = – 25 cm.<br>The focal length is <b>– 25 cm</b>.</p>"
                    },
                    "question_type": "Very Short Answer (2 marks)",
                    "difficulty_level": "medium",
                    "explanation_html": null
                  }
                ]
              },
              {
                "chapter_name": "Electricity",
                "questions": [
                  {
                    "question_no": 26,
                    "question_html": "<p>Two wires A and B of same material, having same lengths and diameters 0.2 mm and 0.3 mm respectively, are connected one by one in a circuit. Which one of these two wires will offer more resistance to the flow of current in the circuit ? Justify your answer.</p>",
                    "options": [],
                    "correct_answer": {
                      "text": "<p><b>Wire A</b> will offer more resistance.<br><br><b>Justification:</b> The resistance (R) of a wire is given by the formula R = ρ(L/A), where ρ is the resistivity of the material, L is the length, and A is the cross-sectional area. Since both wires are of the same material and have the same length, their resistance is inversely proportional to their cross-sectional area (R ∝ 1/A).<br>The cross-sectional area is proportional to the square of the diameter (A ∝ d²). Therefore, resistance is inversely proportional to the square of the diameter (R ∝ 1/d²).<br>Wire A has a smaller diameter (0.2 mm) than wire B (0.3 mm). The thinner the wire, the greater its resistance. Thus, wire A offers more resistance to the flow of current.</p>"
                    },
                    "question_type": "Very Short Answer (2 marks)",
                    "difficulty_level": "medium",
                    "explanation_html": null
                  }
                ]
              },
              {
                "chapter_name": "Acids, Bases and Salts",
                "questions": [
                  {
                    "question_no": 27,
                    "question_html": "<p>Write the common name and the chemical name of the compound CaSO₄·½H₂O. Write the method of its preparation. Give chemical equation for the reaction, when water reacts with CaSO₄·½H₂O.</p>",
                    "options": [],
                    "correct_answer": {
                      "text": "<p><b>Common Name:</b> Plaster of Paris<br><b>Chemical Name:</b> Calcium sulphate hemihydrate<br><br><b>Method of Preparation:</b> Plaster of Paris is prepared by carefully heating gypsum (calcium sulphate dihydrate, CaSO₄·2H₂O) to a temperature of 373 K (100°C) in a kiln. When heated, gypsum loses three-quarters of its water of crystallization.<br>CaSO₄·2H₂O(s) --(Heat at 373K)--> CaSO₄·½H₂O(s) + 1½H₂O(g)<br><br><b>Reaction with Water:</b> When Plaster of Paris is mixed with water, it re-forms gypsum, setting into a hard solid mass.<br>CaSO₄·½H₂O(s) + 1½H₂O(l) → CaSO₄·2H₂O(s)</p>"
                    },
                    "question_type": "Short Answer (3 marks)",
                    "difficulty_level": "medium",
                    "explanation_html": null
                  }
                ]
              },
              {
                "chapter_name": "Carbon and its Compounds",
                "questions": [
                  {
                    "question_no": 28,
                    "question_html": "<p>Why is the conversion of ethanol to ethanoic acid an oxidation reaction ? Name the oxidising agent used in this conversion. Write chemical equation for this oxidation reaction. How is this reaction different from the reaction in which ethanol burns in the presence of oxygen ?</p>",
                    "options": [],
                    "correct_answer": {
                      "text": "<p><b>Why it is an oxidation reaction:</b> The conversion of ethanol (CH₃CH₂OH) to ethanoic acid (CH₃COOH) is an oxidation reaction because it involves the addition of oxygen and the removal of hydrogen.<br><br><b>Oxidising Agent:</b> Alkaline potassium permanganate (KMnO₄) or acidified potassium dichromate (K₂Cr₂O₇).<br><br><b>Chemical Equation:</b><br>CH₃CH₂OH --(Alkaline KMnO₄ + Heat)--> CH₃COOH + H₂O<br><br><b>Difference from Combustion:</b><br>This controlled oxidation reaction is different from the combustion of ethanol. Combustion is a rapid, complete oxidation in the presence of excess oxygen that produces carbon dioxide, water, heat, and light. The controlled oxidation produces ethanoic acid, which is a different product and the reaction is typically less exothermic and does not produce a flame.</p>"
                    },
                    "question_type": "Short Answer (3 marks)",
                    "difficulty_level": "medium",
                    "explanation_html": null
                  }
                ]
              },
              {
                "chapter_name": "How do Organisms Reproduce?",
                "questions": [
                  {
                    "question_no": 29,
                    "question_html": "<p><b>(a)</b> Explain with the help of a labelled diagram, the process of reproduction in Hydra by budding. Name the cells used for reproduction in this process.<br><b>OR</b><br><b>(b) (i)</b> List two roles of Seminal vesicles and prostate gland in human reproductive system.<br><b>(b) (ii)</b> List two roles of Oviduct in human reproductive system.<br><b>(b) (iii)</b> List two roles of Testis in human reproductive system.</p>",
                    "options": [],
                    "correct_answer": {
                      "text": "<p><b>(a)</b> A labelled diagram should show a parent Hydra with a small bud growing on its side. The bud develops a mouth and tentacles. When fully mature, it detaches from the parent body to live as a new, independent individual. This is a form of asexual reproduction. The cells used for this are <b>regenerative cells</b>, which undergo repeated division at a specific site to form the bud.<br><br><b>OR</b><br><br><b>(b) (i) Seminal vesicles and prostate gland:</b><br>1. They secrete fluids that mix with sperms to form semen, providing a medium for sperm transport.<br>2. The fluid provides nourishment to the sperms.<br><br><b>(b) (ii) Oviduct (Fallopian tube):</b><br>1. It is the site where fertilization of the ovum by a sperm occurs.<br>2. It transports the egg from the ovary to the uterus.<br><br><b>(b) (iii) Testis:</b><br>1. It produces the male gametes, i.e., sperms.<br>2. It secretes the male sex hormone, testosterone.</p>"
                    },
                    "question_type": "Short Answer (3 marks)",
                    "difficulty_level": "medium",
                    "explanation_html": null
                  }
                ]
              },
              {
                "chapter_name": "Heredity",
                "questions": [
                  {
                    "question_no": 30,
                    "question_html": "<p>List two differences between dominant traits and recessive traits. What percentage of pea plants in the F₂ generation were with yellow seeds in Mendel's cross between the pea plants having yellow (YY) and green coloured (yy) seeds ?</p>",
                    "options": [],
                    "correct_answer": {
                      "text": "<p><b>Differences between Dominant and Recessive Traits:</b><br>1. A dominant trait expresses itself in both homozygous (e.g., YY) and heterozygous (e.g., Yy) conditions, while a recessive trait only expresses itself in the homozygous condition (e.g., yy).<br>2. In a heterozygous cross, the dominant trait is visible in the F₁ generation, whereas the recessive trait is suppressed in the F₁ generation and reappears in the F₂ generation.<br><br><b>Percentage of Yellow Seeds in F₂ Generation:</b><br>In a monohybrid cross between yellow (YY) and green (yy) seeds, the F₁ generation is all yellow (Yy). When the F₁ generation is self-pollinated (Yy x Yy), the F₂ generation shows a phenotypic ratio of 3 yellow : 1 green. <br>Therefore, the percentage of plants with yellow seeds is (3/4) × 100 = <b>75%</b>.</p>"
                    },
                    "question_type": "Short Answer (3 marks)",
                    "difficulty_level": "easy",
                    "explanation_html": null
                  }
                ]
              },
              {
                "chapter_name": "The Human Eye and the Colourful World",
                "questions": [
                  {
                    "question_no": 31,
                    "question_html": "<p>Define the term power of accommodation of human eye. What happens to the image distance in the eye when we increase the distance of an object from the eye ? Name and explain the role of the part of human eye responsible for it in this case.</p>",
                    "options": [],
                    "correct_answer": {
                      "text": "<p><b>Power of Accommodation:</b> It is the ability of the eye lens to adjust its focal length to form a sharp image of both distant and nearby objects on the retina.<br><br><b>Image Distance:</b> When we increase the distance of an object from the eye, the image distance (the distance from the eye lens to the retina) <b>remains unchanged</b>. The eye adjusts its focal length to keep the image focused on the fixed position of the retina.<br><br><b>Part Responsible and Role:</b><br>The <b>ciliary muscles</b> are responsible for accommodation. When focusing on a distant object, the ciliary muscles relax. This increases the tension in the suspensory ligaments, causing the eye lens to become thinner and less convex. This increases its focal length, allowing a sharp image to form on the retina.</p>"
                    },
                    "question_type": "Short Answer (3 marks)",
                    "difficulty_level": "medium",
                    "explanation_html": null
                  }
                ]
              },
              {
                "chapter_name": "Magnetic Effects of Electric Current",
                "questions": [
                  {
                    "question_no": 32,
                    "question_html": "<p>A student fixes a sheet of white paper on a drawing board. He places a bar magnet in the centre of it. He sprinkles some iron filings uniformly around the bar magnet. Then he taps the drawing board gently and observes that the iron filings arrange themselves in a particular pattern.<br><b>(a)</b> Why do iron filings arrange in a particular pattern ?<br><b>(b)</b> What does the crowding of iron filings at the ends of the magnet indicate?<br><b>(c)</b> What do the lines, along which the iron filings align, represent ?<br><b>(d)</b> If the student places a cardboard horizontally in a current carrying solenoid and repeats the above activity, in what pattern would the iron filings arrange ? State the conclusion drawn about the magnetic field based on the observed pattern of the lines.</p>",
                    "options": [],
                    "correct_answer": {
                      "text": "<p><b>(a)</b> The iron filings arrange in a particular pattern because the bar magnet exerts a force on them, causing them to align along the lines of its magnetic field.<br><br><b>(b)</b> The crowding of iron filings at the ends (poles) of the magnet indicates that the magnetic field is strongest at the poles.<br><br><b>(c)</b> The lines along which the iron filings align represent the magnetic field lines.<br><br><b>(d)</b> Inside the solenoid, the iron filings would arrange themselves in a pattern of nearly parallel, straight, and equidistant lines. This indicates that the magnetic field inside a current-carrying solenoid is uniform and strong.</p>"
                    },
                    "question_type": "Short Answer (3 marks)",
                    "difficulty_level": "medium",
                    "explanation_html": null
                  }
                ]
              },
              {
                "chapter_name": "Our Environment",
                "questions": [
                  {
                    "question_no": 33,
                    "question_html": "<p>Study the picture given below showing three food chains (a), (b) and (c) and answer the following questions :<br><b>(i)</b> Name the type of ecosystems that exist in food chains (b) and (c).<br><b>(ii)</b> The first trophic level in all food chains are producers. Why ? What percentage of solar energy do these producers capture for their use?<br><b>(iii)</b> Why are the arrows shown in the diagram in one direction only and not vice versa ? Justify.</p>",
                    "images": [
                      {
                        "url": "https://img.testbuddyai.com/Science-31-4-24-Q33.png"
                      }
                    ],
                    "options": [],
                    "correct_answer": {
                      "text": "<p><b>(i)</b> Food chain (b) represents a <b>terrestrial or grassland ecosystem</b>. Food chain (c) represents an <b>aquatic or pond ecosystem</b>.<br><br><b>(ii)</b> The first trophic level in all food chains consists of producers because they are autotrophs, capable of producing their own food from inorganic substances using light energy (photosynthesis). They form the base of the food chain. Producers capture about <b>1%</b> of the solar energy that falls on them and convert it into chemical energy.<br><br><b>(iii)</b> The arrows show the flow of energy from one trophic level to the next. The energy flow is unidirectional because an organism obtains energy by eating the one before it in the chain. The energy used by an organism for its life processes is largely lost as heat to the environment and cannot be transferred back to the organism it consumed. Thus, energy cannot flow in the reverse direction.</p>"
                    },
                    "question_type": "Short Answer (3 marks)",
                    "difficulty_level": "medium",
                    "explanation_html": null
                  }
                ]
              },
              {
                "chapter_name": "Chemical Reactions and Equations",
                "questions": [
                  {
                    "question_no": 34,
                    "question_html": "<p><b>(a) (i)</b> What is a chemical reaction ? Describe one activity to show a chemical change involving a change of colour.<br><b>(a) (ii)</b> Describe one activity to show a chemical change involving a change in temperature.<br><b>OR</b><br><b>(b) (i)</b> Define a decomposition reaction. How can we say that (I) electrolysis of water, and (II) blackening of silver bromide when exposed to sunlight, are decomposition reactions ? Mention the type of energy involved in each case.<br><b>(b) (ii)</b> \"The type of reactions in which (I) calcium oxide is formed, and (II) calcium hydroxide is formed are opposite reactions to each other.\" Justify this statement with the help of chemical equations.</p>",
                    "options": [],
                    "correct_answer": {
                      "text": "<p><b>(a) (i)</b> A chemical reaction is a process that involves the rearrangement of the structure of molecules or atoms, resulting in the formation of new substances with different properties. Activity for change of colour: Take a blue solution of copper sulphate (CuSO₄) in a test tube and place an iron nail in it. After some time, the blue colour of the solution fades and turns light green due to the formation of iron sulphate, and a reddish-brown coating of copper is deposited on the nail.<br><b>(a) (ii)</b> Activity for change in temperature: Take a small amount of calcium oxide (quicklime) in a beaker and slowly add water to it. The beaker becomes hot, indicating an exothermic reaction where heat is released.<br><br><b>OR</b><br><br><b>(b) (i)</b> A decomposition reaction is a reaction in which a single compound breaks down into two or more simpler substances. (I) Electrolysis of water is a decomposition reaction because one substance, water (H₂O), breaks down into two simpler substances, hydrogen (H₂) and oxygen (O₂). The energy involved is electrical energy. (II) The blackening of silver bromide is a decomposition reaction because silver bromide (AgBr) breaks down into silver (Ag) and bromine (Br₂). The energy involved is light energy.<br><b>(b) (ii)</b> (I) Calcium oxide is formed from the decomposition of calcium carbonate: CaCO₃(s) --(Heat)--> CaO(s) + CO₂(g). This is a decomposition reaction. (II) Calcium hydroxide is formed from the reaction of calcium oxide with water: CaO(s) + H₂O(l) → Ca(OH)₂(aq). This is a combination reaction. These reactions are opposite because decomposition involves breaking one compound into simpler ones, while combination involves two substances combining to form a single, more complex compound.</p>"
                    },
                    "question_type": "Long Answer (5 marks)",
                    "difficulty_level": "medium",
                    "explanation_html": null
                  }
                ]
              },
              {
                "chapter_name": "Control and Coordination",
                "questions": [
                  {
                    "question_no": 35,
                    "question_html": "<p><b>(a) (i)</b> Define a reflex arc. Why have reflex arcs evolved in animals ? Trace the sequence of events which occur, when you suddenly touch a hot object.<br><b>(a) (ii)</b> Name the part of nervous system which helps in communication between the central nervous system and other parts of the body. What are the two components of this system?<br><b>OR</b><br><b>(b) (i)</b> Leaves of 'chhui-mui' plant begin to fold up and droop in response to a stimulus. Name the stimulus and write the cause for such a rapid movement. Is there any growth involved in the movement ?<br><b>(b) (ii)</b> Define geotropism in plants. What is meant by positive and negative geotropism ? Give one example of each type.</p>",
                    "options": [],
                    "correct_answer": {
                      "text": "<p><b>(a) (i)</b> A reflex arc is the neural pathway that controls a reflex action. Reflex arcs have evolved in animals as a survival mechanism to enable extremely rapid responses to potentially harmful stimuli, as these responses do not require conscious thought. Sequence of events: 1. Stimulus (heat) is detected by receptors in the skin. 2. A sensory neuron transmits a nerve impulse to the spinal cord. 3. In the spinal cord, the impulse is passed to a motor neuron (often via a relay neuron). 4. The motor neuron carries the impulse to an effector (a muscle in the arm). 5. The muscle contracts, causing the hand to be pulled away from the hot object.<br><b>(a) (ii)</b> The part is the Peripheral Nervous System (PNS). Its two components are the cranial nerves (arising from the brain) and the spinal nerves (arising from the spinal cord).<br><br><b>OR</b><br><br><b>(b) (i)</b> The stimulus is touch (thigmonasty). The rapid movement is caused by a sudden change in turgor pressure in the cells at the base of the leaflets (pulvinus). When touched, water moves out of these cells, causing them to lose turgidity and the leaves to fold. There is no growth involved in this movement.<br><b>(b) (ii)</b> Geotropism is the directional growth of a plant part in response to the stimulus of gravity. Positive geotropism is the growth of a plant part towards gravity; for example, the roots of a plant grow downwards. Negative geotropism is the growth of a plant part away from gravity; for example, the shoot of a plant grows upwards.</p>"
                    },
                    "question_type": "Long Answer (5 marks)",
                    "difficulty_level": "hard",
                    "explanation_html": null
                  }
                ]
              },
              {
                "chapter_name": "Light - Reflection and Refraction",
                "questions": [
                  {
                    "question_no": 36,
                    "question_html": "<p><b>(a)</b> The variation of image distance (v) with object distance (u) for a convex lens is given in the following observation table.<br><b>(i)</b> Without calculation, find the focal length of the convex lens. Justify your answer.<br><b>(ii)</b> Which observation is not correct ? Why ? Draw ray diagram to find the position of the image formed for this position of the object.<br><b>(iii)</b> Find the approximate value of magnification for u = – 30 cm.<br><b>OR</b><br><b>(b) (i)</b> Define principal axis of a lens. Draw a ray diagram to show what happens when a ray of light parallel to the principal axis of a concave lens passes through it.<br><b>(b) (ii)</b> The focal length of a concave lens is 20 cm. At what distance from the lens should a 5 cm tall object be placed so that its image is formed at a distance of 15 cm from the lens ? Also calculate the size of the image formed.</p>",
                    "options": [],
                    "correct_answer": {
                      "text": "<p><b>(a) (i)</b> From observation no. 3, when the object distance u = -50 cm, the image distance v = +50 cm. For a convex lens, when the magnitudes of the object distance and image distance are equal, the object is placed at the center of curvature (2F). Therefore, 2f = 50 cm, which means the focal length <b>f = +25 cm</b>.<br><b>(a) (ii)</b> Observation no. 6 is not correct. Here, the object is placed at u = -15 cm, which is within the focal length (f=25 cm). For a convex lens, when an object is placed between the optical center and the focus, it forms a virtual, erect, and magnified image on the same side as the object. Thus, the image distance (v) should be negative, but the table shows a positive value (+37.5). A ray diagram should show the object between F and the optical center, with diverging refracted rays traced back to form a virtual image.<br><b>(a) (iii)</b> From observation no. 5, for u = -30 cm, v = +150 cm. Magnification (m) = v/u = +150 / -30 = <b>-5</b>.<br><br><b>OR</b><br><br><b>(b) (i)</b> The principal axis of a lens is an imaginary straight line passing through the two centers of curvature of the spherical surfaces of the lens. The ray diagram should show a ray of light parallel to the principal axis incident on a concave lens. After refraction, the ray diverges and appears to be coming from the principal focus (F) on the same side of the lens as the incident ray.<br><b>(b) (ii)</b> Given: f = -20 cm (concave lens), h_o = 5 cm, v = -15 cm (image is virtual for a concave lens).<br>Using the lens formula: 1/v - 1/u = 1/f<br>1/(-15) - 1/u = 1/(-20)<br>-1/u = -1/20 + 1/15 = (-3+4)/60 = 1/60<br><b>u = -60 cm</b>. The object should be placed 60 cm from the lens.<br>Magnification (m) = h_i / h_o = v / u<br>h_i = h_o * (v/u) = 5 * (-15/-60) = 5 * (1/4) = <b>1.25 cm</b>. The size of the image is 1.25 cm.</p>"
                    },
                    "question_type": "Long Answer (5 marks)",
                    "difficulty_level": "hard",
                    "explanation_html": null
                  }
                ]
              },
              {
                "chapter_name": "Metals and Non-metals",
                "questions": [
                  {
                    "question_no": 37,
                    "question_html": "<p>Three metal samples of magnesium, aluminium and iron were taken and rubbed with sand paper. These samples were then put separately in test tubes containing dilute hydrochloric acid. Thermometers were also suspended in each test tube so that their bulbs dipped in the acid. The rate of formation of bubbles was observed. The above activity was repeated with dilute nitric acid and the observations were recorded.<br><b>(a)</b> When activity was done with dilute hydrochloric acid, then in which one of the test tubes was the rate of formation of bubbles the fastest and the thermometer showed the highest temperature ?<br><b>(b)</b> Which metal did not react with dilute hydrochloric acid ? Give reason.<br><b>(c) (i)</b> Why is hydrogen gas not evolved when a metal reacts with dilute nitric acid ? Name the ultimate products formed in the reaction.<br><b>OR</b><br><b>(c) (ii)</b> Name the type of reaction on the basis of which reactivity of metals is decided. You have two metals X and Y. How would you decide which is more reactive than the other ?</p>",
                    "options": [],
                    "correct_answer": {
                      "text": "<p><b>(a)</b> The rate of bubble formation will be the fastest and the temperature will be the highest in the test tube containing <b>magnesium</b>, as it is the most reactive metal among the three and releases heat rapidly during reaction with acid.<br><br><b>(b)</b> <b>Aluminium</b> does not appear to react with dilute hydrochloric acid because it gets coated with a thin layer of aluminium oxide (Al₂O₃), which prevents further reaction. This protective layer makes aluminium less reactive initially.<br><br><b>(c) (i)</b> Hydrogen gas is not evolved because dilute nitric acid is a strong oxidizing agent. It oxidizes hydrogen into water instead of allowing it to be released as gas. The ultimate products are <b>metal nitrate, water and nitrogen oxides</b> (such as NO, NO₂).<br><br><b>OR</b><br><br><b>(c) (ii)</b> Reactivity of metals is decided on the basis of <b>displacement reactions</b>. To compare metals X and Y, place metal X in a salt solution of metal Y. If X displaces Y from its solution, then X is more reactive. If no reaction takes place, then Y is more reactive.</p>"
                    },
                    "question_type": "Case-based Subjective",
                    "difficulty_level": "medium",
                    "explanation_html": null
                  }
                ]
              },
              {
                "chapter_name": "Life Processes",
                "questions": [
                  {
                    "question_no": 38,
                    "question_html": "<p>Kidneys are vital organs for survival. Several factors like infections, injury or restricted blood flow to kidneys reduce the activity of kidneys. This leads to accumulation of poisonous wastes in the body, which can even lead to death. In case of kidney failure, an artificial kidney can be used. An artificial kidney is a device to remove waste products from the blood through dialysis.<br><b>(a) (i)</b> Name the artery that brings oxygenated blood to the kidney.<br><b>(a) (ii)</b> Name the cluster of thin-walled blood capillaries present in the Bowman's capsule.<br><b>(b)</b> In human excretory system name the organ which stores urine. Is this organ under hormonal control or nervous control ?<br><b>(c) (i)</b> List two major steps involved in the formation of urine and state in brief their functions.<br><b>OR</b><br><b>(c) (ii)</b> In which part of the nephron does selective reabsorption take place ? List the factors which the amount of water reabsorbed depends on.</p>",
                    "options": [],
                    "correct_answer": {
                      "text": "<p><b>(a) (i)</b> The <b>renal artery</b> brings oxygenated blood to the kidney.<br><b>(a) (ii)</b> The cluster of capillaries is called the <b>glomerulus</b>.<br><br><b>(b)</b> The organ that stores urine is the <b>urinary bladder</b>. This organ is under <b>nervous control</b>.<br><br><b>(c) (i)</b> Two major steps in urine formation are:<br>1. <b>Ultrafiltration:</b> Blood enters the glomerulus under high pressure, forcing water, salts, glucose, and urea from the blood into the Bowman's capsule. This is the filtration of waste from the blood.<br>2. <b>Selective Reabsorption:</b> As the filtrate passes through the tubular part of the nephron, useful substances like glucose, amino acids, salts, and a major amount of water are reabsorbed back into the blood.<br><br><b>OR</b><br><br><b>(c) (ii)</b> Selective reabsorption takes place in the <b>tubular part of the nephron</b> (including the proximal convoluted tubule, loop of Henle, and distal convoluted tubule).<br>The amount of water reabsorbed depends on two main factors:<br>1. The amount of excess water present in the body.<br>2. The amount of dissolved waste (like urea) that needs to be excreted.</p>"
                    },
                    "question_type": "Case-based Subjective",
                    "difficulty_level": "medium",
                    "explanation_html": null
                  }
                ]
              },
              {
                "chapter_name": "Electricity",
                "questions": [
                  {
                    "question_no": 39,
                    "question_html": "<p>Study the following circuit :<br>On the basis of this circuit, answer the following questions :<br><b>(a)</b> Find the value of total resistance between the points A and B.<br><b>(b)</b> Find the resistance between the points B and C.<br><b>(c) (i)</b> Calculate the current drawn from the battery, when the key is closed.<br><b>OR</b><br><b>(c) (ii)</b> In the above circuit, the 16 Ω resistor or the parallel combination of two resistors of 8 Ω, which one of the two will have more potential difference across its two ends ? Justify your answer.</p>",
                    "images": [
                      {
                        "url": "https://img.testbuddyai.com/Science-31-4-24-Q39.png"
                      }
                    ],
                    "options": [],
                    "correct_answer": {
                      "text": "<p><b>(a)</b> The resistors between points A and B (4 Ω, 6 Ω, and 16 Ω) are connected in series. The total resistance R_AB is their sum.<br>R_AB = 4 Ω + 6 Ω + 16 Ω = <b>26 Ω</b>.<br><br><b>(b)</b> The two 8 Ω resistors between points B and C are connected in parallel. The equivalent resistance R_BC is calculated as:<br>1/R_BC = 1/8 + 1/8 = 2/8 = 1/4<br>R_BC = <b>4 Ω</b>.<br><br><b>(c) (i)</b> The total resistance of the entire circuit is the sum of the series and parallel parts: R_total = R_AB + R_BC = 26 Ω + 4 Ω = 30 Ω.<br>Using Ohm's Law (I = V/R), the current drawn from the 6 V battery is:<br>I = 6 V / 30 Ω = <b>0.2 A</b>.<br><br><b>OR</b><br><br><b>(c) (ii)</b> The <b>16 Ω resistor</b> will have a more potential difference across its ends.<br><b>Justification:</b> Both the 16 Ω resistor and the parallel combination at BC are part of the main series circuit, so the same current (I = 0.2 A) flows through them. According to Ohm's Law (V = IR), the potential difference is directly proportional to the resistance when the current is constant. Since the resistance of the 16 Ω resistor is greater than the equivalent resistance of the parallel combination (4 Ω), the potential difference across the 16 Ω resistor will be greater.<br>(V₁₆Ω = 0.2A * 16Ω = 3.2V; V_BC = 0.2A * 4Ω = 0.8V).</p>"
                    },
                    "question_type": "Case-based Subjective",
                    "difficulty_level": "hard",
                    "explanation_html": null
                  }
                ]
              }
            ]
          }
        ]
      }
    ]
  }
]