[
  {
    "exam_name_actual": "CBSE Board - Class 12 - Science",
    "main_exam_id_name_ref": "CBSE Board - Class 12 - Science",
    "years": [
      {
        "year": "2025",
        "papers_or_subjects": [
          {
            "paper_name": "CBSE Class 12 Science (Chemistry) Paper 2025 (QP Code: 56/6/1)",
            "subject_name": "Chemistry",
            "chapters": [
              {
                "chapter_name": "Alcohols, Phenols and Ethers",
                "questions": [
                  {
                    "question_no": 1,
                    "question_html": "<p>Williamson synthesis of preparing unsymmetrical ether is :</p>",
                    "options": [
                      {
                        "id": "a",
                        "text": "S<sub>N</sub>1 reaction"
                      },
                      {
                        "id": "b",
                        "text": "S<sub>N</sub>2 reaction"
                      },
                      {
                        "id": "c",
                        "text": "Electrophilic addition reaction"
                      },
                      {
                        "id": "d",
                        "text": "Elimination reaction"
                      }
                    ],
                    "correct_answer": {
                      "ids": [
                        "b"
                      ]
                    },
                    "question_type": "mcq_single",
                    "difficulty_level": "medium",
                    "explanation_html": "<p>Williamson synthesis involves the attack of an alkoxide ion (a nucleophile) on a primary alkyl halide. This proceeds via a bimolecular nucleophilic substitution (S<sub>N</sub>2) mechanism.</p>"
                  }
                ]
              },
              {
                "chapter_name": "Haloalkanes and Haloarenes",
                "questions": [
                  {
                    "question_no": 2,
                    "question_html": "<p>Which of the following compounds would be hydrolysed by aqueous KOH most easily ?</p>",
                    "options": [
                      {
                        "id": "a",
                        "text": "CH<sub>2</sub> = CH – Br"
                      },
                      {
                        "id": "b",
                        "text": "CH<sub>3</sub>–CH<sub>2</sub> – Br"
                      },
                      {
                        "id": "c",
                        "text": "CH<sub>3</sub>–CH(Br)–CH<sub>3</sub>"
                      },
                      {
                        "id": "d",
                        "text": "CH<sub>2</sub> = CH – CH<sub>2</sub> – Br"
                      }
                    ],
                    "correct_answer": {
                      "ids": [
                        "d"
                      ]
                    },
                    "question_type": "mcq_single",
                    "difficulty_level": "medium",
                    "explanation_html": "<p>Allyl bromide (CH<sub>2</sub>=CH–CH<sub>2</sub>–Br) undergoes hydrolysis most easily because the carbocation formed as an intermediate (allyl carbocation) is highly stabilized by resonance. This high stability of the intermediate favors the S<sub>N</sub>1 pathway, leading to rapid hydrolysis.</p>"
                  }
                ]
              },
              {
                "chapter_name": "Coordination Compounds",
                "questions": [
                  {
                    "question_no": 3,
                    "question_html": "<p>According to Werner's theory of coordination compounds :</p>",
                    "options": [
                      {
                        "id": "a",
                        "text": "Primary valences are ionisable."
                      },
                      {
                        "id": "b",
                        "text": "Secondary valences are ionisable."
                      },
                      {
                        "id": "c",
                        "text": "Both primary and secondary valences are non-ionisable."
                      },
                      {
                        "id": "d",
                        "text": "Both primary and secondary valences are ionisable."
                      }
                    ],
                    "correct_answer": {
                      "ids": [
                        "a"
                      ]
                    },
                    "question_type": "mcq_single",
                    "difficulty_level": "easy",
                    "explanation_html": "<p>Werner's theory states that primary valencies correspond to the oxidation state of the central metal ion and are satisfied by anions. These are ionisable. Secondary valencies correspond to the coordination number and are satisfied by ligands within the coordination sphere, making them non-ionisable.</p>"
                  }
                ]
              },
              {
                "chapter_name": "Coordination Compounds",
                "questions": [
                  {
                    "question_no": 4,
                    "question_html": "<p>Which of the following complex ion is <strong>not</strong> optically active ?</p>",
                    "options": [
                      {
                        "id": "a",
                        "text": "[Co(ox)<sub>3</sub>]<sup>3-</sup>"
                      },
                      {
                        "id": "b",
                        "text": "cis-[Co(en)<sub>2</sub>Cl<sub>2</sub>]<sup>+</sup>"
                      },
                      {
                        "id": "c",
                        "text": "trans-[Co(en)<sub>2</sub>Cl<sub>2</sub>]<sup>+</sup>"
                      },
                      {
                        "id": "d",
                        "text": "[Co(en)<sub>3</sub>]<sup>3+</sup>"
                      }
                    ],
                    "correct_answer": {
                      "ids": [
                        "c"
                      ]
                    },
                    "question_type": "mcq_single",
                    "difficulty_level": "medium",
                    "explanation_html": "<p>A complex is optically inactive if it is superimposable on its mirror image, which is usually due to the presence of a plane of symmetry. The trans-[Co(en)<sub>2</sub>Cl<sub>2</sub>]<sup>+</sup> isomer has a plane of symmetry, making it achiral and therefore optically inactive. The cis isomer and the other two complexes are chiral and thus optically active.</p>"
                  }
                ]
              },
              {
                "chapter_name": "The d- and f-Block Elements",
                "questions": [
                  {
                    "question_no": 5,
                    "question_html": "<p>Which of the following is the softest metal ?</p>",
                    "options": [
                      {
                        "id": "a",
                        "text": "Zn"
                      },
                      {
                        "id": "b",
                        "text": "Sc"
                      },
                      {
                        "id": "c",
                        "text": "Cu"
                      },
                      {
                        "id": "d",
                        "text": "Fe"
                      }
                    ],
                    "correct_answer": {
                      "ids": [
                        "a"
                      ]
                    },
                    "question_type": "mcq_single",
                    "difficulty_level": "medium",
                    "explanation_html": "<p>Hardness of transition metals is related to the strength of metallic bonding, which depends on the number of unpaired electrons. Zinc (Zn) has a completely filled d-orbital (3d<sup>10</sup>) and no unpaired d-electrons, leading to weaker metallic bonds compared to Sc, Cu, and Fe. This makes Zn the softest metal among the choices.</p>"
                  }
                ]
              },
              {
                "chapter_name": "Amines",
                "questions": [
                  {
                    "question_no": 6,
                    "question_html": "<p>In the Hinsberg's method for separation of primary, secondary and tertiary amines, the reagent used is :</p>",
                    "options": [
                      {
                        "id": "a",
                        "text": "Nitrous acid"
                      },
                      {
                        "id": "b",
                        "text": "CHCl<sub>3</sub> + aq. NaOH"
                      },
                      {
                        "id": "c",
                        "text": "Benzenesulphonyl chloride"
                      },
                      {
                        "id": "d",
                        "text": "HCl / ZnCl<sub>2</sub>"
                      }
                    ],
                    "correct_answer": {
                      "ids": [
                        "c"
                      ]
                    },
                    "question_type": "mcq_single",
                    "difficulty_level": "easy",
                    "explanation_html": "<p>The Hinsberg test uses benzenesulphonyl chloride (C<sub>6</sub>H<sub>5</sub>SO<sub>2</sub>Cl) as the reagent to distinguish between and separate primary, secondary, and tertiary amines based on the solubility of the resulting sulfonamides in alkali.</p>"
                  }
                ]
              },
              {
                "chapter_name": "Amines",
                "questions": [
                  {
                    "question_no": 7,
                    "question_html": "<p>Which one of the following amines gives an alcohol on reaction with HNO<sub>2</sub> ?</p>",
                    "options": [
                      {
                        "id": "a",
                        "text": "Aniline"
                      },
                      {
                        "id": "b",
                        "text": "C<sub>2</sub>H<sub>5</sub>NH<sub>2</sub>"
                      },
                      {
                        "id": "c",
                        "text": "(C<sub>2</sub>H<sub>5</sub>)<sub>2</sub>NH"
                      },
                      {
                        "id": "d",
                        "text": "(C<sub>2</sub>H<sub>5</sub>)<sub>3</sub>N"
                      }
                    ],
                    "correct_answer": {
                      "ids": [
                        "b"
                      ]
                    },
                    "question_type": "mcq_single",
                    "difficulty_level": "medium",
                    "explanation_html": "<p>Primary aliphatic amines, like ethylamine (C<sub>2</sub>H<sub>5</sub>NH<sub>2</sub>), react with nitrous acid (HNO<sub>2</sub>) to form an unstable diazonium salt which readily decomposes in the aqueous solution to yield an alcohol (ethanol in this case).</p>"
                  }
                ]
              },
              {
                "chapter_name": "Solutions",
                "questions": [
                  {
                    "question_no": 8,
                    "question_html": "<p>The freezing point of one molal KCl solution, assuming KCl to be completely dissociated in water, is : (K<sub>f</sub> for water = 1·86 K kg mol<sup>−1</sup>)</p>",
                    "options": [
                      {
                        "id": "a",
                        "text": "– 3·72°C"
                      },
                      {
                        "id": "b",
                        "text": "+ 3·72°C"
                      },
                      {
                        "id": "c",
                        "text": "– 1·86°C"
                      },
                      {
                        "id": "d",
                        "text": "+ 2·72°C"
                      }
                    ],
                    "correct_answer": {
                      "ids": [
                        "a"
                      ]
                    },
                    "question_type": "mcq_single",
                    "difficulty_level": "medium",
                    "explanation_html": "<p>The depression in freezing point is given by ΔT<sub>f</sub> = i × K<sub>f</sub> × m. Since KCl dissociates completely into K<sup>+</sup> and Cl<sup>-</sup>, the van't Hoff factor (i) is 2. The molality (m) is 1. Therefore, ΔT<sub>f</sub> = 2 × 1.86 K × 1 m = 3.72 K or 3.72°C. The freezing point of the solution is 0°C - 3.72°C = -3.72°C.</p>"
                  }
                ]
              },
              {
                "chapter_name": "Solutions",
                "questions": [
                  {
                    "question_no": 9,
                    "question_html": "<p>A solution of acetone in ethanol :</p>",
                    "options": [
                      {
                        "id": "a",
                        "text": "obeys Raoult's law."
                      },
                      {
                        "id": "b",
                        "text": "forms an ideal solution."
                      },
                      {
                        "id": "c",
                        "text": "shows a positive deviation from Raoult's law."
                      },
                      {
                        "id": "d",
                        "text": "shows a negative deviation from Raoult's law."
                      }
                    ],
                    "correct_answer": {
                      "ids": [
                        "c"
                      ]
                    },
                    "question_type": "mcq_single",
                    "difficulty_level": "medium",
                    "explanation_html": "<p>In pure ethanol, there are strong intermolecular hydrogen bonds. Adding acetone breaks some of these bonds. The new acetone-ethanol interactions are weaker than the original ethanol-ethanol interactions. This causes an increase in the vapor pressure of the solution compared to that predicted by Raoult's law, which is known as a positive deviation.</p>"
                  }
                ]
              },
              {
                "chapter_name": "Electrochemistry",
                "questions": [
                  {
                    "question_no": 10,
                    "question_html": "<p>Which of the following cell converts the energy of combustion of fuel into electrical energy ?</p>",
                    "options": [
                      {
                        "id": "a",
                        "text": "Mercury cell"
                      },
                      {
                        "id": "b",
                        "text": "Fuel cell"
                      },
                      {
                        "id": "c",
                        "text": "Dry cell"
                      },
                      {
                        "id": "d",
                        "text": "Lead storage cell"
                      }
                    ],
                    "correct_answer": {
                      "ids": [
                        "b"
                      ]
                    },
                    "question_type": "mcq_single",
                    "difficulty_level": "easy",
                    "explanation_html": "<p>A fuel cell is a device that converts the chemical energy from a fuel (like hydrogen) and an oxidizing agent (like oxygen) into electricity through a pair of redox reactions, essentially harnessing the energy of combustion directly as electrical energy.</p>"
                  }
                ]
              },
              {
                "chapter_name": "Chemical Kinetics",
                "questions": [
                  {
                    "question_no": 11,
                    "question_html": "<p>The unit of rate and rate constant are same for a :</p>",
                    "options": [
                      {
                        "id": "a",
                        "text": "First order reaction"
                      },
                      {
                        "id": "b",
                        "text": "Second order reaction"
                      },
                      {
                        "id": "c",
                        "text": "Zero order reaction"
                      },
                      {
                        "id": "d",
                        "text": "Third order reaction"
                      }
                    ],
                    "correct_answer": {
                      "ids": [
                        "c"
                      ]
                    },
                    "question_type": "mcq_single",
                    "difficulty_level": "easy",
                    "explanation_html": "<p>For a zero-order reaction, the rate law is Rate = k[A]<sup>0</sup> = k. Since the rate of reaction has units of concentration/time (e.g., mol L<sup>-1</sup> s<sup>-1</sup>), the rate constant k must also have the same units.</p>"
                  }
                ]
              },
              {
                "chapter_name": "Biomolecules",
                "questions": [
                  {
                    "question_no": 12,
                    "question_html": "<p>Pyranose ring of glucose is formed due to the reaction between :</p>",
                    "options": [
                      {
                        "id": "a",
                        "text": "C<sub>1</sub> and C<sub>3</sub>"
                      },
                      {
                        "id": "b",
                        "text": "C<sub>1</sub> and C<sub>5</sub>"
                      },
                      {
                        "id": "c",
                        "text": "C<sub>1</sub> and C<sub>4</sub>"
                      },
                      {
                        "id": "d",
                        "text": "C<sub>1</sub> and C<sub>2</sub>"
                      }
                    ],
                    "correct_answer": {
                      "ids": [
                        "b"
                      ]
                    },
                    "question_type": "mcq_single",
                    "difficulty_level": "medium",
                    "explanation_html": "<p>The six-membered pyranose ring structure of glucose is formed through an intramolecular hemiacetal formation between the aldehyde group at carbon-1 (C<sub>1</sub>) and the hydroxyl group at carbon-5 (C<sub>5</sub>).</p>"
                  }
                ]
              },
              {
                "chapter_name": "The d- and f-Block Elements",
                "questions": [
                  {
                    "question_no": 13,
                    "question_html": "<p><strong>Assertion (A) :</strong> Actinoids show wide range of oxidation states.</p>\n<p><strong>Reason (R) :</strong> Actinoids are radioactive in nature.</p>",
                    "options": [
                      {
                        "id": "a",
                        "text": "Both Assertion (A) and Reason (R) are true and Reason (R) is the correct explanation of the Assertion (A)."
                      },
                      {
                        "id": "b",
                        "text": "Both Assertion (A) and Reason (R) are true, but Reason (R) is <strong>not</strong> the correct explanation of the Assertion (A)."
                      },
                      {
                        "id": "c",
                        "text": "Assertion (A) is true, but Reason (R) is false."
                      },
                      {
                        "id": "d",
                        "text": "Assertion (A) is false, but Reason (R) is true."
                      }
                    ],
                    "correct_answer": {
                      "ids": [
                        "b"
                      ]
                    },
                    "question_type": "mcq_single",
                    "difficulty_level": "medium",
                    "explanation_html": "<p>Both statements are true. Actinoids do show a wide range of oxidation states because the 5f, 6d, and 7s orbitals have comparable energies. It is also true that all actinoids are radioactive. However, their radioactivity is not the reason for their variable oxidation states. Therefore, both Assertion and Reason are true, but the Reason is not the correct explanation for the Assertion.</p>"
                  }
                ]
              },
              {
                "chapter_name": "Chemical Kinetics",
                "questions": [
                  {
                    "question_no": 14,
                    "question_html": "<p><strong>Assertion (A) :</strong> Hydrolysis of an ester follows first order kinetics.</p>\n<p><strong>Reason (R) :</strong> The concentration of water does not get altered much during the reaction.</p>",
                    "options": [
                      {
                        "id": "a",
                        "text": "Both Assertion (A) and Reason (R) are true and Reason (R) is the correct explanation of the Assertion (A)."
                      },
                      {
                        "id": "b",
                        "text": "Both Assertion (A) and Reason (R) are true, but Reason (R) is <strong>not</strong> the correct explanation of the Assertion (A)."
                      },
                      {
                        "id": "c",
                        "text": "Assertion (A) is true, but Reason (R) is false."
                      },
                      {
                        "id": "d",
                        "text": "Assertion (A) is false, but Reason (R) is true."
                      }
                    ],
                    "correct_answer": {
                      "ids": [
                        "a"
                      ]
                    },
                    "question_type": "mcq_single",
                    "difficulty_level": "medium",
                    "explanation_html": "<p>The hydrolysis of an ester in an aqueous solution is a pseudo-first-order reaction. Although it is a bimolecular reaction involving both ester and water, water is present in such a large excess that its concentration remains virtually constant throughout the reaction. Consequently, the reaction rate depends only on the concentration of the ester, making the reaction follow first-order kinetics. Thus, the reason correctly explains the assertion.</p>"
                  }
                ]
              },
              {
                "chapter_name": "Amines",
                "questions": [
                  {
                    "question_no": 15,
                    "question_html": "<p><strong>Assertion(A):</strong> Boiling point of (CH<sub>3</sub>)<sub>3</sub>N is higher than that of CH<sub>3</sub>CH<sub>2</sub>CH<sub>2</sub>NH<sub>2</sub>.</p>\n<p><strong>Reason (R) :</strong> Hydrogen bonding is more extensive in CH<sub>3</sub>CH<sub>2</sub>CH<sub>2</sub>NH<sub>2</sub>.</p>",
                    "options": [
                      {
                        "id": "a",
                        "text": "Both Assertion (A) and Reason (R) are true and Reason (R) is the correct explanation of the Assertion (A)."
                      },
                      {
                        "id": "b",
                        "text": "Both Assertion (A) and Reason (R) are true, but Reason (R) is <strong>not</strong> the correct explanation of the Assertion (A)."
                      },
                      {
                        "id": "c",
                        "text": "Assertion (A) is true, but Reason (R) is false."
                      },
                      {
                        "id": "d",
                        "text": "Assertion (A) is false, but Reason (R) is true."
                      }
                    ],
                    "correct_answer": {
                      "ids": [
                        "d"
                      ]
                    },
                    "question_type": "mcq_single",
                    "difficulty_level": "medium",
                    "explanation_html": "<p>The assertion is false. The boiling point of propan-1-amine (CH<sub>3</sub>CH<sub>2</sub>CH<sub>2</sub>NH<sub>2</sub>, a primary amine) is higher than that of its isomer trimethylamine ((CH<sub>3</sub>)<sub>3</sub>N, a tertiary amine). The reason is true. Primary amines can form extensive intermolecular hydrogen bonds due to the presence of N-H bonds, whereas tertiary amines cannot. This stronger intermolecular force in primary amines results in a higher boiling point.</p>"
                  }
                ]
              },
              {
                "chapter_name": "Alcohols, Phenols and Ethers",
                "questions": [
                  {
                    "question_no": 16,
                    "question_html": "<p><strong>Assertion (A) :</strong> Phenol is strongly acidic as compared to ethanol.</p>\n<p><strong>Reason (R) :</strong> Phenoxide ion is more stable than ethoxide ion.</p>",
                    "options": [
                      {
                        "id": "a",
                        "text": "Both Assertion (A) and Reason (R) are true and Reason (R) is the correct explanation of the Assertion (A)."
                      },
                      {
                        "id": "b",
                        "text": "Both Assertion (A) and Reason (R) are true, but Reason (R) is <strong>not</strong> the correct explanation of the Assertion (A)."
                      },
                      {
                        "id": "c",
                        "text": "Assertion (A) is true, but Reason (R) is false."
                      },
                      {
                        "id": "d",
                        "text": "Assertion (A) is false, but Reason (R) is true."
                      }
                    ],
                    "correct_answer": {
                      "ids": [
                        "a"
                      ]
                    },
                    "question_type": "mcq_single",
                    "difficulty_level": "medium",
                    "explanation_html": "<p>Phenol is more acidic than ethanol because its conjugate base, the phenoxide ion, is stabilized by resonance. The negative charge on the oxygen is delocalized over the benzene ring. In contrast, the conjugate base of ethanol, the ethoxide ion, is destabilized by the electron-donating (+I) effect of the ethyl group. The greater stability of the phenoxide ion facilitates the release of a proton from phenol, making it a stronger acid. Thus, the reason correctly explains the assertion.</p>"
                  }
                ]
              },
              {
                "chapter_name": "Solutions",
                "questions": [
                  {
                    "question_no": 17,
                    "question_html": "<p>State Henry's law. Why are aquatic species more comfortable in cold water as compared to warm water ?</p>",
                    "options": [],
                    "correct_answer": {
                      "text": "<p><strong>Henry's Law:</strong> At a constant temperature, the solubility of a gas in a liquid is directly proportional to the partial pressure of the gas present above the surface of the liquid or solution.</p><p><strong>Reason for Aquatic Species' Comfort:</strong> The solubility of gases, including oxygen, decreases with an increase in temperature. Therefore, cold water contains a higher concentration of dissolved oxygen compared to warm water, making it a more suitable and comfortable environment for aquatic species to survive.</p>"
                    },
                    "question_type": "Very Short Answer (2 marks)",
                    "difficulty_level": "medium",
                    "explanation_html": null
                  }
                ]
              },
              {
                "chapter_name": "Chemical Kinetics",
                "questions": [
                  {
                    "question_no": 18,
                    "question_html": "<p>Observe the graph in the given figure and answer the following questions :</p><p>(a) Predict the order of reaction.</p><p>(b) What is the slope of the curve ?</p>",
                    "images": [
                      {
                        "url": "https://img.testbuddyai.com/Chem-56-6-25-Q18.png"
                      }
                    ],
                    "options": [],
                    "correct_answer": {
                      "text": "<p><strong>(a) Order of reaction:</strong> The reaction is of the <strong>first order</strong>. The integrated rate law for a first-order reaction is log([R]₀/[R]) = (k/2.303)t. This equation is in the form of a straight line, y = mx. Since the plot of log([R]₀/[R]) versus time is a straight line passing through the origin, it confirms that the reaction is first order.</p><p><strong>(b) Slope of the curve:</strong> The slope of the curve is equal to <strong>k / 2.303</strong>, where 'k' is the rate constant.</p>"
                    },
                    "question_type": "Very Short Answer (2 marks)",
                    "difficulty_level": "medium",
                    "explanation_html": null
                  }
                ]
              },
              {
                "chapter_name": "Coordination Compounds",
                "questions": [
                  {
                    "question_no": 19,
                    "question_html": "<p>(a) Write IUPAC names of the following coordination compounds :</p><p>(i) [CoCl<sub>2</sub>(en)<sub>2</sub>]SO<sub>4</sub></p><p>(ii) K<sub>3</sub>[Fe(C<sub>2</sub>O<sub>4</sub>)<sub>3</sub>]</p><p><strong>OR</strong></p><p>(b) Differentiate between :</p><p>(i) Double salt and Complex compound</p><p>(ii) Didentate ligand and Ambidentate ligand</p>",
                    "options": [],
                    "correct_answer": {
                      "text": "<p><strong>(a) IUPAC Names:</strong></p><p>(i) Dichloridobis(ethane-1,2-diamine)cobalt(III) sulphate</p><p>(ii) Potassium trioxalatoferrate(III)</p><p><strong>OR</strong></p><p><strong>(b) Differentiations:</strong></p><p>(i) <strong>Double salt:</strong> Dissociates completely into its constituent simple ions when dissolved in water. <strong>Complex compound:</strong> Does not dissociate completely into its constituent ions; the complex ion remains intact in solution.</p><p>(ii) <strong>Didentate ligand:</strong> A ligand that binds to the central metal ion through two donor atoms. <strong>Ambidentate ligand:</strong> A unidentate ligand that has two different donor atoms and can ligate through either of them in a complex.</p>"
                    },
                    "question_type": "Very Short Answer (2 marks)",
                    "difficulty_level": "medium",
                    "explanation_html": null
                  }
                ]
              },
              {
                "chapter_name": "Haloalkanes and Haloarenes",
                "questions": [
                  {
                    "question_no": 20,
                    "question_html": "<p>Draw the structures of major monohalo products in each of the following reactions:</p><p>(a) 1-Methylcyclohexene + HI → ?</p><p>(b) Cyclohexane + Br<sub>2</sub> in presence of Heat or UV light → ?</p>",
                    "options": [],
                    "correct_answer": {
                      "text": "<p><strong>(a)</strong> The reaction is an electrophilic addition following Markovnikov's rule. The iodide ion attacks the more substituted carbon of the double bond. The major product is <strong>1-Iodo-1-methylcyclohexane</strong>.</p><p><strong>(b)</strong> This is a free-radical substitution reaction. A hydrogen atom on the cyclohexane ring is replaced by a bromine atom. The product is <strong>Bromocyclohexane</strong>.</p>"
                    },
                    "question_type": "Very Short Answer (2 marks)",
                    "difficulty_level": "medium",
                    "explanation_html": null
                  }
                ]
              },
              {
                "chapter_name": "Biomolecules",
                "questions": [
                  {
                    "question_no": 21,
                    "question_html": "<p>How do you explain the following ?</p><p>(a) Presence of an aldehydic group in glucose.</p><p>(b) Presence of five – OH groups in glucose.</p>",
                    "options": [],
                    "correct_answer": {
                      "text": "<p><strong>(a) Presence of an aldehydic group:</strong> The presence of an aldehyde group in glucose is confirmed by its reaction with a mild oxidizing agent like bromine water. Glucose gets oxidized to gluconic acid (a six-carbon carboxylic acid), which indicates the presence of an aldehyde group.</p><p><strong>(b) Presence of five – OH groups:</strong> The presence of five hydroxyl groups is confirmed by the acetylation of glucose. When glucose is treated with acetic anhydride, it forms glucose pentaacetate. The formation of a penta-derivative indicates that five hydroxyl groups are present in the glucose molecule.</p>"
                    },
                    "question_type": "Very Short Answer (2 marks)",
                    "difficulty_level": "easy",
                    "explanation_html": null
                  }
                ]
              },
              {
                "chapter_name": "Solutions",
                "questions": [
                  {
                    "question_no": 22,
                    "question_html": "<p>Vapour pressure of pure water at 298 K is 24·8 mm Hg. Calculate the lowering in vapour pressure of an aqueous solution which freezes at – 0·3°C. (K<sub>f</sub> of water = 1·86 K kg mol<sup>–1</sup>)</p>",
                    "options": [],
                    "correct_answer": {
                      "text": "<p><strong>Step 1: Calculate the molality (m) of the solution.</strong></p><p>The depression in freezing point (ΔT<sub>f</sub>) = 0°C – (–0.3°C) = 0.3°C = 0.3 K.</p><p>Using the formula ΔT<sub>f</sub> = K<sub>f</sub> × m:</p><p>m = ΔT<sub>f</sub> / K<sub>f</sub> = 0.3 K / 1.86 K kg mol<sup>–1</sup> = 0.161 m</p><p><strong>Step 2: Calculate the mole fraction of the solute (x<sub>2</sub>).</strong></p><p>For a dilute aqueous solution, molality can be related to mole fraction by: x<sub>2</sub> ≈ (m × M<sub>1</sub>) / 1000, where M<sub>1</sub> is the molar mass of water (18 g/mol).</p><p>x<sub>2</sub> = (0.161 × 18) / 1000 = 0.002898</p><p><strong>Step 3: Calculate the lowering in vapour pressure.</strong></p><p>According to Raoult's law, the relative lowering of vapour pressure is equal to the mole fraction of the solute: (P° – P<sub>s</sub>) / P° = x<sub>2</sub></p><p>Lowering in vapour pressure (P° – P<sub>s</sub>) = x<sub>2</sub> × P°</p><p>Lowering in vapour pressure = 0.002898 × 24.8 mm Hg = 0.0718 mm Hg ≈ 0.07 mm Hg</p>"
                    },
                    "question_type": "Short Answer (3 marks)",
                    "difficulty_level": "hard",
                    "explanation_html": null
                  }
                ]
              },
              {
                "chapter_name": "Chemical Kinetics",
                "questions": [
                  {
                    "question_no": 23,
                    "question_html": "<p>The rate of a reaction : A + B → product is given below as a function of different initial concentrations of A and B.</p><table><thead><tr><th>Experiment</th><th>[A] / mol L<sup>-1</sup></th><th>[B] / mol L<sup>-1</sup></th><th>Initial Rate/mol L<sup>−1</sup> min<sup>−1</sup></th></tr></thead><tbody><tr><td>1</td><td>0·01</td><td>0·01</td><td>5 × 10<sup>-3</sup></td></tr><tr><td>2</td><td>0·02</td><td>0·01</td><td>1 × 10<sup>-2</sup></td></tr><tr><td>3</td><td>0·01</td><td>0·02</td><td>5 × 10<sup>-3</sup></td></tr></tbody></table><p>Calculate the order of the reaction with respect to A and B. Determine the rate constant of the reaction.</p>",
                    "options": [],
                    "correct_answer": {
                      "text": "<p>Let the rate law be Rate = k[A]<sup>p</sup>[B]<sup>q</sup>.</p><p><strong>Order with respect to A:</strong></p><p>Comparing experiments 1 and 2, [B] is constant while [A] is doubled. The rate also doubles (from 5 × 10<sup>-3</sup> to 1 × 10<sup>-2</sup>).</p><p>(Rate<sub>2</sub> / Rate<sub>1</sub>) = (k[0.02]<sup>p</sup>[0.01]<sup>q</sup>) / (k[0.01]<sup>p</sup>[0.01]<sup>q</sup>)</p><p>(1 × 10<sup>-2</sup> / 5 × 10<sup>-3</sup>) = (0.02 / 0.01)<sup>p</sup></p><p>2 = 2<sup>p</sup>, so <strong>p = 1</strong>. The order with respect to A is 1.</p><p><strong>Order with respect to B:</strong></p><p>Comparing experiments 1 and 3, [A] is constant while [B] is doubled. The rate remains unchanged.</p><p>(Rate<sub>3</sub> / Rate<sub>1</sub>) = (k[0.01]<sup>p</sup>[0.02]<sup>q</sup>) / (k[0.01]<sup>p</sup>[0.01]<sup>q</sup>)</p><p>(5 × 10<sup>-3</sup> / 5 × 10<sup>-3</sup>) = (0.02 / 0.01)<sup>q</sup></p><p>1 = 2<sup>q</sup>, so <strong>q = 0</strong>. The order with respect to B is 0.</p><p><strong>Rate Constant (k):</strong></p><p>The rate law is Rate = k[A]<sup>1</sup>[B]<sup>0</sup> = k[A].</p><p>Using data from experiment 1:</p><p>5 × 10<sup>-3</sup> mol L<sup>-1</sup> min<sup>-1</sup> = k × (0.01 mol L<sup>-1</sup>)</p><p>k = (5 × 10<sup>-3</sup>) / 0.01 = 0.5 min<sup>-1</sup>.</p>"
                    },
                    "question_type": "Short Answer (3 marks)",
                    "difficulty_level": "medium",
                    "explanation_html": null
                  }
                ]
              },
              {
                "chapter_name": "Electrochemistry",
                "questions": [
                  {
                    "question_no": 24,
                    "question_html": "<p>Give reasons for the following :</p><p>(a) The pH of aqueous NaCl increases when it is electrolysed.</p><p>(b) Unlike dry cell, mercury cell has a constant cell potential through its lifetime.</p><p>(c) Conductivity of solution decreases with dilution.</p>",
                    "options": [],
                    "correct_answer": {
                      "text": "<p><strong>(a)</strong> During the electrolysis of aqueous NaCl, H<sub>2</sub> gas is evolved at the cathode and Cl<sub>2</sub> gas at the anode. The reaction at the cathode is 2H<sub>2</sub>O(l) + 2e<sup>-</sup> → H<sub>2</sub>(g) + 2OH<sup>-</sup>(aq). The production of hydroxide ions (OH<sup>-</sup>) makes the solution alkaline, thus increasing its pH.</p><p><strong>(b)</strong> The overall reaction in a mercury cell (e.g., Zn(Hg) + HgO(s) → ZnO(s) + Hg(l)) does not involve any ions in the solution whose concentration can change during its lifetime. Since the concentrations of the reacting species remain constant, the cell potential also remains constant.</p><p><strong>(c)</strong> Conductivity is the conductance of ions present in a unit volume of the solution. On dilution, the number of ions per unit volume decreases, which leads to a decrease in the conductivity of the solution.</p>"
                    },
                    "question_type": "Short Answer (3 marks)",
                    "difficulty_level": "medium",
                    "explanation_html": null
                  }
                ]
              },
              {
                "chapter_name": "Coordination Compounds",
                "questions": [
                  {
                    "question_no": 25,
                    "question_html": "<p>(a) Answer the following about the complexes [FeF<sub>6</sub>]<sup>3−</sup> and [Fe(CN)<sub>6</sub>]<sup>4−</sup> :<br>(i) Write the hybridization involved in each case.<br>(ii) Which of them is the outer orbital complex and which one is the inner orbital complex ?<br>(iii) Compare their magnetic behaviour.<br>[Atomic number : Fe = 26]</p><p><strong>OR</strong></p><p>(b) (i) What happens to the colour of complex [Ti(H<sub>2</sub>O)<sub>6</sub>]<sup>3+</sup> when heated gradually ?<br>(ii) Write the electronic configuration for d<sup>5</sup> ion if Δ<sub>o</sub> < P.<br>(iii) Write the hybridization and magnetic behaviour of the complex [Ni(CO)<sub>4</sub>].<br>[Atomic number : Ni = 28]</p>",
                    "options": [],
                    "correct_answer": {
                      "text": "<p><strong>(a)</strong></p><p><strong>(i) Hybridization:</strong> In [FeF<sub>6</sub>]<sup>3-</sup> (Fe<sup>3+</sup>, d<sup>5</sup>), F<sup>-</sup> is a weak ligand, so the hybridization is <strong>sp<sup>3</sup>d<sup>2</sup></strong>. In [Fe(CN)<sub>6</sub>]<sup>4-</sup> (Fe<sup>2+</sup>, d<sup>6</sup>), CN<sup>-</sup> is a strong ligand, causing electron pairing, so the hybridization is <strong>d<sup>2</sup>sp<sup>3</sup></strong>.</p><p><strong>(ii) Orbital Complex Type:</strong> [FeF<sub>6</sub>]<sup>3-</sup> is an <strong>outer orbital complex</strong> (using outer 4d orbitals). [Fe(CN)<sub>6</sub>]<sup>4-</sup> is an <strong>inner orbital complex</strong> (using inner 3d orbitals).</p><p><strong>(iii) Magnetic Behaviour:</strong> [FeF<sub>6</sub>]<sup>3-</sup> has five unpaired electrons, making it strongly <strong>paramagnetic</strong>. [Fe(CN)<sub>6</sub>]<sup>4-</sup> has no unpaired electrons, making it <strong>diamagnetic</strong>.</p><p><strong>OR</strong></p><p><strong>(b)</strong></p><p><strong>(i) Colour Change on Heating:</strong> When [Ti(H<sub>2</sub>O)<sub>6</sub>]<sup>3+</sup> is heated, it loses its water ligands. Without ligands, d-d transitions cannot occur, so the complex becomes <strong>colourless</strong>.</p><p><strong>(ii) Electronic Configuration:</strong> For a d<sup>5</sup> ion where Δ<sub>o</sub> < P (high-spin case), the electrons occupy orbitals to maximize spin. The configuration is <strong>t<sub>2g</sub><sup>3</sup> e<sub>g</sub><sup>2</sup></strong>.</p><p><strong>(iii) [Ni(CO)<sub>4</sub>]:</strong> Nickel is in the 0 oxidation state (Ni, 3d<sup>8</sup>4s<sup>2</sup>). CO is a strong-field ligand that causes the 4s electrons to pair up in the 3d orbitals, resulting in a 3d<sup>10</sup> configuration. <strong>Hybridization is sp<sup>3</sup></strong>. Since there are no unpaired electrons, the complex is <strong>diamagnetic</strong>.</p>"
                    },
                    "question_type": "Short Answer (3 marks)",
                    "difficulty_level": "hard",
                    "explanation_html": null
                  }
                ]
              },
              {
                "chapter_name": "Haloalkanes and Haloarenes",
                "questions": [
                  {
                    "question_no": 26,
                    "question_html": "<p>Write any two differences between S<sub>N</sub>1 and S<sub>N</sub>2 reactions. Which of the following compounds would undergo S<sub>N</sub>1 reaction faster and why ?<br>Cyclohexylmethane chloride or Benzyl chloride.</p>",
                    "options": [],
                    "correct_answer": {
                      "text": "<p><strong>Differences between S<sub>N</sub>1 and S<sub>N</sub>2 reactions:</strong></p><ol><li><strong>Kinetics:</strong> S<sub>N</sub>1 is a unimolecular reaction (first-order kinetics), while S<sub>N</sub>2 is a bimolecular reaction (second-order kinetics).</li><li><strong>Mechanism:</strong> S<sub>N</sub>1 is a two-step mechanism involving the formation of a carbocation intermediate. S<sub>N</sub>2 is a one-step mechanism involving a transition state.</li><li><strong>Stereochemistry:</strong> S<sub>N</sub>1 reactions lead to racemization, while S<sub>N</sub>2 reactions result in the inversion of configuration.</li></ol><p><strong>Faster S<sub>N</sub>1 Reaction:</strong></p><p><strong>Benzyl chloride</strong> would undergo S<sub>N</sub>1 reaction faster. The rate of an S<sub>N</sub>1 reaction depends on the stability of the carbocation intermediate. Benzyl chloride forms a benzyl carbocation, which is highly stabilized by resonance as the positive charge is delocalized over the benzene ring. Cyclohexylmethane chloride would form a primary carbocation, which is much less stable and has no resonance stabilization.</p>"
                    },
                    "question_type": "Short Answer (3 marks)",
                    "difficulty_level": "medium",
                    "explanation_html": null
                  }
                ]
              },
              {
                "chapter_name": "Aldehydes, Ketones and Carboxylic Acids",
                "questions": [
                  {
                    "question_no": 27,
                    "question_html": "<p>A compound (A) with molecular formula C<sub>4</sub>H<sub>5</sub>N on reduction with DIBAL-H followed by hydrolysis, gives a compound (B). Compound (B) gives positive Tollens' test but does not give iodoform test. Compound (B) can also be obtained when ethanal is treated with dilute NaOH followed by heating. Identify (A) and (B). Write the reactions of (A) with DIBAL-H followed by hydrolysis.</p>",
                    "options": [],
                    "correct_answer": {
                      "text": "<p><strong>Identification:</strong></p><ul><li>From the reaction of ethanal with dilute NaOH followed by heating, we can deduce that (B) is the product of an aldol condensation, which is But-2-enal (CH<sub>3</sub>–CH=CH–CHO).</li><li>But-2-enal gives a positive Tollens' test (as it is an aldehyde) but does not give an iodoform test (as it does not have a CH<sub>3</sub>CO- group). This confirms (B) is But-2-enal.</li><li>Compound (A) has the formula C<sub>4</sub>H<sub>5</sub>N. Since its reduction with DIBAL-H gives an aldehyde (B), (A) must be a nitrile. The corresponding nitrile is But-2-enenitrile (CH<sub>3</sub>–CH=CH–CN).</li></ul><p>So, <strong>A = But-2-enenitrile (CH<sub>3</sub>–CH=CH–CN)</strong> and <strong>B = But-2-enal (CH<sub>3</sub>–CH=CH–CHO)</strong>.</p><p><strong>Reaction:</strong></p><p>CH<sub>3</sub>–CH=CH–CN + (i) DIBAL-H (ii) H<sub>2</sub>O → CH<sub>3</sub>–CH=CH–CHO</p>"
                    },
                    "question_type": "Short Answer (3 marks)",
                    "difficulty_level": "hard",
                    "explanation_html": null
                  }
                ]
              },
              {
                "chapter_name": "Amines",
                "questions": [
                  {
                    "question_no": 28,
                    "question_html": "<p>How will you obtain the following from aniline ? Give chemical equations only.</p><p>(a) Sulphanilic acid</p><p>(b) Phenylisocyanide</p><p>(c) Acetanilide</p>",
                    "options": [],
                    "correct_answer": {
                      "text": "<p><strong>(a) Sulphanilic acid:</strong> Aniline is treated with concentrated sulphuric acid to form anilinium hydrogensulphate which on heating at 453-473 K undergoes rearrangement to produce p-aminobenzenesulphonic acid (Sulphanilic acid).</p><p>C<sub>6</sub>H<sub>5</sub>NH<sub>2</sub> + H<sub>2</sub>SO<sub>4</sub>(conc.) → C<sub>6</sub>H<sub>5</sub>NH<sub>3</sub><sup>+</sup>HSO<sub>4</sub><sup>-</sup> --(453-473 K)--> p-H<sub>2</sub>NC<sub>6</sub>H<sub>4</sub>SO<sub>3</sub>H</p><p><strong>(b) Phenylisocyanide:</strong> Aniline is heated with chloroform and alcoholic potassium hydroxide (Carbylamine reaction).</p><p>C<sub>6</sub>H<sub>5</sub>NH<sub>2</sub> + CHCl<sub>3</sub> + 3KOH(alc.) --(Heat)--> C<sub>6</sub>H<sub>5</sub>NC + 3KCl + 3H<sub>2</sub>O</p><p><strong>(c) Acetanilide:</strong> Aniline is treated with acetic anhydride or acetyl chloride in the presence of a base like pyridine (Acetylation).</p><p>C<sub>6</sub>H<sub>5</sub>NH<sub>2</sub> + (CH<sub>3</sub>CO)<sub>2</sub>O --(Pyridine)--> C<sub>6</sub>H<sub>5</sub>NHCOCH<sub>3</sub> + CH<sub>3</sub>COOH</p>"
                    },
                    "question_type": "Short Answer (3 marks)",
                    "difficulty_level": "medium",
                    "explanation_html": null
                  }
                ]
              },
              {
                "chapter_name": "Alcohols, Phenols and Ethers",
                "questions": [
                  {
                    "question_no": 29,
                    "question_html": "<p><strong>Case Study:</strong> Alcohols undergo a number of reactions involving the cleavage of C – OH bond. However, phenols do not undergo reactions involving the cleavage of C–OH bond...</p><p>(a) What happens when phenol is treated with the following ?<br>(i) Br<sub>2</sub> water<br>(ii) Conc. HNO<sub>3</sub></p><p>(b) (i) Write the mechanism of alcohol reacting as nucleophile in a reaction with CH<sub>3</sub><sup>⊕</sup>. <strong>OR</strong><br>(ii) Why do phenols not undergo reactions involving cleavage of C – OH bond ?</p><p>(c) How can you distinguish between Butan-1-ol and 2-Methylpropan-2-ol by using HCl in the presence of anhydrous ZnCl<sub>2</sub> ?</p>",
                    "options": [],
                    "correct_answer": {
                      "text": "<p><strong>(a)</strong><br>(i) When phenol is treated with bromine water, it gives a white precipitate of <strong>2,4,6-Tribromophenol</strong>.</p><p>(ii) When phenol is treated with concentrated nitric acid, it gives <strong>2,4,6-Trinitrophenol (Picric acid)</strong>.</p><p><strong>(b) (ii) OR</strong><br>Phenols do not readily undergo reactions involving the cleavage of the C–OH bond because the C–O bond in phenol has a partial double bond character due to resonance. This makes the bond stronger and shorter than the C–O bond in alcohols, hence it is more difficult to break.</p><p><strong>(c)</strong> This is the Lucas test. When treated with the Lucas reagent (conc. HCl + anhydrous ZnCl<sub>2</sub>):</p><ul><li><strong>2-Methylpropan-2-ol</strong> (a tertiary alcohol) will give an <strong>immediate turbidity</strong> due to the rapid formation of the corresponding alkyl chloride.</li><li><strong>Butan-1-ol</strong> (a primary alcohol) will show <strong>no turbidity</strong> at room temperature. Turbidity appears only upon heating.</li></ul>"
                    },
                    "question_type": "Case-based Subjective",
                    "difficulty_level": "medium",
                    "explanation_html": null
                  }
                ]
              },
              {
                "chapter_name": "Biomolecules",
                "questions": [
                  {
                    "question_no": 30,
                    "question_html": "<p><strong>Case Study:</strong> The α-amino acids are the building blocks of proteins. All α-amino acids exist as zwitter ion due to which they show amphoteric behaviour...</p><p>(a) Define the following :<br>(i) Peptide linkage<br>(ii) Denatured protein</p><p>(b) Why do amino acids show amphoteric behaviour ?</p><p>(c) (i) How can you differentiate between Fibrous protein and Globular protein ? <strong>OR</strong><br>(ii) Write the names of two different secondary structures of proteins.</p>",
                    "options": [],
                    "correct_answer": {
                      "text": "<p><strong>(a)</strong><br><strong>(i) Peptide linkage:</strong> An amide bond (–CO–NH–) formed between the carboxyl group of one α-amino acid and the amino group of another α-amino acid, with the elimination of a water molecule.</p><p><strong>(ii) Denatured protein:</strong> A protein that has lost its specific three-dimensional structure (secondary and tertiary) and thus its biological activity due to physical or chemical changes like heat or pH variation.</p><p><strong>(b)</strong> Amino acids show amphoteric behaviour because they contain both an acidic carboxyl group (–COOH) and a basic amino group (–NH<sub>2</sub>) in the same molecule. They can react with both acids and bases.</p><p><strong>(c) (i) Differentiation:</strong><br><strong>Fibrous proteins</strong> consist of parallel polypeptide chains, are insoluble in water, and serve structural roles (e.g., keratin).<br><strong>Globular proteins</strong> have spherical polypeptide chain structures, are soluble in water, and have functional roles (e.g., insulin).</p><p><strong>OR</strong></p><p><strong>(c) (ii)</strong> Two common secondary structures of proteins are the <strong>α-helix</strong> and the <strong>β-pleated sheet</strong>.</p>"
                    },
                    "question_type": "Case-based Subjective",
                    "difficulty_level": "easy",
                    "explanation_html": null
                  }
                ]
              },
              {
                "chapter_name": "Electrochemistry",
                "questions": [
                  {
                    "question_no": 31,
                    "question_html": "<p>(a) (i) Calculate E<sub>cell</sub> of a galvanic cell in which the following reaction takes place at 25°C :<br>Zn(s) + Pb<sup>2+</sup>(0·02 M) → Zn<sup>2+</sup>(0·1 M) + Pb(s)<br>[Given: E°<sub>Zn<sup>2+</sup>/Zn</sub> = – 0·76 V, E°<sub>Pb<sup>2+</sup>/Pb</sub> = – 0·13 V; log 2 = 0·3010, log 5 = 0·6990].<br>(ii) State Faraday's first law of electrolysis. How much electricity, in terms of Faraday, is required to reduce one mol of MnO<sub>4</sub><sup>−</sup> to Mn<sup>2+</sup> ion ?</p><p><strong>OR</strong></p><p>(b) (i) The resistance of a conductivity cell containing 0·001 M KCl solution at 298 K is 1000 ohm. What is the cell constant if conductivity of 0·001 M KCl solution at 298 K is 0·125 × 10<sup>–3</sup> S cm<sup>–1</sup> ?<br>(ii) Calculate the E<sub>Mg<sup>2+</sup>/Mg</sub> potential for the following half cell at 25°C:<br>Mg/Mg<sup>2+</sup> (1 × 10<sup>–4</sup> M); E°<sub>Mg<sup>2+</sup>/Mg</sub> = + 2·36 V [Given: log 10 = 1]<br>(iii) What is the effect of temperature on the electrical conductance of metallic conductor?</p>",
                    "options": [],
                    "correct_answer": {
                      "text": "<p><strong>(a)</strong><br><strong>(i) E<sub>cell</sub> Calculation:</strong><br>E°<sub>cell</sub> = E°<sub>cathode</sub> - E°<sub>anode</sub> = E°(Pb<sup>2+</sup>/Pb) - E°(Zn<sup>2+</sup>/Zn) = (-0.13 V) - (-0.76 V) = 0.63 V.<br>Using the Nernst equation (n=2): E<sub>cell</sub> = E°<sub>cell</sub> - (0.059/2) log([Zn<sup>2+</sup>]/[Pb<sup>2+</sup>])<br>E<sub>cell</sub> = 0.63 - 0.0295 log(0.1 / 0.02) = 0.63 - 0.0295 log(5)<br>E<sub>cell</sub> = 0.63 - 0.0295 × 0.6990 = 0.63 - 0.0206 = 0.6094 V ≈ 0.61 V.</p><p><strong>(ii) Faraday's First Law and Charge Calculation:</strong><br><strong>Law:</strong> The amount of chemical reaction which occurs at any electrode during electrolysis by a current is proportional to the quantity of electricity passed through the electrolyte.<br><strong>Charge:</strong> The reaction is MnO<sub>4</sub><sup>-</sup> → Mn<sup>2+</sup>. The oxidation state of Mn changes from +7 to +2, a gain of 5 electrons. To reduce one mole, 5 moles of electrons are needed. This is equivalent to <strong>5 Faraday</strong> of charge.</p><p><strong>OR</strong></p><p><strong>(b)</strong><br><strong>(i) Cell Constant Calculation:</strong><br>Cell constant (G*) = Conductivity (κ) × Resistance (R)<br>G* = (0.125 × 10<sup>–3</sup> S cm<sup>–1</sup>) × (1000 Ω) = 0.125 cm<sup>–1</sup>.</p><p><strong>(ii) Half-cell Potential Calculation:</strong><br>E = E° - (0.059/n) log(1/[Mg<sup>2+</sup>])<br>E = 2.36 - (0.059/2) log(1 / 10<sup>-4</sup>) = 2.36 - 0.0295 log(10<sup>4</sup>)<br>E = 2.36 - 0.0295 × 4 = 2.36 - 0.118 = 2.242 V.</p><p><strong>(iii) Effect of Temperature on Metallic Conductance:</strong> The electrical conductance of a metallic conductor <strong>decreases</strong> with an increase in temperature. This is because increased thermal vibrations of the metal kernels (positive ions) hinder the flow of electrons.</p>"
                    },
                    "question_type": "Long Answer (5 marks)",
                    "difficulty_level": "hard",
                    "explanation_html": null
                  }
                ]
              },
              {
                "chapter_name": "The d- and f-Block Elements",
                "questions": [
                  {
                    "question_no": 32,
                    "question_html": "<p>(a) (i) Account for the following :<br>(I) Orange colour of Cr<sub>2</sub>O<sub>7</sub><sup>2−</sup> ion changes to yellow when treated with an alkali.<br>(II) Zn, Cd and Hg are non-transition elements.<br>(III) E° value for Mn<sup>3+</sup>/Mn<sup>2+</sup> couple is highly positive (+1·57 V) as compared to Cr<sup>3+</sup>/Cr<sup>2+</sup>.<br>(ii) What happens when :<br>(I) Manganate ion undergoes disproportionation reaction in acidic medium ?<br>(II) KMnO<sub>4</sub> is heated ?</p><p><strong>OR</strong></p><p>(b) Answer the following questions :<br>(i) What is 'Misch metal' ? Give its one use.<br>(ii) Write the formula of an oxoanion of chromium in which it shows the oxidation state equal to its group number.<br>(iii) Why does Vanadium pentoxide (V<sub>2</sub>O<sub>5</sub>) act as a catalyst ?<br>(iv) Why do transition elements have high enthalpies of atomisation ?<br>(v) How do you prepare Na<sub>2</sub>Cr<sub>2</sub>O<sub>7</sub> from Na<sub>2</sub>CrO<sub>4</sub> ?</p>",
                    "options": [],
                    "correct_answer": {
                      "text": "<p><strong>(a)</strong><br><strong>(i) Reasons:</strong><br>(I) In an alkaline medium, the orange dichromate ion (Cr<sub>2</sub>O<sub>7</sub><sup>2-</sup>) is converted into the yellow chromate ion (CrO<sub>4</sub><sup>2-</sup>). The two are in equilibrium, which shifts to the right upon addition of alkali (OH<sup>-</sup>): Cr<sub>2</sub>O<sub>7</sub><sup>2-</sup> + 2OH<sup>-</sup> ⇌ 2CrO<sub>4</sub><sup>2-</sup> + H<sub>2</sub>O.</p><p>(II) Zinc, Cadmium, and Mercury have completely filled d-orbitals (d<sup>10</sup>) both in their ground state and in their common oxidation states, so they are not considered transition elements.</p><p>(III) The high positive E° value for Mn<sup>3+</sup>/Mn<sup>2+</sup> is because Mn<sup>2+</sup> has a very stable half-filled d<sup>5</sup> electronic configuration.</p><p><strong>(ii) Reactions:</strong><br>(I) In an acidic medium, the green manganate ion (MnO<sub>4</sub><sup>2-</sup>) disproportionates into the purple permanganate ion (MnO<sub>4</sub><sup>-</sup>) and manganese dioxide (MnO<sub>2</sub>). 3MnO<sub>4</sub><sup>2-</sup> + 4H<sup>+</sup> → 2MnO<sub>4</sub><sup>-</sup> + MnO<sub>2</sub> + 2H<sub>2</sub>O.</p><p>(II) On heating, potassium permanganate decomposes: 2KMnO<sub>4</sub>(s) → K<sub>2</sub>MnO<sub>4</sub>(s) + MnO<sub>2</sub>(s) + O<sub>2</sub>(g).</p><p><strong>OR</strong></p><p><strong>(b)</strong><br><strong>(i) Misch metal</strong> is an alloy of lanthanoid metals (about 95%) and iron (about 5%) with traces of S, C, Ca, and Al. One use is in making bullets or lighter flints.</p><p><strong>(ii) Formula:</strong> CrO<sub>4</sub><sup>2-</sup> (Chromate ion), where Cr has an oxidation state of +6, which is its group number.</p><p><strong>(iii) Catalyst action:</strong> Vanadium pentoxide acts as a catalyst because Vanadium can exhibit variable oxidation states, allowing it to form unstable intermediates and provide a new reaction path with lower activation energy.</p><p><strong>(iv) Enthalpy of atomisation:</strong> Transition elements have high enthalpies of atomisation due to the large number of unpaired electrons in their d-orbitals, which leads to strong interatomic interactions and strong metallic bonding.</p><p><strong>(v) Preparation:</strong> Sodium dichromate is prepared from sodium chromate by acidifying its aqueous solution with sulphuric acid. 2Na<sub>2</sub>CrO<sub>4</sub> + 2H<sup>+</sup> → Na<sub>2</sub>Cr<sub>2</sub>O<sub>7</sub> + 2Na<sup>+</sup> + H<sub>2</sub>O.</p>"
                    },
                    "question_type": "Long Answer (5 marks)",
                    "difficulty_level": "hard",
                    "explanation_html": null
                  }
                ]
              },
              {
                "chapter_name": "Aldehydes, Ketones and Carboxylic Acids",
                "questions": [
                  {
                    "question_no": 33,
                    "question_html": "<p>(a) (i) Identify A, B and C in the following reactions :<br>(ii) Give reasons for the following :<br>(I) Carboxylic acids do not give the characteristic reactions of carbonyl group.<br>(II) Ethanoic acid is a stronger acid than ethanol.</p><p><strong>OR</strong></p><p>(b) (i) Write the product(s) in the following reactions :<br>(I) 2CH<sub>3</sub>COOH with P<sub>4</sub>O<sub>10</sub> and heat<br>(II) Benzoyl chloride + (CH<sub>3</sub>)<sub>2</sub>Cd<br>(III) Phthalamide on strong heating<br>(ii) Write the reaction involved in the following reactions :<br>(I) Wolff-Kishner Reduction<br>(II) Decarboxylation Reaction</p>",
                    "options": [],
                    "correct_answer": {
                      "text": "<p><strong>(a)</strong><br><strong>(i) Identification of A, B, and C:</strong></p><ul><li><strong>A:</strong> Toluene reacts with CrO<sub>3</sub> in acetic anhydride (Etard reaction condition) to form a chromium complex, benzylidene diacetate [C<sub>6</sub>H<sub>5</sub>CH(OCOCH<sub>3</sub>)<sub>2</sub>].</li><li><strong>B:</strong> Hydrolysis of A gives Benzaldehyde (C<sub>6</sub>H<sub>5</sub>CHO).</li><li><strong>C:</strong> Benzaldehyde (B) undergoes the Cannizzaro reaction with concentrated NaOH (since it has no α-hydrogen). It disproportionates to form sodium benzoate and benzyl alcohol. So, <strong>C is Benzyl alcohol (C<sub>6</sub>H<sub>5</sub>CH<sub>2</sub>OH)</strong>.</li></ul><p><strong>(ii) Reasons:</strong><br>(I) The carbonyl group in carboxylic acids is less electrophilic than in aldehydes and ketones because the lone pair of electrons on the adjacent hydroxyl group participates in resonance, delocalizing the positive charge on the carbonyl carbon.</p><p>(II) Ethanoic acid is stronger because its conjugate base (ethanoate ion) is stabilized by resonance, delocalizing the negative charge over two oxygen atoms. The conjugate base of ethanol (ethoxide ion) is destabilized by the electron-donating (+I) effect of the ethyl group.</p><p><strong>OR</strong></p><p><strong>(b)</strong><br><strong>(i) Products:</strong><br>(I) Acetic anhydride, (CH<sub>3</sub>CO)<sub>2</sub>O.<br>(II) Acetophenone, C<sub>6</sub>H<sub>5</sub>COCH<sub>3</sub>.<br>(III) Phthalimide, C<sub>6</sub>H<sub>4</sub>(CO)<sub>2</sub>NH.</p><p><strong>(ii) Reactions:</strong><br>(I) <strong>Wolff-Kishner Reduction:</strong> The carbonyl group of an aldehyde or ketone is reduced to a CH<sub>2</sub> group by heating with hydrazine (NH<sub>2</sub>NH<sub>2</sub>) and a strong base like potassium hydroxide in a high-boiling solvent.<br>R-CO-R' + NH<sub>2</sub>NH<sub>2</sub> → R-C(=NNH<sub>2</sub>)-R' --(KOH/ethylene glycol, heat)--> R-CH<sub>2</sub>-R' + N<sub>2</sub></p><p>(II) <strong>Decarboxylation Reaction:</strong> A carboxylic acid loses carbon dioxide from its sodium salt when heated with sodalime (NaOH and CaO).<br>R-COONa + NaOH --(CaO, Heat)--> R-H + Na<sub>2</sub>CO<sub>3</sub></p>"
                    },
                    "question_type": "Long Answer (5 marks)",
                    "difficulty_level": "hard",
                    "explanation_html": null
                  }
                ]
              }
            ]
          }
        ]
      }
    ]
  }
]