[
  {
    "exam_name_actual": "CBSE Board - Class 12 - Science",
    "main_exam_id_name_ref": "CBSE Board - Class 12 - Science",
    "years": [
      {
        "year": "2024",
        "papers_or_subjects": [
          {
            "paper_name": "CBSE Class 12 Science (Mathematics) Paper 2024 (QP Code: 65/2/1)",
            "subject_name": "Mathematics",
            "chapters": [
              {
                "chapter_name": "Matrices",
                "questions": [
                  {
                    "question_no": 1,
                    "question_html": "<p>If the sum of all the elements of a 3 × 3 scalar matrix is 9, then the product of all its elements is :</p>",
                    "options": [
                      {
                        "id": "a",
                        "text": "0"
                      },
                      {
                        "id": "b",
                        "text": "9"
                      },
                      {
                        "id": "c",
                        "text": "27"
                      },
                      {
                        "id": "d",
                        "text": "729"
                      }
                    ],
                    "correct_answer": {
                      "ids": [
                        "a"
                      ]
                    },
                    "question_type": "mcq_single",
                    "difficulty_level": "easy",
                    "explanation_html": "<p>A 3 × 3 scalar matrix is a diagonal matrix where all diagonal elements are equal, say k. The matrix is of the form:<br>[ k 0 0 ]<br>[ 0 k 0 ]<br>[ 0 0 k ]<br>The sum of all its elements is k + 0 + 0 + 0 + k + 0 + 0 + 0 + k = 3k.<br>Given that the sum of the elements is 9, we have:<br>3k = 9<br>k = 3<br>So the matrix is:<br>[ 3 0 0 ]<br>[ 0 3 0 ]<br>[ 0 0 3 ]<br>The product of all its elements is 3 × 0 × 0 × 0 × 3 × 0 × 0 × 0 × 3 = 0.</p>"
                  }
                ]
              },
              {
                "chapter_name": "Relations and Functions",
                "questions": [
                  {
                    "question_no": 2,
                    "question_html": "<p>Let f : R<sub>+</sub> → [– 5, ∞) be defined as f(x) = 9x<sup>2</sup> + 6x – 5, where R<sub>+</sub> is the set of all non-negative real numbers. Then, f is :</p>",
                    "options": [
                      {
                        "id": "a",
                        "text": "one-one"
                      },
                      {
                        "id": "b",
                        "text": "onto"
                      },
                      {
                        "id": "c",
                        "text": "bijective"
                      },
                      {
                        "id": "d",
                        "text": "neither one-one nor onto"
                      }
                    ],
                    "correct_answer": {
                      "ids": [
                        "c"
                      ]
                    },
                    "question_type": "mcq_single",
                    "difficulty_level": "medium",
                    "explanation_html": "<p><b>To check for one-one (injective):</b><br>Let f(x<sub>1</sub>) = f(x<sub>2</sub>) for x<sub>1</sub>, x<sub>2</sub> ∈ R<sub>+</sub>.<br>9x<sub>1</sub><sup>2</sup> + 6x<sub>1</sub> – 5 = 9x<sub>2</sub><sup>2</sup> + 6x<sub>2</sub> – 5<br>9(x<sub>1</sub><sup>2</sup> - x<sub>2</sub><sup>2</sup>) + 6(x<sub>1</sub> - x<sub>2</sub>) = 0<br>9(x<sub>1</sub> - x<sub>2</sub>)(x<sub>1</sub> + x<sub>2</sub>) + 6(x<sub>1</sub> - x<sub>2</sub>) = 0<br>(x<sub>1</sub> - x<sub>2</sub>)[9(x<sub>1</sub> + x<sub>2</sub>) + 6] = 0<br>This gives x<sub>1</sub> = x<sub>2</sub> or 9(x<sub>1</sub> + x<sub>2</sub>) + 6 = 0.<br>Since x<sub>1</sub>, x<sub>2</sub> are non-negative, x<sub>1</sub> + x<sub>2</sub> ≥ 0. Thus, 9(x<sub>1</sub> + x<sub>2</sub>) + 6 > 0.<br>Therefore, the only possibility is x<sub>1</sub> = x<sub>2</sub>. So, f is one-one.<br><b>To check for onto (surjective):</b><br>Let y ∈ [– 5, ∞) be an arbitrary element. Let f(x) = y.<br>y = 9x<sup>2</sup> + 6x – 5<br>y = (3x)<sup>2</sup> + 2(3x)(1) + 1<sup>2</sup> - 1<sup>2</sup> - 5<br>y = (3x + 1)<sup>2</sup> – 6<br>y + 6 = (3x + 1)<sup>2</sup><br>3x + 1 = √y+6 (Since x ≥ 0, 3x+1 ≥ 1, so we take the positive root)<br>3x = √y+6 - 1<br>x = (√y+6 - 1) / 3<br>Since y ≥ -5, y+6 ≥ 1, so √y+6 is a real number and √y+6 ≥ 1.<br>This means √y+6 - 1 ≥ 0, so x ≥ 0.<br>Thus, for any y in the codomain [– 5, ∞), there exists a pre-image x in the domain R<sub>+</sub>. So, f is onto.<br>Since f is both one-one and onto, it is bijective.</p>"
                  }
                ]
              },
              {
                "chapter_name": "Determinants",
                "questions": [
                  {
                    "question_no": 3,
                    "question_html": "<p>If <i>| -a &nbsp; b &nbsp; c | / | a &nbsp; -b &nbsp; c | / | a &nbsp; b &nbsp; -c | = kabc</i>, then the value of k is :</p>",
                    "options": [
                      {
                        "id": "a",
                        "text": "0"
                      },
                      {
                        "id": "b",
                        "text": "1"
                      },
                      {
                        "id": "c",
                        "text": "2"
                      },
                      {
                        "id": "d",
                        "text": "4"
                      }
                    ],
                    "correct_answer": {
                      "ids": [
                        "d"
                      ]
                    },
                    "question_type": "mcq_single",
                    "difficulty_level": "easy",
                    "explanation_html": "<p>We need to evaluate the determinant.<br>Expanding along the first row:<br>Δ = -a((-b)(-c) - (b)(c)) - b((a)(-c) - (a)(c)) + c((a)(b) - (a)(-b))<br>Δ = -a(bc - bc) - b(-ac - ac) + c(ab + ab)<br>Δ = -a(0) - b(-2ac) + c(2ab)<br>Δ = 0 + 2abc + 2abc<br>Δ = 4abc<br>We are given that the determinant is equal to kabc.<br>4abc = kabc<br>Comparing both sides, we get k = 4.</p>"
                  }
                ]
              },
              {
                "chapter_name": "Continuity and Differentiability",
                "questions": [
                  {
                    "question_no": 4,
                    "question_html": "<p>The number of points of discontinuity of f(x) = <i>{ |x| + 3, if x ≤ -3; -2x, if -3 < x < 3; 6x + 2, if x ≥ 3 }</i> is:</p>",
                    "options": [
                      {
                        "id": "a",
                        "text": "0"
                      },
                      {
                        "id": "b",
                        "text": "1"
                      },
                      {
                        "id": "c",
                        "text": "2"
                      },
                      {
                        "id": "d",
                        "text": "infinite"
                      }
                    ],
                    "correct_answer": {
                      "ids": [
                        "b"
                      ]
                    },
                    "question_type": "mcq_single",
                    "difficulty_level": "medium",
                    "explanation_html": "<p>The function is defined piecewise, and the individual pieces (|x|+3, -2x, 6x+2) are continuous on their respective intervals. We only need to check for continuity at the points where the definition of the function changes, which are x = -3 and x = 3.<br><br><b>Continuity at x = -3:</b><br>Left Hand Limit (LHL):<br>lim<sub>x→-3<sup>-</sup></sub> f(x) = lim<sub>x→-3<sup>-</sup></sub> (|x| + 3) = |-3| + 3 = 3 + 3 = 6<br>Right Hand Limit (RHL):<br>lim<sub>x→-3<sup>+</sup></sub> f(x) = lim<sub>x→-3<sup>+</sup></sub> (-2x) = -2(-3) = 6<br>Value of the function at x = -3:<br>f(-3) = |-3| + 3 = 3 + 3 = 6<br>Since LHL = RHL = f(-3), the function is continuous at x = -3.<br><br><b>Continuity at x = 3:</b><br>Left Hand Limit (LHL):<br>lim<sub>x→3<sup>-</sup></sub> f(x) = lim<sub>x→3<sup>-</sup></sub> (-2x) = -2(3) = -6<br>Right Hand Limit (RHL):<br>lim<sub>x→3<sup>+</sup></sub> f(x) = lim<sub>x→3<sup>+</sup></sub> (6x + 2) = 6(3) + 2 = 18 + 2 = 20<br>Since LHL ≠ RHL, the function is discontinuous at x = 3.<br><br>Thus, there is only one point of discontinuity, which is at x = 3.</p>"
                  }
                ]
              },
              {
                "chapter_name": "Application of Derivatives",
                "questions": [
                  {
                    "question_no": 5,
                    "question_html": "<p>The function f(x) = x<sup>3</sup> – 3x<sup>2</sup> + 12x – 18 is :</p>",
                    "options": [
                      {
                        "id": "a",
                        "text": "strictly decreasing on R"
                      },
                      {
                        "id": "b",
                        "text": "strictly increasing on R"
                      },
                      {
                        "id": "c",
                        "text": "neither strictly increasing nor strictly decreasing on R"
                      },
                      {
                        "id": "d",
                        "text": "strictly decreasing on (– ∞, 0)"
                      }
                    ],
                    "correct_answer": {
                      "ids": [
                        "b"
                      ]
                    },
                    "question_type": "mcq_single",
                    "difficulty_level": "easy",
                    "explanation_html": "<p>To determine if the function is increasing or decreasing, we need to find its first derivative, f'(x).<br>f(x) = x<sup>3</sup> – 3x<sup>2</sup> + 12x – 18<br>f'(x) = 3x<sup>2</sup> – 6x + 12<br>Now, we analyze the sign of f'(x).<br>f'(x) = 3(x<sup>2</sup> – 2x + 4)<br>To determine the sign of the quadratic expression x<sup>2</sup> – 2x + 4, we can check its discriminant (D = b<sup>2</sup> - 4ac).<br>a = 1, b = -2, c = 4<br>D = (-2)<sup>2</sup> - 4(1)(4) = 4 - 16 = -12<br>Since the discriminant D is negative (D < 0) and the leading coefficient a is positive (a = 1 > 0), the quadratic expression x<sup>2</sup> – 2x + 4 is always positive for all real values of x.<br>Therefore, f'(x) = 3 × (a positive value) > 0 for all x ∈ R.<br>Since f'(x) > 0 for all x in R, the function f(x) is strictly increasing on R.</p>"
                  }
                ]
              },
              {
                "chapter_name": "Integrals",
                "questions": [
                  {
                    "question_no": 6,
                    "question_html": "<p><i>&int;<sub>0</sub><sup>&pi;/2</sup> [(sin x - cos x) / (1 + sin x cos x)] dx</i> is equal to :</p>",
                    "options": [
                      {
                        "id": "a",
                        "text": "π"
                      },
                      {
                        "id": "b",
                        "text": "Zero (0)"
                      },
                      {
                        "id": "c",
                        "text": "<i>&int;<sub>0</sub><sup>&pi;/2</sup> [2 sin x / (1 + sin x cos x)] dx</i>"
                      },
                      {
                        "id": "d",
                        "text": "<i>&pi;<sup>2</sup> / 4</i>"
                      }
                    ],
                    "correct_answer": {
                      "ids": [
                        "b"
                      ]
                    },
                    "question_type": "mcq_single",
                    "difficulty_level": "medium",
                    "explanation_html": "<p>Let the given integral be I.<br>I = &int;<sub>0</sub><sup>&pi;/2</sup> [(sin x - cos x) / (1 + sin x cos x)] dx ---(1)<br>We use the property of definite integrals: &int;<sub>0</sub><sup>a</sup> f(x) dx = &int;<sub>0</sub><sup>a</sup> f(a-x) dx.<br>Here, a = π/2.<br>I = &int;<sub>0</sub><sup>&pi;/2</sup> [(sin(π/2-x) - cos(π/2-x)) / (1 + sin(π/2-x) cos(π/2-x))] dx<br>Using sin(π/2 - x) = cos x and cos(π/2 - x) = sin x, we get:<br>I = &int;<sub>0</sub><sup>&pi;/2</sup> [(cos x - sin x) / (1 + cos x sin x)] dx<br>I = &int;<sub>0</sub><sup>&pi;/2</sup> [-(sin x - cos x) / (1 + sin x cos x)] dx ---(2)<br>Now, add equation (1) and equation (2):<br>I + I = 0<br>2I = 0<br>I = 0</p>"
                  }
                ]
              },
              {
                "chapter_name": "Differential Equations",
                "questions": [
                  {
                    "question_no": 7,
                    "question_html": "<p>The differential equation <i>dy/dx = F(x, y)</i> will not be a homogeneous differential equation, if F(x, y) is :</p>",
                    "options": [
                      {
                        "id": "a",
                        "text": "<i>cos x - sin(y/x)</i>"
                      },
                      {
                        "id": "b",
                        "text": "<i>y / x</i>"
                      },
                      {
                        "id": "c",
                        "text": "<i>(x<sup>2</sup> + y<sup>2</sup>) / xy</i>"
                      },
                      {
                        "id": "d",
                        "text": "<i>cos<sup>2</sup>(x/y)</i>"
                      }
                    ],
                    "correct_answer": {
                      "ids": [
                        "a"
                      ]
                    },
                    "question_type": "mcq_single",
                    "difficulty_level": "medium",
                    "explanation_html": "<p>A function F(x, y) is called a homogeneous function of degree n if F(λx, λy) = λ<sup>n</sup>F(x, y) for any non-zero constant λ. A differential equation dy/dx = F(x, y) is homogeneous if F(x, y) is a homogeneous function of degree 0.<br>Let's check each option:<br><b>(A)</b> F(x, y) = cos x - sin(y/x)<br>F(λx, λy) = cos(λx) - sin(λy/λx) = cos(λx) - sin(y/x).<br>This cannot be expressed as λ<sup>0</sup>F(x, y). Thus, it is not a homogeneous function.<br><b>(B)</b> F(x, y) = y/x<br>F(λx, λy) = (λy)/(λx) = y/x = λ<sup>0</sup>F(x, y). This is homogeneous of degree 0.<br><b>(C)</b> F(x, y) = (x<sup>2</sup> + y<sup>2</sup>)/xy<br>F(λx, λy) = ((λx)<sup>2</sup> + (λy)<sup>2</sup>)/((λx)(λy)) = (λ<sup>2</sup>(x<sup>2</sup> + y<sup>2</sup>))/(λ<sup>2</sup>xy) = (x<sup>2</sup> + y<sup>2</sup>)/xy = λ<sup>0</sup>F(x, y). This is homogeneous of degree 0.<br><b>(D)</b> F(x, y) = cos<sup>2</sup>(x/y)<br>F(λx, λy) = cos<sup>2</sup>((λx)/(λy)) = cos<sup>2</sup>(x/y) = λ<sup>0</sup>F(x, y). This is homogeneous of degree 0.<br>The function in option (A) is not homogeneous, so the corresponding differential equation will not be homogeneous.</p>"
                  }
                ]
              },
              {
                "chapter_name": "Vector Algebra",
                "questions": [
                  {
                    "question_no": 8,
                    "question_html": "<p>For any two vectors <b>a</b> and <b>b</b>, which of the following statements is always true?</p>",
                    "options": [
                      {
                        "id": "a",
                        "text": "<i>|<b>a</b> &sdot; <b>b</b>| &ge; |<b>a</b>| |<b>b</b>|</i>"
                      },
                      {
                        "id": "b",
                        "text": "<i>|<b>a</b> &sdot; <b>b</b>| = |<b>a</b>| |<b>b</b>|</i>"
                      },
                      {
                        "id": "c",
                        "text": "<i>|<b>a</b> &sdot; <b>b</b>| &le; |<b>a</b>| |<b>b</b>|</i>"
                      },
                      {
                        "id": "d",
                        "text": "<i>|<b>a</b> &sdot; <b>b</b>| < |<b>a</b>| |<b>b</b>|</i>"
                      }
                    ],
                    "correct_answer": {
                      "ids": [
                        "c"
                      ]
                    },
                    "question_type": "mcq_single",
                    "difficulty_level": "easy",
                    "explanation_html": "<p>The definition of the dot product of two vectors <b>a</b> and <b>b</b> is given by:<br><b>a</b> &sdot; <b>b</b> = |<b>a</b>| |<b>b</b>| cos θ<br>where θ is the angle between the two vectors.<br>Taking the absolute value (magnitude) of both sides:<br>|<b>a</b> &sdot; <b>b</b>| = ||<b>a</b>| |<b>b</b>| cos θ|<br>Since |<b>a</b>| and |<b>b</b>| are magnitudes, they are non-negative. So,<br>|<b>a</b> &sdot; <b>b</b>| = |<b>a</b>| |<b>b</b>| |cos θ|<br>We know that for any angle θ, the value of |cos θ| is always between 0 and 1, inclusive. That is,<br>0 ≤ |cos θ| ≤ 1<br>Multiplying the inequality by |<b>a</b>| |<b>b</b>| (which is non-negative), we get:<br>0 ≤ |<b>a</b>| |<b>b</b>| |cos θ| ≤ |<b>a</b>| |<b>b</b>|<br>Substituting |<b>a</b> &sdot; <b>b</b>| back in, we get:<br>|<b>a</b> &sdot; <b>b</b>| ≤ |<b>a</b>| |<b>b</b>|<br>This inequality is known as the Cauchy-Schwarz inequality. The equality holds when the vectors are collinear (θ = 0 or θ = π), and the strict inequality holds otherwise.</p>"
                  }
                ]
              },
              {
                "chapter_name": "Three Dimensional Geometry",
                "questions": [
                  {
                    "question_no": 9,
                    "question_html": "<p>The coordinates of the foot of the perpendicular drawn from the point (0, 1, 2) on the x-axis are given by :</p>",
                    "options": [
                      {
                        "id": "a",
                        "text": "(1, 0, 0)"
                      },
                      {
                        "id": "b",
                        "text": "(2, 0, 0)"
                      },
                      {
                        "id": "c",
                        "text": "(√5, 0, 0)"
                      },
                      {
                        "id": "d",
                        "text": "(0, 0, 0)"
                      }
                    ],
                    "correct_answer": {
                      "ids": [
                        "d"
                      ]
                    },
                    "question_type": "mcq_single",
                    "difficulty_level": "easy",
                    "explanation_html": "<p>Let the given point be P(0, 1, 2).<br>The foot of the perpendicular from point P onto the x-axis will be a point on the x-axis. Any point on the x-axis has its y-coordinate and z-coordinate equal to zero. Let the coordinates of the foot of the perpendicular, M, be (x, 0, 0).<br>The direction ratios of the line segment PM are given by (x - 0, 0 - 1, 0 - 2), which is (x, -1, -2).<br>The direction ratios of the x-axis are (1, 0, 0).<br>Since PM is perpendicular to the x-axis, the dot product of their direction ratios must be zero.<br>(x)(1) + (-1)(0) + (-2)(0) = 0<br>x + 0 + 0 = 0<br>x = 0<br>Therefore, the coordinates of the foot of the perpendicular M are (0, 0, 0).</p>"
                  }
                ]
              },
              {
                "chapter_name": "Linear Programming",
                "questions": [
                  {
                    "question_no": 10,
                    "question_html": "<p>The common region determined by all the constraints of a linear programming problem is called :</p>",
                    "options": [
                      {
                        "id": "a",
                        "text": "an unbounded region"
                      },
                      {
                        "id": "b",
                        "text": "an optimal region"
                      },
                      {
                        "id": "c",
                        "text": "a bounded region"
                      },
                      {
                        "id": "d",
                        "text": "a feasible region"
                      }
                    ],
                    "correct_answer": {
                      "ids": [
                        "d"
                      ]
                    },
                    "question_type": "mcq_single",
                    "difficulty_level": "easy",
                    "explanation_html": "<p>By definition, in a linear programming problem, the common region determined by all the constraints, including the non-negativity constraints (x ≥ 0, y ≥ 0), is called the feasible region. Each point within this region represents a feasible solution to the problem. The optimal solution is a point within the feasible region that provides the best value (maximum or minimum) for the objective function.</p>"
                  }
                ]
              },
              {
                "chapter_name": "Probability",
                "questions": [
                  {
                    "question_no": 11,
                    "question_html": "<p>Let E be an event of a sample space S of an experiment, then P(S|E) =</p>",
                    "options": [
                      {
                        "id": "a",
                        "text": "P(S ∩ E)"
                      },
                      {
                        "id": "b",
                        "text": "P(E)"
                      },
                      {
                        "id": "c",
                        "text": "1"
                      },
                      {
                        "id": "d",
                        "text": "0"
                      }
                    ],
                    "correct_answer": {
                      "ids": [
                        "c"
                      ]
                    },
                    "question_type": "mcq_single",
                    "difficulty_level": "easy",
                    "explanation_html": "<p>The formula for conditional probability is:<br>P(A|B) = P(A ∩ B) / P(B)<br>In this case, A = S (the sample space) and B = E (an event).<br>So, P(S|E) = P(S ∩ E) / P(E).<br>The event E is a subset of the sample space S (E ⊆ S). The intersection of a set with its subset is the subset itself. Therefore, S ∩ E = E.<br>Substituting this into the formula:<br>P(S|E) = P(E) / P(E)<br>Assuming P(E) > 0 (for the conditional probability to be defined), we get:<br>P(S|E) = 1<br>This means that given event E has occurred, the probability that the outcome is in the sample space S is 1, which is certain.</p>"
                  }
                ]
              },
              {
                "chapter_name": "Matrices",
                "questions": [
                  {
                    "question_no": 12,
                    "question_html": "<p>If A = [a<sub>ij</sub>] be a 3 × 3 matrix, where a<sub>ij</sub> = i – 3j, then which of the following is false ?</p>",
                    "options": [
                      {
                        "id": "a",
                        "text": "a<sub>11</sub> < 0"
                      },
                      {
                        "id": "b",
                        "text": "a<sub>12</sub> + a<sub>21</sub> = -6"
                      },
                      {
                        "id": "c",
                        "text": "a<sub>13</sub> > a<sub>31</sub>"
                      },
                      {
                        "id": "d",
                        "text": "a<sub>31</sub> = 0"
                      }
                    ],
                    "correct_answer": {
                      "ids": [
                        "c"
                      ]
                    },
                    "question_type": "mcq_single",
                    "difficulty_level": "easy",
                    "explanation_html": "<p>We are given the rule a<sub>ij</sub> = i – 3j. Let's check each statement:<br><b>(A) a<sub>11</sub> < 0</b><br>a<sub>11</sub> = 1 - 3(1) = 1 - 3 = -2.<br>The statement -2 < 0 is true.<br><br><b>(B) a<sub>12</sub> + a<sub>21</sub> = -6</b><br>a<sub>12</sub> = 1 - 3(2) = 1 - 6 = -5.<br>a<sub>21</sub> = 2 - 3(1) = 2 - 3 = -1.<br>a<sub>12</sub> + a<sub>21</sub> = -5 + (-1) = -6.<br>The statement is true.<br><br><b>(C) a<sub>13</sub> > a<sub>31</sub></b><br>a<sub>13</sub> = 1 - 3(3) = 1 - 9 = -8.<br>a<sub>31</sub> = 3 - 3(1) = 3 - 3 = 0.<br>The statement is -8 > 0, which is false.<br><br><b>(D) a<sub>31</sub> = 0</b><br>a<sub>31</sub> = 3 - 3(1) = 3 - 3 = 0.<br>The statement is true.<br><br>The question asks for the false statement, which is (C).</p>"
                  }
                ]
              },
              {
                "chapter_name": "Continuity and Differentiability",
                "questions": [
                  {
                    "question_no": 13,
                    "question_html": "<p>The derivative of tan<sup>-1</sup>(x<sup>2</sup>) w.r.t. x is :</p>",
                    "options": [
                      {
                        "id": "a",
                        "text": "<i>x / (1+x<sup>4</sup>)</i>"
                      },
                      {
                        "id": "b",
                        "text": "<i>2x / (1+x<sup>4</sup>)</i>"
                      },
                      {
                        "id": "c",
                        "text": "<i>-2x / (1+x<sup>4</sup>)</i>"
                      },
                      {
                        "id": "d",
                        "text": "<i>1 / (1+x<sup>4</sup>)</i>"
                      }
                    ],
                    "correct_answer": {
                      "ids": [
                        "b"
                      ]
                    },
                    "question_type": "mcq_single",
                    "difficulty_level": "easy",
                    "explanation_html": "<p>Let y = tan<sup>-1</sup>(x<sup>2</sup>).<br>We need to find dy/dx. We use the chain rule.<br>The derivative of tan<sup>-1</sup>(u) with respect to u is 1/(1+u<sup>2</sup>).<br>The derivative of u = x<sup>2</sup> with respect to x is 2x.<br>According to the chain rule, dy/dx = (dy/du) * (du/dx).<br>Let u = x<sup>2</sup>. Then y = tan<sup>-1</sup>(u).<br>dy/du = 1 / (1 + u<sup>2</sup>) = 1 / (1 + (x<sup>2</sup>)<sup>2</sup>) = 1 / (1 + x<sup>4</sup>).<br>du/dx = 2x.<br>So, dy/dx = (1 / (1 + x<sup>4</sup>)) * (2x) = 2x / (1 + x<sup>4</sup>).</p>"
                  }
                ]
              },
              {
                "chapter_name": "Differential Equations",
                "questions": [
                  {
                    "question_no": 14,
                    "question_html": "<p>The degree of the differential equation (y'')<sup>2</sup> + (y')<sup>3</sup> = x sin(y') is :</p>",
                    "options": [
                      {
                        "id": "a",
                        "text": "1"
                      },
                      {
                        "id": "b",
                        "text": "2"
                      },
                      {
                        "id": "c",
                        "text": "3"
                      },
                      {
                        "id": "d",
                        "text": "not defined"
                      }
                    ],
                    "correct_answer": {
                      "ids": [
                        "d"
                      ]
                    },
                    "question_type": "mcq_single",
                    "difficulty_level": "easy",
                    "explanation_html": "<p>The degree of a differential equation is the power of the highest order derivative, provided the equation is a polynomial in its derivatives.<br>The given differential equation is (y'')<sup>2</sup> + (y')<sup>3</sup> = x sin(y').<br>The highest order derivative is y'' (the second derivative).<br>However, the equation contains the term sin(y'). The sine function is a transcendental function. When the argument of such a function is a derivative (like y'), the differential equation is not a polynomial in its derivatives.<br>The Maclaurin series for sin(u) is u - u<sup>3</sup>/3! + u<sup>5</sup>/5! - ...<br>So, sin(y') = (y') - (y')<sup>3</sup>/3! + (y')<sup>5</sup>/5! - ...<br>This is an infinite series in terms of y', so the equation cannot be written as a finite polynomial in y', y'', etc.<br>Therefore, the degree of this differential equation is not defined.</p>"
                  }
                ]
              },
              {
                "chapter_name": "Vector Algebra",
                "questions": [
                  {
                    "question_no": 15,
                    "question_html": "<p>The unit vector perpendicular to both vectors <b>i</b> + <b>k</b> and <b>i</b> - <b>k</b> is:</p>",
                    "options": [
                      {
                        "id": "a",
                        "text": "<i>2<b>j</b></i>"
                      },
                      {
                        "id": "b",
                        "text": "<i><b>j</b></i>"
                      },
                      {
                        "id": "c",
                        "text": "<i>(<b>i</b> - <b>k</b>) / √2</i>"
                      },
                      {
                        "id": "d",
                        "text": "<i>(<b>i</b> + <b>k</b>) / √2</i>"
                      }
                    ],
                    "correct_answer": {
                      "ids": [
                        "b"
                      ]
                    },
                    "question_type": "mcq_single",
                    "difficulty_level": "easy",
                    "explanation_html": "<p>Let <b>a</b> = <b>i</b> + <b>k</b> and <b>b</b> = <b>i</b> - <b>k</b>.<br>A vector perpendicular to both <b>a</b> and <b>b</b> is given by their cross product, <b>a</b> × <b>b</b>.<br><b>a</b> × <b>b</b> = | <b>i</b> &nbsp; <b>j</b> &nbsp; <b>k</b> | / | 1 &nbsp; 0 &nbsp; 1 | / | 1 &nbsp; 0 &nbsp; -1 | = 2<b>j</b><br>This vector, 2<b>j</b>, is perpendicular to both given vectors. Now we need to find the unit vector in this direction. A unit vector <b>n</b> is given by <b>v</b> / |<b>v</b>|.<br>Let <b>v</b> = 2<b>j</b>.<br>The magnitude of <b>v</b> is |<b>v</b>| = 2.<br>The unit vector is <b>n</b> = 2<b>j</b> / 2 = <b>j</b>.</p>"
                  }
                ]
              },
              {
                "chapter_name": "Three Dimensional Geometry",
                "questions": [
                  {
                    "question_no": 16,
                    "question_html": "<p>Direction ratios of a vector parallel to line <i>(x-1)/2 = -y = (2z+1)/6</i> are :</p>",
                    "options": [
                      {
                        "id": "a",
                        "text": "2, -1, 6"
                      },
                      {
                        "id": "b",
                        "text": "2, 1, 6"
                      },
                      {
                        "id": "c",
                        "text": "2, 1, 3"
                      },
                      {
                        "id": "d",
                        "text": "2, -1, 3"
                      }
                    ],
                    "correct_answer": {
                      "ids": [
                        "d"
                      ]
                    },
                    "question_type": "mcq_single",
                    "difficulty_level": "easy",
                    "explanation_html": "<p>The standard form for the equation of a line in 3D is (x-x1)/a = (y-y1)/b = (z-z1)/c, where (a, b, c) are the direction ratios of the line.<br>We need to convert the given equation into this standard form.<br>Given equation: (x-1)/2 = -y = (2z+1)/6<br>Standard form: (x-1)/2 = (y-0)/-1 = (z + 1/2)/3<br>The direction ratios (a, b, c) are the denominators, which are (2, -1, 3).</p>"
                  }
                ]
              },
              {
                "chapter_name": "Matrices",
                "questions": [
                  {
                    "question_no": 17,
                    "question_html": "<p>If F(x) = [ cos x &nbsp; -sin x &nbsp; 0 ] / [ sin x &nbsp; cos x &nbsp; 0 ] / [ 0 &nbsp; 0 &nbsp; 1 ] and [F(x)]<sup>2</sup> = F(kx), then the value of k is :</p>",
                    "options": [
                      {
                        "id": "a",
                        "text": "1"
                      },
                      {
                        "id": "b",
                        "text": "2"
                      },
                      {
                        "id": "c",
                        "text": "0"
                      },
                      {
                        "id": "d",
                        "text": "-2"
                      }
                    ],
                    "correct_answer": {
                      "ids": [
                        "b"
                      ]
                    },
                    "question_type": "mcq_single",
                    "difficulty_level": "medium",
                    "explanation_html": "<p>We need to compute [F(x)]<sup>2</sup>, which is F(x) * F(x).<br>[F(x)]<sup>2</sup> = [ cos(2x) &nbsp; -sin(2x) &nbsp; 0 ] / [ sin(2x) &nbsp; cos(2x) &nbsp; 0 ] / [ 0 &nbsp; 0 &nbsp; 1 ]<br>By the definition of F(x), this resulting matrix is F(2x).<br>We are given that [F(x)]<sup>2</sup> = F(kx).<br>Therefore, F(2x) = F(kx).<br>By comparing the arguments, we get k = 2.</p>"
                  }
                ]
              },
              {
                "chapter_name": "Three Dimensional Geometry",
                "questions": [
                  {
                    "question_no": 18,
                    "question_html": "<p>If a line makes an angle of 30° with the positive direction of x-axis, 120° with the positive direction of y-axis, then the angle which it makes with the positive direction of z-axis is :</p>",
                    "options": [
                      {
                        "id": "a",
                        "text": "90°"
                      },
                      {
                        "id": "b",
                        "text": "120°"
                      },
                      {
                        "id": "c",
                        "text": "60°"
                      },
                      {
                        "id": "d",
                        "text": "0°"
                      }
                    ],
                    "correct_answer": {
                      "ids": [
                        "a"
                      ]
                    },
                    "question_type": "mcq_single",
                    "difficulty_level": "easy",
                    "explanation_html": "<p>Let the angles that the line makes with the positive x, y, and z axes be α, β, and γ, respectively.<br>We are given α = 30° and β = 120°.<br>The direction cosines of the line are l = cos α, m = cos β, and n = cos γ.<br>l<sup>2</sup> + m<sup>2</sup> + n<sup>2</sup> = 1<br>cos<sup>2</sup>(30°) + cos<sup>2</sup>(120°) + cos<sup>2</sup>γ = 1<br>3/4 + 1/4 + cos<sup>2</sup>γ = 1<br>1 + cos<sup>2</sup>γ = 1<br>cos<sup>2</sup>γ = 0<br>γ = 90°.</p>"
                  }
                ]
              },
              {
                "chapter_name": "Matrices",
                "questions": [
                  {
                    "question_no": 19,
                    "question_html": "<p><b>Assertion (A):</b> For any symmetric matrix A, B'AB is a skew-symmetric matrix.<br><b>Reason (R):</b> A square matrix P is skew-symmetric if P' = – P.</p>",
                    "options": [
                      {
                        "id": "a",
                        "text": "Both Assertion (A) and Reason (R) are true and Reason (R) is the correct explanation of the Assertion (A)."
                      },
                      {
                        "id": "b",
                        "text": "Both Assertion (A) and Reason (R) are true, but Reason (R) is not the correct explanation of the Assertion (A)."
                      },
                      {
                        "id": "c",
                        "text": "Assertion (A) is true, but Reason (R) is false."
                      },
                      {
                        "id": "d",
                        "text": "Assertion (A) is false, but Reason (R) is true."
                      }
                    ],
                    "correct_answer": {
                      "ids": [
                        "d"
                      ]
                    },
                    "question_type": "mcq_single",
                    "difficulty_level": "medium",
                    "explanation_html": "<p><b>Analysis of Reason (R):</b><br>The statement 'A square matrix P is skew-symmetric if P' = – P' is the definition of a skew-symmetric matrix. Thus, Reason (R) is true.<br><br><b>Analysis of Assertion (A):</b><br>Let P = B'AB. P' = (B'AB)' = B'A'(B')' = B'AB. Since P' = P, B'AB is symmetric. Assertion (A) is false.</p>"
                  }
                ]
              },
              {
                "chapter_name": "Vector Algebra",
                "questions": [
                  {
                    "question_no": 20,
                    "question_html": "<p><b>Assertion (A):</b> For two non-zero vectors <b>a</b> and <b>b</b>, <b>a</b> &sdot; <b>b</b> = <b>b</b> &sdot; <b>a</b>.<br><b>Reason (R):</b> For two non-zero vectors <b>a</b> and <b>b</b>, <b>a</b> × <b>b</b> = <b>b</b> × <b>a</b>.</p>",
                    "options": [
                      {
                        "id": "a",
                        "text": "Both Assertion (A) and Reason (R) are true and Reason (R) is the correct explanation of the Assertion (A)."
                      },
                      {
                        "id": "b",
                        "text": "Both Assertion (A) and Reason (R) are true, but Reason (R) is not the correct explanation of the Assertion (A)."
                      },
                      {
                        "id": "c",
                        "text": "Assertion (A) is true, but Reason (R) is false."
                      },
                      {
                        "id": "d",
                        "text": "Assertion (A) is false, but Reason (R) is true."
                      }
                    ],
                    "correct_answer": {
                      "ids": [
                        "c"
                      ]
                    },
                    "question_type": "mcq_single",
                    "difficulty_level": "easy",
                    "explanation_html": "<p><b>Analysis of Assertion (A):</b><br>The dot product is commutative, so <b>a</b> &sdot; <b>b</b> = <b>b</b> &sdot; <b>a</b>. Assertion (A) is true.<br><br><b>Analysis of Reason (R):</b><br>The cross product is anti-commutative: <b>a</b> × <b>b</b> = - (<b>b</b> × <b>a</b>). Reason (R) is false.</p>"
                  }
                ]
              },
              {
                "chapter_name": "Inverse Trigonometric Functions",
                "questions": [
                  {
                    "question_no": 21,
                    "question_html": "<p>(a) Find the value of tan<sup>-1</sup>(-1/√3) + cot<sup>-1</sup>(1/√3) + tan<sup>-1</sup>[sin(-π/2)].</p><p><b>OR</b></p><p>(b) Find the domain of the function f(x) = sin<sup>-1</sup>(x<sup>2</sup> – 4). Also, find its range.</p>",
                    "options": [],
                    "correct_answer": {
                      "text": "<p><b>(a)</b> Value = -π/6 + π/3 + (-π/4) = -π/12</p><p><b>OR</b></p><p><b>(b)</b> -1 ≤ x<sup>2</sup> - 4 ≤ 1 ⇒ 3 ≤ x<sup>2</sup> ≤ 5. Domain = [-√5, -√3] ∪ [√3, √5]. Range = [-π/2, π/2].</p>"
                    },
                    "question_type": "Very Short Answer (2 marks)",
                    "difficulty_level": "Medium",
                    "explanation_html": null
                  }
                ]
              },
              {
                "chapter_name": "Continuity and Differentiability",
                "questions": [
                  {
                    "question_no": 22,
                    "question_html": "<p>(a) If f(x) = |tan 2x|, then find the value of f'(x) at x = π/3.</p><p><b>OR</b></p><p>(b) If y = cosec(cot<sup>-1</sup>x), then prove that √1+x<sup>2</sup> (dy/dx) - x = 0.</p>",
                    "options": [],
                    "correct_answer": {
                      "text": "<p><b>(a)</b> f(x) = -tan 2x in the neighborhood of π/3. f'(x) = -2 sec<sup>2</sup> 2x. f'(π/3) = -2(-2)<sup>2</sup> = -8.</p><p><b>OR</b></p><p><b>(b)</b> y = √(1+x<sup>2</sup>). dy/dx = x / √(1+x<sup>2</sup>). Hence, √(1+x<sup>2</sup>) dy/dx - x = 0.</p>"
                    },
                    "question_type": "Very Short Answer (2 marks)",
                    "difficulty_level": "Medium",
                    "explanation_html": null
                  }
                ]
              },
              {
                "chapter_name": "Application of Derivatives",
                "questions": [
                  {
                    "question_no": 23,
                    "question_html": "<p>If M and m denote the local maximum and local minimum values of the function f(x) = x + 1/x (x ≠ 0) respectively, find the value of (M – m).</p>",
                    "options": [],
                    "correct_answer": {
                      "text": "<p>f'(x) = 1 - 1/x<sup>2</sup>. f'(x)=0 at x=±1. M = f(-1) = -2, m = f(1) = 2. M - m = -4.</p>"
                    },
                    "question_type": "Very Short Answer (2 marks)",
                    "difficulty_level": "Medium",
                    "explanation_html": null
                  }
                ]
              },
              {
                "chapter_name": "Integrals",
                "questions": [
                  {
                    "question_no": 24,
                    "question_html": "<p>Find ∫ (e<sup>4x</sup> - 1) / (e<sup>4x</sup> + 1) dx</p>",
                    "options": [],
                    "correct_answer": {
                      "text": "<p>Integral = ∫ (e<sup>2x</sup> - e<sup>-2x</sup>) / (e<sup>2x</sup> + e<sup>-2x</sup>) dx = (1/2) log|e<sup>2x</sup> + e<sup>-2x</sup>| + C.</p>"
                    },
                    "question_type": "Very Short Answer (2 marks)",
                    "difficulty_level": "Easy",
                    "explanation_html": null
                  }
                ]
              },
              {
                "chapter_name": "Application of Derivatives",
                "questions": [
                  {
                    "question_no": 25,
                    "question_html": "<p>Show that f(x) = e<sup>x</sup> – e<sup>-x</sup> + x – tan<sup>-1</sup>x is strictly increasing in its domain.</p>",
                    "options": [],
                    "correct_answer": {
                      "text": "<p>f'(x) = e<sup>x</sup> + e<sup>-x</sup> + 1 - 1/(1+x<sup>2</sup>) = e<sup>x</sup> + e<sup>-x</sup> + x<sup>2</sup>/(1+x<sup>2</sup>). Since f'(x) > 0 for all x, f is strictly increasing.</p>"
                    },
                    "question_type": "Very Short Answer (2 marks)",
                    "difficulty_level": "Medium",
                    "explanation_html": null
                  }
                ]
              },
              {
                "chapter_name": "Continuity and Differentiability",
                "questions": [
                  {
                    "question_no": 26,
                    "question_html": "<p>(a) If x = e<sup>cos 3t</sup> and y = e<sup>sin 3t</sup>, prove that dy/dx = - (y log x) / (x log y).</p><p><b>OR</b></p><p>(b) Show that: d/dx(|x|) = x/|x|, x ≠ 0</p>",
                    "options": [],
                    "correct_answer": {
                      "text": "<p><b>(a)</b> dy/dx = (dy/dt)/(dx/dt) = (e<sup>sin3t</sup> &sdot; cos3t &sdot; 3) / (e<sup>cos3t</sup> &sdot; -sin3t &sdot; 3) = -y log x / x log y.</p><p><b>OR</b></p><p><b>(b)</b> |x| = √(x<sup>2</sup>). d/dx(√(x<sup>2</sup>)) = (1/2√(x<sup>2</sup>)) &sdot; 2x = x/|x|.</p>"
                    },
                    "question_type": "Short Answer (3 marks)",
                    "difficulty_level": "Medium",
                    "explanation_html": null
                  }
                ]
              },
              {
                "chapter_name": "Integrals",
                "questions": [
                  {
                    "question_no": 27,
                    "question_html": "<p>(a) Evaluate: ∫<sub>-2</sub><sup>2</sup> √(2-x)/(2+x) dx</p><p><b>OR</b></p><p>(b) Find: ∫ 1 / (x[(log x)<sup>2</sup> – 3 log x – 4]) dx</p>",
                    "options": [],
                    "correct_answer": {
                      "text": "<p><b>(a)</b> ∫<sub>-2</sub><sup>2</sup> (2-x)/√(4-x<sup>2</sup>) dx = 2∫<sub>-2</sub><sup>2</sup> dx/√(4-x<sup>2</sup>) - 0 = 4[sin<sup>-1</sup>(x/2)]<sub>0</sub><sup>2</sup> = 2π.</p><p><b>OR</b></p><p><b>(b)</b> Put log x = t. ∫ dt / (t<sup>2</sup>-3t-4) = (1/5) log |(t-4)/(t+1)| + C = (1/5) log |(log x - 4)/(log x + 1)| + C.</p>"
                    },
                    "question_type": "Short Answer (3 marks)",
                    "difficulty_level": "Hard",
                    "explanation_html": null
                  }
                ]
              },
              {
                "chapter_name": "Differential Equations",
                "questions": [
                  {
                    "question_no": 28,
                    "question_html": "<p>(a) Find the particular solution of the differential equation given by 2xy + y<sup>2</sup> – 2x<sup>2</sup>(dy/dx) = 0; y = 2, when x = 1.</p><p><b>OR</b></p><p>(b) Find the general solution of the differential equation : y dx = (x + 2y<sup>2</sup>) dy</p>",
                    "options": [],
                    "correct_answer": {
                      "text": "<p><b>(a)</b> dy/dx = y/x + (y/x)<sup>2</sup>/2. Put y=vx. x dv/dx = v<sup>2</sup>/2. Solution: y = 2x / (1 - log|x|).</p><p><b>OR</b></p><p><b>(b)</b> dx/dy - x/y = 2y. IF = 1/y. x/y = 2y + C ⇒ x = 2y<sup>2</sup> + Cy.</p>"
                    },
                    "question_type": "Short Answer (3 marks)",
                    "difficulty_level": "Hard",
                    "explanation_html": null
                  }
                ]
              },
              {
                "chapter_name": "Vector Algebra",
                "questions": [
                  {
                    "question_no": 29,
                    "question_html": "<p>The position vectors of vertices of ΔABC are A(2<b>i</b> - <b>j</b> + <b>k</b>), B(<b>i</b> – 3<b>j</b> – 5<b>k</b>) and C(3<b>i</b> – 4<b>j</b> – 4<b>k</b>). Find all the angles of ΔABC.</p>",
                    "options": [],
                    "correct_answer": {
                      "text": "<p>Using dot product: A = cos<sup>-1</sup>(√35/√41), B = cos<sup>-1</sup>(√6/√41), C = π/2.</p>"
                    },
                    "question_type": "Short Answer (3 marks)",
                    "difficulty_level": "Medium",
                    "explanation_html": null
                  }
                ]
              },
              {
                "chapter_name": "Probability",
                "questions": [
                  {
                    "question_no": 30,
                    "question_html": "<p>A pair of dice is thrown simultaneously. If X denotes the absolute difference of the numbers appearing on top of the dice, then find the probability distribution of X.</p>",
                    "options": [],
                    "correct_answer": {
                      "text": "<p>X: 0, 1, 2, 3, 4, 5. P(X): 6/36, 10/36, 8/36, 6/36, 4/36, 2/36 respectively.</p>"
                    },
                    "question_type": "Short Answer (3 marks)",
                    "difficulty_level": "Medium",
                    "explanation_html": null
                  }
                ]
              },
              {
                "chapter_name": "Integrals",
                "questions": [
                  {
                    "question_no": 31,
                    "question_html": "<p>Find: ∫ x<sup>2</sup> sin<sup>-1</sup>(x<sup>3/2</sup>) dx</p>",
                    "options": [],
                    "correct_answer": {
                      "text": "<p>Put t = x<sup>3/2</sup>. I = (2/3) ∫ t sin<sup>-1</sup>t dt. Using IBP: I = [(2x<sup>3</sup>-1)/6] sin<sup>-1</sup>(x<sup>3/2</sup>) + [x<sup>3/2</sup>/6] √(1-x<sup>3</sup>) + C.</p>"
                    },
                    "question_type": "Short Answer (3 marks)",
                    "difficulty_level": "Hard",
                    "explanation_html": null
                  }
                ]
              },
              {
                "chapter_name": "Relations and Functions",
                "questions": [
                  {
                    "question_no": 32,
                    "question_html": "<p>(a) Show that a function f : R → R defined by f(x) = 2x / (1+x<sup>2</sup>) is neither one-one nor onto. Further, find set A so that the given function f : R → A becomes an onto function.</p><p><b>OR</b></p><p>(b) A relation R is defined on N × N (where N is the set of natural numbers) as: (a, b) R (c, d) ⇔ a + d = b + c. Show that R is an equivalence relation.</p>",
                    "options": [],
                    "correct_answer": {
                      "text": "<p><b>(a)</b> Not one-one because f(2)=f(1/2)=4/5. Range is [-1,1], so codomain A must be [-1,1].</p><p><b>OR</b></p><p><b>(b)</b> R is reflexive (a+b=b+a), symmetric (a+d=b+c ⇒ c+b=d+a), and transitive (a+d=b+c, c+f=d+e ⇒ a+f=b+e).</p>"
                    },
                    "question_type": "Long Answer (5 marks)",
                    "difficulty_level": "Medium",
                    "explanation_html": null
                  }
                ]
              },
              {
                "chapter_name": "Three Dimensional Geometry",
                "questions": [
                  {
                    "question_no": 33,
                    "question_html": "<p>Find the equation of the line which bisects the line segment joining points A(2, 3, 4) and B(4, 5, 8) and is perpendicular to the lines (x-8)/3 = (y+19)/-16 = (z-10)/7 and (x-15)/3 = (y-29)/8 = (z-5)/-5.</p>",
                    "options": [],
                    "correct_answer": {
                      "text": "<p>Midpoint = (3,4,6). Direction ratios using cross product: (2,3,6). Equation: (x-3)/2 = (y-4)/3 = (z-6)/6.</p>"
                    },
                    "question_type": "Long Answer (5 marks)",
                    "difficulty_level": "Medium",
                    "explanation_html": null
                  }
                ]
              },
              {
                "chapter_name": "Matrices",
                "questions": [
                  {
                    "question_no": 34,
                    "question_html": "<p>(a) Solve the following system of equations, using matrices: 2/x + 3/y + 10/z = 4, 4/x - 6/y + 5/z = 1, 6/x + 9/y - 20/z = 2, where x, y, z ≠ 0</p><p><b>OR</b></p><p>(b) If A = [[1, cot x], [-cot x, 1]], show that A'A<sup>-1</sup> = [[-cos 2x, -sin 2x], [sin 2x, -cos 2x]].</p>",
                    "options": [],
                    "correct_answer": {
                      "text": "<p><b>(a)</b> x=2, y=3, z=5.</p><p><b>OR</b></p><p><b>(b)</b> Calculated using Matrix inverse formula and trigonometric identities.</p>"
                    },
                    "question_type": "Long Answer (5 marks)",
                    "difficulty_level": "Hard",
                    "explanation_html": null
                  }
                ]
              },
              {
                "chapter_name": "Application of Integrals",
                "questions": [
                  {
                    "question_no": 35,
                    "question_html": "<p>If A<sub>1</sub> denotes the area of region bounded by y<sup>2</sup> = 4x, x = 1 and x-axis in the first quadrant and A<sub>2</sub> denotes the area of region bounded by y<sup>2</sup> = 4x, x = 4 in the first quadrant, find A<sub>1</sub> : A<sub>2</sub>.</p>",
                    "options": [],
                    "correct_answer": {
                      "text": "<p>A1 = 4/3, A2 = 32/3. Ratio A1:A2 = 1:8.</p>"
                    },
                    "question_type": "Long Answer (5 marks)",
                    "difficulty_level": "Medium",
                    "explanation_html": null
                  }
                ]
              },
              {
                "chapter_name": "Application of Derivatives",
                "questions": [
                  {
                    "question_no": 36,
                    "question_html": "<p><b>Case Study – 1</b></p><p>The relation between fuel consumption F (l/100 km) and speed V (km/h) is given by F = V<sup>2</sup>/500 - V/4 + 14.</p><p>On the basis of the above information, answer the following questions:</p><p>(i) Find F, when V = 40 km/h.</p><p>(ii) Find dF/dV.</p><p>(iii) (a) Find the speed V for which fuel consumption F is minimum.</p><p><b>OR</b></p><p>(iii) (b) Find the quantity of fuel required to travel 600 km at the speed V at which dF/dV = -0.01.</p>",
                    "images": [
                      {
                        "url": "https://img.testbuddyai.com/Maths-65-2-24-Q36.png"
                      }
                    ],
                    "options": [],
                    "correct_answer": {
                      "text": "<p><b>(i)</b> When V = 40, F = (40)<sup>2</sup>/500 - 40/4 + 14 = 1600/500 - 10 + 14 = 3.2 + 4 = 7.2 l/100km.</p><p><b>(ii)</b> dF/dV = (2V)/500 - 1/4 = V/250 - 1/4.</p><p><b>(iii) (a)</b> For minimum fuel consumption, set dF/dV = 0.</p><p>V/250 - 1/4 = 0 ⇒ V = 250/4 = 62.5 km/h.</p><p>Since d<sup>2</sup>F/dV<sup>2</sup> = 1/250 > 0, this is a minimum.</p><p><b>OR</b></p><p><b>(iii) (b)</b> Given dF/dV = -0.01.</p><p>V/250 - 1/4 = -0.01 ⇒ V/250 = 0.25 - 0.01 = 0.24 ⇒ V = 0.24 * 250 = 60 km/h.</p><p>At V = 60 km/h, F = (60)<sup>2</sup>/500 - 60/4 + 14 = 3600/500 - 15 + 14 = 7.2 - 1 = 6.2 l/100km.</p><p>Fuel required for 600 km = (6.2 l / 100 km) * 600 km = 6.2 * 6 = 37.2 litres.</p>"
                    },
                    "question_type": "Case-based Subjective",
                    "difficulty_level": "Medium",
                    "explanation_html": null
                  }
                ]
              },
              {
                "chapter_name": "Linear Programming",
                "questions": [
                  {
                    "question_no": 37,
                    "question_html": "<p><b>Case Study – 2</b></p><p>A dietician wishes to minimize the cost of a diet involving two types of foods, food X (x kg) and food Y (y kg) which are available at the rate of ₹16/kg and ₹20/kg respectively. The feasible region satisfying the constraints is shown in a figure with corner points A(10, 0), B(2, 4), C(1, 5), D(0, 8).</p><p>On the basis of the above information, answer the following questions:</p><p>(i) Identify and write all the constraints which determine the given feasible region.</p><p>(ii) If the objective is to minimize cost Z = 16x + 20y, find the values of x and y at which cost is minimum. Also, find the minimum cost.</p>",
                    "images": [
                      {
                        "url": "https://img.testbuddyai.com/Maths-65-2-24-Q37.png"
                      }
                    ],
                    "options": [],
                    "correct_answer": {
                      "text": "<p><b>(i)</b> The constraints are the inequalities corresponding to the lines forming the boundary of the feasible region.</p><p>Line passing through (10,0) and (2,4) is x + 2y = 10. Since the region is above, the constraint is x + 2y ≥ 10.</p><p>Line passing through (2,4) and (1,5) is x + y = 6. Since the region is above, the constraint is x + y ≥ 6.</p><p>Line passing through (1,5) and (0,8) is 3x + y = 8. Since the region is above, the constraint is 3x + y ≥ 8.</p><p>Also, x ≥ 0 and y ≥ 0.</p><p><b>(ii)</b> The objective function is Z = 16x + 20y.</p><p>We evaluate Z at the corner points:</p><p>At A(10, 0): Z = 16(10) + 20(0) = 160</p><p>At B(2, 4): Z = 16(2) + 20(4) = 32 + 80 = 112</p><p>At C(1, 5): Z = 16(1) + 20(5) = 16 + 100 = 116</p><p>At D(0, 8): Z = 16(0) + 20(8) = 160</p><p>The minimum cost is ₹112, which occurs at x = 2 and y = 4.</p>"
                    },
                    "question_type": "Case-based Subjective",
                    "difficulty_level": "Easy",
                    "explanation_html": null
                  }
                ]
              },
              {
                "chapter_name": "Probability",
                "questions": [
                  {
                    "question_no": 38,
                    "question_html": "<p><b>Case Study – 3</b></p><p>Let E<sub>1</sub> be the event of an airplane crash, and E<sub>2</sub> be the event of no crash. Let A be the event that passengers survive. Given: P(E<sub>1</sub>) = 0.00001% = 10<sup>-7</sup>, P(A|E<sub>1</sub>) = 95% = 0.95, and P(A|E<sub>2</sub>) = 1 (all survive if no crash).</p><p>Answer the following:</p><p>(i) Find the probability that the airplane will not crash, P(E<sub>2</sub>).</p><p>(ii) Find P(A | E<sub>1</sub>) + P(A | E<sub>2</sub>).</p><p>(iii) (a) Find the total probability of a passenger surviving, P(A).</p><p><b>OR</b></p><p>(iii) (b) Find the probability that there was no crash, given that a passenger survived, P(E<sub>2</sub> | A).</p>",
                    "images": [
                      {
                        "url": "https://img.testbuddyai.com/Maths-65-2-24-Q38.png"
                      }
                    ],
                    "options": [],
                    "correct_answer": {
                      "text": "<p><b>(i)</b> P(E<sub>2</sub>) = 1 - P(E<sub>1</sub>) = 1 - 10<sup>-7</sup> = 0.9999999.</p><p><b>(ii)</b> P(A | E<sub>1</sub>) + P(A | E<sub>2</sub>) = 0.95 + 1 = 1.95.</p><p><b>(iii) (a)</b> Using the law of total probability:</p><p>P(A) = P(E<sub>1</sub>)P(A|E<sub>1</sub>) + P(E<sub>2</sub>)P(A|E<sub>2</sub>)</p><p>P(A) = (10<sup>-7</sup>)(0.95) + (0.9999999)(1)</p><p>P(A) = 0.000000095 + 0.9999999 = 0.999999995</p><p><b>OR</b></p><p><b>(iii) (b)</b> Using Bayes' theorem:</p><p>P(E<sub>2</sub> | A) = [P(E<sub>2</sub>)P(A|E<sub>2</sub>)] / P(A)</p><p>P(E<sub>2</sub> | A) = [(0.9999999)(1)] / 0.999999995</p><p>P(E<sub>2</sub> | A) ≈ 0.999999905</p>"
                    },
                    "question_type": "Case-based Subjective",
                    "difficulty_level": "Medium",
                    "explanation_html": null
                  }
                ]
              }
            ]
          }
        ]
      }
    ]
  }
]