[
  {
    "exam_name_actual": "CBSE Board - Class 12 - Science",
    "main_exam_id_name_ref": "CBSE Board - Class 12 - Science",
    "years": [
      {
        "year": "2024",
        "papers_or_subjects": [
          {
            "paper_name": "CBSE Class 12 Science (Mathematics) Paper 2024 (QP Code: 65/3/1)",
            "subject_name": "Mathematics",
            "chapters": [
              {
                "chapter_name": "Matrices",
                "questions": [
                  {
                    "question_no": 1,
                    "question_html": "<p>If A = [a<sub>ij</sub>] is an identity matrix, then which of the following is true ?</p>",
                    "options": [
                      {
                        "id": "a",
                        "text": "a<sub>ij</sub> = \\(\\begin{cases} 0, & \\text{if } i=j \\\\ 1, & \\text{if } i \\neq j \\end{cases}\\)"
                      },
                      {
                        "id": "b",
                        "text": "a<sub>ij</sub> = 1, ∀ i, j"
                      },
                      {
                        "id": "c",
                        "text": "a<sub>ij</sub> = 0, ∀ i, j"
                      },
                      {
                        "id": "d",
                        "text": "a<sub>ij</sub> = \\(\\begin{cases} 0, & \\text{if } i \\neq j \\\\ 1, & \\text{if } i = j \\end{cases}\\)"
                      }
                    ],
                    "correct_answer": {
                      "ids": [
                        "d"
                      ]
                    },
                    "question_type": "mcq_single",
                    "difficulty_level": "easy",
                    "explanation_html": "<p>An identity matrix is a square matrix in which all the elements of the principal diagonal are ones and all other elements are zeros. Therefore, for an element a<sub>ij</sub>, if i = j (it's on the diagonal), the value is 1. If i ≠ j (it's an off-diagonal element), the value is 0. This corresponds to option (D).</p>"
                  }
                ]
              },
              {
                "chapter_name": "Relations and Functions",
                "questions": [
                  {
                    "question_no": 2,
                    "question_html": "<p>Let R<sub>+</sub> denote the set of all non-negative real numbers. Then the function f: R<sub>+</sub> → R<sub>+</sub> defined as f(x) = x² + 1 is :</p>",
                    "options": [
                      {
                        "id": "a",
                        "text": "one-one but not onto"
                      },
                      {
                        "id": "b",
                        "text": "onto but not one-one"
                      },
                      {
                        "id": "c",
                        "text": "both one-one and onto"
                      },
                      {
                        "id": "d",
                        "text": "neither one-one nor onto"
                      }
                    ],
                    "correct_answer": {
                      "ids": [
                        "a"
                      ]
                    },
                    "question_type": "mcq_single",
                    "difficulty_level": "medium",
                    "explanation_html": "<p><b>One-one check:</b><br>Let f(x₁) = f(x₂), for x₁, x₂ ∈ R<sub>+</sub>.<br>x₁² + 1 = x₂² + 1<br>x₁² = x₂²<br>Since x₁, x₂ are non-negative, we can take the positive square root, which gives x₁ = x₂.<br>Therefore, the function is one-one.<br><br><b>Onto check:</b><br>The domain is R<sub>+</sub> = [0, ∞). The codomain is also R<sub>+</sub> = [0, ∞).<br>Let's find the range of f(x) = x² + 1. Since x ≥ 0, the minimum value of x² is 0.<br>The minimum value of f(x) is 0² + 1 = 1.<br>As x increases, f(x) increases. So, the range of the function is [1, ∞).<br>The range [1, ∞) is a subset of the codomain [0, ∞) but is not equal to it (e.g., there is no x in the domain for which f(x) = 0.5).<br>Therefore, the function is not onto.<br>The function is one-one but not onto.</p>"
                  }
                ]
              },
              {
                "chapter_name": "Matrices",
                "questions": [
                  {
                    "question_no": 3,
                    "question_html": "<p>Let A = \\(\\begin{bmatrix} a & b \\\\ c & d \\end{bmatrix}\\) be a square matrix such that adj A = A. Then, (a + b + c + d) is equal to :</p>",
                    "options": [
                      {
                        "id": "a",
                        "text": "2a"
                      },
                      {
                        "id": "b",
                        "text": "2b"
                      },
                      {
                        "id": "c",
                        "text": "2c"
                      },
                      {
                        "id": "d",
                        "text": "0"
                      }
                    ],
                    "correct_answer": {
                      "ids": [
                        "a"
                      ]
                    },
                    "question_type": "mcq_single",
                    "difficulty_level": "medium",
                    "explanation_html": "<p>For a 2x2 matrix A = \\(\\begin{bmatrix} a & b \\\\ c & d \\end{bmatrix}\\), the adjugate is adj A = \\(\\begin{bmatrix} d & -b \\\\ -c & a \\end{bmatrix}\\).<br>We are given that adj A = A.<br>\\(\\begin{bmatrix} d & -b \\\\ -c & a \\end{bmatrix}\\) = \\(\\begin{bmatrix} a & b \\\\ c & d \\end{bmatrix}\\)<br>Equating the corresponding elements:<br>1. d = a<br>2. -b = b  => 2b = 0 => b = 0<br>3. -c = c  => 2c = 0 => c = 0<br>4. a = d (consistent with the first equation)<br>Now we find the value of (a + b + c + d).<br>Substituting the values we found:<br>a + 0 + 0 + a = 2a.</p>"
                  }
                ]
              },
              {
                "chapter_name": "Continuity and Differentiability",
                "questions": [
                  {
                    "question_no": 4,
                    "question_html": "<p>A function f(x) = |1 − x + |x|| is:</p>",
                    "options": [
                      {
                        "id": "a",
                        "text": "discontinuous at x = 1 only"
                      },
                      {
                        "id": "b",
                        "text": "discontinuous at x = 0 only"
                      },
                      {
                        "id": "c",
                        "text": "discontinuous at x = 0, 1"
                      },
                      {
                        "id": "d",
                        "text": "continuous everywhere"
                      }
                    ],
                    "correct_answer": {
                      "ids": [
                        "d"
                      ]
                    },
                    "question_type": "mcq_single",
                    "difficulty_level": "medium",
                    "explanation_html": "<p>We can define the function piecewise by considering the definition of |x|.<br><b>Case 1: x ≥ 0</b><br>In this case, |x| = x.<br>f(x) = |1 - x + x| = |1| = 1.<br><b>Case 2: x < 0</b><br>In this case, |x| = -x.<br>f(x) = |1 - x - x| = |1 - 2x|.<br>So, the function is f(x) = \\(\\begin{cases} 1, & \\text{if } x \\geq 0 \\\\ |1-2x|, & \\text{if } x < 0 \\end{cases}\\)<br>For x > 0, f(x) = 1 is a constant function, which is continuous.<br>For x < 0, f(x) = |1 - 2x|. Since x < 0, 1 - 2x is always positive. So, f(x) = 1 - 2x, which is a polynomial and thus continuous.<br>We only need to check for continuity at x = 0.<br><b>Left Hand Limit (LHL):</b> lim<sub>x→0⁻</sub> f(x) = lim<sub>x→0⁻</sub> |1 - 2x| = |1 - 0| = 1.<br><b>Right Hand Limit (RHL):</b> lim<sub>x→0⁺</sub> f(x) = lim<sub>x→0⁺</sub> 1 = 1.<br><b>Value at x=0:</b> f(0) = 1.<br>Since LHL = RHL = f(0), the function is continuous at x = 0.<br>Therefore, the function is continuous everywhere.</p>"
                  }
                ]
              },
              {
                "chapter_name": "Application of Derivatives",
                "questions": [
                  {
                    "question_no": 5,
                    "question_html": "<p>If the sides of a square are decreasing at the rate of 1·5 cm/s, the rate of decrease of its perimeter is :</p>",
                    "options": [
                      {
                        "id": "a",
                        "text": "1.5 cm/s"
                      },
                      {
                        "id": "b",
                        "text": "6 cm/s"
                      },
                      {
                        "id": "c",
                        "text": "3 cm/s"
                      },
                      {
                        "id": "d",
                        "text": "2.25 cm/s"
                      }
                    ],
                    "correct_answer": {
                      "ids": [
                        "b"
                      ]
                    },
                    "question_type": "mcq_single",
                    "difficulty_level": "easy",
                    "explanation_html": "<p>Let 's' be the side length of the square and 'P' be its perimeter.<br>The perimeter of a square is given by the formula P = 4s.<br>We are given the rate of change of the side length with respect to time, which is ds/dt.<br>Since the side is decreasing, the rate is negative: ds/dt = -1.5 cm/s.<br>We need to find the rate of change of the perimeter, dP/dt.<br>Differentiate the perimeter formula with respect to time t:<br>dP/dt = d/dt(4s) = 4 * (ds/dt)<br>Substitute the given value of ds/dt:<br>dP/dt = 4 * (-1.5) = -6 cm/s.<br>The negative sign indicates a decrease. The rate of decrease is 6 cm/s.</p>"
                  }
                ]
              },
              {
                "chapter_name": "Integrals",
                "questions": [
                  {
                    "question_no": 6,
                    "question_html": "<p>∫<sub>-a</sub><sup>a</sup> f(x) dx = 0, if :</p>",
                    "options": [
                      {
                        "id": "a",
                        "text": "f(-x) = f(x)"
                      },
                      {
                        "id": "b",
                        "text": "f(-x) = − f(x)"
                      },
                      {
                        "id": "c",
                        "text": "f(a – x) = f(x)"
                      },
                      {
                        "id": "d",
                        "text": "f(a – x) = − f(x)"
                      }
                    ],
                    "correct_answer": {
                      "ids": [
                        "b"
                      ]
                    },
                    "question_type": "mcq_single",
                    "difficulty_level": "easy",
                    "explanation_html": "<p>This question refers to a property of definite integrals over a symmetric interval [-a, a].<br>The property states that if f(x) is an odd function, then the integral from -a to a is zero.<br>A function f(x) is defined as an odd function if it satisfies the condition f(-x) = -f(x) for all x in its domain.<br>If f(x) is an even function (f(-x) = f(x)), then ∫<sub>-a</sub><sup>a</sup> f(x) dx = 2∫<sub>0</sub><sup>a</sup> f(x) dx.<br>Therefore, the integral is 0 if f(x) is an odd function, which is defined by f(-x) = -f(x).</p>"
                  }
                ]
              },
              {
                "chapter_name": "Differential Equations",
                "questions": [
                  {
                    "question_no": 7,
                    "question_html": "<p>x log x (dy/dx) + y = 2 log x is an example of a :</p>",
                    "options": [
                      {
                        "id": "a",
                        "text": "variable separable differential equation."
                      },
                      {
                        "id": "b",
                        "text": "homogeneous differential equation."
                      },
                      {
                        "id": "c",
                        "text": "first order linear differential equation."
                      },
                      {
                        "id": "d",
                        "text": "differential equation whose degree is not defined."
                      }
                    ],
                    "correct_answer": {
                      "ids": [
                        "c"
                      ]
                    },
                    "question_type": "mcq_single",
                    "difficulty_level": "easy",
                    "explanation_html": "<p>To identify the type of differential equation, we should try to put it into a standard form.<br>The standard form for a first-order linear differential equation is dy/dx + P(x)y = Q(x).<br>Let's rearrange the given equation:<br>x log x (dy/dx) + y = 2 log x<br>Divide the entire equation by x log x (assuming x log x ≠ 0):<br>dy/dx + (1 / (x log x)) * y = (2 log x) / (x log x)<br>dy/dx + (1 / (x log x)) * y = 2/x<br>This equation is now in the form dy/dx + P(x)y = Q(x), where P(x) = 1/(x log x) and Q(x) = 2/x.<br>Since it fits this form, it is a first-order linear differential equation.</p>"
                  }
                ]
              },
              {
                "chapter_name": "Vector Algebra",
                "questions": [
                  {
                    "question_no": 8,
                    "question_html": "<p>If a⃗ = 2î - ĵ + k̂ and b⃗ = î + ĵ - k̂, then a⃗ and b⃗ are :</p>",
                    "options": [
                      {
                        "id": "a",
                        "text": "collinear vectors which are not parallel"
                      },
                      {
                        "id": "b",
                        "text": "parallel vectors"
                      },
                      {
                        "id": "c",
                        "text": "perpendicular vectors"
                      },
                      {
                        "id": "d",
                        "text": "unit vectors"
                      }
                    ],
                    "correct_answer": {
                      "ids": [
                        "c"
                      ]
                    },
                    "question_type": "mcq_single",
                    "difficulty_level": "easy",
                    "explanation_html": "<p>To determine the relationship between the two vectors, we can check their dot product and see if one is a scalar multiple of the other.<br><b>Check for parallel/collinear:</b> Two vectors are parallel if one is a scalar multiple of the other. Comparing the coefficients of î, ĵ, and k̂, there is no single scalar k such that a⃗ = k * b⃗.<br><b>Check for perpendicular:</b> Two non-zero vectors are perpendicular if their dot product is zero.<br>a⃗ · b⃗ = (2î - ĵ + k̂) · (î + ĵ - k̂)<br>= (2)(1) + (-1)(1) + (1)(-1)<br>= 2 - 1 - 1<br>= 0<br>Since the dot product is zero, the vectors are perpendicular.<br><b>Check for unit vectors:</b> A vector is a unit vector if its magnitude is 1. |a⃗| = √(2² + (-1)² + 1²) = √6 ≠ 1. So they are not unit vectors.</p>"
                  }
                ]
              },
              {
                "chapter_name": "Three Dimensional Geometry",
                "questions": [
                  {
                    "question_no": 9,
                    "question_html": "<p>If α, β and γ are the angles which a line makes with positive directions of x, y and z axes respectively, then which of the following is not true ?</p>",
                    "options": [
                      {
                        "id": "a",
                        "text": "cos² α + cos² β + cos² γ = 1"
                      },
                      {
                        "id": "b",
                        "text": "sin² α + sin² β + sin² γ = 2"
                      },
                      {
                        "id": "c",
                        "text": "cos 2α + cos 2β + cos 2γ = -1"
                      },
                      {
                        "id": "d",
                        "text": "cos α + cos β + cos γ = 1"
                      }
                    ],
                    "correct_answer": {
                      "ids": [
                        "d"
                      ]
                    },
                    "question_type": "mcq_single",
                    "difficulty_level": "medium",
                    "explanation_html": "<p>Let's check each statement using the fundamental identity of direction cosines: cos² α + cos² β + cos² γ = 1.<br><b>(A) cos² α + cos² β + cos² γ = 1:</b> This is the fundamental identity itself, so it is true.<br><b>(B) sin² α + sin² β + sin² γ = 2:</b> We can write sin²θ = 1 - cos²θ. So, the expression becomes (1 - cos²α) + (1 - cos²β) + (1 - cos²γ) = 3 - (cos²α + cos²β + cos²γ) = 3 - 1 = 2. This statement is true.<br><b>(C) cos 2α + cos 2β + cos 2γ = -1:</b> We use the identity cos 2θ = 2cos²θ - 1. The expression becomes (2cos²α - 1) + (2cos²β - 1) + (2cos²γ - 1) = 2(cos²α + cos²β + cos²γ) - 3 = 2(1) - 3 = -1. This statement is true.<br><b>(D) cos α + cos β + cos γ = 1:</b> This is not a general identity for direction cosines. For example, if a line is parallel to the x-axis, the angles are α=0, β=90°, γ=90°. Then cos α + cos β + cos γ = 1 + 0 + 0 = 1. However, for a line making equal angles with the axes, cos α = cos β = cos γ = 1/√3. Their sum is 3/√3 = √3 ≠ 1. Since it's not universally true, this statement is not true in general.</p>"
                  }
                ]
              },
              {
                "chapter_name": "Linear Programming",
                "questions": [
                  {
                    "question_no": 10,
                    "question_html": "<p>The restrictions imposed on decision variables involved in an objective function of a linear programming problem are called :</p>",
                    "options": [
                      {
                        "id": "a",
                        "text": "feasible solutions"
                      },
                      {
                        "id": "b",
                        "text": "constraints"
                      },
                      {
                        "id": "c",
                        "text": "optimal solutions"
                      },
                      {
                        "id": "d",
                        "text": "infeasible solutions"
                      }
                    ],
                    "correct_answer": {
                      "ids": [
                        "b"
                      ]
                    },
                    "question_type": "mcq_single",
                    "difficulty_level": "easy",
                    "explanation_html": "<p>In linear programming, the goal is to optimize (maximize or minimize) a linear objective function. The decision variables are the quantities that we can control. The limitations or restrictions on these variables, typically expressed as linear inequalities or equations, are called constraints. They define the feasible region within which the optimal solution must lie.</p>"
                  }
                ]
              },
              {
                "chapter_name": "Probability",
                "questions": [
                  {
                    "question_no": 11,
                    "question_html": "<p>Let E and F be two events such that P(E) = 0·1, P(F) = 0·3, P(E U F) = 0·4, then P(F|E) is :</p>",
                    "options": [
                      {
                        "id": "a",
                        "text": "0.6"
                      },
                      {
                        "id": "b",
                        "text": "0.4"
                      },
                      {
                        "id": "c",
                        "text": "0.5"
                      },
                      {
                        "id": "d",
                        "text": "0"
                      }
                    ],
                    "correct_answer": {
                      "ids": [
                        "d"
                      ]
                    },
                    "question_type": "mcq_single",
                    "difficulty_level": "medium",
                    "explanation_html": "<p>We need to find the conditional probability P(F|E), which is given by the formula P(F|E) = P(E ∩ F) / P(E).<br>First, we need to find P(E ∩ F). We can use the addition rule for probability:<br>P(E U F) = P(E) + P(F) - P(E ∩ F)<br>We are given the values for P(E U F), P(E), and P(F).<br>0.4 = 0.1 + 0.3 - P(E ∩ F)<br>0.4 = 0.4 - P(E ∩ F)<br>This implies that P(E ∩ F) = 0.<br>Events E and F are mutually exclusive.<br>Now we can calculate P(F|E):<br>P(F|E) = P(E ∩ F) / P(E) = 0 / 0.1 = 0.</p>"
                  }
                ]
              },
              {
                "chapter_name": "Matrices",
                "questions": [
                  {
                    "question_no": 12,
                    "question_html": "<p>If A and B are two skew symmetric matrices, then (AB + BA) is :</p>",
                    "options": [
                      {
                        "id": "a",
                        "text": "a skew symmetric matrix"
                      },
                      {
                        "id": "b",
                        "text": "a symmetric matrix"
                      },
                      {
                        "id": "c",
                        "text": "a null matrix"
                      },
                      {
                        "id": "d",
                        "text": "an identity matrix"
                      }
                    ],
                    "correct_answer": {
                      "ids": [
                        "b"
                      ]
                    },
                    "question_type": "mcq_single",
                    "difficulty_level": "medium",
                    "explanation_html": "<p>A matrix M is symmetric if M<sup>T</sup> = M, and skew-symmetric if M<sup>T</sup> = -M.<br>We are given that A and B are skew-symmetric, so A<sup>T</sup> = -A and B<sup>T</sup> = -B.<br>Let's find the transpose of the matrix (AB + BA).<br>(AB + BA)<sup>T</sup> = (AB)<sup>T</sup> + (BA)<sup>T</sup><br>Using the property (XY)<sup>T</sup> = Y<sup>T</sup>X<sup>T</sup>:<br>= B<sup>T</sup>A<sup>T</sup> + A<sup>T</sup>B<sup>T</sup><br>Now substitute the given properties of A and B:<br>= (-B)(-A) + (-A)(-B)<br>= BA + AB<br>= AB + BA<br>Since (AB + BA)<sup>T</sup> = (AB + BA), the matrix (AB + BA) is a symmetric matrix.</p>"
                  }
                ]
              },
              {
                "chapter_name": "Determinants",
                "questions": [
                  {
                    "question_no": 13,
                    "question_html": "<p>If \\(\\begin{vmatrix} 1 & 3 & 1 \\\\ k & 0 & 1 \\\\ 0 & 0 & 1 \\end{vmatrix}\\) = ± 6, then the value of k is :</p>",
                    "options": [
                      {
                        "id": "a",
                        "text": "2"
                      },
                      {
                        "id": "b",
                        "text": "– 2"
                      },
                      {
                        "id": "c",
                        "text": "± 2"
                      },
                      {
                        "id": "d",
                        "text": "∓ 2"
                      }
                    ],
                    "correct_answer": {
                      "ids": [
                        "d"
                      ]
                    },
                    "question_type": "mcq_single",
                    "difficulty_level": "easy",
                    "explanation_html": "<p>Let's evaluate the determinant of the given matrix. We can expand along the third row for simplicity.<br>Determinant = 1 * \\(\\begin{vmatrix} 1 & 3 \\\\ k & 0 \\end{vmatrix}\\) - 0 * (...) + 0 * (...)<br>= 1 * ((1)(0) - (3)(k))<br>= -3k<br>We are given that the determinant is equal to ± 6.<br>-3k = ± 6<br>Divide by -3:<br>k = (± 6) / (-3)<br>This gives two possible values for k:<br>k = 6 / -3 = -2<br>k = -6 / -3 = 2<br>So, k = ±2. The option ∓2 represents the same set of values {2, -2}.</p>"
                  }
                ]
              },
              {
                "chapter_name": "Continuity and Differentiability",
                "questions": [
                  {
                    "question_no": 14,
                    "question_html": "<p>The derivative of 2<sup>x</sup> w.r.t. 3<sup>x</sup> is :</p>",
                    "options": [
                      {
                        "id": "a",
                        "text": "(3/2)<sup>x</sup> (log 2 / log 3)"
                      },
                      {
                        "id": "b",
                        "text": "(2/3)<sup>x</sup> (log 3 / log 2)"
                      },
                      {
                        "id": "c",
                        "text": "(2/3)<sup>x</sup> (log 2 / log 3)"
                      },
                      {
                        "id": "d",
                        "text": "(3/2)<sup>x</sup> (log 3 / log 2)"
                      }
                    ],
                    "correct_answer": {
                      "ids": [
                        "c"
                      ]
                    },
                    "question_type": "mcq_single",
                    "difficulty_level": "medium",
                    "explanation_html": "<p>This is a parametric differentiation problem. Let y = 2<sup>x</sup> and z = 3<sup>x</sup>. We want to find dy/dz.<br>We can find dy/dx and dz/dx first.<br>dy/dx = d/dx(2<sup>x</sup>) = 2<sup>x</sup> log(2)<br>dz/dx = d/dx(3<sup>x</sup>) = 3<sup>x</sup> log(3)<br>Using the chain rule, dy/dz = (dy/dx) / (dz/dx).<br>dy/dz = (2<sup>x</sup> log 2) / (3<sup>x</sup> log 3)<br>= (2<sup>x</sup>/3<sup>x</sup>) * (log 2 / log 3)<br>= (2/3)<sup>x</sup> * (log 2 / log 3)</p>"
                  }
                ]
              },
              {
                "chapter_name": "Vector Algebra",
                "questions": [
                  {
                    "question_no": 15,
                    "question_html": "<p>If |a⃗| = 2 and – 3 ≤ k ≤ 2, then |ka⃗| ∈ :</p>",
                    "options": [
                      {
                        "id": "a",
                        "text": "[–6, 4]"
                      },
                      {
                        "id": "b",
                        "text": "[0, 4]"
                      },
                      {
                        "id": "c",
                        "text": "[4, 6]"
                      },
                      {
                        "id": "d",
                        "text": "[0, 6]"
                      }
                    ],
                    "correct_answer": {
                      "ids": [
                        "d"
                      ]
                    },
                    "question_type": "mcq_single",
                    "difficulty_level": "medium",
                    "explanation_html": "<p>We are asked to find the range of the magnitude |ka⃗|.<br>Using the property of magnitudes, |ka⃗| = |k| |a⃗|.<br>We are given |a⃗| = 2, so |ka⃗| = |k| * 2.<br>We are also given the range for k: – 3 ≤ k ≤ 2.<br>We need to find the range for |k|. The absolute value |k| must be non-negative.<br>The minimum value of |k| in this interval occurs at k=0, which is |0|=0.<br>The maximum value of |k| in this interval is max(|-3|, |2|) = max(3, 2) = 3.<br>So, the range for |k| is 0 ≤ |k| ≤ 3.<br>Now, we find the range for |ka⃗| = 2|k|:<br>Multiply the inequality by 2:<br>2 * 0 ≤ 2|k| ≤ 2 * 3<br>0 ≤ 2|k| ≤ 6<br>Therefore, |ka⃗| ∈ [0, 6].</p>"
                  }
                ]
              },
              {
                "chapter_name": "Three Dimensional Geometry",
                "questions": [
                  {
                    "question_no": 16,
                    "question_html": "<p>If a line makes an angle of π/4 with the positive directions of both x-axis and z-axis, then the angle which it makes with the positive direction of y-axis is :</p>",
                    "options": [
                      {
                        "id": "a",
                        "text": "0"
                      },
                      {
                        "id": "b",
                        "text": "π/4"
                      },
                      {
                        "id": "c",
                        "text": "π/2"
                      },
                      {
                        "id": "d",
                        "text": "π"
                      }
                    ],
                    "correct_answer": {
                      "ids": [
                        "c"
                      ]
                    },
                    "question_type": "mcq_single",
                    "difficulty_level": "easy",
                    "explanation_html": "<p>Let the angles the line makes with the positive x, y, and z axes be α, β, and γ respectively.<br>We are given α = π/4 and γ = π/4.<br>The direction cosines of the line are l = cos α, m = cos β, and n = cos γ.<br>We use the fundamental identity of direction cosines: l² + m² + n² = 1, which is cos² α + cos² β + cos² γ = 1.<br>Substitute the given values:<br>cos²(π/4) + cos² β + cos²(π/4) = 1<br>(1/√2)² + cos² β + (1/√2)² = 1<br>1/2 + cos² β + 1/2 = 1<br>1 + cos² β = 1<br>cos² β = 0<br>cos β = 0<br>The angle β is the angle whose cosine is 0. In the range [0, π], this angle is β = π/2.</p>"
                  }
                ]
              },
              {
                "chapter_name": "Linear Programming",
                "questions": [
                  {
                    "question_no": 17,
                    "question_html": "<p>Of the following, which group of constraints represents the feasible region given below ?</p>",
                    "images": [
                      {
                        "url": "https://img.testbuddyai.com/Maths-65-3-24-Q17.png"
                      }
                    ],
                    "options": [
                      {
                        "id": "a",
                        "text": "x + 2y ≤ 76, 2x + y ≥ 104, x, y ≥ 0"
                      },
                      {
                        "id": "b",
                        "text": "x + 2y ≤ 76, 2x + y ≤ 104, x, y ≥ 0"
                      },
                      {
                        "id": "c",
                        "text": "x + 2y ≥ 76, 2x + y ≤ 104, x, y ≥ 0"
                      },
                      {
                        "id": "d",
                        "text": "x + 2y ≥ 76, 2x + y ≥ 104, x, y ≥ 0"
                      }
                    ],
                    "correct_answer": {
                      "ids": [
                        "c"
                      ]
                    },
                    "question_type": "mcq_single",
                    "difficulty_level": "medium",
                    "explanation_html": "<p>The shaded region is in the first quadrant, so x ≥ 0 and y ≥ 0 are correct constraints.<br>We need to determine the inequalities for the two lines: L₁: x + 2y = 76 and L₂: 2x + y = 104.<br>We can use a test point like (40, 40) which is clearly inside the shaded region.<br><b>Test for L₁ (x + 2y = 76):</b><br>At (40, 40), x + 2y = 40 + 2(40) = 120. Since 120 > 76, the shaded region is on the side of the line where x + 2y ≥ 76.<br><b>Test for L₂ (2x + y = 104):</b><br>At (40, 40), 2x + y = 2(40) + 40 = 120. The intersection point of the two lines is x+2y=76 and 2x+y=104. Solving gives x=44, y=16. The point (40,40) is not in the region. Let's use the origin (0,0) which is not in the shaded region.<br><b>Test for L₁ (x + 2y = 76):</b> At (0,0), x+2y=0. Since 0 < 76 and the region is on the opposite side of the origin, the inequality is x + 2y ≥ 76.<br><b>Test for L₂ (2x + y = 104):</b> At (0,0), 2x+y=0. Since 0 < 104 and the region is on the same side as the origin relative to this line, the inequality is 2x + y ≤ 104.<br>Combining all constraints, we get: x + 2y ≥ 76, 2x + y ≤ 104, x ≥ 0, y ≥ 0.</p>"
                  }
                ]
              },
              {
                "chapter_name": "Matrices",
                "questions": [
                  {
                    "question_no": 18,
                    "question_html": "<p>If A = \\(\\begin{bmatrix} 2 & 0 & 0 \\\\ 0 & 3 & 0 \\\\ 0 & 0 & 5 \\end{bmatrix}\\), then A<sup>-1</sup> is :</p>",
                    "options": [
                      {
                        "id": "a",
                        "text": "\\(\\begin{bmatrix} 1/2 & 0 & 0 \\\\ 0 & 1/3 & 0 \\\\ 0 & 0 & 1/5 \\end{bmatrix}\\)"
                      },
                      {
                        "id": "b",
                        "text": "(1/30)\\(\\begin{bmatrix} 1/2 & 0 & 0 \\\\ 0 & 1/3 & 0 \\\\ 0 & 0 & 1/5 \\end{bmatrix}\\)"
                      },
                      {
                        "id": "c",
                        "text": "(1/30)\\(\\begin{bmatrix} 2 & 0 & 0 \\\\ 0 & 3 & 0 \\\\ 0 & 0 & 5 \\end{bmatrix}\\)"
                      },
                      {
                        "id": "d",
                        "text": "(1/30)\\(\\begin{bmatrix} 1 & 0 & 0 \\\\ 0 & 1 & 0 \\\\ 0 & 0 & 1 \\end{bmatrix}\\)"
                      }
                    ],
                    "correct_answer": {
                      "ids": [
                        "a"
                      ]
                    },
                    "question_type": "mcq_single",
                    "difficulty_level": "easy",
                    "explanation_html": "<p>The given matrix A is a diagonal matrix. The inverse of a diagonal matrix is another diagonal matrix where each diagonal element is the reciprocal of the corresponding diagonal element of the original matrix.<br>Given A = \\(\\begin{bmatrix} 2 & 0 & 0 \\\\ 0 & 3 & 0 \\\\ 0 & 0 & 5 \\end{bmatrix}\\).<br>The inverse A<sup>-1</sup> is found by taking the reciprocal of each diagonal element:<br>A<sup>-1</sup> = \\(\\begin{bmatrix} 1/2 & 0 & 0 \\\\ 0 & 1/3 & 0 \\\\ 0 & 0 & 1/5 \\end{bmatrix}\\).<br>Alternatively, we can use the formula A<sup>-1</sup> = (1/|A|) adj(A).<br>|A| = 2 * 3 * 5 = 30.<br>adj(A) = \\(\\begin{bmatrix} 15 & 0 & 0 \\\\ 0 & 10 & 0 \\\\ 0 & 0 & 6 \\end{bmatrix}\\).<br>A<sup>-1</sup> = (1/30) \\(\\begin{bmatrix} 15 & 0 & 0 \\\\ 0 & 10 & 0 \\\\ 0 & 0 & 6 \\end{bmatrix}\\) = \\(\\begin{bmatrix} 15/30 & 0 & 0 \\\\ 0 & 10/30 & 0 \\\\ 0 & 0 & 6/30 \\end{bmatrix}\\) = \\(\\begin{bmatrix} 1/2 & 0 & 0 \\\\ 0 & 1/3 & 0 \\\\ 0 & 0 & 1/5 \\end{bmatrix}\\).</p>"
                  }
                ]
              },
              {
                "chapter_name": "Matrices",
                "questions": [
                  {
                    "question_no": 19,
                    "question_html": "<p><b>Assertion (A):</b> Every scalar matrix is a diagonal matrix.<br><b>Reason (R):</b> In a diagonal matrix, all the diagonal elements are 0.</p>",
                    "options": [
                      {
                        "id": "a",
                        "text": "Both Assertion (A) and Reason (R) are true and Reason (R) is the correct explanation of the Assertion (A)."
                      },
                      {
                        "id": "b",
                        "text": "Both Assertion (A) and Reason (R) are true, but Reason (R) is not the correct explanation of the Assertion (A)."
                      },
                      {
                        "id": "c",
                        "text": "Assertion (A) is true, but Reason (R) is false."
                      },
                      {
                        "id": "d",
                        "text": "Assertion (A) is false, but Reason (R) is true."
                      }
                    ],
                    "correct_answer": {
                      "ids": [
                        "c"
                      ]
                    },
                    "question_type": "mcq_single",
                    "difficulty_level": "easy",
                    "explanation_html": "<p><b>Assertion (A):</b> A scalar matrix is a diagonal matrix in which all the diagonal elements are equal to a non-zero constant, e.g., \\(\\begin{bmatrix} k & 0 \\\\ 0 & k \\end{bmatrix}\\). By definition, a diagonal matrix is one where all non-diagonal elements are zero. Since a scalar matrix fits this definition, the assertion is true.<br><br><b>Reason (R):</b> A diagonal matrix is a matrix where all non-diagonal elements are zero. The diagonal elements can be any value, including zero or non-zero values. The statement that all diagonal elements are 0 describes a zero matrix, which is a specific type of diagonal matrix, but it is not the definition of a diagonal matrix in general. Therefore, the reason is false.<br><br>Conclusion: Assertion (A) is true, but Reason (R) is false.</p>"
                  }
                ]
              },
              {
                "chapter_name": "Vector Algebra",
                "questions": [
                  {
                    "question_no": 20,
                    "question_html": "<p><b>Assertion (A):</b> Projection of a⃗ on b⃗ is same as projection of b⃗ on a⃗.<br><b>Reason (R):</b> Angle between a⃗ and b⃗ is same as angle between b⃗ and a⃗ numerically.</p>",
                    "options": [
                      {
                        "id": "a",
                        "text": "Both Assertion (A) and Reason (R) are true and Reason (R) is the correct explanation of the Assertion (A)."
                      },
                      {
                        "id": "b",
                        "text": "Both Assertion (A) and Reason (R) are true, but Reason (R) is not the correct explanation of the Assertion (A)."
                      },
                      {
                        "id": "c",
                        "text": "Assertion (A) is true, but Reason (R) is false."
                      },
                      {
                        "id": "d",
                        "text": "Assertion (A) is false, but Reason (R) is true."
                      }
                    ],
                    "correct_answer": {
                      "ids": [
                        "d"
                      ]
                    },
                    "question_type": "mcq_single",
                    "difficulty_level": "medium",
                    "explanation_html": "<p><b>Reason (R):</b> The angle θ between two vectors a⃗ and b⃗ is given by cos θ = (a⃗ · b⃗) / (|a⃗||b⃗|). Since the dot product is commutative (a⃗ · b⃗ = b⃗ · a⃗), the angle between a⃗ and b⃗ is the same as the angle between b⃗ and a⃗. So, Reason (R) is true.<br><br><b>Assertion (A):</b> The projection of vector a⃗ on b⃗ is a scalar value given by (a⃗ · b⃗) / |b⃗|. The projection of vector b⃗ on a⃗ is given by (b⃗ · a⃗) / |a⃗|. Since a⃗ · b⃗ = b⃗ · a⃗, the two projections are equal only if |b⃗| = |a⃗|. This is not generally true for any two vectors. Therefore, Assertion (A) is false.<br><br>Conclusion: Assertion (A) is false, but Reason (R) is true.</p>"
                  }
                ]
              },
              {
                "chapter_name": "Inverse Trigonometric Functions",
                "questions": [
                  {
                    "question_no": 21,
                    "question_html": "<p>Evaluate : sec²(tan⁻¹(1/2)) + cosec²(cot⁻¹(1/3))</p>",
                    "options": [],
                    "correct_answer": {
                      "text": "The value of the expression is 85/36. We use the trigonometric identities sec²θ = 1 + tan²θ and cosec²θ = 1 + cot²θ. The given expression can be written as: [1 + tan²(tan⁻¹(1/2))] + [1 + cot²(cot⁻¹(1/3))]. Using the inverse function properties tan(tan⁻¹x) = x and cot(cot⁻¹x) = x, we get: [1 + (tan(tan⁻¹(1/2)))²] + [1 + (cot(cot⁻¹(1/3)))²] = [1 + (1/2)²] + [1 + (1/3)²] = [1 + 1/4] + [1 + 1/9] = (5/4) + (10/9). Finding a common denominator (36), we get: (45/36) + (40/36) = 85/36."
                    },
                    "question_type": "Very Short Answer (2 marks)",
                    "difficulty_level": "medium",
                    "explanation_html": null
                  }
                ]
              },
              {
                "chapter_name": "Continuity and Differentiability",
                "questions": [
                  {
                    "question_no": 22,
                    "question_html": "<p>(a) If x = e<sup>x/y</sup>, prove that dy/dx = (log x - 1) / (log x)²</p><p><b>OR</b></p><p>(b) Check the differentiability of f(x) = \\(\\begin{cases} x^2+1, & 0 \\leq x < 1 \\\\ 3-x, & 1 \\leq x \\leq 2 \\end{cases}\\) at x = 1.</p>",
                    "options": [],
                    "correct_answer": {
                      "text": "For (a): Hence Proved. For (b): The function is not differentiable at x = 1. Part (a): Given x = e^(x/y). Taking the natural logarithm on both sides, we get log x = x/y. Rearranging for y, we have y = x / log x. To find dy/dx, we use the quotient rule: dy/dx = [ (log x * d/dx(x)) - (x * d/dx(log x)) ] / (log x)². This simplifies to [ (log x * 1) - (x * 1/x) ] / (log x)² = (log x - 1) / (log x)². Hence proved. Part (b): To check differentiability at x = 1, we must find the Left Hand Derivative (LHD) and Right Hand Derivative (RHD). f(1) = 3 - 1 = 2. LHD at x=1 is lim(h→0) [f(1-h) - f(1)] / (-h) = lim(h→0) [((1-h)² + 1) - 2] / (-h) = lim(h→0) [1 - 2h + h² - 1] / (-h) = lim(h→0) [-2h + h²] / (-h) = lim(h→0) (2 - h) = 2. RHD at x=1 is lim(h→0) [f(1+h) - f(1)] / h = lim(h→0) [(3 - (1+h)) - 2] / h = lim(h→0) [2 - h - 2] / h = lim(h→0) (-h / h) = -1. Since LHD (2) ≠ RHD (-1), the function is not differentiable at x = 1."
                    },
                    "question_type": "Very Short Answer (2 marks)",
                    "difficulty_level": "medium",
                    "explanation_html": null
                  }
                ]
              },
              {
                "chapter_name": "Integrals",
                "questions": [
                  {
                    "question_no": 23,
                    "question_html": "<p>(a) Evaluate : ∫<sub>0</sub><sup>π/2</sup> sin 2x cos 3x dx</p><p><b>OR</b></p><p>(b) Given d/dx F(x) = 1/√(2x - x²) and F(1) = 0, find F(x).</p>",
                    "options": [],
                    "correct_answer": {
                      "text": "For (a): The value of the integral is -2/5. For (b): F(x) = sin⁻¹(x-1). Part (a): We use the product-to-sum trigonometric identity: sin A cos B = (1/2)[sin(A+B) + sin(A-B)]. So, sin 2x cos 3x = (1/2)[sin(5x) + sin(-x)] = (1/2)[sin(5x) - sin(x)]. The integral becomes (1/2) ∫₀^(π/2) (sin 5x - sin x) dx = (1/2) [-cos(5x)/5 + cos x] from 0 to π/2 = (1/2) [(-cos(5π/2)/5 + cos(π/2)) - (-cos(0)/5 + cos(0))] = (1/2) [(0 + 0) - (-1/5 + 1)] = (1/2)(-4/5) = -2/5. Part (b): F(x) = ∫ 1/√(2x - x²) dx. We complete the square for the term inside the square root: 2x - x² = -(x² - 2x) = -(x² - 2x + 1 - 1) = 1 - (x-1)². So, F(x) = ∫ 1/√(1 - (x-1)²) dx. This is a standard integral of the form ∫ 1/√(a²-u²) du, which equals sin⁻¹(u/a). Thus, F(x) = sin⁻¹(x-1) + C. We are given F(1) = 0, so sin⁻¹(1-1) + C = 0 ⇒ sin⁻¹(0) + C = 0 ⇒ 0 + C = 0 ⇒ C = 0. Therefore, F(x) = sin⁻¹(x-1)."
                    },
                    "question_type": "Very Short Answer (2 marks)",
                    "difficulty_level": "medium",
                    "explanation_html": null
                  }
                ]
              },
              {
                "chapter_name": "Vector Algebra",
                "questions": [
                  {
                    "question_no": 24,
                    "question_html": "<p>Find the position vector of point C which divides the line segment joining points A and B having position vectors î + 2ĵ – k̂ and – î + ĵ + k̂ respectively in the ratio 4 : 1 externally. Further, find |AB⃗| : |BC⃗|.</p>",
                    "options": [],
                    "correct_answer": {
                      "text": "The position vector of C is (-5/3)î + (2/3)ĵ + (5/3)k̂. The ratio |AB⃗| : |BC⃗| is 3:1. Let a⃗ = î + 2ĵ – k̂ and b⃗ = – î + ĵ + k̂. The position vector of C which divides AB externally in the ratio m:n = 4:1 is given by c⃗ = (m*b⃗ - n*a⃗)/(m-n). c⃗ = [4(– î + ĵ + k̂) - 1(î + 2ĵ – k̂)] / (4-1) = [(-4î + 4ĵ + 4k̂) - î - 2ĵ + k̂] / 3 = (-5î + 2ĵ + 5k̂) / 3. Now, we find the vectors AB⃗ and BC⃗. AB⃗ = b⃗ - a⃗ = (– î + ĵ + k̂) - (î + 2ĵ – k̂) = -2î - ĵ + 2k̂. |AB⃗| = √((-2)² + (-1)² + 2²) = √(4+1+4) = √9 = 3. BC⃗ = c⃗ - b⃗ = [(-5î + 2ĵ + 5k̂)/3] - (– î + ĵ + k̂) = [(-5î+2ĵ+5k̂) + 3î-3ĵ-3k̂]/3 = (-2î - ĵ + 2k̂)/3. |BC⃗| = (1/3)√((-2)² + (-1)² + 2²) = (1/3)√9 = 1. Therefore, the ratio |AB⃗| : |BC⃗| = 3:1."
                    },
                    "question_type": "Very Short Answer (2 marks)",
                    "difficulty_level": "medium",
                    "explanation_html": null
                  },
                  {
                    "question_no": 25,
                    "question_html": "<p>Let a⃗ and b⃗ be two non-zero vectors. Prove that |a⃗ × b⃗| ≤ |a⃗||b⃗|. State the condition under which equality holds, i.e., |a⃗ × b⃗| = |a⃗||b⃗|.</p>",
                    "options": [],
                    "correct_answer": {
                      "text": "Hence Proved. Equality holds when a⃗ and b⃗ are perpendicular. By the definition of the cross product, |a⃗ × b⃗| = |a⃗||b⃗||sin θ|, where θ is the angle between the vectors a⃗ and b⃗. We know that for any angle θ, the value of |sin θ| is always in the range [0, 1], i.e., 0 ≤ |sin θ| ≤ 1. Multiplying this inequality by the non-negative scalar |a⃗||b⃗|, we get: 0 ≤ |a⃗||b⃗||sin θ| ≤ |a⃗||b⃗|. Substituting the definition of the cross product magnitude, we have |a⃗ × b⃗| ≤ |a⃗||b⃗|. The equality |a⃗ × b⃗| = |a⃗||b⃗| holds if and only if |sin θ| = 1. This occurs when θ = π/2 (or 90°), which means the vectors a⃗ and b⃗ are perpendicular to each other."
                    },
                    "question_type": "Very Short Answer (2 marks)",
                    "difficulty_level": "easy",
                    "explanation_html": null
                  }
                ]
              },
              {
                "chapter_name": "Continuity and Differentiability",
                "questions": [
                  {
                    "question_no": 26,
                    "question_html": "<p>(a) If x cos (p + y) + cos p sin (p + y) = 0, prove that cos p (dy/dx) = – cos² (p + y), where p is a constant.</p><p><b>OR</b></p><p>(b) Find the value of a and b so that function f defined as : f(x) = \\(\\begin{cases} \\frac{x-2}{|x-2|} + a, & \\text{if } x < 2 \\\\ a+b, & \\text{if } x=2 \\\\ \\frac{x-2}{|x-2|} + b, & \\text{if } x > 2 \\end{cases}\\) is a continuous function.</p>",
                    "options": [],
                    "correct_answer": {
                      "text": "For (a): Hence Proved. For (b): a = 1, b = -1. Part (a): From the given equation, x cos(p+y) = -cos p sin(p+y). Rearranging for x gives x = -cos p * [sin(p+y)/cos(p+y)] = -cos p tan(p+y). Differentiating with respect to y: dx/dy = -cos p * sec²(p+y). Since dy/dx = 1/(dx/dy), we have dy/dx = -1 / [cos p * sec²(p+y)]. Multiplying by cos p gives cos p (dy/dx) = -1 / sec²(p+y) = -cos²(p+y). Hence proved. Part (b): For f(x) to be continuous at x=2, the Left Hand Limit (LHL), Right Hand Limit (RHL), and the function's value f(2) must be equal. LHL = lim(x→2⁻) [ (x-2)/(-(x-2)) + a ] = lim(x→2⁻) [-1 + a] = -1+a. RHL = lim(x→2⁺) [ (x-2)/(x-2) + b ] = lim(x→2⁺) [1 + b] = 1+b. f(2) = a+b. Setting them equal: -1+a = 1+b = a+b. From 1+b = a+b, we get a=1. From -1+a = 1+b, substituting a=1 gives -1+1 = 1+b ⇒ 0 = 1+b ⇒ b=-1. Thus, a=1 and b=-1."
                    },
                    "question_type": "Short Answer (3 marks)",
                    "difficulty_level": "hard",
                    "explanation_html": null
                  }
                ]
              },
              {
                "chapter_name": "Application of Derivatives",
                "questions": [
                  {
                    "question_no": 27,
                    "question_html": "<p>(a) Find the intervals in which the function f(x) = (log x)/x is strictly increasing or strictly decreasing.</p><p><b>OR</b></p><p>(b) Find the absolute maximum and absolute minimum values of the function f given by f(x) = x/2 + 2/x, on the interval [1, 2].</p>",
                    "options": [],
                    "correct_answer": {
                      "text": "For (a): Increasing on (0, e), Decreasing on (e, ∞). For (b): Absolute max is 5/2 at x=1, Absolute min is 2 at x=2. Part (a): The domain of f(x) is x > 0. We find the derivative using the quotient rule: f'(x) = [x(1/x) - (log x)(1)] / x² = (1 - log x) / x². To find critical points, set f'(x) = 0, which gives 1 - log x = 0 ⇒ log x = 1 ⇒ x = e. For 0 < x < e, log x < 1, so f'(x) > 0. The function is strictly increasing on (0, e). For x > e, log x > 1, so f'(x) < 0. The function is strictly decreasing on (e, ∞). Part (b): f(x) = x/2 + 2/x. Find the derivative: f'(x) = 1/2 - 2/x². Set f'(x) = 0 to find critical points: 1/2 = 2/x² ⇒ x² = 4 ⇒ x = 2 (since -2 is not in [1, 2]). We evaluate f(x) at the endpoints of the interval [1, 2] and the critical point x=2. f(1) = 1/2 + 2/1 = 2.5 = 5/2. f(2) = 2/2 + 2/2 = 1 + 1 = 2. Comparing the values, the absolute maximum is 5/2 (at x=1) and the absolute minimum is 2 (at x=2)."
                    },
                    "question_type": "Short Answer (3 marks)",
                    "difficulty_level": "medium",
                    "explanation_html": null
                  }
                ]
              },
              {
                "chapter_name": "Integrals",
                "questions": [
                  {
                    "question_no": 28,
                    "question_html": "<p>Find : ∫ (x² + 1) / [(x² + 2)(x² + 4)] dx</p>",
                    "options": [],
                    "correct_answer": {
                      "text": "The integral is (-1/(2√2))tan⁻¹(x/√2) + (3/4)tan⁻¹(x/2) + C. We use partial fractions. Let t = x². The integrand becomes (t+1)/[(t+2)(t+4)]. We can write this as A/(t+2) + B/(t+4). Solving for A and B gives A = -1/2 and B = 3/2. So the integral becomes ∫ [(-1/2)/(x²+2) + (3/2)/(x²+4)] dx. This splits into two standard integrals: (-1/2)∫ 1/(x²+(√2)²) dx + (3/2)∫ 1/(x²+2²) dx. Using the formula ∫ 1/(x²+a²) dx = (1/a)tan⁻¹(x/a), we get: (-1/2) * (1/√2)tan⁻¹(x/√2) + (3/2) * (1/2)tan⁻¹(x/2) + C = (-1/(2√2))tan⁻¹(x/√2) + (3/4)tan⁻¹(x/2) + C."
                    },
                    "question_type": "Short Answer (3 marks)",
                    "difficulty_level": "medium",
                    "explanation_html": null
                  },
                  {
                    "question_no": 29,
                    "question_html": "<p>(a) Find : ∫ e<sup>x</sup> (2 + sin 2x) / (1 + cos 2x) dx</p><p><b>OR</b></p><p>(b) Evaluate : ∫<sub>0</sub><sup>π/4</sup> 1 / (sin x + cos x) dx</p>",
                    "options": [],
                    "correct_answer": {
                      "text": "For (a): eˣ tan x + C. For (b): (1/√2)log(√2+1). Part (a): Use the identities sin 2x = 2sin x cos x and 1 + cos 2x = 2cos²x. The integral becomes ∫ eˣ (2 + 2sin x cos x) / (2cos²x) dx = ∫ eˣ (1/cos²x + sin x/cos x) dx = ∫ eˣ (sec²x + tan x) dx. This is in the form ∫ eˣ(f(x) + f'(x)) dx, where f(x) = tan x. The result is eˣf(x) + C = eˣ tan x + C. Part (b): Divide the numerator and denominator by √2: ∫₀^(π/4) 1 / [√2 * ( (1/√2)sin x + (1/√2)cos x )] dx = (1/√2) ∫₀^(π/4) 1 / (sin x cos(π/4) + cos x sin(π/4)) dx = (1/√2) ∫₀^(π/4) 1/sin(x+π/4) dx = (1/√2) ∫₀^(π/4) cosec(x+π/4) dx. The integral of cosec(u) is log|cosec(u) - cot(u)|. Evaluating from x=0 to x=π/4 (or u=π/4 to u=π/2) gives (1/√2) [log|cosec(π/2)-cot(π/2)| - log|cosec(π/4)-cot(π/4)|] = (1/√2) [log(1) - log(√2-1)] = (-1/√2)log(√2-1) = (1/√2)log(1/(√2-1)) = (1/√2)log(√2+1)."
                    },
                    "question_type": "Short Answer (3 marks)",
                    "difficulty_level": "hard",
                    "explanation_html": null
                  }
                ]
              },
              {
                "chapter_name": "Linear Programming",
                "questions": [
                  {
                    "question_no": 30,
                    "question_html": "<p>Solve the following linear programming problem graphically :<br>Maximise z = 4x + 3y,<br>subject to the constraints<br>x + y ≤ 800<br>2x + y ≤ 1000<br>x ≤ 400<br>x, y ≥ 0.</p>",
                    "options": [],
                    "correct_answer": {
                      "text": "The maximum value of z is 2600 at the point (200, 600). The feasible region is bounded by the given constraints in the first quadrant. The corner points of the feasible region are O(0,0), A(400,0), B(400,200), C(200,600), and D(0,800). We evaluate the objective function z = 4x + 3y at these points: z(O) = 0. z(A) = 4(400) + 3(0) = 1600. z(B) = 4(400) + 3(200) = 1600 + 600 = 2200. z(C) = 4(200) + 3(600) = 800 + 1800 = 2600. z(D) = 4(0) + 3(800) = 2400. The maximum value is 2600, which occurs at the corner point C(200, 600)."
                    },
                    "question_type": "Short Answer (3 marks)",
                    "difficulty_level": "medium",
                    "explanation_html": null
                  }
                ]
              },
              {
                "chapter_name": "Probability",
                "questions": [
                  {
                    "question_no": 31,
                    "question_html": "<p>The chances of P, Q and R getting selected as CEO of a company are in the ratio 4:1:2 respectively. The probabilities for the company to increase its profits from the previous year under the new CEO, P, Q or R are 0.3, 0.8 and 0.5 respectively. If the company increased the profits from the previous year, find the probability that it is due to the appointment of R as CEO.</p>",
                    "options": [],
                    "correct_answer": {
                      "text": "The required probability is 1/3. Let E₁, E₂, E₃ be the events that P, Q, R are selected as CEO, and let A be the event that profits increase. From the ratio 4:1:2 (total 7), we have P(E₁) = 4/7, P(E₂) = 1/7, P(E₃) = 2/7. We are given the conditional probabilities: P(A|E₁) = 0.3, P(A|E₂) = 0.8, P(A|E₃) = 0.5. We need to find P(E₃|A) using Bayes' Theorem: P(E₃|A) = [P(E₃)P(A|E₃)] / [P(E₁)P(A|E₁) + P(E₂)P(A|E₂) + P(E₃)P(A|E₃)]. Numerator = (2/7) * 0.5 = 1/7. Denominator = (4/7)*0.3 + (1/7)*0.8 + (2/7)*0.5 = (1.2 + 0.8 + 1.0)/7 = 3/7. So, P(E₃|A) = (1/7) / (3/7) = 1/3."
                    },
                    "question_type": "Short Answer (3 marks)",
                    "difficulty_level": "medium",
                    "explanation_html": null
                  }
                ]
              },
              {
                "chapter_name": "Relations and Functions",
                "questions": [
                  {
                    "question_no": 32,
                    "question_html": "<p>A relation R on set A = {– 4, – 3, – 2, – 1, 0, 1, 2, 3, 4} be defined as R = {(x, y) : x + y is an integer divisible by 2}. Show that R is an equivalence relation. Also, write the equivalence class [2].</p>",
                    "options": [],
                    "correct_answer": {
                      "text": "R is an equivalence relation. The equivalence class [2] is {-4, -2, 0, 2, 4}. To show R is an equivalence relation, we check for reflexivity, symmetry, and transitivity. Reflexivity: For any x ∈ A, x + x = 2x, which is divisible by 2. So (x,x) ∈ R. R is reflexive. Symmetry: If (x,y) ∈ R, then x+y is divisible by 2. This means x+y = 2k for some integer k. Then y+x = 2k, so y+x is also divisible by 2, meaning (y,x) ∈ R. R is symmetric. Transitivity: If (x,y) ∈ R and (y,z) ∈ R, then x+y=2k and y+z=2m for some integers k,m. Adding these gives x+2y+z = 2k+2m, so x+z = 2(k+m-y), which is divisible by 2. So (x,z) ∈ R. R is transitive. Since R is reflexive, symmetric, and transitive, it is an equivalence relation. The equivalence class [2] consists of all elements x ∈ A such that (x,2) ∈ R, i.e., x+2 is divisible by 2. This is true if and only if x is an even number. The even numbers in set A are {-4, -2, 0, 2, 4}."
                    },
                    "question_type": "Long Answer (5 marks)",
                    "difficulty_level": "medium",
                    "explanation_html": null
                  }
                ]
              },
              {
                "chapter_name": "Application of Derivatives",
                "questions": [
                  {
                    "question_no": 33,
                    "question_html": "<p>(a) It is given that function f(x) = x⁴ – 62x² + ax + 9 attains local maximum value at x = 1. Find the value of 'a', hence obtain all other points where the given function f(x) attains local maximum or local minimum values.</p><p><b>OR</b></p><p>(b) The perimeter of a rectangular metallic sheet is 300 cm. It is rolled along one of its sides to form a cylinder. Find the dimensions of the rectangular sheet so that volume of cylinder so formed is maximum.</p>",
                    "options": [],
                    "correct_answer": {
                      "text": "For (a): a = 120. Local minima at x = -6 and x = 5. For (b): The dimensions are 100 cm and 50 cm. Part (a): f'(x) = 4x³ - 124x + a. Since f(x) has a local maximum at x = 1, f'(1) = 0. So, 4(1)³ - 124(1) + a = 0 ⇒ 4 - 124 + a = 0 ⇒ a = 120. Now, f'(x) = 4x³ - 124x + 120 = 4(x³ - 31x + 30). Since x=1 is a root, (x-1) is a factor. Factoring gives 4(x-1)(x-5)(x+6). The critical points are x = 1, x = 5, and x = -6. To classify these, we use the second derivative test: f''(x) = 12x² - 124. f''(1) = 12-124 < 0 (local max). f''(-6) = 12(36)-124 > 0 (local min). f''(5) = 12(25)-124 > 0 (local min). The other points are local minima at x=-6 and x=5. Part (b): Let the length be x and breadth be y. 2(x+y)=300 ⇒ y=150-x. Assume it's rolled along the breadth y, so height h=y and circumference 2πr=x, which means r=x/(2π). Volume V = πr²h = π(x/(2π))²(150-x) = (1/4π)x²(150-x). dV/dx = (1/4π)(300x - 3x²). Setting dV/dx=0 gives 3x(100-x)=0, so x=100. The second derivative is negative at x=100, confirming a maximum. Dimensions are length x = 100 cm and breadth y = 150-100 = 50 cm."
                    },
                    "question_type": "Long Answer (5 marks)",
                    "difficulty_level": "hard",
                    "explanation_html": null
                  }
                ]
              },
              {
                "chapter_name": "Application of Integrals",
                "questions": [
                  {
                    "question_no": 34,
                    "question_html": "<p>Using integration, find the area of the region enclosed between the circle x² + y² = 16 and the lines x = – 2 and x = 2.</p>",
                    "options": [],
                    "correct_answer": {
                      "text": "The area is (8√3 + 16π/3) square units. The required area is the area of the circle's vertical strip from x=-2 to x=2. From the circle equation, y = √(16-x²). The area is given by ∫₋₂² 2y dx = 2∫₋₂² √(16-x²) dx. Since the integrand is an even function, this is equal to 4∫₀² √(16-x²) dx. Using the standard integral formula ∫√(a²-x²)dx = (x/2)√(a²-x²) + (a²/2)sin⁻¹(x/a), with a=4: Area = 4 * [ (x/2)√(16-x²) + (16/2)sin⁻¹(x/4) ] from 0 to 2 = 4 * [ ( (2/2)√(16-4) + 8sin⁻¹(2/4) ) - 0 ] = 4 * [ √12 + 8sin⁻¹(1/2) ] = 4 * [ 2√3 + 8(π/6) ] = 8√3 + 16π/3."
                    },
                    "question_type": "Long Answer (5 marks)",
                    "difficulty_level": "medium",
                    "explanation_html": null
                  }
                ]
              },
              {
                "chapter_name": "Three Dimensional Geometry",
                "questions": [
                  {
                    "question_no": 35,
                    "question_html": "<p>(a) Find the equation of the line passing through the point of intersection of the lines x/1 = (y-1)/2 = (z-2)/3 and (x-1)/0 = y/(-3) = (z-7)/2 and perpendicular to these given lines.</p><p><b>OR</b></p><p>(b) Two vertices of the parallelogram ABCD are given as A(–1, 2, 1) and B(1, –2, 5). If the equation of the line passing through C and D is (x-4)/1 = (y+7)/(-2) = (z-8)/2, then find the distance between sides AB and CD. Hence, find the area of parallelogram ABCD.</p>",
                    "options": [],
                    "correct_answer": {
                      "text": "For (a): The equation of the line is (x-1)/13 = (y-3)/(-2) = (z-5)/(-3). For (b): The distance is √26/3 units and the area is 2√26 sq. units. Part (a): Find the intersection point by equating general points on both lines: (λ, 2λ+1, 3λ+2) and (1, -3μ, 2μ+7). Equating coordinates gives λ=1 and μ=-1. The intersection point is (1, 3, 5). The direction vector of the required line is perpendicular to both given lines, so it is the cross product of their direction vectors (1,2,3) and (0,-3,2). The cross product is (13, -2, -3). The line equation is (x-1)/13 = (y-3)/(-2) = (z-5)/(-3). Part (b): The direction vector of AB is (2,-4,4) or (1,-2,2). The direction vector of line CD is (1,-2,2). Since they are the same, AB is parallel to CD. The distance between these parallel lines is |(a₂⃗-a₁⃗)×b⃗|/|b⃗|, where a₁⃗ is point A, a₂⃗ is a point on line CD (e.g., (4,-7,8)), and b⃗ is the direction vector (1,-2,2). a₂⃗-a₁⃗ = (5,-9,7). (a₂⃗-a₁⃗)×b⃗ = (-4, -3, -1). Its magnitude is √26. |b⃗| = 3. Distance = √26/3. The area of the parallelogram is base × height. Base = |AB⃗| = √(2²+(-4)²+4²) = 6. Area = 6 * (√26/3) = 2√26."
                    },
                    "question_type": "Long Answer (5 marks)",
                    "difficulty_level": "hard",
                    "explanation_html": null
                  }
                ]
              },
              {
                "chapter_name": "Probability",
                "questions": [
                  {
                    "question_no": 36,
                    "question_html": "<p><b>Case Study – 1</b><br>Self-study helps students to build confidence in learning. It boosts the self-esteem of the learners. Recent surveys suggested that close to 50% learners were self-taught using internet resources and upskilled themselves.<br>A student may spend 1 hour to 6 hours a day in upskilling self. The probability distribution of the number of hours spent by a student is given below :<br>P(X = x) = \\(\\begin{cases} kx^2, & \\text{for } x = 1, 2, 3 \\\\ 2kx, & \\text{for } x = 4, 5, 6 \\\\ 0, & \\text{otherwise} \\end{cases}\\)<br>where x denotes the number of hours.<br>Based on the above information, answer the following questions :<br>(i) Express the probability distribution given above in the form of a probability distribution table.<br>(ii) Find the value of k.<br>(iii) (a) Find the mean number of hours spent by the student.<br><b>OR</b><br>(iii) (b) Find P(1 < X < 6).</p>",
                    "images": [
                      {
                        "url": "https://img.testbuddyai.com/Maths-65-3-24-Q36.png"
                      }
                    ],
                    "options": [],
                    "correct_answer": {
                      "text": "(i) See table. (ii) k = 1/44. (iii)(a) Mean = 95/22. (iii)(b) P(1<X<6) = 31/44. (i) The probability table is: X | 1 | 2 | 3 | 4 | 5 | 6, P(X) | k | 4k | 9k | 8k | 10k | 12k. (ii) The sum of all probabilities must be 1: k + 4k + 9k + 8k + 10k + 12k = 1 ⇒ 44k = 1 ⇒ k = 1/44. (iii)(a) The mean (E[X]) is Σxᵢpᵢ = 1(k) + 2(4k) + 3(9k) + 4(8k) + 5(10k) + 6(12k) = k(1+8+27+32+50+72) = 190k = 190/44 = 95/22. (iii)(b) P(1 < X < 6) = P(X=2) + P(X=3) + P(X=4) + P(X=5) = 4k + 9k + 8k + 10k = 31k = 31/44."
                    },
                    "question_type": "Case-based Subjective",
                    "difficulty_level": "medium",
                    "explanation_html": null
                  }
                ]
              },
              {
                "chapter_name": "Differential Equations",
                "questions": [
                  {
                    "question_no": 37,
                    "question_html": "<p><b>Case Study – 2</b><br>A bacteria sample of a certain number of bacteria is observed to grow exponentially in a given amount of time. Using exponential growth model, the rate of growth of this sample of bacteria is calculated.<br>The differential equation representing the growth of bacteria is given as : dP/dt = kP, where P is the population of bacteria at any time 't'.<br>Based on the above information, answer the following questions :<br>(i) Obtain the general solution of the given differential equation and express it as an exponential function of 't'.<br>(ii) If population of bacteria is 1000 at t = 0, and 2000 at t = 1, find the value of k.</p>",
                    "images": [
                      {
                        "url": "https://img.testbuddyai.com/Maths-65-3-24-Q37.png"
                      }
                    ],
                    "options": [],
                    "correct_answer": {
                      "text": "(i) P(t) = C * e^(kt). (ii) k = log(2). (i) The differential equation dP/dt = kP is a separable equation. We can write it as dP/P = k dt. Integrating both sides, we get ∫ dP/P = ∫ k dt, which gives ln(P) = kt + C₁, where C₁ is the constant of integration. To express P as an exponential function, we exponentiate both sides: P = e^(kt + C₁) = e^C₁ * e^(kt). Let C = e^C₁, so the general solution is P(t) = C * e^(kt). (ii) We are given two conditions: P(0) = 1000 and P(1) = 2000. Using the first condition with the general solution: 1000 = C * e^(k*0) = C * 1, so C = 1000. The solution becomes P(t) = 1000 * e^(kt). Now use the second condition: 2000 = 1000 * e^(k*1). Dividing by 1000 gives 2 = e^k. Taking the natural logarithm of both sides gives k = ln(2) or k = log(2)."
                    },
                    "question_type": "Case-based Subjective",
                    "difficulty_level": "medium",
                    "explanation_html": null
                  }
                ]
              },
              {
                "chapter_name": "Matrices",
                "questions": [
                  {
                    "question_no": 38,
                    "question_html": "<p><b>Case Study – 3</b><br>A scholarship is a sum of money provided to a student to help him or her pay for education. Some students are granted scholarships based on their academic achievements, while others are rewarded based on their financial needs.<br>Every year a school offers scholarships to girl children and meritorious achievers based on certain criteria. In the session 2022 – 23, the school offered monthly scholarship of ₹ 3,000 each to some girl students and ₹ 4,000 each to meritorious achievers in academics as well as sports.<br>In all, 50 students were given the scholarships and monthly expenditure incurred by the school on scholarships was ₹ 1,80,000.<br>Based on the above information, answer the following questions :<br>(i) Express the given information algebraically using matrices.<br>(ii) Check whether the system of matrix equations so obtained is consistent or not.<br>(iii) (a) Find the number of scholarships of each kind given by the school, using matrices.<br><b>OR</b><br>(iii) (b) Had the amount of scholarship given to each girl child and meritorious student been interchanged, what would be the monthly expenditure incurred by the school ?</p>",
                    "images": [
                      {
                        "url": "https://img.testbuddyai.com/Maths-65-3-24-Q38.png"
                      }
                    ],
                    "options": [],
                    "correct_answer": {
                      "text": "(i) See equations. (ii) The system is consistent. (iii)(a) 20 girl scholarships, 30 meritorious scholarships. (iii)(b) ₹ 1,70,000. (i) Let x be the number of girl scholarships and y be the number of meritorious scholarships. The equations are: x + y = 50 and 3000x + 4000y = 180000 (or 3x + 4y = 180). In matrix form: \\(\\begin{bmatrix} 1 & 1 \\\\ 3 & 4 \\end{bmatrix}\\) \\(\\begin{bmatrix} x \\\\ y \\end{bmatrix}\\) = \\(\\begin{bmatrix} 50 \\\\ 180 \\end{bmatrix}\\). (ii) The system is consistent if the determinant of the coefficient matrix is non-zero. Let A = \\(\\begin{bmatrix} 1 & 1 \\\\ 3 & 4 \\end{bmatrix}\\). |A| = (1)(4) - (1)(3) = 1. Since |A| ≠ 0, the system is consistent. (iii)(a) We solve for x and y using X = A⁻¹B. A⁻¹ = (1/|A|) * adj(A) = 1 * \\(\\begin{bmatrix} 4 & -1 \\\\ -3 & 1 \\end{bmatrix}\\). So, \\(\\begin{bmatrix} x \\\\ y \\end{bmatrix}\\) = \\(\\begin{bmatrix} 4 & -1 \\\\ -3 & 1 \\end{bmatrix}\\) \\(\\begin{bmatrix} 50 \\\\ 180 \\end{bmatrix}\\) = \\(\\begin{bmatrix} 200-180 \\\\ -150+180 \\end{bmatrix}\\) = \\(\\begin{bmatrix} 20 \\\\ 30 \\end{bmatrix}\\). Thus, x=20 and y=30. (iii)(b) If amounts were interchanged, the new expenditure would be 4000x + 3000y = 4000(20) + 3000(30) = 80000 + 90000 = 170000."
                    },
                    "question_type": "Case-based Subjective",
                    "difficulty_level": "medium",
                    "explanation_html": null
                  }
                ]
              }
            ]
          }
        ]
      }
    ]
  }
]