[
  {
    "exam_name_actual": "CBSE Board - Class 12 - Science",
    "main_exam_id_name_ref": "CBSE Board - Class 12 - Science",
    "years": [
      {
        "year": "2022",
        "papers_or_subjects": [
          {
            "paper_name": "CBSE Class 12 Science (Biology) Paper 2022 (QP Code: 57/3/1)",
            "subject_name": "Biology",
            "chapters": [
              {
                "chapter_name": "Human Health and Disease",
                "questions": [
                  {
                    "question_no": 1,
                    "question_html": "<p>A boy developed some allergic reactions when he straight entered into his air conditioned room after a game of football outside his house. Write any two symptoms that could be noticed in such condition. How does our body combat such conditions?</p>",
                    "options": [],
                    "correct_answer": {
                      "text": "<p><strong>Two Symptoms:</strong> Sneezing, watery eyes, running nose, difficulty in breathing (any two).<br><br><strong>How the body combats:</strong> The body's immune system shows an exaggerated response to certain allergens present in the environment. It produces IgE type antibodies. These antibodies cause mast cells to release chemicals like histamine and serotonin, which lead to the allergic symptoms.</p>"
                    },
                    "question_type": "Very Short Answer (2 marks)",
                    "difficulty_level": "medium",
                    "explanation_html": null
                  }
                ]
              },
              {
                "chapter_name": "Human Health and Disease",
                "questions": [
                  {
                    "question_no": 2,
                    "question_html": "<p>(a) (i) Write the Scientific name of the plant from where natural cannabinoids are obtained.<br>(ii) Mention the parts of the plant that are used for extracting the drug.<br>(iii) How does the drug affect human body?<br>OR<br>(b) Epithelial lining of our intestine is considered as secondary lymphoid organ. Justify the statement.</p>",
                    "options": [],
                    "correct_answer": {
                      "text": "<p><strong>(a)</strong><br><strong>(i) Scientific Name:</strong> <em>Cannabis sativa</em>.<br><strong>(ii) Parts Used:</strong> Flower tops (inflorescences), leaves, and the resin of the plant.<br><strong>(iii) Effect on Body:</strong> Cannabinoids primarily affect the cardiovascular system.<br><br><strong>OR</strong><br><br><strong>(b)</strong> The epithelial lining of the intestine contains lymphoid tissues known as Mucosa-Associated Lymphoid Tissue (MALT). MALT constitutes about 50 percent of the lymphoid tissue in the human body. These tissues are sites where lymphocytes can interact with antigens that enter the body through the gut. After interaction, the lymphocytes can proliferate and differentiate to become effector cells to fight the pathogen. Because it is a site of lymphocyte activation and proliferation (not maturation), it is considered a secondary lymphoid organ.</p>"
                    },
                    "question_type": "Very Short Answer (2 marks)",
                    "difficulty_level": "medium",
                    "explanation_html": null
                  }
                ]
              },
              {
                "chapter_name": "Microbes in Human Welfare",
                "questions": [
                  {
                    "question_no": 3,
                    "question_html": "<p>Farmers are often suggested to use the following organisms in their crop land so as to improve the soil fertility.<br>(i) Rhizobium (ii) Anabaena<br>Explain.</p>",
                    "options": [],
                    "correct_answer": {
                      "text": "<p>These microorganisms are used as biofertilizers to improve soil fertility:<br><strong>(i) Rhizobium:</strong> This bacterium forms a symbiotic association with the roots of leguminous plants, forming root nodules. Within these nodules, Rhizobium can convert atmospheric nitrogen into organic forms (like ammonia), which the plant can use as a nutrient. This process is called nitrogen fixation.<br><strong>(ii) Anabaena:</strong> This is a cyanobacterium (blue-green alga) that can also fix atmospheric nitrogen. It can live freely in aquatic and terrestrial environments or in a symbiotic relationship with certain plants (like the water fern Azolla). It is often used in paddy fields to increase soil fertility and crop yield.</p>"
                    },
                    "question_type": "Very Short Answer (2 marks)",
                    "difficulty_level": "medium",
                    "explanation_html": null
                  }
                ]
              },
              {
                "chapter_name": "Microbes in Human Welfare",
                "questions": [
                  {
                    "question_no": 4,
                    "question_html": "<p>Organic farmer use Trichoderma and Baculovirus as biological control agents. Explain.</p>",
                    "options": [],
                    "correct_answer": {
                      "text": "<p><strong>Trichoderma:</strong> <em>Trichoderma</em> species are free-living fungi that are very common in root ecosystems. They are effective biocontrol agents for several plant pathogens. They control plant diseases by competing with pathogens for space and nutrients, and by producing substances that inhibit or kill the pathogens.<br><br><strong>Baculovirus:</strong> Baculoviruses are pathogens that attack insects and other arthropods. The majority of baculoviruses used as biocontrol agents are from the genus <em>Nucleopolyhedrovirus</em>. These viruses are excellent candidates for species-specific, narrow-spectrum insecticidal applications. They have no negative impacts on plants, mammals, birds, fish, or even on non-target beneficial insects, making them ideal for use in Integrated Pest Management (IPM) programs.</p>"
                    },
                    "question_type": "Very Short Answer (2 marks)",
                    "difficulty_level": "medium",
                    "explanation_html": null
                  }
                ]
              },
              {
                "chapter_name": "Organisms and Populations",
                "questions": [
                  {
                    "question_no": 5,
                    "question_html": "<p>Mammals are capable of maintaining homeostasis. But, very few smaller animals can survive in polar regions. Give reasons.</p>",
                    "options": [],
                    "correct_answer": {
                      "text": "<p>Heat loss or heat gain is a function of surface area. Smaller animals have a larger surface area relative to their volume compared to larger animals. Because of this, they tend to lose body heat very rapidly when the outside temperature is cold, as in polar regions. To maintain a constant body temperature (homeostasis), they would need to expend a large amount of energy through metabolism to generate heat. This high metabolic cost makes it difficult for very small animals to survive in extremely cold climates.</p>"
                    },
                    "question_type": "Very Short Answer (2 marks)",
                    "difficulty_level": "medium",
                    "explanation_html": null
                  }
                ]
              },
              {
                "chapter_name": "Organisms and Populations",
                "questions": [
                  {
                    "question_no": 6,
                    "question_html": "<p>(a) Observe the schematic representation given above and answer the following questions:<br>(i) Identify A and B.<br>(ii) Calculate the growth rate of bacteria in a curd sample, where 1 million bacteria increased to two million, within a period of one hour.<br>OR<br>(b) Identify the type of pyramid given above. Write the identifying feature on the basis of which you identified it.</p>",
                    "images": [
                      {
                        "url": "https://img.testbuddyai.com/Biology-57-3-22-Q6a.png"
                      },
                      {
                        "url": "https://img.testbuddyai.com/Biology-57-3-22-Q6a.png"
                      }
                    ],
                    "options": [],
                    "correct_answer": {
                      "text": "<p><strong>(a)</strong><br><strong>(i)</strong> A represents <strong>Natality</strong> (the number of births in a population during a given period). B represents <strong>Mortality</strong> (the number of deaths in a population during a given period).<br><strong>(ii)</strong> The growth rate is the change in population size per individual per unit time.<br>Initial population (N<sub>0</sub>) = 1 million<br>Final population (N<sub>t</sub>) = 2 million<br>Change in population (dN) = N<sub>t</sub> - N<sub>0</sub> = 2 million - 1 million = 1 million<br>Time (dt) = 1 hour<br>Per capita growth rate (r) = dN / (N<sub>0</sub> * dt) = 1 million / (1 million * 1 hour) = <strong>1 bacterium per bacterium per hour</strong>.<br><br><strong>OR</strong><br><br><strong>(b)</strong><br><strong>Type of pyramid:</strong> Expanding Age Pyramid.<br><strong>Identifying feature:</strong> The pyramid has a broad base and tapers towards the apex. This indicates that the number of individuals in the pre-reproductive age group is significantly larger than the number of individuals in the reproductive and post-reproductive age groups. This signifies a high birth rate and a rapidly growing population.</p>"
                    },
                    "question_type": "Very Short Answer (2 marks)",
                    "difficulty_level": "medium",
                    "explanation_html": null
                  }
                ]
              },
              {
                "chapter_name": "Human Health and Disease",
                "questions": [
                  {
                    "question_no": 7,
                    "question_html": "<p>(a) Write the complete name of the diagnostic test for AIDS. Explain the principle it works on.<br>(b) Name the type of genetic material present in AIDS causing pathogen.</p>",
                    "options": [],
                    "correct_answer": {
                      "text": "<p><strong>(a) Name of test:</strong> ELISA - Enzyme-Linked Immunosorbent Assay.<br><strong>Principle:</strong> The test is based on the principle of antigen-antibody interaction. It can be used to detect the presence of HIV antigens or, more commonly, to detect the specific antibodies produced by the body against the HIV pathogen. The presence of these antibodies indicates an infection.<br><br><strong>(b) Genetic material:</strong> The genetic material is RNA. Specifically, the Human Immunodeficiency Virus (HIV) is a retrovirus that contains two molecules of single-stranded RNA.</p>"
                    },
                    "question_type": "Short Answer (3 marks)",
                    "difficulty_level": "medium",
                    "explanation_html": null
                  }
                ]
              },
              {
                "chapter_name": "Human Health and Disease",
                "questions": [
                  {
                    "question_no": 8,
                    "question_html": "<p>A patient complains of suffering from constipation, stomach ache, stool with blood clots and excess mucous. The physician diagnosed it as amoebiasis, after stool test.<br>(a) Write the scientific name of the microbe identified in the stool sample.<br>(b) How do you think, the patient must have contracted it ?<br>(c) Write your suggestions to the patient to avoid infection in future.</p>",
                    "options": [],
                    "correct_answer": {
                      "text": "<p><strong>(a) Scientific Name:</strong> <em>Entamoeba histolytica</em>.<br><br><strong>(b) Mode of Contraction:</strong> The patient likely contracted the infection by ingesting cysts of the parasite through contaminated food or water. Houseflies can act as mechanical carriers, transferring the parasite from the faeces of an infected person to food items.<br><br><strong>(c) Suggestions for Prevention:</strong><br>1. Drink clean, boiled, or properly filtered water.<br>2. Thoroughly wash fruits and vegetables before eating them.<br>3. Practice good personal hygiene, including washing hands with soap before meals and after using the toilet.</p>"
                    },
                    "question_type": "Short Answer (3 marks)",
                    "difficulty_level": "medium",
                    "explanation_html": null
                  }
                ]
              },
              {
                "chapter_name": "Biotechnology and its Applications",
                "questions": [
                  {
                    "question_no": 9,
                    "question_html": "<p>What are cry-proteins ? With the help of a suitable example, explain how it acts as a biological pesticide.</p>",
                    "options": [],
                    "correct_answer": {
                      "text": "<p><strong>Cry-proteins:</strong> These are toxic insecticidal crystal proteins produced by specific genes (called cry genes) of the bacterium <em>Bacillus thuringiensis</em>.<br><br><strong>Mechanism as a biological pesticide:</strong><br><em>Bacillus thuringiensis</em> produces these proteins as inactive protoxins. When an insect, such as the cotton bollworm, ingests a plant that contains the cry-protein (e.g., Bt cotton), the alkaline pH of the insect's midgut solubilizes the protein crystals and activates the protoxin. The active toxin then binds to the surface of the midgut epithelial cells, creating pores. This causes cell swelling and lysis, which disrupts the digestive system and ultimately kills the insect pest.</p>"
                    },
                    "question_type": "Short Answer (3 marks)",
                    "difficulty_level": "medium",
                    "explanation_html": null
                  }
                ]
              },
              {
                "chapter_name": "Biodiversity and Conservation",
                "questions": [
                  {
                    "question_no": 10,
                    "question_html": "<p>(a) Write the inference drawn by Alexander von Humboldt after his extensive explorations of South Americal jungle.<br>(b) Study the graph given below :<br>As per Alexander von Humboldt, what do the symbols S, A, Z and C in the graph stand for, in respect of a species and area relationship ?</p>",
                    "images": [
                      {
                        "url": "https://img.testbuddyai.com/Biology-57-3-22-Q10b.png"
                      }
                    ],
                    "options": [],
                    "correct_answer": {
                      "text": "<p><strong>(a) Inference:</strong> Alexander von Humboldt observed that within a region, species richness increased with increasing explored area, but only up to a certain limit.<br><br><strong>(b) Symbols in the Species-Area Relationship:</strong><br>- <strong>S</strong> = Species richness<br>- <strong>A</strong> = Area<br>- <strong>Z</strong> = Slope of the line (regression coefficient)<br>- <strong>C</strong> = Y-intercept</p>"
                    },
                    "question_type": "Short Answer (3 marks)",
                    "difficulty_level": "medium",
                    "explanation_html": null
                  }
                ]
              },
              {
                "chapter_name": "Biodiversity and Conservation",
                "questions": [
                  {
                    "question_no": 11,
                    "question_html": "<p>(a) Explain the concept of “co-extinction” by taking two examples.<br>OR<br>(b) \"Forests provide intangible benefits to us.\" Explain by taking three different areas, how.</p>",
                    "options": [],
                    "correct_answer": {
                      "text": "<p><strong>(a) Co-extinction:</strong> This concept describes a situation where the extinction of one species leads to the extinction of another species that is associated with it in an obligatory manner. When the survival of one species is tightly linked to another, the disappearance of one inevitably dooms the other.<br><strong>Examples:</strong><br>1. If a host fish species becomes extinct, the parasites that are exclusively dependent on it will also face extinction.<br>2. In a co-evolved plant-pollinator mutualism, the extinction of the pollinator (e.g., a specific bee) will lead to the extinction of the plant that it exclusively pollinates.<br><br><strong>OR</strong><br><br><strong>(b) Intangible benefits from forests:</strong><br>1. <strong>Ecosystem Services:</strong> Forests are crucial for producing the oxygen we breathe and for pollination of our crops by providing habitats for pollinators. These are services essential for life on Earth.<br>2. <strong>Aesthetic and Cultural Value:</strong> Forests provide immense aesthetic pleasure through activities like hiking, bird watching, and simply experiencing nature. They hold deep cultural and spiritual significance for many communities around the world.<br>3. <strong>Ethical Value:</strong> There is an ethical argument that we have a moral responsibility to protect forests and the millions of species they harbor. Every species has an intrinsic value, and we owe it to future generations to conserve this biodiversity.</p>"
                    },
                    "question_type": "Short Answer (3 marks)",
                    "difficulty_level": "medium",
                    "explanation_html": null
                  }
                ]
              },
              {
                "chapter_name": "Biotechnology : Principles and Processes",
                "questions": [
                  {
                    "question_no": 12,
                    "question_html": "<p>(a) Given below is the stepwise schematic representation of the process of electrophoresis. Identify the 'alphabets' representing (i) Anode end (ii) smallest/lightest DNA strand in the matrix (iii) Agarose gel<br>(b) What is elution ? State the importance of elution in this process.</p>",
                    "images": [
                      {
                        "url": "https://img.testbuddyai.com/Biology-57-3-22-Q12a.png"
                      }
                    ],
                    "options": [],
                    "correct_answer": {
                      "text": "<p><strong>(a) Identification of Alphabets:</strong><br>(i) <strong>Anode end:</strong> S (The end to which the negatively charged DNA moves).<br>(ii) <strong>Smallest/lightest DNA strand:</strong> R (This band has moved the farthest from the well because smaller fragments move faster).<br>(iii) <strong>Agarose gel:</strong> T (This represents the matrix through which the DNA fragments migrate).<br><br><strong>(b) Elution:</strong> Elution is the process of cutting out the separated bands of DNA from the agarose gel and extracting the DNA from that gel piece.<br><strong>Importance:</strong> This process is important for purifying specific DNA fragments of interest. The purified DNA can then be used for various downstream applications, such as constructing recombinant DNA molecules for cloning or sequencing.</p>"
                    },
                    "question_type": "Short Answer (3 marks)",
                    "difficulty_level": "medium",
                    "explanation_html": null
                  }
                ]
              },
              {
                "chapter_name": "Biotechnology : Principles and Processes",
                "questions": [
                  {
                    "question_no": 13,
                    "question_html": "<p>(a) Read the paragraph given below and answer the questions that follow :<br>Enzyme Taq polymerase, is extracted from a eubacterial microorganism <em>Thermus aquaticus</em> from Yellowstone National Park in Montana, USA and isolated by Chien et al. (1976). Taq polymerase successfully replaced the DNA polymerase from E.coli that was being used in PCR earlier and this shift revolutionised the PCR technique.<br>(i) Taq polymerase after its discovery replaced E.coli DNA polymerase in PCR technique. Explain giving reasons why was the need felt for the change?<br>(ii) What is a primer and its importance in PCR ?<br>(iii) Write the importance of PCR as a diagnostic tool.<br>OR<br>(b) Read the following paragraph and answer the questions that follow :<br>Biotechnology revolves around the “gene of interest\", with an objective to open various avenues for human welfare in health, medicine, pharma, agriculture etc. using different techniques, tools and processes. One of the breakthroughs of biotechnology in medicine is the gene therapy.<br>(i) Name the human disease for which the gene therapy was used for the first time.<br>(ii) Explain the steps of gene therapy carried to cure the disease using the lymphocytes of the patient. Why is this therapy not a permanent cure of the disease?<br>(iii) Write the possible permanent cure of the disease by the gene therapy that is in progress.</p>",
                    "options": [],
                    "correct_answer": {
                      "text": "<p><strong>(a)</strong><br><strong>(i) Need for change:</strong> The PCR process involves a step of heating the DNA to a high temperature (denaturation) to separate the strands. The DNA polymerase from <em>E. coli</em> is not thermostable and becomes inactive at this high temperature. This meant that fresh enzyme had to be added during every cycle. In contrast, Taq polymerase is thermostable and remains active at high temperatures, thus eliminating the need for repeated addition of the enzyme and allowing the process to be automated.<br><strong>(ii) Primer and its Importance:</strong> A primer is a small, chemically synthesised oligonucleotide that is complementary to a specific region on the genomic DNA strand. Its importance in PCR is to provide a starting point (a free 3'-OH end) for the DNA polymerase to begin the synthesis of the new complementary DNA strand.<br><strong>(iii) Importance as a diagnostic tool:</strong> PCR can amplify very low concentrations of DNA from a pathogen (like a virus or bacterium) to a level where it can be easily detected. This allows for the early detection of diseases, even before the symptoms appear or when the pathogen concentration is too low to be detected by other methods.<br><br><strong>OR</strong><br><br><strong>(b)</strong><br><strong>(i) Human Disease:</strong> Adenosine Deaminase (ADA) Deficiency.<br><strong>(ii) Steps and reason for not being permanent:</strong> The gene therapy involves isolating lymphocytes from the patient's blood and growing them in a culture. A functional ADA cDNA (complementary DNA) is then introduced into these lymphocytes using a retroviral vector. The genetically modified lymphocytes are then injected back into the patient. This therapy is not a permanent cure because lymphocytes are mortal cells (they have a limited lifespan). Therefore, the patient requires periodic infusions of these genetically engineered cells to maintain the therapeutic effect.<br><strong>(iii) Possible Permanent Cure:</strong> A possible permanent cure would involve introducing the functional ADA gene into cells at an early embryonic stage. Another potential permanent cure, which is under research, is to isolate hematopoietic stem cells from the patient's bone marrow, introduce the functional gene into these cells, and then reintroduce them into the patient. Since stem cells are long-lived and self-renewing, this could provide a lasting cure.</p>"
                    },
                    "question_type": "Case-based Subjective",
                    "difficulty_level": "hard",
                    "explanation_html": null
                  }
                ]
              }
            ]
          }
        ]
      }
    ]
  }
]